{"ENV_Train_TotalLoss": 378.6475556626087, "ENV_Train_TotalLoss_epoch0": 1021.2130355538602, "ENV_Train_Right action": 0.9291994576384909, "ENV_Train_Right action_epoch0": 0.789361137122811, "ENV_Train_Probability to choose the right action": 0.8982266320572625, "ENV_Train_Probability to choose the right action_epoch0": 0.7074611386155205, "ENV_Train_Weighted right action": 0.9291994576384909, "ENV_Train_Weighted right action_epoch0": 0.789361137122811, "ENV_Train_Weighted probability to choose the right action:": 0.8982266320572625, "ENV_Train_Weighted probability to choose the right action:_epoch0": 0.7074611386155205, "_timestamp": 1720466026.2796082, "_runtime": 2330.4234261512756, "_step": 49, "ENV_Test_TotalLoss": 489.52345128522506, "ENV_Test_TotalLoss_epoch0": 214.82435946644046, "ENV_Test_Right action": 0.79168, "ENV_Test_Right action_epoch0": 0.799552, "ENV_Test_Probability to choose the right action": 0.7823346161526987, "ENV_Test_Probability to choose the right action_epoch0": 0.7425355903778603, "ENV_Test_Weighted right action": 0.8158585208797586, "ENV_Test_Weighted right action_epoch0": 0.8339852379216695, "ENV_Test_Weighted probability to choose the right action:": 0.8069440862279498, "ENV_Test_Weighted probability to choose the right action:_epoch0": 0.7715264199006547, "ENV_Test_proba_accuracy": 0.7823346161526987, "ENV_Test_proba_accuracy_epoch0": 0.74253559037786, "ENV_Test_proba_accuracy_strategy_132": 0.8250947685724149, "ENV_Test_proba_accuracy_strategy_132_epoch0": 0.7859196979190245, "ENV_Test_proba_accuracy_strategy_23": 0.7911951864465839, "ENV_Test_proba_accuracy_strategy_23_epoch0": 0.7456175930565501, "ENV_Test_proba_accuracy_strategy_107": 0.8305770205615218, "ENV_Test_proba_accuracy_strategy_107_epoch0": 0.7860993817346719, "ENV_Test_proba_accuracy_strategy_43": 0.7709233606153011, "ENV_Test_proba_accuracy_strategy_43_epoch0": 0.7372411473689133, "ENV_Test_proba_accuracy_strategy_17": 0.752139927471471, "ENV_Test_proba_accuracy_strategy_17_epoch0": 0.7166111710114071, "ENV_Test_proba_accuracy_strategy_93": 0.7743376832109379, "ENV_Test_proba_accuracy_strategy_93_epoch0": 0.7429236602970121, "ENV_Test_proba_accuracy_per_mean_strategy": 0.7907113244797052, "ENV_Test_proba_accuracy_per_mean_strategy_epoch0": 0.7524021085645964, "ENV_Test_proba_accuracy_per_mean_user": 0.7915509948769996, "ENV_Test_proba_accuracy_per_mean_user_epoch0": 0.7531713984658285, "ENV_Test_proba_accuracy_per_mean_user_and_bot": 0.8069440862279496, "ENV_Test_proba_accuracy_per_mean_user_and_bot_epoch0": 0.7715264199006553, "ENV_Test_accuracy": 0.79168, "ENV_Test_accuracy_epoch0": 0.799552, "ENV_Test_accuracy_strategy_132": 0.8351274787535411, "ENV_Test_accuracy_strategy_132_epoch0": 0.8430594900849858, "ENV_Test_accuracy_strategy_23": 0.7996445306188399, "ENV_Test_accuracy_strategy_23_epoch0": 0.8038455323961868, "ENV_Test_accuracy_strategy_107": 0.8341543513957307, "ENV_Test_accuracy_strategy_107_epoch0": 0.8587848932676518, "ENV_Test_accuracy_strategy_43": 0.7888040712468194, "ENV_Test_accuracy_strategy_43_epoch0": 0.8034351145038168, "ENV_Test_accuracy_strategy_17": 0.7611161524500908, "ENV_Test_accuracy_strategy_17_epoch0": 0.7642921960072595, "ENV_Test_accuracy_strategy_93": 0.7800369685767098, "ENV_Test_accuracy_strategy_93_epoch0": 0.8086876155268022, "ENV_Test_accuracy_per_mean_strategy": 0.7998139255069553, "ENV_Test_accuracy_per_mean_strategy_epoch0": 0.8136841402977839, "ENV_Test_accuracy_per_mean_user": 0.8005097722264196, "ENV_Test_accuracy_per_mean_user_epoch0": 0.8118942402710995, "ENV_Test_accuracy_per_mean_user_and_bot": 0.8158585208797597, "ENV_Test_accuracy_per_mean_user_and_bot_epoch0": 0.8339852379216698, "ENV_Train_TotalLoss_epoch1": 904.0729471711603, "ENV_Train_Right action_epoch1": 0.8133096692147519, "ENV_Train_Probability to choose the right action_epoch1": 0.7432949634261595, "ENV_Train_Weighted right action_epoch1": 0.8133096692147519, "ENV_Train_Weighted probability to choose the right action:_epoch1": 0.7432949634261595, "ENV_Test_TotalLoss_epoch1": 203.23315237507322, "ENV_Test_Right action_epoch1": 0.809152, "ENV_Test_Probability to choose the right action_epoch1": 0.7576505135294459, "ENV_Test_Weighted right action_epoch1": 0.8419035149501993, "ENV_Test_Weighted probability to choose the right action:_epoch1": 0.7839080768805562, "ENV_Test_proba_accuracy_epoch1": 0.757650513529446, "ENV_Test_proba_accuracy_strategy_132_epoch1": 0.7967785664667889, "ENV_Test_proba_accuracy_strategy_23_epoch1": 0.7634470370479726, "ENV_Test_proba_accuracy_strategy_107_epoch1": 0.8136130644396518, "ENV_Test_proba_accuracy_strategy_43_epoch1": 0.7467461947592993, "ENV_Test_proba_accuracy_strategy_17_epoch1": 0.7299178134056273, "ENV_Test_proba_accuracy_strategy_93_epoch1": 0.7579928797564099, "ENV_Test_proba_accuracy_per_mean_strategy_epoch1": 0.7680825926459582, "ENV_Test_proba_accuracy_per_mean_user_epoch1": 0.7667884977235205, "ENV_Test_proba_accuracy_per_mean_user_and_bot_epoch1": 0.7839080768805562, "ENV_Test_accuracy_epoch1": 0.809152, "ENV_Test_accuracy_strategy_132_epoch1": 0.8583569405099151, "ENV_Test_accuracy_strategy_23_epoch1": 0.8125706899337535, "ENV_Test_accuracy_strategy_107_epoch1": 0.8571428571428571, "ENV_Test_accuracy_strategy_43_epoch1": 0.7989821882951654, "ENV_Test_accuracy_strategy_17_epoch1": 0.7776769509981851, "ENV_Test_accuracy_strategy_93_epoch1": 0.8253234750462107, "ENV_Test_accuracy_per_mean_strategy_epoch1": 0.8216755169876812, "ENV_Test_accuracy_per_mean_user_epoch1": 0.8212422571897874, "ENV_Test_accuracy_per_mean_user_and_bot_epoch1": 0.8419035149501986, "ENV_Train_TotalLoss_epoch2": 862.7306444834503, "ENV_Train_Right action_epoch2": 0.8215643520071564, "ENV_Train_Probability to choose the right action_epoch2": 0.7550973197045588, "ENV_Train_Weighted right action_epoch2": 0.8215643520071564, "ENV_Train_Weighted probability to choose the right action:_epoch2": 0.7550973197045588, "ENV_Test_TotalLoss_epoch2": 205.94589846301744, "ENV_Test_Right action_epoch2": 0.808192, "ENV_Test_Probability to choose the right action_epoch2": 0.7594656511707848, "ENV_Test_Weighted right action_epoch2": 0.8445029012202353, "ENV_Test_Weighted probability to choose the right action:_epoch2": 0.7926579639954853, "ENV_Test_proba_accuracy_epoch2": 0.7594656511707844, "ENV_Test_proba_accuracy_strategy_132_epoch2": 0.8098660618927369, "ENV_Test_proba_accuracy_strategy_23_epoch2": 0.7607471690583557, "ENV_Test_proba_accuracy_strategy_107_epoch2": 0.8187287588348534, "ENV_Test_proba_accuracy_strategy_43_epoch2": 0.7554289432935252, "ENV_Test_proba_accuracy_strategy_17_epoch2": 0.7308782296597043, "ENV_Test_proba_accuracy_strategy_93_epoch2": 0.7588924414721224, "ENV_Test_proba_accuracy_per_mean_strategy_epoch2": 0.7724236007018829, "ENV_Test_proba_accuracy_per_mean_user_epoch2": 0.772082301565074, "ENV_Test_proba_accuracy_per_mean_user_and_bot_epoch2": 0.7926579639954855, "ENV_Test_accuracy_epoch2": 0.808192, "ENV_Test_accuracy_strategy_132_epoch2": 0.8577903682719547, "ENV_Test_accuracy_strategy_23_epoch2": 0.8096623040878979, "ENV_Test_accuracy_strategy_107_epoch2": 0.8702791461412152, "ENV_Test_accuracy_strategy_43_epoch2": 0.8123409669211196, "ENV_Test_accuracy_strategy_17_epoch2": 0.7754083484573503, "ENV_Test_accuracy_strategy_93_epoch2": 0.8114602587800369, "ENV_Test_accuracy_per_mean_strategy_epoch2": 0.8228235654432624, "ENV_Test_accuracy_per_mean_user_epoch2": 0.8217263323761362, "ENV_Test_accuracy_per_mean_user_and_bot_epoch2": 0.8445029012202357, "ENV_Train_TotalLoss_epoch3": 822.8673515390861, "ENV_Train_Right action_epoch3": 0.8308918087783058, "ENV_Train_Probability to choose the right action_epoch3": 0.7658924112735006, "ENV_Train_Weighted right action_epoch3": 0.8308918087783058, "ENV_Train_Weighted probability to choose the right action:_epoch3": 0.7658924112735006, "ENV_Test_TotalLoss_epoch3": 206.43242947867483, "ENV_Test_Right action_epoch3": 0.809088, "ENV_Test_Probability to choose the right action_epoch3": 0.7661329299523473, "ENV_Test_Weighted right action_epoch3": 0.8429872940917764, "ENV_Test_Weighted probability to choose the right action:_epoch3": 0.7981033020709623, "ENV_Test_proba_accuracy_epoch3": 0.7661329299523474, "ENV_Test_proba_accuracy_strategy_132_epoch3": 0.8120140503890365, "ENV_Test_proba_accuracy_strategy_23_epoch3": 0.7692220694731147, "ENV_Test_proba_accuracy_strategy_107_epoch3": 0.829151111031728, "ENV_Test_proba_accuracy_strategy_43_epoch3": 0.7611935094452283, "ENV_Test_proba_accuracy_strategy_17_epoch3": 0.7368899859668586, "ENV_Test_proba_accuracy_strategy_93_epoch3": 0.7644607781807183, "ENV_Test_proba_accuracy_per_mean_strategy_epoch3": 0.7788219174144474, "ENV_Test_proba_accuracy_per_mean_user_epoch3": 0.7787733285363058, "ENV_Test_proba_accuracy_per_mean_user_and_bot_epoch3": 0.7981033020709617, "ENV_Test_accuracy_epoch3": 0.809088, "ENV_Test_accuracy_strategy_132_epoch3": 0.8430594900849858, "ENV_Test_accuracy_strategy_23_epoch3": 0.8172564226854095, "ENV_Test_accuracy_strategy_107_epoch3": 0.8768472906403941, "ENV_Test_accuracy_strategy_43_epoch3": 0.8008905852417303, "ENV_Test_accuracy_strategy_17_epoch3": 0.7769963702359347, "ENV_Test_accuracy_strategy_93_epoch3": 0.8114602587800369, "ENV_Test_accuracy_per_mean_strategy_epoch3": 0.8210850696114153, "ENV_Test_accuracy_per_mean_user_epoch3": 0.8239898447516941, "ENV_Test_accuracy_per_mean_user_and_bot_epoch3": 0.8429872940917768, "ENV_Train_TotalLoss_epoch4": 797.2822111520746, "ENV_Train_Right action_epoch4": 0.8374592879408435, "ENV_Train_Probability to choose the right action_epoch4": 0.77441915034088, "ENV_Train_Weighted right action_epoch4": 0.8374592879408435, "ENV_Train_Weighted probability to choose the right action:_epoch4": 0.77441915034088, "ENV_Test_TotalLoss_epoch4": 208.80992251986603, "ENV_Test_Right action_epoch4": 0.8144, "ENV_Test_Probability to choose the right action_epoch4": 0.7605892100432091, "ENV_Test_Weighted right action_epoch4": 0.8457827877613376, "ENV_Test_Weighted probability to choose the right action:_epoch4": 0.7897332482774818, "ENV_Test_proba_accuracy_epoch4": 0.7605892100432082, "ENV_Test_proba_accuracy_strategy_132_epoch4": 0.8034170847142053, "ENV_Test_proba_accuracy_strategy_23_epoch4": 0.7650321308927195, "ENV_Test_proba_accuracy_strategy_107_epoch4": 0.8171745742093535, "ENV_Test_proba_accuracy_strategy_43_epoch4": 0.7530142082234971, "ENV_Test_proba_accuracy_strategy_17_epoch4": 0.7324547984909985, "ENV_Test_proba_accuracy_strategy_93_epoch4": 0.7590877925511623, "ENV_Test_proba_accuracy_per_mean_strategy_epoch4": 0.7716967648469892, "ENV_Test_proba_accuracy_per_mean_user_epoch4": 0.7721350328991777, "ENV_Test_proba_accuracy_per_mean_user_and_bot_epoch4": 0.7897332482774815, "ENV_Test_accuracy_epoch4": 0.8144, "ENV_Test_accuracy_strategy_132_epoch4": 0.8526912181303116, "ENV_Test_accuracy_strategy_23_epoch4": 0.8201648085312652, "ENV_Test_accuracy_strategy_107_epoch4": 0.8801313628899836, "ENV_Test_accuracy_strategy_43_epoch4": 0.8021628498727735, "ENV_Test_accuracy_strategy_17_epoch4": 0.7838021778584392, "ENV_Test_accuracy_strategy_93_epoch4": 0.8243992606284658, "ENV_Test_accuracy_per_mean_strategy_epoch4": 0.8272252796518731, "ENV_Test_accuracy_per_mean_user_epoch4": 0.826498540945788, "ENV_Test_accuracy_per_mean_user_and_bot_epoch4": 0.845782787761338, "ENV_Train_TotalLoss_epoch5": 764.5936128585744, "ENV_Train_Right action_epoch5": 0.8440872239306682, "ENV_Train_Probability to choose the right action_epoch5": 0.7838848426351513, "ENV_Train_Weighted right action_epoch5": 0.8440872239306682, "ENV_Train_Weighted probability to choose the right action:_epoch5": 0.7838848426351513, "ENV_Test_TotalLoss_epoch5": 229.70370752825113, "ENV_Test_Right action_epoch5": 0.80992, "ENV_Test_Probability to choose the right action_epoch5": 0.780983907890722, "ENV_Test_Weighted right action_epoch5": 0.840198032707881, "ENV_Test_Weighted probability to choose the right action:_epoch5": 0.8104072609577474, "ENV_Test_proba_accuracy_epoch5": 0.7809839078907228, "ENV_Test_proba_accuracy_strategy_132_epoch5": 0.82302712418142, "ENV_Test_proba_accuracy_strategy_23_epoch5": 0.7858521979119254, "ENV_Test_proba_accuracy_strategy_107_epoch5": 0.8354525974918581, "ENV_Test_proba_accuracy_strategy_43_epoch5": 0.7705852308960726, "ENV_Test_proba_accuracy_strategy_17_epoch5": 0.7519226473662196, "ENV_Test_proba_accuracy_strategy_93_epoch5": 0.7873990659001558, "ENV_Test_proba_accuracy_per_mean_strategy_epoch5": 0.792373143957942, "ENV_Test_proba_accuracy_per_mean_user_epoch5": 0.7927075887168092, "ENV_Test_proba_accuracy_per_mean_user_and_bot_epoch5": 0.8104072609577464, "ENV_Test_accuracy_epoch5": 0.80992, "ENV_Test_accuracy_strategy_132_epoch5": 0.8487252124645892, "ENV_Test_accuracy_strategy_23_epoch5": 0.8158022297624818, "ENV_Test_accuracy_strategy_107_epoch5": 0.8735632183908046, "ENV_Test_accuracy_strategy_43_epoch5": 0.7964376590330788, "ENV_Test_accuracy_strategy_17_epoch5": 0.779491833030853, "ENV_Test_accuracy_strategy_93_epoch5": 0.8207024029574861, "ENV_Test_accuracy_per_mean_strategy_epoch5": 0.8224537592732156, "ENV_Test_accuracy_per_mean_user_epoch5": 0.8215993563466031, "ENV_Test_accuracy_per_mean_user_and_bot_epoch5": 0.8401980327078813, "ENV_Train_TotalLoss_epoch6": 734.5280462331062, "ENV_Train_Right action_epoch6": 0.8501725607455742, "ENV_Train_Probability to choose the right action_epoch6": 0.792523980336063, "ENV_Train_Weighted right action_epoch6": 0.8501725607455742, "ENV_Train_Weighted probability to choose the right action:_epoch6": 0.792523980336063, "ENV_Test_TotalLoss_epoch6": 232.04307675310991, "ENV_Test_Right action_epoch6": 0.81152, "ENV_Test_Probability to choose the right action_epoch6": 0.7786260909330369, "ENV_Test_Weighted right action_epoch6": 0.8412647426701851, "ENV_Test_Weighted probability to choose the right action:_epoch6": 0.8084660637171925, "ENV_Test_proba_accuracy_epoch6": 0.7786260909330378, "ENV_Test_proba_accuracy_strategy_132_epoch6": 0.8222810978380861, "ENV_Test_proba_accuracy_strategy_23_epoch6": 0.783842323907649, "ENV_Test_proba_accuracy_strategy_107_epoch6": 0.8442609661559496, "ENV_Test_proba_accuracy_strategy_43_epoch6": 0.7695320178058691, "ENV_Test_proba_accuracy_strategy_17_epoch6": 0.7480413541119156, "ENV_Test_proba_accuracy_strategy_93_epoch6": 0.7784480972041864, "ENV_Test_proba_accuracy_per_mean_strategy_epoch6": 0.7910676428372759, "ENV_Test_proba_accuracy_per_mean_user_epoch6": 0.7900487187423735, "ENV_Test_proba_accuracy_per_mean_user_and_bot_epoch6": 0.8084660637171934, "ENV_Test_accuracy_epoch6": 0.81152, "ENV_Test_accuracy_strategy_132_epoch6": 0.8543909348441926, "ENV_Test_accuracy_strategy_23_epoch6": 0.8196800775569559, "ENV_Test_accuracy_strategy_107_epoch6": 0.8702791461412152, "ENV_Test_accuracy_strategy_43_epoch6": 0.8027989821882952, "ENV_Test_accuracy_strategy_17_epoch6": 0.7774500907441017, "ENV_Test_accuracy_strategy_93_epoch6": 0.8133086876155268, "ENV_Test_accuracy_per_mean_strategy_epoch6": 0.8229846531817145, "ENV_Test_accuracy_per_mean_user_epoch6": 0.8229629445234725, "ENV_Test_accuracy_per_mean_user_and_bot_epoch6": 0.8412647426701856, "ENV_Train_TotalLoss_epoch7": 708.805026159442, "ENV_Train_Right action_epoch7": 0.8575622029633772, "ENV_Train_Probability to choose the right action_epoch7": 0.8006657103293087, "ENV_Train_Weighted right action_epoch7": 0.8575622029633772, "ENV_Train_Weighted probability to choose the right action:_epoch7": 0.8006657103293087, "ENV_Test_TotalLoss_epoch7": 238.02756518061332, "ENV_Test_Right action_epoch7": 0.815296, "ENV_Test_Probability to choose the right action_epoch7": 0.7815241265571484, "ENV_Test_Weighted right action_epoch7": 0.8395535207808599, "ENV_Test_Weighted probability to choose the right action:_epoch7": 0.8060574636632191, "ENV_Test_proba_accuracy_epoch7": 0.7815241265571481, "ENV_Test_proba_accuracy_strategy_132_epoch7": 0.8198643870961626, "ENV_Test_proba_accuracy_strategy_23_epoch7": 0.7890258649186643, "ENV_Test_proba_accuracy_strategy_107_epoch7": 0.838956158652009, "ENV_Test_proba_accuracy_strategy_43_epoch7": 0.7684135335543258, "ENV_Test_proba_accuracy_strategy_17_epoch7": 0.7525536318818288, "ENV_Test_proba_accuracy_strategy_93_epoch7": 0.7808188276779334, "ENV_Test_proba_accuracy_per_mean_strategy_epoch7": 0.791605400630154, "ENV_Test_proba_accuracy_per_mean_user_epoch7": 0.7906957407020652, "ENV_Test_proba_accuracy_per_mean_user_and_bot_epoch7": 0.8060574636632187, "ENV_Test_accuracy_epoch7": 0.815296, "ENV_Test_accuracy_strategy_132_epoch7": 0.8475920679886686, "ENV_Test_accuracy_strategy_23_epoch7": 0.8264663111972855, "ENV_Test_accuracy_strategy_107_epoch7": 0.8752052545155994, "ENV_Test_accuracy_strategy_43_epoch7": 0.8097964376590331, "ENV_Test_accuracy_strategy_17_epoch7": 0.7806261343012704, "ENV_Test_accuracy_strategy_93_epoch7": 0.8142329020332717, "ENV_Test_accuracy_per_mean_strategy_epoch7": 0.8256531846158547, "ENV_Test_accuracy_per_mean_user_epoch7": 0.8250814172653027, "ENV_Test_accuracy_per_mean_user_and_bot_epoch7": 0.8395535207808598, "ENV_Train_TotalLoss_epoch8": 683.8428373576578, "ENV_Train_Right action_epoch8": 0.8632252834039222, "ENV_Train_Probability to choose the right action_epoch8": 0.8077228821089015, "ENV_Train_Weighted right action_epoch8": 0.8632252834039222, "ENV_Train_Weighted probability to choose the right action:_epoch8": 0.8077228821089015, "ENV_Test_TotalLoss_epoch8": 236.21578507825964, "ENV_Test_Right action_epoch8": 0.81216, "ENV_Test_Probability to choose the right action_epoch8": 0.7819242462964492, "ENV_Test_Weighted right action_epoch8": 0.8348700038317854, "ENV_Test_Weighted probability to choose the right action:_epoch8": 0.8064328580398772, "ENV_Test_proba_accuracy_epoch8": 0.7819242462964491, "ENV_Test_proba_accuracy_strategy_132_epoch8": 0.8229831283280391, "ENV_Test_proba_accuracy_strategy_23_epoch8": 0.7902324636929491, "ENV_Test_proba_accuracy_strategy_107_epoch8": 0.8261633624875062, "ENV_Test_proba_accuracy_strategy_43_epoch8": 0.7684757475396548, "ENV_Test_proba_accuracy_strategy_17_epoch8": 0.7533912050556288, "ENV_Test_proba_accuracy_strategy_93_epoch8": 0.7783055585165679, "ENV_Test_proba_accuracy_per_mean_strategy_epoch8": 0.7899252442700577, "ENV_Test_proba_accuracy_per_mean_user_epoch8": 0.7911812609030541, "ENV_Test_proba_accuracy_per_mean_user_and_bot_epoch8": 0.8064328580398767, "ENV_Test_accuracy_epoch8": 0.81216, "ENV_Test_accuracy_strategy_132_epoch8": 0.8543909348441926, "ENV_Test_accuracy_strategy_23_epoch8": 0.8196800775569559, "ENV_Test_accuracy_strategy_107_epoch8": 0.8538587848932676, "ENV_Test_accuracy_strategy_43_epoch8": 0.8008905852417303, "ENV_Test_accuracy_strategy_17_epoch8": 0.7824410163339383, "ENV_Test_accuracy_strategy_93_epoch8": 0.8142329020332717, "ENV_Test_accuracy_per_mean_strategy_epoch8": 0.820915716817226, "ENV_Test_accuracy_per_mean_user_epoch8": 0.8198050744730487, "ENV_Test_accuracy_per_mean_user_and_bot_epoch8": 0.8348700038317858, "ENV_Train_TotalLoss_epoch9": 650.1732531523794, "ENV_Train_Right action_epoch9": 0.8689429621657885, "ENV_Train_Probability to choose the right action_epoch9": 0.816779702643419, "ENV_Train_Weighted right action_epoch9": 0.8689429621657885, "ENV_Train_Weighted probability to choose the right action:_epoch9": 0.816779702643419, "ENV_Test_TotalLoss_epoch9": 239.01947525367558, "ENV_Test_Right action_epoch9": 0.806208, "ENV_Test_Probability to choose the right action_epoch9": 0.7610995669421409, "ENV_Test_Weighted right action_epoch9": 0.8316254346425925, "ENV_Test_Weighted probability to choose the right action:_epoch9": 0.7846375092955346, "ENV_Test_proba_accuracy_epoch9": 0.7610995669421402, "ENV_Test_proba_accuracy_strategy_132_epoch9": 0.8016090957560442, "ENV_Test_proba_accuracy_strategy_23_epoch9": 0.7686279988001671, "ENV_Test_proba_accuracy_strategy_107_epoch9": 0.8114924369924322, "ENV_Test_proba_accuracy_strategy_43_epoch9": 0.7475278978487219, "ENV_Test_proba_accuracy_strategy_17_epoch9": 0.732845510267762, "ENV_Test_proba_accuracy_strategy_93_epoch9": 0.7584161146769054, "ENV_Test_proba_accuracy_per_mean_strategy_epoch9": 0.7700865090570055, "ENV_Test_proba_accuracy_per_mean_user_epoch9": 0.7700814270867655, "ENV_Test_proba_accuracy_per_mean_user_and_bot_epoch9": 0.7846375092955343, "ENV_Test_accuracy_epoch9": 0.806208, "ENV_Test_accuracy_strategy_132_epoch9": 0.8464589235127479, "ENV_Test_accuracy_strategy_23_epoch9": 0.8132169978994991, "ENV_Test_accuracy_strategy_107_epoch9": 0.8587848932676518, "ENV_Test_accuracy_strategy_43_epoch9": 0.7888040712468194, "ENV_Test_accuracy_strategy_17_epoch9": 0.779491833030853, "ENV_Test_accuracy_strategy_93_epoch9": 0.8049907578558225, "ENV_Test_accuracy_per_mean_strategy_epoch9": 0.8152912461355656, "ENV_Test_accuracy_per_mean_user_epoch9": 0.8165407988111714, "ENV_Test_accuracy_per_mean_user_and_bot_epoch9": 0.8316254346425925, "ENV_Train_TotalLoss_epoch10": 631.7116304637959, "ENV_Train_Right action_epoch10": 0.8741263628739167, "ENV_Train_Probability to choose the right action_epoch10": 0.8230243755564033, "ENV_Train_Weighted right action_epoch10": 0.8741263628739167, "ENV_Train_Weighted probability to choose the right action:_epoch10": 0.8230243755564033, "ENV_Test_TotalLoss_epoch10": 260.68842096012764, "ENV_Test_Right action_epoch10": 0.810624, "ENV_Test_Probability to choose the right action_epoch10": 0.7834915016588305, "ENV_Test_Weighted right action_epoch10": 0.8368903170355448, "ENV_Test_Weighted probability to choose the right action:_epoch10": 0.8075768138851596, "ENV_Test_proba_accuracy_epoch10": 0.7834915016588312, "ENV_Test_proba_accuracy_strategy_132_epoch10": 0.8274458355550266, "ENV_Test_proba_accuracy_strategy_23_epoch10": 0.7922637542222399, "ENV_Test_proba_accuracy_strategy_107_epoch10": 0.8380032470974688, "ENV_Test_proba_accuracy_strategy_43_epoch10": 0.7688806538227559, "ENV_Test_proba_accuracy_strategy_17_epoch10": 0.7526166246776305, "ENV_Test_proba_accuracy_strategy_93_epoch10": 0.777942691231464, "ENV_Test_proba_accuracy_per_mean_strategy_epoch10": 0.7928588011010977, "ENV_Test_proba_accuracy_per_mean_user_epoch10": 0.7929296078183188, "ENV_Test_proba_accuracy_per_mean_user_and_bot_epoch10": 0.80757681388516, "ENV_Test_accuracy_epoch10": 0.810624, "ENV_Test_accuracy_strategy_132_epoch10": 0.8623229461756374, "ENV_Test_accuracy_strategy_23_epoch10": 0.8180643076425917, "ENV_Test_accuracy_strategy_107_epoch10": 0.8735632183908046, "ENV_Test_accuracy_strategy_43_epoch10": 0.7983460559796438, "ENV_Test_accuracy_strategy_17_epoch10": 0.7765426497277677, "ENV_Test_accuracy_strategy_93_epoch10": 0.8049907578558225, "ENV_Test_accuracy_per_mean_strategy_epoch10": 0.822304989295378, "ENV_Test_accuracy_per_mean_user_epoch10": 0.8209122456789236, "ENV_Test_accuracy_per_mean_user_and_bot_epoch10": 0.8368903170355441, "ENV_Train_TotalLoss_epoch11": 609.9870311051162, "ENV_Train_Right action_epoch11": 0.8785434721833939, "ENV_Train_Probability to choose the right action_epoch11": 0.8299323968094571, "ENV_Train_Weighted right action_epoch11": 0.8785434721833939, "ENV_Train_Weighted probability to choose the right action:_epoch11": 0.8299323968094571, "ENV_Test_TotalLoss_epoch11": 278.3767235681966, "ENV_Test_Right action_epoch11": 0.803904, "ENV_Test_Probability to choose the right action_epoch11": 0.7799111984608839, "ENV_Test_Weighted right action_epoch11": 0.8310385129330592, "ENV_Test_Weighted probability to choose the right action:_epoch11": 0.8056967062631579, "ENV_Test_proba_accuracy_epoch11": 0.7799111984608832, "ENV_Test_proba_accuracy_strategy_132_epoch11": 0.8233275576237752, "ENV_Test_proba_accuracy_strategy_23_epoch11": 0.7865497105001372, "ENV_Test_proba_accuracy_strategy_107_epoch11": 0.8365423042227054, "ENV_Test_proba_accuracy_strategy_43_epoch11": 0.7641290662845877, "ENV_Test_proba_accuracy_strategy_17_epoch11": 0.7532842973728269, "ENV_Test_proba_accuracy_strategy_93_epoch11": 0.7706477265892502, "ENV_Test_proba_accuracy_per_mean_strategy_epoch11": 0.7890801104322138, "ENV_Test_proba_accuracy_per_mean_user_epoch11": 0.7903810881277605, "ENV_Test_proba_accuracy_per_mean_user_and_bot_epoch11": 0.8056967062631589, "ENV_Test_accuracy_epoch11": 0.803904, "ENV_Test_accuracy_strategy_132_epoch11": 0.8475920679886686, "ENV_Test_accuracy_strategy_23_epoch11": 0.8119243819680078, "ENV_Test_accuracy_strategy_107_epoch11": 0.8653530377668309, "ENV_Test_accuracy_strategy_43_epoch11": 0.7926208651399491, "ENV_Test_accuracy_strategy_17_epoch11": 0.7731397459165155, "ENV_Test_accuracy_strategy_93_epoch11": 0.7939001848428835, "ENV_Test_accuracy_per_mean_strategy_epoch11": 0.8140883806038093, "ENV_Test_accuracy_per_mean_user_epoch11": 0.8152464204852048, "ENV_Test_accuracy_per_mean_user_and_bot_epoch11": 0.8310385129330595, "ENV_Train_TotalLoss_epoch12": 581.4047749787912, "ENV_Train_Right action_epoch12": 0.884031029422042, "ENV_Train_Probability to choose the right action_epoch12": 0.8381261108128305, "ENV_Train_Weighted right action_epoch12": 0.884031029422042, "ENV_Train_Weighted probability to choose the right action:_epoch12": 0.8381261108128305, "ENV_Test_TotalLoss_epoch12": 297.01684862229484, "ENV_Test_Right action_epoch12": 0.807168, "ENV_Test_Probability to choose the right action_epoch12": 0.7840172717945891, "ENV_Test_Weighted right action_epoch12": 0.8320709438574734, "ENV_Test_Weighted probability to choose the right action:_epoch12": 0.8083183190908575, "ENV_Test_proba_accuracy_epoch12": 0.7840172717945887, "ENV_Test_proba_accuracy_strategy_132_epoch12": 0.8251532266292559, "ENV_Test_proba_accuracy_strategy_23_epoch12": 0.7930479127059022, "ENV_Test_proba_accuracy_strategy_107_epoch12": 0.8407944982590068, "ENV_Test_proba_accuracy_strategy_43_epoch12": 0.7672261064140566, "ENV_Test_proba_accuracy_strategy_17_epoch12": 0.754041195661161, "ENV_Test_proba_accuracy_strategy_93_epoch12": 0.7798188686284211, "ENV_Test_proba_accuracy_per_mean_strategy_epoch12": 0.793346968049634, "ENV_Test_proba_accuracy_per_mean_user_epoch12": 0.7937071443146761, "ENV_Test_proba_accuracy_per_mean_user_and_bot_epoch12": 0.8083183190908574, "ENV_Test_accuracy_epoch12": 0.807168, "ENV_Test_accuracy_strategy_132_epoch12": 0.8424929178470255, "ENV_Test_accuracy_strategy_23_epoch12": 0.8188721925997738, "ENV_Test_accuracy_strategy_107_epoch12": 0.8669950738916257, "ENV_Test_accuracy_strategy_43_epoch12": 0.7868956743002544, "ENV_Test_accuracy_strategy_17_epoch12": 0.7763157894736842, "ENV_Test_accuracy_strategy_93_epoch12": 0.8040665434380776, "ENV_Test_accuracy_per_mean_strategy_epoch12": 0.8159396985917402, "ENV_Test_accuracy_per_mean_user_epoch12": 0.8175162268306629, "ENV_Test_accuracy_per_mean_user_and_bot_epoch12": 0.8320709438574734, "ENV_Train_TotalLoss_epoch13": 560.0635945766346, "ENV_Train_Right action_epoch13": 0.8893330351652038, "ENV_Train_Probability to choose the right action_epoch13": 0.8444157521751329, "ENV_Train_Weighted right action_epoch13": 0.8893330351652038, "ENV_Train_Weighted probability to choose the right action:_epoch13": 0.8444157521751329, "ENV_Test_TotalLoss_epoch13": 292.23767979069055, "ENV_Test_Right action_epoch13": 0.80416, "ENV_Test_Probability to choose the right action_epoch13": 0.7801771183881917, "ENV_Test_Weighted right action_epoch13": 0.823872183102332, "ENV_Test_Weighted probability to choose the right action:_epoch13": 0.8022308895102145, "ENV_Test_proba_accuracy_epoch13": 0.7801771183881911, "ENV_Test_proba_accuracy_strategy_132_epoch13": 0.8188076375649113, "ENV_Test_proba_accuracy_strategy_23_epoch13": 0.7898422023215443, "ENV_Test_proba_accuracy_strategy_107_epoch13": 0.8250638219285279, "ENV_Test_proba_accuracy_strategy_43_epoch13": 0.7616834871201722, "ENV_Test_proba_accuracy_strategy_17_epoch13": 0.7524582517163029, "ENV_Test_proba_accuracy_strategy_93_epoch13": 0.776406951453356, "ENV_Test_proba_accuracy_per_mean_strategy_epoch13": 0.7873770586841359, "ENV_Test_proba_accuracy_per_mean_user_epoch13": 0.7886042004280609, "ENV_Test_proba_accuracy_per_mean_user_and_bot_epoch13": 0.8022308895102139, "ENV_Test_accuracy_epoch13": 0.80416, "ENV_Test_accuracy_strategy_132_epoch13": 0.8402266288951842, "ENV_Test_accuracy_strategy_23_epoch13": 0.8183874616254645, "ENV_Test_accuracy_strategy_107_epoch13": 0.8571428571428571, "ENV_Test_accuracy_strategy_43_epoch13": 0.7856234096692112, "ENV_Test_accuracy_strategy_17_epoch13": 0.7726860254083484, "ENV_Test_accuracy_strategy_93_epoch13": 0.789279112754159, "ENV_Test_accuracy_per_mean_strategy_epoch13": 0.8105575825825374, "ENV_Test_accuracy_per_mean_user_epoch13": 0.81076023959605, "ENV_Test_accuracy_per_mean_user_and_bot_epoch13": 0.8238721831023327, "ENV_Train_TotalLoss_epoch14": 532.8730855147886, "ENV_Train_Right action_epoch14": 0.8953511126020351, "ENV_Train_Probability to choose the right action_epoch14": 0.8525156951409258, "ENV_Train_Weighted right action_epoch14": 0.8953511126020351, "ENV_Train_Weighted probability to choose the right action:_epoch14": 0.8525156951409258, "ENV_Test_TotalLoss_epoch14": 315.7761112854972, "ENV_Test_Right action_epoch14": 0.801728, "ENV_Test_Probability to choose the right action_epoch14": 0.7777489184303714, "ENV_Test_Weighted right action_epoch14": 0.8226680950126812, "ENV_Test_Weighted probability to choose the right action:_epoch14": 0.8001000246953484, "ENV_Test_proba_accuracy_epoch14": 0.777748918430371, "ENV_Test_proba_accuracy_strategy_132_epoch14": 0.8219491571205432, "ENV_Test_proba_accuracy_strategy_23_epoch14": 0.7859871921382404, "ENV_Test_proba_accuracy_strategy_107_epoch14": 0.8327866947911647, "ENV_Test_proba_accuracy_strategy_43_epoch14": 0.7613827532604415, "ENV_Test_proba_accuracy_strategy_17_epoch14": 0.7469393105716857, "ENV_Test_proba_accuracy_strategy_93_epoch14": 0.7768415801848381, "ENV_Test_proba_accuracy_per_mean_strategy_epoch14": 0.7876477813444857, "ENV_Test_proba_accuracy_per_mean_user_epoch14": 0.7870689360527047, "ENV_Test_proba_accuracy_per_mean_user_and_bot_epoch14": 0.8001000246953489, "ENV_Test_accuracy_epoch14": 0.801728, "ENV_Test_accuracy_strategy_132_epoch14": 0.8396600566572238, "ENV_Test_accuracy_strategy_23_epoch14": 0.8133785748909356, "ENV_Test_accuracy_strategy_107_epoch14": 0.8620689655172413, "ENV_Test_accuracy_strategy_43_epoch14": 0.7811704834605598, "ENV_Test_accuracy_strategy_17_epoch14": 0.7701905626134301, "ENV_Test_accuracy_strategy_93_epoch14": 0.7975970425138632, "ENV_Test_accuracy_per_mean_strategy_epoch14": 0.8106776142755424, "ENV_Test_accuracy_per_mean_user_epoch14": 0.8102287984147032, "ENV_Test_accuracy_per_mean_user_and_bot_epoch14": 0.8226680950126819, "ENV_Train_TotalLoss_epoch15": 517.5892825679865, "ENV_Train_Right action_epoch15": 0.9003899970645383, "ENV_Train_Probability to choose the right action_epoch15": 0.857132479058485, "ENV_Train_Weighted right action_epoch15": 0.9003899970645383, "ENV_Train_Weighted probability to choose the right action:_epoch15": 0.857132479058485, "ENV_Test_TotalLoss_epoch15": 378.380731154947, "ENV_Test_Right action_epoch15": 0.804352, "ENV_Test_Probability to choose the right action_epoch15": 0.7911481858089011, "ENV_Test_Weighted right action_epoch15": 0.8261169418209633, "ENV_Test_Weighted probability to choose the right action:_epoch15": 0.8144336076230545, "ENV_Test_proba_accuracy_epoch15": 0.7911481858089012, "ENV_Test_proba_accuracy_strategy_132_epoch15": 0.8337716680037927, "ENV_Test_proba_accuracy_strategy_23_epoch15": 0.800290524969959, "ENV_Test_proba_accuracy_strategy_107_epoch15": 0.8482331563327971, "ENV_Test_proba_accuracy_strategy_43_epoch15": 0.7753502450169719, "ENV_Test_proba_accuracy_strategy_17_epoch15": 0.7603700354048892, "ENV_Test_proba_accuracy_strategy_93_epoch15": 0.7855357271351262, "ENV_Test_proba_accuracy_per_mean_strategy_epoch15": 0.8005918928105893, "ENV_Test_proba_accuracy_per_mean_user_epoch15": 0.7991456365080376, "ENV_Test_proba_accuracy_per_mean_user_and_bot_epoch15": 0.8144336076230548, "ENV_Test_accuracy_epoch15": 0.804352, "ENV_Test_accuracy_strategy_132_epoch15": 0.8430594900849858, "ENV_Test_accuracy_strategy_23_epoch15": 0.8133785748909356, "ENV_Test_accuracy_strategy_107_epoch15": 0.8637110016420362, "ENV_Test_accuracy_strategy_43_epoch15": 0.787531806615776, "ENV_Test_accuracy_strategy_17_epoch15": 0.7751814882032668, "ENV_Test_accuracy_strategy_93_epoch15": 0.7994454713493531, "ENV_Test_accuracy_per_mean_strategy_epoch15": 0.8137179721310589, "ENV_Test_accuracy_per_mean_user_epoch15": 0.810949064809206, "ENV_Test_accuracy_per_mean_user_and_bot_epoch15": 0.8261169418209636, "ENV_Train_TotalLoss_epoch16": 491.049518054168, "ENV_Train_Right action_epoch16": 0.9051020408163265, "ENV_Train_Probability to choose the right action_epoch16": 0.8648567706178907, "ENV_Train_Weighted right action_epoch16": 0.9051020408163265, "ENV_Train_Weighted probability to choose the right action:_epoch16": 0.8648567706178907, "ENV_Test_TotalLoss_epoch16": 345.4841053000593, "ENV_Test_Right action_epoch16": 0.799552, "ENV_Test_Probability to choose the right action_epoch16": 0.7834257181901572, "ENV_Test_Weighted right action_epoch16": 0.8225917407391445, "ENV_Test_Weighted probability to choose the right action:_epoch16": 0.8070424693866921, "ENV_Test_proba_accuracy_epoch16": 0.7834257181901563, "ENV_Test_proba_accuracy_strategy_132_epoch16": 0.8217714777369203, "ENV_Test_proba_accuracy_strategy_23_epoch16": 0.7926806792098035, "ENV_Test_proba_accuracy_strategy_107_epoch16": 0.845914557838497, "ENV_Test_proba_accuracy_strategy_43_epoch16": 0.76810579865914, "ENV_Test_proba_accuracy_strategy_17_epoch16": 0.7528273091175294, "ENV_Test_proba_accuracy_strategy_93_epoch16": 0.7796787477635602, "ENV_Test_proba_accuracy_per_mean_strategy_epoch16": 0.793496428387575, "ENV_Test_proba_accuracy_per_mean_user_epoch16": 0.7926452362028703, "ENV_Test_proba_accuracy_per_mean_user_and_bot_epoch16": 0.807042469386692, "ENV_Test_accuracy_epoch16": 0.799552, "ENV_Test_accuracy_strategy_132_epoch16": 0.8379603399433427, "ENV_Test_accuracy_strategy_23_epoch16": 0.8109549200193893, "ENV_Test_accuracy_strategy_107_epoch16": 0.8719211822660099, "ENV_Test_accuracy_strategy_43_epoch16": 0.7856234096692112, "ENV_Test_accuracy_strategy_17_epoch16": 0.76497277676951, "ENV_Test_accuracy_strategy_93_epoch16": 0.7920517560073937, "ENV_Test_accuracy_per_mean_strategy_epoch16": 0.8105807307791428, "ENV_Test_accuracy_per_mean_user_epoch16": 0.8088344728969296, "ENV_Test_accuracy_per_mean_user_and_bot_epoch16": 0.8225917407391448, "ENV_Train_TotalLoss_epoch17": 468.9673258168705, "ENV_Train_Right action_epoch17": 0.9099956668204247, "ENV_Train_Probability to choose the right action_epoch17": 0.8710230426570207, "ENV_Train_Weighted right action_epoch17": 0.9099956668204247, "ENV_Train_Weighted probability to choose the right action:_epoch17": 0.8710230426570207, "ENV_Test_TotalLoss_epoch17": 394.8239143266833, "ENV_Test_Right action_epoch17": 0.79872, "ENV_Test_Probability to choose the right action_epoch17": 0.7878333063688284, "ENV_Test_Weighted right action_epoch17": 0.8192587560104172, "ENV_Test_Weighted probability to choose the right action:_epoch17": 0.8104366418210375, "ENV_Test_proba_accuracy_epoch17": 0.787833306368829, "ENV_Test_proba_accuracy_strategy_132_epoch17": 0.8310214541602631, "ENV_Test_proba_accuracy_strategy_23_epoch17": 0.7956915433490939, "ENV_Test_proba_accuracy_strategy_107_epoch17": 0.844154899822357, "ENV_Test_proba_accuracy_strategy_43_epoch17": 0.7771317720513818, "ENV_Test_proba_accuracy_strategy_17_epoch17": 0.758129462999741, "ENV_Test_proba_accuracy_strategy_93_epoch17": 0.777293374374401, "ENV_Test_proba_accuracy_per_mean_strategy_epoch17": 0.7972370844595397, "ENV_Test_proba_accuracy_per_mean_user_epoch17": 0.7965466162243746, "ENV_Test_proba_accuracy_per_mean_user_and_bot_epoch17": 0.8104366418210367, "ENV_Test_accuracy_epoch17": 0.79872, "ENV_Test_accuracy_strategy_132_epoch17": 0.8390934844192635, "ENV_Test_accuracy_strategy_23_epoch17": 0.8064307642591695, "ENV_Test_accuracy_strategy_107_epoch17": 0.8620689655172413, "ENV_Test_accuracy_strategy_43_epoch17": 0.7913486005089059, "ENV_Test_accuracy_strategy_17_epoch17": 0.7688294010889292, "ENV_Test_accuracy_strategy_93_epoch17": 0.7855822550831792, "ENV_Test_accuracy_per_mean_strategy_epoch17": 0.8088922451461148, "ENV_Test_accuracy_per_mean_user_epoch17": 0.8061458460764489, "ENV_Test_accuracy_per_mean_user_and_bot_epoch17": 0.8192587560104175, "ENV_Train_TotalLoss_epoch18": 451.45935088098554, "ENV_Train_Right action_epoch18": 0.9134268705106348, "ENV_Train_Probability to choose the right action_epoch18": 0.8761233097610097, "ENV_Train_Weighted right action_epoch18": 0.9134268705106348, "ENV_Train_Weighted probability to choose the right action:_epoch18": 0.8761233097610097, "ENV_Test_TotalLoss_epoch18": 438.02798733174353, "ENV_Test_Right action_epoch18": 0.795072, "ENV_Test_Probability to choose the right action_epoch18": 0.7839434817216364, "ENV_Test_Weighted right action_epoch18": 0.8216865398424475, "ENV_Test_Weighted probability to choose the right action:_epoch18": 0.8103675502331974, "ENV_Test_proba_accuracy_epoch18": 0.7839434817216366, "ENV_Test_proba_accuracy_strategy_132_epoch18": 0.8292619223467689, "ENV_Test_proba_accuracy_strategy_23_epoch18": 0.7911845141043807, "ENV_Test_proba_accuracy_strategy_107_epoch18": 0.8439173408617489, "ENV_Test_proba_accuracy_strategy_43_epoch18": 0.7757126214843726, "ENV_Test_proba_accuracy_strategy_17_epoch18": 0.7525154159537616, "ENV_Test_proba_accuracy_strategy_93_epoch18": 0.7748380740148728, "ENV_Test_proba_accuracy_per_mean_strategy_epoch18": 0.7945716481276509, "ENV_Test_proba_accuracy_per_mean_user_epoch18": 0.792573938281864, "ENV_Test_proba_accuracy_per_mean_user_and_bot_epoch18": 0.8103675502331985, "ENV_Test_accuracy_epoch18": 0.795072, "ENV_Test_accuracy_strategy_132_epoch18": 0.8407932011331445, "ENV_Test_accuracy_strategy_23_epoch18": 0.8044918403619324, "ENV_Test_accuracy_strategy_107_epoch18": 0.8571428571428571, "ENV_Test_accuracy_strategy_43_epoch18": 0.7856234096692112, "ENV_Test_accuracy_strategy_17_epoch18": 0.7608892921960072, "ENV_Test_accuracy_strategy_93_epoch18": 0.7846580406654344, "ENV_Test_accuracy_per_mean_strategy_epoch18": 0.8055997735280979, "ENV_Test_accuracy_per_mean_user_epoch18": 0.8027081158691651, "ENV_Test_accuracy_per_mean_user_and_bot_epoch18": 0.821686539842448, "ENV_Train_TotalLoss_epoch19": 448.52519648570114, "ENV_Train_Right action_epoch19": 0.9150824713447022, "ENV_Train_Probability to choose the right action_epoch19": 0.8781075822900755, "ENV_Train_Weighted right action_epoch19": 0.9150824713447022, "ENV_Train_Weighted probability to choose the right action:_epoch19": 0.8781075822900755, "ENV_Test_TotalLoss_epoch19": 397.8529475069898, "ENV_Test_Right action_epoch19": 0.795648, "ENV_Test_Probability to choose the right action_epoch19": 0.7769814647420281, "ENV_Test_Weighted right action_epoch19": 0.8152130008827483, "ENV_Test_Weighted probability to choose the right action:_epoch19": 0.799503767618974, "ENV_Test_proba_accuracy_epoch19": 0.7769814647420279, "ENV_Test_proba_accuracy_strategy_132_epoch19": 0.8206685929754558, "ENV_Test_proba_accuracy_strategy_23_epoch19": 0.7865626620331991, "ENV_Test_proba_accuracy_strategy_107_epoch19": 0.826285073424634, "ENV_Test_proba_accuracy_strategy_43_epoch19": 0.761782102429472, "ENV_Test_proba_accuracy_strategy_17_epoch19": 0.7472885733615781, "ENV_Test_proba_accuracy_strategy_93_epoch19": 0.7662124755605084, "ENV_Test_proba_accuracy_per_mean_strategy_epoch19": 0.7847999132974746, "ENV_Test_proba_accuracy_per_mean_user_epoch19": 0.7858423262763871, "ENV_Test_proba_accuracy_per_mean_user_and_bot_epoch19": 0.7995037676189741, "ENV_Test_accuracy_epoch19": 0.795648, "ENV_Test_accuracy_strategy_132_epoch19": 0.8385269121813032, "ENV_Test_accuracy_strategy_23_epoch19": 0.8095007270964615, "ENV_Test_accuracy_strategy_107_epoch19": 0.8522167487684729, "ENV_Test_accuracy_strategy_43_epoch19": 0.7798982188295165, "ENV_Test_accuracy_strategy_17_epoch19": 0.7611161524500908, "ENV_Test_accuracy_strategy_93_epoch19": 0.7781885397412199, "ENV_Test_accuracy_per_mean_strategy_epoch19": 0.8032412165111774, "ENV_Test_accuracy_per_mean_user_epoch19": 0.8033028343017513, "ENV_Test_accuracy_per_mean_user_and_bot_epoch19": 0.8152130008827484, "ENV_Train_TotalLoss_epoch20": 424.05791876461944, "ENV_Train_Right action_epoch20": 0.9196393625943529, "ENV_Train_Probability to choose the right action_epoch20": 0.884950066655908, "ENV_Train_Weighted right action_epoch20": 0.9196393625943529, "ENV_Train_Weighted probability to choose the right action:_epoch20": 0.884950066655908, "ENV_Test_TotalLoss_epoch20": 422.7994367519424, "ENV_Test_Right action_epoch20": 0.792448, "ENV_Test_Probability to choose the right action_epoch20": 0.7783044511560046, "ENV_Test_Weighted right action_epoch20": 0.816738456524986, "ENV_Test_Weighted probability to choose the right action:_epoch20": 0.8029665283043187, "ENV_Test_proba_accuracy_epoch20": 0.7783044511560048, "ENV_Test_proba_accuracy_strategy_132_epoch20": 0.8190227711888877, "ENV_Test_proba_accuracy_strategy_23_epoch20": 0.788848862407133, "ENV_Test_proba_accuracy_strategy_107_epoch20": 0.8276020054546672, "ENV_Test_proba_accuracy_strategy_43_epoch20": 0.7681351627622367, "ENV_Test_proba_accuracy_strategy_17_epoch20": 0.7444796396714005, "ENV_Test_proba_accuracy_strategy_93_epoch20": 0.7763973196587615, "ENV_Test_proba_accuracy_per_mean_strategy_epoch20": 0.7874142935238476, "ENV_Test_proba_accuracy_per_mean_user_epoch20": 0.7878848212034912, "ENV_Test_proba_accuracy_per_mean_user_and_bot_epoch20": 0.802966528304318, "ENV_Test_accuracy_epoch20": 0.792448, "ENV_Test_accuracy_strategy_132_epoch20": 0.8345609065155808, "ENV_Test_accuracy_strategy_23_epoch20": 0.8028760704475683, "ENV_Test_accuracy_strategy_107_epoch20": 0.8407224958949097, "ENV_Test_accuracy_strategy_43_epoch20": 0.7837150127226463, "ENV_Test_accuracy_strategy_17_epoch20": 0.757940108892922, "ENV_Test_accuracy_strategy_93_epoch20": 0.7902033271719039, "ENV_Test_accuracy_per_mean_strategy_epoch20": 0.8016696536075885, "ENV_Test_accuracy_per_mean_user_epoch20": 0.8020724986929713, "ENV_Test_accuracy_per_mean_user_and_bot_epoch20": 0.8167384565249881, "ENV_Train_TotalLoss_epoch21": 401.580322764754, "ENV_Train_Right action_epoch21": 0.9252529770224185, "ENV_Train_Probability to choose the right action_epoch21": 0.8912696957345712, "ENV_Train_Weighted right action_epoch21": 0.9252529770224185, "ENV_Train_Weighted probability to choose the right action:_epoch21": 0.8912696957345712, "ENV_Test_TotalLoss_epoch21": 468.64166028320113, "ENV_Test_Right action_epoch21": 0.798272, "ENV_Test_Probability to choose the right action_epoch21": 0.7840823092090671, "ENV_Test_Weighted right action_epoch21": 0.8176708707065258, "ENV_Test_Weighted probability to choose the right action:_epoch21": 0.8046975499740686, "ENV_Test_proba_accuracy_epoch21": 0.784082309209066, "ENV_Test_proba_accuracy_strategy_132_epoch21": 0.8327268314205426, "ENV_Test_proba_accuracy_strategy_23_epoch21": 0.7928399263626731, "ENV_Test_proba_accuracy_strategy_107_epoch21": 0.833386296294479, "ENV_Test_proba_accuracy_strategy_43_epoch21": 0.768657760846921, "ENV_Test_proba_accuracy_strategy_17_epoch21": 0.7538589511856728, "ENV_Test_proba_accuracy_strategy_93_epoch21": 0.7724255160394369, "ENV_Test_proba_accuracy_per_mean_strategy_epoch21": 0.7923158803582876, "ENV_Test_proba_accuracy_per_mean_user_epoch21": 0.79278284580518, "ENV_Test_proba_accuracy_per_mean_user_and_bot_epoch21": 0.8046975499740692, "ENV_Test_accuracy_epoch21": 0.798272, "ENV_Test_accuracy_strategy_132_epoch21": 0.8487252124645892, "ENV_Test_accuracy_strategy_23_epoch21": 0.8096623040878979, "ENV_Test_accuracy_strategy_107_epoch21": 0.8472906403940886, "ENV_Test_accuracy_strategy_43_epoch21": 0.7805343511450382, "ENV_Test_accuracy_strategy_17_epoch21": 0.7663339382940109, "ENV_Test_accuracy_strategy_93_epoch21": 0.7791127541589649, "ENV_Test_accuracy_per_mean_strategy_epoch21": 0.8052765334240983, "ENV_Test_accuracy_per_mean_user_epoch21": 0.8052846096876868, "ENV_Test_accuracy_per_mean_user_and_bot_epoch21": 0.8176708707065268, "ENV_Train_TotalLoss_epoch22": 406.2186754094726, "ENV_Train_Right action_epoch22": 0.92384679899357, "ENV_Train_Probability to choose the right action_epoch22": 0.8905729743296109, "ENV_Train_Weighted right action_epoch22": 0.92384679899357, "ENV_Train_Weighted probability to choose the right action:_epoch22": 0.8905729743296109, "ENV_Test_TotalLoss_epoch22": 530.4714809565692, "ENV_Test_Right action_epoch22": 0.793152, "ENV_Test_Probability to choose the right action_epoch22": 0.7839537441190126, "ENV_Test_Weighted right action_epoch22": 0.8167320493033434, "ENV_Test_Weighted probability to choose the right action:_epoch22": 0.8088573122823309, "ENV_Test_proba_accuracy_epoch22": 0.7839537441190123, "ENV_Test_proba_accuracy_strategy_132_epoch22": 0.8308162712535233, "ENV_Test_proba_accuracy_strategy_23_epoch22": 0.793178122636732, "ENV_Test_proba_accuracy_strategy_107_epoch22": 0.8289695231408091, "ENV_Test_proba_accuracy_strategy_43_epoch22": 0.7659883754154924, "ENV_Test_proba_accuracy_strategy_17_epoch22": 0.7539909408456898, "ENV_Test_proba_accuracy_strategy_93_epoch22": 0.7775775407621576, "ENV_Test_proba_accuracy_per_mean_strategy_epoch22": 0.7917534623424006, "ENV_Test_proba_accuracy_per_mean_user_epoch22": 0.7922402662049474, "ENV_Test_proba_accuracy_per_mean_user_and_bot_epoch22": 0.8088573122823318, "ENV_Test_accuracy_epoch22": 0.793152, "ENV_Test_accuracy_strategy_132_epoch22": 0.8407932011331445, "ENV_Test_accuracy_strategy_23_epoch22": 0.8022297624818225, "ENV_Test_accuracy_strategy_107_epoch22": 0.8325123152709359, "ENV_Test_accuracy_strategy_43_epoch22": 0.7735368956743003, "ENV_Test_accuracy_strategy_17_epoch22": 0.7638384754990926, "ENV_Test_accuracy_strategy_93_epoch22": 0.789279112754159, "ENV_Test_accuracy_per_mean_strategy_epoch22": 0.8003649604689093, "ENV_Test_accuracy_per_mean_user_epoch22": 0.7998294130766218, "ENV_Test_accuracy_per_mean_user_and_bot_epoch22": 0.8167320493033436, "ENV_Train_TotalLoss_epoch23": 385.1669019609652, "ENV_Train_Right action_epoch23": 0.9272475679302248, "ENV_Train_Probability to choose the right action_epoch23": 0.8958244356923711, "ENV_Train_Weighted right action_epoch23": 0.9272475679302248, "ENV_Train_Weighted probability to choose the right action:_epoch23": 0.8958244356923711, "ENV_Test_TotalLoss_epoch23": 585.8449294282008, "ENV_Test_Right action_epoch23": 0.78944, "ENV_Test_Probability to choose the right action_epoch23": 0.7819511587843394, "ENV_Test_Weighted right action_epoch23": 0.8122719198857047, "ENV_Test_Weighted probability to choose the right action:_epoch23": 0.8072195048159242, "ENV_Test_proba_accuracy_epoch23": 0.781951158784339, "ENV_Test_proba_accuracy_strategy_132_epoch23": 0.8360315960831034, "ENV_Test_proba_accuracy_strategy_23_epoch23": 0.7902039573350429, "ENV_Test_proba_accuracy_strategy_107_epoch23": 0.8288551254205362, "ENV_Test_proba_accuracy_strategy_43_epoch23": 0.7690555645891677, "ENV_Test_proba_accuracy_strategy_17_epoch23": 0.7480308589434922, "ENV_Test_proba_accuracy_strategy_93_epoch23": 0.7770523584416323, "ENV_Test_proba_accuracy_per_mean_strategy_epoch23": 0.7915382434688291, "ENV_Test_proba_accuracy_per_mean_user_epoch23": 0.7915755088574247, "ENV_Test_proba_accuracy_per_mean_user_and_bot_epoch23": 0.8072195048159247, "ENV_Test_accuracy_epoch23": 0.78944, "ENV_Test_accuracy_strategy_132_epoch23": 0.8458923512747876, "ENV_Test_accuracy_strategy_23_epoch23": 0.800452415576022, "ENV_Test_accuracy_strategy_107_epoch23": 0.8325123152709359, "ENV_Test_accuracy_strategy_43_epoch23": 0.7748091603053435, "ENV_Test_accuracy_strategy_17_epoch23": 0.7531760435571688, "ENV_Test_accuracy_strategy_93_epoch23": 0.7791127541589649, "ENV_Test_accuracy_per_mean_strategy_epoch23": 0.7976591733572039, "ENV_Test_accuracy_per_mean_user_epoch23": 0.797891620597922, "ENV_Test_accuracy_per_mean_user_and_bot_epoch23": 0.8122719198857047, "ENV_Train_TotalLoss_epoch24": 378.6475556626087, "ENV_Train_Right action_epoch24": 0.9291994576384909, "ENV_Train_Probability to choose the right action_epoch24": 0.8982266320572625, "ENV_Train_Weighted right action_epoch24": 0.9291994576384909, "ENV_Train_Weighted probability to choose the right action:_epoch24": 0.8982266320572625, "ENV_Test_TotalLoss_epoch24": 489.52345128522506, "ENV_Test_Right action_epoch24": 0.79168, "ENV_Test_Probability to choose the right action_epoch24": 0.7823346161526987, "ENV_Test_Weighted right action_epoch24": 0.8158585208797586, "ENV_Test_Weighted probability to choose the right action:_epoch24": 0.8069440862279498, "ENV_Test_proba_accuracy_epoch24": 0.7823346161526987, "ENV_Test_proba_accuracy_strategy_132_epoch24": 0.8250947685724149, "ENV_Test_proba_accuracy_strategy_23_epoch24": 0.7911951864465839, "ENV_Test_proba_accuracy_strategy_107_epoch24": 0.8305770205615218, "ENV_Test_proba_accuracy_strategy_43_epoch24": 0.7709233606153011, "ENV_Test_proba_accuracy_strategy_17_epoch24": 0.752139927471471, "ENV_Test_proba_accuracy_strategy_93_epoch24": 0.7743376832109379, "ENV_Test_proba_accuracy_per_mean_strategy_epoch24": 0.7907113244797052, "ENV_Test_proba_accuracy_per_mean_user_epoch24": 0.7915509948769996, "ENV_Test_proba_accuracy_per_mean_user_and_bot_epoch24": 0.8069440862279496, "ENV_Test_accuracy_epoch24": 0.79168, "ENV_Test_accuracy_strategy_132_epoch24": 0.8351274787535411, "ENV_Test_accuracy_strategy_23_epoch24": 0.7996445306188399, "ENV_Test_accuracy_strategy_107_epoch24": 0.8341543513957307, "ENV_Test_accuracy_strategy_43_epoch24": 0.7888040712468194, "ENV_Test_accuracy_strategy_17_epoch24": 0.7611161524500908, "ENV_Test_accuracy_strategy_93_epoch24": 0.7800369685767098, "ENV_Test_accuracy_per_mean_strategy_epoch24": 0.7998139255069553, "ENV_Test_accuracy_per_mean_user_epoch24": 0.8005097722264196, "ENV_Test_accuracy_per_mean_user_and_bot_epoch24": 0.8158585208797597, "_wandb": {"runtime": 2329}}