{"ENV_Train_TotalLoss": 451.9691050743321, "ENV_Train_TotalLoss_epoch0": 1044.513706116181, "ENV_Train_Right action": 0.9121737793371447, "ENV_Train_Right action_epoch0": 0.7862863212623517, "ENV_Train_Probability to choose the right action": 0.874983687687396, "ENV_Train_Probability to choose the right action_epoch0": 0.7020642296230034, "ENV_Train_Weighted right action": 0.9121737793371447, "ENV_Train_Weighted right action_epoch0": 0.7862863212623517, "ENV_Train_Weighted probability to choose the right action:": 0.874983687687396, "ENV_Train_Weighted probability to choose the right action:_epoch0": 0.7020642296230034, "_timestamp": 1720443927.4443934, "_runtime": 2427.7744224071503, "_step": 49, "ENV_Test_TotalLoss": 403.40482455840055, "ENV_Test_TotalLoss_epoch0": 206.04123814583403, "ENV_Test_Right action": 0.794368, "ENV_Test_Right action_epoch0": 0.803264, "ENV_Test_Probability to choose the right action": 0.777456960672658, "ENV_Test_Probability to choose the right action_epoch0": 0.7371559295605666, "ENV_Test_Weighted right action": 0.8311694091524965, "ENV_Test_Weighted right action_epoch0": 0.8458870299778429, "ENV_Test_Weighted probability to choose the right action:": 0.8179808846431167, "ENV_Test_Weighted probability to choose the right action:_epoch0": 0.7808472216306327, "ENV_Test_proba_accuracy": 0.7774569606726575, "ENV_Test_proba_accuracy_epoch0": 0.7371559295605659, "ENV_Test_proba_accuracy_strategy_132": 0.8330284605255417, "ENV_Test_proba_accuracy_strategy_132_epoch0": 0.7875111003813431, "ENV_Test_proba_accuracy_strategy_23": 0.7740067028444731, "ENV_Test_proba_accuracy_strategy_23_epoch0": 0.7338158061533575, "ENV_Test_proba_accuracy_strategy_107": 0.8633288280216765, "ENV_Test_proba_accuracy_strategy_107_epoch0": 0.8137823083900307, "ENV_Test_proba_accuracy_strategy_43": 0.7802600717264526, "ENV_Test_proba_accuracy_strategy_43_epoch0": 0.7510384090135673, "ENV_Test_proba_accuracy_strategy_17": 0.7477891583377738, "ENV_Test_proba_accuracy_strategy_17_epoch0": 0.7040654756176737, "ENV_Test_proba_accuracy_strategy_93": 0.775001473942842, "ENV_Test_proba_accuracy_strategy_93_epoch0": 0.7456301863457285, "ENV_Test_proba_accuracy_per_mean_strategy": 0.7955691158997933, "ENV_Test_proba_accuracy_per_mean_strategy_epoch0": 0.7559738809836167, "ENV_Test_proba_accuracy_per_mean_user": 0.7927886731759904, "ENV_Test_proba_accuracy_per_mean_user_epoch0": 0.7503674344575025, "ENV_Test_proba_accuracy_per_mean_user_and_bot": 0.8179808846431167, "ENV_Test_proba_accuracy_per_mean_user_and_bot_epoch0": 0.7808472216306327, "ENV_Test_accuracy": 0.794368, "ENV_Test_accuracy_epoch0": 0.803264, "ENV_Test_accuracy_strategy_132": 0.8436260623229461, "ENV_Test_accuracy_strategy_132_epoch0": 0.8509915014164305, "ENV_Test_accuracy_strategy_23": 0.7952819518500566, "ENV_Test_accuracy_strategy_23_epoch0": 0.8049765713362417, "ENV_Test_accuracy_strategy_107": 0.8702791461412152, "ENV_Test_accuracy_strategy_107_epoch0": 0.8801313628899836, "ENV_Test_accuracy_strategy_43": 0.7964376590330788, "ENV_Test_accuracy_strategy_43_epoch0": 0.8174300254452926, "ENV_Test_accuracy_strategy_17": 0.7631578947368421, "ENV_Test_accuracy_strategy_17_epoch0": 0.7631578947368421, "ENV_Test_accuracy_strategy_93": 0.7902033271719039, "ENV_Test_accuracy_strategy_93_epoch0": 0.8151571164510166, "ENV_Test_accuracy_per_mean_strategy": 0.8098310068760072, "ENV_Test_accuracy_per_mean_strategy_epoch0": 0.8219740787126346, "ENV_Test_accuracy_per_mean_user": 0.8081782802767759, "ENV_Test_accuracy_per_mean_user_epoch0": 0.8179686608888765, "ENV_Test_accuracy_per_mean_user_and_bot": 0.8311694091524983, "ENV_Test_accuracy_per_mean_user_and_bot_epoch0": 0.845887029977843, "ENV_Train_TotalLoss_epoch1": 902.6679873082841, "ENV_Train_Right action_epoch1": 0.8174182819290915, "ENV_Train_Probability to choose the right action_epoch1": 0.7458331841140307, "ENV_Train_Weighted right action_epoch1": 0.8174182819290915, "ENV_Train_Weighted probability to choose the right action:_epoch1": 0.7458331841140307, "ENV_Test_TotalLoss_epoch1": 190.96971167958597, "ENV_Test_Right action_epoch1": 0.812928, "ENV_Test_Probability to choose the right action_epoch1": 0.7577307074012035, "ENV_Test_Weighted right action_epoch1": 0.8563680477593657, "ENV_Test_Weighted probability to choose the right action:_epoch1": 0.7965835840977298, "ENV_Test_proba_accuracy_epoch1": 0.7577307074012034, "ENV_Test_proba_accuracy_strategy_132_epoch1": 0.8032797455029279, "ENV_Test_proba_accuracy_strategy_23_epoch1": 0.7577811410001458, "ENV_Test_proba_accuracy_strategy_107_epoch1": 0.8343519905114559, "ENV_Test_proba_accuracy_strategy_43_epoch1": 0.7615912824676261, "ENV_Test_proba_accuracy_strategy_17_epoch1": 0.7256464510520653, "ENV_Test_proba_accuracy_strategy_93_epoch1": 0.7651152090417234, "ENV_Test_proba_accuracy_per_mean_strategy_epoch1": 0.7746276365959907, "ENV_Test_proba_accuracy_per_mean_user_epoch1": 0.7692564907086943, "ENV_Test_proba_accuracy_per_mean_user_and_bot_epoch1": 0.7965835840977298, "ENV_Test_accuracy_epoch1": 0.812928, "ENV_Test_accuracy_strategy_132_epoch1": 0.8623229461756374, "ENV_Test_accuracy_strategy_23_epoch1": 0.8146711908224269, "ENV_Test_accuracy_strategy_107_epoch1": 0.8949096880131363, "ENV_Test_accuracy_strategy_43_epoch1": 0.8193384223918575, "ENV_Test_accuracy_strategy_17_epoch1": 0.772912885662432, "ENV_Test_accuracy_strategy_93_epoch1": 0.8299445471349353, "ENV_Test_accuracy_per_mean_strategy_epoch1": 0.8323499467000709, "ENV_Test_accuracy_per_mean_user_epoch1": 0.8256734749564323, "ENV_Test_accuracy_per_mean_user_and_bot_epoch1": 0.8563680477593669, "ENV_Train_TotalLoss_epoch2": 862.2766394710204, "ENV_Train_Right action_epoch2": 0.8245135860449514, "ENV_Train_Probability to choose the right action_epoch2": 0.7573866660419994, "ENV_Train_Weighted right action_epoch2": 0.8245135860449514, "ENV_Train_Weighted probability to choose the right action:_epoch2": 0.7573866660419994, "ENV_Test_TotalLoss_epoch2": 199.55891843202062, "ENV_Test_Right action_epoch2": 0.810048, "ENV_Test_Probability to choose the right action_epoch2": 0.7535232676041501, "ENV_Test_Weighted right action_epoch2": 0.8542309250393963, "ENV_Test_Weighted probability to choose the right action:_epoch2": 0.8004931047377812, "ENV_Test_proba_accuracy_epoch2": 0.7535232676041504, "ENV_Test_proba_accuracy_strategy_132_epoch2": 0.8127943794867919, "ENV_Test_proba_accuracy_strategy_23_epoch2": 0.7481067270328183, "ENV_Test_proba_accuracy_strategy_107_epoch2": 0.8321086978760767, "ENV_Test_proba_accuracy_strategy_43_epoch2": 0.7652143964838796, "ENV_Test_proba_accuracy_strategy_17_epoch2": 0.721204362393129, "ENV_Test_proba_accuracy_strategy_93_epoch2": 0.7582683781944985, "ENV_Test_proba_accuracy_per_mean_strategy_epoch2": 0.7729494902445323, "ENV_Test_proba_accuracy_per_mean_user_epoch2": 0.7691931898596324, "ENV_Test_proba_accuracy_per_mean_user_and_bot_epoch2": 0.8004931047377811, "ENV_Test_accuracy_epoch2": 0.810048, "ENV_Test_accuracy_strategy_132_epoch2": 0.8589235127478754, "ENV_Test_accuracy_strategy_23_epoch2": 0.8086928421392794, "ENV_Test_accuracy_strategy_107_epoch2": 0.8899835796387521, "ENV_Test_accuracy_strategy_43_epoch2": 0.8199745547073791, "ENV_Test_accuracy_strategy_17_epoch2": 0.7781306715063521, "ENV_Test_accuracy_strategy_93_epoch2": 0.8086876155268022, "ENV_Test_accuracy_per_mean_strategy_epoch2": 0.8273987960444066, "ENV_Test_accuracy_per_mean_user_epoch2": 0.8259500651962277, "ENV_Test_accuracy_per_mean_user_and_bot_epoch2": 0.8542309250393979, "ENV_Train_TotalLoss_epoch3": 827.4033707581664, "ENV_Train_Right action_epoch3": 0.8311713726586525, "ENV_Train_Probability to choose the right action_epoch3": 0.7665198195749191, "ENV_Train_Weighted right action_epoch3": 0.8311713726586525, "ENV_Train_Weighted probability to choose the right action:_epoch3": 0.7665198195749191, "ENV_Test_TotalLoss_epoch3": 205.15357350886893, "ENV_Test_Right action_epoch3": 0.80704, "ENV_Test_Probability to choose the right action_epoch3": 0.7651755259523019, "ENV_Test_Weighted right action_epoch3": 0.848654869985458, "ENV_Test_Weighted probability to choose the right action:_epoch3": 0.8087246555884389, "ENV_Test_proba_accuracy_epoch3": 0.7651755259523025, "ENV_Test_proba_accuracy_strategy_132_epoch3": 0.8130745344642827, "ENV_Test_proba_accuracy_strategy_23_epoch3": 0.7633346454126937, "ENV_Test_proba_accuracy_strategy_107_epoch3": 0.8457545254050673, "ENV_Test_proba_accuracy_strategy_43_epoch3": 0.7755049551700217, "ENV_Test_proba_accuracy_strategy_17_epoch3": 0.7329461791868064, "ENV_Test_proba_accuracy_strategy_93_epoch3": 0.7685100423860488, "ENV_Test_proba_accuracy_per_mean_strategy_epoch3": 0.7831874803374866, "ENV_Test_proba_accuracy_per_mean_user_epoch3": 0.7796451855472151, "ENV_Test_proba_accuracy_per_mean_user_and_bot_epoch3": 0.8087246555884398, "ENV_Test_accuracy_epoch3": 0.80704, "ENV_Test_accuracy_strategy_132_epoch3": 0.8453257790368272, "ENV_Test_accuracy_strategy_23_epoch3": 0.8083696881564065, "ENV_Test_accuracy_strategy_107_epoch3": 0.8850574712643678, "ENV_Test_accuracy_strategy_43_epoch3": 0.8129770992366412, "ENV_Test_accuracy_strategy_17_epoch3": 0.7767695099818511, "ENV_Test_accuracy_strategy_93_epoch3": 0.8077634011090573, "ENV_Test_accuracy_per_mean_strategy_epoch3": 0.8227104914641918, "ENV_Test_accuracy_per_mean_user_epoch3": 0.8213079086669313, "ENV_Test_accuracy_per_mean_user_and_bot_epoch3": 0.8486548699854585, "ENV_Train_TotalLoss_epoch4": 802.0078318953748, "ENV_Train_Right action_epoch4": 0.8377947692866828, "ENV_Train_Probability to choose the right action_epoch4": 0.7743150906462521, "ENV_Train_Weighted right action_epoch4": 0.8377947692866828, "ENV_Train_Weighted probability to choose the right action:_epoch4": 0.7743150906462521, "ENV_Test_TotalLoss_epoch4": 197.23533396866378, "ENV_Test_Right action_epoch4": 0.811072, "ENV_Test_Probability to choose the right action_epoch4": 0.7628351463840072, "ENV_Test_Weighted right action_epoch4": 0.8575670212442393, "ENV_Test_Weighted probability to choose the right action:_epoch4": 0.8101745543196368, "ENV_Test_proba_accuracy_epoch4": 0.7628351463840075, "ENV_Test_proba_accuracy_strategy_132_epoch4": 0.823020139372012, "ENV_Test_proba_accuracy_strategy_23_epoch4": 0.7576721825261999, "ENV_Test_proba_accuracy_strategy_107_epoch4": 0.8505606616773665, "ENV_Test_proba_accuracy_strategy_43_epoch4": 0.776132581588618, "ENV_Test_proba_accuracy_strategy_17_epoch4": 0.7282501993350022, "ENV_Test_proba_accuracy_strategy_93_epoch4": 0.7663925496454259, "ENV_Test_proba_accuracy_per_mean_strategy_epoch4": 0.7836713856907708, "ENV_Test_proba_accuracy_per_mean_user_epoch4": 0.7788250296823798, "ENV_Test_proba_accuracy_per_mean_user_and_bot_epoch4": 0.810174554319637, "ENV_Test_accuracy_epoch4": 0.811072, "ENV_Test_accuracy_strategy_132_epoch4": 0.8640226628895185, "ENV_Test_accuracy_strategy_23_epoch4": 0.8130554209080627, "ENV_Test_accuracy_strategy_107_epoch4": 0.8916256157635468, "ENV_Test_accuracy_strategy_43_epoch4": 0.823791348600509, "ENV_Test_accuracy_strategy_17_epoch4": 0.770644283121597, "ENV_Test_accuracy_strategy_93_epoch4": 0.8142329020332717, "ENV_Test_accuracy_per_mean_strategy_epoch4": 0.8295620388860843, "ENV_Test_accuracy_per_mean_user_epoch4": 0.8274900096423746, "ENV_Test_accuracy_per_mean_user_and_bot_epoch4": 0.8575670212442392, "ENV_Train_TotalLoss_epoch5": 780.0877160334092, "ENV_Train_Right action_epoch5": 0.8419765166340509, "ENV_Train_Probability to choose the right action_epoch5": 0.7807770350371133, "ENV_Train_Weighted right action_epoch5": 0.8419765166340509, "ENV_Train_Weighted probability to choose the right action:_epoch5": 0.7807770350371133, "ENV_Test_TotalLoss_epoch5": 213.4055622074781, "ENV_Test_Right action_epoch5": 0.811456, "ENV_Test_Probability to choose the right action_epoch5": 0.7768589545520731, "ENV_Test_Weighted right action_epoch5": 0.8572183264018414, "ENV_Test_Weighted probability to choose the right action:_epoch5": 0.822172309825691, "ENV_Test_proba_accuracy_epoch5": 0.7768589545520738, "ENV_Test_proba_accuracy_strategy_132_epoch5": 0.8307199886173072, "ENV_Test_proba_accuracy_strategy_23_epoch5": 0.7748859906285006, "ENV_Test_proba_accuracy_strategy_107_epoch5": 0.8608899038304225, "ENV_Test_proba_accuracy_strategy_43_epoch5": 0.7858887649249539, "ENV_Test_proba_accuracy_strategy_17_epoch5": 0.7434392662115898, "ENV_Test_proba_accuracy_strategy_93_epoch5": 0.776018127182413, "ENV_Test_proba_accuracy_per_mean_strategy_epoch5": 0.7953070068991979, "ENV_Test_proba_accuracy_per_mean_user_epoch5": 0.7924623137763921, "ENV_Test_proba_accuracy_per_mean_user_and_bot_epoch5": 0.8221723098256913, "ENV_Test_accuracy_epoch5": 0.811456, "ENV_Test_accuracy_strategy_132_epoch5": 0.8640226628895185, "ENV_Test_accuracy_strategy_23_epoch5": 0.8130554209080627, "ENV_Test_accuracy_strategy_107_epoch5": 0.8949096880131363, "ENV_Test_accuracy_strategy_43_epoch5": 0.8193384223918575, "ENV_Test_accuracy_strategy_17_epoch5": 0.7733666061705989, "ENV_Test_accuracy_strategy_93_epoch5": 0.8133086876155268, "ENV_Test_accuracy_per_mean_strategy_epoch5": 0.8296669146647835, "ENV_Test_accuracy_per_mean_user_epoch5": 0.8277780079474897, "ENV_Test_accuracy_per_mean_user_and_bot_epoch5": 0.8572183264018417, "ENV_Train_TotalLoss_epoch6": 750.8592766166695, "ENV_Train_Right action_epoch6": 0.8482024340147271, "ENV_Train_Probability to choose the right action_epoch6": 0.7885421515708729, "ENV_Train_Weighted right action_epoch6": 0.8482024340147271, "ENV_Train_Weighted probability to choose the right action:_epoch6": 0.7885421515708729, "ENV_Test_TotalLoss_epoch6": 233.41290570248873, "ENV_Test_Right action_epoch6": 0.810944, "ENV_Test_Probability to choose the right action_epoch6": 0.7780924554862222, "ENV_Test_Weighted right action_epoch6": 0.8548710698625945, "ENV_Test_Weighted probability to choose the right action:_epoch6": 0.8251058997079884, "ENV_Test_proba_accuracy_epoch6": 0.7780924554862222, "ENV_Test_proba_accuracy_strategy_132_epoch6": 0.8380776449116221, "ENV_Test_proba_accuracy_strategy_23_epoch6": 0.7729518286325758, "ENV_Test_proba_accuracy_strategy_107_epoch6": 0.8638901001964765, "ENV_Test_proba_accuracy_strategy_43_epoch6": 0.789615305514595, "ENV_Test_proba_accuracy_strategy_17_epoch6": 0.7446539485220282, "ENV_Test_proba_accuracy_strategy_93_epoch6": 0.7808408224792045, "ENV_Test_proba_accuracy_per_mean_strategy_epoch6": 0.7983382750427505, "ENV_Test_proba_accuracy_per_mean_user_epoch6": 0.7946234631686695, "ENV_Test_proba_accuracy_per_mean_user_and_bot_epoch6": 0.8251058997079896, "ENV_Test_accuracy_epoch6": 0.810944, "ENV_Test_accuracy_strategy_132_epoch6": 0.8719546742209632, "ENV_Test_accuracy_strategy_23_epoch6": 0.8072386492163516, "ENV_Test_accuracy_strategy_107_epoch6": 0.8850574712643678, "ENV_Test_accuracy_strategy_43_epoch6": 0.821882951653944, "ENV_Test_accuracy_strategy_17_epoch6": 0.7763157894736842, "ENV_Test_accuracy_strategy_93_epoch6": 0.8160813308687616, "ENV_Test_accuracy_per_mean_strategy_epoch6": 0.8297551444496788, "ENV_Test_accuracy_per_mean_user_epoch6": 0.8267836155083141, "ENV_Test_accuracy_per_mean_user_and_bot_epoch6": 0.8548710698625961, "ENV_Train_TotalLoss_epoch7": 744.3436120352912, "ENV_Train_Right action_epoch7": 0.84874196253844, "ENV_Train_Probability to choose the right action_epoch7": 0.7917278268484292, "ENV_Train_Weighted right action_epoch7": 0.84874196253844, "ENV_Train_Weighted probability to choose the right action:_epoch7": 0.7917278268484292, "ENV_Test_TotalLoss_epoch7": 223.5117722077435, "ENV_Test_Right action_epoch7": 0.808512, "ENV_Test_Probability to choose the right action_epoch7": 0.7725033500714997, "ENV_Test_Weighted right action_epoch7": 0.8485870330084048, "ENV_Test_Weighted probability to choose the right action:_epoch7": 0.8135780176883565, "ENV_Test_proba_accuracy_epoch7": 0.7725033500714985, "ENV_Test_proba_accuracy_strategy_132_epoch7": 0.8169250757912908, "ENV_Test_proba_accuracy_strategy_23_epoch7": 0.7741526627404943, "ENV_Test_proba_accuracy_strategy_107_epoch7": 0.8532968090130428, "ENV_Test_proba_accuracy_strategy_43_epoch7": 0.7795453447683848, "ENV_Test_proba_accuracy_strategy_17_epoch7": 0.7390829173145506, "ENV_Test_proba_accuracy_strategy_93_epoch7": 0.771054268213711, "ENV_Test_proba_accuracy_per_mean_strategy_epoch7": 0.7890095129735791, "ENV_Test_proba_accuracy_per_mean_user_epoch7": 0.7863729587707237, "ENV_Test_proba_accuracy_per_mean_user_and_bot_epoch7": 0.8135780176883559, "ENV_Test_accuracy_epoch7": 0.808512, "ENV_Test_accuracy_strategy_132_epoch7": 0.8458923512747876, "ENV_Test_accuracy_strategy_23_epoch7": 0.8128938439166262, "ENV_Test_accuracy_strategy_107_epoch7": 0.8801313628899836, "ENV_Test_accuracy_strategy_43_epoch7": 0.8161577608142494, "ENV_Test_accuracy_strategy_17_epoch7": 0.7717785843920145, "ENV_Test_accuracy_strategy_93_epoch7": 0.8207024029574861, "ENV_Test_accuracy_per_mean_strategy_epoch7": 0.8245927177075245, "ENV_Test_accuracy_per_mean_user_epoch7": 0.8213674958297312, "ENV_Test_accuracy_per_mean_user_and_bot_epoch7": 0.8485870330084051, "ENV_Train_TotalLoss_epoch8": 711.2508833678486, "ENV_Train_Right action_epoch8": 0.8567674480367901, "ENV_Train_Probability to choose the right action_epoch8": 0.7997348743547588, "ENV_Train_Weighted right action_epoch8": 0.8567674480367901, "ENV_Train_Weighted probability to choose the right action:_epoch8": 0.7997348743547588, "ENV_Test_TotalLoss_epoch8": 245.78471804472207, "ENV_Test_Right action_epoch8": 0.81216, "ENV_Test_Probability to choose the right action_epoch8": 0.7816664033236437, "ENV_Test_Weighted right action_epoch8": 0.8536343818997066, "ENV_Test_Weighted probability to choose the right action:_epoch8": 0.8255735027127059, "ENV_Test_proba_accuracy_epoch8": 0.7816664033236438, "ENV_Test_proba_accuracy_strategy_132_epoch8": 0.8332302348753127, "ENV_Test_proba_accuracy_strategy_23_epoch8": 0.7795300851524788, "ENV_Test_proba_accuracy_strategy_107_epoch8": 0.8620814625499661, "ENV_Test_proba_accuracy_strategy_43_epoch8": 0.7927183183327039, "ENV_Test_proba_accuracy_strategy_17_epoch8": 0.7472139282331167, "ENV_Test_proba_accuracy_strategy_93_epoch8": 0.7888120957530492, "ENV_Test_proba_accuracy_per_mean_strategy_epoch8": 0.8005976874827713, "ENV_Test_proba_accuracy_per_mean_user_epoch8": 0.7966589890571903, "ENV_Test_proba_accuracy_per_mean_user_and_bot_epoch8": 0.8255735027127057, "ENV_Test_accuracy_epoch8": 0.81216, "ENV_Test_accuracy_strategy_132_epoch8": 0.8674220963172804, "ENV_Test_accuracy_strategy_23_epoch8": 0.8148327678138633, "ENV_Test_accuracy_strategy_107_epoch8": 0.8850574712643678, "ENV_Test_accuracy_strategy_43_epoch8": 0.8206106870229007, "ENV_Test_accuracy_strategy_17_epoch8": 0.7699637023593466, "ENV_Test_accuracy_strategy_93_epoch8": 0.8253234750462107, "ENV_Test_accuracy_per_mean_strategy_epoch8": 0.830535033303995, "ENV_Test_accuracy_per_mean_user_epoch8": 0.8270903447049455, "ENV_Test_accuracy_per_mean_user_and_bot_epoch8": 0.8536343818997068, "ENV_Train_TotalLoss_epoch9": 690.8630006946137, "ENV_Train_Right action_epoch9": 0.8599002082488924, "ENV_Train_Probability to choose the right action_epoch9": 0.8054642580015197, "ENV_Train_Weighted right action_epoch9": 0.8599002082488924, "ENV_Train_Weighted probability to choose the right action:_epoch9": 0.8054642580015197, "ENV_Test_TotalLoss_epoch9": 229.285563866474, "ENV_Test_Right action_epoch9": 0.806464, "ENV_Test_Probability to choose the right action_epoch9": 0.7595981802749069, "ENV_Test_Weighted right action_epoch9": 0.846908877786872, "ENV_Test_Weighted probability to choose the right action:_epoch9": 0.8051539965923161, "ENV_Test_proba_accuracy_epoch9": 0.7595981802749068, "ENV_Test_proba_accuracy_strategy_132_epoch9": 0.813778739353303, "ENV_Test_proba_accuracy_strategy_23_epoch9": 0.7567616208434688, "ENV_Test_proba_accuracy_strategy_107_epoch9": 0.8462933616044643, "ENV_Test_proba_accuracy_strategy_43_epoch9": 0.7673763722631843, "ENV_Test_proba_accuracy_strategy_17_epoch9": 0.7260631046457502, "ENV_Test_proba_accuracy_strategy_93_epoch9": 0.7639648250862277, "ENV_Test_proba_accuracy_per_mean_strategy_epoch9": 0.7790396706327329, "ENV_Test_proba_accuracy_per_mean_user_epoch9": 0.7755945750869837, "ENV_Test_proba_accuracy_per_mean_user_and_bot_epoch9": 0.805153996592316, "ENV_Test_accuracy_epoch9": 0.806464, "ENV_Test_accuracy_strategy_132_epoch9": 0.8543909348441926, "ENV_Test_accuracy_strategy_23_epoch9": 0.8078849571820973, "ENV_Test_accuracy_strategy_107_epoch9": 0.8801313628899836, "ENV_Test_accuracy_strategy_43_epoch9": 0.8123409669211196, "ENV_Test_accuracy_strategy_17_epoch9": 0.7710980036297641, "ENV_Test_accuracy_strategy_93_epoch9": 0.8142329020332717, "ENV_Test_accuracy_per_mean_strategy_epoch9": 0.8233465212500715, "ENV_Test_accuracy_per_mean_user_epoch9": 0.8213258731617099, "ENV_Test_accuracy_per_mean_user_and_bot_epoch9": 0.8469088777868722, "ENV_Train_TotalLoss_epoch10": 678.5489313461457, "ENV_Train_Right action_epoch10": 0.8645512999720436, "ENV_Train_Probability to choose the right action_epoch10": 0.810518188090067, "ENV_Train_Weighted right action_epoch10": 0.8645512999720436, "ENV_Train_Weighted probability to choose the right action:_epoch10": 0.810518188090067, "ENV_Test_TotalLoss_epoch10": 304.1797858813546, "ENV_Test_Right action_epoch10": 0.809408, "ENV_Test_Probability to choose the right action_epoch10": 0.78135668939969, "ENV_Test_Weighted right action_epoch10": 0.8539449582203912, "ENV_Test_Weighted probability to choose the right action:_epoch10": 0.8238764521609769, "ENV_Test_proba_accuracy_epoch10": 0.7813566893996906, "ENV_Test_proba_accuracy_strategy_132_epoch10": 0.834840343395141, "ENV_Test_proba_accuracy_strategy_23_epoch10": 0.782145629718751, "ENV_Test_proba_accuracy_strategy_107_epoch10": 0.8643310264727176, "ENV_Test_proba_accuracy_strategy_43_epoch10": 0.7861311079292668, "ENV_Test_proba_accuracy_strategy_17_epoch10": 0.7448615865646192, "ENV_Test_proba_accuracy_strategy_93_epoch10": 0.7846397348288875, "ENV_Test_proba_accuracy_per_mean_strategy_epoch10": 0.7994915714848972, "ENV_Test_proba_accuracy_per_mean_user_epoch10": 0.7953780211687355, "ENV_Test_proba_accuracy_per_mean_user_and_bot_epoch10": 0.8238764521609762, "ENV_Test_accuracy_epoch10": 0.809408, "ENV_Test_accuracy_strategy_132_epoch10": 0.8645892351274788, "ENV_Test_accuracy_strategy_23_epoch10": 0.8117628049765714, "ENV_Test_accuracy_strategy_107_epoch10": 0.8850574712643678, "ENV_Test_accuracy_strategy_43_epoch10": 0.8097964376590331, "ENV_Test_accuracy_strategy_17_epoch10": 0.7726860254083484, "ENV_Test_accuracy_strategy_93_epoch10": 0.8123844731977818, "ENV_Test_accuracy_per_mean_strategy_epoch10": 0.826046074605597, "ENV_Test_accuracy_per_mean_user_epoch10": 0.8244938005695648, "ENV_Test_accuracy_per_mean_user_and_bot_epoch10": 0.8539449582203915, "ENV_Train_TotalLoss_epoch11": 659.4960096461272, "ENV_Train_Right action_epoch11": 0.8667458764327649, "ENV_Train_Probability to choose the right action_epoch11": 0.8159018999429234, "ENV_Train_Weighted right action_epoch11": 0.8667458764327649, "ENV_Train_Weighted probability to choose the right action:_epoch11": 0.8159018999429234, "ENV_Test_TotalLoss_epoch11": 265.18229196074026, "ENV_Test_Right action_epoch11": 0.809408, "ENV_Test_Probability to choose the right action_epoch11": 0.7783827761009262, "ENV_Test_Weighted right action_epoch11": 0.8522317252185021, "ENV_Test_Weighted probability to choose the right action:_epoch11": 0.8216773888828873, "ENV_Test_proba_accuracy_epoch11": 0.778382776100926, "ENV_Test_proba_accuracy_strategy_132_epoch11": 0.8292257559979193, "ENV_Test_proba_accuracy_strategy_23_epoch11": 0.7787881911824173, "ENV_Test_proba_accuracy_strategy_107_epoch11": 0.8592721688046477, "ENV_Test_proba_accuracy_strategy_43_epoch11": 0.7854696237809397, "ENV_Test_proba_accuracy_strategy_17_epoch11": 0.7441960672300577, "ENV_Test_proba_accuracy_strategy_93_epoch11": 0.7765767451727346, "ENV_Test_proba_accuracy_per_mean_strategy_epoch11": 0.7955880920281194, "ENV_Test_proba_accuracy_per_mean_user_epoch11": 0.7931117203193567, "ENV_Test_proba_accuracy_per_mean_user_and_bot_epoch11": 0.8216773888828882, "ENV_Test_accuracy_epoch11": 0.809408, "ENV_Test_accuracy_strategy_132_epoch11": 0.851558073654391, "ENV_Test_accuracy_strategy_23_epoch11": 0.8162869607367911, "ENV_Test_accuracy_strategy_107_epoch11": 0.8883415435139573, "ENV_Test_accuracy_strategy_43_epoch11": 0.8161577608142494, "ENV_Test_accuracy_strategy_17_epoch11": 0.7690562613430127, "ENV_Test_accuracy_strategy_93_epoch11": 0.8114602587800369, "ENV_Test_accuracy_per_mean_strategy_epoch11": 0.825476809807073, "ENV_Test_accuracy_per_mean_user_epoch11": 0.8245392225228342, "ENV_Test_accuracy_per_mean_user_and_bot_epoch11": 0.8522317252185038, "ENV_Train_TotalLoss_epoch12": 638.6420100286983, "ENV_Train_Right action_epoch12": 0.8728632329303235, "ENV_Train_Probability to choose the right action_epoch12": 0.8220974969379814, "ENV_Train_Weighted right action_epoch12": 0.8728632329303235, "ENV_Train_Weighted probability to choose the right action:_epoch12": 0.8220974969379814, "ENV_Test_TotalLoss_epoch12": 245.33513230947952, "ENV_Test_Right action_epoch12": 0.809152, "ENV_Test_Probability to choose the right action_epoch12": 0.7735646924206706, "ENV_Test_Weighted right action_epoch12": 0.8509520655895295, "ENV_Test_Weighted probability to choose the right action:_epoch12": 0.8198172531074288, "ENV_Test_proba_accuracy_epoch12": 0.7735646924206696, "ENV_Test_proba_accuracy_strategy_132_epoch12": 0.8297687954882339, "ENV_Test_proba_accuracy_strategy_23_epoch12": 0.7693994502031404, "ENV_Test_proba_accuracy_strategy_107_epoch12": 0.8592204627713957, "ENV_Test_proba_accuracy_strategy_43_epoch12": 0.7865975056857036, "ENV_Test_proba_accuracy_strategy_17_epoch12": 0.7407374226455319, "ENV_Test_proba_accuracy_strategy_93_epoch12": 0.772297687561724, "ENV_Test_proba_accuracy_per_mean_strategy_epoch12": 0.7930035540592882, "ENV_Test_proba_accuracy_per_mean_user_epoch12": 0.7892297888540036, "ENV_Test_proba_accuracy_per_mean_user_and_bot_epoch12": 0.81981725310743, "ENV_Test_accuracy_epoch12": 0.809152, "ENV_Test_accuracy_strategy_132_epoch12": 0.860056657223796, "ENV_Test_accuracy_strategy_23_epoch12": 0.8103086120536436, "ENV_Test_accuracy_strategy_107_epoch12": 0.8768472906403941, "ENV_Test_accuracy_strategy_43_epoch12": 0.8155216284987278, "ENV_Test_accuracy_strategy_17_epoch12": 0.7740471869328494, "ENV_Test_accuracy_strategy_93_epoch12": 0.8151571164510166, "ENV_Test_accuracy_per_mean_strategy_epoch12": 0.8253230819667378, "ENV_Test_accuracy_per_mean_user_epoch12": 0.8237302925001447, "ENV_Test_accuracy_per_mean_user_and_bot_epoch12": 0.8509520655895311, "ENV_Train_TotalLoss_epoch13": 621.4852498390757, "ENV_Train_Right action_epoch13": 0.8766981606753508, "ENV_Train_Probability to choose the right action_epoch13": 0.8273765496198897, "ENV_Train_Weighted right action_epoch13": 0.8766981606753508, "ENV_Train_Weighted probability to choose the right action:_epoch13": 0.8273765496198897, "ENV_Test_TotalLoss_epoch13": 247.6975388694239, "ENV_Test_Right action_epoch13": 0.806464, "ENV_Test_Probability to choose the right action_epoch13": 0.7758547405347196, "ENV_Test_Weighted right action_epoch13": 0.850103603544204, "ENV_Test_Weighted probability to choose the right action:_epoch13": 0.8200468090511753, "ENV_Test_proba_accuracy_epoch13": 0.7758547405347203, "ENV_Test_proba_accuracy_strategy_132_epoch13": 0.8362935148415773, "ENV_Test_proba_accuracy_strategy_23_epoch13": 0.7738829760611297, "ENV_Test_proba_accuracy_strategy_107_epoch13": 0.8617965248696854, "ENV_Test_proba_accuracy_strategy_43_epoch13": 0.7823419524034774, "ENV_Test_proba_accuracy_strategy_17_epoch13": 0.7403509026133263, "ENV_Test_proba_accuracy_strategy_93_epoch13": 0.7753864295506849, "ENV_Test_proba_accuracy_per_mean_strategy_epoch13": 0.7950087167233136, "ENV_Test_proba_accuracy_per_mean_user_epoch13": 0.7920769839356289, "ENV_Test_proba_accuracy_per_mean_user_and_bot_epoch13": 0.820046809051176, "ENV_Test_accuracy_epoch13": 0.806464, "ENV_Test_accuracy_strategy_132_epoch13": 0.8691218130311614, "ENV_Test_accuracy_strategy_23_epoch13": 0.8072386492163516, "ENV_Test_accuracy_strategy_107_epoch13": 0.8916256157635468, "ENV_Test_accuracy_strategy_43_epoch13": 0.8085241730279898, "ENV_Test_accuracy_strategy_17_epoch13": 0.7686025408348457, "ENV_Test_accuracy_strategy_93_epoch13": 0.8031423290203327, "ENV_Test_accuracy_per_mean_strategy_epoch13": 0.8247091868157046, "ENV_Test_accuracy_per_mean_user_epoch13": 0.8226169225513609, "ENV_Test_accuracy_per_mean_user_and_bot_epoch13": 0.8501036035442052, "ENV_Train_TotalLoss_epoch14": 595.8255223034985, "ENV_Train_Right action_epoch14": 0.8808565358380857, "ENV_Train_Probability to choose the right action_epoch14": 0.8331303545170907, "ENV_Train_Weighted right action_epoch14": 0.8808565358380857, "ENV_Train_Weighted probability to choose the right action:_epoch14": 0.8331303545170907, "ENV_Test_TotalLoss_epoch14": 260.2788393195112, "ENV_Test_Right action_epoch14": 0.80448, "ENV_Test_Probability to choose the right action_epoch14": 0.7772863774379056, "ENV_Test_Weighted right action_epoch14": 0.8466890818108059, "ENV_Test_Weighted probability to choose the right action:_epoch14": 0.8185053816221716, "ENV_Test_proba_accuracy_epoch14": 0.7772863774379053, "ENV_Test_proba_accuracy_strategy_132_epoch14": 0.830366142673232, "ENV_Test_proba_accuracy_strategy_23_epoch14": 0.7770956169894812, "ENV_Test_proba_accuracy_strategy_107_epoch14": 0.8558248673960006, "ENV_Test_proba_accuracy_strategy_43_epoch14": 0.7823286191266793, "ENV_Test_proba_accuracy_strategy_17_epoch14": 0.74343611926001, "ENV_Test_proba_accuracy_strategy_93_epoch14": 0.7781647734673649, "ENV_Test_proba_accuracy_per_mean_strategy_epoch14": 0.794536023152128, "ENV_Test_proba_accuracy_per_mean_user_epoch14": 0.7911068837321723, "ENV_Test_proba_accuracy_per_mean_user_and_bot_epoch14": 0.8185053816221712, "ENV_Test_accuracy_epoch14": 0.80448, "ENV_Test_accuracy_strategy_132_epoch14": 0.8560906515580736, "ENV_Test_accuracy_strategy_23_epoch14": 0.805461302310551, "ENV_Test_accuracy_strategy_107_epoch14": 0.8784893267651889, "ENV_Test_accuracy_strategy_43_epoch14": 0.8123409669211196, "ENV_Test_accuracy_strategy_17_epoch14": 0.7670145190562614, "ENV_Test_accuracy_strategy_93_epoch14": 0.8142329020332717, "ENV_Test_accuracy_per_mean_strategy_epoch14": 0.8222716114407443, "ENV_Test_accuracy_per_mean_user_epoch14": 0.8170951348404188, "ENV_Test_accuracy_per_mean_user_and_bot_epoch14": 0.8466890818108073, "ENV_Train_TotalLoss_epoch15": 588.8925295290018, "ENV_Train_Right action_epoch15": 0.8837976488349012, "ENV_Train_Probability to choose the right action_epoch15": 0.8365389744520542, "ENV_Train_Weighted right action_epoch15": 0.8837976488349012, "ENV_Train_Weighted probability to choose the right action:_epoch15": 0.8365389744520542, "ENV_Test_TotalLoss_epoch15": 319.36099405784694, "ENV_Test_Right action_epoch15": 0.80416, "ENV_Test_Probability to choose the right action_epoch15": 0.7831629651276799, "ENV_Test_Weighted right action_epoch15": 0.8458537797095366, "ENV_Test_Weighted probability to choose the right action:_epoch15": 0.8260036287059199, "ENV_Test_proba_accuracy_epoch15": 0.7831629651276795, "ENV_Test_proba_accuracy_strategy_132_epoch15": 0.8390917902374249, "ENV_Test_proba_accuracy_strategy_23_epoch15": 0.7809296317220384, "ENV_Test_proba_accuracy_strategy_107_epoch15": 0.8581394158920956, "ENV_Test_proba_accuracy_strategy_43_epoch15": 0.7891216730621098, "ENV_Test_proba_accuracy_strategy_17_epoch15": 0.7495734779638816, "ENV_Test_proba_accuracy_strategy_93_epoch15": 0.7906883220208202, "ENV_Test_proba_accuracy_per_mean_strategy_epoch15": 0.8012573851497283, "ENV_Test_proba_accuracy_per_mean_user_epoch15": 0.7977125225690728, "ENV_Test_proba_accuracy_per_mean_user_and_bot_epoch15": 0.8260036287059194, "ENV_Test_accuracy_epoch15": 0.80416, "ENV_Test_accuracy_strategy_132_epoch15": 0.861756373937677, "ENV_Test_accuracy_strategy_23_epoch15": 0.8044918403619324, "ENV_Test_accuracy_strategy_107_epoch15": 0.8653530377668309, "ENV_Test_accuracy_strategy_43_epoch15": 0.8129770992366412, "ENV_Test_accuracy_strategy_17_epoch15": 0.7674682395644283, "ENV_Test_accuracy_strategy_93_epoch15": 0.8105360443622921, "ENV_Test_accuracy_per_mean_strategy_epoch15": 0.820430439204967, "ENV_Test_accuracy_per_mean_user_epoch15": 0.8187301058000918, "ENV_Test_accuracy_per_mean_user_and_bot_epoch15": 0.8458537797095368, "ENV_Train_TotalLoss_epoch16": 574.1801256256655, "ENV_Train_Right action_epoch16": 0.8867207156835337, "ENV_Train_Probability to choose the right action_epoch16": 0.8402701558276496, "ENV_Train_Weighted right action_epoch16": 0.8867207156835337, "ENV_Train_Weighted probability to choose the right action:_epoch16": 0.8402701558276496, "ENV_Test_TotalLoss_epoch16": 277.52893812799374, "ENV_Test_Right action_epoch16": 0.799296, "ENV_Test_Probability to choose the right action_epoch16": 0.7733892843559735, "ENV_Test_Weighted right action_epoch16": 0.8364316616485006, "ENV_Test_Weighted probability to choose the right action:_epoch16": 0.8132222893035871, "ENV_Test_proba_accuracy_epoch16": 0.7733892843559731, "ENV_Test_proba_accuracy_strategy_132_epoch16": 0.8302938895590845, "ENV_Test_proba_accuracy_strategy_23_epoch16": 0.7727572311718449, "ENV_Test_proba_accuracy_strategy_107_epoch16": 0.8502624283615098, "ENV_Test_proba_accuracy_strategy_43_epoch16": 0.7731300121591596, "ENV_Test_proba_accuracy_strategy_17_epoch16": 0.7412074332954046, "ENV_Test_proba_accuracy_strategy_93_epoch16": 0.7723953653560501, "ENV_Test_proba_accuracy_per_mean_strategy_epoch16": 0.7900077266505089, "ENV_Test_proba_accuracy_per_mean_user_epoch16": 0.7873182913139983, "ENV_Test_proba_accuracy_per_mean_user_and_bot_epoch16": 0.8132222893035865, "ENV_Test_accuracy_epoch16": 0.799296, "ENV_Test_accuracy_strategy_132_epoch16": 0.8481586402266289, "ENV_Test_accuracy_strategy_23_epoch16": 0.8002908385845856, "ENV_Test_accuracy_strategy_107_epoch16": 0.8768472906403941, "ENV_Test_accuracy_strategy_43_epoch16": 0.80470737913486, "ENV_Test_accuracy_strategy_17_epoch16": 0.7658802177858439, "ENV_Test_accuracy_strategy_93_epoch16": 0.7985212569316081, "ENV_Test_accuracy_per_mean_strategy_epoch16": 0.8157342705506534, "ENV_Test_accuracy_per_mean_user_epoch16": 0.8126496616153134, "ENV_Test_accuracy_per_mean_user_and_bot_epoch16": 0.8364316616485018, "ENV_Train_TotalLoss_epoch17": 560.9576622126677, "ENV_Train_Right action_epoch17": 0.8889308228847793, "ENV_Train_Probability to choose the right action_epoch17": 0.8445054627794788, "ENV_Train_Weighted right action_epoch17": 0.8889308228847793, "ENV_Train_Weighted probability to choose the right action:_epoch17": 0.8445054627794788, "ENV_Test_TotalLoss_epoch17": 309.82271685483494, "ENV_Test_Right action_epoch17": 0.799808, "ENV_Test_Probability to choose the right action_epoch17": 0.7835817059301701, "ENV_Test_Weighted right action_epoch17": 0.838477237235033, "ENV_Test_Weighted probability to choose the right action:_epoch17": 0.8230074691537288, "ENV_Test_proba_accuracy_epoch17": 0.7835817059301704, "ENV_Test_proba_accuracy_strategy_132_epoch17": 0.8374557036297423, "ENV_Test_proba_accuracy_strategy_23_epoch17": 0.7808491863387301, "ENV_Test_proba_accuracy_strategy_107_epoch17": 0.8664138252798146, "ENV_Test_proba_accuracy_strategy_43_epoch17": 0.7852791908017592, "ENV_Test_proba_accuracy_strategy_17_epoch17": 0.7528215374619024, "ENV_Test_proba_accuracy_strategy_93_epoch17": 0.7875572821942491, "ENV_Test_proba_accuracy_per_mean_strategy_epoch17": 0.8017294542843664, "ENV_Test_proba_accuracy_per_mean_user_epoch17": 0.7980270084351198, "ENV_Test_proba_accuracy_per_mean_user_and_bot_epoch17": 0.8230074691537292, "ENV_Test_accuracy_epoch17": 0.799808, "ENV_Test_accuracy_strategy_132_epoch17": 0.8538243626062323, "ENV_Test_accuracy_strategy_23_epoch17": 0.7960898368072387, "ENV_Test_accuracy_strategy_107_epoch17": 0.8752052545155994, "ENV_Test_accuracy_strategy_43_epoch17": 0.8015267175572519, "ENV_Test_accuracy_strategy_17_epoch17": 0.7683756805807622, "ENV_Test_accuracy_strategy_93_epoch17": 0.8160813308687616, "ENV_Test_accuracy_per_mean_strategy_epoch17": 0.8185171971559743, "ENV_Test_accuracy_per_mean_user_epoch17": 0.814071379011174, "ENV_Test_accuracy_per_mean_user_and_bot_epoch17": 0.8384772372350343, "ENV_Train_TotalLoss_epoch18": 533.3590714841245, "ENV_Train_Right action_epoch18": 0.8955672321752983, "ENV_Train_Probability to choose the right action_epoch18": 0.8520653596762362, "ENV_Train_Weighted right action_epoch18": 0.8955672321752983, "ENV_Train_Weighted probability to choose the right action:_epoch18": 0.8520653596762362, "ENV_Test_TotalLoss_epoch18": 334.1529344027326, "ENV_Test_Right action_epoch18": 0.800064, "ENV_Test_Probability to choose the right action_epoch18": 0.7833980272975744, "ENV_Test_Weighted right action_epoch18": 0.8384706765089838, "ENV_Test_Weighted probability to choose the right action:_epoch18": 0.8253631703495627, "ENV_Test_proba_accuracy_epoch18": 0.7833980272975747, "ENV_Test_proba_accuracy_strategy_132_epoch18": 0.8414299187756115, "ENV_Test_proba_accuracy_strategy_23_epoch18": 0.7806503618582098, "ENV_Test_proba_accuracy_strategy_107_epoch18": 0.8745376381753913, "ENV_Test_proba_accuracy_strategy_43_epoch18": 0.7818530466848135, "ENV_Test_proba_accuracy_strategy_17_epoch18": 0.7517421128176808, "ENV_Test_proba_accuracy_strategy_93_epoch18": 0.7843619556446513, "ENV_Test_proba_accuracy_per_mean_strategy_epoch18": 0.8024291723260596, "ENV_Test_proba_accuracy_per_mean_user_epoch18": 0.7986488047829953, "ENV_Test_proba_accuracy_per_mean_user_and_bot_epoch18": 0.8253631703495621, "ENV_Test_accuracy_epoch18": 0.800064, "ENV_Test_accuracy_strategy_132_epoch18": 0.8572237960339943, "ENV_Test_accuracy_strategy_23_epoch18": 0.8002908385845856, "ENV_Test_accuracy_strategy_107_epoch18": 0.8834154351395731, "ENV_Test_accuracy_strategy_43_epoch18": 0.7907124681933843, "ENV_Test_accuracy_strategy_17_epoch18": 0.7681488203266787, "ENV_Test_accuracy_strategy_93_epoch18": 0.8022181146025879, "ENV_Test_accuracy_per_mean_strategy_epoch18": 0.8170015788134672, "ENV_Test_accuracy_per_mean_user_epoch18": 0.8154918592304464, "ENV_Test_accuracy_per_mean_user_and_bot_epoch18": 0.8384706765089844, "ENV_Train_TotalLoss_epoch19": 527.8745061191412, "ENV_Train_Right action_epoch19": 0.8955409561084707, "ENV_Train_Probability to choose the right action_epoch19": 0.8531667004725595, "ENV_Train_Weighted right action_epoch19": 0.8955409561084707, "ENV_Train_Weighted probability to choose the right action:_epoch19": 0.8531667004725595, "ENV_Test_TotalLoss_epoch19": 311.65429423710117, "ENV_Test_Right action_epoch19": 0.796864, "ENV_Test_Probability to choose the right action_epoch19": 0.7775390506215626, "ENV_Test_Weighted right action_epoch19": 0.8348380920897162, "ENV_Test_Weighted probability to choose the right action:_epoch19": 0.8189341353765526, "ENV_Test_proba_accuracy_epoch19": 0.7775390506215631, "ENV_Test_proba_accuracy_strategy_132_epoch19": 0.8309876969425609, "ENV_Test_proba_accuracy_strategy_23_epoch19": 0.774175322003978, "ENV_Test_proba_accuracy_strategy_107_epoch19": 0.8611691353264007, "ENV_Test_proba_accuracy_strategy_43_epoch19": 0.7856949333091048, "ENV_Test_proba_accuracy_strategy_17_epoch19": 0.7464050677228643, "ENV_Test_proba_accuracy_strategy_93_epoch19": 0.777509552567104, "ENV_Test_proba_accuracy_per_mean_strategy_epoch19": 0.7959902846453355, "ENV_Test_proba_accuracy_per_mean_user_epoch19": 0.7918936725450206, "ENV_Test_proba_accuracy_per_mean_user_and_bot_epoch19": 0.818934135376553, "ENV_Test_accuracy_epoch19": 0.796864, "ENV_Test_accuracy_strategy_132_epoch19": 0.8509915014164305, "ENV_Test_accuracy_strategy_23_epoch19": 0.7957666828243658, "ENV_Test_accuracy_strategy_107_epoch19": 0.8686371100164204, "ENV_Test_accuracy_strategy_43_epoch19": 0.8040712468193384, "ENV_Test_accuracy_strategy_17_epoch19": 0.7642921960072595, "ENV_Test_accuracy_strategy_93_epoch19": 0.7966728280961183, "ENV_Test_accuracy_per_mean_strategy_epoch19": 0.8134052608633221, "ENV_Test_accuracy_per_mean_user_epoch19": 0.8104938131267699, "ENV_Test_accuracy_per_mean_user_and_bot_epoch19": 0.8348380920897163, "ENV_Train_TotalLoss_epoch20": 499.55519102064363, "ENV_Train_Right action_epoch20": 0.9012300810735253, "ENV_Train_Probability to choose the right action_epoch20": 0.8611397300142064, "ENV_Train_Weighted right action_epoch20": 0.9012300810735253, "ENV_Train_Weighted probability to choose the right action:_epoch20": 0.8611397300142064, "ENV_Test_TotalLoss_epoch20": 303.13854402643676, "ENV_Test_Right action_epoch20": 0.796608, "ENV_Test_Probability to choose the right action_epoch20": 0.7746404069732975, "ENV_Test_Weighted right action_epoch20": 0.835921609972279, "ENV_Test_Weighted probability to choose the right action:_epoch20": 0.8171918515287646, "ENV_Test_proba_accuracy_epoch20": 0.7746404069732977, "ENV_Test_proba_accuracy_strategy_132_epoch20": 0.8298102312345293, "ENV_Test_proba_accuracy_strategy_23_epoch20": 0.7708238996907317, "ENV_Test_proba_accuracy_strategy_107_epoch20": 0.8541138276121945, "ENV_Test_proba_accuracy_strategy_43_epoch20": 0.7806154751782654, "ENV_Test_proba_accuracy_strategy_17_epoch20": 0.7431827187651138, "ENV_Test_proba_accuracy_strategy_93_epoch20": 0.7812198829299556, "ENV_Test_proba_accuracy_per_mean_strategy_epoch20": 0.7932943392351316, "ENV_Test_proba_accuracy_per_mean_user_epoch20": 0.789465804051249, "ENV_Test_proba_accuracy_per_mean_user_and_bot_epoch20": 0.8171918515287652, "ENV_Test_accuracy_epoch20": 0.796608, "ENV_Test_accuracy_strategy_132_epoch20": 0.8464589235127479, "ENV_Test_accuracy_strategy_23_epoch20": 0.7968977217644208, "ENV_Test_accuracy_strategy_107_epoch20": 0.8719211822660099, "ENV_Test_accuracy_strategy_43_epoch20": 0.8021628498727735, "ENV_Test_accuracy_strategy_17_epoch20": 0.7624773139745916, "ENV_Test_accuracy_strategy_93_epoch20": 0.8022181146025879, "ENV_Test_accuracy_per_mean_strategy_epoch20": 0.8136893509988553, "ENV_Test_accuracy_per_mean_user_epoch20": 0.8102309355985835, "ENV_Test_accuracy_per_mean_user_and_bot_epoch20": 0.8359216099722802, "ENV_Train_TotalLoss_epoch21": 486.4565036588249, "ENV_Train_Right action_epoch21": 0.9046653994521161, "ENV_Train_Probability to choose the right action_epoch21": 0.8650205131109217, "ENV_Train_Weighted right action_epoch21": 0.9046653994521161, "ENV_Train_Weighted probability to choose the right action:_epoch21": 0.8650205131109217, "ENV_Test_TotalLoss_epoch21": 313.73927315411754, "ENV_Test_Right action_epoch21": 0.79616, "ENV_Test_Probability to choose the right action_epoch21": 0.7648178508180876, "ENV_Test_Weighted right action_epoch21": 0.8338933295426354, "ENV_Test_Weighted probability to choose the right action:_epoch21": 0.8058494966199183, "ENV_Test_proba_accuracy_epoch21": 0.7648178508180875, "ENV_Test_proba_accuracy_strategy_132_epoch21": 0.8158012789931517, "ENV_Test_proba_accuracy_strategy_23_epoch21": 0.7632772581533436, "ENV_Test_proba_accuracy_strategy_107_epoch21": 0.8444715055292946, "ENV_Test_proba_accuracy_strategy_43_epoch21": 0.766567292992621, "ENV_Test_proba_accuracy_strategy_17_epoch21": 0.7325481187368273, "ENV_Test_proba_accuracy_strategy_93_epoch21": 0.774554225559136, "ENV_Test_proba_accuracy_per_mean_strategy_epoch21": 0.7828699466607292, "ENV_Test_proba_accuracy_per_mean_user_epoch21": 0.7793673834667555, "ENV_Test_proba_accuracy_per_mean_user_and_bot_epoch21": 0.805849496619918, "ENV_Test_accuracy_epoch21": 0.79616, "ENV_Test_accuracy_strategy_132_epoch21": 0.8436260623229461, "ENV_Test_accuracy_strategy_23_epoch21": 0.7981903376959121, "ENV_Test_accuracy_strategy_107_epoch21": 0.8669950738916257, "ENV_Test_accuracy_strategy_43_epoch21": 0.7983460559796438, "ENV_Test_accuracy_strategy_17_epoch21": 0.7622504537205081, "ENV_Test_accuracy_strategy_93_epoch21": 0.8022181146025879, "ENV_Test_accuracy_per_mean_strategy_epoch21": 0.8119376830355373, "ENV_Test_accuracy_per_mean_user_epoch21": 0.8100023729606877, "ENV_Test_accuracy_per_mean_user_and_bot_epoch21": 0.8338933295426362, "ENV_Train_TotalLoss_epoch22": 483.8396860146832, "ENV_Train_Right action_epoch22": 0.9052697791445345, "ENV_Train_Probability to choose the right action_epoch22": 0.8666739577951448, "ENV_Train_Weighted right action_epoch22": 0.9052697791445345, "ENV_Train_Weighted probability to choose the right action:_epoch22": 0.8666739577951448, "ENV_Test_TotalLoss_epoch22": 335.90662270008573, "ENV_Test_Right action_epoch22": 0.794688, "ENV_Test_Probability to choose the right action_epoch22": 0.7778286841687154, "ENV_Test_Weighted right action_epoch22": 0.8344531877066372, "ENV_Test_Weighted probability to choose the right action:_epoch22": 0.8186681721090029, "ENV_Test_proba_accuracy_epoch22": 0.7778286841687158, "ENV_Test_proba_accuracy_strategy_132_epoch22": 0.8257808510178855, "ENV_Test_proba_accuracy_strategy_23_epoch22": 0.7762376278136444, "ENV_Test_proba_accuracy_strategy_107_epoch22": 0.8579010721315558, "ENV_Test_proba_accuracy_strategy_43_epoch22": 0.7745543120064138, "ENV_Test_proba_accuracy_strategy_17_epoch22": 0.7496098449935106, "ENV_Test_proba_accuracy_strategy_93_epoch22": 0.7833585780197545, "ENV_Test_proba_accuracy_per_mean_strategy_epoch22": 0.7945737143304608, "ENV_Test_proba_accuracy_per_mean_user_epoch22": 0.7921003735864385, "ENV_Test_proba_accuracy_per_mean_user_and_bot_epoch22": 0.8186681721090029, "ENV_Test_accuracy_epoch22": 0.794688, "ENV_Test_accuracy_strategy_132_epoch22": 0.8379603399433427, "ENV_Test_accuracy_strategy_23_epoch22": 0.7944740668928745, "ENV_Test_accuracy_strategy_107_epoch22": 0.8719211822660099, "ENV_Test_accuracy_strategy_43_epoch22": 0.7837150127226463, "ENV_Test_accuracy_strategy_17_epoch22": 0.7679219600725953, "ENV_Test_accuracy_strategy_93_epoch22": 0.8068391866913124, "ENV_Test_accuracy_per_mean_strategy_epoch22": 0.8104719580981302, "ENV_Test_accuracy_per_mean_user_epoch22": 0.8083273497143304, "ENV_Test_accuracy_per_mean_user_and_bot_epoch22": 0.8344531877066387, "ENV_Train_TotalLoss_epoch23": 474.84295826720023, "ENV_Train_Right action_epoch23": 0.9074415744157441, "ENV_Train_Probability to choose the right action_epoch23": 0.8688217777844729, "ENV_Train_Weighted right action_epoch23": 0.9074415744157441, "ENV_Train_Weighted probability to choose the right action:_epoch23": 0.8688217777844729, "ENV_Test_TotalLoss_epoch23": 378.3014765017276, "ENV_Test_Right action_epoch23": 0.794944, "ENV_Test_Probability to choose the right action_epoch23": 0.7779735799570636, "ENV_Test_Weighted right action_epoch23": 0.8323957243579819, "ENV_Test_Weighted probability to choose the right action:_epoch23": 0.8169475996472159, "ENV_Test_proba_accuracy_epoch23": 0.777973579957064, "ENV_Test_proba_accuracy_strategy_132_epoch23": 0.8299795994978886, "ENV_Test_proba_accuracy_strategy_23_epoch23": 0.7756862044774809, "ENV_Test_proba_accuracy_strategy_107_epoch23": 0.8590932723792419, "ENV_Test_proba_accuracy_strategy_43_epoch23": 0.7802730849480467, "ENV_Test_proba_accuracy_strategy_17_epoch23": 0.7472073512580547, "ENV_Test_proba_accuracy_strategy_93_epoch23": 0.78256393478875, "ENV_Test_proba_accuracy_per_mean_strategy_epoch23": 0.7958005745582438, "ENV_Test_proba_accuracy_per_mean_user_epoch23": 0.7929105784401257, "ENV_Test_proba_accuracy_per_mean_user_and_bot_epoch23": 0.8169475996472155, "ENV_Test_accuracy_epoch23": 0.794944, "ENV_Test_accuracy_strategy_132_epoch23": 0.8407932011331445, "ENV_Test_accuracy_strategy_23_epoch23": 0.7941509129100016, "ENV_Test_accuracy_strategy_107_epoch23": 0.8686371100164204, "ENV_Test_accuracy_strategy_43_epoch23": 0.7951653944020356, "ENV_Test_accuracy_strategy_17_epoch23": 0.7658802177858439, "ENV_Test_accuracy_strategy_93_epoch23": 0.8012939001848429, "ENV_Test_accuracy_per_mean_strategy_epoch23": 0.8109867894053814, "ENV_Test_accuracy_per_mean_user_epoch23": 0.8108031433713335, "ENV_Test_accuracy_per_mean_user_and_bot_epoch23": 0.8323957243579828, "ENV_Train_TotalLoss_epoch24": 451.9691050743321, "ENV_Train_Right action_epoch24": 0.9121737793371447, "ENV_Train_Probability to choose the right action_epoch24": 0.874983687687396, "ENV_Train_Weighted right action_epoch24": 0.9121737793371447, "ENV_Train_Weighted probability to choose the right action:_epoch24": 0.874983687687396, "ENV_Test_TotalLoss_epoch24": 403.40482455840055, "ENV_Test_Right action_epoch24": 0.794368, "ENV_Test_Probability to choose the right action_epoch24": 0.777456960672658, "ENV_Test_Weighted right action_epoch24": 0.8311694091524965, "ENV_Test_Weighted probability to choose the right action:_epoch24": 0.8179808846431167, "ENV_Test_proba_accuracy_epoch24": 0.7774569606726575, "ENV_Test_proba_accuracy_strategy_132_epoch24": 0.8330284605255417, "ENV_Test_proba_accuracy_strategy_23_epoch24": 0.7740067028444731, "ENV_Test_proba_accuracy_strategy_107_epoch24": 0.8633288280216765, "ENV_Test_proba_accuracy_strategy_43_epoch24": 0.7802600717264526, "ENV_Test_proba_accuracy_strategy_17_epoch24": 0.7477891583377738, "ENV_Test_proba_accuracy_strategy_93_epoch24": 0.775001473942842, "ENV_Test_proba_accuracy_per_mean_strategy_epoch24": 0.7955691158997933, "ENV_Test_proba_accuracy_per_mean_user_epoch24": 0.7927886731759904, "ENV_Test_proba_accuracy_per_mean_user_and_bot_epoch24": 0.8179808846431167, "ENV_Test_accuracy_epoch24": 0.794368, "ENV_Test_accuracy_strategy_132_epoch24": 0.8436260623229461, "ENV_Test_accuracy_strategy_23_epoch24": 0.7952819518500566, "ENV_Test_accuracy_strategy_107_epoch24": 0.8702791461412152, "ENV_Test_accuracy_strategy_43_epoch24": 0.7964376590330788, "ENV_Test_accuracy_strategy_17_epoch24": 0.7631578947368421, "ENV_Test_accuracy_strategy_93_epoch24": 0.7902033271719039, "ENV_Test_accuracy_per_mean_strategy_epoch24": 0.8098310068760072, "ENV_Test_accuracy_per_mean_user_epoch24": 0.8081782802767759, "ENV_Test_accuracy_per_mean_user_and_bot_epoch24": 0.8311694091524983, "_wandb": {"runtime": 2427}}