{"ENV_Train_TotalLoss": 886.2261444690985, "ENV_Train_TotalLoss_epoch0": 1150.6818500871086, "ENV_Train_Right action": 0.825649986021806, "ENV_Train_Right action_epoch0": 0.7512124896920905, "ENV_Train_Probability to choose the right action": 0.7529415726602429, "ENV_Train_Probability to choose the right action_epoch0": 0.6638422666469128, "ENV_Train_Weighted right action": 0.825649986021806, "ENV_Train_Weighted right action_epoch0": 0.7512124896920905, "ENV_Train_Weighted probability to choose the right action:": 0.7529415726602429, "ENV_Train_Weighted probability to choose the right action:_epoch0": 0.6638422666469128, "_timestamp": 1720514213.4881432, "_runtime": 3898.4153881073, "_step": 49, "ENV_Test_TotalLoss": 219.93060596174493, "ENV_Test_TotalLoss_epoch0": 237.46156390315693, "ENV_Test_Right action": 0.803136, "ENV_Test_Right action_epoch0": 0.764736, "ENV_Test_Probability to choose the right action": 0.7502717671444762, "ENV_Test_Probability to choose the right action_epoch0": 0.7168951277628687, "ENV_Test_Weighted right action": 0.8444061846029132, "ENV_Test_Weighted right action_epoch0": 0.8169486117270888, "ENV_Test_Weighted probability to choose the right action:": 0.7905477371941347, "ENV_Test_Weighted probability to choose the right action:_epoch0": 0.7651279626589264, "ENV_Test_proba_accuracy": 0.7502717671444751, "ENV_Test_proba_accuracy_epoch0": 0.7168951277628678, "ENV_Test_proba_accuracy_strategy_132": 0.7919675610260773, "ENV_Test_proba_accuracy_strategy_132_epoch0": 0.7692263358389484, "ENV_Test_proba_accuracy_strategy_23": 0.7538366184943248, "ENV_Test_proba_accuracy_strategy_23_epoch0": 0.7133116924667263, "ENV_Test_proba_accuracy_strategy_107": 0.813251799242923, "ENV_Test_proba_accuracy_strategy_107_epoch0": 0.8009400422507665, "ENV_Test_proba_accuracy_strategy_43": 0.7504965684019134, "ENV_Test_proba_accuracy_strategy_43_epoch0": 0.7273731194988892, "ENV_Test_proba_accuracy_strategy_17": 0.7164772432548597, "ENV_Test_proba_accuracy_strategy_17_epoch0": 0.6809959771196924, "ENV_Test_proba_accuracy_strategy_93": 0.7637672320017124, "ENV_Test_proba_accuracy_strategy_93_epoch0": 0.7357509492938291, "ENV_Test_proba_accuracy_per_mean_strategy": 0.7649661704036351, "ENV_Test_proba_accuracy_per_mean_strategy_epoch0": 0.7379330194114754, "ENV_Test_proba_accuracy_per_mean_user": 0.7633906099905392, "ENV_Test_proba_accuracy_per_mean_user_epoch0": 0.7336629614989412, "ENV_Test_proba_accuracy_per_mean_user_and_bot": 0.7905477371941352, "ENV_Test_proba_accuracy_per_mean_user_and_bot_epoch0": 0.7651279626589266, "ENV_Test_accuracy": 0.803136, "ENV_Test_accuracy_epoch0": 0.764736, "ENV_Test_accuracy_strategy_132": 0.8396600566572238, "ENV_Test_accuracy_strategy_132_epoch0": 0.8175637393767705, "ENV_Test_accuracy_strategy_23": 0.8065923412506059, "ENV_Test_accuracy_strategy_23_epoch0": 0.7640975925028276, "ENV_Test_accuracy_strategy_107": 0.8719211822660099, "ENV_Test_accuracy_strategy_107_epoch0": 0.8505747126436781, "ENV_Test_accuracy_strategy_43": 0.8027989821882952, "ENV_Test_accuracy_strategy_43_epoch0": 0.7798982188295165, "ENV_Test_accuracy_strategy_17": 0.771551724137931, "ENV_Test_accuracy_strategy_17_epoch0": 0.7211887477313974, "ENV_Test_accuracy_strategy_93": 0.8142329020332717, "ENV_Test_accuracy_strategy_93_epoch0": 0.789279112754159, "ENV_Test_accuracy_per_mean_strategy": 0.8177928647555563, "ENV_Test_accuracy_per_mean_strategy_epoch0": 0.7871003539730582, "ENV_Test_accuracy_per_mean_user": 0.8166894797201328, "ENV_Test_accuracy_per_mean_user_epoch0": 0.7833800930861978, "ENV_Test_accuracy_per_mean_user_and_bot": 0.8444061846029146, "ENV_Test_accuracy_per_mean_user_and_bot_epoch0": 0.8169486117270892, "ENV_Train_TotalLoss_epoch1": 1008.0531651317833, "ENV_Train_Right action_epoch1": 0.7922909212880143, "ENV_Train_Probability to choose the right action_epoch1": 0.7137329681219551, "ENV_Train_Weighted right action_epoch1": 0.7922909212880143, "ENV_Train_Weighted probability to choose the right action:_epoch1": 0.7137329681219551, "ENV_Test_TotalLoss_epoch1": 225.87405356208816, "ENV_Test_Right action_epoch1": 0.781888, "ENV_Test_Probability to choose the right action_epoch1": 0.7299161350043344, "ENV_Test_Weighted right action_epoch1": 0.8345547895506047, "ENV_Test_Weighted probability to choose the right action:_epoch1": 0.7731428469931556, "ENV_Test_proba_accuracy_epoch1": 0.7299161350043344, "ENV_Test_proba_accuracy_strategy_132_epoch1": 0.7754158237502762, "ENV_Test_proba_accuracy_strategy_23_epoch1": 0.7273607317496794, "ENV_Test_proba_accuracy_strategy_107_epoch1": 0.8073756065498922, "ENV_Test_proba_accuracy_strategy_43_epoch1": 0.7382540601146336, "ENV_Test_proba_accuracy_strategy_17_epoch1": 0.6976833603272325, "ENV_Test_proba_accuracy_strategy_93_epoch1": 0.7459147250584028, "ENV_Test_proba_accuracy_per_mean_strategy_epoch1": 0.7486673845916861, "ENV_Test_proba_accuracy_per_mean_user_epoch1": 0.7441030786002428, "ENV_Test_proba_accuracy_per_mean_user_and_bot_epoch1": 0.7731428469931552, "ENV_Test_accuracy_epoch1": 0.781888, "ENV_Test_accuracy_strategy_132_epoch1": 0.8328611898016998, "ENV_Test_accuracy_strategy_23_epoch1": 0.7784779447406689, "ENV_Test_accuracy_strategy_107_epoch1": 0.8686371100164204, "ENV_Test_accuracy_strategy_43_epoch1": 0.80470737913486, "ENV_Test_accuracy_strategy_17_epoch1": 0.7404718693284936, "ENV_Test_accuracy_strategy_93_epoch1": 0.8049907578558225, "ENV_Test_accuracy_per_mean_strategy_epoch1": 0.8050243751463276, "ENV_Test_accuracy_per_mean_user_epoch1": 0.7990837000257328, "ENV_Test_accuracy_per_mean_user_and_bot_epoch1": 0.8345547895506039, "ENV_Train_TotalLoss_epoch2": 971.5972710104246, "ENV_Train_Right action_epoch2": 0.8024881185350853, "ENV_Train_Probability to choose the right action_epoch2": 0.724665922062989, "ENV_Train_Weighted right action_epoch2": 0.8024881185350853, "ENV_Train_Weighted probability to choose the right action:_epoch2": 0.724665922062989, "ENV_Test_TotalLoss_epoch2": 234.10607906895774, "ENV_Test_Right action_epoch2": 0.786304, "ENV_Test_Probability to choose the right action_epoch2": 0.7421338011266757, "ENV_Test_Weighted right action_epoch2": 0.8300474797984236, "ENV_Test_Weighted probability to choose the right action:_epoch2": 0.7834238137385008, "ENV_Test_proba_accuracy_epoch2": 0.7421338011266764, "ENV_Test_proba_accuracy_strategy_132_epoch2": 0.7820816070170566, "ENV_Test_proba_accuracy_strategy_23_epoch2": 0.7405778021108087, "ENV_Test_proba_accuracy_strategy_107_epoch2": 0.8150606231389741, "ENV_Test_proba_accuracy_strategy_43_epoch2": 0.754774706254845, "ENV_Test_proba_accuracy_strategy_17_epoch2": 0.7111503766806117, "ENV_Test_proba_accuracy_strategy_93_epoch2": 0.7526820432745193, "ENV_Test_proba_accuracy_per_mean_strategy_epoch2": 0.7593878597461359, "ENV_Test_proba_accuracy_per_mean_user_epoch2": 0.7549729247556627, "ENV_Test_proba_accuracy_per_mean_user_and_bot_epoch2": 0.7834238137385016, "ENV_Test_accuracy_epoch2": 0.786304, "ENV_Test_accuracy_strategy_132_epoch2": 0.8260623229461757, "ENV_Test_accuracy_strategy_23_epoch2": 0.7863952173210534, "ENV_Test_accuracy_strategy_107_epoch2": 0.8571428571428571, "ENV_Test_accuracy_strategy_43_epoch2": 0.8027989821882952, "ENV_Test_accuracy_strategy_17_epoch2": 0.7534029038112523, "ENV_Test_accuracy_strategy_93_epoch2": 0.7911275415896488, "ENV_Test_accuracy_per_mean_strategy_epoch2": 0.8028216374998803, "ENV_Test_accuracy_per_mean_user_epoch2": 0.8000753377656498, "ENV_Test_accuracy_per_mean_user_and_bot_epoch2": 0.8300474797984243, "ENV_Train_TotalLoss_epoch3": 947.7933458637343, "ENV_Train_Right action_epoch3": 0.8093094772155438, "ENV_Train_Probability to choose the right action_epoch3": 0.7332896292458636, "ENV_Train_Weighted right action_epoch3": 0.8093094772155438, "ENV_Train_Weighted probability to choose the right action:_epoch3": 0.7332896292458636, "ENV_Test_TotalLoss_epoch3": 221.541813246651, "ENV_Test_Right action_epoch3": 0.794944, "ENV_Test_Probability to choose the right action_epoch3": 0.7451465190255815, "ENV_Test_Weighted right action_epoch3": 0.8413762693241031, "ENV_Test_Weighted probability to choose the right action:_epoch3": 0.788513782571685, "ENV_Test_proba_accuracy_epoch3": 0.7451465190255826, "ENV_Test_proba_accuracy_strategy_132_epoch3": 0.7892329247630097, "ENV_Test_proba_accuracy_strategy_23_epoch3": 0.7469692688526964, "ENV_Test_proba_accuracy_strategy_107_epoch3": 0.8213613010435432, "ENV_Test_proba_accuracy_strategy_43_epoch3": 0.7511126132242181, "ENV_Test_proba_accuracy_strategy_17_epoch3": 0.709678947896298, "ENV_Test_proba_accuracy_strategy_93_epoch3": 0.7557325138519468, "ENV_Test_proba_accuracy_per_mean_strategy_epoch3": 0.762347928271952, "ENV_Test_proba_accuracy_per_mean_user_epoch3": 0.7586514403566844, "ENV_Test_proba_accuracy_per_mean_user_and_bot_epoch3": 0.7885137825716835, "ENV_Test_accuracy_epoch3": 0.794944, "ENV_Test_accuracy_strategy_132_epoch3": 0.8356940509915014, "ENV_Test_accuracy_strategy_23_epoch3": 0.7999676846017127, "ENV_Test_accuracy_strategy_107_epoch3": 0.8752052545155994, "ENV_Test_accuracy_strategy_43_epoch3": 0.799618320610687, "ENV_Test_accuracy_strategy_17_epoch3": 0.7552177858439202, "ENV_Test_accuracy_strategy_93_epoch3": 0.8096118299445472, "ENV_Test_accuracy_per_mean_strategy_epoch3": 0.812552487751328, "ENV_Test_accuracy_per_mean_user_epoch3": 0.8088136158200007, "ENV_Test_accuracy_per_mean_user_and_bot_epoch3": 0.8413762693241048, "ENV_Train_TotalLoss_epoch4": 931.6342563067723, "ENV_Train_Right action_epoch4": 0.8123916811091855, "ENV_Train_Probability to choose the right action_epoch4": 0.7381417420462617, "ENV_Train_Weighted right action_epoch4": 0.8123916811091855, "ENV_Train_Weighted probability to choose the right action:_epoch4": 0.7381417420462617, "ENV_Test_TotalLoss_epoch4": 221.45704339367893, "ENV_Test_Right action_epoch4": 0.79776, "ENV_Test_Probability to choose the right action_epoch4": 0.7413853076883055, "ENV_Test_Weighted right action_epoch4": 0.8415227785510191, "ENV_Test_Weighted probability to choose the right action:_epoch4": 0.7848912309922276, "ENV_Test_proba_accuracy_epoch4": 0.7413853076883061, "ENV_Test_proba_accuracy_strategy_132_epoch4": 0.7842322660836258, "ENV_Test_proba_accuracy_strategy_23_epoch4": 0.7421722797217415, "ENV_Test_proba_accuracy_strategy_107_epoch4": 0.810116851546345, "ENV_Test_proba_accuracy_strategy_43_epoch4": 0.7518845327684265, "ENV_Test_proba_accuracy_strategy_17_epoch4": 0.7066660090299542, "ENV_Test_proba_accuracy_strategy_93_epoch4": 0.7544952198582214, "ENV_Test_proba_accuracy_per_mean_strategy_epoch4": 0.7582611931680524, "ENV_Test_proba_accuracy_per_mean_user_epoch4": 0.7552397247460756, "ENV_Test_proba_accuracy_per_mean_user_and_bot_epoch4": 0.7848912309922275, "ENV_Test_accuracy_epoch4": 0.79776, "ENV_Test_accuracy_strategy_132_epoch4": 0.8373937677053824, "ENV_Test_accuracy_strategy_23_epoch4": 0.8006139925674584, "ENV_Test_accuracy_strategy_107_epoch4": 0.8604269293924466, "ENV_Test_accuracy_strategy_43_epoch4": 0.8034351145038168, "ENV_Test_accuracy_strategy_17_epoch4": 0.765426497277677, "ENV_Test_accuracy_strategy_93_epoch4": 0.8049907578558225, "ENV_Test_accuracy_per_mean_strategy_epoch4": 0.8120478432171007, "ENV_Test_accuracy_per_mean_user_epoch4": 0.8118543528770281, "ENV_Test_accuracy_per_mean_user_and_bot_epoch4": 0.8415227785510199, "ENV_Train_TotalLoss_epoch5": 928.2917452517619, "ENV_Train_Right action_epoch5": 0.8154794348245357, "ENV_Train_Probability to choose the right action_epoch5": 0.7402736041305682, "ENV_Train_Weighted right action_epoch5": 0.8154794348245357, "ENV_Train_Weighted probability to choose the right action:_epoch5": 0.7402736041305682, "ENV_Test_TotalLoss_epoch5": 219.47302414362258, "ENV_Test_Right action_epoch5": 0.795648, "ENV_Test_Probability to choose the right action_epoch5": 0.749732425123687, "ENV_Test_Weighted right action_epoch5": 0.8424795518233336, "ENV_Test_Weighted probability to choose the right action:_epoch5": 0.7945866159165234, "ENV_Test_proba_accuracy_epoch5": 0.7497324251236864, "ENV_Test_proba_accuracy_strategy_132_epoch5": 0.79633095353767, "ENV_Test_proba_accuracy_strategy_23_epoch5": 0.7485066321828351, "ENV_Test_proba_accuracy_strategy_107_epoch5": 0.8231673695375022, "ENV_Test_proba_accuracy_strategy_43_epoch5": 0.7632216466105955, "ENV_Test_proba_accuracy_strategy_17_epoch5": 0.7146461901004345, "ENV_Test_proba_accuracy_strategy_93_epoch5": 0.7627390947330267, "ENV_Test_proba_accuracy_per_mean_strategy_epoch5": 0.7681019811170106, "ENV_Test_proba_accuracy_per_mean_user_epoch5": 0.7625945735976052, "ENV_Test_proba_accuracy_per_mean_user_and_bot_epoch5": 0.7945866159165224, "ENV_Test_accuracy_epoch5": 0.795648, "ENV_Test_accuracy_strategy_132_epoch5": 0.8368271954674221, "ENV_Test_accuracy_strategy_23_epoch5": 0.7970592987558571, "ENV_Test_accuracy_strategy_107_epoch5": 0.8735632183908046, "ENV_Test_accuracy_strategy_43_epoch5": 0.8148854961832062, "ENV_Test_accuracy_strategy_17_epoch5": 0.7586206896551724, "ENV_Test_accuracy_strategy_93_epoch5": 0.7994454713493531, "ENV_Test_accuracy_per_mean_strategy_epoch5": 0.8134002283003027, "ENV_Test_accuracy_per_mean_user_epoch5": 0.8092736774811894, "ENV_Test_accuracy_per_mean_user_and_bot_epoch5": 0.8424795518233339, "ENV_Train_TotalLoss_epoch6": 915.3164489508747, "ENV_Train_Right action_epoch6": 0.8181310004611708, "ENV_Train_Probability to choose the right action_epoch6": 0.7435219813226096, "ENV_Train_Weighted right action_epoch6": 0.8181310004611708, "ENV_Train_Weighted probability to choose the right action:_epoch6": 0.7435219813226096, "ENV_Test_TotalLoss_epoch6": 230.12061059593827, "ENV_Test_Right action_epoch6": 0.797504, "ENV_Test_Probability to choose the right action_epoch6": 0.7499571827256747, "ENV_Test_Weighted right action_epoch6": 0.8400697116163769, "ENV_Test_Weighted probability to choose the right action:_epoch6": 0.7958680963806338, "ENV_Test_proba_accuracy_epoch6": 0.7499571827256752, "ENV_Test_proba_accuracy_strategy_132_epoch6": 0.7956337165135654, "ENV_Test_proba_accuracy_strategy_23_epoch6": 0.7461290322444615, "ENV_Test_proba_accuracy_strategy_107_epoch6": 0.8358656558703715, "ENV_Test_proba_accuracy_strategy_43_epoch6": 0.7647488972466865, "ENV_Test_proba_accuracy_strategy_17_epoch6": 0.7158391235988821, "ENV_Test_proba_accuracy_strategy_93_epoch6": 0.7664959169690778, "ENV_Test_proba_accuracy_per_mean_strategy_epoch6": 0.7707853904071742, "ENV_Test_proba_accuracy_per_mean_user_epoch6": 0.7640643925600866, "ENV_Test_proba_accuracy_per_mean_user_and_bot_epoch6": 0.795868096380634, "ENV_Test_accuracy_epoch6": 0.797504, "ENV_Test_accuracy_strategy_132_epoch6": 0.8322946175637393, "ENV_Test_accuracy_strategy_23_epoch6": 0.7977056067216028, "ENV_Test_accuracy_strategy_107_epoch6": 0.8752052545155994, "ENV_Test_accuracy_strategy_43_epoch6": 0.80470737913486, "ENV_Test_accuracy_strategy_17_epoch6": 0.765426497277677, "ENV_Test_accuracy_strategy_93_epoch6": 0.8160813308687616, "ENV_Test_accuracy_per_mean_strategy_epoch6": 0.8152367810137067, "ENV_Test_accuracy_per_mean_user_epoch6": 0.8099582082668664, "ENV_Test_accuracy_per_mean_user_and_bot_epoch6": 0.8400697116163769, "ENV_Train_TotalLoss_epoch7": 909.5664127434237, "ENV_Train_Right action_epoch7": 0.8194576460721275, "ENV_Train_Probability to choose the right action_epoch7": 0.7457207511262397, "ENV_Train_Weighted right action_epoch7": 0.8194576460721275, "ENV_Train_Weighted probability to choose the right action:_epoch7": 0.7457207511262397, "ENV_Test_TotalLoss_epoch7": 222.93119476785182, "ENV_Test_Right action_epoch7": 0.795136, "ENV_Test_Probability to choose the right action_epoch7": 0.7406889182741067, "ENV_Test_Weighted right action_epoch7": 0.8387309262842161, "ENV_Test_Weighted probability to choose the right action:_epoch7": 0.7835858091672411, "ENV_Test_proba_accuracy_epoch7": 0.7406889182741067, "ENV_Test_proba_accuracy_strategy_132_epoch7": 0.7904634270745955, "ENV_Test_proba_accuracy_strategy_23_epoch7": 0.7389321143918542, "ENV_Test_proba_accuracy_strategy_107_epoch7": 0.8121752336679271, "ENV_Test_proba_accuracy_strategy_43_epoch7": 0.7469682990820954, "ENV_Test_proba_accuracy_strategy_17_epoch7": 0.7079369757201077, "ENV_Test_proba_accuracy_strategy_93_epoch7": 0.7536141135305128, "ENV_Test_proba_accuracy_per_mean_strategy_epoch7": 0.7583483605778488, "ENV_Test_proba_accuracy_per_mean_user_epoch7": 0.7543987371727883, "ENV_Test_proba_accuracy_per_mean_user_and_bot_epoch7": 0.78358580916724, "ENV_Test_accuracy_epoch7": 0.795136, "ENV_Test_accuracy_strategy_132_epoch7": 0.8419263456090652, "ENV_Test_accuracy_strategy_23_epoch7": 0.7941509129100016, "ENV_Test_accuracy_strategy_107_epoch7": 0.8587848932676518, "ENV_Test_accuracy_strategy_43_epoch7": 0.8040712468193384, "ENV_Test_accuracy_strategy_17_epoch7": 0.764519056261343, "ENV_Test_accuracy_strategy_93_epoch7": 0.800369685767098, "ENV_Test_accuracy_per_mean_strategy_epoch7": 0.810637023439083, "ENV_Test_accuracy_per_mean_user_epoch7": 0.8080917738835248, "ENV_Test_accuracy_per_mean_user_and_bot_epoch7": 0.8387309262842163, "ENV_Train_TotalLoss_epoch8": 901.7023490829177, "ENV_Train_Right action_epoch8": 0.821070280843929, "ENV_Train_Probability to choose the right action_epoch8": 0.7481482134356681, "ENV_Train_Weighted right action_epoch8": 0.821070280843929, "ENV_Train_Weighted probability to choose the right action:_epoch8": 0.7481482134356681, "ENV_Test_TotalLoss_epoch8": 213.31672659097774, "ENV_Test_Right action_epoch8": 0.808, "ENV_Test_Probability to choose the right action_epoch8": 0.7586766971962537, "ENV_Test_Weighted right action_epoch8": 0.8430668740391062, "ENV_Test_Weighted probability to choose the right action:_epoch8": 0.7972821772568042, "ENV_Test_proba_accuracy_epoch8": 0.7586766971962541, "ENV_Test_proba_accuracy_strategy_132_epoch8": 0.7970974223923774, "ENV_Test_proba_accuracy_strategy_23_epoch8": 0.7613387899495687, "ENV_Test_proba_accuracy_strategy_107_epoch8": 0.8329932429984476, "ENV_Test_proba_accuracy_strategy_43_epoch8": 0.7587576215531463, "ENV_Test_proba_accuracy_strategy_17_epoch8": 0.7268552370642092, "ENV_Test_proba_accuracy_strategy_93_epoch8": 0.7684685038118373, "ENV_Test_proba_accuracy_per_mean_strategy_epoch8": 0.7742518029615978, "ENV_Test_proba_accuracy_per_mean_user_epoch8": 0.7702474237573722, "ENV_Test_proba_accuracy_per_mean_user_and_bot_epoch8": 0.7972821772568044, "ENV_Test_accuracy_epoch8": 0.808, "ENV_Test_accuracy_strategy_132_epoch8": 0.8328611898016998, "ENV_Test_accuracy_strategy_23_epoch8": 0.8158022297624818, "ENV_Test_accuracy_strategy_107_epoch8": 0.8784893267651889, "ENV_Test_accuracy_strategy_43_epoch8": 0.8053435114503816, "ENV_Test_accuracy_strategy_17_epoch8": 0.7763157894736842, "ENV_Test_accuracy_strategy_93_epoch8": 0.8160813308687616, "ENV_Test_accuracy_per_mean_strategy_epoch8": 0.8208155630203664, "ENV_Test_accuracy_per_mean_user_epoch8": 0.8169119135098916, "ENV_Test_accuracy_per_mean_user_and_bot_epoch8": 0.843066874039107, "ENV_Train_TotalLoss_epoch9": 893.786543692808, "ENV_Train_Right action_epoch9": 0.8233575622029634, "ENV_Train_Probability to choose the right action_epoch9": 0.7507198807816212, "ENV_Train_Weighted right action_epoch9": 0.8233575622029634, "ENV_Train_Weighted probability to choose the right action:_epoch9": 0.7507198807816212, "ENV_Test_TotalLoss_epoch9": 217.2186746094682, "ENV_Test_Right action_epoch9": 0.803648, "ENV_Test_Probability to choose the right action_epoch9": 0.7540157226134936, "ENV_Test_Weighted right action_epoch9": 0.8362352665137264, "ENV_Test_Weighted probability to choose the right action:_epoch9": 0.7900140060223799, "ENV_Test_proba_accuracy_epoch9": 0.7540157226134941, "ENV_Test_proba_accuracy_strategy_132_epoch9": 0.7891328397768342, "ENV_Test_proba_accuracy_strategy_23_epoch9": 0.7582858508071385, "ENV_Test_proba_accuracy_strategy_107_epoch9": 0.8184287789447894, "ENV_Test_proba_accuracy_strategy_43_epoch9": 0.7545657415092278, "ENV_Test_proba_accuracy_strategy_17_epoch9": 0.7218798364218638, "ENV_Test_proba_accuracy_strategy_93_epoch9": 0.7661721645165384, "ENV_Test_proba_accuracy_per_mean_strategy_epoch9": 0.7680775353293986, "ENV_Test_proba_accuracy_per_mean_user_epoch9": 0.765546610608073, "ENV_Test_proba_accuracy_per_mean_user_and_bot_epoch9": 0.7900140060223799, "ENV_Test_accuracy_epoch9": 0.803648, "ENV_Test_accuracy_strategy_132_epoch9": 0.8339943342776204, "ENV_Test_accuracy_strategy_23_epoch9": 0.8085312651478429, "ENV_Test_accuracy_strategy_107_epoch9": 0.8653530377668309, "ENV_Test_accuracy_strategy_43_epoch9": 0.80470737913486, "ENV_Test_accuracy_strategy_17_epoch9": 0.7731397459165155, "ENV_Test_accuracy_strategy_93_epoch9": 0.8142329020332717, "ENV_Test_accuracy_per_mean_strategy_epoch9": 0.8166597773794902, "ENV_Test_accuracy_per_mean_user_epoch9": 0.8140074647245581, "ENV_Test_accuracy_per_mean_user_and_bot_epoch9": 0.8362352665137266, "ENV_Train_TotalLoss_epoch10": 893.5026164029659, "ENV_Train_Right action_epoch10": 0.8224769359798714, "ENV_Train_Probability to choose the right action_epoch10": 0.7512749034129341, "ENV_Train_Weighted right action_epoch10": 0.8224769359798714, "ENV_Train_Weighted probability to choose the right action:_epoch10": 0.7512749034129341, "ENV_Test_TotalLoss_epoch10": 219.11593742683817, "ENV_Test_Right action_epoch10": 0.799744, "ENV_Test_Probability to choose the right action_epoch10": 0.7525533741146437, "ENV_Test_Weighted right action_epoch10": 0.8426042319662044, "ENV_Test_Weighted probability to choose the right action:_epoch10": 0.7954126187940207, "ENV_Test_proba_accuracy_epoch10": 0.7525533741146433, "ENV_Test_proba_accuracy_strategy_132_epoch10": 0.7978566130472503, "ENV_Test_proba_accuracy_strategy_23_epoch10": 0.7532439010601841, "ENV_Test_proba_accuracy_strategy_107_epoch10": 0.8290004490496297, "ENV_Test_proba_accuracy_strategy_43_epoch10": 0.7575952782886732, "ENV_Test_proba_accuracy_strategy_17_epoch10": 0.7168553809994522, "ENV_Test_proba_accuracy_strategy_93_epoch10": 0.7697813996902221, "ENV_Test_proba_accuracy_per_mean_strategy_epoch10": 0.770722170355902, "ENV_Test_proba_accuracy_per_mean_user_epoch10": 0.7657923169879861, "ENV_Test_proba_accuracy_per_mean_user_and_bot_epoch10": 0.7954126187940205, "ENV_Test_accuracy_epoch10": 0.799744, "ENV_Test_accuracy_strategy_132_epoch10": 0.8470254957507082, "ENV_Test_accuracy_strategy_23_epoch10": 0.7985134916787849, "ENV_Test_accuracy_strategy_107_epoch10": 0.8719211822660099, "ENV_Test_accuracy_strategy_43_epoch10": 0.8002544529262087, "ENV_Test_accuracy_strategy_17_epoch10": 0.7670145190562614, "ENV_Test_accuracy_strategy_93_epoch10": 0.821626617375231, "ENV_Test_accuracy_per_mean_strategy_epoch10": 0.8177259598422008, "ENV_Test_accuracy_per_mean_user_epoch10": 0.81263038067637, "ENV_Test_accuracy_per_mean_user_and_bot_epoch10": 0.8426042319662049, "ENV_Train_TotalLoss_epoch11": 891.8809342188541, "ENV_Train_Right action_epoch11": 0.8227869333668806, "ENV_Train_Probability to choose the right action_epoch11": 0.7511690878069848, "ENV_Train_Weighted right action_epoch11": 0.8227869333668806, "ENV_Train_Weighted probability to choose the right action:_epoch11": 0.7511690878069848, "ENV_Test_TotalLoss_epoch11": 220.85023924084368, "ENV_Test_Right action_epoch11": 0.804096, "ENV_Test_Probability to choose the right action_epoch11": 0.7539114541959423, "ENV_Test_Weighted right action_epoch11": 0.8412932697904334, "ENV_Test_Weighted probability to choose the right action:_epoch11": 0.7943813852213218, "ENV_Test_proba_accuracy_epoch11": 0.7539114541959411, "ENV_Test_proba_accuracy_strategy_132_epoch11": 0.7933779842019192, "ENV_Test_proba_accuracy_strategy_23_epoch11": 0.7577241406887971, "ENV_Test_proba_accuracy_strategy_107_epoch11": 0.8215369932845968, "ENV_Test_proba_accuracy_strategy_43_epoch11": 0.7584003017871476, "ENV_Test_proba_accuracy_strategy_17_epoch11": 0.7188394034544081, "ENV_Test_proba_accuracy_strategy_93_epoch11": 0.7660205445706847, "ENV_Test_proba_accuracy_per_mean_strategy_epoch11": 0.769316561331259, "ENV_Test_proba_accuracy_per_mean_user_epoch11": 0.7666226872727535, "ENV_Test_proba_accuracy_per_mean_user_and_bot_epoch11": 0.7943813852213214, "ENV_Test_accuracy_epoch11": 0.804096, "ENV_Test_accuracy_strategy_132_epoch11": 0.8368271954674221, "ENV_Test_accuracy_strategy_23_epoch11": 0.8090159961221522, "ENV_Test_accuracy_strategy_107_epoch11": 0.8653530377668309, "ENV_Test_accuracy_strategy_43_epoch11": 0.8078880407124682, "ENV_Test_accuracy_strategy_17_epoch11": 0.7724591651542649, "ENV_Test_accuracy_strategy_93_epoch11": 0.8114602587800369, "ENV_Test_accuracy_per_mean_strategy_epoch11": 0.8171672823338626, "ENV_Test_accuracy_per_mean_user_epoch11": 0.8150950112646933, "ENV_Test_accuracy_per_mean_user_and_bot_epoch11": 0.8412932697904336, "ENV_Train_TotalLoss_epoch12": 887.9688980354861, "ENV_Train_Right action_epoch12": 0.8221461506217689, "ENV_Train_Probability to choose the right action_epoch12": 0.7526725157484446, "ENV_Train_Weighted right action_epoch12": 0.8221461506217689, "ENV_Train_Weighted probability to choose the right action:_epoch12": 0.7526725157484446, "ENV_Test_TotalLoss_epoch12": 224.2768778038445, "ENV_Test_Right action_epoch12": 0.796992, "ENV_Test_Probability to choose the right action_epoch12": 0.7459712067108183, "ENV_Test_Weighted right action_epoch12": 0.8393459404537555, "ENV_Test_Weighted probability to choose the right action:_epoch12": 0.7886492496411921, "ENV_Test_proba_accuracy_epoch12": 0.7459712067108173, "ENV_Test_proba_accuracy_strategy_132_epoch12": 0.7907933290490614, "ENV_Test_proba_accuracy_strategy_23_epoch12": 0.7499231475688681, "ENV_Test_proba_accuracy_strategy_107_epoch12": 0.8177131934120723, "ENV_Test_proba_accuracy_strategy_43_epoch12": 0.7483121151673309, "ENV_Test_proba_accuracy_strategy_17_epoch12": 0.7082994697427906, "ENV_Test_proba_accuracy_strategy_93_epoch12": 0.7599422147171769, "ENV_Test_proba_accuracy_per_mean_strategy_epoch12": 0.7624972449428834, "ENV_Test_proba_accuracy_per_mean_user_epoch12": 0.7601077816765638, "ENV_Test_proba_accuracy_per_mean_user_and_bot_epoch12": 0.7886492496411929, "ENV_Test_accuracy_epoch12": 0.796992, "ENV_Test_accuracy_strategy_132_epoch12": 0.8396600566572238, "ENV_Test_accuracy_strategy_23_epoch12": 0.7996445306188399, "ENV_Test_accuracy_strategy_107_epoch12": 0.8637110016420362, "ENV_Test_accuracy_strategy_43_epoch12": 0.8040712468193384, "ENV_Test_accuracy_strategy_17_epoch12": 0.7617967332123412, "ENV_Test_accuracy_strategy_93_epoch12": 0.8077634011090573, "ENV_Test_accuracy_per_mean_strategy_epoch12": 0.8127744950098061, "ENV_Test_accuracy_per_mean_user_epoch12": 0.8116409422977361, "ENV_Test_accuracy_per_mean_user_and_bot_epoch12": 0.8393459404537558, "ENV_Train_TotalLoss_epoch13": 887.9823778214073, "ENV_Train_Right action_epoch13": 0.8235976410743733, "ENV_Train_Probability to choose the right action_epoch13": 0.7519696273381855, "ENV_Train_Weighted right action_epoch13": 0.8235976410743733, "ENV_Train_Weighted probability to choose the right action:_epoch13": 0.7519696273381855, "ENV_Test_TotalLoss_epoch13": 221.8852178577216, "ENV_Test_Right action_epoch13": 0.802368, "ENV_Test_Probability to choose the right action_epoch13": 0.7466851476179247, "ENV_Test_Weighted right action_epoch13": 0.8388284012152585, "ENV_Test_Weighted probability to choose the right action:_epoch13": 0.7839532692324886, "ENV_Test_proba_accuracy_epoch13": 0.746685147617924, "ENV_Test_proba_accuracy_strategy_132_epoch13": 0.7803420269645843, "ENV_Test_proba_accuracy_strategy_23_epoch13": 0.7515891936101705, "ENV_Test_proba_accuracy_strategy_107_epoch13": 0.8172197261199275, "ENV_Test_proba_accuracy_strategy_43_epoch13": 0.7480169789965617, "ENV_Test_proba_accuracy_strategy_17_epoch13": 0.7142669528358351, "ENV_Test_proba_accuracy_strategy_93_epoch13": 0.7541663608079787, "ENV_Test_proba_accuracy_per_mean_strategy_epoch13": 0.7609335398891762, "ENV_Test_proba_accuracy_per_mean_user_epoch13": 0.7577730859397325, "ENV_Test_proba_accuracy_per_mean_user_and_bot_epoch13": 0.7839532692324892, "ENV_Test_accuracy_epoch13": 0.802368, "ENV_Test_accuracy_strategy_132_epoch13": 0.8328611898016998, "ENV_Test_accuracy_strategy_23_epoch13": 0.8099854580707707, "ENV_Test_accuracy_strategy_107_epoch13": 0.8653530377668309, "ENV_Test_accuracy_strategy_43_epoch13": 0.799618320610687, "ENV_Test_accuracy_strategy_17_epoch13": 0.7708711433756806, "ENV_Test_accuracy_strategy_93_epoch13": 0.8059149722735675, "ENV_Test_accuracy_per_mean_strategy_epoch13": 0.8141006869832061, "ENV_Test_accuracy_per_mean_user_epoch13": 0.813223547810226, "ENV_Test_accuracy_per_mean_user_and_bot_epoch13": 0.8388284012152569, "ENV_Train_TotalLoss_epoch14": 886.0912522698568, "ENV_Train_Right action_epoch14": 0.8249566724436742, "ENV_Train_Probability to choose the right action_epoch14": 0.7531710874564704, "ENV_Train_Weighted right action_epoch14": 0.8249566724436742, "ENV_Train_Weighted probability to choose the right action:_epoch14": 0.7531710874564704, "ENV_Test_TotalLoss_epoch14": 226.11253324288387, "ENV_Test_Right action_epoch14": 0.79296, "ENV_Test_Probability to choose the right action_epoch14": 0.7388316836529174, "ENV_Test_Weighted right action_epoch14": 0.8398183493405126, "ENV_Test_Weighted probability to choose the right action:_epoch14": 0.7793858004288379, "ENV_Test_proba_accuracy_epoch14": 0.7388316836529178, "ENV_Test_proba_accuracy_strategy_132_epoch14": 0.7801019785695866, "ENV_Test_proba_accuracy_strategy_23_epoch14": 0.7416597707966844, "ENV_Test_proba_accuracy_strategy_107_epoch14": 0.8101052767749211, "ENV_Test_proba_accuracy_strategy_43_epoch14": 0.7390428032348252, "ENV_Test_proba_accuracy_strategy_17_epoch14": 0.705601964962259, "ENV_Test_proba_accuracy_strategy_93_epoch14": 0.7502863970851501, "ENV_Test_proba_accuracy_per_mean_strategy_epoch14": 0.7544663652372376, "ENV_Test_proba_accuracy_per_mean_user_epoch14": 0.7512835631533645, "ENV_Test_proba_accuracy_per_mean_user_and_bot_epoch14": 0.7793858004288386, "ENV_Test_accuracy_epoch14": 0.79296, "ENV_Test_accuracy_strategy_132_epoch14": 0.8334277620396601, "ENV_Test_accuracy_strategy_23_epoch14": 0.7977056067216028, "ENV_Test_accuracy_strategy_107_epoch14": 0.8735632183908046, "ENV_Test_accuracy_strategy_43_epoch14": 0.7913486005089059, "ENV_Test_accuracy_strategy_17_epoch14": 0.7545372050816697, "ENV_Test_accuracy_strategy_93_epoch14": 0.8133086876155268, "ENV_Test_accuracy_per_mean_strategy_epoch14": 0.8106485133930282, "ENV_Test_accuracy_per_mean_user_epoch14": 0.8064632490087688, "ENV_Test_accuracy_per_mean_user_and_bot_epoch14": 0.8398183493405129, "ENV_Train_TotalLoss_epoch15": 888.3269028963036, "ENV_Train_Right action_epoch15": 0.8227623413652373, "ENV_Train_Probability to choose the right action_epoch15": 0.7510163520554399, "ENV_Train_Weighted right action_epoch15": 0.8227623413652373, "ENV_Train_Weighted probability to choose the right action:_epoch15": 0.7510163520554399, "ENV_Test_TotalLoss_epoch15": 225.95786263492627, "ENV_Test_Right action_epoch15": 0.802368, "ENV_Test_Probability to choose the right action_epoch15": 0.7572261809715811, "ENV_Test_Weighted right action_epoch15": 0.8446969910675849, "ENV_Test_Weighted probability to choose the right action:_epoch15": 0.7985441074626863, "ENV_Test_proba_accuracy_epoch15": 0.7572261809715815, "ENV_Test_proba_accuracy_strategy_132_epoch15": 0.7988955206658136, "ENV_Test_proba_accuracy_strategy_23_epoch15": 0.7596090290759132, "ENV_Test_proba_accuracy_strategy_107_epoch15": 0.8272723746329492, "ENV_Test_proba_accuracy_strategy_43_epoch15": 0.7606878727233347, "ENV_Test_proba_accuracy_strategy_17_epoch15": 0.7232304266383686, "ENV_Test_proba_accuracy_strategy_93_epoch15": 0.7696656839745787, "ENV_Test_proba_accuracy_per_mean_strategy_epoch15": 0.7732268179518264, "ENV_Test_proba_accuracy_per_mean_user_epoch15": 0.7692861824305587, "ENV_Test_proba_accuracy_per_mean_user_and_bot_epoch15": 0.7985441074626862, "ENV_Test_accuracy_epoch15": 0.802368, "ENV_Test_accuracy_strategy_132_epoch15": 0.8311614730878187, "ENV_Test_accuracy_strategy_23_epoch15": 0.8044918403619324, "ENV_Test_accuracy_strategy_107_epoch15": 0.8752052545155994, "ENV_Test_accuracy_strategy_43_epoch15": 0.8155216284987278, "ENV_Test_accuracy_strategy_17_epoch15": 0.7708711433756806, "ENV_Test_accuracy_strategy_93_epoch15": 0.8114602587800369, "ENV_Test_accuracy_per_mean_strategy_epoch15": 0.8181185997699659, "ENV_Test_accuracy_per_mean_user_epoch15": 0.8124412557669637, "ENV_Test_accuracy_per_mean_user_and_bot_epoch15": 0.8446969910675862, "ENV_Train_TotalLoss_epoch16": 888.6913634326208, "ENV_Train_Right action_epoch16": 0.825601386578701, "ENV_Train_Probability to choose the right action_epoch16": 0.7527620015579979, "ENV_Train_Weighted right action_epoch16": 0.825601386578701, "ENV_Train_Weighted probability to choose the right action:_epoch16": 0.7527620015579979, "ENV_Test_TotalLoss_epoch16": 226.31891759801013, "ENV_Test_Right action_epoch16": 0.799104, "ENV_Test_Probability to choose the right action_epoch16": 0.753580396546095, "ENV_Test_Weighted right action_epoch16": 0.8401964045402811, "ENV_Test_Weighted probability to choose the right action:_epoch16": 0.7956353795118853, "ENV_Test_proba_accuracy_epoch16": 0.7535803965460947, "ENV_Test_proba_accuracy_strategy_132_epoch16": 0.7955602305337947, "ENV_Test_proba_accuracy_strategy_23_epoch16": 0.7577067938223747, "ENV_Test_proba_accuracy_strategy_107_epoch16": 0.8350177281231806, "ENV_Test_proba_accuracy_strategy_43_epoch16": 0.7563469801707877, "ENV_Test_proba_accuracy_strategy_17_epoch16": 0.7165271072856314, "ENV_Test_proba_accuracy_strategy_93_epoch16": 0.7625950129420955, "ENV_Test_proba_accuracy_per_mean_strategy_epoch16": 0.7706256421463107, "ENV_Test_proba_accuracy_per_mean_user_epoch16": 0.7667428418015236, "ENV_Test_proba_accuracy_per_mean_user_and_bot_epoch16": 0.7956353795118866, "ENV_Test_accuracy_epoch16": 0.799104, "ENV_Test_accuracy_strategy_132_epoch16": 0.8339943342776204, "ENV_Test_accuracy_strategy_23_epoch16": 0.802391339473259, "ENV_Test_accuracy_strategy_107_epoch16": 0.8752052545155994, "ENV_Test_accuracy_strategy_43_epoch16": 0.7938931297709924, "ENV_Test_accuracy_strategy_17_epoch16": 0.7674682395644283, "ENV_Test_accuracy_strategy_93_epoch16": 0.8170055452865065, "ENV_Test_accuracy_per_mean_strategy_epoch16": 0.8149929738147343, "ENV_Test_accuracy_per_mean_user_epoch16": 0.8107549940608028, "ENV_Test_accuracy_per_mean_user_and_bot_epoch16": 0.8401964045402806, "ENV_Train_TotalLoss_epoch17": 893.0542653290773, "ENV_Train_Right action_epoch17": 0.8234948769202812, "ENV_Train_Probability to choose the right action_epoch17": 0.7512421128228663, "ENV_Train_Weighted right action_epoch17": 0.8234948769202812, "ENV_Train_Weighted probability to choose the right action:_epoch17": 0.7512421128228663, "ENV_Test_TotalLoss_epoch17": 220.8995634668581, "ENV_Test_Right action_epoch17": 0.805824, "ENV_Test_Probability to choose the right action_epoch17": 0.7489500313912889, "ENV_Test_Weighted right action_epoch17": 0.8434793444008951, "ENV_Test_Weighted probability to choose the right action:_epoch17": 0.7881028818214267, "ENV_Test_proba_accuracy_epoch17": 0.7489500313912902, "ENV_Test_proba_accuracy_strategy_132_epoch17": 0.7930228300960225, "ENV_Test_proba_accuracy_strategy_23_epoch17": 0.7519142198666993, "ENV_Test_proba_accuracy_strategy_107_epoch17": 0.8226549430774627, "ENV_Test_proba_accuracy_strategy_43_epoch17": 0.7538279408579844, "ENV_Test_proba_accuracy_strategy_17_epoch17": 0.712543825901703, "ENV_Test_proba_accuracy_strategy_93_epoch17": 0.7598468305700506, "ENV_Test_proba_accuracy_per_mean_strategy_epoch17": 0.765635098394987, "ENV_Test_proba_accuracy_per_mean_user_epoch17": 0.7609780234246069, "ENV_Test_proba_accuracy_per_mean_user_and_bot_epoch17": 0.7881028818214265, "ENV_Test_accuracy_epoch17": 0.805824, "ENV_Test_accuracy_strategy_132_epoch17": 0.8475920679886686, "ENV_Test_accuracy_strategy_23_epoch17": 0.8086928421392794, "ENV_Test_accuracy_strategy_107_epoch17": 0.8834154351395731, "ENV_Test_accuracy_strategy_43_epoch17": 0.8085241730279898, "ENV_Test_accuracy_strategy_17_epoch17": 0.7699637023593466, "ENV_Test_accuracy_strategy_93_epoch17": 0.8197781885397413, "ENV_Test_accuracy_per_mean_strategy_epoch17": 0.8229944015324331, "ENV_Test_accuracy_per_mean_user_epoch17": 0.817496267952994, "ENV_Test_accuracy_per_mean_user_and_bot_epoch17": 0.8434793444008944, "ENV_Train_TotalLoss_epoch18": 893.515268725216, "ENV_Train_Right action_epoch18": 0.8233041193161963, "ENV_Train_Probability to choose the right action_epoch18": 0.7509130628093055, "ENV_Train_Weighted right action_epoch18": 0.8233041193161963, "ENV_Train_Weighted probability to choose the right action:_epoch18": 0.7509130628093055, "ENV_Test_TotalLoss_epoch18": 232.05748951791008, "ENV_Test_Right action_epoch18": 0.794304, "ENV_Test_Probability to choose the right action_epoch18": 0.7409073197417841, "ENV_Test_Weighted right action_epoch18": 0.8357532066460032, "ENV_Test_Weighted probability to choose the right action:_epoch18": 0.7829308577185515, "ENV_Test_proba_accuracy_epoch18": 0.7409073197417853, "ENV_Test_proba_accuracy_strategy_132_epoch18": 0.786891987983487, "ENV_Test_proba_accuracy_strategy_23_epoch18": 0.7395311906700474, "ENV_Test_proba_accuracy_strategy_107_epoch18": 0.8107676675709732, "ENV_Test_proba_accuracy_strategy_43_epoch18": 0.7395025577410291, "ENV_Test_proba_accuracy_strategy_17_epoch18": 0.7124387645605241, "ENV_Test_proba_accuracy_strategy_93_epoch18": 0.7524661447460322, "ENV_Test_proba_accuracy_per_mean_strategy_epoch18": 0.7569330522120153, "ENV_Test_proba_accuracy_per_mean_user_epoch18": 0.7561770328415712, "ENV_Test_proba_accuracy_per_mean_user_and_bot_epoch18": 0.7829308577185501, "ENV_Test_accuracy_epoch18": 0.794304, "ENV_Test_accuracy_strategy_132_epoch18": 0.8430594900849858, "ENV_Test_accuracy_strategy_23_epoch18": 0.7936661819356924, "ENV_Test_accuracy_strategy_107_epoch18": 0.8653530377668309, "ENV_Test_accuracy_strategy_43_epoch18": 0.7888040712468194, "ENV_Test_accuracy_strategy_17_epoch18": 0.7651996370235935, "ENV_Test_accuracy_strategy_93_epoch18": 0.8049907578558225, "ENV_Test_accuracy_per_mean_strategy_epoch18": 0.8101788626522909, "ENV_Test_accuracy_per_mean_user_epoch18": 0.8081989052116629, "ENV_Test_accuracy_per_mean_user_and_bot_epoch18": 0.8357532066460033, "ENV_Train_TotalLoss_epoch19": 903.1482292201754, "ENV_Train_Right action_epoch19": 0.82014478980322, "ENV_Train_Probability to choose the right action_epoch19": 0.7478236653693078, "ENV_Train_Weighted right action_epoch19": 0.82014478980322, "ENV_Train_Weighted probability to choose the right action:_epoch19": 0.7478236653693078, "ENV_Test_TotalLoss_epoch19": 222.165714174888, "ENV_Test_Right action_epoch19": 0.799488, "ENV_Test_Probability to choose the right action_epoch19": 0.7409264262325709, "ENV_Test_Weighted right action_epoch19": 0.8388434908254714, "ENV_Test_Weighted probability to choose the right action:_epoch19": 0.77969061660533, "ENV_Test_proba_accuracy_epoch19": 0.7409264262325718, "ENV_Test_proba_accuracy_strategy_132_epoch19": 0.7864814244108772, "ENV_Test_proba_accuracy_strategy_23_epoch19": 0.7423975145726772, "ENV_Test_proba_accuracy_strategy_107_epoch19": 0.8076831725670481, "ENV_Test_proba_accuracy_strategy_43_epoch19": 0.7415038053132512, "ENV_Test_proba_accuracy_strategy_17_epoch19": 0.709183300976853, "ENV_Test_proba_accuracy_strategy_93_epoch19": 0.749107627871262, "ENV_Test_proba_accuracy_per_mean_strategy_epoch19": 0.756059474285328, "ENV_Test_proba_accuracy_per_mean_user_epoch19": 0.7521273232474281, "ENV_Test_proba_accuracy_per_mean_user_and_bot_epoch19": 0.7796906166053312, "ENV_Test_accuracy_epoch19": 0.799488, "ENV_Test_accuracy_strategy_132_epoch19": 0.8396600566572238, "ENV_Test_accuracy_strategy_23_epoch19": 0.8033608014218775, "ENV_Test_accuracy_strategy_107_epoch19": 0.8653530377668309, "ENV_Test_accuracy_strategy_43_epoch19": 0.7977099236641222, "ENV_Test_accuracy_strategy_17_epoch19": 0.7670145190562614, "ENV_Test_accuracy_strategy_93_epoch19": 0.8096118299445472, "ENV_Test_accuracy_per_mean_strategy_epoch19": 0.8137850280851439, "ENV_Test_accuracy_per_mean_user_epoch19": 0.8094588024501098, "ENV_Test_accuracy_per_mean_user_and_bot_epoch19": 0.8388434908254718, "ENV_Train_TotalLoss_epoch20": 895.6191510661768, "ENV_Train_Right action_epoch20": 0.8224933953956473, "ENV_Train_Probability to choose the right action_epoch20": 0.7496266616485988, "ENV_Train_Weighted right action_epoch20": 0.8224933953956473, "ENV_Train_Weighted probability to choose the right action:_epoch20": 0.7496266616485988, "ENV_Test_TotalLoss_epoch20": 220.9211904568354, "ENV_Test_Right action_epoch20": 0.800576, "ENV_Test_Probability to choose the right action_epoch20": 0.7494633395595934, "ENV_Test_Weighted right action_epoch20": 0.8374666089561804, "ENV_Test_Weighted probability to choose the right action:_epoch20": 0.7897604688829792, "ENV_Test_proba_accuracy_epoch20": 0.7494633395595935, "ENV_Test_proba_accuracy_strategy_132_epoch20": 0.7892660658287071, "ENV_Test_proba_accuracy_strategy_23_epoch20": 0.7509055514330354, "ENV_Test_proba_accuracy_strategy_107_epoch20": 0.8272344860588496, "ENV_Test_proba_accuracy_strategy_43_epoch20": 0.7488376139520473, "ENV_Test_proba_accuracy_strategy_17_epoch20": 0.7186505660866187, "ENV_Test_proba_accuracy_strategy_93_epoch20": 0.7589513772270369, "ENV_Test_proba_accuracy_per_mean_strategy_epoch20": 0.7656409434310492, "ENV_Test_proba_accuracy_per_mean_user_epoch20": 0.7622194639290764, "ENV_Test_proba_accuracy_per_mean_user_and_bot_epoch20": 0.78976046888298, "ENV_Test_accuracy_epoch20": 0.800576, "ENV_Test_accuracy_strategy_132_epoch20": 0.8334277620396601, "ENV_Test_accuracy_strategy_23_epoch20": 0.8046534173533689, "ENV_Test_accuracy_strategy_107_epoch20": 0.8834154351395731, "ENV_Test_accuracy_strategy_43_epoch20": 0.7843511450381679, "ENV_Test_accuracy_strategy_17_epoch20": 0.7742740471869328, "ENV_Test_accuracy_strategy_93_epoch20": 0.8077634011090573, "ENV_Test_accuracy_per_mean_strategy_epoch20": 0.8146475346444602, "ENV_Test_accuracy_per_mean_user_epoch20": 0.8120027461563939, "ENV_Test_accuracy_per_mean_user_and_bot_epoch20": 0.8374666089561803, "ENV_Train_TotalLoss_epoch21": 891.4577168357157, "ENV_Train_Right action_epoch21": 0.8231775491949911, "ENV_Train_Probability to choose the right action_epoch21": 0.7509448375529046, "ENV_Train_Weighted right action_epoch21": 0.8231775491949911, "ENV_Train_Weighted probability to choose the right action:_epoch21": 0.7509448375529046, "ENV_Test_TotalLoss_epoch21": 216.2341600508355, "ENV_Test_Right action_epoch21": 0.801664, "ENV_Test_Probability to choose the right action_epoch21": 0.7407342988331805, "ENV_Test_Weighted right action_epoch21": 0.8406739567937768, "ENV_Test_Weighted probability to choose the right action:_epoch21": 0.7780904762058285, "ENV_Test_proba_accuracy_epoch21": 0.7407342988331809, "ENV_Test_proba_accuracy_strategy_132_epoch21": 0.7786977648911257, "ENV_Test_proba_accuracy_strategy_23_epoch21": 0.7443899250453941, "ENV_Test_proba_accuracy_strategy_107_epoch21": 0.8056817291750962, "ENV_Test_proba_accuracy_strategy_43_epoch21": 0.7429965445664952, "ENV_Test_proba_accuracy_strategy_17_epoch21": 0.7090778324295238, "ENV_Test_proba_accuracy_strategy_93_epoch21": 0.7470210643753825, "ENV_Test_proba_accuracy_per_mean_strategy_epoch21": 0.7546441434138362, "ENV_Test_proba_accuracy_per_mean_user_epoch21": 0.7522412612873983, "ENV_Test_proba_accuracy_per_mean_user_and_bot_epoch21": 0.7780904762058289, "ENV_Test_accuracy_epoch21": 0.801664, "ENV_Test_accuracy_strategy_132_epoch21": 0.8311614730878187, "ENV_Test_accuracy_strategy_23_epoch21": 0.8075618031992244, "ENV_Test_accuracy_strategy_107_epoch21": 0.8604269293924466, "ENV_Test_accuracy_strategy_43_epoch21": 0.8059796437659033, "ENV_Test_accuracy_strategy_17_epoch21": 0.7690562613430127, "ENV_Test_accuracy_strategy_93_epoch21": 0.8133086876155268, "ENV_Test_accuracy_per_mean_strategy_epoch21": 0.8145824664006555, "ENV_Test_accuracy_per_mean_user_epoch21": 0.8132326407843444, "ENV_Test_accuracy_per_mean_user_and_bot_epoch21": 0.8406739567937774, "ENV_Train_TotalLoss_epoch22": 883.6035982755081, "ENV_Train_Right action_epoch22": 0.8227508420802527, "ENV_Train_Probability to choose the right action_epoch22": 0.7527306055491672, "ENV_Train_Weighted right action_epoch22": 0.8227508420802527, "ENV_Train_Weighted probability to choose the right action:_epoch22": 0.7527306055491672, "ENV_Test_TotalLoss_epoch22": 216.0798791039187, "ENV_Test_Right action_epoch22": 0.799744, "ENV_Test_Probability to choose the right action_epoch22": 0.7413803286891659, "ENV_Test_Weighted right action_epoch22": 0.8394026836063277, "ENV_Test_Weighted probability to choose the right action:_epoch22": 0.7863043590122951, "ENV_Test_proba_accuracy_epoch22": 0.7413803286891646, "ENV_Test_proba_accuracy_strategy_132_epoch22": 0.7863882050666836, "ENV_Test_proba_accuracy_strategy_23_epoch22": 0.7396200430762389, "ENV_Test_proba_accuracy_strategy_107_epoch22": 0.8191301698206602, "ENV_Test_proba_accuracy_strategy_43_epoch22": 0.7465890299851656, "ENV_Test_proba_accuracy_strategy_17_epoch22": 0.7089265202674414, "ENV_Test_proba_accuracy_strategy_93_epoch22": 0.7589165224864279, "ENV_Test_proba_accuracy_per_mean_strategy_epoch22": 0.759928415117103, "ENV_Test_proba_accuracy_per_mean_user_epoch22": 0.756155912480461, "ENV_Test_proba_accuracy_per_mean_user_and_bot_epoch22": 0.7863043590122949, "ENV_Test_accuracy_epoch22": 0.799744, "ENV_Test_accuracy_strategy_132_epoch22": 0.8294617563739377, "ENV_Test_accuracy_strategy_23_epoch22": 0.8030376474390046, "ENV_Test_accuracy_strategy_107_epoch22": 0.8686371100164204, "ENV_Test_accuracy_strategy_43_epoch22": 0.7989821882951654, "ENV_Test_accuracy_strategy_17_epoch22": 0.7713248638838476, "ENV_Test_accuracy_strategy_93_epoch22": 0.8105360443622921, "ENV_Test_accuracy_per_mean_strategy_epoch22": 0.8136632683951114, "ENV_Test_accuracy_per_mean_user_epoch22": 0.8131075959154968, "ENV_Test_accuracy_per_mean_user_and_bot_epoch22": 0.8394026836063274, "ENV_Train_TotalLoss_epoch23": 888.191983521674, "ENV_Train_Right action_epoch23": 0.8233098995094271, "ENV_Train_Probability to choose the right action_epoch23": 0.7522178663696641, "ENV_Train_Weighted right action_epoch23": 0.8233098995094271, "ENV_Train_Weighted probability to choose the right action:_epoch23": 0.7522178663696641, "ENV_Test_TotalLoss_epoch23": 219.7714038283576, "ENV_Test_Right action_epoch23": 0.798848, "ENV_Test_Probability to choose the right action_epoch23": 0.7389841121140382, "ENV_Test_Weighted right action_epoch23": 0.8376110098823633, "ENV_Test_Weighted probability to choose the right action:_epoch23": 0.7789897976024723, "ENV_Test_proba_accuracy_epoch23": 0.7389841121140386, "ENV_Test_proba_accuracy_strategy_132_epoch23": 0.7840964249169534, "ENV_Test_proba_accuracy_strategy_23_epoch23": 0.7414360992584009, "ENV_Test_proba_accuracy_strategy_107_epoch23": 0.8035356731218183, "ENV_Test_proba_accuracy_strategy_43_epoch23": 0.7456835818293018, "ENV_Test_proba_accuracy_strategy_17_epoch23": 0.7045382891359278, "ENV_Test_proba_accuracy_strategy_93_epoch23": 0.7456339643393423, "ENV_Test_proba_accuracy_per_mean_strategy_epoch23": 0.7541540054336241, "ENV_Test_proba_accuracy_per_mean_user_epoch23": 0.7522808310364182, "ENV_Test_proba_accuracy_per_mean_user_and_bot_epoch23": 0.7789897976024726, "ENV_Test_accuracy_epoch23": 0.798848, "ENV_Test_accuracy_strategy_132_epoch23": 0.8447592067988668, "ENV_Test_accuracy_strategy_23_epoch23": 0.8015834545160769, "ENV_Test_accuracy_strategy_107_epoch23": 0.8555008210180624, "ENV_Test_accuracy_strategy_43_epoch23": 0.8015267175572519, "ENV_Test_accuracy_strategy_17_epoch23": 0.7667876588021778, "ENV_Test_accuracy_strategy_93_epoch23": 0.8031423290203327, "ENV_Test_accuracy_per_mean_strategy_epoch23": 0.812216697952128, "ENV_Test_accuracy_per_mean_user_epoch23": 0.8120421851745458, "ENV_Test_accuracy_per_mean_user_and_bot_epoch23": 0.8376110098823648, "ENV_Train_TotalLoss_epoch24": 886.2261444690985, "ENV_Train_Right action_epoch24": 0.825649986021806, "ENV_Train_Probability to choose the right action_epoch24": 0.7529415726602429, "ENV_Train_Weighted right action_epoch24": 0.825649986021806, "ENV_Train_Weighted probability to choose the right action:_epoch24": 0.7529415726602429, "ENV_Test_TotalLoss_epoch24": 219.93060596174493, "ENV_Test_Right action_epoch24": 0.803136, "ENV_Test_Probability to choose the right action_epoch24": 0.7502717671444762, "ENV_Test_Weighted right action_epoch24": 0.8444061846029132, "ENV_Test_Weighted probability to choose the right action:_epoch24": 0.7905477371941347, "ENV_Test_proba_accuracy_epoch24": 0.7502717671444751, "ENV_Test_proba_accuracy_strategy_132_epoch24": 0.7919675610260773, "ENV_Test_proba_accuracy_strategy_23_epoch24": 0.7538366184943248, "ENV_Test_proba_accuracy_strategy_107_epoch24": 0.813251799242923, "ENV_Test_proba_accuracy_strategy_43_epoch24": 0.7504965684019134, "ENV_Test_proba_accuracy_strategy_17_epoch24": 0.7164772432548597, "ENV_Test_proba_accuracy_strategy_93_epoch24": 0.7637672320017124, "ENV_Test_proba_accuracy_per_mean_strategy_epoch24": 0.7649661704036351, "ENV_Test_proba_accuracy_per_mean_user_epoch24": 0.7633906099905392, "ENV_Test_proba_accuracy_per_mean_user_and_bot_epoch24": 0.7905477371941352, "ENV_Test_accuracy_epoch24": 0.803136, "ENV_Test_accuracy_strategy_132_epoch24": 0.8396600566572238, "ENV_Test_accuracy_strategy_23_epoch24": 0.8065923412506059, "ENV_Test_accuracy_strategy_107_epoch24": 0.8719211822660099, "ENV_Test_accuracy_strategy_43_epoch24": 0.8027989821882952, "ENV_Test_accuracy_strategy_17_epoch24": 0.771551724137931, "ENV_Test_accuracy_strategy_93_epoch24": 0.8142329020332717, "ENV_Test_accuracy_per_mean_strategy_epoch24": 0.8177928647555563, "ENV_Test_accuracy_per_mean_user_epoch24": 0.8166894797201328, "ENV_Test_accuracy_per_mean_user_and_bot_epoch24": 0.8444061846029146, "_wandb": {"runtime": 3897}}