{"ENV_Train_TotalLoss": 432.979326826769, "ENV_Train_TotalLoss_epoch0": 1049.4713768676825, "ENV_Train_Right action": 0.9172211350293542, "ENV_Train_Right action_epoch0": 0.7850783401120941, "ENV_Train_Probability to choose the right action": 0.8813842690797852, "ENV_Train_Probability to choose the right action_epoch0": 0.7006567978768429, "ENV_Train_Weighted right action": 0.9172211350293542, "ENV_Train_Weighted right action_epoch0": 0.7850783401120941, "ENV_Train_Weighted probability to choose the right action:": 0.8813842690797852, "ENV_Train_Weighted probability to choose the right action:_epoch0": 0.7006567978768429, "_timestamp": 1720448944.8957207, "_runtime": 2484.986210823059, "_step": 49, "ENV_Test_TotalLoss": 344.364734255421, "ENV_Test_TotalLoss_epoch0": 214.8419573713898, "ENV_Test_Right action": 0.795584, "ENV_Test_Right action_epoch0": 0.797184, "ENV_Test_Probability to choose the right action": 0.778446217887523, "ENV_Test_Probability to choose the right action_epoch0": 0.7396778135321113, "ENV_Test_Weighted right action": 0.8332812104582883, "ENV_Test_Weighted right action_epoch0": 0.8430831848008348, "ENV_Test_Weighted probability to choose the right action:": 0.8179181282601254, "ENV_Test_Weighted probability to choose the right action:_epoch0": 0.7877250687300585, "ENV_Test_proba_accuracy": 0.7784462178875233, "ENV_Test_proba_accuracy_epoch0": 0.7396778135321114, "ENV_Test_proba_accuracy_strategy_132": 0.8249039728229622, "ENV_Test_proba_accuracy_strategy_132_epoch0": 0.7931397749073547, "ENV_Test_proba_accuracy_strategy_23": 0.7769659641219334, "ENV_Test_proba_accuracy_strategy_23_epoch0": 0.7361222180907622, "ENV_Test_proba_accuracy_strategy_107": 0.8543714469568616, "ENV_Test_proba_accuracy_strategy_107_epoch0": 0.8296483609909262, "ENV_Test_proba_accuracy_strategy_43": 0.7886277467275885, "ENV_Test_proba_accuracy_strategy_43_epoch0": 0.7642375583721208, "ENV_Test_proba_accuracy_strategy_17": 0.7459518939261179, "ENV_Test_proba_accuracy_strategy_17_epoch0": 0.6984121665773766, "ENV_Test_proba_accuracy_strategy_93": 0.785982729233414, "ENV_Test_proba_accuracy_strategy_93_epoch0": 0.7545985231853121, "ENV_Test_proba_accuracy_per_mean_strategy": 0.796133958964813, "ENV_Test_proba_accuracy_per_mean_strategy_epoch0": 0.7626931003539754, "ENV_Test_proba_accuracy_per_mean_user": 0.7922077827338867, "ENV_Test_proba_accuracy_per_mean_user_epoch0": 0.7544189433945845, "ENV_Test_proba_accuracy_per_mean_user_and_bot": 0.8179181282601248, "ENV_Test_proba_accuracy_per_mean_user_and_bot_epoch0": 0.7877250687300584, "ENV_Test_accuracy": 0.795584, "ENV_Test_accuracy_epoch0": 0.797184, "ENV_Test_accuracy_strategy_132": 0.8328611898016998, "ENV_Test_accuracy_strategy_132_epoch0": 0.8413597733711048, "ENV_Test_accuracy_strategy_23": 0.7956051058329294, "ENV_Test_accuracy_strategy_23_epoch0": 0.8030376474390046, "ENV_Test_accuracy_strategy_107": 0.8637110016420362, "ENV_Test_accuracy_strategy_107_epoch0": 0.8768472906403941, "ENV_Test_accuracy_strategy_43": 0.8123409669211196, "ENV_Test_accuracy_strategy_43_epoch0": 0.816793893129771, "ENV_Test_accuracy_strategy_17": 0.764519056261343, "ENV_Test_accuracy_strategy_17_epoch0": 0.7513611615245009, "ENV_Test_accuracy_strategy_93": 0.7985212569316081, "ENV_Test_accuracy_strategy_93_epoch0": 0.8049907578558225, "ENV_Test_accuracy_per_mean_strategy": 0.811259762898456, "ENV_Test_accuracy_per_mean_strategy_epoch0": 0.815731753993433, "ENV_Test_accuracy_per_mean_user": 0.8092890332365459, "ENV_Test_accuracy_per_mean_user_epoch0": 0.8117174622390844, "ENV_Test_accuracy_per_mean_user_and_bot": 0.8332812104582888, "ENV_Test_accuracy_per_mean_user_and_bot_epoch0": 0.843083184800835, "ENV_Train_TotalLoss_epoch1": 907.3397922272765, "ENV_Train_Right action_epoch1": 0.8162734794275492, "ENV_Train_Probability to choose the right action_epoch1": 0.7442576123196437, "ENV_Train_Weighted right action_epoch1": 0.8162734794275492, "ENV_Train_Weighted probability to choose the right action:_epoch1": 0.7442576123196437, "ENV_Test_TotalLoss_epoch1": 194.60814448548382, "ENV_Test_Right action_epoch1": 0.806592, "ENV_Test_Probability to choose the right action_epoch1": 0.7565385925743594, "ENV_Test_Weighted right action_epoch1": 0.8489836541532136, "ENV_Test_Weighted probability to choose the right action:_epoch1": 0.7990093185646502, "ENV_Test_proba_accuracy_epoch1": 0.7565385925743591, "ENV_Test_proba_accuracy_strategy_132_epoch1": 0.8049507961188341, "ENV_Test_proba_accuracy_strategy_23_epoch1": 0.7553957214760688, "ENV_Test_proba_accuracy_strategy_107_epoch1": 0.8362735233410197, "ENV_Test_proba_accuracy_strategy_43_epoch1": 0.7698599500994022, "ENV_Test_proba_accuracy_strategy_17_epoch1": 0.7218961601885081, "ENV_Test_proba_accuracy_strategy_93_epoch1": 0.7610023495631624, "ENV_Test_proba_accuracy_per_mean_strategy_epoch1": 0.7748964167978326, "ENV_Test_proba_accuracy_per_mean_user_epoch1": 0.7705645288524797, "ENV_Test_proba_accuracy_per_mean_user_and_bot_epoch1": 0.7990093185646502, "ENV_Test_accuracy_epoch1": 0.806592, "ENV_Test_accuracy_strategy_132_epoch1": 0.8526912181303116, "ENV_Test_accuracy_strategy_23_epoch1": 0.809339150105025, "ENV_Test_accuracy_strategy_107_epoch1": 0.8784893267651889, "ENV_Test_accuracy_strategy_43_epoch1": 0.8206106870229007, "ENV_Test_accuracy_strategy_17_epoch1": 0.7676950998185118, "ENV_Test_accuracy_strategy_93_epoch1": 0.8133086876155268, "ENV_Test_accuracy_per_mean_strategy_epoch1": 0.8236890282429107, "ENV_Test_accuracy_per_mean_user_epoch1": 0.8222292696320631, "ENV_Test_accuracy_per_mean_user_and_bot_epoch1": 0.8489836541532149, "ENV_Train_TotalLoss_epoch2": 857.0761948053622, "ENV_Train_Right action_epoch2": 0.8265585686329326, "ENV_Train_Probability to choose the right action_epoch2": 0.7582296601726105, "ENV_Train_Weighted right action_epoch2": 0.8265585686329326, "ENV_Train_Weighted probability to choose the right action:_epoch2": 0.7582296601726105, "ENV_Test_TotalLoss_epoch2": 196.4674811589657, "ENV_Test_Right action_epoch2": 0.811968, "ENV_Test_Probability to choose the right action_epoch2": 0.7595885057597136, "ENV_Test_Weighted right action_epoch2": 0.8548132849593847, "ENV_Test_Weighted probability to choose the right action:_epoch2": 0.8001856617356046, "ENV_Test_proba_accuracy_epoch2": 0.7595885057597143, "ENV_Test_proba_accuracy_strategy_132_epoch2": 0.809461818039345, "ENV_Test_proba_accuracy_strategy_23_epoch2": 0.7581587126445783, "ENV_Test_proba_accuracy_strategy_107_epoch2": 0.8469868921825191, "ENV_Test_proba_accuracy_strategy_43_epoch2": 0.7675068384474797, "ENV_Test_proba_accuracy_strategy_17_epoch2": 0.7249817913127291, "ENV_Test_proba_accuracy_strategy_93_epoch2": 0.7667010329146886, "ENV_Test_proba_accuracy_per_mean_strategy_epoch2": 0.7789661809235566, "ENV_Test_proba_accuracy_per_mean_user_epoch2": 0.7718797757880091, "ENV_Test_proba_accuracy_per_mean_user_and_bot_epoch2": 0.8001856617356038, "ENV_Test_accuracy_epoch2": 0.811968, "ENV_Test_accuracy_strategy_132_epoch2": 0.8594900849858357, "ENV_Test_accuracy_strategy_23_epoch2": 0.8130554209080627, "ENV_Test_accuracy_strategy_107_epoch2": 0.8834154351395731, "ENV_Test_accuracy_strategy_43_epoch2": 0.8180661577608143, "ENV_Test_accuracy_strategy_17_epoch2": 0.7765426497277677, "ENV_Test_accuracy_strategy_93_epoch2": 0.8234750462107209, "ENV_Test_accuracy_per_mean_strategy_epoch2": 0.8290074657887957, "ENV_Test_accuracy_per_mean_user_epoch2": 0.8266874530083346, "ENV_Test_accuracy_per_mean_user_and_bot_epoch2": 0.8548132849593844, "ENV_Train_TotalLoss_epoch3": 826.1610480842085, "ENV_Train_Right action_epoch3": 0.8318702823595191, "ENV_Train_Probability to choose the right action_epoch3": 0.7668613014147814, "ENV_Train_Weighted right action_epoch3": 0.8318702823595191, "ENV_Train_Weighted probability to choose the right action:_epoch3": 0.7668613014147814, "ENV_Test_TotalLoss_epoch3": 192.65762231821546, "ENV_Test_Right action_epoch3": 0.814784, "ENV_Test_Probability to choose the right action_epoch3": 0.7667609411826953, "ENV_Test_Weighted right action_epoch3": 0.8580880777682189, "ENV_Test_Weighted probability to choose the right action:_epoch3": 0.8098451148490889, "ENV_Test_proba_accuracy_epoch3": 0.7667609411826951, "ENV_Test_proba_accuracy_strategy_132_epoch3": 0.8172128137334143, "ENV_Test_proba_accuracy_strategy_23_epoch3": 0.7648531437670472, "ENV_Test_proba_accuracy_strategy_107_epoch3": 0.8520206196466336, "ENV_Test_proba_accuracy_strategy_43_epoch3": 0.7715305395377434, "ENV_Test_proba_accuracy_strategy_17_epoch3": 0.7344822035341343, "ENV_Test_proba_accuracy_strategy_93_epoch3": 0.7719582849069175, "ENV_Test_proba_accuracy_per_mean_strategy_epoch3": 0.7853429341876484, "ENV_Test_proba_accuracy_per_mean_user_epoch3": 0.7798063490793031, "ENV_Test_proba_accuracy_per_mean_user_and_bot_epoch3": 0.809845114849088, "ENV_Test_accuracy_epoch3": 0.814784, "ENV_Test_accuracy_strategy_132_epoch3": 0.8640226628895185, "ENV_Test_accuracy_strategy_23_epoch3": 0.8170948456939732, "ENV_Test_accuracy_strategy_107_epoch3": 0.8916256157635468, "ENV_Test_accuracy_strategy_43_epoch3": 0.8155216284987278, "ENV_Test_accuracy_strategy_17_epoch3": 0.778584392014519, "ENV_Test_accuracy_strategy_93_epoch3": 0.8243992606284658, "ENV_Test_accuracy_per_mean_strategy_epoch3": 0.8318747342481253, "ENV_Test_accuracy_per_mean_user_epoch3": 0.8297569542870343, "ENV_Test_accuracy_per_mean_user_and_bot_epoch3": 0.8580880777682192, "ENV_Train_TotalLoss_epoch4": 793.5216367419521, "ENV_Train_Right action_epoch4": 0.8384301447978979, "ENV_Train_Probability to choose the right action_epoch4": 0.7757541825344152, "ENV_Train_Weighted right action_epoch4": 0.8384301447978979, "ENV_Train_Weighted probability to choose the right action:_epoch4": 0.7757541825344152, "ENV_Test_TotalLoss_epoch4": 199.94441216858223, "ENV_Test_Right action_epoch4": 0.815104, "ENV_Test_Probability to choose the right action_epoch4": 0.7755230646773837, "ENV_Test_Weighted right action_epoch4": 0.8604793173303307, "ENV_Test_Weighted probability to choose the right action:_epoch4": 0.8222975678381282, "ENV_Test_proba_accuracy_epoch4": 0.7755230646773833, "ENV_Test_proba_accuracy_strategy_132_epoch4": 0.8289775456812525, "ENV_Test_proba_accuracy_strategy_23_epoch4": 0.7727470753796432, "ENV_Test_proba_accuracy_strategy_107_epoch4": 0.8585198284908819, "ENV_Test_proba_accuracy_strategy_43_epoch4": 0.7848541948152356, "ENV_Test_proba_accuracy_strategy_17_epoch4": 0.7421177969076121, "ENV_Test_proba_accuracy_strategy_93_epoch4": 0.7800242600395936, "ENV_Test_proba_accuracy_per_mean_strategy_epoch4": 0.794540116885703, "ENV_Test_proba_accuracy_per_mean_user_epoch4": 0.7911912765908036, "ENV_Test_proba_accuracy_per_mean_user_and_bot_epoch4": 0.8222975678381279, "ENV_Test_accuracy_epoch4": 0.815104, "ENV_Test_accuracy_strategy_132_epoch4": 0.8628895184135977, "ENV_Test_accuracy_strategy_23_epoch4": 0.8164485377282275, "ENV_Test_accuracy_strategy_107_epoch4": 0.896551724137931, "ENV_Test_accuracy_strategy_43_epoch4": 0.8263358778625954, "ENV_Test_accuracy_strategy_17_epoch4": 0.7776769509981851, "ENV_Test_accuracy_strategy_93_epoch4": 0.8197781885397413, "ENV_Test_accuracy_per_mean_strategy_epoch4": 0.8332801329467129, "ENV_Test_accuracy_per_mean_user_epoch4": 0.8303382506242099, "ENV_Test_accuracy_per_mean_user_and_bot_epoch4": 0.8604793173303313, "ENV_Train_TotalLoss_epoch5": 777.7964741120425, "ENV_Train_Right action_epoch5": 0.8426201556887901, "ENV_Train_Probability to choose the right action_epoch5": 0.782038313274503, "ENV_Train_Weighted right action_epoch5": 0.8426201556887901, "ENV_Train_Weighted probability to choose the right action:_epoch5": 0.782038313274503, "ENV_Test_TotalLoss_epoch5": 192.71074239095074, "ENV_Test_Right action_epoch5": 0.814976, "ENV_Test_Probability to choose the right action_epoch5": 0.7729238903802633, "ENV_Test_Weighted right action_epoch5": 0.8596718017848662, "ENV_Test_Weighted probability to choose the right action:_epoch5": 0.8165393537773951, "ENV_Test_proba_accuracy_epoch5": 0.772923890380264, "ENV_Test_proba_accuracy_strategy_132_epoch5": 0.8251301056921264, "ENV_Test_proba_accuracy_strategy_23_epoch5": 0.7692040009588598, "ENV_Test_proba_accuracy_strategy_107_epoch5": 0.8490883437722967, "ENV_Test_proba_accuracy_strategy_43_epoch5": 0.7804280249822553, "ENV_Test_proba_accuracy_strategy_17_epoch5": 0.7431232561008203, "ENV_Test_proba_accuracy_strategy_93_epoch5": 0.7766752487881601, "ENV_Test_proba_accuracy_per_mean_strategy_epoch5": 0.7906081633824198, "ENV_Test_proba_accuracy_per_mean_user_epoch5": 0.7882742188426761, "ENV_Test_proba_accuracy_per_mean_user_and_bot_epoch5": 0.8165393537773953, "ENV_Test_accuracy_epoch5": 0.814976, "ENV_Test_accuracy_strategy_132_epoch5": 0.8606232294617564, "ENV_Test_accuracy_strategy_23_epoch5": 0.8156406527710454, "ENV_Test_accuracy_strategy_107_epoch5": 0.8899835796387521, "ENV_Test_accuracy_strategy_43_epoch5": 0.8244274809160306, "ENV_Test_accuracy_strategy_17_epoch5": 0.7824410163339383, "ENV_Test_accuracy_strategy_93_epoch5": 0.8133086876155268, "ENV_Test_accuracy_per_mean_strategy_epoch5": 0.8310707744561748, "ENV_Test_accuracy_per_mean_user_epoch5": 0.8318099109998426, "ENV_Test_accuracy_per_mean_user_and_bot_epoch5": 0.8596718017848671, "ENV_Train_TotalLoss_epoch6": 750.6522007392853, "ENV_Train_Right action_epoch6": 0.8482748019061727, "ENV_Train_Probability to choose the right action_epoch6": 0.7887636396857273, "ENV_Train_Weighted right action_epoch6": 0.8482748019061727, "ENV_Train_Weighted probability to choose the right action:_epoch6": 0.7887636396857273, "ENV_Test_TotalLoss_epoch6": 212.91070648744005, "ENV_Test_Right action_epoch6": 0.816896, "ENV_Test_Probability to choose the right action_epoch6": 0.7823724733953372, "ENV_Test_Weighted right action_epoch6": 0.8573413813946092, "ENV_Test_Weighted probability to choose the right action:_epoch6": 0.8257665790916698, "ENV_Test_proba_accuracy_epoch6": 0.7823724733953368, "ENV_Test_proba_accuracy_strategy_132_epoch6": 0.8339850753015067, "ENV_Test_proba_accuracy_strategy_23_epoch6": 0.7810729697752095, "ENV_Test_proba_accuracy_strategy_107_epoch6": 0.8644981631635728, "ENV_Test_proba_accuracy_strategy_43_epoch6": 0.7882131125676434, "ENV_Test_proba_accuracy_strategy_17_epoch6": 0.7485684624107591, "ENV_Test_proba_accuracy_strategy_93_epoch6": 0.7886187174922638, "ENV_Test_proba_accuracy_per_mean_strategy_epoch6": 0.8008260834518258, "ENV_Test_proba_accuracy_per_mean_user_epoch6": 0.7973321798922942, "ENV_Test_proba_accuracy_per_mean_user_and_bot_epoch6": 0.8257665790916693, "ENV_Test_accuracy_epoch6": 0.816896, "ENV_Test_accuracy_strategy_132_epoch6": 0.8645892351274788, "ENV_Test_accuracy_strategy_23_epoch6": 0.8203263855227015, "ENV_Test_accuracy_strategy_107_epoch6": 0.8932676518883416, "ENV_Test_accuracy_strategy_43_epoch6": 0.821882951653944, "ENV_Test_accuracy_strategy_17_epoch6": 0.7797186932849365, "ENV_Test_accuracy_strategy_93_epoch6": 0.8207024029574861, "ENV_Test_accuracy_per_mean_strategy_epoch6": 0.8334145534058147, "ENV_Test_accuracy_per_mean_user_epoch6": 0.8304902644531499, "ENV_Test_accuracy_per_mean_user_and_bot_epoch6": 0.8573413813946095, "ENV_Train_TotalLoss_epoch7": 728.9235253303941, "ENV_Train_Right action_epoch7": 0.8530752026838132, "ENV_Train_Probability to choose the right action_epoch7": 0.7955935471087875, "ENV_Train_Weighted right action_epoch7": 0.8530752026838132, "ENV_Train_Weighted probability to choose the right action:_epoch7": 0.7955935471087875, "ENV_Test_TotalLoss_epoch7": 209.98657745365722, "ENV_Test_Right action_epoch7": 0.816128, "ENV_Test_Probability to choose the right action_epoch7": 0.7705577075759589, "ENV_Test_Weighted right action_epoch7": 0.85810804492721, "ENV_Test_Weighted probability to choose the right action:_epoch7": 0.8095851767530546, "ENV_Test_proba_accuracy_epoch7": 0.7705577075759599, "ENV_Test_proba_accuracy_strategy_132_epoch7": 0.8203317637916064, "ENV_Test_proba_accuracy_strategy_23_epoch7": 0.770127334623837, "ENV_Test_proba_accuracy_strategy_107_epoch7": 0.8452302124771439, "ENV_Test_proba_accuracy_strategy_43_epoch7": 0.7722603267969087, "ENV_Test_proba_accuracy_strategy_17_epoch7": 0.7390146170014876, "ENV_Test_proba_accuracy_strategy_93_epoch7": 0.7758277993802045, "ENV_Test_proba_accuracy_per_mean_strategy_epoch7": 0.7871320090118648, "ENV_Test_proba_accuracy_per_mean_user_epoch7": 0.7844802859338751, "ENV_Test_proba_accuracy_per_mean_user_and_bot_epoch7": 0.809585176753056, "ENV_Test_accuracy_epoch7": 0.816128, "ENV_Test_accuracy_strategy_132_epoch7": 0.8583569405099151, "ENV_Test_accuracy_strategy_23_epoch7": 0.8145096138309905, "ENV_Test_accuracy_strategy_107_epoch7": 0.8834154351395731, "ENV_Test_accuracy_strategy_43_epoch7": 0.8263358778625954, "ENV_Test_accuracy_strategy_17_epoch7": 0.7828947368421053, "ENV_Test_accuracy_strategy_93_epoch7": 0.8391866913123844, "ENV_Test_accuracy_per_mean_strategy_epoch7": 0.834116549249594, "ENV_Test_accuracy_per_mean_user_epoch7": 0.8306487334893811, "ENV_Test_accuracy_per_mean_user_and_bot_epoch7": 0.8581080449272103, "ENV_Train_TotalLoss_epoch8": 708.1935550598721, "ENV_Train_Right action_epoch8": 0.8579013553164734, "ENV_Train_Probability to choose the right action_epoch8": 0.8021709692775431, "ENV_Train_Weighted right action_epoch8": 0.8579013553164734, "ENV_Train_Weighted probability to choose the right action:_epoch8": 0.8021709692775431, "ENV_Test_TotalLoss_epoch8": 229.23181632112585, "ENV_Test_Right action_epoch8": 0.813184, "ENV_Test_Probability to choose the right action_epoch8": 0.7849389928816384, "ENV_Test_Weighted right action_epoch8": 0.8548945982913226, "ENV_Test_Weighted probability to choose the right action:_epoch8": 0.8279448165196068, "ENV_Test_proba_accuracy_epoch8": 0.7849389928816379, "ENV_Test_proba_accuracy_strategy_132_epoch8": 0.8356450810388991, "ENV_Test_proba_accuracy_strategy_23_epoch8": 0.7835672411440969, "ENV_Test_proba_accuracy_strategy_107_epoch8": 0.8630760814822259, "ENV_Test_proba_accuracy_strategy_43_epoch8": 0.7886660689478133, "ENV_Test_proba_accuracy_strategy_17_epoch8": 0.7526651055701147, "ENV_Test_proba_accuracy_strategy_93_epoch8": 0.7921592984652638, "ENV_Test_proba_accuracy_per_mean_strategy_epoch8": 0.8026298127747357, "ENV_Test_proba_accuracy_per_mean_user_epoch8": 0.8002205523844097, "ENV_Test_proba_accuracy_per_mean_user_and_bot_epoch8": 0.8279448165196073, "ENV_Test_accuracy_epoch8": 0.813184, "ENV_Test_accuracy_strategy_132_epoch8": 0.8611898016997167, "ENV_Test_accuracy_strategy_23_epoch8": 0.8138633058652448, "ENV_Test_accuracy_strategy_107_epoch8": 0.8850574712643678, "ENV_Test_accuracy_strategy_43_epoch8": 0.8155216284987278, "ENV_Test_accuracy_strategy_17_epoch8": 0.7776769509981851, "ENV_Test_accuracy_strategy_93_epoch8": 0.8317929759704251, "ENV_Test_accuracy_per_mean_strategy_epoch8": 0.8308503557161112, "ENV_Test_accuracy_per_mean_user_epoch8": 0.8282942910308486, "ENV_Test_accuracy_per_mean_user_and_bot_epoch8": 0.8548945982913221, "ENV_Train_TotalLoss_epoch9": 686.2316714319553, "ENV_Train_Right action_epoch9": 0.8622728543472183, "ENV_Train_Probability to choose the right action_epoch9": 0.8080040410659451, "ENV_Train_Weighted right action_epoch9": 0.8622728543472183, "ENV_Train_Weighted probability to choose the right action:_epoch9": 0.8080040410659451, "ENV_Test_TotalLoss_epoch9": 205.80987863591133, "ENV_Test_Right action_epoch9": 0.814144, "ENV_Test_Probability to choose the right action_epoch9": 0.7767589777501387, "ENV_Test_Weighted right action_epoch9": 0.852800900904731, "ENV_Test_Weighted probability to choose the right action:_epoch9": 0.8191745922536032, "ENV_Test_proba_accuracy_epoch9": 0.7767589777501379, "ENV_Test_proba_accuracy_strategy_132_epoch9": 0.8296518841326852, "ENV_Test_proba_accuracy_strategy_23_epoch9": 0.7745585529412655, "ENV_Test_proba_accuracy_strategy_107_epoch9": 0.8576224104998844, "ENV_Test_proba_accuracy_strategy_43_epoch9": 0.7826459162894586, "ENV_Test_proba_accuracy_strategy_17_epoch9": 0.7451224025530341, "ENV_Test_proba_accuracy_strategy_93_epoch9": 0.7778831689861295, "ENV_Test_proba_accuracy_per_mean_strategy_epoch9": 0.7945807225670762, "ENV_Test_proba_accuracy_per_mean_user_epoch9": 0.7922341733485283, "ENV_Test_proba_accuracy_per_mean_user_and_bot_epoch9": 0.8191745922536037, "ENV_Test_accuracy_epoch9": 0.814144, "ENV_Test_accuracy_strategy_132_epoch9": 0.8611898016997167, "ENV_Test_accuracy_strategy_23_epoch9": 0.8156406527710454, "ENV_Test_accuracy_strategy_107_epoch9": 0.8834154351395731, "ENV_Test_accuracy_strategy_43_epoch9": 0.8180661577608143, "ENV_Test_accuracy_strategy_17_epoch9": 0.7806261343012704, "ENV_Test_accuracy_strategy_93_epoch9": 0.8207024029574861, "ENV_Test_accuracy_per_mean_strategy_epoch9": 0.8299400974383176, "ENV_Test_accuracy_per_mean_user_epoch9": 0.8288191875480625, "ENV_Test_accuracy_per_mean_user_and_bot_epoch9": 0.8528009009047315, "ENV_Train_TotalLoss_epoch10": 683.0526268582009, "ENV_Train_Right action_epoch10": 0.8639642158233156, "ENV_Train_Probability to choose the right action_epoch10": 0.8101698403455773, "ENV_Train_Weighted right action_epoch10": 0.8639642158233156, "ENV_Train_Weighted probability to choose the right action:_epoch10": 0.8101698403455773, "ENV_Test_TotalLoss_epoch10": 209.58317122186756, "ENV_Test_Right action_epoch10": 0.816256, "ENV_Test_Probability to choose the right action_epoch10": 0.779012934450643, "ENV_Test_Weighted right action_epoch10": 0.8558273050479762, "ENV_Test_Weighted probability to choose the right action:_epoch10": 0.8209292128652892, "ENV_Test_proba_accuracy_epoch10": 0.7790129344506432, "ENV_Test_proba_accuracy_strategy_132_epoch10": 0.8282871650877495, "ENV_Test_proba_accuracy_strategy_23_epoch10": 0.7795097151689366, "ENV_Test_proba_accuracy_strategy_107_epoch10": 0.8576966983879112, "ENV_Test_proba_accuracy_strategy_43_epoch10": 0.7810507705909656, "ENV_Test_proba_accuracy_strategy_17_epoch10": 0.7464004077324479, "ENV_Test_proba_accuracy_strategy_93_epoch10": 0.7814071434926134, "ENV_Test_proba_accuracy_per_mean_strategy_epoch10": 0.7957253167434374, "ENV_Test_proba_accuracy_per_mean_user_epoch10": 0.792953930127764, "ENV_Test_proba_accuracy_per_mean_user_and_bot_epoch10": 0.8209292128652894, "ENV_Test_accuracy_epoch10": 0.816256, "ENV_Test_accuracy_strategy_132_epoch10": 0.860056657223796, "ENV_Test_accuracy_strategy_23_epoch10": 0.820487962514138, "ENV_Test_accuracy_strategy_107_epoch10": 0.8801313628899836, "ENV_Test_accuracy_strategy_43_epoch10": 0.8263358778625954, "ENV_Test_accuracy_strategy_17_epoch10": 0.778584392014519, "ENV_Test_accuracy_strategy_93_epoch10": 0.8234750462107209, "ENV_Test_accuracy_per_mean_strategy_epoch10": 0.8315118831192922, "ENV_Test_accuracy_per_mean_user_epoch10": 0.8291636621935289, "ENV_Test_accuracy_per_mean_user_and_bot_epoch10": 0.8558273050479775, "ENV_Train_TotalLoss_epoch11": 650.649730972292, "ENV_Train_Right action_epoch11": 0.8696551627737941, "ENV_Train_Probability to choose the right action_epoch11": 0.8180838373548741, "ENV_Train_Weighted right action_epoch11": 0.8696551627737941, "ENV_Train_Weighted probability to choose the right action:_epoch11": 0.8180838373548741, "ENV_Test_TotalLoss_epoch11": 238.99788602658663, "ENV_Test_Right action_epoch11": 0.81088, "ENV_Test_Probability to choose the right action_epoch11": 0.7863752038646625, "ENV_Test_Weighted right action_epoch11": 0.8515266442584492, "ENV_Test_Weighted probability to choose the right action:_epoch11": 0.8291562947343757, "ENV_Test_proba_accuracy_epoch11": 0.7863752038646636, "ENV_Test_proba_accuracy_strategy_132_epoch11": 0.8375511221445668, "ENV_Test_proba_accuracy_strategy_23_epoch11": 0.785107609515059, "ENV_Test_proba_accuracy_strategy_107_epoch11": 0.8591008148635644, "ENV_Test_proba_accuracy_strategy_43_epoch11": 0.7895899563122865, "ENV_Test_proba_accuracy_strategy_17_epoch11": 0.7568249301509498, "ENV_Test_proba_accuracy_strategy_93_epoch11": 0.7849276662026762, "ENV_Test_proba_accuracy_per_mean_strategy_epoch11": 0.8021836831981838, "ENV_Test_proba_accuracy_per_mean_user_epoch11": 0.8013468061672806, "ENV_Test_proba_accuracy_per_mean_user_and_bot_epoch11": 0.8291562947343756, "ENV_Test_accuracy_epoch11": 0.81088, "ENV_Test_accuracy_strategy_132_epoch11": 0.856657223796034, "ENV_Test_accuracy_strategy_23_epoch11": 0.8146711908224269, "ENV_Test_accuracy_strategy_107_epoch11": 0.8653530377668309, "ENV_Test_accuracy_strategy_43_epoch11": 0.8199745547073791, "ENV_Test_accuracy_strategy_17_epoch11": 0.7781306715063521, "ENV_Test_accuracy_strategy_93_epoch11": 0.8040665434380776, "ENV_Test_accuracy_per_mean_strategy_epoch11": 0.8231422036728503, "ENV_Test_accuracy_per_mean_user_epoch11": 0.82520110655965, "ENV_Test_accuracy_per_mean_user_and_bot_epoch11": 0.8515266442584498, "ENV_Train_TotalLoss_epoch12": 624.0088590036847, "ENV_Train_Right action_epoch12": 0.8759256671789856, "ENV_Train_Probability to choose the right action_epoch12": 0.8255766098088958, "ENV_Train_Weighted right action_epoch12": 0.8759256671789856, "ENV_Train_Weighted probability to choose the right action:_epoch12": 0.8255766098088958, "ENV_Test_TotalLoss_epoch12": 246.58731489785166, "ENV_Test_Right action_epoch12": 0.813184, "ENV_Test_Probability to choose the right action_epoch12": 0.7867982416581429, "ENV_Test_Weighted right action_epoch12": 0.8518721132751774, "ENV_Test_Weighted probability to choose the right action:_epoch12": 0.8258798467705987, "ENV_Test_proba_accuracy_epoch12": 0.7867982416581439, "ENV_Test_proba_accuracy_strategy_132_epoch12": 0.8300507759993159, "ENV_Test_proba_accuracy_strategy_23_epoch12": 0.7874034703956444, "ENV_Test_proba_accuracy_strategy_107_epoch12": 0.8634140290183739, "ENV_Test_proba_accuracy_strategy_43_epoch12": 0.7893608787230423, "ENV_Test_proba_accuracy_strategy_17_epoch12": 0.7566450831982502, "ENV_Test_proba_accuracy_strategy_93_epoch12": 0.7887771314495042, "ENV_Test_proba_accuracy_per_mean_strategy_epoch12": 0.8026085614640218, "ENV_Test_proba_accuracy_per_mean_user_epoch12": 0.8010164534743978, "ENV_Test_proba_accuracy_per_mean_user_and_bot_epoch12": 0.8258798467705977, "ENV_Test_accuracy_epoch12": 0.813184, "ENV_Test_accuracy_strategy_132_epoch12": 0.8504249291784702, "ENV_Test_accuracy_strategy_23_epoch12": 0.8182258846340281, "ENV_Test_accuracy_strategy_107_epoch12": 0.8834154351395731, "ENV_Test_accuracy_strategy_43_epoch12": 0.8206106870229007, "ENV_Test_accuracy_strategy_17_epoch12": 0.779491833030853, "ENV_Test_accuracy_strategy_93_epoch12": 0.8105360443622921, "ENV_Test_accuracy_per_mean_strategy_epoch12": 0.8271174688946862, "ENV_Test_accuracy_per_mean_user_epoch12": 0.8279686165212542, "ENV_Test_accuracy_per_mean_user_and_bot_epoch12": 0.8518721132751774, "ENV_Train_TotalLoss_epoch13": 612.1496838987756, "ENV_Train_Right action_epoch13": 0.8788395427485396, "ENV_Train_Probability to choose the right action_epoch13": 0.8294305298949406, "ENV_Train_Weighted right action_epoch13": 0.8788395427485396, "ENV_Train_Weighted probability to choose the right action:_epoch13": 0.8294305298949406, "ENV_Test_TotalLoss_epoch13": 277.01569897553884, "ENV_Test_Right action_epoch13": 0.802368, "ENV_Test_Probability to choose the right action_epoch13": 0.7833966966542315, "ENV_Test_Weighted right action_epoch13": 0.8402623103735115, "ENV_Test_Weighted probability to choose the right action:_epoch13": 0.8234496575240613, "ENV_Test_proba_accuracy_epoch13": 0.7833966966542313, "ENV_Test_proba_accuracy_strategy_132_epoch13": 0.8297529670306415, "ENV_Test_proba_accuracy_strategy_23_epoch13": 0.7825085623992005, "ENV_Test_proba_accuracy_strategy_107_epoch13": 0.8574271385102981, "ENV_Test_proba_accuracy_strategy_43_epoch13": 0.7890005811100881, "ENV_Test_proba_accuracy_strategy_17_epoch13": 0.7531692313727949, "ENV_Test_proba_accuracy_strategy_93_epoch13": 0.7861939861141598, "ENV_Test_proba_accuracy_per_mean_strategy_epoch13": 0.7996754110895304, "ENV_Test_proba_accuracy_per_mean_user_epoch13": 0.797904044341813, "ENV_Test_proba_accuracy_per_mean_user_and_bot_epoch13": 0.8234496575240614, "ENV_Test_accuracy_epoch13": 0.802368, "ENV_Test_accuracy_strategy_132_epoch13": 0.8453257790368272, "ENV_Test_accuracy_strategy_23_epoch13": 0.8019066084989498, "ENV_Test_accuracy_strategy_107_epoch13": 0.8719211822660099, "ENV_Test_accuracy_strategy_43_epoch13": 0.8078880407124682, "ENV_Test_accuracy_strategy_17_epoch13": 0.7747277676950998, "ENV_Test_accuracy_strategy_93_epoch13": 0.800369685767098, "ENV_Test_accuracy_per_mean_strategy_epoch13": 0.8170231773294088, "ENV_Test_accuracy_per_mean_user_epoch13": 0.8152085097048744, "ENV_Test_accuracy_per_mean_user_and_bot_epoch13": 0.8402623103735123, "ENV_Train_TotalLoss_epoch14": 593.2720874783455, "ENV_Train_Right action_epoch14": 0.8826242522502376, "ENV_Train_Probability to choose the right action_epoch14": 0.8360195991480945, "ENV_Train_Weighted right action_epoch14": 0.8826242522502376, "ENV_Train_Weighted probability to choose the right action:_epoch14": 0.8360195991480945, "ENV_Test_TotalLoss_epoch14": 283.28466266683256, "ENV_Test_Right action_epoch14": 0.807168, "ENV_Test_Probability to choose the right action_epoch14": 0.7843177095597443, "ENV_Test_Weighted right action_epoch14": 0.84916627899175, "ENV_Test_Weighted probability to choose the right action:_epoch14": 0.8224439170143888, "ENV_Test_proba_accuracy_epoch14": 0.7843177095597439, "ENV_Test_proba_accuracy_strategy_132_epoch14": 0.8294857659075738, "ENV_Test_proba_accuracy_strategy_23_epoch14": 0.7843509508457721, "ENV_Test_proba_accuracy_strategy_107_epoch14": 0.8565838422895731, "ENV_Test_proba_accuracy_strategy_43_epoch14": 0.7880577462625469, "ENV_Test_proba_accuracy_strategy_17_epoch14": 0.7538593212635636, "ENV_Test_proba_accuracy_strategy_93_epoch14": 0.7884247458879721, "ENV_Test_proba_accuracy_per_mean_strategy_epoch14": 0.800127062076167, "ENV_Test_proba_accuracy_per_mean_user_epoch14": 0.797466469345793, "ENV_Test_proba_accuracy_per_mean_user_and_bot_epoch14": 0.8224439170143898, "ENV_Test_accuracy_epoch14": 0.807168, "ENV_Test_accuracy_strategy_132_epoch14": 0.8526912181303116, "ENV_Test_accuracy_strategy_23_epoch14": 0.8074002262077881, "ENV_Test_accuracy_strategy_107_epoch14": 0.8801313628899836, "ENV_Test_accuracy_strategy_43_epoch14": 0.8136132315521628, "ENV_Test_accuracy_strategy_17_epoch14": 0.7754083484573503, "ENV_Test_accuracy_strategy_93_epoch14": 0.8105360443622921, "ENV_Test_accuracy_per_mean_strategy_epoch14": 0.8232967385999813, "ENV_Test_accuracy_per_mean_user_epoch14": 0.8232020248014363, "ENV_Test_accuracy_per_mean_user_and_bot_epoch14": 0.8491662789917503, "ENV_Train_TotalLoss_epoch15": 566.6393069686674, "ENV_Train_Right action_epoch15": 0.8870688209314027, "ENV_Train_Probability to choose the right action_epoch15": 0.8425081211228136, "ENV_Train_Weighted right action_epoch15": 0.8870688209314027, "ENV_Train_Weighted probability to choose the right action:_epoch15": 0.8425081211228136, "ENV_Test_TotalLoss_epoch15": 285.05553167609486, "ENV_Test_Right action_epoch15": 0.804608, "ENV_Test_Probability to choose the right action_epoch15": 0.7852426897867687, "ENV_Test_Weighted right action_epoch15": 0.8484040041169506, "ENV_Test_Weighted probability to choose the right action:_epoch15": 0.8272519613739033, "ENV_Test_proba_accuracy_epoch15": 0.7852426897867683, "ENV_Test_proba_accuracy_strategy_132_epoch15": 0.8346017683388667, "ENV_Test_proba_accuracy_strategy_23_epoch15": 0.7844866281449312, "ENV_Test_proba_accuracy_strategy_107_epoch15": 0.8556818600369012, "ENV_Test_proba_accuracy_strategy_43_epoch15": 0.7906172720601436, "ENV_Test_proba_accuracy_strategy_17_epoch15": 0.7548717503388777, "ENV_Test_proba_accuracy_strategy_93_epoch15": 0.7853252174458252, "ENV_Test_proba_accuracy_per_mean_strategy_epoch15": 0.8009307493942576, "ENV_Test_proba_accuracy_per_mean_user_epoch15": 0.800294765610303, "ENV_Test_proba_accuracy_per_mean_user_and_bot_epoch15": 0.8272519613739037, "ENV_Test_accuracy_epoch15": 0.804608, "ENV_Test_accuracy_strategy_132_epoch15": 0.8492917847025496, "ENV_Test_accuracy_strategy_23_epoch15": 0.8059460332848603, "ENV_Test_accuracy_strategy_107_epoch15": 0.8801313628899836, "ENV_Test_accuracy_strategy_43_epoch15": 0.8085241730279898, "ENV_Test_accuracy_strategy_17_epoch15": 0.7726860254083484, "ENV_Test_accuracy_strategy_93_epoch15": 0.8059149722735675, "ENV_Test_accuracy_per_mean_strategy_epoch15": 0.82041572526455, "ENV_Test_accuracy_per_mean_user_epoch15": 0.8198468567153075, "ENV_Test_accuracy_per_mean_user_and_bot_epoch15": 0.8484040041169508, "ENV_Train_TotalLoss_epoch16": 562.4463453094537, "ENV_Train_Right action_epoch16": 0.8899682708301301, "ENV_Train_Probability to choose the right action_epoch16": 0.8447399664198509, "ENV_Train_Weighted right action_epoch16": 0.8899682708301301, "ENV_Train_Weighted probability to choose the right action:_epoch16": 0.8447399664198509, "ENV_Test_TotalLoss_epoch16": 268.69577416906475, "ENV_Test_Right action_epoch16": 0.80896, "ENV_Test_Probability to choose the right action_epoch16": 0.7855215680525375, "ENV_Test_Weighted right action_epoch16": 0.8509285618726108, "ENV_Test_Weighted probability to choose the right action:_epoch16": 0.8268187051594855, "ENV_Test_proba_accuracy_epoch16": 0.7855215680525369, "ENV_Test_proba_accuracy_strategy_132_epoch16": 0.8352042459100761, "ENV_Test_proba_accuracy_strategy_23_epoch16": 0.7842048923481113, "ENV_Test_proba_accuracy_strategy_107_epoch16": 0.870738335424509, "ENV_Test_proba_accuracy_strategy_43_epoch16": 0.7881124055073884, "ENV_Test_proba_accuracy_strategy_17_epoch16": 0.7533448897556955, "ENV_Test_proba_accuracy_strategy_93_epoch16": 0.7913662719712554, "ENV_Test_proba_accuracy_per_mean_strategy_epoch16": 0.803828506819506, "ENV_Test_proba_accuracy_per_mean_user_epoch16": 0.7998183192909311, "ENV_Test_proba_accuracy_per_mean_user_and_bot_epoch16": 0.826818705159486, "ENV_Test_accuracy_epoch16": 0.80896, "ENV_Test_accuracy_strategy_132_epoch16": 0.8543909348441926, "ENV_Test_accuracy_strategy_23_epoch16": 0.8101470350622071, "ENV_Test_accuracy_strategy_107_epoch16": 0.8883415435139573, "ENV_Test_accuracy_strategy_43_epoch16": 0.80470737913486, "ENV_Test_accuracy_strategy_17_epoch16": 0.7774500907441017, "ENV_Test_accuracy_strategy_93_epoch16": 0.8179297597042514, "ENV_Test_accuracy_per_mean_strategy_epoch16": 0.8254944571672617, "ENV_Test_accuracy_per_mean_user_epoch16": 0.8235619699588161, "ENV_Test_accuracy_per_mean_user_and_bot_epoch16": 0.850928561872611, "ENV_Train_TotalLoss_epoch17": 536.9564475991351, "ENV_Train_Right action_epoch17": 0.8939739163253609, "ENV_Train_Probability to choose the right action_epoch17": 0.8512639080658129, "ENV_Train_Weighted right action_epoch17": 0.8939739163253609, "ENV_Train_Weighted probability to choose the right action:_epoch17": 0.8512639080658129, "ENV_Test_TotalLoss_epoch17": 261.8620148540344, "ENV_Test_Right action_epoch17": 0.802496, "ENV_Test_Probability to choose the right action_epoch17": 0.7794831968670086, "ENV_Test_Weighted right action_epoch17": 0.8427765928241931, "ENV_Test_Weighted probability to choose the right action:_epoch17": 0.8219575897598855, "ENV_Test_proba_accuracy_epoch17": 0.7794831968670085, "ENV_Test_proba_accuracy_strategy_132_epoch17": 0.8307567116056731, "ENV_Test_proba_accuracy_strategy_23_epoch17": 0.7770047955183753, "ENV_Test_proba_accuracy_strategy_107_epoch17": 0.8657686207743766, "ENV_Test_proba_accuracy_strategy_43_epoch17": 0.7849718872579302, "ENV_Test_proba_accuracy_strategy_17_epoch17": 0.7466839613726645, "ENV_Test_proba_accuracy_strategy_93_epoch17": 0.7871024741663615, "ENV_Test_proba_accuracy_per_mean_strategy_epoch17": 0.7987147417825634, "ENV_Test_proba_accuracy_per_mean_user_epoch17": 0.7933919042531468, "ENV_Test_proba_accuracy_per_mean_user_and_bot_epoch17": 0.8219575897598862, "ENV_Test_accuracy_epoch17": 0.802496, "ENV_Test_accuracy_strategy_132_epoch17": 0.8464589235127479, "ENV_Test_accuracy_strategy_23_epoch17": 0.8041686863790596, "ENV_Test_accuracy_strategy_107_epoch17": 0.8899835796387521, "ENV_Test_accuracy_strategy_43_epoch17": 0.806615776081425, "ENV_Test_accuracy_strategy_17_epoch17": 0.7692831215970962, "ENV_Test_accuracy_strategy_93_epoch17": 0.8012939001848429, "ENV_Test_accuracy_per_mean_strategy_epoch17": 0.8196339978989872, "ENV_Test_accuracy_per_mean_user_epoch17": 0.8160048249647025, "ENV_Test_accuracy_per_mean_user_and_bot_epoch17": 0.8427765928241935, "ENV_Train_TotalLoss_epoch18": 516.8383104421891, "ENV_Train_Right action_epoch18": 0.8981423239820523, "ENV_Train_Probability to choose the right action_epoch18": 0.8560457647163843, "ENV_Train_Weighted right action_epoch18": 0.8981423239820523, "ENV_Train_Weighted probability to choose the right action:_epoch18": 0.8560457647163843, "ENV_Test_TotalLoss_epoch18": 255.49484376271636, "ENV_Test_Right action_epoch18": 0.802752, "ENV_Test_Probability to choose the right action_epoch18": 0.7777235675769683, "ENV_Test_Weighted right action_epoch18": 0.8404159166009856, "ENV_Test_Weighted probability to choose the right action:_epoch18": 0.816383135377772, "ENV_Test_proba_accuracy_epoch18": 0.7777235675769686, "ENV_Test_proba_accuracy_strategy_132_epoch18": 0.8263298955226833, "ENV_Test_proba_accuracy_strategy_23_epoch18": 0.7752293732149379, "ENV_Test_proba_accuracy_strategy_107_epoch18": 0.8551535942426762, "ENV_Test_proba_accuracy_strategy_43_epoch18": 0.7863166690535277, "ENV_Test_proba_accuracy_strategy_17_epoch18": 0.7469915062990828, "ENV_Test_proba_accuracy_strategy_93_epoch18": 0.7818363997717684, "ENV_Test_proba_accuracy_per_mean_strategy_epoch18": 0.7953095730174461, "ENV_Test_proba_accuracy_per_mean_user_epoch18": 0.7913397357409374, "ENV_Test_proba_accuracy_per_mean_user_and_bot_epoch18": 0.8163831353777724, "ENV_Test_accuracy_epoch18": 0.802752, "ENV_Test_accuracy_strategy_132_epoch18": 0.853257790368272, "ENV_Test_accuracy_strategy_23_epoch18": 0.8038455323961868, "ENV_Test_accuracy_strategy_107_epoch18": 0.8768472906403941, "ENV_Test_accuracy_strategy_43_epoch18": 0.8129770992366412, "ENV_Test_accuracy_strategy_17_epoch18": 0.7690562613430127, "ENV_Test_accuracy_strategy_93_epoch18": 0.7948243992606284, "ENV_Test_accuracy_per_mean_strategy_epoch18": 0.8184680622075226, "ENV_Test_accuracy_per_mean_user_epoch18": 0.8160523389921494, "ENV_Test_accuracy_per_mean_user_and_bot_epoch18": 0.8404159166009859, "ENV_Train_TotalLoss_epoch19": 505.19382310821777, "ENV_Train_Right action_epoch19": 0.901637969588551, "ENV_Train_Probability to choose the right action_epoch19": 0.8604757463545502, "ENV_Train_Weighted right action_epoch19": 0.901637969588551, "ENV_Train_Weighted probability to choose the right action:_epoch19": 0.8604757463545502, "ENV_Test_TotalLoss_epoch19": 271.8461056172003, "ENV_Test_Right action_epoch19": 0.8032, "ENV_Test_Probability to choose the right action_epoch19": 0.7777560826979435, "ENV_Test_Weighted right action_epoch19": 0.8433601756185317, "ENV_Test_Weighted probability to choose the right action:_epoch19": 0.8180079783149706, "ENV_Test_proba_accuracy_epoch19": 0.7777560826979434, "ENV_Test_proba_accuracy_strategy_132_epoch19": 0.8265540438984399, "ENV_Test_proba_accuracy_strategy_23_epoch19": 0.7759117428840243, "ENV_Test_proba_accuracy_strategy_107_epoch19": 0.8538102838828341, "ENV_Test_proba_accuracy_strategy_43_epoch19": 0.7843203505962992, "ENV_Test_proba_accuracy_strategy_17_epoch19": 0.7465443392309299, "ENV_Test_proba_accuracy_strategy_93_epoch19": 0.7835153665558465, "ENV_Test_proba_accuracy_per_mean_strategy_epoch19": 0.7951093545080624, "ENV_Test_proba_accuracy_per_mean_user_epoch19": 0.790827078609992, "ENV_Test_proba_accuracy_per_mean_user_and_bot_epoch19": 0.8180079783149706, "ENV_Test_accuracy_epoch19": 0.8032, "ENV_Test_accuracy_strategy_132_epoch19": 0.8504249291784702, "ENV_Test_accuracy_strategy_23_epoch19": 0.8022297624818225, "ENV_Test_accuracy_strategy_107_epoch19": 0.8752052545155994, "ENV_Test_accuracy_strategy_43_epoch19": 0.8123409669211196, "ENV_Test_accuracy_strategy_17_epoch19": 0.771551724137931, "ENV_Test_accuracy_strategy_93_epoch19": 0.8068391866913124, "ENV_Test_accuracy_per_mean_strategy_epoch19": 0.8197653039877092, "ENV_Test_accuracy_per_mean_user_epoch19": 0.8160109958366872, "ENV_Test_accuracy_per_mean_user_and_bot_epoch19": 0.8433601756185313, "ENV_Train_TotalLoss_epoch20": 475.45314539501857, "ENV_Train_Right action_epoch20": 0.9064452551683649, "ENV_Train_Probability to choose the right action_epoch20": 0.8680372008244734, "ENV_Train_Weighted right action_epoch20": 0.9064452551683649, "ENV_Train_Weighted probability to choose the right action:_epoch20": 0.8680372008244734, "ENV_Test_TotalLoss_epoch20": 295.61278397573903, "ENV_Test_Right action_epoch20": 0.80096, "ENV_Test_Probability to choose the right action_epoch20": 0.7803035045076616, "ENV_Test_Weighted right action_epoch20": 0.8433049082189594, "ENV_Test_Weighted probability to choose the right action:_epoch20": 0.8213348113063736, "ENV_Test_proba_accuracy_epoch20": 0.7803035045076606, "ENV_Test_proba_accuracy_strategy_132_epoch20": 0.8288385075672392, "ENV_Test_proba_accuracy_strategy_23_epoch20": 0.7781520442149241, "ENV_Test_proba_accuracy_strategy_107_epoch20": 0.8638808567706089, "ENV_Test_proba_accuracy_strategy_43_epoch20": 0.7946392944938918, "ENV_Test_proba_accuracy_strategy_17_epoch20": 0.7458952967851996, "ENV_Test_proba_accuracy_strategy_93_epoch20": 0.7857452952707912, "ENV_Test_proba_accuracy_per_mean_strategy_epoch20": 0.7995252158504426, "ENV_Test_proba_accuracy_per_mean_user_epoch20": 0.7939603716254016, "ENV_Test_proba_accuracy_per_mean_user_and_bot_epoch20": 0.8213348113063722, "ENV_Test_accuracy_epoch20": 0.80096, "ENV_Test_accuracy_strategy_132_epoch20": 0.8436260623229461, "ENV_Test_accuracy_strategy_23_epoch20": 0.7985134916787849, "ENV_Test_accuracy_strategy_107_epoch20": 0.8850574712643678, "ENV_Test_accuracy_strategy_43_epoch20": 0.8187022900763359, "ENV_Test_accuracy_strategy_17_epoch20": 0.7667876588021778, "ENV_Test_accuracy_strategy_93_epoch20": 0.8114602587800369, "ENV_Test_accuracy_per_mean_strategy_epoch20": 0.8206912054874417, "ENV_Test_accuracy_per_mean_user_epoch20": 0.8138784387030744, "ENV_Test_accuracy_per_mean_user_and_bot_epoch20": 0.8433049082189598, "ENV_Train_TotalLoss_epoch21": 463.53829070597544, "ENV_Train_Right action_epoch21": 0.9094644454382826, "ENV_Train_Probability to choose the right action_epoch21": 0.8714891650255995, "ENV_Train_Weighted right action_epoch21": 0.9094644454382826, "ENV_Train_Weighted probability to choose the right action:_epoch21": 0.8714891650255995, "ENV_Test_TotalLoss_epoch21": 276.85664500183594, "ENV_Test_Right action_epoch21": 0.800448, "ENV_Test_Probability to choose the right action_epoch21": 0.7760512753328226, "ENV_Test_Weighted right action_epoch21": 0.8389133080960324, "ENV_Test_Weighted probability to choose the right action:_epoch21": 0.813525650364918, "ENV_Test_proba_accuracy_epoch21": 0.7760512753328231, "ENV_Test_proba_accuracy_strategy_132_epoch21": 0.8235239866141144, "ENV_Test_proba_accuracy_strategy_23_epoch21": 0.7751681737198252, "ENV_Test_proba_accuracy_strategy_107_epoch21": 0.8471591967905585, "ENV_Test_proba_accuracy_strategy_43_epoch21": 0.7836158038302128, "ENV_Test_proba_accuracy_strategy_17_epoch21": 0.7457225973532488, "ENV_Test_proba_accuracy_strategy_93_epoch21": 0.7762073104896378, "ENV_Test_proba_accuracy_per_mean_strategy_epoch21": 0.7918995114662662, "ENV_Test_proba_accuracy_per_mean_user_epoch21": 0.7879545225500744, "ENV_Test_proba_accuracy_per_mean_user_and_bot_epoch21": 0.8135256503649192, "ENV_Test_accuracy_epoch21": 0.800448, "ENV_Test_accuracy_strategy_132_epoch21": 0.8464589235127479, "ENV_Test_accuracy_strategy_23_epoch21": 0.800452415576022, "ENV_Test_accuracy_strategy_107_epoch21": 0.8752052545155994, "ENV_Test_accuracy_strategy_43_epoch21": 0.8142493638676844, "ENV_Test_accuracy_strategy_17_epoch21": 0.7670145190562614, "ENV_Test_accuracy_strategy_93_epoch21": 0.7994454713493531, "ENV_Test_accuracy_per_mean_strategy_epoch21": 0.8171376579796114, "ENV_Test_accuracy_per_mean_user_epoch21": 0.8121827296069901, "ENV_Test_accuracy_per_mean_user_and_bot_epoch21": 0.8389133080960326, "ENV_Train_TotalLoss_epoch22": 480.38023068969864, "ENV_Train_Right action_epoch22": 0.9077555241862221, "ENV_Train_Probability to choose the right action_epoch22": 0.8690647678811981, "ENV_Train_Weighted right action_epoch22": 0.9077555241862221, "ENV_Train_Weighted probability to choose the right action:_epoch22": 0.8690647678811981, "ENV_Test_TotalLoss_epoch22": 339.0813639989308, "ENV_Test_Right action_epoch22": 0.802816, "ENV_Test_Probability to choose the right action_epoch22": 0.7886105816261234, "ENV_Test_Weighted right action_epoch22": 0.8412662582815529, "ENV_Test_Weighted probability to choose the right action:_epoch22": 0.8278246595935075, "ENV_Test_proba_accuracy_epoch22": 0.7886105816261227, "ENV_Test_proba_accuracy_strategy_132_epoch22": 0.8372503892866309, "ENV_Test_proba_accuracy_strategy_23_epoch22": 0.7872793576830225, "ENV_Test_proba_accuracy_strategy_107_epoch22": 0.8601572849160921, "ENV_Test_proba_accuracy_strategy_43_epoch22": 0.8004198518501822, "ENV_Test_proba_accuracy_strategy_17_epoch22": 0.7560148666052159, "ENV_Test_proba_accuracy_strategy_93_epoch22": 0.7922478100728827, "ENV_Test_proba_accuracy_per_mean_strategy_epoch22": 0.8055615934023376, "ENV_Test_proba_accuracy_per_mean_user_epoch22": 0.8015313538628973, "ENV_Test_proba_accuracy_per_mean_user_and_bot_epoch22": 0.8278246595935069, "ENV_Test_accuracy_epoch22": 0.802816, "ENV_Test_accuracy_strategy_132_epoch22": 0.8475920679886686, "ENV_Test_accuracy_strategy_23_epoch22": 0.8036839554047503, "ENV_Test_accuracy_strategy_107_epoch22": 0.8702791461412152, "ENV_Test_accuracy_strategy_43_epoch22": 0.8199745547073791, "ENV_Test_accuracy_strategy_17_epoch22": 0.7676950998185118, "ENV_Test_accuracy_strategy_93_epoch22": 0.8049907578558225, "ENV_Test_accuracy_per_mean_strategy_epoch22": 0.8190359303193913, "ENV_Test_accuracy_per_mean_user_epoch22": 0.8144486244603881, "ENV_Test_accuracy_per_mean_user_and_bot_epoch22": 0.8412662582815531, "ENV_Train_TotalLoss_epoch23": 444.97344358153583, "ENV_Train_Right action_epoch23": 0.9139890145215167, "ENV_Train_Probability to choose the right action_epoch23": 0.8783314219897922, "ENV_Train_Weighted right action_epoch23": 0.9139890145215167, "ENV_Train_Weighted probability to choose the right action:_epoch23": 0.8783314219897922, "ENV_Test_TotalLoss_epoch23": 337.5284694790505, "ENV_Test_Right action_epoch23": 0.798208, "ENV_Test_Probability to choose the right action_epoch23": 0.7814982683155522, "ENV_Test_Weighted right action_epoch23": 0.8384508211412978, "ENV_Test_Weighted probability to choose the right action:_epoch23": 0.8218679282513172, "ENV_Test_proba_accuracy_epoch23": 0.7814982683155522, "ENV_Test_proba_accuracy_strategy_132_epoch23": 0.8283342096826325, "ENV_Test_proba_accuracy_strategy_23_epoch23": 0.77816334791235, "ENV_Test_proba_accuracy_strategy_107_epoch23": 0.8481875494904906, "ENV_Test_proba_accuracy_strategy_43_epoch23": 0.792156452194737, "ENV_Test_proba_accuracy_strategy_17_epoch23": 0.7522442313222469, "ENV_Test_proba_accuracy_strategy_93_epoch23": 0.790331672784496, "ENV_Test_proba_accuracy_per_mean_strategy_epoch23": 0.7982362438978255, "ENV_Test_proba_accuracy_per_mean_user_epoch23": 0.7953931259346032, "ENV_Test_proba_accuracy_per_mean_user_and_bot_epoch23": 0.8218679282513177, "ENV_Test_accuracy_epoch23": 0.798208, "ENV_Test_accuracy_strategy_132_epoch23": 0.8385269121813032, "ENV_Test_accuracy_strategy_23_epoch23": 0.7959282598158022, "ENV_Test_accuracy_strategy_107_epoch23": 0.8620689655172413, "ENV_Test_accuracy_strategy_43_epoch23": 0.8097964376590331, "ENV_Test_accuracy_strategy_17_epoch23": 0.7697368421052632, "ENV_Test_accuracy_strategy_93_epoch23": 0.8086876155268022, "ENV_Test_accuracy_per_mean_strategy_epoch23": 0.8141241721342408, "ENV_Test_accuracy_per_mean_user_epoch23": 0.8114811788909542, "ENV_Test_accuracy_per_mean_user_and_bot_epoch23": 0.8384508211412987, "ENV_Train_TotalLoss_epoch24": 432.979326826769, "ENV_Train_Right action_epoch24": 0.9172211350293542, "ENV_Train_Probability to choose the right action_epoch24": 0.8813842690797852, "ENV_Train_Weighted right action_epoch24": 0.9172211350293542, "ENV_Train_Weighted probability to choose the right action:_epoch24": 0.8813842690797852, "ENV_Test_TotalLoss_epoch24": 344.364734255421, "ENV_Test_Right action_epoch24": 0.795584, "ENV_Test_Probability to choose the right action_epoch24": 0.778446217887523, "ENV_Test_Weighted right action_epoch24": 0.8332812104582883, "ENV_Test_Weighted probability to choose the right action:_epoch24": 0.8179181282601254, "ENV_Test_proba_accuracy_epoch24": 0.7784462178875233, "ENV_Test_proba_accuracy_strategy_132_epoch24": 0.8249039728229622, "ENV_Test_proba_accuracy_strategy_23_epoch24": 0.7769659641219334, "ENV_Test_proba_accuracy_strategy_107_epoch24": 0.8543714469568616, "ENV_Test_proba_accuracy_strategy_43_epoch24": 0.7886277467275885, "ENV_Test_proba_accuracy_strategy_17_epoch24": 0.7459518939261179, "ENV_Test_proba_accuracy_strategy_93_epoch24": 0.785982729233414, "ENV_Test_proba_accuracy_per_mean_strategy_epoch24": 0.796133958964813, "ENV_Test_proba_accuracy_per_mean_user_epoch24": 0.7922077827338867, "ENV_Test_proba_accuracy_per_mean_user_and_bot_epoch24": 0.8179181282601248, "ENV_Test_accuracy_epoch24": 0.795584, "ENV_Test_accuracy_strategy_132_epoch24": 0.8328611898016998, "ENV_Test_accuracy_strategy_23_epoch24": 0.7956051058329294, "ENV_Test_accuracy_strategy_107_epoch24": 0.8637110016420362, "ENV_Test_accuracy_strategy_43_epoch24": 0.8123409669211196, "ENV_Test_accuracy_strategy_17_epoch24": 0.764519056261343, "ENV_Test_accuracy_strategy_93_epoch24": 0.7985212569316081, "ENV_Test_accuracy_per_mean_strategy_epoch24": 0.811259762898456, "ENV_Test_accuracy_per_mean_user_epoch24": 0.8092890332365459, "ENV_Test_accuracy_per_mean_user_and_bot_epoch24": 0.8332812104582888, "_wandb": {"runtime": 2484}}