{"ENV_Train_TotalLoss": 170.1413689098232, "ENV_Train_TotalLoss_epoch0": 928.0848077767419, "ENV_Train_Right action": 0.9707012957966983, "ENV_Train_Right action_epoch0": 0.809459251701631, "ENV_Train_Probability to choose the right action": 0.9555539449972235, "ENV_Train_Probability to choose the right action_epoch0": 0.7342852366858151, "ENV_Train_Weighted right action": 0.9707012957966983, "ENV_Train_Weighted right action_epoch0": 0.809459251701631, "ENV_Train_Weighted probability to choose the right action:": 0.9555539449972235, "ENV_Train_Weighted probability to choose the right action:_epoch0": 0.7342852366858151, "_timestamp": 1720354513.5325985, "_runtime": 2624.994812488556, "_step": 49, "ENV_Test_TotalLoss": 557.4856812989494, "ENV_Test_TotalLoss_epoch0": 187.13895500380434, "ENV_Test_Right action": 0.836096, "ENV_Test_Right action_epoch0": 0.822208, "ENV_Test_Probability to choose the right action": 0.8302180415142847, "ENV_Test_Probability to choose the right action_epoch0": 0.7624146125440872, "ENV_Test_Weighted right action": 0.8557061407075655, "ENV_Test_Weighted right action_epoch0": 0.8583885424382132, "ENV_Test_Weighted probability to choose the right action:": 0.8485748728626212, "ENV_Test_Weighted probability to choose the right action:_epoch0": 0.7942304622099103, "ENV_Test_proba_accuracy": 0.8302180415142857, "ENV_Test_proba_accuracy_epoch0": 0.7624146125440864, "ENV_Test_proba_accuracy_strategy_132": 0.8655443048410589, "ENV_Test_proba_accuracy_strategy_132_epoch0": 0.8084249439136221, "ENV_Test_proba_accuracy_strategy_23": 0.839717653417577, "ENV_Test_proba_accuracy_strategy_23_epoch0": 0.7647718394358942, "ENV_Test_proba_accuracy_strategy_107": 0.8699909669065848, "ENV_Test_proba_accuracy_strategy_107_epoch0": 0.82154618182303, "ENV_Test_proba_accuracy_strategy_43": 0.81778623001597, "ENV_Test_proba_accuracy_strategy_43_epoch0": 0.758990910496402, "ENV_Test_proba_accuracy_strategy_17": 0.803440161724972, "ENV_Test_proba_accuracy_strategy_17_epoch0": 0.7331955293943802, "ENV_Test_proba_accuracy_strategy_93": 0.8230221426062571, "ENV_Test_proba_accuracy_strategy_93_epoch0": 0.764606424329077, "ENV_Test_proba_accuracy_per_mean_strategy": 0.8365835765854034, "ENV_Test_proba_accuracy_per_mean_strategy_epoch0": 0.7752559715654009, "ENV_Test_proba_accuracy_per_mean_user": 0.8381007348555626, "ENV_Test_proba_accuracy_per_mean_user_epoch0": 0.7749339203650347, "ENV_Test_proba_accuracy_per_mean_user_and_bot": 0.8485748728626223, "ENV_Test_proba_accuracy_per_mean_user_and_bot_epoch0": 0.7942304622099102, "ENV_Test_accuracy": 0.836096, "ENV_Test_accuracy_epoch0": 0.822208, "ENV_Test_accuracy_strategy_132": 0.8725212464589235, "ENV_Test_accuracy_strategy_132_epoch0": 0.8645892351274788, "ENV_Test_accuracy_strategy_23": 0.8453708191953466, "ENV_Test_accuracy_strategy_23_epoch0": 0.8280820811116497, "ENV_Test_accuracy_strategy_107": 0.8768472906403941, "ENV_Test_accuracy_strategy_107_epoch0": 0.8932676518883416, "ENV_Test_accuracy_strategy_43": 0.8269720101781171, "ENV_Test_accuracy_strategy_43_epoch0": 0.8180661577608143, "ENV_Test_accuracy_strategy_17": 0.808529945553539, "ENV_Test_accuracy_strategy_17_epoch0": 0.7842558983666061, "ENV_Test_accuracy_strategy_93": 0.8262476894639557, "ENV_Test_accuracy_strategy_93_epoch0": 0.8401109057301294, "ENV_Test_accuracy_per_mean_strategy": 0.842748166915046, "ENV_Test_accuracy_per_mean_strategy_epoch0": 0.8380619883308366, "ENV_Test_accuracy_per_mean_user": 0.8450472916449998, "ENV_Test_accuracy_per_mean_user_epoch0": 0.8363907818682187, "ENV_Test_accuracy_per_mean_user_and_bot": 0.8557061407075657, "ENV_Test_accuracy_per_mean_user_and_bot_epoch0": 0.858388542438213, "ENV_Train_TotalLoss_epoch1": 830.3622648970457, "ENV_Train_Right action_epoch1": 0.8311276325167349, "ENV_Train_Probability to choose the right action_epoch1": 0.764011758285665, "ENV_Train_Weighted right action_epoch1": 0.8311276325167349, "ENV_Train_Weighted probability to choose the right action:_epoch1": 0.764011758285665, "ENV_Test_TotalLoss_epoch1": 182.3260497974519, "ENV_Test_Right action_epoch1": 0.83904, "ENV_Test_Probability to choose the right action_epoch1": 0.7821948607274942, "ENV_Test_Weighted right action_epoch1": 0.8651568064061174, "ENV_Test_Weighted probability to choose the right action:_epoch1": 0.8069575696386899, "ENV_Test_proba_accuracy_epoch1": 0.7821948607274942, "ENV_Test_proba_accuracy_strategy_132_epoch1": 0.8255059056938719, "ENV_Test_proba_accuracy_strategy_23_epoch1": 0.7904912063845667, "ENV_Test_proba_accuracy_strategy_107_epoch1": 0.8414606754537235, "ENV_Test_proba_accuracy_strategy_43_epoch1": 0.7701262862361162, "ENV_Test_proba_accuracy_strategy_17_epoch1": 0.7492765986689068, "ENV_Test_proba_accuracy_strategy_93_epoch1": 0.7823728084623816, "ENV_Test_proba_accuracy_per_mean_strategy_epoch1": 0.7932055801499279, "ENV_Test_proba_accuracy_per_mean_user_epoch1": 0.7913163403256579, "ENV_Test_proba_accuracy_per_mean_user_and_bot_epoch1": 0.8069575696386908, "ENV_Test_accuracy_epoch1": 0.83904, "ENV_Test_accuracy_strategy_132_epoch1": 0.8781869688385269, "ENV_Test_accuracy_strategy_23_epoch1": 0.8539343997414768, "ENV_Test_accuracy_strategy_107_epoch1": 0.9014778325123153, "ENV_Test_accuracy_strategy_43_epoch1": 0.816793893129771, "ENV_Test_accuracy_strategy_17_epoch1": 0.7990018148820327, "ENV_Test_accuracy_strategy_93_epoch1": 0.8502772643253235, "ENV_Test_accuracy_per_mean_strategy_epoch1": 0.8499453622382411, "ENV_Test_accuracy_per_mean_user_epoch1": 0.8475142338012422, "ENV_Test_accuracy_per_mean_user_and_bot_epoch1": 0.8651568064061164, "ENV_Train_TotalLoss_epoch2": 788.0575839626778, "ENV_Train_Right action_epoch2": 0.8413983003466399, "ENV_Train_Probability to choose the right action_epoch2": 0.7768275207299562, "ENV_Train_Weighted right action_epoch2": 0.8413983003466399, "ENV_Train_Weighted probability to choose the right action:_epoch2": 0.7768275207299562, "ENV_Test_TotalLoss_epoch2": 180.55005453280242, "ENV_Test_Right action_epoch2": 0.83808, "ENV_Test_Probability to choose the right action_epoch2": 0.7835507187949852, "ENV_Test_Weighted right action_epoch2": 0.8679307839531204, "ENV_Test_Weighted probability to choose the right action:_epoch2": 0.8151924600373015, "ENV_Test_proba_accuracy_epoch2": 0.783550718794985, "ENV_Test_proba_accuracy_strategy_132_epoch2": 0.8325686891647182, "ENV_Test_proba_accuracy_strategy_23_epoch2": 0.7866177410866494, "ENV_Test_proba_accuracy_strategy_107_epoch2": 0.8476884185503163, "ENV_Test_proba_accuracy_strategy_43_epoch2": 0.7802119786801266, "ENV_Test_proba_accuracy_strategy_17_epoch2": 0.7515855299523851, "ENV_Test_proba_accuracy_strategy_93_epoch2": 0.7850226911258992, "ENV_Test_proba_accuracy_per_mean_strategy_epoch2": 0.7972825080933492, "ENV_Test_proba_accuracy_per_mean_user_epoch2": 0.7952550416365494, "ENV_Test_proba_accuracy_per_mean_user_and_bot_epoch2": 0.8151924600373014, "ENV_Test_accuracy_epoch2": 0.83808, "ENV_Test_accuracy_strategy_132_epoch2": 0.8730878186968839, "ENV_Test_accuracy_strategy_23_epoch2": 0.8465018581354015, "ENV_Test_accuracy_strategy_107_epoch2": 0.9014778325123153, "ENV_Test_accuracy_strategy_43_epoch2": 0.8250636132315522, "ENV_Test_accuracy_strategy_17_epoch2": 0.8051270417422868, "ENV_Test_accuracy_strategy_93_epoch2": 0.8502772643253235, "ENV_Test_accuracy_per_mean_strategy_epoch2": 0.8502559047739604, "ENV_Test_accuracy_per_mean_user_epoch2": 0.8485891641190493, "ENV_Test_accuracy_per_mean_user_and_bot_epoch2": 0.8679307839531203, "ENV_Train_TotalLoss_epoch3": 752.474772252063, "ENV_Train_Right action_epoch3": 0.8487279843444226, "ENV_Train_Probability to choose the right action_epoch3": 0.7864685012827715, "ENV_Train_Weighted right action_epoch3": 0.8487279843444226, "ENV_Train_Weighted probability to choose the right action:_epoch3": 0.7864685012827715, "ENV_Test_TotalLoss_epoch3": 177.15297742090277, "ENV_Test_Right action_epoch3": 0.838016, "ENV_Test_Probability to choose the right action_epoch3": 0.790821750662257, "ENV_Test_Weighted right action_epoch3": 0.8624056482022922, "ENV_Test_Weighted probability to choose the right action:_epoch3": 0.8188891110827553, "ENV_Test_proba_accuracy_epoch3": 0.7908217506622567, "ENV_Test_proba_accuracy_strategy_132_epoch3": 0.8340592227123044, "ENV_Test_proba_accuracy_strategy_23_epoch3": 0.7975540624785417, "ENV_Test_proba_accuracy_strategy_107_epoch3": 0.8484921324119924, "ENV_Test_proba_accuracy_strategy_43_epoch3": 0.779646618788101, "ENV_Test_proba_accuracy_strategy_17_epoch3": 0.7598319010646736, "ENV_Test_proba_accuracy_strategy_93_epoch3": 0.7918096303733557, "ENV_Test_proba_accuracy_per_mean_strategy_epoch3": 0.8018989279714948, "ENV_Test_proba_accuracy_per_mean_user_epoch3": 0.8003260435295924, "ENV_Test_proba_accuracy_per_mean_user_and_bot_epoch3": 0.8188891110827551, "ENV_Test_accuracy_epoch3": 0.838016, "ENV_Test_accuracy_strategy_132_epoch3": 0.8730878186968839, "ENV_Test_accuracy_strategy_23_epoch3": 0.8471481661011472, "ENV_Test_accuracy_strategy_107_epoch3": 0.8981937602627258, "ENV_Test_accuracy_strategy_43_epoch3": 0.8187022900763359, "ENV_Test_accuracy_strategy_17_epoch3": 0.808076225045372, "ENV_Test_accuracy_strategy_93_epoch3": 0.844731977818854, "ENV_Test_accuracy_per_mean_strategy_epoch3": 0.8483233730002198, "ENV_Test_accuracy_per_mean_user_epoch3": 0.845597877719004, "ENV_Test_accuracy_per_mean_user_and_bot_epoch3": 0.8624056482022925, "ENV_Train_TotalLoss_epoch4": 717.1140061266809, "ENV_Train_Right action_epoch4": 0.8554914102797075, "ENV_Train_Probability to choose the right action_epoch4": 0.7969532925921355, "ENV_Train_Weighted right action_epoch4": 0.8554914102797075, "ENV_Train_Weighted probability to choose the right action:_epoch4": 0.7969532925921355, "ENV_Test_TotalLoss_epoch4": 174.60020386233322, "ENV_Test_Right action_epoch4": 0.84736, "ENV_Test_Probability to choose the right action_epoch4": 0.803909163118418, "ENV_Test_Weighted right action_epoch4": 0.8713264212643235, "ENV_Test_Weighted probability to choose the right action:_epoch4": 0.8306311419197748, "ENV_Test_proba_accuracy_epoch4": 0.8039091631184176, "ENV_Test_proba_accuracy_strategy_132_epoch4": 0.845482658655088, "ENV_Test_proba_accuracy_strategy_23_epoch4": 0.8102183943880459, "ENV_Test_proba_accuracy_strategy_107_epoch4": 0.8614886914152283, "ENV_Test_proba_accuracy_strategy_43_epoch4": 0.7883688906179256, "ENV_Test_proba_accuracy_strategy_17_epoch4": 0.7751545526735659, "ENV_Test_proba_accuracy_strategy_93_epoch4": 0.8073182634224548, "ENV_Test_proba_accuracy_per_mean_strategy_epoch4": 0.8146719085287182, "ENV_Test_proba_accuracy_per_mean_user_epoch4": 0.8126840537479336, "ENV_Test_proba_accuracy_per_mean_user_and_bot_epoch4": 0.8306311419197757, "ENV_Test_accuracy_epoch4": 0.84736, "ENV_Test_accuracy_strategy_132_epoch4": 0.8793201133144476, "ENV_Test_accuracy_strategy_23_epoch4": 0.8592664404588787, "ENV_Test_accuracy_strategy_107_epoch4": 0.8899835796387521, "ENV_Test_accuracy_strategy_43_epoch4": 0.8244274809160306, "ENV_Test_accuracy_strategy_17_epoch4": 0.8173774954627949, "ENV_Test_accuracy_strategy_93_epoch4": 0.8585951940850277, "ENV_Test_accuracy_per_mean_strategy_epoch4": 0.8548283839793219, "ENV_Test_accuracy_per_mean_user_epoch4": 0.855214405139089, "ENV_Test_accuracy_per_mean_user_and_bot_epoch4": 0.8713264212643231, "ENV_Train_TotalLoss_epoch5": 686.3208913938655, "ENV_Train_Right action_epoch5": 0.862636287391669, "ENV_Train_Probability to choose the right action_epoch5": 0.8060301980824186, "ENV_Train_Weighted right action_epoch5": 0.862636287391669, "ENV_Train_Weighted probability to choose the right action:_epoch5": 0.8060301980824186, "ENV_Test_TotalLoss_epoch5": 178.04469062072323, "ENV_Test_Right action_epoch5": 0.846784, "ENV_Test_Probability to choose the right action_epoch5": 0.806166530324275, "ENV_Test_Weighted right action_epoch5": 0.8711112085459519, "ENV_Test_Weighted probability to choose the right action:_epoch5": 0.8334101969894908, "ENV_Test_proba_accuracy_epoch5": 0.8061665303242762, "ENV_Test_proba_accuracy_strategy_132_epoch5": 0.8502332762536721, "ENV_Test_proba_accuracy_strategy_23_epoch5": 0.8118999687718066, "ENV_Test_proba_accuracy_strategy_107_epoch5": 0.8631481995978272, "ENV_Test_proba_accuracy_strategy_43_epoch5": 0.7924853769879243, "ENV_Test_proba_accuracy_strategy_17_epoch5": 0.7777476151130924, "ENV_Test_proba_accuracy_strategy_93_epoch5": 0.8050699107225214, "ENV_Test_proba_accuracy_per_mean_strategy_epoch5": 0.8167640579078074, "ENV_Test_proba_accuracy_per_mean_user_epoch5": 0.8160662709580067, "ENV_Test_proba_accuracy_per_mean_user_and_bot_epoch5": 0.8334101969894913, "ENV_Test_accuracy_epoch5": 0.846784, "ENV_Test_accuracy_strategy_132_epoch5": 0.8878186968838527, "ENV_Test_accuracy_strategy_23_epoch5": 0.8561964776215867, "ENV_Test_accuracy_strategy_107_epoch5": 0.9047619047619048, "ENV_Test_accuracy_strategy_43_epoch5": 0.8256997455470738, "ENV_Test_accuracy_strategy_17_epoch5": 0.816923774954628, "ENV_Test_accuracy_strategy_93_epoch5": 0.8456561922365989, "ENV_Test_accuracy_per_mean_strategy_epoch5": 0.8561761320009409, "ENV_Test_accuracy_per_mean_user_epoch5": 0.8541555111039986, "ENV_Test_accuracy_per_mean_user_and_bot_epoch5": 0.8711112085459515, "ENV_Train_TotalLoss_epoch6": 648.8495069174278, "ENV_Train_Right action_epoch6": 0.8705165644343221, "ENV_Train_Probability to choose the right action_epoch6": 0.8164195907861429, "ENV_Train_Weighted right action_epoch6": 0.8705165644343221, "ENV_Train_Weighted probability to choose the right action:_epoch6": 0.8164195907861429, "ENV_Test_TotalLoss_epoch6": 182.3460207286948, "ENV_Test_Right action_epoch6": 0.84576, "ENV_Test_Probability to choose the right action_epoch6": 0.8110676397603613, "ENV_Test_Weighted right action_epoch6": 0.8705022031039181, "ENV_Test_Weighted probability to choose the right action:_epoch6": 0.8345734143696694, "ENV_Test_proba_accuracy_epoch6": 0.8110676397603616, "ENV_Test_proba_accuracy_strategy_132_epoch6": 0.8509673377726873, "ENV_Test_proba_accuracy_strategy_23_epoch6": 0.8179779194234229, "ENV_Test_proba_accuracy_strategy_107_epoch6": 0.8589479114602945, "ENV_Test_proba_accuracy_strategy_43_epoch6": 0.7913239872233506, "ENV_Test_proba_accuracy_strategy_17_epoch6": 0.7858117729352244, "ENV_Test_proba_accuracy_strategy_93_epoch6": 0.8110816041426935, "ENV_Test_proba_accuracy_per_mean_strategy_epoch6": 0.8193517554929454, "ENV_Test_proba_accuracy_per_mean_user_epoch6": 0.8193355714183715, "ENV_Test_proba_accuracy_per_mean_user_and_bot_epoch6": 0.8345734143696705, "ENV_Test_accuracy_epoch6": 0.84576, "ENV_Test_accuracy_strategy_132_epoch6": 0.8810198300283286, "ENV_Test_accuracy_strategy_23_epoch6": 0.8529649377928583, "ENV_Test_accuracy_strategy_107_epoch6": 0.8981937602627258, "ENV_Test_accuracy_strategy_43_epoch6": 0.8301526717557252, "ENV_Test_accuracy_strategy_17_epoch6": 0.8191923774954628, "ENV_Test_accuracy_strategy_93_epoch6": 0.8484288354898336, "ENV_Test_accuracy_per_mean_strategy_epoch6": 0.8549920688041558, "ENV_Test_accuracy_per_mean_user_epoch6": 0.8534227905974848, "ENV_Test_accuracy_per_mean_user_and_bot_epoch6": 0.870502203103918, "ENV_Train_TotalLoss_epoch7": 617.943467603881, "ENV_Train_Right action_epoch7": 0.8775230640201286, "ENV_Train_Probability to choose the right action_epoch7": 0.8263569721873517, "ENV_Train_Weighted right action_epoch7": 0.8775230640201286, "ENV_Train_Weighted probability to choose the right action:_epoch7": 0.8263569721873517, "ENV_Test_TotalLoss_epoch7": 198.16114974081557, "ENV_Test_Right action_epoch7": 0.844672, "ENV_Test_Probability to choose the right action_epoch7": 0.8119638965598349, "ENV_Test_Weighted right action_epoch7": 0.8657008324759896, "ENV_Test_Weighted probability to choose the right action:_epoch7": 0.8337811761785666, "ENV_Test_proba_accuracy_epoch7": 0.8119638965598351, "ENV_Test_proba_accuracy_strategy_132_epoch7": 0.8491249299663395, "ENV_Test_proba_accuracy_strategy_23_epoch7": 0.8205206451165011, "ENV_Test_proba_accuracy_strategy_107_epoch7": 0.8628643777537042, "ENV_Test_proba_accuracy_strategy_43_epoch7": 0.7936965269907641, "ENV_Test_proba_accuracy_strategy_17_epoch7": 0.7851408462137409, "ENV_Test_proba_accuracy_strategy_93_epoch7": 0.8095673873744484, "ENV_Test_proba_accuracy_per_mean_strategy_epoch7": 0.8201524522359164, "ENV_Test_proba_accuracy_per_mean_user_epoch7": 0.8198492167445367, "ENV_Test_proba_accuracy_per_mean_user_and_bot_epoch7": 0.8337811761785658, "ENV_Test_accuracy_epoch7": 0.844672, "ENV_Test_accuracy_strategy_132_epoch7": 0.8827195467422096, "ENV_Test_accuracy_strategy_23_epoch7": 0.8540959767329133, "ENV_Test_accuracy_strategy_107_epoch7": 0.9064039408866995, "ENV_Test_accuracy_strategy_43_epoch7": 0.8256997455470738, "ENV_Test_accuracy_strategy_17_epoch7": 0.8166969147005445, "ENV_Test_accuracy_strategy_93_epoch7": 0.8354898336414048, "ENV_Test_accuracy_per_mean_strategy_epoch7": 0.8535176597084742, "ENV_Test_accuracy_per_mean_user_epoch7": 0.8525015920790929, "ENV_Test_accuracy_per_mean_user_and_bot_epoch7": 0.8657008324759897, "ENV_Train_TotalLoss_epoch8": 579.0854616922551, "ENV_Train_Right action_epoch8": 0.8856180372094323, "ENV_Train_Probability to choose the right action_epoch8": 0.836769846060662, "ENV_Train_Weighted right action_epoch8": 0.8856180372094323, "ENV_Train_Weighted probability to choose the right action:_epoch8": 0.836769846060662, "ENV_Test_TotalLoss_epoch8": 200.96237026222448, "ENV_Test_Right action_epoch8": 0.846784, "ENV_Test_Probability to choose the right action_epoch8": 0.8158276994321242, "ENV_Test_Weighted right action_epoch8": 0.8698635981982106, "ENV_Test_Weighted probability to choose the right action:_epoch8": 0.838328800810128, "ENV_Test_proba_accuracy_epoch8": 0.815827699432124, "ENV_Test_proba_accuracy_strategy_132_epoch8": 0.8528279833592529, "ENV_Test_proba_accuracy_strategy_23_epoch8": 0.8238508189900041, "ENV_Test_proba_accuracy_strategy_107_epoch8": 0.8683635298147016, "ENV_Test_proba_accuracy_strategy_43_epoch8": 0.7986766070887394, "ENV_Test_proba_accuracy_strategy_17_epoch8": 0.7899898372726281, "ENV_Test_proba_accuracy_strategy_93_epoch8": 0.8101899034845854, "ENV_Test_proba_accuracy_per_mean_strategy_epoch8": 0.8239831133349852, "ENV_Test_proba_accuracy_per_mean_user_epoch8": 0.8238354458081374, "ENV_Test_proba_accuracy_per_mean_user_and_bot_epoch8": 0.8383288008101284, "ENV_Test_accuracy_epoch8": 0.846784, "ENV_Test_accuracy_strategy_132_epoch8": 0.8810198300283286, "ENV_Test_accuracy_strategy_23_epoch8": 0.8591048634674422, "ENV_Test_accuracy_strategy_107_epoch8": 0.9047619047619048, "ENV_Test_accuracy_strategy_43_epoch8": 0.8288804071246819, "ENV_Test_accuracy_strategy_17_epoch8": 0.8185117967332124, "ENV_Test_accuracy_strategy_93_epoch8": 0.8290203327171903, "ENV_Test_accuracy_per_mean_strategy_epoch8": 0.8535498558054601, "ENV_Test_accuracy_per_mean_user_epoch8": 0.855466317524995, "ENV_Test_accuracy_per_mean_user_and_bot_epoch8": 0.8698635981982099, "ENV_Train_TotalLoss_epoch9": 548.9869282234051, "ENV_Train_Right action_epoch9": 0.8912074242826594, "ENV_Train_Probability to choose the right action_epoch9": 0.845492907997081, "ENV_Train_Weighted right action_epoch9": 0.8912074242826594, "ENV_Train_Weighted probability to choose the right action:_epoch9": 0.845492907997081, "ENV_Test_TotalLoss_epoch9": 202.6156236313728, "ENV_Test_Right action_epoch9": 0.83872, "ENV_Test_Probability to choose the right action_epoch9": 0.805981154570485, "ENV_Test_Weighted right action_epoch9": 0.8581446577798009, "ENV_Test_Weighted probability to choose the right action:_epoch9": 0.823062238896592, "ENV_Test_proba_accuracy_epoch9": 0.805981154570485, "ENV_Test_proba_accuracy_strategy_132_epoch9": 0.8374478582827676, "ENV_Test_proba_accuracy_strategy_23_epoch9": 0.8154519110051701, "ENV_Test_proba_accuracy_strategy_107_epoch9": 0.8456496090972193, "ENV_Test_proba_accuracy_strategy_43_epoch9": 0.785100500521372, "ENV_Test_proba_accuracy_strategy_17_epoch9": 0.782146680274261, "ENV_Test_proba_accuracy_strategy_93_epoch9": 0.805588750161737, "ENV_Test_proba_accuracy_per_mean_strategy_epoch9": 0.8118975515570878, "ENV_Test_proba_accuracy_per_mean_user_epoch9": 0.8134718802750954, "ENV_Test_proba_accuracy_per_mean_user_and_bot_epoch9": 0.8230622388965912, "ENV_Test_accuracy_epoch9": 0.83872, "ENV_Test_accuracy_strategy_132_epoch9": 0.8662889518413598, "ENV_Test_accuracy_strategy_23_epoch9": 0.8500565519470027, "ENV_Test_accuracy_strategy_107_epoch9": 0.8866995073891626, "ENV_Test_accuracy_strategy_43_epoch9": 0.8225190839694656, "ENV_Test_accuracy_strategy_17_epoch9": 0.8107985480943739, "ENV_Test_accuracy_strategy_93_epoch9": 0.8391866913123844, "ENV_Test_accuracy_per_mean_strategy_epoch9": 0.8459248890922915, "ENV_Test_accuracy_per_mean_user_epoch9": 0.8448633248371695, "ENV_Test_accuracy_per_mean_user_and_bot_epoch9": 0.8581446577798009, "ENV_Train_TotalLoss_epoch10": 514.6512608631181, "ENV_Train_Right action_epoch10": 0.8995666759854627, "ENV_Train_Probability to choose the right action_epoch10": 0.8560663903784022, "ENV_Train_Weighted right action_epoch10": 0.8995666759854627, "ENV_Train_Weighted probability to choose the right action:_epoch10": 0.8560663903784022, "ENV_Test_TotalLoss_epoch10": 243.70000731494503, "ENV_Test_Right action_epoch10": 0.846784, "ENV_Test_Probability to choose the right action_epoch10": 0.8250305044804241, "ENV_Test_Weighted right action_epoch10": 0.869000973539533, "ENV_Test_Weighted probability to choose the right action:_epoch10": 0.8469346680039046, "ENV_Test_proba_accuracy_epoch10": 0.8250305044804238, "ENV_Test_proba_accuracy_strategy_132_epoch10": 0.8628062753637007, "ENV_Test_proba_accuracy_strategy_23_epoch10": 0.8330813704551292, "ENV_Test_proba_accuracy_strategy_107_epoch10": 0.8735879003385426, "ENV_Test_proba_accuracy_strategy_43_epoch10": 0.8047144232650637, "ENV_Test_proba_accuracy_strategy_17_epoch10": 0.8004482963156415, "ENV_Test_proba_accuracy_strategy_93_epoch10": 0.8196910904849303, "ENV_Test_proba_accuracy_per_mean_strategy_epoch10": 0.8323882260371681, "ENV_Test_proba_accuracy_per_mean_user_epoch10": 0.8337093840248608, "ENV_Test_proba_accuracy_per_mean_user_and_bot_epoch10": 0.8469346680039053, "ENV_Test_accuracy_epoch10": 0.846784, "ENV_Test_accuracy_strategy_132_epoch10": 0.8838526912181303, "ENV_Test_accuracy_strategy_23_epoch10": 0.8558733236387138, "ENV_Test_accuracy_strategy_107_epoch10": 0.8981937602627258, "ENV_Test_accuracy_strategy_43_epoch10": 0.823791348600509, "ENV_Test_accuracy_strategy_17_epoch10": 0.822141560798548, "ENV_Test_accuracy_strategy_93_epoch10": 0.8391866913123844, "ENV_Test_accuracy_per_mean_strategy_epoch10": 0.8538398959718352, "ENV_Test_accuracy_per_mean_user_epoch10": 0.8552138643441882, "ENV_Test_accuracy_per_mean_user_and_bot_epoch10": 0.869000973539533, "ENV_Train_TotalLoss_epoch11": 485.63897899735224, "ENV_Train_Right action_epoch11": 0.9049203242941012, "ENV_Train_Probability to choose the right action_epoch11": 0.8646444627159636, "ENV_Train_Weighted right action_epoch11": 0.9049203242941012, "ENV_Train_Weighted probability to choose the right action:_epoch11": 0.8646444627159636, "ENV_Test_TotalLoss_epoch11": 237.7917064146846, "ENV_Test_Right action_epoch11": 0.839424, "ENV_Test_Probability to choose the right action_epoch11": 0.8181580504809384, "ENV_Test_Weighted right action_epoch11": 0.8593737635832819, "ENV_Test_Weighted probability to choose the right action:_epoch11": 0.8385068037244875, "ENV_Test_proba_accuracy_epoch11": 0.8181580504809385, "ENV_Test_proba_accuracy_strategy_132_epoch11": 0.853820281542165, "ENV_Test_proba_accuracy_strategy_23_epoch11": 0.8259781474573901, "ENV_Test_proba_accuracy_strategy_107_epoch11": 0.8651009533008944, "ENV_Test_proba_accuracy_strategy_43_epoch11": 0.7955422937800236, "ENV_Test_proba_accuracy_strategy_17_epoch11": 0.7962686329979181, "ENV_Test_proba_accuracy_strategy_93_epoch11": 0.8108658840958322, "ENV_Test_proba_accuracy_per_mean_strategy_epoch11": 0.824596032195704, "ENV_Test_proba_accuracy_per_mean_user_epoch11": 0.8260849544592836, "ENV_Test_proba_accuracy_per_mean_user_and_bot_epoch11": 0.8385068037244872, "ENV_Test_accuracy_epoch11": 0.839424, "ENV_Test_accuracy_strategy_132_epoch11": 0.8747875354107649, "ENV_Test_accuracy_strategy_23_epoch11": 0.8507028599127484, "ENV_Test_accuracy_strategy_107_epoch11": 0.8850574712643678, "ENV_Test_accuracy_strategy_43_epoch11": 0.8148854961832062, "ENV_Test_accuracy_strategy_17_epoch11": 0.8178312159709619, "ENV_Test_accuracy_strategy_93_epoch11": 0.8151571164510166, "ENV_Test_accuracy_per_mean_strategy_epoch11": 0.8430702825321776, "ENV_Test_accuracy_per_mean_user_epoch11": 0.8480230631297765, "ENV_Test_accuracy_per_mean_user_and_bot_epoch11": 0.8593737635832819, "ENV_Train_TotalLoss_epoch12": 450.6130361844554, "ENV_Train_Right action_epoch12": 0.9127402334195261, "ENV_Train_Probability to choose the right action_epoch12": 0.8749460725699413, "ENV_Train_Weighted right action_epoch12": 0.9127402334195261, "ENV_Train_Weighted probability to choose the right action:_epoch12": 0.8749460725699413, "ENV_Test_TotalLoss_epoch12": 270.75226519523943, "ENV_Test_Right action_epoch12": 0.832832, "ENV_Test_Probability to choose the right action_epoch12": 0.8148572089530541, "ENV_Test_Weighted right action_epoch12": 0.8540568712822137, "ENV_Test_Weighted probability to choose the right action:_epoch12": 0.8358049633376807, "ENV_Test_proba_accuracy_epoch12": 0.8148572089530541, "ENV_Test_proba_accuracy_strategy_132_epoch12": 0.8522383034196611, "ENV_Test_proba_accuracy_strategy_23_epoch12": 0.8223248590289642, "ENV_Test_proba_accuracy_strategy_107_epoch12": 0.868550169622458, "ENV_Test_proba_accuracy_strategy_43_epoch12": 0.7935361335315769, "ENV_Test_proba_accuracy_strategy_17_epoch12": 0.7910184922502523, "ENV_Test_proba_accuracy_strategy_93_epoch12": 0.8090382280727179, "ENV_Test_proba_accuracy_per_mean_strategy_epoch12": 0.8227843643209383, "ENV_Test_proba_accuracy_per_mean_user_epoch12": 0.8243705599452269, "ENV_Test_proba_accuracy_per_mean_user_and_bot_epoch12": 0.8358049633376804, "ENV_Test_accuracy_epoch12": 0.832832, "ENV_Test_accuracy_strategy_132_epoch12": 0.8696883852691218, "ENV_Test_accuracy_strategy_23_epoch12": 0.8397156244950719, "ENV_Test_accuracy_strategy_107_epoch12": 0.8834154351395731, "ENV_Test_accuracy_strategy_43_epoch12": 0.8078880407124682, "ENV_Test_accuracy_strategy_17_epoch12": 0.8123865698729582, "ENV_Test_accuracy_strategy_93_epoch12": 0.8243992606284658, "ENV_Test_accuracy_per_mean_strategy_epoch12": 0.8395822193529433, "ENV_Test_accuracy_per_mean_user_epoch12": 0.8429103934160617, "ENV_Test_accuracy_per_mean_user_and_bot_epoch12": 0.8540568712822144, "ENV_Train_TotalLoss_epoch13": 421.4445864056629, "ENV_Train_Right action_epoch13": 0.9197042544864986, "ENV_Train_Probability to choose the right action_epoch13": 0.883555499698473, "ENV_Train_Weighted right action_epoch13": 0.9197042544864986, "ENV_Train_Weighted probability to choose the right action:_epoch13": 0.883555499698473, "ENV_Test_TotalLoss_epoch13": 285.33472574534346, "ENV_Test_Right action_epoch13": 0.835392, "ENV_Test_Probability to choose the right action_epoch13": 0.8200616675091056, "ENV_Test_Weighted right action_epoch13": 0.8584784593594883, "ENV_Test_Weighted probability to choose the right action:_epoch13": 0.8426284281663773, "ENV_Test_proba_accuracy_epoch13": 0.8200616675091054, "ENV_Test_proba_accuracy_strategy_132_epoch13": 0.8570706626830612, "ENV_Test_proba_accuracy_strategy_23_epoch13": 0.828041798103079, "ENV_Test_proba_accuracy_strategy_107_epoch13": 0.8744824829991259, "ENV_Test_proba_accuracy_strategy_43_epoch13": 0.8001633608376165, "ENV_Test_proba_accuracy_strategy_17_epoch13": 0.7962248171513084, "ENV_Test_proba_accuracy_strategy_93_epoch13": 0.8094339347024438, "ENV_Test_proba_accuracy_per_mean_strategy_epoch13": 0.8275695094127725, "ENV_Test_proba_accuracy_per_mean_user_epoch13": 0.8290349109215622, "ENV_Test_proba_accuracy_per_mean_user_and_bot_epoch13": 0.8426284281663773, "ENV_Test_accuracy_epoch13": 0.835392, "ENV_Test_accuracy_strategy_132_epoch13": 0.8696883852691218, "ENV_Test_accuracy_strategy_23_epoch13": 0.8437550492809824, "ENV_Test_accuracy_strategy_107_epoch13": 0.8932676518883416, "ENV_Test_accuracy_strategy_43_epoch13": 0.8148854961832062, "ENV_Test_accuracy_strategy_17_epoch13": 0.8117059891107078, "ENV_Test_accuracy_strategy_93_epoch13": 0.8253234750462107, "ENV_Test_accuracy_per_mean_strategy_epoch13": 0.8431043411297617, "ENV_Test_accuracy_per_mean_user_epoch13": 0.8444377284279718, "ENV_Test_accuracy_per_mean_user_and_bot_epoch13": 0.858478459359488, "ENV_Train_TotalLoss_epoch14": 387.11967099059717, "ENV_Train_Right action_epoch14": 0.9258917589175891, "ENV_Train_Probability to choose the right action_epoch14": 0.8926114320422381, "ENV_Train_Weighted right action_epoch14": 0.9258917589175891, "ENV_Train_Weighted probability to choose the right action:_epoch14": 0.8926114320422381, "ENV_Test_TotalLoss_epoch14": 299.34482359450215, "ENV_Test_Right action_epoch14": 0.830912, "ENV_Test_Probability to choose the right action_epoch14": 0.8195654963973961, "ENV_Test_Weighted right action_epoch14": 0.8568152046472234, "ENV_Test_Weighted probability to choose the right action:_epoch14": 0.8420758372290198, "ENV_Test_proba_accuracy_epoch14": 0.8195654963973946, "ENV_Test_proba_accuracy_strategy_132_epoch14": 0.8570204859107442, "ENV_Test_proba_accuracy_strategy_23_epoch14": 0.8266514790994878, "ENV_Test_proba_accuracy_strategy_107_epoch14": 0.872465900325914, "ENV_Test_proba_accuracy_strategy_43_epoch14": 0.8003871851159545, "ENV_Test_proba_accuracy_strategy_17_epoch14": 0.7968492882260325, "ENV_Test_proba_accuracy_strategy_93_epoch14": 0.8085690098234599, "ENV_Test_proba_accuracy_per_mean_strategy_epoch14": 0.8269905580835989, "ENV_Test_proba_accuracy_per_mean_user_epoch14": 0.8299448685438111, "ENV_Test_proba_accuracy_per_mean_user_and_bot_epoch14": 0.8420758372290216, "ENV_Test_accuracy_epoch14": 0.830912, "ENV_Test_accuracy_strategy_132_epoch14": 0.8668555240793201, "ENV_Test_accuracy_strategy_23_epoch14": 0.8376151236063984, "ENV_Test_accuracy_strategy_107_epoch14": 0.8866995073891626, "ENV_Test_accuracy_strategy_43_epoch14": 0.8136132315521628, "ENV_Test_accuracy_strategy_17_epoch14": 0.808529945553539, "ENV_Test_accuracy_strategy_93_epoch14": 0.8188539741219963, "ENV_Test_accuracy_per_mean_strategy_epoch14": 0.8386945510504299, "ENV_Test_accuracy_per_mean_user_epoch14": 0.8438293370747433, "ENV_Test_accuracy_per_mean_user_and_bot_epoch14": 0.8568152046472243, "ENV_Train_TotalLoss_epoch15": 355.18773260339367, "ENV_Train_Right action_epoch15": 0.932652119822754, "ENV_Train_Probability to choose the right action_epoch15": 0.9022855947484282, "ENV_Train_Weighted right action_epoch15": 0.932652119822754, "ENV_Train_Weighted probability to choose the right action:_epoch15": 0.9022855947484282, "ENV_Test_TotalLoss_epoch15": 369.95592232787413, "ENV_Test_Right action_epoch15": 0.831552, "ENV_Test_Probability to choose the right action_epoch15": 0.8220804234530631, "ENV_Test_Weighted right action_epoch15": 0.8481025964025382, "ENV_Test_Weighted probability to choose the right action:_epoch15": 0.8393587112200582, "ENV_Test_proba_accuracy_epoch15": 0.8220804234530625, "ENV_Test_proba_accuracy_strategy_132_epoch15": 0.8547704816831801, "ENV_Test_proba_accuracy_strategy_23_epoch15": 0.832023829156049, "ENV_Test_proba_accuracy_strategy_107_epoch15": 0.8696203635504972, "ENV_Test_proba_accuracy_strategy_43_epoch15": 0.7968535811046552, "ENV_Test_proba_accuracy_strategy_17_epoch15": 0.8024729725245128, "ENV_Test_proba_accuracy_strategy_93_epoch15": 0.8016522586411079, "ENV_Test_proba_accuracy_per_mean_strategy_epoch15": 0.8262322477766669, "ENV_Test_proba_accuracy_per_mean_user_epoch15": 0.8311083387935589, "ENV_Test_proba_accuracy_per_mean_user_and_bot_epoch15": 0.839358711220058, "ENV_Test_accuracy_epoch15": 0.831552, "ENV_Test_accuracy_strategy_132_epoch15": 0.8628895184135977, "ENV_Test_accuracy_strategy_23_epoch15": 0.8419777023751818, "ENV_Test_accuracy_strategy_107_epoch15": 0.8752052545155994, "ENV_Test_accuracy_strategy_43_epoch15": 0.8053435114503816, "ENV_Test_accuracy_strategy_17_epoch15": 0.8146551724137931, "ENV_Test_accuracy_strategy_93_epoch15": 0.8031423290203327, "ENV_Test_accuracy_per_mean_strategy_epoch15": 0.8338689146981476, "ENV_Test_accuracy_per_mean_user_epoch15": 0.8402242748909259, "ENV_Test_accuracy_per_mean_user_and_bot_epoch15": 0.8481025964025399, "ENV_Train_TotalLoss_epoch16": 332.9945367558545, "ENV_Train_Right action_epoch16": 0.9363433044450657, "ENV_Train_Probability to choose the right action_epoch16": 0.9089235479057007, "ENV_Train_Weighted right action_epoch16": 0.9363433044450657, "ENV_Train_Weighted probability to choose the right action:_epoch16": 0.9089235479057007, "ENV_Test_TotalLoss_epoch16": 342.2286225119265, "ENV_Test_Right action_epoch16": 0.833728, "ENV_Test_Probability to choose the right action_epoch16": 0.8225729677593607, "ENV_Test_Weighted right action_epoch16": 0.8514844052298962, "ENV_Test_Weighted probability to choose the right action:_epoch16": 0.8419804457761837, "ENV_Test_proba_accuracy_epoch16": 0.8225729677593605, "ENV_Test_proba_accuracy_strategy_132_epoch16": 0.8584791252223454, "ENV_Test_proba_accuracy_strategy_23_epoch16": 0.8327888864451849, "ENV_Test_proba_accuracy_strategy_107_epoch16": 0.8664429511273963, "ENV_Test_proba_accuracy_strategy_43_epoch16": 0.8011348067347187, "ENV_Test_proba_accuracy_strategy_17_epoch16": 0.7993851781247799, "ENV_Test_proba_accuracy_strategy_93_epoch16": 0.8064870687760888, "ENV_Test_proba_accuracy_per_mean_strategy_epoch16": 0.827453002738419, "ENV_Test_proba_accuracy_per_mean_user_epoch16": 0.8321924415493385, "ENV_Test_proba_accuracy_per_mean_user_and_bot_epoch16": 0.8419804457761841, "ENV_Test_accuracy_epoch16": 0.833728, "ENV_Test_accuracy_strategy_132_epoch16": 0.8657223796033995, "ENV_Test_accuracy_strategy_23_epoch16": 0.8458555501696559, "ENV_Test_accuracy_strategy_107_epoch16": 0.8752052545155994, "ENV_Test_accuracy_strategy_43_epoch16": 0.8053435114503816, "ENV_Test_accuracy_strategy_17_epoch16": 0.8121597096188747, "ENV_Test_accuracy_strategy_93_epoch16": 0.8179297597042514, "ENV_Test_accuracy_per_mean_strategy_epoch16": 0.8370360275103604, "ENV_Test_accuracy_per_mean_user_epoch16": 0.8430219258028652, "ENV_Test_accuracy_per_mean_user_and_bot_epoch16": 0.8514844052298969, "ENV_Train_TotalLoss_epoch17": 303.8497067048865, "ENV_Train_Right action_epoch17": 0.9425084916341678, "ENV_Train_Probability to choose the right action_epoch17": 0.9165292365687274, "ENV_Train_Weighted right action_epoch17": 0.9425084916341678, "ENV_Train_Weighted probability to choose the right action:_epoch17": 0.9165292365687274, "ENV_Test_TotalLoss_epoch17": 404.95769282720715, "ENV_Test_Right action_epoch17": 0.831296, "ENV_Test_Probability to choose the right action_epoch17": 0.8242213682473769, "ENV_Test_Weighted right action_epoch17": 0.8499805205228966, "ENV_Test_Weighted probability to choose the right action:_epoch17": 0.8439291506609511, "ENV_Test_proba_accuracy_epoch17": 0.8242213682473786, "ENV_Test_proba_accuracy_strategy_132_epoch17": 0.8581803084371656, "ENV_Test_proba_accuracy_strategy_23_epoch17": 0.8343458089816203, "ENV_Test_proba_accuracy_strategy_107_epoch17": 0.865396513208879, "ENV_Test_proba_accuracy_strategy_43_epoch17": 0.8071394191841278, "ENV_Test_proba_accuracy_strategy_17_epoch17": 0.7985731778218391, "ENV_Test_proba_accuracy_strategy_93_epoch17": 0.8170464060500215, "ENV_Test_proba_accuracy_per_mean_strategy_epoch17": 0.8301136056139421, "ENV_Test_proba_accuracy_per_mean_user_epoch17": 0.8318475330964331, "ENV_Test_proba_accuracy_per_mean_user_and_bot_epoch17": 0.8439291506609518, "ENV_Test_accuracy_epoch17": 0.831296, "ENV_Test_accuracy_strategy_132_epoch17": 0.8668555240793201, "ENV_Test_accuracy_strategy_23_epoch17": 0.8408466634351268, "ENV_Test_accuracy_strategy_107_epoch17": 0.8752052545155994, "ENV_Test_accuracy_strategy_43_epoch17": 0.8206106870229007, "ENV_Test_accuracy_strategy_17_epoch17": 0.8049001814882033, "ENV_Test_accuracy_strategy_93_epoch17": 0.8170055452865065, "ENV_Test_accuracy_per_mean_strategy_epoch17": 0.8375706426379429, "ENV_Test_accuracy_per_mean_user_epoch17": 0.8392044659534168, "ENV_Test_accuracy_per_mean_user_and_bot_epoch17": 0.8499805205228967, "ENV_Train_TotalLoss_epoch18": 276.0206663228163, "ENV_Train_Right action_epoch18": 0.9480700969842645, "ENV_Train_Probability to choose the right action_epoch18": 0.9249844509998152, "ENV_Train_Weighted right action_epoch18": 0.9480700969842645, "ENV_Train_Weighted probability to choose the right action:_epoch18": 0.9249844509998152, "ENV_Test_TotalLoss_epoch18": 385.63201644189735, "ENV_Test_Right action_epoch18": 0.835648, "ENV_Test_Probability to choose the right action_epoch18": 0.8269905156854421, "ENV_Test_Weighted right action_epoch18": 0.859153964814225, "ENV_Test_Weighted probability to choose the right action:_epoch18": 0.84760814481679, "ENV_Test_proba_accuracy_epoch18": 0.8269905156854419, "ENV_Test_proba_accuracy_strategy_132_epoch18": 0.8612501018099066, "ENV_Test_proba_accuracy_strategy_23_epoch18": 0.8370338128619912, "ENV_Test_proba_accuracy_strategy_107_epoch18": 0.8768243198971346, "ENV_Test_proba_accuracy_strategy_43_epoch18": 0.8111785406170952, "ENV_Test_proba_accuracy_strategy_17_epoch18": 0.801989398596993, "ENV_Test_proba_accuracy_strategy_93_epoch18": 0.8104345327215414, "ENV_Test_proba_accuracy_per_mean_strategy_epoch18": 0.8331184510841103, "ENV_Test_proba_accuracy_per_mean_user_epoch18": 0.83448624198885, "ENV_Test_proba_accuracy_per_mean_user_and_bot_epoch18": 0.8476081448167919, "ENV_Test_accuracy_epoch18": 0.835648, "ENV_Test_accuracy_strategy_132_epoch18": 0.8708215297450425, "ENV_Test_accuracy_strategy_23_epoch18": 0.8453708191953466, "ENV_Test_accuracy_strategy_107_epoch18": 0.8932676518883416, "ENV_Test_accuracy_strategy_43_epoch18": 0.8212468193384224, "ENV_Test_accuracy_strategy_17_epoch18": 0.8105716878402904, "ENV_Test_accuracy_strategy_93_epoch18": 0.8133086876155268, "ENV_Test_accuracy_per_mean_strategy_epoch18": 0.8424311992704951, "ENV_Test_accuracy_per_mean_user_epoch18": 0.8438023676457521, "ENV_Test_accuracy_per_mean_user_and_bot_epoch18": 0.8591539648142257, "ENV_Train_TotalLoss_epoch19": 258.72211751636485, "ENV_Train_Right action_epoch19": 0.9526698350573106, "ENV_Train_Probability to choose the right action_epoch19": 0.9299917346747937, "ENV_Train_Weighted right action_epoch19": 0.9526698350573106, "ENV_Train_Weighted probability to choose the right action:_epoch19": 0.9299917346747937, "ENV_Test_TotalLoss_epoch19": 424.84411832811196, "ENV_Test_Right action_epoch19": 0.831232, "ENV_Test_Probability to choose the right action_epoch19": 0.8231899148960355, "ENV_Test_Weighted right action_epoch19": 0.8531448127705841, "ENV_Test_Weighted probability to choose the right action:_epoch19": 0.8462479015771753, "ENV_Test_proba_accuracy_epoch19": 0.8231899148960364, "ENV_Test_proba_accuracy_strategy_132_epoch19": 0.8563025376974339, "ENV_Test_proba_accuracy_strategy_23_epoch19": 0.8324386849437321, "ENV_Test_proba_accuracy_strategy_107_epoch19": 0.885104345297145, "ENV_Test_proba_accuracy_strategy_43_epoch19": 0.8055455407628451, "ENV_Test_proba_accuracy_strategy_17_epoch19": 0.7971590333112694, "ENV_Test_proba_accuracy_strategy_93_epoch19": 0.8131074536937253, "ENV_Test_proba_accuracy_per_mean_strategy_epoch19": 0.8316095992843584, "ENV_Test_proba_accuracy_per_mean_user_epoch19": 0.8327049954232866, "ENV_Test_proba_accuracy_per_mean_user_and_bot_epoch19": 0.8462479015771766, "ENV_Test_accuracy_epoch19": 0.831232, "ENV_Test_accuracy_strategy_132_epoch19": 0.863456090651558, "ENV_Test_accuracy_strategy_23_epoch19": 0.8410082404265633, "ENV_Test_accuracy_strategy_107_epoch19": 0.8932676518883416, "ENV_Test_accuracy_strategy_43_epoch19": 0.8104325699745547, "ENV_Test_accuracy_strategy_17_epoch19": 0.8064882032667876, "ENV_Test_accuracy_strategy_93_epoch19": 0.8188539741219963, "ENV_Test_accuracy_per_mean_strategy_epoch19": 0.8389177883883002, "ENV_Test_accuracy_per_mean_user_epoch19": 0.8405633656286711, "ENV_Test_accuracy_per_mean_user_and_bot_epoch19": 0.8531448127705837, "ENV_Train_TotalLoss_epoch20": 234.68654655944422, "ENV_Train_Right action_epoch20": 0.9568073804864412, "ENV_Train_Probability to choose the right action_epoch20": 0.9367829601923342, "ENV_Train_Weighted right action_epoch20": 0.9568073804864412, "ENV_Train_Weighted probability to choose the right action:_epoch20": 0.9367829601923342, "ENV_Test_TotalLoss_epoch20": 512.963549305686, "ENV_Test_Right action_epoch20": 0.838016, "ENV_Test_Probability to choose the right action_epoch20": 0.8303232474850573, "ENV_Test_Weighted right action_epoch20": 0.860646485954088, "ENV_Test_Weighted probability to choose the right action:_epoch20": 0.8501370011223187, "ENV_Test_proba_accuracy_epoch20": 0.8303232474850578, "ENV_Test_proba_accuracy_strategy_132_epoch20": 0.8611673575266535, "ENV_Test_proba_accuracy_strategy_23_epoch20": 0.841362280591439, "ENV_Test_proba_accuracy_strategy_107_epoch20": 0.8805409744252309, "ENV_Test_proba_accuracy_strategy_43_epoch20": 0.811438665799584, "ENV_Test_proba_accuracy_strategy_17_epoch20": 0.804315769868877, "ENV_Test_proba_accuracy_strategy_93_epoch20": 0.821990990476106, "ENV_Test_proba_accuracy_per_mean_strategy_epoch20": 0.8368026731146485, "ENV_Test_proba_accuracy_per_mean_user_epoch20": 0.8382084953471369, "ENV_Test_proba_accuracy_per_mean_user_and_bot_epoch20": 0.8501370011223195, "ENV_Test_accuracy_epoch20": 0.838016, "ENV_Test_accuracy_strategy_132_epoch20": 0.8674220963172804, "ENV_Test_accuracy_strategy_23_epoch20": 0.848602359024075, "ENV_Test_accuracy_strategy_107_epoch20": 0.8899835796387521, "ENV_Test_accuracy_strategy_43_epoch20": 0.8256997455470738, "ENV_Test_accuracy_strategy_17_epoch20": 0.8112522686025408, "ENV_Test_accuracy_strategy_93_epoch20": 0.8271719038817006, "ENV_Test_accuracy_per_mean_strategy_epoch20": 0.8450219921685704, "ENV_Test_accuracy_per_mean_user_epoch20": 0.8466557828553147, "ENV_Test_accuracy_per_mean_user_and_bot_epoch20": 0.8606464859540873, "ENV_Train_TotalLoss_epoch21": 217.29422099901902, "ENV_Train_Right action_epoch21": 0.9607675965785207, "ENV_Train_Probability to choose the right action_epoch21": 0.9419428425707798, "ENV_Train_Weighted right action_epoch21": 0.9607675965785207, "ENV_Train_Weighted probability to choose the right action:_epoch21": 0.9419428425707798, "ENV_Test_TotalLoss_epoch21": 478.284120192098, "ENV_Test_Right action_epoch21": 0.835968, "ENV_Test_Probability to choose the right action_epoch21": 0.8307177622844355, "ENV_Test_Weighted right action_epoch21": 0.8544870868225701, "ENV_Test_Weighted probability to choose the right action:_epoch21": 0.8495284010194077, "ENV_Test_proba_accuracy_epoch21": 0.8307177622844348, "ENV_Test_proba_accuracy_strategy_132_epoch21": 0.8624359678016461, "ENV_Test_proba_accuracy_strategy_23_epoch21": 0.8427112697674436, "ENV_Test_proba_accuracy_strategy_107_epoch21": 0.8718989756825051, "ENV_Test_proba_accuracy_strategy_43_epoch21": 0.8175288447037997, "ENV_Test_proba_accuracy_strategy_17_epoch21": 0.803842453378747, "ENV_Test_proba_accuracy_strategy_93_epoch21": 0.8158467184613177, "ENV_Test_proba_accuracy_per_mean_strategy_epoch21": 0.8357107049659099, "ENV_Test_proba_accuracy_per_mean_user_epoch21": 0.8390333732341475, "ENV_Test_proba_accuracy_per_mean_user_and_bot_epoch21": 0.8495284010194087, "ENV_Test_accuracy_epoch21": 0.835968, "ENV_Test_accuracy_strategy_132_epoch21": 0.8662889518413598, "ENV_Test_accuracy_strategy_23_epoch21": 0.8492486669898206, "ENV_Test_accuracy_strategy_107_epoch21": 0.8719211822660099, "ENV_Test_accuracy_strategy_43_epoch21": 0.8225190839694656, "ENV_Test_accuracy_strategy_17_epoch21": 0.8092105263157895, "ENV_Test_accuracy_strategy_93_epoch21": 0.8188539741219963, "ENV_Test_accuracy_per_mean_strategy_epoch21": 0.8396737309174069, "ENV_Test_accuracy_per_mean_user_epoch21": 0.8441430966309572, "ENV_Test_accuracy_per_mean_user_and_bot_epoch21": 0.8544870868225709, "ENV_Train_TotalLoss_epoch22": 205.12871803303526, "ENV_Train_Right action_epoch22": 0.9629577858540677, "ENV_Train_Probability to choose the right action_epoch22": 0.9457159839415505, "ENV_Train_Weighted right action_epoch22": 0.9629577858540677, "ENV_Train_Weighted probability to choose the right action:_epoch22": 0.9457159839415505, "ENV_Test_TotalLoss_epoch22": 532.0617575584579, "ENV_Test_Right action_epoch22": 0.835648, "ENV_Test_Probability to choose the right action_epoch22": 0.8308497298323023, "ENV_Test_Weighted right action_epoch22": 0.8519218563879392, "ENV_Test_Weighted probability to choose the right action:_epoch22": 0.8484453271863072, "ENV_Test_proba_accuracy_epoch22": 0.8308497298323029, "ENV_Test_proba_accuracy_strategy_132_epoch22": 0.8648218846712296, "ENV_Test_proba_accuracy_strategy_23_epoch22": 0.844282641639027, "ENV_Test_proba_accuracy_strategy_107_epoch22": 0.8714915060536579, "ENV_Test_proba_accuracy_strategy_43_epoch22": 0.8111049176615375, "ENV_Test_proba_accuracy_strategy_17_epoch22": 0.804399408398004, "ENV_Test_proba_accuracy_strategy_93_epoch22": 0.8121656960370215, "ENV_Test_proba_accuracy_per_mean_strategy_epoch22": 0.8347110090767463, "ENV_Test_proba_accuracy_per_mean_user_epoch22": 0.8379935083395299, "ENV_Test_proba_accuracy_per_mean_user_and_bot_epoch22": 0.8484453271863082, "ENV_Test_accuracy_epoch22": 0.835648, "ENV_Test_accuracy_strategy_132_epoch22": 0.8691218130311614, "ENV_Test_accuracy_strategy_23_epoch22": 0.8490870899983842, "ENV_Test_accuracy_strategy_107_epoch22": 0.8752052545155994, "ENV_Test_accuracy_strategy_43_epoch22": 0.8155216284987278, "ENV_Test_accuracy_strategy_17_epoch22": 0.8112522686025408, "ENV_Test_accuracy_strategy_93_epoch22": 0.8105360443622921, "ENV_Test_accuracy_per_mean_strategy_epoch22": 0.8384540165014509, "ENV_Test_accuracy_per_mean_user_epoch22": 0.8434006492831289, "ENV_Test_accuracy_per_mean_user_and_bot_epoch22": 0.8519218563879402, "ENV_Train_TotalLoss_epoch23": 187.55324032788184, "ENV_Train_Right action_epoch23": 0.9658531812590854, "ENV_Train_Probability to choose the right action_epoch23": 0.9502223137608431, "ENV_Train_Weighted right action_epoch23": 0.9658531812590854, "ENV_Train_Weighted probability to choose the right action:_epoch23": 0.9502223137608431, "ENV_Test_TotalLoss_epoch23": 481.19330584184013, "ENV_Test_Right action_epoch23": 0.835008, "ENV_Test_Probability to choose the right action_epoch23": 0.8294535242383269, "ENV_Test_Weighted right action_epoch23": 0.851643261459693, "ENV_Test_Weighted probability to choose the right action:_epoch23": 0.8481271081910131, "ENV_Test_proba_accuracy_epoch23": 0.8294535242383254, "ENV_Test_proba_accuracy_strategy_132_epoch23": 0.8547703989370915, "ENV_Test_proba_accuracy_strategy_23_epoch23": 0.8414750684310713, "ENV_Test_proba_accuracy_strategy_107_epoch23": 0.8690552980343756, "ENV_Test_proba_accuracy_strategy_43_epoch23": 0.8125501191552634, "ENV_Test_proba_accuracy_strategy_17_epoch23": 0.8043396700506737, "ENV_Test_proba_accuracy_strategy_93_epoch23": 0.8239737839016539, "ENV_Test_proba_accuracy_per_mean_strategy_epoch23": 0.8343607230850215, "ENV_Test_proba_accuracy_per_mean_user_epoch23": 0.8365371942568667, "ENV_Test_proba_accuracy_per_mean_user_and_bot_epoch23": 0.8481271081910119, "ENV_Test_accuracy_epoch23": 0.835008, "ENV_Test_accuracy_strategy_132_epoch23": 0.860056657223796, "ENV_Test_accuracy_strategy_23_epoch23": 0.8471481661011472, "ENV_Test_accuracy_strategy_107_epoch23": 0.8702791461412152, "ENV_Test_accuracy_strategy_43_epoch23": 0.8155216284987278, "ENV_Test_accuracy_strategy_17_epoch23": 0.8107985480943739, "ENV_Test_accuracy_strategy_93_epoch23": 0.8317929759704251, "ENV_Test_accuracy_per_mean_strategy_epoch23": 0.8392661870049475, "ENV_Test_accuracy_per_mean_user_epoch23": 0.8418247326589939, "ENV_Test_accuracy_per_mean_user_and_bot_epoch23": 0.8516432614596936, "ENV_Train_TotalLoss_epoch24": 170.1413689098232, "ENV_Train_Right action_epoch24": 0.9707012957966983, "ENV_Train_Probability to choose the right action_epoch24": 0.9555539449972235, "ENV_Train_Weighted right action_epoch24": 0.9707012957966983, "ENV_Train_Weighted probability to choose the right action:_epoch24": 0.9555539449972235, "ENV_Test_TotalLoss_epoch24": 557.4856812989494, "ENV_Test_Right action_epoch24": 0.836096, "ENV_Test_Probability to choose the right action_epoch24": 0.8302180415142847, "ENV_Test_Weighted right action_epoch24": 0.8557061407075655, "ENV_Test_Weighted probability to choose the right action:_epoch24": 0.8485748728626212, "ENV_Test_proba_accuracy_epoch24": 0.8302180415142857, "ENV_Test_proba_accuracy_strategy_132_epoch24": 0.8655443048410589, "ENV_Test_proba_accuracy_strategy_23_epoch24": 0.839717653417577, "ENV_Test_proba_accuracy_strategy_107_epoch24": 0.8699909669065848, "ENV_Test_proba_accuracy_strategy_43_epoch24": 0.81778623001597, "ENV_Test_proba_accuracy_strategy_17_epoch24": 0.803440161724972, "ENV_Test_proba_accuracy_strategy_93_epoch24": 0.8230221426062571, "ENV_Test_proba_accuracy_per_mean_strategy_epoch24": 0.8365835765854034, "ENV_Test_proba_accuracy_per_mean_user_epoch24": 0.8381007348555626, "ENV_Test_proba_accuracy_per_mean_user_and_bot_epoch24": 0.8485748728626223, "ENV_Test_accuracy_epoch24": 0.836096, "ENV_Test_accuracy_strategy_132_epoch24": 0.8725212464589235, "ENV_Test_accuracy_strategy_23_epoch24": 0.8453708191953466, "ENV_Test_accuracy_strategy_107_epoch24": 0.8768472906403941, "ENV_Test_accuracy_strategy_43_epoch24": 0.8269720101781171, "ENV_Test_accuracy_strategy_17_epoch24": 0.808529945553539, "ENV_Test_accuracy_strategy_93_epoch24": 0.8262476894639557, "ENV_Test_accuracy_per_mean_strategy_epoch24": 0.842748166915046, "ENV_Test_accuracy_per_mean_user_epoch24": 0.8450472916449998, "ENV_Test_accuracy_per_mean_user_and_bot_epoch24": 0.8557061407075657, "_wandb": {"runtime": 2624}}