{"ENV_Train_TotalLoss": 507.6884259827698, "ENV_Train_TotalLoss_epoch0": 1088.190393104828, "ENV_Train_Right action": 0.9064439474419905, "ENV_Train_Right action_epoch0": 0.7711434441695668, "ENV_Train_Probability to choose the right action": 0.8641060437390815, "ENV_Train_Probability to choose the right action_epoch0": 0.6836150292427936, "ENV_Train_Weighted right action": 0.9064439474419905, "ENV_Train_Weighted right action_epoch0": 0.7711434441695668, "ENV_Train_Weighted probability to choose the right action:": 0.8641060437390815, "ENV_Train_Weighted probability to choose the right action:_epoch0": 0.6836150292427936, "_timestamp": 1720394537.390089, "_runtime": 1980.581834077835, "_step": 49, "ENV_Test_TotalLoss": 216.43367548255762, "ENV_Test_TotalLoss_epoch0": 215.85979665794468, "ENV_Test_Right action": 0.83072, "ENV_Test_Right action_epoch0": 0.796864, "ENV_Test_Probability to choose the right action": 0.8019529961840599, "ENV_Test_Probability to choose the right action_epoch0": 0.7418432719004068, "ENV_Test_Weighted right action": 0.8661585938634673, "ENV_Test_Weighted right action_epoch0": 0.8381682898048882, "ENV_Test_Weighted probability to choose the right action:": 0.8356000561539764, "ENV_Test_Weighted probability to choose the right action:_epoch0": 0.7794818182144063, "ENV_Test_proba_accuracy": 0.8019529961840599, "ENV_Test_proba_accuracy_epoch0": 0.7418432719004054, "ENV_Test_proba_accuracy_strategy_132": 0.8349360275841008, "ENV_Test_proba_accuracy_strategy_132_epoch0": 0.7820098608292876, "ENV_Test_proba_accuracy_strategy_23": 0.8021961712251776, "ENV_Test_proba_accuracy_strategy_23_epoch0": 0.7424370391909446, "ENV_Test_proba_accuracy_strategy_107": 0.8657736791342284, "ENV_Test_proba_accuracy_strategy_107_epoch0": 0.8185631680571821, "ENV_Test_proba_accuracy_strategy_43": 0.8006453316349044, "ENV_Test_proba_accuracy_strategy_43_epoch0": 0.7465564653145292, "ENV_Test_proba_accuracy_strategy_17": 0.778876874461594, "ENV_Test_proba_accuracy_strategy_17_epoch0": 0.7118327675518328, "ENV_Test_proba_accuracy_strategy_93": 0.8067481316338736, "ENV_Test_proba_accuracy_strategy_93_epoch0": 0.7451574041937563, "ENV_Test_proba_accuracy_per_mean_strategy": 0.8148627026123131, "ENV_Test_proba_accuracy_per_mean_strategy_epoch0": 0.7577594508562555, "ENV_Test_proba_accuracy_per_mean_user": 0.8113561981071916, "ENV_Test_proba_accuracy_per_mean_user_epoch0": 0.7529483437471788, "ENV_Test_proba_accuracy_per_mean_user_and_bot": 0.8356000561539764, "ENV_Test_proba_accuracy_per_mean_user_and_bot_epoch0": 0.779481818214406, "ENV_Test_accuracy": 0.83072, "ENV_Test_accuracy_epoch0": 0.796864, "ENV_Test_accuracy_strategy_132": 0.8606232294617564, "ENV_Test_accuracy_strategy_132_epoch0": 0.8345609065155808, "ENV_Test_accuracy_strategy_23": 0.8298594280174503, "ENV_Test_accuracy_strategy_23_epoch0": 0.8009371465503312, "ENV_Test_accuracy_strategy_107": 0.9014778325123153, "ENV_Test_accuracy_strategy_107_epoch0": 0.8735632183908046, "ENV_Test_accuracy_strategy_43": 0.8288804071246819, "ENV_Test_accuracy_strategy_43_epoch0": 0.8072519083969466, "ENV_Test_accuracy_strategy_17": 0.8096642468239564, "ENV_Test_accuracy_strategy_17_epoch0": 0.7624773139745916, "ENV_Test_accuracy_strategy_93": 0.8354898336414048, "ENV_Test_accuracy_strategy_93_epoch0": 0.7939001848428835, "ENV_Test_accuracy_per_mean_strategy": 0.8443324962635942, "ENV_Test_accuracy_per_mean_strategy_epoch0": 0.8121151131118564, "ENV_Test_accuracy_per_mean_user": 0.839240989712706, "ENV_Test_accuracy_per_mean_user_epoch0": 0.8085872061718794, "ENV_Test_accuracy_per_mean_user_and_bot": 0.8661585938634669, "ENV_Test_accuracy_per_mean_user_and_bot_epoch0": 0.8381682898048882, "ENV_Train_TotalLoss_epoch1": 939.280185070814, "ENV_Train_Right action_epoch1": 0.8117453041144902, "ENV_Train_Probability to choose the right action_epoch1": 0.7356669764935629, "ENV_Train_Weighted right action_epoch1": 0.8117453041144902, "ENV_Train_Weighted probability to choose the right action:_epoch1": 0.7356669764935629, "ENV_Test_TotalLoss_epoch1": 222.38344723334978, "ENV_Test_Right action_epoch1": 0.803008, "ENV_Test_Probability to choose the right action_epoch1": 0.7517995036128374, "ENV_Test_Weighted right action_epoch1": 0.8346850626644954, "ENV_Test_Weighted probability to choose the right action:_epoch1": 0.7820786546694622, "ENV_Test_proba_accuracy_epoch1": 0.7517995036128379, "ENV_Test_proba_accuracy_strategy_132_epoch1": 0.7848389351215018, "ENV_Test_proba_accuracy_strategy_23_epoch1": 0.7552423160724606, "ENV_Test_proba_accuracy_strategy_107_epoch1": 0.8206052868868025, "ENV_Test_proba_accuracy_strategy_43_epoch1": 0.7511205657629654, "ENV_Test_proba_accuracy_strategy_17_epoch1": 0.724141482147941, "ENV_Test_proba_accuracy_strategy_93_epoch1": 0.753147899156298, "ENV_Test_proba_accuracy_per_mean_strategy_epoch1": 0.7648494141913282, "ENV_Test_proba_accuracy_per_mean_user_epoch1": 0.7604168172032215, "ENV_Test_proba_accuracy_per_mean_user_and_bot_epoch1": 0.7820786546694616, "ENV_Test_accuracy_epoch1": 0.803008, "ENV_Test_accuracy_strategy_132_epoch1": 0.826628895184136, "ENV_Test_accuracy_strategy_23_epoch1": 0.8065923412506059, "ENV_Test_accuracy_strategy_107_epoch1": 0.8768472906403941, "ENV_Test_accuracy_strategy_43_epoch1": 0.8027989821882952, "ENV_Test_accuracy_strategy_17_epoch1": 0.7779038112522686, "ENV_Test_accuracy_strategy_93_epoch1": 0.8049907578558225, "ENV_Test_accuracy_per_mean_strategy_epoch1": 0.8159603463952537, "ENV_Test_accuracy_per_mean_user_epoch1": 0.8105866150532033, "ENV_Test_accuracy_per_mean_user_and_bot_epoch1": 0.8346850626644953, "ENV_Train_TotalLoss_epoch2": 890.7072185708339, "ENV_Train_Right action_epoch2": 0.82300810735253, "ENV_Train_Probability to choose the right action_epoch2": 0.750574276864205, "ENV_Train_Weighted right action_epoch2": 0.82300810735253, "ENV_Train_Weighted probability to choose the right action:_epoch2": 0.750574276864205, "ENV_Test_TotalLoss_epoch2": 204.5812111355272, "ENV_Test_Right action_epoch2": 0.8144, "ENV_Test_Probability to choose the right action_epoch2": 0.761571676626056, "ENV_Test_Weighted right action_epoch2": 0.8511968949070576, "ENV_Test_Weighted probability to choose the right action:_epoch2": 0.7939864256862404, "ENV_Test_proba_accuracy_epoch2": 0.7615716766260567, "ENV_Test_proba_accuracy_strategy_132_epoch2": 0.8005672360926267, "ENV_Test_proba_accuracy_strategy_23_epoch2": 0.7669275669059907, "ENV_Test_proba_accuracy_strategy_107_epoch2": 0.8244828706922397, "ENV_Test_proba_accuracy_strategy_43_epoch2": 0.7553346328161628, "ENV_Test_proba_accuracy_strategy_17_epoch2": 0.7313614748927466, "ENV_Test_proba_accuracy_strategy_93_epoch2": 0.7640518222104113, "ENV_Test_proba_accuracy_per_mean_strategy_epoch2": 0.7737876006016963, "ENV_Test_proba_accuracy_per_mean_user_epoch2": 0.7711868825518137, "ENV_Test_proba_accuracy_per_mean_user_and_bot_epoch2": 0.7939864256862401, "ENV_Test_accuracy_epoch2": 0.8144, "ENV_Test_accuracy_strategy_132_epoch2": 0.853257790368272, "ENV_Test_accuracy_strategy_23_epoch2": 0.8162869607367911, "ENV_Test_accuracy_strategy_107_epoch2": 0.8883415435139573, "ENV_Test_accuracy_strategy_43_epoch2": 0.8040712468193384, "ENV_Test_accuracy_strategy_17_epoch2": 0.7892468239564429, "ENV_Test_accuracy_strategy_93_epoch2": 0.8160813308687616, "ENV_Test_accuracy_per_mean_strategy_epoch2": 0.8278809493772604, "ENV_Test_accuracy_per_mean_user_epoch2": 0.8233989827279999, "ENV_Test_accuracy_per_mean_user_and_bot_epoch2": 0.8511968949070576, "ENV_Train_TotalLoss_epoch3": 852.1638156247084, "ENV_Train_Right action_epoch3": 0.8319261951355885, "ENV_Train_Probability to choose the right action_epoch3": 0.7624129976934542, "ENV_Train_Weighted right action_epoch3": 0.8319261951355885, "ENV_Train_Weighted probability to choose the right action:_epoch3": 0.7624129976934542, "ENV_Test_TotalLoss_epoch3": 193.6464351263767, "ENV_Test_Right action_epoch3": 0.8272, "ENV_Test_Probability to choose the right action_epoch3": 0.772500306726906, "ENV_Test_Weighted right action_epoch3": 0.8632180524935609, "ENV_Test_Weighted probability to choose the right action:_epoch3": 0.8055183001526633, "ENV_Test_proba_accuracy_epoch3": 0.7725003067269062, "ENV_Test_proba_accuracy_strategy_132_epoch3": 0.8097535659269927, "ENV_Test_proba_accuracy_strategy_23_epoch3": 0.7779937377106156, "ENV_Test_proba_accuracy_strategy_107_epoch3": 0.8337818764944809, "ENV_Test_proba_accuracy_strategy_43_epoch3": 0.7686988895674587, "ENV_Test_proba_accuracy_strategy_17_epoch3": 0.7432329714455621, "ENV_Test_proba_accuracy_strategy_93_epoch3": 0.7705732446751806, "ENV_Test_proba_accuracy_per_mean_strategy_epoch3": 0.7840057143033818, "ENV_Test_proba_accuracy_per_mean_user_epoch3": 0.7807749388883112, "ENV_Test_proba_accuracy_per_mean_user_and_bot_epoch3": 0.8055183001526631, "ENV_Test_accuracy_epoch3": 0.8272, "ENV_Test_accuracy_strategy_132_epoch3": 0.8594900849858357, "ENV_Test_accuracy_strategy_23_epoch3": 0.8306673129746324, "ENV_Test_accuracy_strategy_107_epoch3": 0.896551724137931, "ENV_Test_accuracy_strategy_43_epoch3": 0.8193384223918575, "ENV_Test_accuracy_strategy_17_epoch3": 0.8035390199637024, "ENV_Test_accuracy_strategy_93_epoch3": 0.8234750462107209, "ENV_Test_accuracy_per_mean_strategy_epoch3": 0.8388436017774464, "ENV_Test_accuracy_per_mean_user_epoch3": 0.833954646474531, "ENV_Test_accuracy_per_mean_user_and_bot_epoch3": 0.8632180524935615, "ENV_Train_TotalLoss_epoch4": 818.1009266811931, "ENV_Train_Right action_epoch4": 0.839338625817633, "ENV_Train_Probability to choose the right action_epoch4": 0.7725480391290711, "ENV_Train_Weighted right action_epoch4": 0.839338625817633, "ENV_Train_Weighted probability to choose the right action:_epoch4": 0.7725480391290711, "ENV_Test_TotalLoss_epoch4": 198.72831025282068, "ENV_Test_Right action_epoch4": 0.827392, "ENV_Test_Probability to choose the right action_epoch4": 0.7744002348029737, "ENV_Test_Weighted right action_epoch4": 0.8572164232084822, "ENV_Test_Weighted probability to choose the right action:_epoch4": 0.8077587864919392, "ENV_Test_proba_accuracy_epoch4": 0.7744002348029725, "ENV_Test_proba_accuracy_strategy_132_epoch4": 0.8116716871027702, "ENV_Test_proba_accuracy_strategy_23_epoch4": 0.7793821397228329, "ENV_Test_proba_accuracy_strategy_107_epoch4": 0.8393639676706963, "ENV_Test_proba_accuracy_strategy_43_epoch4": 0.7747726109832157, "ENV_Test_proba_accuracy_strategy_17_epoch4": 0.7440460806246123, "ENV_Test_proba_accuracy_strategy_93_epoch4": 0.7716605860860313, "ENV_Test_proba_accuracy_per_mean_strategy_epoch4": 0.7868161786983596, "ENV_Test_proba_accuracy_per_mean_user_epoch4": 0.7835000063796335, "ENV_Test_proba_accuracy_per_mean_user_and_bot_epoch4": 0.8077587864919394, "ENV_Test_accuracy_epoch4": 0.827392, "ENV_Test_accuracy_strategy_132_epoch4": 0.8509915014164305, "ENV_Test_accuracy_strategy_23_epoch4": 0.8390693165293263, "ENV_Test_accuracy_strategy_107_epoch4": 0.8883415435139573, "ENV_Test_accuracy_strategy_43_epoch4": 0.8263358778625954, "ENV_Test_accuracy_strategy_17_epoch4": 0.7967332123411979, "ENV_Test_accuracy_strategy_93_epoch4": 0.8142329020332717, "ENV_Test_accuracy_per_mean_strategy_epoch4": 0.8359507256161298, "ENV_Test_accuracy_per_mean_user_epoch4": 0.8322982107593183, "ENV_Test_accuracy_per_mean_user_and_bot_epoch4": 0.8572164232084837, "ENV_Train_TotalLoss_epoch5": 796.011462634346, "ENV_Train_Right action_epoch5": 0.8455829944237139, "ENV_Train_Probability to choose the right action_epoch5": 0.780083281208452, "ENV_Train_Weighted right action_epoch5": 0.8455829944237139, "ENV_Train_Weighted probability to choose the right action:_epoch5": 0.780083281208452, "ENV_Test_TotalLoss_epoch5": 195.19172009257102, "ENV_Test_Right action_epoch5": 0.833088, "ENV_Test_Probability to choose the right action_epoch5": 0.7843040180033911, "ENV_Test_Weighted right action_epoch5": 0.8656207111248132, "ENV_Test_Weighted probability to choose the right action:_epoch5": 0.8172639727745222, "ENV_Test_proba_accuracy_epoch5": 0.784304018003392, "ENV_Test_proba_accuracy_strategy_132_epoch5": 0.8214742106596684, "ENV_Test_proba_accuracy_strategy_23_epoch5": 0.788431736572807, "ENV_Test_proba_accuracy_strategy_107_epoch5": 0.8464002801105726, "ENV_Test_proba_accuracy_strategy_43_epoch5": 0.7857052679072353, "ENV_Test_proba_accuracy_strategy_17_epoch5": 0.7546299718461247, "ENV_Test_proba_accuracy_strategy_93_epoch5": 0.7839638763441334, "ENV_Test_proba_accuracy_per_mean_strategy_epoch5": 0.7967675572400902, "ENV_Test_proba_accuracy_per_mean_user_epoch5": 0.7932047690163888, "ENV_Test_proba_accuracy_per_mean_user_and_bot_epoch5": 0.8172639727745231, "ENV_Test_accuracy_epoch5": 0.833088, "ENV_Test_accuracy_strategy_132_epoch5": 0.8611898016997167, "ENV_Test_accuracy_strategy_23_epoch5": 0.8402003554693812, "ENV_Test_accuracy_strategy_107_epoch5": 0.8998357963875205, "ENV_Test_accuracy_strategy_43_epoch5": 0.8269720101781171, "ENV_Test_accuracy_strategy_17_epoch5": 0.8044464609800362, "ENV_Test_accuracy_strategy_93_epoch5": 0.8345656192236599, "ENV_Test_accuracy_per_mean_strategy_epoch5": 0.844535007323072, "ENV_Test_accuracy_per_mean_user_epoch5": 0.8398930687108676, "ENV_Test_accuracy_per_mean_user_and_bot_epoch5": 0.8656207111248133, "ENV_Train_TotalLoss_epoch6": 768.6284452203622, "ENV_Train_Right action_epoch6": 0.8518803191861034, "ENV_Train_Probability to choose the right action_epoch6": 0.7880910600959272, "ENV_Train_Weighted right action_epoch6": 0.8518803191861034, "ENV_Train_Weighted probability to choose the right action:_epoch6": 0.7880910600959272, "ENV_Test_TotalLoss_epoch6": 189.44439583923764, "ENV_Test_Right action_epoch6": 0.832256, "ENV_Test_Probability to choose the right action_epoch6": 0.7896523883791593, "ENV_Test_Weighted right action_epoch6": 0.8640433749053033, "ENV_Test_Weighted probability to choose the right action:_epoch6": 0.8227405994835619, "ENV_Test_proba_accuracy_epoch6": 0.7896523883791599, "ENV_Test_proba_accuracy_strategy_132_epoch6": 0.8252021006864486, "ENV_Test_proba_accuracy_strategy_23_epoch6": 0.7947508349230373, "ENV_Test_proba_accuracy_strategy_107_epoch6": 0.8538518902329107, "ENV_Test_proba_accuracy_strategy_43_epoch6": 0.7890951818638632, "ENV_Test_proba_accuracy_strategy_17_epoch6": 0.7603067084257115, "ENV_Test_proba_accuracy_strategy_93_epoch6": 0.786726936776101, "ENV_Test_proba_accuracy_per_mean_strategy_epoch6": 0.8016556088180119, "ENV_Test_proba_accuracy_per_mean_user_epoch6": 0.7980926346472889, "ENV_Test_proba_accuracy_per_mean_user_and_bot_epoch6": 0.8227405994835619, "ENV_Test_accuracy_epoch6": 0.832256, "ENV_Test_accuracy_strategy_132_epoch6": 0.854957507082153, "ENV_Test_accuracy_strategy_23_epoch6": 0.8372919696235256, "ENV_Test_accuracy_strategy_107_epoch6": 0.8949096880131363, "ENV_Test_accuracy_strategy_43_epoch6": 0.8352417302798982, "ENV_Test_accuracy_strategy_17_epoch6": 0.8060344827586207, "ENV_Test_accuracy_strategy_93_epoch6": 0.833641404805915, "ENV_Test_accuracy_per_mean_strategy_epoch6": 0.8436794637605415, "ENV_Test_accuracy_per_mean_user_epoch6": 0.8382443582599127, "ENV_Test_accuracy_per_mean_user_and_bot_epoch6": 0.8640433749053031, "ENV_Train_TotalLoss_epoch7": 743.3149759520547, "ENV_Train_Right action_epoch7": 0.8569890970086664, "ENV_Train_Probability to choose the right action_epoch7": 0.795724819254748, "ENV_Train_Weighted right action_epoch7": 0.8569890970086664, "ENV_Train_Weighted probability to choose the right action:_epoch7": 0.795724819254748, "ENV_Test_TotalLoss_epoch7": 185.2163501360722, "ENV_Test_Right action_epoch7": 0.837824, "ENV_Test_Probability to choose the right action_epoch7": 0.7927795201885106, "ENV_Test_Weighted right action_epoch7": 0.8672987868151397, "ENV_Test_Weighted probability to choose the right action:_epoch7": 0.8211325828178034, "ENV_Test_proba_accuracy_epoch7": 0.7927795201885104, "ENV_Test_proba_accuracy_strategy_132_epoch7": 0.8236344886425989, "ENV_Test_proba_accuracy_strategy_23_epoch7": 0.7986181746745118, "ENV_Test_proba_accuracy_strategy_107_epoch7": 0.8427843556334267, "ENV_Test_proba_accuracy_strategy_43_epoch7": 0.790771048401783, "ENV_Test_proba_accuracy_strategy_17_epoch7": 0.7672225479254539, "ENV_Test_proba_accuracy_strategy_93_epoch7": 0.7879413082319531, "ENV_Test_proba_accuracy_per_mean_strategy_epoch7": 0.801828653918288, "ENV_Test_proba_accuracy_per_mean_user_epoch7": 0.8001021483872551, "ENV_Test_proba_accuracy_per_mean_user_and_bot_epoch7": 0.8211325828178039, "ENV_Test_accuracy_epoch7": 0.837824, "ENV_Test_accuracy_strategy_132_epoch7": 0.8662889518413598, "ENV_Test_accuracy_strategy_23_epoch7": 0.844401357246728, "ENV_Test_accuracy_strategy_107_epoch7": 0.8866995073891626, "ENV_Test_accuracy_strategy_43_epoch7": 0.8365139949109415, "ENV_Test_accuracy_strategy_17_epoch7": 0.8130671506352087, "ENV_Test_accuracy_strategy_93_epoch7": 0.8290203327171903, "ENV_Test_accuracy_per_mean_strategy_epoch7": 0.8459985491234319, "ENV_Test_accuracy_per_mean_user_epoch7": 0.8434056897788657, "ENV_Test_accuracy_per_mean_user_and_bot_epoch7": 0.867298786815141, "ENV_Train_TotalLoss_epoch8": 721.388456662031, "ENV_Train_Right action_epoch8": 0.8611569093195472, "ENV_Train_Probability to choose the right action_epoch8": 0.8018694997214508, "ENV_Train_Weighted right action_epoch8": 0.8611569093195472, "ENV_Train_Weighted probability to choose the right action:_epoch8": 0.8018694997214508, "ENV_Test_TotalLoss_epoch8": 186.57777785595985, "ENV_Test_Right action_epoch8": 0.837888, "ENV_Test_Probability to choose the right action_epoch8": 0.7934579693565422, "ENV_Test_Weighted right action_epoch8": 0.8674896950005839, "ENV_Test_Weighted probability to choose the right action:_epoch8": 0.8243069217115641, "ENV_Test_proba_accuracy_epoch8": 0.7934579693565413, "ENV_Test_proba_accuracy_strategy_132_epoch8": 0.8258790387764288, "ENV_Test_proba_accuracy_strategy_23_epoch8": 0.7981152404154537, "ENV_Test_proba_accuracy_strategy_107_epoch8": 0.8525144771241671, "ENV_Test_proba_accuracy_strategy_43_epoch8": 0.793611224684136, "ENV_Test_proba_accuracy_strategy_17_epoch8": 0.7672148410282477, "ENV_Test_proba_accuracy_strategy_93_epoch8": 0.7873824988906877, "ENV_Test_proba_accuracy_per_mean_strategy_epoch8": 0.8041195534865202, "ENV_Test_proba_accuracy_per_mean_user_epoch8": 0.8005442185070434, "ENV_Test_proba_accuracy_per_mean_user_and_bot_epoch8": 0.8243069217115636, "ENV_Test_accuracy_epoch8": 0.837888, "ENV_Test_accuracy_strategy_132_epoch8": 0.860056657223796, "ENV_Test_accuracy_strategy_23_epoch8": 0.8426240103409275, "ENV_Test_accuracy_strategy_107_epoch8": 0.896551724137931, "ENV_Test_accuracy_strategy_43_epoch8": 0.8422391857506362, "ENV_Test_accuracy_strategy_17_epoch8": 0.8153357531760436, "ENV_Test_accuracy_strategy_93_epoch8": 0.8271719038817006, "ENV_Test_accuracy_per_mean_strategy_epoch8": 0.8473298724185057, "ENV_Test_accuracy_per_mean_user_epoch8": 0.8420886312330861, "ENV_Test_accuracy_per_mean_user_and_bot_epoch8": 0.8674896950005843, "ENV_Train_TotalLoss_epoch9": 700.15865982114, "ENV_Train_Right action_epoch9": 0.8656835336874475, "ENV_Train_Probability to choose the right action_epoch9": 0.8082067933594855, "ENV_Train_Weighted right action_epoch9": 0.8656835336874475, "ENV_Train_Weighted probability to choose the right action:_epoch9": 0.8082067933594855, "ENV_Test_TotalLoss_epoch9": 192.09190321808393, "ENV_Test_Right action_epoch9": 0.836352, "ENV_Test_Probability to choose the right action_epoch9": 0.7980929662155266, "ENV_Test_Weighted right action_epoch9": 0.8638420719134268, "ENV_Test_Weighted probability to choose the right action:_epoch9": 0.8283505854002224, "ENV_Test_proba_accuracy_epoch9": 0.7980929662155269, "ENV_Test_proba_accuracy_strategy_132_epoch9": 0.8279762491317357, "ENV_Test_proba_accuracy_strategy_23_epoch9": 0.8022093988567427, "ENV_Test_proba_accuracy_strategy_107_epoch9": 0.855816601701016, "ENV_Test_proba_accuracy_strategy_43_epoch9": 0.7967767323515748, "ENV_Test_proba_accuracy_strategy_17_epoch9": 0.7742124217787594, "ENV_Test_proba_accuracy_strategy_93_epoch9": 0.7925109602424678, "ENV_Test_proba_accuracy_per_mean_strategy_epoch9": 0.8082503940103828, "ENV_Test_proba_accuracy_per_mean_user_epoch9": 0.8061761746602496, "ENV_Test_proba_accuracy_per_mean_user_and_bot_epoch9": 0.8283505854002231, "ENV_Test_accuracy_epoch9": 0.836352, "ENV_Test_accuracy_strategy_132_epoch9": 0.8560906515580736, "ENV_Test_accuracy_strategy_23_epoch9": 0.845532396186783, "ENV_Test_accuracy_strategy_107_epoch9": 0.8883415435139573, "ENV_Test_accuracy_strategy_43_epoch9": 0.8346055979643766, "ENV_Test_accuracy_strategy_17_epoch9": 0.8112522686025408, "ENV_Test_accuracy_strategy_93_epoch9": 0.8271719038817006, "ENV_Test_accuracy_per_mean_strategy_epoch9": 0.8438323936179053, "ENV_Test_accuracy_per_mean_user_epoch9": 0.8414125124338414, "ENV_Test_accuracy_per_mean_user_and_bot_epoch9": 0.8638420719134283, "ENV_Train_TotalLoss_epoch10": 681.4591263895098, "ENV_Train_Right action_epoch10": 0.8699329046687168, "ENV_Train_Probability to choose the right action_epoch10": 0.814068831993132, "ENV_Train_Weighted right action_epoch10": 0.8699329046687168, "ENV_Train_Weighted probability to choose the right action:_epoch10": 0.814068831993132, "ENV_Test_TotalLoss_epoch10": 187.33037935836666, "ENV_Test_Right action_epoch10": 0.838656, "ENV_Test_Probability to choose the right action_epoch10": 0.7989595568151258, "ENV_Test_Weighted right action_epoch10": 0.869150052151292, "ENV_Test_Weighted probability to choose the right action:_epoch10": 0.8322868409919492, "ENV_Test_proba_accuracy_epoch10": 0.7989595568151258, "ENV_Test_proba_accuracy_strategy_132_epoch10": 0.8340791319343442, "ENV_Test_proba_accuracy_strategy_23_epoch10": 0.8025676093882369, "ENV_Test_proba_accuracy_strategy_107_epoch10": 0.858843712131365, "ENV_Test_proba_accuracy_strategy_43_epoch10": 0.8002009754226297, "ENV_Test_proba_accuracy_strategy_17_epoch10": 0.7710537243279237, "ENV_Test_proba_accuracy_strategy_93_epoch10": 0.7992106302944176, "ENV_Test_proba_accuracy_per_mean_strategy_epoch10": 0.8109926305831529, "ENV_Test_proba_accuracy_per_mean_user_epoch10": 0.8080592617844442, "ENV_Test_proba_accuracy_per_mean_user_and_bot_epoch10": 0.8322868409919506, "ENV_Test_accuracy_epoch10": 0.838656, "ENV_Test_accuracy_strategy_132_epoch10": 0.863456090651558, "ENV_Test_accuracy_strategy_23_epoch10": 0.8437550492809824, "ENV_Test_accuracy_strategy_107_epoch10": 0.90311986863711, "ENV_Test_accuracy_strategy_43_epoch10": 0.8358778625954199, "ENV_Test_accuracy_strategy_17_epoch10": 0.8132940108892922, "ENV_Test_accuracy_strategy_93_epoch10": 0.8401109057301294, "ENV_Test_accuracy_per_mean_strategy_epoch10": 0.8499356312974152, "ENV_Test_accuracy_per_mean_user_epoch10": 0.8452459405577275, "ENV_Test_accuracy_per_mean_user_and_bot_epoch10": 0.8691500521512923, "ENV_Train_TotalLoss_epoch11": 666.957652576076, "ENV_Train_Right action_epoch11": 0.8743657483121566, "ENV_Train_Probability to choose the right action_epoch11": 0.8183667172852354, "ENV_Train_Weighted right action_epoch11": 0.8743657483121566, "ENV_Train_Weighted probability to choose the right action:_epoch11": 0.8183667172852354, "ENV_Test_TotalLoss_epoch11": 189.14977544545732, "ENV_Test_Right action_epoch11": 0.837632, "ENV_Test_Probability to choose the right action_epoch11": 0.8000131225096734, "ENV_Test_Weighted right action_epoch11": 0.8696977808490067, "ENV_Test_Weighted probability to choose the right action:_epoch11": 0.8297296746361469, "ENV_Test_proba_accuracy_epoch11": 0.8000131225096749, "ENV_Test_proba_accuracy_strategy_132_epoch11": 0.829349310622313, "ENV_Test_proba_accuracy_strategy_23_epoch11": 0.8055063737739785, "ENV_Test_proba_accuracy_strategy_107_epoch11": 0.8581246309394439, "ENV_Test_proba_accuracy_strategy_43_epoch11": 0.7953198839011612, "ENV_Test_proba_accuracy_strategy_17_epoch11": 0.7747758296042379, "ENV_Test_proba_accuracy_strategy_93_epoch11": 0.7976635342402134, "ENV_Test_proba_accuracy_per_mean_strategy_epoch11": 0.8101232605135579, "ENV_Test_proba_accuracy_per_mean_user_epoch11": 0.8079084478103351, "ENV_Test_proba_accuracy_per_mean_user_and_bot_epoch11": 0.8297296746361459, "ENV_Test_accuracy_epoch11": 0.837632, "ENV_Test_accuracy_strategy_132_epoch11": 0.8583569405099151, "ENV_Test_accuracy_strategy_23_epoch11": 0.8437550492809824, "ENV_Test_accuracy_strategy_107_epoch11": 0.90311986863711, "ENV_Test_accuracy_strategy_43_epoch11": 0.8326972010178118, "ENV_Test_accuracy_strategy_17_epoch11": 0.8144283121597096, "ENV_Test_accuracy_strategy_93_epoch11": 0.833641404805915, "ENV_Test_accuracy_per_mean_strategy_epoch11": 0.8476664627352406, "ENV_Test_accuracy_per_mean_user_epoch11": 0.8451690131280449, "ENV_Test_accuracy_per_mean_user_and_bot_epoch11": 0.8696977808490067, "ENV_Train_TotalLoss_epoch12": 653.0428256801393, "ENV_Train_Right action_epoch12": 0.8751571887662428, "ENV_Train_Probability to choose the right action_epoch12": 0.822441841889228, "ENV_Train_Weighted right action_epoch12": 0.8751571887662428, "ENV_Train_Weighted probability to choose the right action:_epoch12": 0.822441841889228, "ENV_Test_TotalLoss_epoch12": 186.21491004899653, "ENV_Test_Right action_epoch12": 0.83904, "ENV_Test_Probability to choose the right action_epoch12": 0.8014957903026481, "ENV_Test_Weighted right action_epoch12": 0.8698794845690602, "ENV_Test_Weighted probability to choose the right action:_epoch12": 0.8335954894492601, "ENV_Test_proba_accuracy_epoch12": 0.8014957903026468, "ENV_Test_proba_accuracy_strategy_132_epoch12": 0.8351094581648079, "ENV_Test_proba_accuracy_strategy_23_epoch12": 0.8051836507042338, "ENV_Test_proba_accuracy_strategy_107_epoch12": 0.8581076220338416, "ENV_Test_proba_accuracy_strategy_43_epoch12": 0.800300868028255, "ENV_Test_proba_accuracy_strategy_17_epoch12": 0.775436165187845, "ENV_Test_proba_accuracy_strategy_93_epoch12": 0.8016070176547336, "ENV_Test_proba_accuracy_per_mean_strategy_epoch12": 0.8126241302956195, "ENV_Test_proba_accuracy_per_mean_user_epoch12": 0.8097745296479394, "ENV_Test_proba_accuracy_per_mean_user_and_bot_epoch12": 0.8335954894492608, "ENV_Test_accuracy_epoch12": 0.83904, "ENV_Test_accuracy_strategy_132_epoch12": 0.8623229461756374, "ENV_Test_accuracy_strategy_23_epoch12": 0.8463402811439651, "ENV_Test_accuracy_strategy_107_epoch12": 0.8998357963875205, "ENV_Test_accuracy_strategy_43_epoch12": 0.8333333333333334, "ENV_Test_accuracy_strategy_17_epoch12": 0.8135208711433757, "ENV_Test_accuracy_strategy_93_epoch12": 0.8373382624768947, "ENV_Test_accuracy_per_mean_strategy_epoch12": 0.8487819151101211, "ENV_Test_accuracy_per_mean_user_epoch12": 0.8448822773626214, "ENV_Test_accuracy_per_mean_user_and_bot_epoch12": 0.8698794845690592, "ENV_Train_TotalLoss_epoch13": 635.1918968562578, "ENV_Train_Right action_epoch13": 0.8791190363062131, "ENV_Train_Probability to choose the right action_epoch13": 0.8272046103344154, "ENV_Train_Weighted right action_epoch13": 0.8791190363062131, "ENV_Train_Weighted probability to choose the right action:_epoch13": 0.8272046103344154, "ENV_Test_TotalLoss_epoch13": 193.62280508230432, "ENV_Test_Right action_epoch13": 0.837056, "ENV_Test_Probability to choose the right action_epoch13": 0.8044387857718417, "ENV_Test_Weighted right action_epoch13": 0.8685493252567974, "ENV_Test_Weighted probability to choose the right action:_epoch13": 0.8354766298259392, "ENV_Test_proba_accuracy_epoch13": 0.8044387857718409, "ENV_Test_proba_accuracy_strategy_132_epoch13": 0.8337406743084989, "ENV_Test_proba_accuracy_strategy_23_epoch13": 0.8078024214180454, "ENV_Test_proba_accuracy_strategy_107_epoch13": 0.8637806356324624, "ENV_Test_proba_accuracy_strategy_43_epoch13": 0.8015254955333013, "ENV_Test_proba_accuracy_strategy_17_epoch13": 0.7809660136790108, "ENV_Test_proba_accuracy_strategy_93_epoch13": 0.8038594057288664, "ENV_Test_proba_accuracy_per_mean_strategy_epoch13": 0.8152791077166975, "ENV_Test_proba_accuracy_per_mean_user_epoch13": 0.8125266652104463, "ENV_Test_proba_accuracy_per_mean_user_and_bot_epoch13": 0.8354766298259391, "ENV_Test_accuracy_epoch13": 0.837056, "ENV_Test_accuracy_strategy_132_epoch13": 0.8594900849858357, "ENV_Test_accuracy_strategy_23_epoch13": 0.840523509452254, "ENV_Test_accuracy_strategy_107_epoch13": 0.8998357963875205, "ENV_Test_accuracy_strategy_43_epoch13": 0.8358778625954199, "ENV_Test_accuracy_strategy_17_epoch13": 0.8153357531760436, "ENV_Test_accuracy_strategy_93_epoch13": 0.8354898336414048, "ENV_Test_accuracy_per_mean_strategy_epoch13": 0.847758806706413, "ENV_Test_accuracy_per_mean_user_epoch13": 0.8438367581460555, "ENV_Test_accuracy_per_mean_user_and_bot_epoch13": 0.8685493252567973, "ENV_Train_TotalLoss_epoch14": 625.6648552856506, "ENV_Train_Right action_epoch14": 0.8816039581819198, "ENV_Train_Probability to choose the right action_epoch14": 0.8298140487670825, "ENV_Train_Weighted right action_epoch14": 0.8816039581819198, "ENV_Train_Weighted probability to choose the right action:_epoch14": 0.8298140487670825, "ENV_Test_TotalLoss_epoch14": 191.92502882388808, "ENV_Test_Right action_epoch14": 0.84064, "ENV_Test_Probability to choose the right action_epoch14": 0.8047682434401008, "ENV_Test_Weighted right action_epoch14": 0.8715600017230141, "ENV_Test_Weighted probability to choose the right action:_epoch14": 0.8348906358864663, "ENV_Test_proba_accuracy_epoch14": 0.8047682434401011, "ENV_Test_proba_accuracy_strategy_132_epoch14": 0.8341455019606393, "ENV_Test_proba_accuracy_strategy_23_epoch14": 0.8094679231902728, "ENV_Test_proba_accuracy_strategy_107_epoch14": 0.8644512781221911, "ENV_Test_proba_accuracy_strategy_43_epoch14": 0.8027756825428205, "ENV_Test_proba_accuracy_strategy_17_epoch14": 0.7799396668406978, "ENV_Test_proba_accuracy_strategy_93_epoch14": 0.8004175262467009, "ENV_Test_proba_accuracy_per_mean_strategy_epoch14": 0.8151995964838871, "ENV_Test_proba_accuracy_per_mean_user_epoch14": 0.812553911206647, "ENV_Test_proba_accuracy_per_mean_user_and_bot_epoch14": 0.8348906358864656, "ENV_Test_accuracy_epoch14": 0.84064, "ENV_Test_accuracy_strategy_132_epoch14": 0.8651558073654391, "ENV_Test_accuracy_strategy_23_epoch14": 0.8452092422039101, "ENV_Test_accuracy_strategy_107_epoch14": 0.9047619047619048, "ENV_Test_accuracy_strategy_43_epoch14": 0.8428753180661578, "ENV_Test_accuracy_strategy_17_epoch14": 0.816470054446461, "ENV_Test_accuracy_strategy_93_epoch14": 0.833641404805915, "ENV_Test_accuracy_per_mean_strategy_epoch14": 0.851352288608298, "ENV_Test_accuracy_per_mean_user_epoch14": 0.8472860340122338, "ENV_Test_accuracy_per_mean_user_and_bot_epoch14": 0.871560001723014, "ENV_Train_TotalLoss_epoch15": 608.0959212313776, "ENV_Train_Right action_epoch15": 0.8839939620953765, "ENV_Train_Probability to choose the right action_epoch15": 0.8343939512099405, "ENV_Train_Weighted right action_epoch15": 0.8839939620953765, "ENV_Train_Weighted probability to choose the right action:_epoch15": 0.8343939512099405, "ENV_Test_TotalLoss_epoch15": 195.9672496935921, "ENV_Test_Right action_epoch15": 0.842496, "ENV_Test_Probability to choose the right action_epoch15": 0.8108817494952952, "ENV_Test_Weighted right action_epoch15": 0.8730424895634953, "ENV_Test_Weighted probability to choose the right action:_epoch15": 0.8419443120936168, "ENV_Test_proba_accuracy_epoch15": 0.8108817494952951, "ENV_Test_proba_accuracy_strategy_132_epoch15": 0.8378065543709078, "ENV_Test_proba_accuracy_strategy_23_epoch15": 0.8150664023804367, "ENV_Test_proba_accuracy_strategy_107_epoch15": 0.8699117488317623, "ENV_Test_proba_accuracy_strategy_43_epoch15": 0.8097921395330383, "ENV_Test_proba_accuracy_strategy_17_epoch15": 0.7856849041871318, "ENV_Test_proba_accuracy_strategy_93_epoch15": 0.8140335000235273, "ENV_Test_proba_accuracy_per_mean_strategy_epoch15": 0.822049208221134, "ENV_Test_proba_accuracy_per_mean_user_epoch15": 0.8188993965380393, "ENV_Test_proba_accuracy_per_mean_user_and_bot_epoch15": 0.8419443120936166, "ENV_Test_accuracy_epoch15": 0.842496, "ENV_Test_accuracy_strategy_132_epoch15": 0.8623229461756374, "ENV_Test_accuracy_strategy_23_epoch15": 0.8473097430925837, "ENV_Test_accuracy_strategy_107_epoch15": 0.90311986863711, "ENV_Test_accuracy_strategy_43_epoch15": 0.8409669211195929, "ENV_Test_accuracy_strategy_17_epoch15": 0.8210072595281307, "ENV_Test_accuracy_strategy_93_epoch15": 0.8382624768946395, "ENV_Test_accuracy_per_mean_strategy_epoch15": 0.8521648692412823, "ENV_Test_accuracy_per_mean_user_epoch15": 0.8495832962464734, "ENV_Test_accuracy_per_mean_user_and_bot_epoch15": 0.8730424895634951, "ENV_Train_TotalLoss_epoch16": 597.1016230127802, "ENV_Train_Right action_epoch16": 0.8882490250618509, "ENV_Train_Probability to choose the right action_epoch16": 0.8387229247166155, "ENV_Train_Weighted right action_epoch16": 0.8882490250618509, "ENV_Train_Weighted probability to choose the right action:_epoch16": 0.8387229247166155, "ENV_Test_TotalLoss_epoch16": 195.95134357659555, "ENV_Test_Right action_epoch16": 0.837504, "ENV_Test_Probability to choose the right action_epoch16": 0.8043329237865445, "ENV_Test_Weighted right action_epoch16": 0.8712653260731268, "ENV_Test_Weighted probability to choose the right action:_epoch16": 0.8373318366351431, "ENV_Test_proba_accuracy_epoch16": 0.8043329237865438, "ENV_Test_proba_accuracy_strategy_132_epoch16": 0.8354572018566877, "ENV_Test_proba_accuracy_strategy_23_epoch16": 0.8076131054622867, "ENV_Test_proba_accuracy_strategy_107_epoch16": 0.8668245085907893, "ENV_Test_proba_accuracy_strategy_43_epoch16": 0.805797645286066, "ENV_Test_proba_accuracy_strategy_17_epoch16": 0.7776610692082587, "ENV_Test_proba_accuracy_strategy_93_epoch16": 0.8061575286415061, "ENV_Test_proba_accuracy_per_mean_strategy_epoch16": 0.8165851765075991, "ENV_Test_proba_accuracy_per_mean_user_epoch16": 0.8133540121246536, "ENV_Test_proba_accuracy_per_mean_user_and_bot_epoch16": 0.837331836635144, "ENV_Test_accuracy_epoch16": 0.837504, "ENV_Test_accuracy_strategy_132_epoch16": 0.8572237960339943, "ENV_Test_accuracy_strategy_23_epoch16": 0.8416545483923089, "ENV_Test_accuracy_strategy_107_epoch16": 0.9064039408866995, "ENV_Test_accuracy_strategy_43_epoch16": 0.8365139949109415, "ENV_Test_accuracy_strategy_17_epoch16": 0.8144283121597096, "ENV_Test_accuracy_strategy_93_epoch16": 0.8382624768946395, "ENV_Test_accuracy_per_mean_strategy_epoch16": 0.8490811782130488, "ENV_Test_accuracy_per_mean_user_epoch16": 0.8454585593717281, "ENV_Test_accuracy_per_mean_user_and_bot_epoch16": 0.8712653260731272, "ENV_Train_TotalLoss_epoch17": 583.046490486087, "ENV_Train_Right action_epoch17": 0.8908148003187073, "ENV_Train_Probability to choose the right action_epoch17": 0.8420190133865332, "ENV_Train_Weighted right action_epoch17": 0.8908148003187073, "ENV_Train_Weighted probability to choose the right action:_epoch17": 0.8420190133865332, "ENV_Test_TotalLoss_epoch17": 204.55705432453183, "ENV_Test_Right action_epoch17": 0.836992, "ENV_Test_Probability to choose the right action_epoch17": 0.8035306292434835, "ENV_Test_Weighted right action_epoch17": 0.8665214194869866, "ENV_Test_Weighted probability to choose the right action:_epoch17": 0.8323957558993701, "ENV_Test_proba_accuracy_epoch17": 0.8035306292434822, "ENV_Test_proba_accuracy_strategy_132_epoch17": 0.8318930584853834, "ENV_Test_proba_accuracy_strategy_23_epoch17": 0.808292307936599, "ENV_Test_proba_accuracy_strategy_107_epoch17": 0.8591291867475904, "ENV_Test_proba_accuracy_strategy_43_epoch17": 0.8014432786784713, "ENV_Test_proba_accuracy_strategy_17_epoch17": 0.7776981228005558, "ENV_Test_proba_accuracy_strategy_93_epoch17": 0.8070073066232956, "ENV_Test_proba_accuracy_per_mean_strategy_epoch17": 0.8142438768786494, "ENV_Test_proba_accuracy_per_mean_user_epoch17": 0.8116038660555956, "ENV_Test_proba_accuracy_per_mean_user_and_bot_epoch17": 0.832395755899371, "ENV_Test_accuracy_epoch17": 0.836992, "ENV_Test_accuracy_strategy_132_epoch17": 0.8589235127478754, "ENV_Test_accuracy_strategy_23_epoch17": 0.843593472289546, "ENV_Test_accuracy_strategy_107_epoch17": 0.8949096880131363, "ENV_Test_accuracy_strategy_43_epoch17": 0.8326972010178118, "ENV_Test_accuracy_strategy_17_epoch17": 0.8112522686025408, "ENV_Test_accuracy_strategy_93_epoch17": 0.8419593345656192, "ENV_Test_accuracy_per_mean_strategy_epoch17": 0.8472225795394216, "ENV_Test_accuracy_per_mean_user_epoch17": 0.8429085640034113, "ENV_Test_accuracy_per_mean_user_and_bot_epoch17": 0.8665214194869872, "ENV_Train_TotalLoss_epoch18": 569.6792714224385, "ENV_Train_Right action_epoch18": 0.8939489243930054, "ENV_Train_Probability to choose the right action_epoch18": 0.8464596714996897, "ENV_Train_Weighted right action_epoch18": 0.8939489243930054, "ENV_Train_Weighted probability to choose the right action:_epoch18": 0.8464596714996897, "ENV_Test_TotalLoss_epoch18": 205.84089453185865, "ENV_Test_Right action_epoch18": 0.835264, "ENV_Test_Probability to choose the right action_epoch18": 0.8054407298582286, "ENV_Test_Weighted right action_epoch18": 0.8681267588095619, "ENV_Test_Weighted probability to choose the right action:_epoch18": 0.8356780933064116, "ENV_Test_proba_accuracy_epoch18": 0.8054407298582289, "ENV_Test_proba_accuracy_strategy_132_epoch18": 0.8365589192168584, "ENV_Test_proba_accuracy_strategy_23_epoch18": 0.8090645631533085, "ENV_Test_proba_accuracy_strategy_107_epoch18": 0.868380253347989, "ENV_Test_proba_accuracy_strategy_43_epoch18": 0.8006636647418555, "ENV_Test_proba_accuracy_strategy_17_epoch18": 0.7799113762063092, "ENV_Test_proba_accuracy_strategy_93_epoch18": 0.8094714682816191, "ENV_Test_proba_accuracy_per_mean_strategy_epoch18": 0.8173417074913233, "ENV_Test_proba_accuracy_per_mean_user_epoch18": 0.8129602095332059, "ENV_Test_proba_accuracy_per_mean_user_and_bot_epoch18": 0.8356780933064119, "ENV_Test_accuracy_epoch18": 0.835264, "ENV_Test_accuracy_strategy_132_epoch18": 0.8606232294617564, "ENV_Test_accuracy_strategy_23_epoch18": 0.8380998545807077, "ENV_Test_accuracy_strategy_107_epoch18": 0.9080459770114943, "ENV_Test_accuracy_strategy_43_epoch18": 0.8314249363867684, "ENV_Test_accuracy_strategy_17_epoch18": 0.8098911070780399, "ENV_Test_accuracy_strategy_93_epoch18": 0.8456561922365989, "ENV_Test_accuracy_per_mean_strategy_epoch18": 0.848956882792561, "ENV_Test_accuracy_per_mean_user_epoch18": 0.8426409507862492, "ENV_Test_accuracy_per_mean_user_and_bot_epoch18": 0.8681267588095607, "ENV_Train_TotalLoss_epoch19": 558.6331328929928, "ENV_Train_Right action_epoch19": 0.8959358228980322, "ENV_Train_Probability to choose the right action_epoch19": 0.8490539663355554, "ENV_Train_Weighted right action_epoch19": 0.8959358228980322, "ENV_Train_Weighted probability to choose the right action:_epoch19": 0.8490539663355554, "ENV_Test_TotalLoss_epoch19": 211.39173416641438, "ENV_Test_Right action_epoch19": 0.835904, "ENV_Test_Probability to choose the right action_epoch19": 0.8052614617011747, "ENV_Test_Weighted right action_epoch19": 0.866449584688688, "ENV_Test_Weighted probability to choose the right action:_epoch19": 0.8353438067614488, "ENV_Test_proba_accuracy_epoch19": 0.8052614617011756, "ENV_Test_proba_accuracy_strategy_132_epoch19": 0.8322737582795033, "ENV_Test_proba_accuracy_strategy_23_epoch19": 0.8076956887246494, "ENV_Test_proba_accuracy_strategy_107_epoch19": 0.8635199958706073, "ENV_Test_proba_accuracy_strategy_43_epoch19": 0.8048104900674693, "ENV_Test_proba_accuracy_strategy_17_epoch19": 0.7821143375311933, "ENV_Test_proba_accuracy_strategy_93_epoch19": 0.8094387897337613, "ENV_Test_proba_accuracy_per_mean_strategy_epoch19": 0.8166421767011972, "ENV_Test_proba_accuracy_per_mean_user_epoch19": 0.8149466880215146, "ENV_Test_proba_accuracy_per_mean_user_and_bot_epoch19": 0.8353438067614477, "ENV_Test_accuracy_epoch19": 0.835904, "ENV_Test_accuracy_strategy_132_epoch19": 0.856657223796034, "ENV_Test_accuracy_strategy_23_epoch19": 0.8385845855550169, "ENV_Test_accuracy_strategy_107_epoch19": 0.9014778325123153, "ENV_Test_accuracy_strategy_43_epoch19": 0.8377862595419847, "ENV_Test_accuracy_strategy_17_epoch19": 0.8139745916515426, "ENV_Test_accuracy_strategy_93_epoch19": 0.8364140480591498, "ENV_Test_accuracy_per_mean_strategy_epoch19": 0.8474824235193407, "ENV_Test_accuracy_per_mean_user_epoch19": 0.8444571815189125, "ENV_Test_accuracy_per_mean_user_and_bot_epoch19": 0.8664495846886877, "ENV_Train_TotalLoss_epoch20": 548.1309289478423, "ENV_Train_Right action_epoch20": 0.8975552480395856, "ENV_Train_Probability to choose the right action_epoch20": 0.8520565037564978, "ENV_Train_Weighted right action_epoch20": 0.8975552480395856, "ENV_Train_Weighted probability to choose the right action:_epoch20": 0.8520565037564978, "ENV_Test_TotalLoss_epoch20": 210.95853308701982, "ENV_Test_Right action_epoch20": 0.832896, "ENV_Test_Probability to choose the right action_epoch20": 0.8044736623025512, "ENV_Test_Weighted right action_epoch20": 0.8646178911005679, "ENV_Test_Weighted probability to choose the right action:_epoch20": 0.8365419572558869, "ENV_Test_proba_accuracy_epoch20": 0.8044736623025518, "ENV_Test_proba_accuracy_strategy_132_epoch20": 0.8343947964302675, "ENV_Test_proba_accuracy_strategy_23_epoch20": 0.8058066132413089, "ENV_Test_proba_accuracy_strategy_107_epoch20": 0.8696569408057605, "ENV_Test_proba_accuracy_strategy_43_epoch20": 0.8060446227696592, "ENV_Test_proba_accuracy_strategy_17_epoch20": 0.7798573060891388, "ENV_Test_proba_accuracy_strategy_93_epoch20": 0.8093556370073505, "ENV_Test_proba_accuracy_per_mean_strategy_epoch20": 0.8175193193905806, "ENV_Test_proba_accuracy_per_mean_user_epoch20": 0.8141681188583375, "ENV_Test_proba_accuracy_per_mean_user_and_bot_epoch20": 0.8365419572558875, "ENV_Test_accuracy_epoch20": 0.832896, "ENV_Test_accuracy_strategy_132_epoch20": 0.8577903682719547, "ENV_Test_accuracy_strategy_23_epoch20": 0.8345451607691065, "ENV_Test_accuracy_strategy_107_epoch20": 0.90311986863711, "ENV_Test_accuracy_strategy_43_epoch20": 0.8371501272264631, "ENV_Test_accuracy_strategy_17_epoch20": 0.8098911070780399, "ENV_Test_accuracy_strategy_93_epoch20": 0.8308687615526802, "ENV_Test_accuracy_per_mean_strategy_epoch20": 0.845560898922559, "ENV_Test_accuracy_per_mean_user_epoch20": 0.8424376782227452, "ENV_Test_accuracy_per_mean_user_and_bot_epoch20": 0.8646178911005687, "ENV_Train_TotalLoss_epoch21": 534.2569312384404, "ENV_Train_Right action_epoch21": 0.9009391771019678, "ENV_Train_Probability to choose the right action_epoch21": 0.8559568707823694, "ENV_Train_Weighted right action_epoch21": 0.9009391771019678, "ENV_Train_Weighted probability to choose the right action:_epoch21": 0.8559568707823694, "ENV_Test_TotalLoss_epoch21": 213.48778266274545, "ENV_Test_Right action_epoch21": 0.834624, "ENV_Test_Probability to choose the right action_epoch21": 0.8088157013602346, "ENV_Test_Weighted right action_epoch21": 0.8659844125171888, "ENV_Test_Weighted probability to choose the right action:_epoch21": 0.8397658356852564, "ENV_Test_proba_accuracy_epoch21": 0.808815701360235, "ENV_Test_proba_accuracy_strategy_132_epoch21": 0.8418088063994228, "ENV_Test_proba_accuracy_strategy_23_epoch21": 0.8107904780579555, "ENV_Test_proba_accuracy_strategy_107_epoch21": 0.8737163436389467, "ENV_Test_proba_accuracy_strategy_43_epoch21": 0.8050858436439469, "ENV_Test_proba_accuracy_strategy_17_epoch21": 0.7853525685488213, "ENV_Test_proba_accuracy_strategy_93_epoch21": 0.8081776341131214, "ENV_Test_proba_accuracy_per_mean_strategy_epoch21": 0.8208219457337025, "ENV_Test_proba_accuracy_per_mean_user_epoch21": 0.8177499747035788, "ENV_Test_proba_accuracy_per_mean_user_and_bot_epoch21": 0.8397658356852565, "ENV_Test_accuracy_epoch21": 0.834624, "ENV_Test_accuracy_strategy_132_epoch21": 0.8628895184135977, "ENV_Test_accuracy_strategy_23_epoch21": 0.8351914687348522, "ENV_Test_accuracy_strategy_107_epoch21": 0.90311986863711, "ENV_Test_accuracy_strategy_43_epoch21": 0.8314249363867684, "ENV_Test_accuracy_strategy_17_epoch21": 0.8142014519056261, "ENV_Test_accuracy_strategy_93_epoch21": 0.8345656192236599, "ENV_Test_accuracy_per_mean_strategy_epoch21": 0.846898810550269, "ENV_Test_accuracy_per_mean_user_epoch21": 0.8418870130835691, "ENV_Test_accuracy_per_mean_user_and_bot_epoch21": 0.8659844125171878, "ENV_Train_TotalLoss_epoch22": 525.285956742928, "ENV_Train_Right action_epoch22": 0.9017736096940558, "ENV_Train_Probability to choose the right action_epoch22": 0.8583203943159768, "ENV_Train_Weighted right action_epoch22": 0.9017736096940558, "ENV_Train_Weighted probability to choose the right action:_epoch22": 0.8583203943159768, "ENV_Test_TotalLoss_epoch22": 210.20922199477442, "ENV_Test_Right action_epoch22": 0.837376, "ENV_Test_Probability to choose the right action_epoch22": 0.8063570702676784, "ENV_Test_Weighted right action_epoch22": 0.8686054030945786, "ENV_Test_Weighted probability to choose the right action:_epoch22": 0.837637786315592, "ENV_Test_proba_accuracy_epoch22": 0.8063570702676783, "ENV_Test_proba_accuracy_strategy_132_epoch22": 0.8385525401898573, "ENV_Test_proba_accuracy_strategy_23_epoch22": 0.8097471411579071, "ENV_Test_proba_accuracy_strategy_107_epoch22": 0.8653605022650892, "ENV_Test_proba_accuracy_strategy_43_epoch22": 0.8062410073982174, "ENV_Test_proba_accuracy_strategy_17_epoch22": 0.7807877040594012, "ENV_Test_proba_accuracy_strategy_93_epoch22": 0.8055742364767198, "ENV_Test_proba_accuracy_per_mean_strategy_epoch22": 0.817710521924532, "ENV_Test_proba_accuracy_per_mean_user_epoch22": 0.8143661927202387, "ENV_Test_proba_accuracy_per_mean_user_and_bot_epoch22": 0.8376377863155927, "ENV_Test_accuracy_epoch22": 0.837376, "ENV_Test_accuracy_strategy_132_epoch22": 0.8668555240793201, "ENV_Test_accuracy_strategy_23_epoch22": 0.841331394409436, "ENV_Test_accuracy_strategy_107_epoch22": 0.8998357963875205, "ENV_Test_accuracy_strategy_43_epoch22": 0.839058524173028, "ENV_Test_accuracy_strategy_17_epoch22": 0.8119328493647913, "ENV_Test_accuracy_strategy_93_epoch22": 0.83271719038817, "ENV_Test_accuracy_per_mean_strategy_epoch22": 0.8486218798003776, "ENV_Test_accuracy_per_mean_user_epoch22": 0.8445510298128562, "ENV_Test_accuracy_per_mean_user_and_bot_epoch22": 0.8686054030945783, "ENV_Train_TotalLoss_epoch23": 518.4451235041042, "ENV_Train_Right action_epoch23": 0.9035066877244965, "ENV_Train_Probability to choose the right action_epoch23": 0.8606786554533071, "ENV_Train_Weighted right action_epoch23": 0.9035066877244965, "ENV_Train_Weighted probability to choose the right action:_epoch23": 0.8606786554533071, "ENV_Test_TotalLoss_epoch23": 217.77145388347134, "ENV_Test_Right action_epoch23": 0.830464, "ENV_Test_Probability to choose the right action_epoch23": 0.8035307292332152, "ENV_Test_Weighted right action_epoch23": 0.8634759018385878, "ENV_Test_Weighted probability to choose the right action:_epoch23": 0.8381118999365574, "ENV_Test_proba_accuracy_epoch23": 0.8035307292332143, "ENV_Test_proba_accuracy_strategy_132_epoch23": 0.8363445157465819, "ENV_Test_proba_accuracy_strategy_23_epoch23": 0.8030913875754986, "ENV_Test_proba_accuracy_strategy_107_epoch23": 0.8622639001506353, "ENV_Test_proba_accuracy_strategy_43_epoch23": 0.80940004124031, "ENV_Test_proba_accuracy_strategy_17_epoch23": 0.7816170152905494, "ENV_Test_proba_accuracy_strategy_93_epoch23": 0.8002066477349804, "ENV_Test_proba_accuracy_per_mean_strategy_epoch23": 0.8154872512897593, "ENV_Test_proba_accuracy_per_mean_user_epoch23": 0.8133473800923153, "ENV_Test_proba_accuracy_per_mean_user_and_bot_epoch23": 0.8381118999365578, "ENV_Test_accuracy_epoch23": 0.830464, "ENV_Test_accuracy_strategy_132_epoch23": 0.853257790368272, "ENV_Test_accuracy_strategy_23_epoch23": 0.8313136209403781, "ENV_Test_accuracy_strategy_107_epoch23": 0.8883415435139573, "ENV_Test_accuracy_strategy_43_epoch23": 0.8377862595419847, "ENV_Test_accuracy_strategy_17_epoch23": 0.8112522686025408, "ENV_Test_accuracy_strategy_93_epoch23": 0.8234750462107209, "ENV_Test_accuracy_per_mean_strategy_epoch23": 0.8409044215296423, "ENV_Test_accuracy_per_mean_user_epoch23": 0.8391707140129251, "ENV_Test_accuracy_per_mean_user_and_bot_epoch23": 0.8634759018385867, "ENV_Train_TotalLoss_epoch24": 507.6884259827698, "ENV_Train_Right action_epoch24": 0.9064439474419905, "ENV_Train_Probability to choose the right action_epoch24": 0.8641060437390815, "ENV_Train_Weighted right action_epoch24": 0.9064439474419905, "ENV_Train_Weighted probability to choose the right action:_epoch24": 0.8641060437390815, "ENV_Test_TotalLoss_epoch24": 216.43367548255762, "ENV_Test_Right action_epoch24": 0.83072, "ENV_Test_Probability to choose the right action_epoch24": 0.8019529961840599, "ENV_Test_Weighted right action_epoch24": 0.8661585938634673, "ENV_Test_Weighted probability to choose the right action:_epoch24": 0.8356000561539764, "ENV_Test_proba_accuracy_epoch24": 0.8019529961840599, "ENV_Test_proba_accuracy_strategy_132_epoch24": 0.8349360275841008, "ENV_Test_proba_accuracy_strategy_23_epoch24": 0.8021961712251776, "ENV_Test_proba_accuracy_strategy_107_epoch24": 0.8657736791342284, "ENV_Test_proba_accuracy_strategy_43_epoch24": 0.8006453316349044, "ENV_Test_proba_accuracy_strategy_17_epoch24": 0.778876874461594, "ENV_Test_proba_accuracy_strategy_93_epoch24": 0.8067481316338736, "ENV_Test_proba_accuracy_per_mean_strategy_epoch24": 0.8148627026123131, "ENV_Test_proba_accuracy_per_mean_user_epoch24": 0.8113561981071916, "ENV_Test_proba_accuracy_per_mean_user_and_bot_epoch24": 0.8356000561539764, "ENV_Test_accuracy_epoch24": 0.83072, "ENV_Test_accuracy_strategy_132_epoch24": 0.8606232294617564, "ENV_Test_accuracy_strategy_23_epoch24": 0.8298594280174503, "ENV_Test_accuracy_strategy_107_epoch24": 0.9014778325123153, "ENV_Test_accuracy_strategy_43_epoch24": 0.8288804071246819, "ENV_Test_accuracy_strategy_17_epoch24": 0.8096642468239564, "ENV_Test_accuracy_strategy_93_epoch24": 0.8354898336414048, "ENV_Test_accuracy_per_mean_strategy_epoch24": 0.8443324962635942, "ENV_Test_accuracy_per_mean_user_epoch24": 0.839240989712706, "ENV_Test_accuracy_per_mean_user_and_bot_epoch24": 0.8661585938634669, "_wandb": {"runtime": 1979}}