{"ENV_Train_TotalLoss": 376.1950561077955, "ENV_Train_TotalLoss_epoch0": 1021.4125290886114, "ENV_Train_Right action": 0.9300940745607291, "ENV_Train_Right action_epoch0": 0.7900040531663615, "ENV_Train_Probability to choose the right action": 0.8987058280991659, "ENV_Train_Probability to choose the right action_epoch0": 0.7073693507417359, "ENV_Train_Weighted right action": 0.9300940745607291, "ENV_Train_Weighted right action_epoch0": 0.7900040531663615, "ENV_Train_Weighted probability to choose the right action:": 0.8987058280991659, "ENV_Train_Weighted probability to choose the right action:_epoch0": 0.7073693507417359, "_timestamp": 1720459016.4721203, "_runtime": 2646.8295352458954, "_step": 49, "ENV_Test_TotalLoss": 465.5073905919046, "ENV_Test_TotalLoss_epoch0": 217.51586699034996, "ENV_Test_Right action": 0.798464, "ENV_Test_Right action_epoch0": 0.803264, "ENV_Test_Probability to choose the right action": 0.7847031847687294, "ENV_Test_Probability to choose the right action_epoch0": 0.7318420340652243, "ENV_Test_Weighted right action": 0.8215358055920662, "ENV_Test_Weighted right action_epoch0": 0.8395479656415828, "ENV_Test_Weighted probability to choose the right action:": 0.8093628171708197, "ENV_Test_Weighted probability to choose the right action:_epoch0": 0.7608145684072093, "ENV_Test_proba_accuracy": 0.7847031847687304, "ENV_Test_proba_accuracy_epoch0": 0.7318420340652247, "ENV_Test_proba_accuracy_strategy_132": 0.8188755342729028, "ENV_Test_proba_accuracy_strategy_132_epoch0": 0.7716683636775968, "ENV_Test_proba_accuracy_strategy_23": 0.7915620396662568, "ENV_Test_proba_accuracy_strategy_23_epoch0": 0.7345486923673394, "ENV_Test_proba_accuracy_strategy_107": 0.836629495155659, "ENV_Test_proba_accuracy_strategy_107_epoch0": 0.7739493487175231, "ENV_Test_proba_accuracy_strategy_43": 0.7768214817858303, "ENV_Test_proba_accuracy_strategy_43_epoch0": 0.7253249673291, "ENV_Test_proba_accuracy_strategy_17": 0.7582340387958499, "ENV_Test_proba_accuracy_strategy_17_epoch0": 0.7087424746908008, "ENV_Test_proba_accuracy_strategy_93": 0.7797856798484719, "ENV_Test_proba_accuracy_strategy_93_epoch0": 0.7312684222452372, "ENV_Test_proba_accuracy_per_mean_strategy": 0.7936513782541618, "ENV_Test_proba_accuracy_per_mean_strategy_epoch0": 0.7409170448379329, "ENV_Test_proba_accuracy_per_mean_user": 0.7954175141581368, "ENV_Test_proba_accuracy_per_mean_user_epoch0": 0.7427113969992561, "ENV_Test_proba_accuracy_per_mean_user_and_bot": 0.8093628171708195, "ENV_Test_proba_accuracy_per_mean_user_and_bot_epoch0": 0.7608145684072094, "ENV_Test_accuracy": 0.798464, "ENV_Test_accuracy_epoch0": 0.803264, "ENV_Test_accuracy_strategy_132": 0.8328611898016998, "ENV_Test_accuracy_strategy_132_epoch0": 0.8504249291784702, "ENV_Test_accuracy_strategy_23": 0.805461302310551, "ENV_Test_accuracy_strategy_23_epoch0": 0.8036839554047503, "ENV_Test_accuracy_strategy_107": 0.8489326765188834, "ENV_Test_accuracy_strategy_107_epoch0": 0.8669950738916257, "ENV_Test_accuracy_strategy_43": 0.7919847328244275, "ENV_Test_accuracy_strategy_43_epoch0": 0.799618320610687, "ENV_Test_accuracy_strategy_17": 0.7704174228675136, "ENV_Test_accuracy_strategy_17_epoch0": 0.7731397459165155, "ENV_Test_accuracy_strategy_93": 0.7975970425138632, "ENV_Test_accuracy_strategy_93_epoch0": 0.8160813308687616, "ENV_Test_accuracy_per_mean_strategy": 0.8078757278061565, "ENV_Test_accuracy_per_mean_strategy_epoch0": 0.818323892645135, "ENV_Test_accuracy_per_mean_user": 0.8089059344989433, "ENV_Test_accuracy_per_mean_user_epoch0": 0.8164652732436152, "ENV_Test_accuracy_per_mean_user_and_bot": 0.8215358055920663, "ENV_Test_accuracy_per_mean_user_and_bot_epoch0": 0.8395479656415833, "ENV_Train_TotalLoss_epoch1": 904.0358072158722, "ENV_Train_Right action_epoch1": 0.8144975334348841, "ENV_Train_Probability to choose the right action_epoch1": 0.74332292952404, "ENV_Train_Weighted right action_epoch1": 0.8144975334348841, "ENV_Train_Weighted probability to choose the right action:_epoch1": 0.74332292952404, "ENV_Test_TotalLoss_epoch1": 203.19495135135438, "ENV_Test_Right action_epoch1": 0.812416, "ENV_Test_Probability to choose the right action_epoch1": 0.7509977592701096, "ENV_Test_Weighted right action_epoch1": 0.8415032066353533, "ENV_Test_Weighted probability to choose the right action:_epoch1": 0.7757562683471868, "ENV_Test_proba_accuracy_epoch1": 0.7509977592701095, "ENV_Test_proba_accuracy_strategy_132_epoch1": 0.79058474605646, "ENV_Test_proba_accuracy_strategy_23_epoch1": 0.7563219284265171, "ENV_Test_proba_accuracy_strategy_107_epoch1": 0.8011183964649423, "ENV_Test_proba_accuracy_strategy_43_epoch1": 0.74128753840097, "ENV_Test_proba_accuracy_strategy_17_epoch1": 0.7238543350691384, "ENV_Test_proba_accuracy_strategy_93_epoch1": 0.7524459094046724, "ENV_Test_proba_accuracy_per_mean_strategy_epoch1": 0.7609354756371167, "ENV_Test_proba_accuracy_per_mean_user_epoch1": 0.7605225899472002, "ENV_Test_proba_accuracy_per_mean_user_and_bot_epoch1": 0.7757562683471885, "ENV_Test_accuracy_epoch1": 0.812416, "ENV_Test_accuracy_strategy_132_epoch1": 0.8526912181303116, "ENV_Test_accuracy_strategy_23_epoch1": 0.8180643076425917, "ENV_Test_accuracy_strategy_107_epoch1": 0.8637110016420362, "ENV_Test_accuracy_strategy_43_epoch1": 0.8059796437659033, "ENV_Test_accuracy_strategy_17_epoch1": 0.779491833030853, "ENV_Test_accuracy_strategy_93_epoch1": 0.8290203327171903, "ENV_Test_accuracy_per_mean_strategy_epoch1": 0.8248263894881477, "ENV_Test_accuracy_per_mean_user_epoch1": 0.8241994861417883, "ENV_Test_accuracy_per_mean_user_and_bot_epoch1": 0.8415032066353537, "ENV_Train_TotalLoss_epoch2": 861.9605743091753, "ENV_Train_Right action_epoch2": 0.8219417421446942, "ENV_Train_Probability to choose the right action_epoch2": 0.7553245942745165, "ENV_Train_Weighted right action_epoch2": 0.8219417421446942, "ENV_Train_Weighted probability to choose the right action:_epoch2": 0.7553245942745165, "ENV_Test_TotalLoss_epoch2": 206.1790354318269, "ENV_Test_Right action_epoch2": 0.80736, "ENV_Test_Probability to choose the right action_epoch2": 0.7602915968930922, "ENV_Test_Weighted right action_epoch2": 0.8427664882419218, "ENV_Test_Weighted probability to choose the right action:_epoch2": 0.7917344256518251, "ENV_Test_proba_accuracy_epoch2": 0.7602915968930923, "ENV_Test_proba_accuracy_strategy_132_epoch2": 0.8099516390188881, "ENV_Test_proba_accuracy_strategy_23_epoch2": 0.7626389573616037, "ENV_Test_proba_accuracy_strategy_107_epoch2": 0.8164278685536873, "ENV_Test_proba_accuracy_strategy_43_epoch2": 0.7525873366670413, "ENV_Test_proba_accuracy_strategy_17_epoch2": 0.7317029437001048, "ENV_Test_proba_accuracy_strategy_93_epoch2": 0.7619229301806106, "ENV_Test_proba_accuracy_per_mean_strategy_epoch2": 0.7725386125803225, "ENV_Test_proba_accuracy_per_mean_user_epoch2": 0.7723035626448175, "ENV_Test_proba_accuracy_per_mean_user_and_bot_epoch2": 0.791734425651825, "ENV_Test_accuracy_epoch2": 0.80736, "ENV_Test_accuracy_strategy_132_epoch2": 0.8572237960339943, "ENV_Test_accuracy_strategy_23_epoch2": 0.8135401518823719, "ENV_Test_accuracy_strategy_107_epoch2": 0.8784893267651889, "ENV_Test_accuracy_strategy_43_epoch2": 0.7938931297709924, "ENV_Test_accuracy_strategy_17_epoch2": 0.7717785843920145, "ENV_Test_accuracy_strategy_93_epoch2": 0.8151571164510166, "ENV_Test_accuracy_per_mean_strategy_epoch2": 0.8216803508825965, "ENV_Test_accuracy_per_mean_user_epoch2": 0.8202184431554677, "ENV_Test_accuracy_per_mean_user_and_bot_epoch2": 0.842766488241923, "ENV_Train_TotalLoss_epoch3": 824.5920767320671, "ENV_Train_Right action_epoch3": 0.8305423539278726, "ENV_Train_Probability to choose the right action_epoch3": 0.7654301343491947, "ENV_Train_Weighted right action_epoch3": 0.8305423539278726, "ENV_Train_Weighted probability to choose the right action:_epoch3": 0.7654301343491947, "ENV_Test_TotalLoss_epoch3": 212.12567971854233, "ENV_Test_Right action_epoch3": 0.809664, "ENV_Test_Probability to choose the right action_epoch3": 0.7686735657671272, "ENV_Test_Weighted right action_epoch3": 0.8442098876951916, "ENV_Test_Weighted probability to choose the right action:_epoch3": 0.8011060127825383, "ENV_Test_proba_accuracy_epoch3": 0.768673565767128, "ENV_Test_proba_accuracy_strategy_132_epoch3": 0.810577731611679, "ENV_Test_proba_accuracy_strategy_23_epoch3": 0.7714995078585749, "ENV_Test_proba_accuracy_strategy_107_epoch3": 0.8301009986922583, "ENV_Test_proba_accuracy_strategy_43_epoch3": 0.7639817951483598, "ENV_Test_proba_accuracy_strategy_17_epoch3": 0.7390662867905562, "ENV_Test_proba_accuracy_strategy_93_epoch3": 0.7770140779394293, "ENV_Test_proba_accuracy_per_mean_strategy_epoch3": 0.782040066340143, "ENV_Test_proba_accuracy_per_mean_user_epoch3": 0.7811781537216772, "ENV_Test_proba_accuracy_per_mean_user_and_bot_epoch3": 0.8011060127825382, "ENV_Test_accuracy_epoch3": 0.809664, "ENV_Test_accuracy_strategy_132_epoch3": 0.8470254957507082, "ENV_Test_accuracy_strategy_23_epoch3": 0.8141864598481177, "ENV_Test_accuracy_strategy_107_epoch3": 0.8669950738916257, "ENV_Test_accuracy_strategy_43_epoch3": 0.8059796437659033, "ENV_Test_accuracy_strategy_17_epoch3": 0.7790381125226861, "ENV_Test_accuracy_strategy_93_epoch3": 0.8207024029574861, "ENV_Test_accuracy_per_mean_strategy_epoch3": 0.8223211981227544, "ENV_Test_accuracy_per_mean_user_epoch3": 0.8232583568914882, "ENV_Test_accuracy_per_mean_user_and_bot_epoch3": 0.844209887695192, "ENV_Train_TotalLoss_epoch4": 793.665200725826, "ENV_Train_Right action_epoch4": 0.8372076769314639, "ENV_Train_Probability to choose the right action_epoch4": 0.7749186224575125, "ENV_Train_Weighted right action_epoch4": 0.8372076769314639, "ENV_Train_Weighted probability to choose the right action:_epoch4": 0.7749186224575125, "ENV_Test_TotalLoss_epoch4": 206.8311551197124, "ENV_Test_Right action_epoch4": 0.815872, "ENV_Test_Probability to choose the right action_epoch4": 0.762557129244468, "ENV_Test_Weighted right action_epoch4": 0.8489667410386635, "ENV_Test_Weighted probability to choose the right action:_epoch4": 0.7922768086247873, "ENV_Test_proba_accuracy_epoch4": 0.7625571292444686, "ENV_Test_proba_accuracy_strategy_132_epoch4": 0.8033867253853436, "ENV_Test_proba_accuracy_strategy_23_epoch4": 0.767181404740449, "ENV_Test_proba_accuracy_strategy_107_epoch4": 0.81980533140021, "ENV_Test_proba_accuracy_strategy_43_epoch4": 0.7539146429673039, "ENV_Test_proba_accuracy_strategy_17_epoch4": 0.7347567664427486, "ENV_Test_proba_accuracy_strategy_93_epoch4": 0.7630949798096917, "ENV_Test_proba_accuracy_per_mean_strategy_epoch4": 0.7736899751242912, "ENV_Test_proba_accuracy_per_mean_user_epoch4": 0.7747326459468551, "ENV_Test_proba_accuracy_per_mean_user_and_bot_epoch4": 0.7922768086247877, "ENV_Test_accuracy_epoch4": 0.815872, "ENV_Test_accuracy_strategy_132_epoch4": 0.8526912181303116, "ENV_Test_accuracy_strategy_23_epoch4": 0.8222653094199386, "ENV_Test_accuracy_strategy_107_epoch4": 0.8784893267651889, "ENV_Test_accuracy_strategy_43_epoch4": 0.8104325699745547, "ENV_Test_accuracy_strategy_17_epoch4": 0.7842558983666061, "ENV_Test_accuracy_strategy_93_epoch4": 0.8207024029574861, "ENV_Test_accuracy_per_mean_strategy_epoch4": 0.8281394542690143, "ENV_Test_accuracy_per_mean_user_epoch4": 0.8288856543267523, "ENV_Test_accuracy_per_mean_user_and_bot_epoch4": 0.8489667410386641, "ENV_Train_TotalLoss_epoch5": 767.5345570694304, "ENV_Train_Right action_epoch5": 0.8441571149007548, "ENV_Train_Probability to choose the right action_epoch5": 0.7828668075375036, "ENV_Train_Weighted right action_epoch5": 0.8441571149007548, "ENV_Train_Weighted probability to choose the right action:_epoch5": 0.7828668075375036, "ENV_Test_TotalLoss_epoch5": 222.25088814046794, "ENV_Test_Right action_epoch5": 0.813632, "ENV_Test_Probability to choose the right action_epoch5": 0.7816958709579026, "ENV_Test_Weighted right action_epoch5": 0.8433357109848836, "ENV_Test_Weighted probability to choose the right action:_epoch5": 0.8122174028601198, "ENV_Test_proba_accuracy_epoch5": 0.7816958709579024, "ENV_Test_proba_accuracy_strategy_132_epoch5": 0.8250041006650181, "ENV_Test_proba_accuracy_strategy_23_epoch5": 0.7871038538469293, "ENV_Test_proba_accuracy_strategy_107_epoch5": 0.8412660657799991, "ENV_Test_proba_accuracy_strategy_43_epoch5": 0.7743468909974793, "ENV_Test_proba_accuracy_strategy_17_epoch5": 0.7513403313821447, "ENV_Test_proba_accuracy_strategy_93_epoch5": 0.7809311156601402, "ENV_Test_proba_accuracy_per_mean_strategy_epoch5": 0.7933320597219518, "ENV_Test_proba_accuracy_per_mean_user_epoch5": 0.7933832434367962, "ENV_Test_proba_accuracy_per_mean_user_and_bot_epoch5": 0.8122174028601192, "ENV_Test_accuracy_epoch5": 0.813632, "ENV_Test_accuracy_strategy_132_epoch5": 0.853257790368272, "ENV_Test_accuracy_strategy_23_epoch5": 0.8261431572144127, "ENV_Test_accuracy_strategy_107_epoch5": 0.8735632183908046, "ENV_Test_accuracy_strategy_43_epoch5": 0.8091603053435115, "ENV_Test_accuracy_strategy_17_epoch5": 0.7760889292196007, "ENV_Test_accuracy_strategy_93_epoch5": 0.8031423290203327, "ENV_Test_accuracy_per_mean_strategy_epoch5": 0.8235592882594891, "ENV_Test_accuracy_per_mean_user_epoch5": 0.824653356040136, "ENV_Test_accuracy_per_mean_user_and_bot_epoch5": 0.8433357109848836, "ENV_Train_TotalLoss_epoch6": 735.6166479178634, "ENV_Train_Right action_epoch6": 0.8504799564057064, "ENV_Train_Probability to choose the right action_epoch6": 0.7922204708366141, "ENV_Train_Weighted right action_epoch6": 0.8504799564057064, "ENV_Train_Weighted probability to choose the right action:_epoch6": 0.7922204708366141, "ENV_Test_TotalLoss_epoch6": 218.54968339304492, "ENV_Test_Right action_epoch6": 0.810496, "ENV_Test_Probability to choose the right action_epoch6": 0.773119130755697, "ENV_Test_Weighted right action_epoch6": 0.8406587983956382, "ENV_Test_Weighted probability to choose the right action:_epoch6": 0.8011330508836018, "ENV_Test_proba_accuracy_epoch6": 0.773119130755697, "ENV_Test_proba_accuracy_strategy_132_epoch6": 0.8121371982555442, "ENV_Test_proba_accuracy_strategy_23_epoch6": 0.7780963809118261, "ENV_Test_proba_accuracy_strategy_107_epoch6": 0.8235984138062109, "ENV_Test_proba_accuracy_strategy_43_epoch6": 0.7688419595460262, "ENV_Test_proba_accuracy_strategy_17_epoch6": 0.744412829018511, "ENV_Test_proba_accuracy_strategy_93_epoch6": 0.7757514019829082, "ENV_Test_proba_accuracy_per_mean_strategy_epoch6": 0.783806363920171, "ENV_Test_proba_accuracy_per_mean_user_epoch6": 0.7842843038679758, "ENV_Test_proba_accuracy_per_mean_user_and_bot_epoch6": 0.8011330508836018, "ENV_Test_accuracy_epoch6": 0.810496, "ENV_Test_accuracy_strategy_132_epoch6": 0.8492917847025496, "ENV_Test_accuracy_strategy_23_epoch6": 0.8191953465826466, "ENV_Test_accuracy_strategy_107_epoch6": 0.8669950738916257, "ENV_Test_accuracy_strategy_43_epoch6": 0.8072519083969466, "ENV_Test_accuracy_strategy_17_epoch6": 0.7742740471869328, "ENV_Test_accuracy_strategy_93_epoch6": 0.8179297597042514, "ENV_Test_accuracy_per_mean_strategy_epoch6": 0.8224896534108254, "ENV_Test_accuracy_per_mean_user_epoch6": 0.820977945356686, "ENV_Test_accuracy_per_mean_user_and_bot_epoch6": 0.840658798395639, "ENV_Train_TotalLoss_epoch7": 709.2772250484498, "ENV_Train_Right action_epoch7": 0.8569890970086664, "ENV_Train_Probability to choose the right action_epoch7": 0.8003868676094531, "ENV_Train_Weighted right action_epoch7": 0.8569890970086664, "ENV_Train_Weighted probability to choose the right action:_epoch7": 0.8003868676094531, "ENV_Test_TotalLoss_epoch7": 225.9520159826644, "ENV_Test_Right action_epoch7": 0.810944, "ENV_Test_Probability to choose the right action_epoch7": 0.7691944186676494, "ENV_Test_Weighted right action_epoch7": 0.8389783338935619, "ENV_Test_Weighted probability to choose the right action:_epoch7": 0.7962450706896664, "ENV_Test_proba_accuracy_epoch7": 0.7691944186676491, "ENV_Test_proba_accuracy_strategy_132_epoch7": 0.8093927629931991, "ENV_Test_proba_accuracy_strategy_23_epoch7": 0.7743066316580351, "ENV_Test_proba_accuracy_strategy_107_epoch7": 0.817403576283028, "ENV_Test_proba_accuracy_strategy_43_epoch7": 0.7630750560493619, "ENV_Test_proba_accuracy_strategy_17_epoch7": 0.7400076338826108, "ENV_Test_proba_accuracy_strategy_93_epoch7": 0.7750410401542803, "ENV_Test_proba_accuracy_per_mean_strategy_epoch7": 0.7798711168367526, "ENV_Test_proba_accuracy_per_mean_user_epoch7": 0.7799376145580328, "ENV_Test_proba_accuracy_per_mean_user_and_bot_epoch7": 0.7962450706896672, "ENV_Test_accuracy_epoch7": 0.810944, "ENV_Test_accuracy_strategy_132_epoch7": 0.8447592067988668, "ENV_Test_accuracy_strategy_23_epoch7": 0.8170948456939732, "ENV_Test_accuracy_strategy_107_epoch7": 0.8571428571428571, "ENV_Test_accuracy_strategy_43_epoch7": 0.8091603053435115, "ENV_Test_accuracy_strategy_17_epoch7": 0.778584392014519, "ENV_Test_accuracy_strategy_93_epoch7": 0.8290203327171903, "ENV_Test_accuracy_per_mean_strategy_epoch7": 0.8226269899518196, "ENV_Test_accuracy_per_mean_user_epoch7": 0.8209008948767009, "ENV_Test_accuracy_per_mean_user_and_bot_epoch7": 0.8389783338935631, "ENV_Train_TotalLoss_epoch8": 681.9108163964116, "ENV_Train_Right action_epoch8": 0.863742469353238, "ENV_Train_Probability to choose the right action_epoch8": 0.8081116198979428, "ENV_Train_Weighted right action_epoch8": 0.863742469353238, "ENV_Train_Weighted probability to choose the right action:_epoch8": 0.8081116198979428, "ENV_Test_TotalLoss_epoch8": 247.06425306621657, "ENV_Test_Right action_epoch8": 0.809664, "ENV_Test_Probability to choose the right action_epoch8": 0.7773686886379396, "ENV_Test_Weighted right action_epoch8": 0.8368809372257896, "ENV_Test_Weighted probability to choose the right action:_epoch8": 0.8047877203317301, "ENV_Test_proba_accuracy_epoch8": 0.777368688637939, "ENV_Test_proba_accuracy_strategy_132_epoch8": 0.8158722285318226, "ENV_Test_proba_accuracy_strategy_23_epoch8": 0.7859533126737135, "ENV_Test_proba_accuracy_strategy_107_epoch8": 0.8328987040035336, "ENV_Test_proba_accuracy_strategy_43_epoch8": 0.7672736548328737, "ENV_Test_proba_accuracy_strategy_17_epoch8": 0.7448840937946372, "ENV_Test_proba_accuracy_strategy_93_epoch8": 0.7812085424115757, "ENV_Test_proba_accuracy_per_mean_strategy_epoch8": 0.7880150893746928, "ENV_Test_proba_accuracy_per_mean_user_epoch8": 0.7879873757968121, "ENV_Test_proba_accuracy_per_mean_user_and_bot_epoch8": 0.8047877203317302, "ENV_Test_accuracy_epoch8": 0.809664, "ENV_Test_accuracy_strategy_132_epoch8": 0.8430594900849858, "ENV_Test_accuracy_strategy_23_epoch8": 0.8230731943771207, "ENV_Test_accuracy_strategy_107_epoch8": 0.8735632183908046, "ENV_Test_accuracy_strategy_43_epoch8": 0.7989821882951654, "ENV_Test_accuracy_strategy_17_epoch8": 0.7704174228675136, "ENV_Test_accuracy_strategy_93_epoch8": 0.8179297597042514, "ENV_Test_accuracy_per_mean_strategy_epoch8": 0.821170878953307, "ENV_Test_accuracy_per_mean_user_epoch8": 0.8209752771841655, "ENV_Test_accuracy_per_mean_user_and_bot_epoch8": 0.8368809372257902, "ENV_Train_TotalLoss_epoch9": 650.9720227388316, "ENV_Train_Right action_epoch9": 0.8690128443444353, "ENV_Train_Probability to choose the right action_epoch9": 0.8165754410273914, "ENV_Train_Weighted right action_epoch9": 0.8690128443444353, "ENV_Train_Weighted probability to choose the right action:_epoch9": 0.8165754410273914, "ENV_Test_TotalLoss_epoch9": 230.23028637104454, "ENV_Test_Right action_epoch9": 0.809216, "ENV_Test_Probability to choose the right action_epoch9": 0.7685230863843553, "ENV_Test_Weighted right action_epoch9": 0.8333145421210426, "ENV_Test_Weighted probability to choose the right action:_epoch9": 0.7963551167271328, "ENV_Test_proba_accuracy_epoch9": 0.7685230863843557, "ENV_Test_proba_accuracy_strategy_132_epoch9": 0.8102253431402333, "ENV_Test_proba_accuracy_strategy_23_epoch9": 0.7742848506171198, "ENV_Test_proba_accuracy_strategy_107_epoch9": 0.8303021217756162, "ENV_Test_proba_accuracy_strategy_43_epoch9": 0.7665528401999262, "ENV_Test_proba_accuracy_strategy_17_epoch9": 0.7358555240644006, "ENV_Test_proba_accuracy_strategy_93_epoch9": 0.7687156623033106, "ENV_Test_proba_accuracy_per_mean_strategy_epoch9": 0.7809893903501011, "ENV_Test_proba_accuracy_per_mean_user_epoch9": 0.7783868598160216, "ENV_Test_proba_accuracy_per_mean_user_and_bot_epoch9": 0.7963551167271321, "ENV_Test_accuracy_epoch9": 0.809216, "ENV_Test_accuracy_strategy_132_epoch9": 0.8470254957507082, "ENV_Test_accuracy_strategy_23_epoch9": 0.8190337695912102, "ENV_Test_accuracy_strategy_107_epoch9": 0.8768472906403941, "ENV_Test_accuracy_strategy_43_epoch9": 0.8097964376590331, "ENV_Test_accuracy_strategy_17_epoch9": 0.7704174228675136, "ENV_Test_accuracy_strategy_93_epoch9": 0.8105360443622921, "ENV_Test_accuracy_per_mean_strategy_epoch9": 0.8222760768118587, "ENV_Test_accuracy_per_mean_user_epoch9": 0.8166796253223396, "ENV_Test_accuracy_per_mean_user_and_bot_epoch9": 0.8333145421210428, "ENV_Train_TotalLoss_epoch10": 633.8310453260825, "ENV_Train_Right action_epoch10": 0.873050041934582, "ENV_Train_Probability to choose the right action_epoch10": 0.8227438301697166, "ENV_Train_Weighted right action_epoch10": 0.873050041934582, "ENV_Train_Weighted probability to choose the right action:_epoch10": 0.8227438301697166, "ENV_Test_TotalLoss_epoch10": 264.8343078574768, "ENV_Test_Right action_epoch10": 0.80896, "ENV_Test_Probability to choose the right action_epoch10": 0.7805821948973004, "ENV_Test_Weighted right action_epoch10": 0.8363452040938146, "ENV_Test_Weighted probability to choose the right action:_epoch10": 0.8069877574149864, "ENV_Test_proba_accuracy_epoch10": 0.7805821948973005, "ENV_Test_proba_accuracy_strategy_132_epoch10": 0.8206730903063668, "ENV_Test_proba_accuracy_strategy_23_epoch10": 0.788241667718361, "ENV_Test_proba_accuracy_strategy_107_epoch10": 0.8366166326211374, "ENV_Test_proba_accuracy_strategy_43_epoch10": 0.7744583509797117, "ENV_Test_proba_accuracy_strategy_17_epoch10": 0.7478282819635724, "ENV_Test_proba_accuracy_strategy_93_epoch10": 0.7821681935941215, "ENV_Test_proba_accuracy_per_mean_strategy_epoch10": 0.7916643695305452, "ENV_Test_proba_accuracy_per_mean_user_epoch10": 0.790422531300124, "ENV_Test_proba_accuracy_per_mean_user_and_bot_epoch10": 0.8069877574149865, "ENV_Test_accuracy_epoch10": 0.80896, "ENV_Test_accuracy_strategy_132_epoch10": 0.8379603399433427, "ENV_Test_accuracy_strategy_23_epoch10": 0.8193569235740831, "ENV_Test_accuracy_strategy_107_epoch10": 0.8702791461412152, "ENV_Test_accuracy_strategy_43_epoch10": 0.8040712468193384, "ENV_Test_accuracy_strategy_17_epoch10": 0.7754083484573503, "ENV_Test_accuracy_strategy_93_epoch10": 0.8114602587800369, "ENV_Test_accuracy_per_mean_strategy_epoch10": 0.8197560439525611, "ENV_Test_accuracy_per_mean_user_epoch10": 0.8192340716451834, "ENV_Test_accuracy_per_mean_user_and_bot_epoch10": 0.8363452040938142, "ENV_Train_TotalLoss_epoch11": 602.2801694713602, "ENV_Train_Right action_epoch11": 0.8805982667039418, "ENV_Train_Probability to choose the right action_epoch11": 0.8318621949711691, "ENV_Train_Weighted right action_epoch11": 0.8805982667039418, "ENV_Train_Weighted probability to choose the right action:_epoch11": 0.8318621949711691, "ENV_Test_TotalLoss_epoch11": 278.4368930571661, "ENV_Test_Right action_epoch11": 0.807168, "ENV_Test_Probability to choose the right action_epoch11": 0.7808863862239418, "ENV_Test_Weighted right action_epoch11": 0.8327332636660025, "ENV_Test_Weighted probability to choose the right action:_epoch11": 0.8084435066334458, "ENV_Test_proba_accuracy_epoch11": 0.7808863862239414, "ENV_Test_proba_accuracy_strategy_132_epoch11": 0.8195697054681335, "ENV_Test_proba_accuracy_strategy_23_epoch11": 0.7865855516330175, "ENV_Test_proba_accuracy_strategy_107_epoch11": 0.8364936144078542, "ENV_Test_proba_accuracy_strategy_43_epoch11": 0.7752160837823667, "ENV_Test_proba_accuracy_strategy_17_epoch11": 0.7519005312232967, "ENV_Test_proba_accuracy_strategy_93_epoch11": 0.7802120508581569, "ENV_Test_proba_accuracy_per_mean_strategy_epoch11": 0.7916629228954709, "ENV_Test_proba_accuracy_per_mean_user_epoch11": 0.7919320682591908, "ENV_Test_proba_accuracy_per_mean_user_and_bot_epoch11": 0.8084435066334463, "ENV_Test_accuracy_epoch11": 0.807168, "ENV_Test_accuracy_strategy_132_epoch11": 0.8396600566572238, "ENV_Test_accuracy_strategy_23_epoch11": 0.8156406527710454, "ENV_Test_accuracy_strategy_107_epoch11": 0.8637110016420362, "ENV_Test_accuracy_strategy_43_epoch11": 0.806615776081425, "ENV_Test_accuracy_strategy_17_epoch11": 0.7742740471869328, "ENV_Test_accuracy_strategy_93_epoch11": 0.8086876155268022, "ENV_Test_accuracy_per_mean_strategy_epoch11": 0.8180981916442444, "ENV_Test_accuracy_per_mean_user_epoch11": 0.8162030881359363, "ENV_Test_accuracy_per_mean_user_and_bot_epoch11": 0.8327332636660025, "ENV_Train_TotalLoss_epoch12": 582.5877260878109, "ENV_Train_Right action_epoch12": 0.8844922775875323, "ENV_Train_Probability to choose the right action_epoch12": 0.8377101771910828, "ENV_Train_Weighted right action_epoch12": 0.8844922775875323, "ENV_Train_Weighted probability to choose the right action:_epoch12": 0.8377101771910828, "ENV_Test_TotalLoss_epoch12": 277.1635024210824, "ENV_Test_Right action_epoch12": 0.809856, "ENV_Test_Probability to choose the right action_epoch12": 0.7816717685988611, "ENV_Test_Weighted right action_epoch12": 0.8371090601064145, "ENV_Test_Weighted probability to choose the right action:_epoch12": 0.8093623731613762, "ENV_Test_proba_accuracy_epoch12": 0.7816717685988619, "ENV_Test_proba_accuracy_strategy_132_epoch12": 0.8206979142051483, "ENV_Test_proba_accuracy_strategy_23_epoch12": 0.7867420229037287, "ENV_Test_proba_accuracy_strategy_107_epoch12": 0.8403389883011758, "ENV_Test_proba_accuracy_strategy_43_epoch12": 0.775368148885663, "ENV_Test_proba_accuracy_strategy_17_epoch12": 0.7535323689859188, "ENV_Test_proba_accuracy_strategy_93_epoch12": 0.7797849626805413, "ENV_Test_proba_accuracy_per_mean_strategy_epoch12": 0.7927440676603625, "ENV_Test_proba_accuracy_per_mean_user_epoch12": 0.7932086371477722, "ENV_Test_proba_accuracy_per_mean_user_and_bot_epoch12": 0.8093623731613762, "ENV_Test_accuracy_epoch12": 0.809856, "ENV_Test_accuracy_strategy_132_epoch12": 0.8419263456090652, "ENV_Test_accuracy_strategy_23_epoch12": 0.8179027306511553, "ENV_Test_accuracy_strategy_107_epoch12": 0.8735632183908046, "ENV_Test_accuracy_strategy_43_epoch12": 0.8059796437659033, "ENV_Test_accuracy_strategy_17_epoch12": 0.7772232304900182, "ENV_Test_accuracy_strategy_93_epoch12": 0.8142329020332717, "ENV_Test_accuracy_per_mean_strategy_epoch12": 0.8218046784900364, "ENV_Test_accuracy_per_mean_user_epoch12": 0.8212749148287459, "ENV_Test_accuracy_per_mean_user_and_bot_epoch12": 0.8371090601064145, "ENV_Train_TotalLoss_epoch13": 563.523621972421, "ENV_Train_Right action_epoch13": 0.8885643204561973, "ENV_Train_Probability to choose the right action_epoch13": 0.8435939052833861, "ENV_Train_Weighted right action_epoch13": 0.8885643204561973, "ENV_Train_Weighted probability to choose the right action:_epoch13": 0.8435939052833861, "ENV_Test_TotalLoss_epoch13": 300.2055370228714, "ENV_Test_Right action_epoch13": 0.805056, "ENV_Test_Probability to choose the right action_epoch13": 0.7831953574829333, "ENV_Test_Weighted right action_epoch13": 0.8320257680709185, "ENV_Test_Weighted probability to choose the right action:_epoch13": 0.809475250298944, "ENV_Test_proba_accuracy_epoch13": 0.7831953574829335, "ENV_Test_proba_accuracy_strategy_132_epoch13": 0.8227774187919772, "ENV_Test_proba_accuracy_strategy_23_epoch13": 0.7900266053874788, "ENV_Test_proba_accuracy_strategy_107_epoch13": 0.8415504031391142, "ENV_Test_proba_accuracy_strategy_43_epoch13": 0.7710494965640203, "ENV_Test_proba_accuracy_strategy_17_epoch13": 0.7552632176740622, "ENV_Test_proba_accuracy_strategy_93_epoch13": 0.7781482330335133, "ENV_Test_proba_accuracy_per_mean_strategy_epoch13": 0.7931358957650277, "ENV_Test_proba_accuracy_per_mean_user_epoch13": 0.7943152494215077, "ENV_Test_proba_accuracy_per_mean_user_and_bot_epoch13": 0.8094752502989438, "ENV_Test_accuracy_epoch13": 0.805056, "ENV_Test_accuracy_strategy_132_epoch13": 0.8424929178470255, "ENV_Test_accuracy_strategy_23_epoch13": 0.8133785748909356, "ENV_Test_accuracy_strategy_107_epoch13": 0.8735632183908046, "ENV_Test_accuracy_strategy_43_epoch13": 0.7888040712468194, "ENV_Test_accuracy_strategy_17_epoch13": 0.7760889292196007, "ENV_Test_accuracy_strategy_93_epoch13": 0.7994454713493531, "ENV_Test_accuracy_per_mean_strategy_epoch13": 0.8156288638240898, "ENV_Test_accuracy_per_mean_user_epoch13": 0.8168914022381186, "ENV_Test_accuracy_per_mean_user_and_bot_epoch13": 0.832025768070919, "ENV_Train_TotalLoss_epoch14": 546.4160893456321, "ENV_Train_Right action_epoch14": 0.8934781393268478, "ENV_Train_Probability to choose the right action_epoch14": 0.848790991612918, "ENV_Train_Weighted right action_epoch14": 0.8934781393268478, "ENV_Train_Weighted probability to choose the right action:_epoch14": 0.848790991612918, "ENV_Test_TotalLoss_epoch14": 276.663319301869, "ENV_Test_Right action_epoch14": 0.797504, "ENV_Test_Probability to choose the right action_epoch14": 0.7611719163251052, "ENV_Test_Weighted right action_epoch14": 0.8273051171588052, "ENV_Test_Weighted probability to choose the right action:_epoch14": 0.7895759830128355, "ENV_Test_proba_accuracy_epoch14": 0.7611719163251056, "ENV_Test_proba_accuracy_strategy_132_epoch14": 0.8049912327358285, "ENV_Test_proba_accuracy_strategy_23_epoch14": 0.7633073093582454, "ENV_Test_proba_accuracy_strategy_107_epoch14": 0.8343066727090773, "ENV_Test_proba_accuracy_strategy_43_epoch14": 0.7551732116425716, "ENV_Test_proba_accuracy_strategy_17_epoch14": 0.73441561331959, "ENV_Test_proba_accuracy_strategy_93_epoch14": 0.7540329512829514, "ENV_Test_proba_accuracy_per_mean_strategy_epoch14": 0.7743711651747107, "ENV_Test_proba_accuracy_per_mean_user_epoch14": 0.7719823611234294, "ENV_Test_proba_accuracy_per_mean_user_and_bot_epoch14": 0.7895759830128358, "ENV_Test_accuracy_epoch14": 0.797504, "ENV_Test_accuracy_strategy_132_epoch14": 0.8436260623229461, "ENV_Test_accuracy_strategy_23_epoch14": 0.800452415576022, "ENV_Test_accuracy_strategy_107_epoch14": 0.8784893267651889, "ENV_Test_accuracy_strategy_43_epoch14": 0.7849872773536896, "ENV_Test_accuracy_strategy_17_epoch14": 0.7697368421052632, "ENV_Test_accuracy_strategy_93_epoch14": 0.7911275415896488, "ENV_Test_accuracy_per_mean_strategy_epoch14": 0.8114032442854598, "ENV_Test_accuracy_per_mean_user_epoch14": 0.8088018970245797, "ENV_Test_accuracy_per_mean_user_and_bot_epoch14": 0.8273051171588052, "ENV_Train_TotalLoss_epoch15": 522.5175256034931, "ENV_Train_Right action_epoch15": 0.8985588280518318, "ENV_Train_Probability to choose the right action_epoch15": 0.8554546745892989, "ENV_Train_Weighted right action_epoch15": 0.8985588280518318, "ENV_Train_Weighted probability to choose the right action:_epoch15": 0.8554546745892989, "ENV_Test_TotalLoss_epoch15": 380.378358723052, "ENV_Test_Right action_epoch15": 0.804672, "ENV_Test_Probability to choose the right action_epoch15": 0.788929366698743, "ENV_Test_Weighted right action_epoch15": 0.8308817397389138, "ENV_Test_Weighted probability to choose the right action:_epoch15": 0.8131507933392178, "ENV_Test_proba_accuracy_epoch15": 0.7889293666987429, "ENV_Test_proba_accuracy_strategy_132_epoch15": 0.8233051704637113, "ENV_Test_proba_accuracy_strategy_23_epoch15": 0.7970036119798594, "ENV_Test_proba_accuracy_strategy_107_epoch15": 0.8488748191033944, "ENV_Test_proba_accuracy_strategy_43_epoch15": 0.7780713328630613, "ENV_Test_proba_accuracy_strategy_17_epoch15": 0.7610237849593133, "ENV_Test_proba_accuracy_strategy_93_epoch15": 0.7823906007954766, "ENV_Test_proba_accuracy_per_mean_strategy_epoch15": 0.7984448866941358, "ENV_Test_proba_accuracy_per_mean_user_epoch15": 0.7986757515400271, "ENV_Test_proba_accuracy_per_mean_user_and_bot_epoch15": 0.813150793339218, "ENV_Test_accuracy_epoch15": 0.804672, "ENV_Test_accuracy_strategy_132_epoch15": 0.8396600566572238, "ENV_Test_accuracy_strategy_23_epoch15": 0.8128938439166262, "ENV_Test_accuracy_strategy_107_epoch15": 0.8653530377668309, "ENV_Test_accuracy_strategy_43_epoch15": 0.7977099236641222, "ENV_Test_accuracy_strategy_17_epoch15": 0.772912885662432, "ENV_Test_accuracy_strategy_93_epoch15": 0.8059149722735675, "ENV_Test_accuracy_per_mean_strategy_epoch15": 0.8157407866568005, "ENV_Test_accuracy_per_mean_user_epoch15": 0.8146711215247795, "ENV_Test_accuracy_per_mean_user_and_bot_epoch15": 0.8308817397389148, "ENV_Train_TotalLoss_epoch16": 506.99528755008765, "ENV_Train_Right action_epoch16": 0.9014956667598546, "ENV_Train_Probability to choose the right action_epoch16": 0.8602556900689532, "ENV_Train_Weighted right action_epoch16": 0.9014956667598546, "ENV_Train_Weighted probability to choose the right action:_epoch16": 0.8602556900689532, "ENV_Test_TotalLoss_epoch16": 355.74599107226095, "ENV_Test_Right action_epoch16": 0.801344, "ENV_Test_Probability to choose the right action_epoch16": 0.7825146917253252, "ENV_Test_Weighted right action_epoch16": 0.8241429851084152, "ENV_Test_Weighted probability to choose the right action:_epoch16": 0.8071319817449071, "ENV_Test_proba_accuracy_epoch16": 0.7825146917253248, "ENV_Test_proba_accuracy_strategy_132_epoch16": 0.8195336484944945, "ENV_Test_proba_accuracy_strategy_23_epoch16": 0.7906779138220532, "ENV_Test_proba_accuracy_strategy_107_epoch16": 0.8494791278638381, "ENV_Test_proba_accuracy_strategy_43_epoch16": 0.7713395914577844, "ENV_Test_proba_accuracy_strategy_17_epoch16": 0.7540310341832991, "ENV_Test_proba_accuracy_strategy_93_epoch16": 0.7700204571626921, "ENV_Test_proba_accuracy_per_mean_strategy_epoch16": 0.7925136288306937, "ENV_Test_proba_accuracy_per_mean_user_epoch16": 0.7919577618959421, "ENV_Test_proba_accuracy_per_mean_user_and_bot_epoch16": 0.8071319817449079, "ENV_Test_accuracy_epoch16": 0.801344, "ENV_Test_accuracy_strategy_132_epoch16": 0.8345609065155808, "ENV_Test_accuracy_strategy_23_epoch16": 0.8119243819680078, "ENV_Test_accuracy_strategy_107_epoch16": 0.8752052545155994, "ENV_Test_accuracy_strategy_43_epoch16": 0.7919847328244275, "ENV_Test_accuracy_strategy_17_epoch16": 0.7704174228675136, "ENV_Test_accuracy_strategy_93_epoch16": 0.7846580406654344, "ENV_Test_accuracy_per_mean_strategy_epoch16": 0.8114584565594272, "ENV_Test_accuracy_per_mean_user_epoch16": 0.809511126762781, "ENV_Test_accuracy_per_mean_user_and_bot_epoch16": 0.8241429851084153, "ENV_Train_TotalLoss_epoch17": 473.209375335613, "ENV_Train_Right action_epoch17": 0.9074516710697362, "ENV_Train_Probability to choose the right action_epoch17": 0.8693175848132769, "ENV_Train_Weighted right action_epoch17": 0.9074516710697362, "ENV_Train_Weighted probability to choose the right action:_epoch17": 0.8693175848132769, "ENV_Test_TotalLoss_epoch17": 374.6063537453406, "ENV_Test_Right action_epoch17": 0.801856, "ENV_Test_Probability to choose the right action_epoch17": 0.7876885237372149, "ENV_Test_Weighted right action_epoch17": 0.8294732355850675, "ENV_Test_Weighted probability to choose the right action:_epoch17": 0.8135409995248017, "ENV_Test_proba_accuracy_epoch17": 0.7876885237372143, "ENV_Test_proba_accuracy_strategy_132_epoch17": 0.8307889295641429, "ENV_Test_proba_accuracy_strategy_23_epoch17": 0.79418504155493, "ENV_Test_proba_accuracy_strategy_107_epoch17": 0.8431636519499957, "ENV_Test_proba_accuracy_strategy_43_epoch17": 0.7819559098006587, "ENV_Test_proba_accuracy_strategy_17_epoch17": 0.7580601953199271, "ENV_Test_proba_accuracy_strategy_93_epoch17": 0.7780303191454522, "ENV_Test_proba_accuracy_per_mean_strategy_epoch17": 0.7976973412225178, "ENV_Test_proba_accuracy_per_mean_user_epoch17": 0.79804930405646, "ENV_Test_proba_accuracy_per_mean_user_and_bot_epoch17": 0.8135409995248022, "ENV_Test_accuracy_epoch17": 0.801856, "ENV_Test_accuracy_strategy_132_epoch17": 0.8453257790368272, "ENV_Test_accuracy_strategy_23_epoch17": 0.8099854580707707, "ENV_Test_accuracy_strategy_107_epoch17": 0.8637110016420362, "ENV_Test_accuracy_strategy_43_epoch17": 0.8008905852417303, "ENV_Test_accuracy_strategy_17_epoch17": 0.7679219600725953, "ENV_Test_accuracy_strategy_93_epoch17": 0.789279112754159, "ENV_Test_accuracy_per_mean_strategy_epoch17": 0.812852316136353, "ENV_Test_accuracy_per_mean_user_epoch17": 0.8121837894477087, "ENV_Test_accuracy_per_mean_user_and_bot_epoch17": 0.8294732355850678, "ENV_Train_TotalLoss_epoch18": 462.35887943689227, "ENV_Train_Right action_epoch18": 0.9104502641214121, "ENV_Train_Probability to choose the right action_epoch18": 0.8730312395338068, "ENV_Train_Weighted right action_epoch18": 0.9104502641214121, "ENV_Train_Weighted probability to choose the right action:_epoch18": 0.8730312395338068, "ENV_Test_TotalLoss_epoch18": 492.82925275833793, "ENV_Test_Right action_epoch18": 0.802304, "ENV_Test_Probability to choose the right action_epoch18": 0.7863924829823333, "ENV_Test_Weighted right action_epoch18": 0.8296858416382844, "ENV_Test_Weighted probability to choose the right action:_epoch18": 0.8143846513544314, "ENV_Test_proba_accuracy_epoch18": 0.7863924829823328, "ENV_Test_proba_accuracy_strategy_132_epoch18": 0.8313129281985491, "ENV_Test_proba_accuracy_strategy_23_epoch18": 0.7897010676066445, "ENV_Test_proba_accuracy_strategy_107_epoch18": 0.8511055578473234, "ENV_Test_proba_accuracy_strategy_43_epoch18": 0.7829938369257914, "ENV_Test_proba_accuracy_strategy_17_epoch18": 0.7579024715715238, "ENV_Test_proba_accuracy_strategy_93_epoch18": 0.7787723011528169, "ENV_Test_proba_accuracy_per_mean_strategy_epoch18": 0.7986313605504415, "ENV_Test_proba_accuracy_per_mean_user_epoch18": 0.7970900814415136, "ENV_Test_proba_accuracy_per_mean_user_and_bot_epoch18": 0.8143846513544304, "ENV_Test_accuracy_epoch18": 0.802304, "ENV_Test_accuracy_strategy_132_epoch18": 0.8419263456090652, "ENV_Test_accuracy_strategy_23_epoch18": 0.8088544191307158, "ENV_Test_accuracy_strategy_107_epoch18": 0.8686371100164204, "ENV_Test_accuracy_strategy_43_epoch18": 0.8021628498727735, "ENV_Test_accuracy_strategy_17_epoch18": 0.7708711433756806, "ENV_Test_accuracy_strategy_93_epoch18": 0.7911275415896488, "ENV_Test_accuracy_per_mean_strategy_epoch18": 0.8139299015990508, "ENV_Test_accuracy_per_mean_user_epoch18": 0.8124644235005499, "ENV_Test_accuracy_per_mean_user_and_bot_epoch18": 0.829685841638285, "ENV_Train_TotalLoss_epoch19": 445.5551703056739, "ENV_Train_Right action_epoch19": 0.9135728263908303, "ENV_Train_Probability to choose the right action_epoch19": 0.8775434453860862, "ENV_Train_Weighted right action_epoch19": 0.9135728263908303, "ENV_Train_Weighted probability to choose the right action:_epoch19": 0.8775434453860862, "ENV_Test_TotalLoss_epoch19": 370.11361389963713, "ENV_Test_Right action_epoch19": 0.798016, "ENV_Test_Probability to choose the right action_epoch19": 0.7785798568954823, "ENV_Test_Weighted right action_epoch19": 0.8285899350724525, "ENV_Test_Weighted probability to choose the right action:_epoch19": 0.807015470349707, "ENV_Test_proba_accuracy_epoch19": 0.7785798568954815, "ENV_Test_proba_accuracy_strategy_132_epoch19": 0.8232400761668323, "ENV_Test_proba_accuracy_strategy_23_epoch19": 0.7814999362175059, "ENV_Test_proba_accuracy_strategy_107_epoch19": 0.8433096888216306, "ENV_Test_proba_accuracy_strategy_43_epoch19": 0.7742766208426777, "ENV_Test_proba_accuracy_strategy_17_epoch19": 0.749420850284087, "ENV_Test_proba_accuracy_strategy_93_epoch19": 0.7776366615508089, "ENV_Test_proba_accuracy_per_mean_strategy_epoch19": 0.7915639723139236, "ENV_Test_proba_accuracy_per_mean_user_epoch19": 0.7905529914017315, "ENV_Test_proba_accuracy_per_mean_user_and_bot_epoch19": 0.807015470349706, "ENV_Test_accuracy_epoch19": 0.798016, "ENV_Test_accuracy_strategy_132_epoch19": 0.8424929178470255, "ENV_Test_accuracy_strategy_23_epoch19": 0.7985134916787849, "ENV_Test_accuracy_strategy_107_epoch19": 0.8604269293924466, "ENV_Test_accuracy_strategy_43_epoch19": 0.8034351145038168, "ENV_Test_accuracy_strategy_17_epoch19": 0.7681488203266787, "ENV_Test_accuracy_strategy_93_epoch19": 0.8012939001848429, "ENV_Test_accuracy_per_mean_strategy_epoch19": 0.8123851956555992, "ENV_Test_accuracy_per_mean_user_epoch19": 0.8102938330309518, "ENV_Test_accuracy_per_mean_user_and_bot_epoch19": 0.8285899350724533, "ENV_Train_TotalLoss_epoch20": 446.5678062875595, "ENV_Train_Right action_epoch20": 0.913810455689125, "ENV_Train_Probability to choose the right action_epoch20": 0.87830764289452, "ENV_Train_Weighted right action_epoch20": 0.913810455689125, "ENV_Train_Weighted probability to choose the right action:_epoch20": 0.87830764289452, "ENV_Test_TotalLoss_epoch20": 398.8647366474491, "ENV_Test_Right action_epoch20": 0.799616, "ENV_Test_Probability to choose the right action_epoch20": 0.7831117335857948, "ENV_Test_Weighted right action_epoch20": 0.8270692084420066, "ENV_Test_Weighted probability to choose the right action:_epoch20": 0.8092267808590946, "ENV_Test_proba_accuracy_epoch20": 0.7831117335857957, "ENV_Test_proba_accuracy_strategy_132_epoch20": 0.8249280170700246, "ENV_Test_proba_accuracy_strategy_23_epoch20": 0.7874767635189942, "ENV_Test_proba_accuracy_strategy_107_epoch20": 0.8411260402434373, "ENV_Test_proba_accuracy_strategy_43_epoch20": 0.7756247582073484, "ENV_Test_proba_accuracy_strategy_17_epoch20": 0.7555343257285939, "ENV_Test_proba_accuracy_strategy_93_epoch20": 0.7805046317084661, "ENV_Test_proba_accuracy_per_mean_strategy_epoch20": 0.7941990894128107, "ENV_Test_proba_accuracy_per_mean_user_epoch20": 0.7944855110463879, "ENV_Test_proba_accuracy_per_mean_user_and_bot_epoch20": 0.809226780859095, "ENV_Test_accuracy_epoch20": 0.799616, "ENV_Test_accuracy_strategy_132_epoch20": 0.8402266288951842, "ENV_Test_accuracy_strategy_23_epoch20": 0.8036839554047503, "ENV_Test_accuracy_strategy_107_epoch20": 0.8555008210180624, "ENV_Test_accuracy_strategy_43_epoch20": 0.7970737913486005, "ENV_Test_accuracy_strategy_17_epoch20": 0.770644283121597, "ENV_Test_accuracy_strategy_93_epoch20": 0.800369685767098, "ENV_Test_accuracy_per_mean_strategy_epoch20": 0.8112498609258821, "ENV_Test_accuracy_per_mean_user_epoch20": 0.810282031599793, "ENV_Test_accuracy_per_mean_user_and_bot_epoch20": 0.827069208442008, "ENV_Train_TotalLoss_epoch21": 429.03598782828277, "ENV_Train_Right action_epoch21": 0.9153714988539162, "ENV_Train_Probability to choose the right action_epoch21": 0.882830464566705, "ENV_Train_Weighted right action_epoch21": 0.9153714988539162, "ENV_Train_Weighted probability to choose the right action:_epoch21": 0.882830464566705, "ENV_Test_TotalLoss_epoch21": 374.78121342430404, "ENV_Test_Right action_epoch21": 0.799488, "ENV_Test_Probability to choose the right action_epoch21": 0.7791098687820875, "ENV_Test_Weighted right action_epoch21": 0.8233367222285459, "ENV_Test_Weighted probability to choose the right action:_epoch21": 0.8037098352731183, "ENV_Test_proba_accuracy_epoch21": 0.7791098687820863, "ENV_Test_proba_accuracy_strategy_132_epoch21": 0.8168587101280195, "ENV_Test_proba_accuracy_strategy_23_epoch21": 0.7852516948094416, "ENV_Test_proba_accuracy_strategy_107_epoch21": 0.841509300286369, "ENV_Test_proba_accuracy_strategy_43_epoch21": 0.7684174628485579, "ENV_Test_proba_accuracy_strategy_17_epoch21": 0.7503833146066028, "ENV_Test_proba_accuracy_strategy_93_epoch21": 0.7798449823569998, "ENV_Test_proba_accuracy_per_mean_strategy_epoch21": 0.7903775775059985, "ENV_Test_proba_accuracy_per_mean_user_epoch21": 0.7896698169176445, "ENV_Test_proba_accuracy_per_mean_user_and_bot_epoch21": 0.8037098352731188, "ENV_Test_accuracy_epoch21": 0.799488, "ENV_Test_accuracy_strategy_132_epoch21": 0.8373937677053824, "ENV_Test_accuracy_strategy_23_epoch21": 0.8067539182420423, "ENV_Test_accuracy_strategy_107_epoch21": 0.8604269293924466, "ENV_Test_accuracy_strategy_43_epoch21": 0.7907124681933843, "ENV_Test_accuracy_strategy_17_epoch21": 0.7658802177858439, "ENV_Test_accuracy_strategy_93_epoch21": 0.8114602587800369, "ENV_Test_accuracy_per_mean_strategy_epoch21": 0.8121045933498561, "ENV_Test_accuracy_per_mean_user_epoch21": 0.8100037465613081, "ENV_Test_accuracy_per_mean_user_and_bot_epoch21": 0.8233367222285476, "ENV_Train_TotalLoss_epoch22": 406.57205543784966, "ENV_Train_Right action_epoch22": 0.9223511322337155, "ENV_Train_Probability to choose the right action_epoch22": 0.8893122479584565, "ENV_Train_Weighted right action_epoch22": 0.9223511322337155, "ENV_Train_Weighted probability to choose the right action:_epoch22": 0.8893122479584565, "ENV_Test_TotalLoss_epoch22": 438.50706886192506, "ENV_Test_Right action_epoch22": 0.79808, "ENV_Test_Probability to choose the right action_epoch22": 0.7850699211868003, "ENV_Test_Weighted right action_epoch22": 0.8210623569726727, "ENV_Test_Weighted probability to choose the right action:_epoch22": 0.8085941151909011, "ENV_Test_proba_accuracy_epoch22": 0.7850699211868003, "ENV_Test_proba_accuracy_strategy_132_epoch22": 0.824671469913314, "ENV_Test_proba_accuracy_strategy_23_epoch22": 0.7914500475887608, "ENV_Test_proba_accuracy_strategy_107_epoch22": 0.8439484409732181, "ENV_Test_proba_accuracy_strategy_43_epoch22": 0.7772841790845368, "ENV_Test_proba_accuracy_strategy_17_epoch22": 0.7571071783580213, "ENV_Test_proba_accuracy_strategy_93_epoch22": 0.7760667812792751, "ENV_Test_proba_accuracy_per_mean_strategy_epoch22": 0.7950880161995211, "ENV_Test_proba_accuracy_per_mean_user_epoch22": 0.7954924116184178, "ENV_Test_proba_accuracy_per_mean_user_and_bot_epoch22": 0.8085941151909024, "ENV_Test_accuracy_epoch22": 0.79808, "ENV_Test_accuracy_strategy_132_epoch22": 0.8339943342776204, "ENV_Test_accuracy_strategy_23_epoch22": 0.8056228793019874, "ENV_Test_accuracy_strategy_107_epoch22": 0.8505747126436781, "ENV_Test_accuracy_strategy_43_epoch22": 0.7977099236641222, "ENV_Test_accuracy_strategy_17_epoch22": 0.7672413793103449, "ENV_Test_accuracy_strategy_93_epoch22": 0.7929759704251387, "ENV_Test_accuracy_per_mean_strategy_epoch22": 0.8080198666038152, "ENV_Test_accuracy_per_mean_user_epoch22": 0.8084120611955647, "ENV_Test_accuracy_per_mean_user_and_bot_epoch22": 0.8210623569726733, "ENV_Train_TotalLoss_epoch23": 410.47553851069415, "ENV_Train_Right action_epoch23": 0.9235715084423571, "ENV_Train_Probability to choose the right action_epoch23": 0.8898239532280674, "ENV_Train_Weighted right action_epoch23": 0.9235715084423571, "ENV_Train_Weighted probability to choose the right action:_epoch23": 0.8898239532280674, "ENV_Test_TotalLoss_epoch23": 421.5842998406056, "ENV_Test_Right action_epoch23": 0.799232, "ENV_Test_Probability to choose the right action_epoch23": 0.7775589632868494, "ENV_Test_Weighted right action_epoch23": 0.8245960961551819, "ENV_Test_Weighted probability to choose the right action:_epoch23": 0.8041890327484041, "ENV_Test_proba_accuracy_epoch23": 0.7775589632868496, "ENV_Test_proba_accuracy_strategy_132_epoch23": 0.8219337361941869, "ENV_Test_proba_accuracy_strategy_23_epoch23": 0.7825850399408357, "ENV_Test_proba_accuracy_strategy_107_epoch23": 0.8402708930083193, "ENV_Test_proba_accuracy_strategy_43_epoch23": 0.7663297533588433, "ENV_Test_proba_accuracy_strategy_17_epoch23": 0.7498752243787287, "ENV_Test_proba_accuracy_strategy_93_epoch23": 0.7702232990728732, "ENV_Test_proba_accuracy_per_mean_strategy_epoch23": 0.7885363243256313, "ENV_Test_proba_accuracy_per_mean_user_epoch23": 0.7886420077920459, "ENV_Test_proba_accuracy_per_mean_user_and_bot_epoch23": 0.8041890327484044, "ENV_Test_accuracy_epoch23": 0.799232, "ENV_Test_accuracy_strategy_132_epoch23": 0.8458923512747876, "ENV_Test_accuracy_strategy_23_epoch23": 0.8056228793019874, "ENV_Test_accuracy_strategy_107_epoch23": 0.8620689655172413, "ENV_Test_accuracy_strategy_43_epoch23": 0.7900763358778626, "ENV_Test_accuracy_strategy_17_epoch23": 0.7688294010889292, "ENV_Test_accuracy_strategy_93_epoch23": 0.788354898336414, "ENV_Test_accuracy_per_mean_strategy_epoch23": 0.8101408052328702, "ENV_Test_accuracy_per_mean_user_epoch23": 0.810249700715666, "ENV_Test_accuracy_per_mean_user_and_bot_epoch23": 0.8245960961551825, "ENV_Train_TotalLoss_epoch24": 376.1950561077955, "ENV_Train_Right action_epoch24": 0.9300940745607291, "ENV_Train_Probability to choose the right action_epoch24": 0.8987058280991659, "ENV_Train_Weighted right action_epoch24": 0.9300940745607291, "ENV_Train_Weighted probability to choose the right action:_epoch24": 0.8987058280991659, "ENV_Test_TotalLoss_epoch24": 465.5073905919046, "ENV_Test_Right action_epoch24": 0.798464, "ENV_Test_Probability to choose the right action_epoch24": 0.7847031847687294, "ENV_Test_Weighted right action_epoch24": 0.8215358055920662, "ENV_Test_Weighted probability to choose the right action:_epoch24": 0.8093628171708197, "ENV_Test_proba_accuracy_epoch24": 0.7847031847687304, "ENV_Test_proba_accuracy_strategy_132_epoch24": 0.8188755342729028, "ENV_Test_proba_accuracy_strategy_23_epoch24": 0.7915620396662568, "ENV_Test_proba_accuracy_strategy_107_epoch24": 0.836629495155659, "ENV_Test_proba_accuracy_strategy_43_epoch24": 0.7768214817858303, "ENV_Test_proba_accuracy_strategy_17_epoch24": 0.7582340387958499, "ENV_Test_proba_accuracy_strategy_93_epoch24": 0.7797856798484719, "ENV_Test_proba_accuracy_per_mean_strategy_epoch24": 0.7936513782541618, "ENV_Test_proba_accuracy_per_mean_user_epoch24": 0.7954175141581368, "ENV_Test_proba_accuracy_per_mean_user_and_bot_epoch24": 0.8093628171708195, "ENV_Test_accuracy_epoch24": 0.798464, "ENV_Test_accuracy_strategy_132_epoch24": 0.8328611898016998, "ENV_Test_accuracy_strategy_23_epoch24": 0.805461302310551, "ENV_Test_accuracy_strategy_107_epoch24": 0.8489326765188834, "ENV_Test_accuracy_strategy_43_epoch24": 0.7919847328244275, "ENV_Test_accuracy_strategy_17_epoch24": 0.7704174228675136, "ENV_Test_accuracy_strategy_93_epoch24": 0.7975970425138632, "ENV_Test_accuracy_per_mean_strategy_epoch24": 0.8078757278061565, "ENV_Test_accuracy_per_mean_user_epoch24": 0.8089059344989433, "ENV_Test_accuracy_per_mean_user_and_bot_epoch24": 0.8215358055920663, "_wandb": {"runtime": 2646}}