{"ENV_Train_TotalLoss": 165.95190577974773, "ENV_Train_TotalLoss_epoch0": 1028.324790264203, "ENV_Train_Right action": 0.9714421504354268, "ENV_Train_Right action_epoch0": 0.7862443919551636, "ENV_Train_Probability to choose the right action": 0.9574147469344625, "ENV_Train_Probability to choose the right action_epoch0": 0.7045896290825208, "ENV_Train_Weighted right action": 0.9714421504354268, "ENV_Train_Weighted right action_epoch0": 0.7862443919551636, "ENV_Train_Weighted probability to choose the right action:": 0.9574147469344625, "ENV_Train_Weighted probability to choose the right action:_epoch0": 0.7045896290825208, "_timestamp": 1720383372.9144013, "_runtime": 2156.425948381424, "_step": 49, "ENV_Test_TotalLoss": 625.1376669917099, "ENV_Test_TotalLoss_epoch0": 218.87116281912182, "ENV_Test_Right action": 0.788544, "ENV_Test_Right action_epoch0": 0.804608, "ENV_Test_Probability to choose the right action": 0.7854301542905421, "ENV_Test_Probability to choose the right action_epoch0": 0.7326810626248738, "ENV_Test_Weighted right action": 0.821582672909987, "ENV_Test_Weighted right action_epoch0": 0.8313195530419547, "ENV_Test_Weighted probability to choose the right action:": 0.8166539562666684, "ENV_Test_Weighted probability to choose the right action:_epoch0": 0.7580454217193696, "ENV_Test_proba_accuracy": 0.7854301542905419, "ENV_Test_proba_accuracy_epoch0": 0.7326810626248739, "ENV_Test_proba_accuracy_strategy_132": 0.8266142127988627, "ENV_Test_proba_accuracy_strategy_132_epoch0": 0.7714358559494174, "ENV_Test_proba_accuracy_strategy_23": 0.7914587206877339, "ENV_Test_proba_accuracy_strategy_23_epoch0": 0.7383393682022884, "ENV_Test_proba_accuracy_strategy_107": 0.8438609932512672, "ENV_Test_proba_accuracy_strategy_107_epoch0": 0.7694029235128762, "ENV_Test_proba_accuracy_strategy_43": 0.7735574787073265, "ENV_Test_proba_accuracy_strategy_43_epoch0": 0.7267989026329273, "ENV_Test_proba_accuracy_strategy_17": 0.7570107656948503, "ENV_Test_proba_accuracy_strategy_17_epoch0": 0.706577921284315, "ENV_Test_proba_accuracy_strategy_93": 0.7839065584681142, "ENV_Test_proba_accuracy_strategy_93_epoch0": 0.7313172232711679, "ENV_Test_proba_accuracy_per_mean_strategy": 0.7960681216013592, "ENV_Test_proba_accuracy_per_mean_strategy_epoch0": 0.7406453658088322, "ENV_Test_proba_accuracy_per_mean_user": 0.7962333946629245, "ENV_Test_proba_accuracy_per_mean_user_epoch0": 0.7421093320614365, "ENV_Test_proba_accuracy_per_mean_user_and_bot": 0.81665395626667, "ENV_Test_proba_accuracy_per_mean_user_and_bot_epoch0": 0.7580454217193692, "ENV_Test_accuracy": 0.788544, "ENV_Test_accuracy_epoch0": 0.804608, "ENV_Test_accuracy_strategy_132": 0.8260623229461757, "ENV_Test_accuracy_strategy_132_epoch0": 0.8430594900849858, "ENV_Test_accuracy_strategy_23": 0.7954435288414929, "ENV_Test_accuracy_strategy_23_epoch0": 0.8109549200193893, "ENV_Test_accuracy_strategy_107": 0.8522167487684729, "ENV_Test_accuracy_strategy_107_epoch0": 0.8538587848932676, "ENV_Test_accuracy_strategy_43": 0.7703562340966921, "ENV_Test_accuracy_strategy_43_epoch0": 0.80470737913486, "ENV_Test_accuracy_strategy_17": 0.7588475499092558, "ENV_Test_accuracy_strategy_17_epoch0": 0.7742740471869328, "ENV_Test_accuracy_strategy_93": 0.7994454713493531, "ENV_Test_accuracy_strategy_93_epoch0": 0.8012939001848429, "ENV_Test_accuracy_per_mean_strategy": 0.8003953093185737, "ENV_Test_accuracy_per_mean_strategy_epoch0": 0.8146914202507132, "ENV_Test_accuracy_per_mean_user": 0.7994703435704898, "ENV_Test_accuracy_per_mean_user_epoch0": 0.8140067318486359, "ENV_Test_accuracy_per_mean_user_and_bot": 0.821582672909988, "ENV_Test_accuracy_per_mean_user_and_bot_epoch0": 0.8313195530419559, "ENV_Train_TotalLoss_epoch1": 890.6070682336907, "ENV_Train_Right action_epoch1": 0.8157273222745504, "ENV_Train_Probability to choose the right action_epoch1": 0.7461968020527602, "ENV_Train_Weighted right action_epoch1": 0.8157273222745504, "ENV_Train_Weighted probability to choose the right action:_epoch1": 0.7461968020527602, "ENV_Test_TotalLoss_epoch1": 198.66125203723266, "ENV_Test_Right action_epoch1": 0.814464, "ENV_Test_Probability to choose the right action_epoch1": 0.752224495604505, "ENV_Test_Weighted right action_epoch1": 0.8433863184066827, "ENV_Test_Weighted probability to choose the right action:_epoch1": 0.7806628865034748, "ENV_Test_proba_accuracy_epoch1": 0.7522244956045046, "ENV_Test_proba_accuracy_strategy_132_epoch1": 0.7942635714824935, "ENV_Test_proba_accuracy_strategy_23_epoch1": 0.7566667654237976, "ENV_Test_proba_accuracy_strategy_107_epoch1": 0.8057455738672887, "ENV_Test_proba_accuracy_strategy_43_epoch1": 0.7441779099112853, "ENV_Test_proba_accuracy_strategy_17_epoch1": 0.7240776982860201, "ENV_Test_proba_accuracy_strategy_93_epoch1": 0.7544738503099848, "ENV_Test_proba_accuracy_per_mean_strategy_epoch1": 0.7632342282134784, "ENV_Test_proba_accuracy_per_mean_user_epoch1": 0.7630327094752583, "ENV_Test_proba_accuracy_per_mean_user_and_bot_epoch1": 0.7806628865034755, "ENV_Test_accuracy_epoch1": 0.814464, "ENV_Test_accuracy_strategy_132_epoch1": 0.8538243626062323, "ENV_Test_accuracy_strategy_23_epoch1": 0.8221037324285022, "ENV_Test_accuracy_strategy_107_epoch1": 0.8686371100164204, "ENV_Test_accuracy_strategy_43_epoch1": 0.8091603053435115, "ENV_Test_accuracy_strategy_17_epoch1": 0.7803992740471869, "ENV_Test_accuracy_strategy_93_epoch1": 0.822550831792976, "ENV_Test_accuracy_per_mean_strategy_epoch1": 0.8261126027058049, "ENV_Test_accuracy_per_mean_user_epoch1": 0.8259139525073624, "ENV_Test_accuracy_per_mean_user_and_bot_epoch1": 0.843386318406683, "ENV_Train_TotalLoss_epoch2": 838.9796688292514, "ENV_Train_Right action_epoch2": 0.825519959745052, "ENV_Train_Probability to choose the right action_epoch2": 0.7608845876537912, "ENV_Train_Weighted right action_epoch2": 0.825519959745052, "ENV_Train_Weighted probability to choose the right action:_epoch2": 0.7608845876537912, "ENV_Test_TotalLoss_epoch2": 204.9572482597994, "ENV_Test_Right action_epoch2": 0.811712, "ENV_Test_Probability to choose the right action_epoch2": 0.7629410843815319, "ENV_Test_Weighted right action_epoch2": 0.8446589292337988, "ENV_Test_Weighted probability to choose the right action:_epoch2": 0.7954535475440727, "ENV_Test_proba_accuracy_epoch2": 0.762941084381532, "ENV_Test_proba_accuracy_strategy_132_epoch2": 0.8096318208387291, "ENV_Test_proba_accuracy_strategy_23_epoch2": 0.7660963615518852, "ENV_Test_proba_accuracy_strategy_107_epoch2": 0.8267248780942253, "ENV_Test_proba_accuracy_strategy_43_epoch2": 0.7574396551214965, "ENV_Test_proba_accuracy_strategy_17_epoch2": 0.7316112862850079, "ENV_Test_proba_accuracy_strategy_93_epoch2": 0.7684572638463691, "ENV_Test_proba_accuracy_per_mean_strategy_epoch2": 0.7766602109562855, "ENV_Test_proba_accuracy_per_mean_user_epoch2": 0.7749680306102168, "ENV_Test_proba_accuracy_per_mean_user_and_bot_epoch2": 0.7954535475440732, "ENV_Test_accuracy_epoch2": 0.811712, "ENV_Test_accuracy_strategy_132_epoch2": 0.8481586402266289, "ENV_Test_accuracy_strategy_23_epoch2": 0.8219421554370657, "ENV_Test_accuracy_strategy_107_epoch2": 0.8817733990147784, "ENV_Test_accuracy_strategy_43_epoch2": 0.8015267175572519, "ENV_Test_accuracy_strategy_17_epoch2": 0.7740471869328494, "ENV_Test_accuracy_strategy_93_epoch2": 0.822550831792976, "ENV_Test_accuracy_per_mean_strategy_epoch2": 0.8249998218269249, "ENV_Test_accuracy_per_mean_user_epoch2": 0.8231120594357395, "ENV_Test_accuracy_per_mean_user_and_bot_epoch2": 0.8446589292337991, "ENV_Train_TotalLoss_epoch3": 793.55995704321, "ENV_Train_Right action_epoch3": 0.8355046128040258, "ENV_Train_Probability to choose the right action_epoch3": 0.773571487603827, "ENV_Train_Weighted right action_epoch3": 0.8355046128040258, "ENV_Train_Weighted probability to choose the right action:_epoch3": 0.773571487603827, "ENV_Test_TotalLoss_epoch3": 204.73723524745301, "ENV_Test_Right action_epoch3": 0.81376, "ENV_Test_Probability to choose the right action_epoch3": 0.763731878734485, "ENV_Test_Weighted right action_epoch3": 0.8423663465324338, "ENV_Test_Weighted probability to choose the right action:_epoch3": 0.7958036621431996, "ENV_Test_proba_accuracy_epoch3": 0.7637318787344851, "ENV_Test_proba_accuracy_strategy_132_epoch3": 0.8058903046031597, "ENV_Test_proba_accuracy_strategy_23_epoch3": 0.7682404504777121, "ENV_Test_proba_accuracy_strategy_107_epoch3": 0.8334940402243217, "ENV_Test_proba_accuracy_strategy_43_epoch3": 0.760310016318946, "ENV_Test_proba_accuracy_strategy_17_epoch3": 0.7311908326467786, "ENV_Test_proba_accuracy_strategy_93_epoch3": 0.7674488568744899, "ENV_Test_proba_accuracy_per_mean_strategy_epoch3": 0.777762416857568, "ENV_Test_proba_accuracy_per_mean_user_epoch3": 0.7754332819709725, "ENV_Test_proba_accuracy_per_mean_user_and_bot_epoch3": 0.7958036621432005, "ENV_Test_accuracy_epoch3": 0.81376, "ENV_Test_accuracy_strategy_132_epoch3": 0.8436260623229461, "ENV_Test_accuracy_strategy_23_epoch3": 0.8248505412829213, "ENV_Test_accuracy_strategy_107_epoch3": 0.8817733990147784, "ENV_Test_accuracy_strategy_43_epoch3": 0.80470737913486, "ENV_Test_accuracy_strategy_17_epoch3": 0.7790381125226861, "ENV_Test_accuracy_strategy_93_epoch3": 0.8179297597042514, "ENV_Test_accuracy_per_mean_strategy_epoch3": 0.8253208756637406, "ENV_Test_accuracy_per_mean_user_epoch3": 0.8246519443855073, "ENV_Test_accuracy_per_mean_user_and_bot_epoch3": 0.842366346532434, "ENV_Train_TotalLoss_epoch4": 753.9880742934781, "ENV_Train_Right action_epoch4": 0.8451334237269181, "ENV_Train_Probability to choose the right action_epoch4": 0.7855015537181421, "ENV_Train_Weighted right action_epoch4": 0.8451334237269181, "ENV_Train_Weighted probability to choose the right action:_epoch4": 0.7855015537181421, "ENV_Test_TotalLoss_epoch4": 211.5587005193151, "ENV_Test_Right action_epoch4": 0.811392, "ENV_Test_Probability to choose the right action_epoch4": 0.7626433042433888, "ENV_Test_Weighted right action_epoch4": 0.8420530951565801, "ENV_Test_Weighted probability to choose the right action:_epoch4": 0.7951286922532118, "ENV_Test_proba_accuracy_epoch4": 0.7626433042433872, "ENV_Test_proba_accuracy_strategy_132_epoch4": 0.8094099310567793, "ENV_Test_proba_accuracy_strategy_23_epoch4": 0.7680469405977559, "ENV_Test_proba_accuracy_strategy_107_epoch4": 0.8263193975667811, "ENV_Test_proba_accuracy_strategy_43_epoch4": 0.7583626578075157, "ENV_Test_proba_accuracy_strategy_17_epoch4": 0.7290662232478682, "ENV_Test_proba_accuracy_strategy_93_epoch4": 0.7626174324029668, "ENV_Test_proba_accuracy_per_mean_strategy_epoch4": 0.7756370971132779, "ENV_Test_proba_accuracy_per_mean_user_epoch4": 0.7746776886200355, "ENV_Test_proba_accuracy_per_mean_user_and_bot_epoch4": 0.7951286922532115, "ENV_Test_accuracy_epoch4": 0.811392, "ENV_Test_accuracy_strategy_132_epoch4": 0.8504249291784702, "ENV_Test_accuracy_strategy_23_epoch4": 0.8250121182743577, "ENV_Test_accuracy_strategy_107_epoch4": 0.8883415435139573, "ENV_Test_accuracy_strategy_43_epoch4": 0.799618320610687, "ENV_Test_accuracy_strategy_17_epoch4": 0.7695099818511797, "ENV_Test_accuracy_strategy_93_epoch4": 0.8142329020332717, "ENV_Test_accuracy_per_mean_strategy_epoch4": 0.824523299243654, "ENV_Test_accuracy_per_mean_user_epoch4": 0.8216301993267071, "ENV_Test_accuracy_per_mean_user_and_bot_epoch4": 0.8420530951565799, "ENV_Train_TotalLoss_epoch5": 713.071566064605, "ENV_Train_Right action_epoch5": 0.8537181996086106, "ENV_Train_Probability to choose the right action_epoch5": 0.7973398449844415, "ENV_Train_Weighted right action_epoch5": 0.8537181996086106, "ENV_Train_Weighted probability to choose the right action:_epoch5": 0.7973398449844415, "ENV_Test_TotalLoss_epoch5": 237.36174235005834, "ENV_Test_Right action_epoch5": 0.815488, "ENV_Test_Probability to choose the right action_epoch5": 0.7873477843271828, "ENV_Test_Weighted right action_epoch5": 0.8425781580746512, "ENV_Test_Weighted probability to choose the right action:_epoch5": 0.8172953367822141, "ENV_Test_proba_accuracy_epoch5": 0.787347784327182, "ENV_Test_proba_accuracy_strategy_132_epoch5": 0.8264466578888565, "ENV_Test_proba_accuracy_strategy_23_epoch5": 0.7955714342256516, "ENV_Test_proba_accuracy_strategy_107_epoch5": 0.8519363649454489, "ENV_Test_proba_accuracy_strategy_43_epoch5": 0.7794035109783658, "ENV_Test_proba_accuracy_strategy_17_epoch5": 0.7544882069150662, "ENV_Test_proba_accuracy_strategy_93_epoch5": 0.7855855738673273, "ENV_Test_proba_accuracy_per_mean_strategy_epoch5": 0.7989052914701192, "ENV_Test_proba_accuracy_per_mean_user_epoch5": 0.7984753744521632, "ENV_Test_proba_accuracy_per_mean_user_and_bot_epoch5": 0.8172953367822142, "ENV_Test_accuracy_epoch5": 0.815488, "ENV_Test_accuracy_strategy_132_epoch5": 0.8487252124645892, "ENV_Test_accuracy_strategy_23_epoch5": 0.829374697043141, "ENV_Test_accuracy_strategy_107_epoch5": 0.8883415435139573, "ENV_Test_accuracy_strategy_43_epoch5": 0.8002544529262087, "ENV_Test_accuracy_strategy_17_epoch5": 0.779491833030853, "ENV_Test_accuracy_strategy_93_epoch5": 0.8096118299445472, "ENV_Test_accuracy_per_mean_strategy_epoch5": 0.8259665948205493, "ENV_Test_accuracy_per_mean_user_epoch5": 0.8238941636310413, "ENV_Test_accuracy_per_mean_user_and_bot_epoch5": 0.8425781580746511, "ENV_Train_TotalLoss_epoch6": 667.9091704701428, "ENV_Train_Right action_epoch6": 0.8626500300409395, "ENV_Train_Probability to choose the right action_epoch6": 0.80978552046368, "ENV_Train_Weighted right action_epoch6": 0.8626500300409395, "ENV_Train_Weighted probability to choose the right action:_epoch6": 0.80978552046368, "ENV_Test_TotalLoss_epoch6": 231.7851459975399, "ENV_Test_Right action_epoch6": 0.814208, "ENV_Test_Probability to choose the right action_epoch6": 0.7825089957986856, "ENV_Test_Weighted right action_epoch6": 0.8434516942545105, "ENV_Test_Weighted probability to choose the right action:_epoch6": 0.8106517966398639, "ENV_Test_proba_accuracy_epoch6": 0.7825089957986858, "ENV_Test_proba_accuracy_strategy_132_epoch6": 0.8237207674398942, "ENV_Test_proba_accuracy_strategy_23_epoch6": 0.789009027115345, "ENV_Test_proba_accuracy_strategy_107_epoch6": 0.8436096295152343, "ENV_Test_proba_accuracy_strategy_43_epoch6": 0.7741112493983929, "ENV_Test_proba_accuracy_strategy_17_epoch6": 0.7508680680705986, "ENV_Test_proba_accuracy_strategy_93_epoch6": 0.7848164912402336, "ENV_Test_proba_accuracy_per_mean_strategy_epoch6": 0.7943558721299498, "ENV_Test_proba_accuracy_per_mean_user_epoch6": 0.793487199254087, "ENV_Test_proba_accuracy_per_mean_user_and_bot_epoch6": 0.810651796639864, "ENV_Test_accuracy_epoch6": 0.814208, "ENV_Test_accuracy_strategy_132_epoch6": 0.8543909348441926, "ENV_Test_accuracy_strategy_23_epoch6": 0.8227500403942478, "ENV_Test_accuracy_strategy_107_epoch6": 0.8834154351395731, "ENV_Test_accuracy_strategy_43_epoch6": 0.8072519083969466, "ENV_Test_accuracy_strategy_17_epoch6": 0.7772232304900182, "ENV_Test_accuracy_strategy_93_epoch6": 0.821626617375231, "ENV_Test_accuracy_per_mean_strategy_epoch6": 0.8277763611067015, "ENV_Test_accuracy_per_mean_user_epoch6": 0.8242716344789122, "ENV_Test_accuracy_per_mean_user_and_bot_epoch6": 0.8434516942545103, "ENV_Train_TotalLoss_epoch7": 631.1222040598756, "ENV_Train_Right action_epoch7": 0.8719457646072127, "ENV_Train_Probability to choose the right action_epoch7": 0.8215571146247039, "ENV_Train_Weighted right action_epoch7": 0.8719457646072127, "ENV_Train_Weighted probability to choose the right action:_epoch7": 0.8215571146247039, "ENV_Test_TotalLoss_epoch7": 257.58982033633833, "ENV_Test_Right action_epoch7": 0.8112, "ENV_Test_Probability to choose the right action_epoch7": 0.78622610123674, "ENV_Test_Weighted right action_epoch7": 0.8418197216455906, "ENV_Test_Weighted probability to choose the right action:_epoch7": 0.8161988960941265, "ENV_Test_proba_accuracy_epoch7": 0.7862261012367411, "ENV_Test_proba_accuracy_strategy_132_epoch7": 0.8305633895962206, "ENV_Test_proba_accuracy_strategy_23_epoch7": 0.7924484922037525, "ENV_Test_proba_accuracy_strategy_107_epoch7": 0.8456441587887834, "ENV_Test_proba_accuracy_strategy_43_epoch7": 0.7793617729254751, "ENV_Test_proba_accuracy_strategy_17_epoch7": 0.7544584356899522, "ENV_Test_proba_accuracy_strategy_93_epoch7": 0.784258730753421, "ENV_Test_proba_accuracy_per_mean_strategy_epoch7": 0.7977891633262674, "ENV_Test_proba_accuracy_per_mean_user_epoch7": 0.7979457546161812, "ENV_Test_proba_accuracy_per_mean_user_and_bot_epoch7": 0.8161988960941271, "ENV_Test_accuracy_epoch7": 0.8112, "ENV_Test_accuracy_strategy_132_epoch7": 0.8504249291784702, "ENV_Test_accuracy_strategy_23_epoch7": 0.8209726934884473, "ENV_Test_accuracy_strategy_107_epoch7": 0.8752052545155994, "ENV_Test_accuracy_strategy_43_epoch7": 0.80470737913486, "ENV_Test_accuracy_strategy_17_epoch7": 0.7754083484573503, "ENV_Test_accuracy_strategy_93_epoch7": 0.8105360443622921, "ENV_Test_accuracy_per_mean_strategy_epoch7": 0.8228757748561698, "ENV_Test_accuracy_per_mean_user_epoch7": 0.8218868545586929, "ENV_Test_accuracy_per_mean_user_and_bot_epoch7": 0.8418197216455903, "ENV_Train_TotalLoss_epoch8": 587.2712632822503, "ENV_Train_Right action_epoch8": 0.8821654715477838, "ENV_Train_Probability to choose the right action_epoch8": 0.833907174406257, "ENV_Train_Weighted right action_epoch8": 0.8821654715477838, "ENV_Train_Weighted probability to choose the right action:_epoch8": 0.833907174406257, "ENV_Test_TotalLoss_epoch8": 264.7497994539049, "ENV_Test_Right action_epoch8": 0.803968, "ENV_Test_Probability to choose the right action_epoch8": 0.7787141390481385, "ENV_Test_Weighted right action_epoch8": 0.8389713589338266, "ENV_Test_Weighted probability to choose the right action:_epoch8": 0.8100109833955655, "ENV_Test_proba_accuracy_epoch8": 0.7787141390481381, "ENV_Test_proba_accuracy_strategy_132_epoch8": 0.822754499899239, "ENV_Test_proba_accuracy_strategy_23_epoch8": 0.7857910719353911, "ENV_Test_proba_accuracy_strategy_107_epoch8": 0.8329132138583792, "ENV_Test_proba_accuracy_strategy_43_epoch8": 0.7722689003806624, "ENV_Test_proba_accuracy_strategy_17_epoch8": 0.744986150287665, "ENV_Test_proba_accuracy_strategy_93_epoch8": 0.782658019399893, "ENV_Test_proba_accuracy_per_mean_strategy_epoch8": 0.7902286426268716, "ENV_Test_proba_accuracy_per_mean_user_epoch8": 0.7907021072042907, "ENV_Test_proba_accuracy_per_mean_user_and_bot_epoch8": 0.8100109833955655, "ENV_Test_accuracy_epoch8": 0.803968, "ENV_Test_accuracy_strategy_132_epoch8": 0.8526912181303116, "ENV_Test_accuracy_strategy_23_epoch8": 0.812409112942317, "ENV_Test_accuracy_strategy_107_epoch8": 0.8653530377668309, "ENV_Test_accuracy_strategy_43_epoch8": 0.7926208651399491, "ENV_Test_accuracy_strategy_17_epoch8": 0.7638384754990926, "ENV_Test_accuracy_strategy_93_epoch8": 0.821626617375231, "ENV_Test_accuracy_per_mean_strategy_epoch8": 0.8180898878089553, "ENV_Test_accuracy_per_mean_user_epoch8": 0.816592397792542, "ENV_Test_accuracy_per_mean_user_and_bot_epoch8": 0.8389713589338282, "ENV_Train_TotalLoss_epoch9": 542.6874368740507, "ENV_Train_Right action_epoch9": 0.8903129323959804, "ENV_Train_Probability to choose the right action_epoch9": 0.8470369407968569, "ENV_Train_Weighted right action_epoch9": 0.8903129323959804, "ENV_Train_Weighted probability to choose the right action:_epoch9": 0.8470369407968569, "ENV_Test_TotalLoss_epoch9": 277.05262737587816, "ENV_Test_Right action_epoch9": 0.80128, "ENV_Test_Probability to choose the right action_epoch9": 0.7760978572697191, "ENV_Test_Weighted right action_epoch9": 0.8278262171765597, "ENV_Test_Weighted probability to choose the right action:_epoch9": 0.8024564138565778, "ENV_Test_proba_accuracy_epoch9": 0.7760978572697188, "ENV_Test_proba_accuracy_strategy_132_epoch9": 0.8162680789952784, "ENV_Test_proba_accuracy_strategy_23_epoch9": 0.7819803076443701, "ENV_Test_proba_accuracy_strategy_107_epoch9": 0.822276397473128, "ENV_Test_proba_accuracy_strategy_43_epoch9": 0.7698349935679605, "ENV_Test_proba_accuracy_strategy_17_epoch9": 0.7465138455007354, "ENV_Test_proba_accuracy_strategy_93_epoch9": 0.7805543156048745, "ENV_Test_proba_accuracy_per_mean_strategy_epoch9": 0.7862379897977245, "ENV_Test_proba_accuracy_per_mean_user_epoch9": 0.7871201498720111, "ENV_Test_proba_accuracy_per_mean_user_and_bot_epoch9": 0.8024564138565782, "ENV_Test_accuracy_epoch9": 0.80128, "ENV_Test_accuracy_strategy_132_epoch9": 0.8413597733711048, "ENV_Test_accuracy_strategy_23_epoch9": 0.8098238810793343, "ENV_Test_accuracy_strategy_107_epoch9": 0.8456486042692939, "ENV_Test_accuracy_strategy_43_epoch9": 0.7913486005089059, "ENV_Test_accuracy_strategy_17_epoch9": 0.7683756805807622, "ENV_Test_accuracy_strategy_93_epoch9": 0.8105360443622921, "ENV_Test_accuracy_per_mean_strategy_epoch9": 0.8111820973619489, "ENV_Test_accuracy_per_mean_user_epoch9": 0.8118849857154854, "ENV_Test_accuracy_per_mean_user_and_bot_epoch9": 0.8278262171765596, "ENV_Train_TotalLoss_epoch10": 502.9552324839953, "ENV_Train_Right action_epoch10": 0.900377411238468, "ENV_Train_Probability to choose the right action_epoch10": 0.8591068355394933, "ENV_Train_Weighted right action_epoch10": 0.900377411238468, "ENV_Train_Weighted probability to choose the right action:_epoch10": 0.8591068355394933, "ENV_Test_TotalLoss_epoch10": 303.7001363339839, "ENV_Test_Right action_epoch10": 0.801216, "ENV_Test_Probability to choose the right action_epoch10": 0.7806795641549019, "ENV_Test_Weighted right action_epoch10": 0.8300699990822913, "ENV_Test_Weighted probability to choose the right action:_epoch10": 0.8098530874616829, "ENV_Test_proba_accuracy_epoch10": 0.7806795641549018, "ENV_Test_proba_accuracy_strategy_132_epoch10": 0.8225971015507113, "ENV_Test_proba_accuracy_strategy_23_epoch10": 0.7865435682811713, "ENV_Test_proba_accuracy_strategy_107_epoch10": 0.8372566399398622, "ENV_Test_proba_accuracy_strategy_43_epoch10": 0.7716611336464362, "ENV_Test_proba_accuracy_strategy_17_epoch10": 0.7509567111006994, "ENV_Test_proba_accuracy_strategy_93_epoch10": 0.7811075630718209, "ENV_Test_proba_accuracy_per_mean_strategy_epoch10": 0.7916871195984502, "ENV_Test_proba_accuracy_per_mean_user_epoch10": 0.7912097662131709, "ENV_Test_proba_accuracy_per_mean_user_and_bot_epoch10": 0.8098530874616837, "ENV_Test_accuracy_epoch10": 0.801216, "ENV_Test_accuracy_strategy_132_epoch10": 0.8385269121813032, "ENV_Test_accuracy_strategy_23_epoch10": 0.8086928421392794, "ENV_Test_accuracy_strategy_107_epoch10": 0.8587848932676518, "ENV_Test_accuracy_strategy_43_epoch10": 0.7862595419847328, "ENV_Test_accuracy_strategy_17_epoch10": 0.7726860254083484, "ENV_Test_accuracy_strategy_93_epoch10": 0.8031423290203327, "ENV_Test_accuracy_per_mean_strategy_epoch10": 0.811348757333608, "ENV_Test_accuracy_per_mean_user_epoch10": 0.8108731447417102, "ENV_Test_accuracy_per_mean_user_and_bot_epoch10": 0.8300699990822921, "ENV_Train_TotalLoss_epoch11": 468.2216693579997, "ENV_Train_Right action_epoch11": 0.9079955269779144, "ENV_Train_Probability to choose the right action_epoch11": 0.8695134286232018, "ENV_Train_Weighted right action_epoch11": 0.9079955269779144, "ENV_Train_Weighted probability to choose the right action:_epoch11": 0.8695134286232018, "ENV_Test_TotalLoss_epoch11": 317.02729274376895, "ENV_Test_Right action_epoch11": 0.798272, "ENV_Test_Probability to choose the right action_epoch11": 0.78036565911086, "ENV_Test_Weighted right action_epoch11": 0.8293144287337575, "ENV_Test_Weighted probability to choose the right action:_epoch11": 0.8101799127339275, "ENV_Test_proba_accuracy_epoch11": 0.7803656591108602, "ENV_Test_proba_accuracy_strategy_132_epoch11": 0.8208295127602971, "ENV_Test_proba_accuracy_strategy_23_epoch11": 0.7856252102661667, "ENV_Test_proba_accuracy_strategy_107_epoch11": 0.8390147602809463, "ENV_Test_proba_accuracy_strategy_43_epoch11": 0.7727167375958097, "ENV_Test_proba_accuracy_strategy_17_epoch11": 0.7512723217822559, "ENV_Test_proba_accuracy_strategy_93_epoch11": 0.7809018598152191, "ENV_Test_proba_accuracy_per_mean_strategy_epoch11": 0.7917267337501158, "ENV_Test_proba_accuracy_per_mean_user_epoch11": 0.7911046985372852, "ENV_Test_proba_accuracy_per_mean_user_and_bot_epoch11": 0.8101799127339283, "ENV_Test_accuracy_epoch11": 0.798272, "ENV_Test_accuracy_strategy_132_epoch11": 0.8396600566572238, "ENV_Test_accuracy_strategy_23_epoch11": 0.8041686863790596, "ENV_Test_accuracy_strategy_107_epoch11": 0.8538587848932676, "ENV_Test_accuracy_strategy_43_epoch11": 0.7964376590330788, "ENV_Test_accuracy_strategy_17_epoch11": 0.7665607985480943, "ENV_Test_accuracy_strategy_93_epoch11": 0.7975970425138632, "ENV_Test_accuracy_per_mean_strategy_epoch11": 0.809713838004098, "ENV_Test_accuracy_per_mean_user_epoch11": 0.8097896710962755, "ENV_Test_accuracy_per_mean_user_and_bot_epoch11": 0.8293144287337584, "ENV_Train_TotalLoss_epoch12": 431.0601124853916, "ENV_Train_Right action_epoch12": 0.9167656719547138, "ENV_Train_Probability to choose the right action_epoch12": 0.8806167850548595, "ENV_Train_Weighted right action_epoch12": 0.9167656719547138, "ENV_Train_Weighted probability to choose the right action:_epoch12": 0.8806167850548595, "ENV_Test_TotalLoss_epoch12": 374.64803614487215, "ENV_Test_Right action_epoch12": 0.79456, "ENV_Test_Probability to choose the right action_epoch12": 0.7801556588040524, "ENV_Test_Weighted right action_epoch12": 0.8287379081847891, "ENV_Test_Weighted probability to choose the right action:_epoch12": 0.8119003557990774, "ENV_Test_proba_accuracy_epoch12": 0.7801556588040522, "ENV_Test_proba_accuracy_strategy_132_epoch12": 0.8213825261767983, "ENV_Test_proba_accuracy_strategy_23_epoch12": 0.7821496091666285, "ENV_Test_proba_accuracy_strategy_107_epoch12": 0.835643860082936, "ENV_Test_proba_accuracy_strategy_43_epoch12": 0.7753833006617608, "ENV_Test_proba_accuracy_strategy_17_epoch12": 0.7533362924836934, "ENV_Test_proba_accuracy_strategy_93_epoch12": 0.7864621462847385, "ENV_Test_proba_accuracy_per_mean_strategy_epoch12": 0.7923929558094259, "ENV_Test_proba_accuracy_per_mean_user_epoch12": 0.7924427460571718, "ENV_Test_proba_accuracy_per_mean_user_and_bot_epoch12": 0.8119003557990774, "ENV_Test_accuracy_epoch12": 0.79456, "ENV_Test_accuracy_strategy_132_epoch12": 0.8351274787535411, "ENV_Test_accuracy_strategy_23_epoch12": 0.7947972208757473, "ENV_Test_accuracy_strategy_107_epoch12": 0.8571428571428571, "ENV_Test_accuracy_strategy_43_epoch12": 0.7862595419847328, "ENV_Test_accuracy_strategy_17_epoch12": 0.7699637023593466, "ENV_Test_accuracy_strategy_93_epoch12": 0.8040665434380776, "ENV_Test_accuracy_per_mean_strategy_epoch12": 0.8078928907590504, "ENV_Test_accuracy_per_mean_user_epoch12": 0.8076593308613765, "ENV_Test_accuracy_per_mean_user_and_bot_epoch12": 0.8287379081847902, "ENV_Train_TotalLoss_epoch13": 395.179991253625, "ENV_Train_Right action_epoch13": 0.9248336780902331, "ENV_Train_Probability to choose the right action_epoch13": 0.891533674016531, "ENV_Train_Weighted right action_epoch13": 0.9248336780902331, "ENV_Train_Weighted probability to choose the right action:_epoch13": 0.891533674016531, "ENV_Test_TotalLoss_epoch13": 387.26722396314756, "ENV_Test_Right action_epoch13": 0.79584, "ENV_Test_Probability to choose the right action_epoch13": 0.7834867063120511, "ENV_Test_Weighted right action_epoch13": 0.8255774429172109, "ENV_Test_Weighted probability to choose the right action:_epoch13": 0.8123228529995333, "ENV_Test_proba_accuracy_epoch13": 0.7834867063120505, "ENV_Test_proba_accuracy_strategy_132_epoch13": 0.8241507749884313, "ENV_Test_proba_accuracy_strategy_23_epoch13": 0.7888972640858405, "ENV_Test_proba_accuracy_strategy_107_epoch13": 0.8356708564177598, "ENV_Test_proba_accuracy_strategy_43_epoch13": 0.76961204576916, "ENV_Test_proba_accuracy_strategy_17_epoch13": 0.7564196096876743, "ENV_Test_proba_accuracy_strategy_93_epoch13": 0.7872617133393149, "ENV_Test_proba_accuracy_per_mean_strategy_epoch13": 0.7936687107146968, "ENV_Test_proba_accuracy_per_mean_user_epoch13": 0.7945762772761115, "ENV_Test_proba_accuracy_per_mean_user_and_bot_epoch13": 0.812322852999533, "ENV_Test_accuracy_epoch13": 0.79584, "ENV_Test_accuracy_strategy_132_epoch13": 0.8351274787535411, "ENV_Test_accuracy_strategy_23_epoch13": 0.8033608014218775, "ENV_Test_accuracy_strategy_107_epoch13": 0.8472906403940886, "ENV_Test_accuracy_strategy_43_epoch13": 0.7786259541984732, "ENV_Test_accuracy_strategy_17_epoch13": 0.7672413793103449, "ENV_Test_accuracy_strategy_93_epoch13": 0.8012939001848429, "ENV_Test_accuracy_per_mean_strategy_epoch13": 0.8054900257105281, "ENV_Test_accuracy_per_mean_user_epoch13": 0.807130504584776, "ENV_Test_accuracy_per_mean_user_and_bot_epoch13": 0.825577442917212, "ENV_Train_TotalLoss_epoch14": 370.20723282296746, "ENV_Train_Right action_epoch14": 0.9295957732304596, "ENV_Train_Probability to choose the right action_epoch14": 0.8991717336536407, "ENV_Train_Weighted right action_epoch14": 0.9295957732304596, "ENV_Train_Weighted probability to choose the right action:_epoch14": 0.8991717336536407, "ENV_Test_TotalLoss_epoch14": 422.536165308071, "ENV_Test_Right action_epoch14": 0.797568, "ENV_Test_Probability to choose the right action_epoch14": 0.785768470013441, "ENV_Test_Weighted right action_epoch14": 0.8288903718660813, "ENV_Test_Weighted probability to choose the right action:_epoch14": 0.816310020252361, "ENV_Test_proba_accuracy_epoch14": 0.7857684700134422, "ENV_Test_proba_accuracy_strategy_132_epoch14": 0.8191435332082189, "ENV_Test_proba_accuracy_strategy_23_epoch14": 0.7920075564539956, "ENV_Test_proba_accuracy_strategy_107_epoch14": 0.8439568821846017, "ENV_Test_proba_accuracy_strategy_43_epoch14": 0.7745954532643669, "ENV_Test_proba_accuracy_strategy_17_epoch14": 0.7601327566125848, "ENV_Test_proba_accuracy_strategy_93_epoch14": 0.7835584621289009, "ENV_Test_proba_accuracy_per_mean_strategy_epoch14": 0.7955657739754448, "ENV_Test_proba_accuracy_per_mean_user_epoch14": 0.7971709035854663, "ENV_Test_proba_accuracy_per_mean_user_and_bot_epoch14": 0.8163100202523609, "ENV_Test_accuracy_epoch14": 0.797568, "ENV_Test_accuracy_strategy_132_epoch14": 0.8294617563739377, "ENV_Test_accuracy_strategy_23_epoch14": 0.8059460332848603, "ENV_Test_accuracy_strategy_107_epoch14": 0.8538587848932676, "ENV_Test_accuracy_strategy_43_epoch14": 0.7849872773536896, "ENV_Test_accuracy_strategy_17_epoch14": 0.7710980036297641, "ENV_Test_accuracy_strategy_93_epoch14": 0.7920517560073937, "ENV_Test_accuracy_per_mean_strategy_epoch14": 0.8062339352571523, "ENV_Test_accuracy_per_mean_user_epoch14": 0.8098428798126858, "ENV_Test_accuracy_per_mean_user_and_bot_epoch14": 0.8288903718660809, "ENV_Train_TotalLoss_epoch15": 328.35513496004904, "ENV_Train_Right action_epoch15": 0.9381036916926432, "ENV_Train_Probability to choose the right action_epoch15": 0.9102143661568808, "ENV_Train_Weighted right action_epoch15": 0.9381036916926432, "ENV_Train_Weighted probability to choose the right action:_epoch15": 0.9102143661568808, "ENV_Test_TotalLoss_epoch15": 467.42175883699605, "ENV_Test_Right action_epoch15": 0.793984, "ENV_Test_Probability to choose the right action_epoch15": 0.7851523968017831, "ENV_Test_Weighted right action_epoch15": 0.8239653346909016, "ENV_Test_Weighted probability to choose the right action:_epoch15": 0.8151266464502159, "ENV_Test_proba_accuracy_epoch15": 0.785152396801782, "ENV_Test_proba_accuracy_strategy_132_epoch15": 0.8220583328116733, "ENV_Test_proba_accuracy_strategy_23_epoch15": 0.7908823186299058, "ENV_Test_proba_accuracy_strategy_107_epoch15": 0.8352004958129872, "ENV_Test_proba_accuracy_strategy_43_epoch15": 0.7723182264720315, "ENV_Test_proba_accuracy_strategy_17_epoch15": 0.761055583355667, "ENV_Test_proba_accuracy_strategy_93_epoch15": 0.7808208939175872, "ENV_Test_proba_accuracy_per_mean_strategy_epoch15": 0.7937226418333087, "ENV_Test_proba_accuracy_per_mean_user_epoch15": 0.7973538621884491, "ENV_Test_proba_accuracy_per_mean_user_and_bot_epoch15": 0.8151266464502163, "ENV_Test_accuracy_epoch15": 0.793984, "ENV_Test_accuracy_strategy_132_epoch15": 0.830028328611898, "ENV_Test_accuracy_strategy_23_epoch15": 0.8007755695588948, "ENV_Test_accuracy_strategy_107_epoch15": 0.8407224958949097, "ENV_Test_accuracy_strategy_43_epoch15": 0.7818066157760815, "ENV_Test_accuracy_strategy_17_epoch15": 0.7686025408348457, "ENV_Test_accuracy_strategy_93_epoch15": 0.7911275415896488, "ENV_Test_accuracy_per_mean_strategy_epoch15": 0.8021771820443798, "ENV_Test_accuracy_per_mean_user_epoch15": 0.8068908822467635, "ENV_Test_accuracy_per_mean_user_and_bot_epoch15": 0.8239653346909027, "ENV_Train_TotalLoss_epoch16": 305.40945735609716, "ENV_Train_Right action_epoch16": 0.9415292144254962, "ENV_Train_Probability to choose the right action_epoch16": 0.9171758966739735, "ENV_Train_Weighted right action_epoch16": 0.9415292144254962, "ENV_Train_Weighted probability to choose the right action:_epoch16": 0.9171758966739735, "ENV_Test_TotalLoss_epoch16": 472.82640938760335, "ENV_Test_Right action_epoch16": 0.793344, "ENV_Test_Probability to choose the right action_epoch16": 0.78417769383329, "ENV_Test_Weighted right action_epoch16": 0.8241142588205839, "ENV_Test_Weighted probability to choose the right action:_epoch16": 0.8149673198476687, "ENV_Test_proba_accuracy_epoch16": 0.7841776938332895, "ENV_Test_proba_accuracy_strategy_132_epoch16": 0.8225835396924344, "ENV_Test_proba_accuracy_strategy_23_epoch16": 0.786314667858604, "ENV_Test_proba_accuracy_strategy_107_epoch16": 0.8430711022578764, "ENV_Test_proba_accuracy_strategy_43_epoch16": 0.7738647603069309, "ENV_Test_proba_accuracy_strategy_17_epoch16": 0.7616609618037444, "ENV_Test_proba_accuracy_strategy_93_epoch16": 0.7828722875255588, "ENV_Test_proba_accuracy_per_mean_strategy_epoch16": 0.7950612199075248, "ENV_Test_proba_accuracy_per_mean_user_epoch16": 0.794771818414013, "ENV_Test_proba_accuracy_per_mean_user_and_bot_epoch16": 0.8149673198476691, "ENV_Test_accuracy_epoch16": 0.793344, "ENV_Test_accuracy_strategy_132_epoch16": 0.8271954674220963, "ENV_Test_accuracy_strategy_23_epoch16": 0.7954435288414929, "ENV_Test_accuracy_strategy_107_epoch16": 0.8555008210180624, "ENV_Test_accuracy_strategy_43_epoch16": 0.7805343511450382, "ENV_Test_accuracy_strategy_17_epoch16": 0.771551724137931, "ENV_Test_accuracy_strategy_93_epoch16": 0.7985212569316081, "ENV_Test_accuracy_per_mean_strategy_epoch16": 0.8047911915827047, "ENV_Test_accuracy_per_mean_user_epoch16": 0.8038599108842589, "ENV_Test_accuracy_per_mean_user_and_bot_epoch16": 0.8241142588205854, "ENV_Train_TotalLoss_epoch17": 277.52415863018837, "ENV_Train_Right action_epoch17": 0.9496931829300681, "ENV_Train_Probability to choose the right action_epoch17": 0.9254264399470572, "ENV_Train_Weighted right action_epoch17": 0.9496931829300681, "ENV_Train_Weighted probability to choose the right action:_epoch17": 0.9254264399470572, "ENV_Test_TotalLoss_epoch17": 560.1772527383714, "ENV_Test_Right action_epoch17": 0.795264, "ENV_Test_Probability to choose the right action_epoch17": 0.7892433311118366, "ENV_Test_Weighted right action_epoch17": 0.8220473202781475, "ENV_Test_Weighted probability to choose the right action:_epoch17": 0.817832046343252, "ENV_Test_proba_accuracy_epoch17": 0.7892433311118366, "ENV_Test_proba_accuracy_strategy_132_epoch17": 0.8175336433445991, "ENV_Test_proba_accuracy_strategy_23_epoch17": 0.7977275158633325, "ENV_Test_proba_accuracy_strategy_107_epoch17": 0.8475794315090905, "ENV_Test_proba_accuracy_strategy_43_epoch17": 0.7804170553629918, "ENV_Test_proba_accuracy_strategy_17_epoch17": 0.7632094359362123, "ENV_Test_proba_accuracy_strategy_93_epoch17": 0.7806154288489667, "ENV_Test_proba_accuracy_per_mean_strategy_epoch17": 0.7978470851441988, "ENV_Test_proba_accuracy_per_mean_user_epoch17": 0.8008620618605108, "ENV_Test_proba_accuracy_per_mean_user_and_bot_epoch17": 0.8178320463432517, "ENV_Test_accuracy_epoch17": 0.795264, "ENV_Test_accuracy_strategy_132_epoch17": 0.8192634560906515, "ENV_Test_accuracy_strategy_23_epoch17": 0.8056228793019874, "ENV_Test_accuracy_strategy_107_epoch17": 0.8522167487684729, "ENV_Test_accuracy_strategy_43_epoch17": 0.7830788804071247, "ENV_Test_accuracy_strategy_17_epoch17": 0.7710980036297641, "ENV_Test_accuracy_strategy_93_epoch17": 0.7809611829944547, "ENV_Test_accuracy_per_mean_strategy_epoch17": 0.8020401918654092, "ENV_Test_accuracy_per_mean_user_epoch17": 0.806049442437973, "ENV_Test_accuracy_per_mean_user_and_bot_epoch17": 0.8220473202781474, "ENV_Train_TotalLoss_epoch18": 256.2787259587772, "ENV_Train_Right action_epoch18": 0.9537158668492691, "ENV_Train_Probability to choose the right action_epoch18": 0.9318217028851049, "ENV_Train_Weighted right action_epoch18": 0.9537158668492691, "ENV_Train_Weighted probability to choose the right action:_epoch18": 0.9318217028851049, "ENV_Test_TotalLoss_epoch18": 528.2373017977018, "ENV_Test_Right action_epoch18": 0.789568, "ENV_Test_Probability to choose the right action_epoch18": 0.7838942886289454, "ENV_Test_Weighted right action_epoch18": 0.821719803175313, "ENV_Test_Weighted probability to choose the right action:_epoch18": 0.8157816478240129, "ENV_Test_proba_accuracy_epoch18": 0.783894288628945, "ENV_Test_proba_accuracy_strategy_132_epoch18": 0.8208666420861584, "ENV_Test_proba_accuracy_strategy_23_epoch18": 0.7887961396661634, "ENV_Test_proba_accuracy_strategy_107_epoch18": 0.8566228131283216, "ENV_Test_proba_accuracy_strategy_43_epoch18": 0.7679358308158215, "ENV_Test_proba_accuracy_strategy_17_epoch18": 0.7594089415827358, "ENV_Test_proba_accuracy_strategy_93_epoch18": 0.7775474070397339, "ENV_Test_proba_accuracy_per_mean_strategy_epoch18": 0.7951962957198223, "ENV_Test_proba_accuracy_per_mean_user_epoch18": 0.7941954547687301, "ENV_Test_proba_accuracy_per_mean_user_and_bot_epoch18": 0.8157816478240133, "ENV_Test_accuracy_epoch18": 0.789568, "ENV_Test_accuracy_strategy_132_epoch18": 0.8288951841359773, "ENV_Test_accuracy_strategy_23_epoch18": 0.7946356438843108, "ENV_Test_accuracy_strategy_107_epoch18": 0.8587848932676518, "ENV_Test_accuracy_strategy_43_epoch18": 0.7735368956743003, "ENV_Test_accuracy_strategy_17_epoch18": 0.765426497277677, "ENV_Test_accuracy_strategy_93_epoch18": 0.7791127541589649, "ENV_Test_accuracy_per_mean_strategy_epoch18": 0.8000653113998138, "ENV_Test_accuracy_per_mean_user_epoch18": 0.799550789345742, "ENV_Test_accuracy_per_mean_user_and_bot_epoch18": 0.8217198031753139, "ENV_Train_TotalLoss_epoch19": 237.99846936376227, "ENV_Train_Right action_epoch19": 0.9569192060385798, "ENV_Train_Probability to choose the right action_epoch19": 0.9366597931170183, "ENV_Train_Weighted right action_epoch19": 0.9569192060385798, "ENV_Train_Weighted probability to choose the right action:_epoch19": 0.9366597931170183, "ENV_Test_TotalLoss_epoch19": 508.64915461054306, "ENV_Test_Right action_epoch19": 0.78816, "ENV_Test_Probability to choose the right action_epoch19": 0.7809686616049049, "ENV_Test_Weighted right action_epoch19": 0.815063665328338, "ENV_Test_Weighted probability to choose the right action:_epoch19": 0.8090538989549106, "ENV_Test_proba_accuracy_epoch19": 0.7809686616049053, "ENV_Test_proba_accuracy_strategy_132_epoch19": 0.8209262466332917, "ENV_Test_proba_accuracy_strategy_23_epoch19": 0.7853770155003995, "ENV_Test_proba_accuracy_strategy_107_epoch19": 0.8392037851527316, "ENV_Test_proba_accuracy_strategy_43_epoch19": 0.7652873664984554, "ENV_Test_proba_accuracy_strategy_17_epoch19": 0.7595167462572218, "ENV_Test_proba_accuracy_strategy_93_epoch19": 0.767971811960715, "ENV_Test_proba_accuracy_per_mean_strategy_epoch19": 0.7897138286671358, "ENV_Test_proba_accuracy_per_mean_user_epoch19": 0.7905716900914922, "ENV_Test_proba_accuracy_per_mean_user_and_bot_epoch19": 0.8090538989549113, "ENV_Test_accuracy_epoch19": 0.78816, "ENV_Test_accuracy_strategy_132_epoch19": 0.8254957507082153, "ENV_Test_accuracy_strategy_23_epoch19": 0.7933430279528195, "ENV_Test_accuracy_strategy_107_epoch19": 0.8456486042692939, "ENV_Test_accuracy_strategy_43_epoch19": 0.772264631043257, "ENV_Test_accuracy_strategy_17_epoch19": 0.7674682395644283, "ENV_Test_accuracy_strategy_93_epoch19": 0.7726432532347505, "ENV_Test_accuracy_per_mean_strategy_epoch19": 0.7961439177954608, "ENV_Test_accuracy_per_mean_user_epoch19": 0.7976585206566617, "ENV_Test_accuracy_per_mean_user_and_bot_epoch19": 0.815063665328338, "ENV_Train_TotalLoss_epoch20": 219.18127198837746, "ENV_Train_Right action_epoch20": 0.9607492311993291, "ENV_Train_Probability to choose the right action_epoch20": 0.9424039272272654, "ENV_Train_Weighted right action_epoch20": 0.9607492311993291, "ENV_Train_Weighted probability to choose the right action:_epoch20": 0.9424039272272654, "ENV_Test_TotalLoss_epoch20": 555.5397476022664, "ENV_Test_Right action_epoch20": 0.791808, "ENV_Test_Probability to choose the right action_epoch20": 0.7864912827843115, "ENV_Test_Weighted right action_epoch20": 0.8231876067381582, "ENV_Test_Weighted probability to choose the right action:_epoch20": 0.8162463926346862, "ENV_Test_proba_accuracy_epoch20": 0.7864912827843121, "ENV_Test_proba_accuracy_strategy_132_epoch20": 0.8247711284273533, "ENV_Test_proba_accuracy_strategy_23_epoch20": 0.792028442265922, "ENV_Test_proba_accuracy_strategy_107_epoch20": 0.858257020103079, "ENV_Test_proba_accuracy_strategy_43_epoch20": 0.7776144287650648, "ENV_Test_proba_accuracy_strategy_17_epoch20": 0.7597325416250796, "ENV_Test_proba_accuracy_strategy_93_epoch20": 0.77389258031608, "ENV_Test_proba_accuracy_per_mean_strategy_epoch20": 0.7977160235837631, "ENV_Test_proba_accuracy_per_mean_user_epoch20": 0.7963088064172573, "ENV_Test_proba_accuracy_per_mean_user_and_bot_epoch20": 0.8162463926346861, "ENV_Test_accuracy_epoch20": 0.791808, "ENV_Test_accuracy_strategy_132_epoch20": 0.8305949008498583, "ENV_Test_accuracy_strategy_23_epoch20": 0.7975440297301665, "ENV_Test_accuracy_strategy_107_epoch20": 0.8637110016420362, "ENV_Test_accuracy_strategy_43_epoch20": 0.7818066157760815, "ENV_Test_accuracy_strategy_17_epoch20": 0.764519056261343, "ENV_Test_accuracy_strategy_93_epoch20": 0.7809611829944547, "ENV_Test_accuracy_per_mean_strategy_epoch20": 0.8031894645423234, "ENV_Test_accuracy_per_mean_user_epoch20": 0.8016825911102803, "ENV_Test_accuracy_per_mean_user_and_bot_epoch20": 0.823187606738158, "ENV_Train_TotalLoss_epoch21": 207.882212874037, "ENV_Train_Right action_epoch21": 0.9629898809191033, "ENV_Train_Probability to choose the right action_epoch21": 0.9460285085827929, "ENV_Train_Weighted right action_epoch21": 0.9629898809191033, "ENV_Train_Weighted probability to choose the right action:_epoch21": 0.9460285085827929, "ENV_Test_TotalLoss_epoch21": 540.1047663002603, "ENV_Test_Right action_epoch21": 0.790208, "ENV_Test_Probability to choose the right action_epoch21": 0.7835346689839714, "ENV_Test_Weighted right action_epoch21": 0.8208491275152789, "ENV_Test_Weighted probability to choose the right action:_epoch21": 0.8130305516440987, "ENV_Test_proba_accuracy_epoch21": 0.783534668983971, "ENV_Test_proba_accuracy_strategy_132_epoch21": 0.8251035323537703, "ENV_Test_proba_accuracy_strategy_23_epoch21": 0.7876221398858385, "ENV_Test_proba_accuracy_strategy_107_epoch21": 0.8450411451991788, "ENV_Test_proba_accuracy_strategy_43_epoch21": 0.7766470166108148, "ENV_Test_proba_accuracy_strategy_17_epoch21": 0.7580162486250868, "ENV_Test_proba_accuracy_strategy_93_epoch21": 0.771694318889837, "ENV_Test_proba_accuracy_per_mean_strategy_epoch21": 0.7940207335940878, "ENV_Test_proba_accuracy_per_mean_user_epoch21": 0.7938548737087392, "ENV_Test_proba_accuracy_per_mean_user_and_bot_epoch21": 0.8130305516441002, "ENV_Test_accuracy_epoch21": 0.790208, "ENV_Test_accuracy_strategy_132_epoch21": 0.8322946175637393, "ENV_Test_accuracy_strategy_23_epoch21": 0.7941509129100016, "ENV_Test_accuracy_strategy_107_epoch21": 0.8472906403940886, "ENV_Test_accuracy_strategy_43_epoch21": 0.7805343511450382, "ENV_Test_accuracy_strategy_17_epoch21": 0.7667876588021778, "ENV_Test_accuracy_strategy_93_epoch21": 0.7763401109057301, "ENV_Test_accuracy_per_mean_strategy_epoch21": 0.7995663819534626, "ENV_Test_accuracy_per_mean_user_epoch21": 0.8009961051652968, "ENV_Test_accuracy_per_mean_user_and_bot_epoch21": 0.8208491275152795, "ENV_Train_TotalLoss_epoch22": 191.04287481557074, "ENV_Train_Right action_epoch22": 0.9668297455968689, "ENV_Train_Probability to choose the right action_epoch22": 0.9503727409603822, "ENV_Train_Weighted right action_epoch22": 0.9668297455968689, "ENV_Train_Weighted probability to choose the right action:_epoch22": 0.9503727409603822, "ENV_Test_TotalLoss_epoch22": 611.4900205402711, "ENV_Test_Right action_epoch22": 0.785088, "ENV_Test_Probability to choose the right action_epoch22": 0.7828204300835179, "ENV_Test_Weighted right action_epoch22": 0.8162245134804842, "ENV_Test_Weighted probability to choose the right action:_epoch22": 0.8147692825611285, "ENV_Test_proba_accuracy_epoch22": 0.782820430083519, "ENV_Test_proba_accuracy_strategy_132_epoch22": 0.8257141961667102, "ENV_Test_proba_accuracy_strategy_23_epoch22": 0.7846731537678238, "ENV_Test_proba_accuracy_strategy_107_epoch22": 0.8535083514308757, "ENV_Test_proba_accuracy_strategy_43_epoch22": 0.7733725993427527, "ENV_Test_proba_accuracy_strategy_17_epoch22": 0.7569614313937173, "ENV_Test_proba_accuracy_strategy_93_epoch22": 0.7815408626432184, "ENV_Test_proba_accuracy_per_mean_strategy_epoch22": 0.7959617657908497, "ENV_Test_proba_accuracy_per_mean_user_epoch22": 0.7930838058465782, "ENV_Test_proba_accuracy_per_mean_user_and_bot_epoch22": 0.8147692825611288, "ENV_Test_accuracy_epoch22": 0.785088, "ENV_Test_accuracy_strategy_132_epoch22": 0.8294617563739377, "ENV_Test_accuracy_strategy_23_epoch22": 0.7860720633381807, "ENV_Test_accuracy_strategy_107_epoch22": 0.8472906403940886, "ENV_Test_accuracy_strategy_43_epoch22": 0.7760814249363868, "ENV_Test_accuracy_strategy_17_epoch22": 0.7602087114337568, "ENV_Test_accuracy_strategy_93_epoch22": 0.7865064695009242, "ENV_Test_accuracy_per_mean_strategy_epoch22": 0.7976035109962125, "ENV_Test_accuracy_per_mean_user_epoch22": 0.7955212093782406, "ENV_Test_accuracy_per_mean_user_and_bot_epoch22": 0.8162245134804843, "ENV_Train_TotalLoss_epoch23": 182.11788267055096, "ENV_Train_Right action_epoch23": 0.9673068321592306, "ENV_Train_Probability to choose the right action_epoch23": 0.9527850603543383, "ENV_Train_Weighted right action_epoch23": 0.9673068321592306, "ENV_Train_Weighted probability to choose the right action:_epoch23": 0.9527850603543383, "ENV_Test_TotalLoss_epoch23": 645.5169870438493, "ENV_Test_Right action_epoch23": 0.789632, "ENV_Test_Probability to choose the right action_epoch23": 0.7854466885142957, "ENV_Test_Weighted right action_epoch23": 0.8192708220485817, "ENV_Test_Weighted probability to choose the right action:_epoch23": 0.814427090359205, "ENV_Test_proba_accuracy_epoch23": 0.785446688514296, "ENV_Test_proba_accuracy_strategy_132_epoch23": 0.8258083192103183, "ENV_Test_proba_accuracy_strategy_23_epoch23": 0.7917002663896614, "ENV_Test_proba_accuracy_strategy_107_epoch23": 0.854520852564553, "ENV_Test_proba_accuracy_strategy_43_epoch23": 0.774255900501023, "ENV_Test_proba_accuracy_strategy_17_epoch23": 0.7559995226060675, "ENV_Test_proba_accuracy_strategy_93_epoch23": 0.7811834616424045, "ENV_Test_proba_accuracy_per_mean_strategy_epoch23": 0.7972447204856712, "ENV_Test_proba_accuracy_per_mean_user_epoch23": 0.7951268027709564, "ENV_Test_proba_accuracy_per_mean_user_and_bot_epoch23": 0.8144270903592048, "ENV_Test_accuracy_epoch23": 0.789632, "ENV_Test_accuracy_strategy_132_epoch23": 0.8305949008498583, "ENV_Test_accuracy_strategy_23_epoch23": 0.7957666828243658, "ENV_Test_accuracy_strategy_107_epoch23": 0.8587848932676518, "ENV_Test_accuracy_strategy_43_epoch23": 0.7760814249363868, "ENV_Test_accuracy_strategy_17_epoch23": 0.7608892921960072, "ENV_Test_accuracy_strategy_93_epoch23": 0.7855822550831792, "ENV_Test_accuracy_per_mean_strategy_epoch23": 0.8012832415262415, "ENV_Test_accuracy_per_mean_user_epoch23": 0.7998922286984504, "ENV_Test_accuracy_per_mean_user_and_bot_epoch23": 0.8192708220485816, "ENV_Train_TotalLoss_epoch24": 165.95190577974773, "ENV_Train_Right action_epoch24": 0.9714421504354268, "ENV_Train_Probability to choose the right action_epoch24": 0.9574147469344625, "ENV_Train_Weighted right action_epoch24": 0.9714421504354268, "ENV_Train_Weighted probability to choose the right action:_epoch24": 0.9574147469344625, "ENV_Test_TotalLoss_epoch24": 625.1376669917099, "ENV_Test_Right action_epoch24": 0.788544, "ENV_Test_Probability to choose the right action_epoch24": 0.7854301542905421, "ENV_Test_Weighted right action_epoch24": 0.821582672909987, "ENV_Test_Weighted probability to choose the right action:_epoch24": 0.8166539562666684, "ENV_Test_proba_accuracy_epoch24": 0.7854301542905419, "ENV_Test_proba_accuracy_strategy_132_epoch24": 0.8266142127988627, "ENV_Test_proba_accuracy_strategy_23_epoch24": 0.7914587206877339, "ENV_Test_proba_accuracy_strategy_107_epoch24": 0.8438609932512672, "ENV_Test_proba_accuracy_strategy_43_epoch24": 0.7735574787073265, "ENV_Test_proba_accuracy_strategy_17_epoch24": 0.7570107656948503, "ENV_Test_proba_accuracy_strategy_93_epoch24": 0.7839065584681142, "ENV_Test_proba_accuracy_per_mean_strategy_epoch24": 0.7960681216013592, "ENV_Test_proba_accuracy_per_mean_user_epoch24": 0.7962333946629245, "ENV_Test_proba_accuracy_per_mean_user_and_bot_epoch24": 0.81665395626667, "ENV_Test_accuracy_epoch24": 0.788544, "ENV_Test_accuracy_strategy_132_epoch24": 0.8260623229461757, "ENV_Test_accuracy_strategy_23_epoch24": 0.7954435288414929, "ENV_Test_accuracy_strategy_107_epoch24": 0.8522167487684729, "ENV_Test_accuracy_strategy_43_epoch24": 0.7703562340966921, "ENV_Test_accuracy_strategy_17_epoch24": 0.7588475499092558, "ENV_Test_accuracy_strategy_93_epoch24": 0.7994454713493531, "ENV_Test_accuracy_per_mean_strategy_epoch24": 0.8003953093185737, "ENV_Test_accuracy_per_mean_user_epoch24": 0.7994703435704898, "ENV_Test_accuracy_per_mean_user_and_bot_epoch24": 0.821582672909988, "_wandb": {"runtime": 2155}}