{"ENV_Train_TotalLoss": 1017.8961885136931, "ENV_Train_TotalLoss_epoch0": 1198.7248698750047, "ENV_Train_Right action": 0.7927703769971624, "ENV_Train_Right action_epoch0": 0.7429034647584173, "ENV_Train_Probability to choose the right action": 0.7122664509410574, "ENV_Train_Probability to choose the right action_epoch0": 0.6482363015103688, "ENV_Train_Weighted right action": 0.7927703769971624, "ENV_Train_Weighted right action_epoch0": 0.7429034647584173, "ENV_Train_Weighted probability to choose the right action:": 0.7122664509410574, "ENV_Train_Weighted probability to choose the right action:_epoch0": 0.6482363015103688, "_timestamp": 1720495933.3096561, "_runtime": 2619.8184292316437, "_step": 49, "ENV_Test_TotalLoss": 230.0772489058951, "ENV_Test_TotalLoss_epoch0": 252.2786284936395, "ENV_Test_Right action": 0.769984, "ENV_Test_Right action_epoch0": 0.758976, "ENV_Test_Probability to choose the right action": 0.7049863184809855, "ENV_Test_Probability to choose the right action_epoch0": 0.6960653809003248, "ENV_Test_Weighted right action": 0.8306701195520053, "ENV_Test_Weighted right action_epoch0": 0.8146460275293459, "ENV_Test_Weighted probability to choose the right action:": 0.7563720693279586, "ENV_Test_Weighted probability to choose the right action:_epoch0": 0.7492755930002103, "ENV_Test_proba_accuracy": 0.7049863184809843, "ENV_Test_proba_accuracy_epoch0": 0.6960653809003259, "ENV_Test_proba_accuracy_strategy_132": 0.7629121200694593, "ENV_Test_proba_accuracy_strategy_132_epoch0": 0.7530286758690808, "ENV_Test_proba_accuracy_strategy_23": 0.6967187982295039, "ENV_Test_proba_accuracy_strategy_23_epoch0": 0.6838142627647821, "ENV_Test_proba_accuracy_strategy_107": 0.7990149487347402, "ENV_Test_proba_accuracy_strategy_107_epoch0": 0.7759103617292301, "ENV_Test_proba_accuracy_strategy_43": 0.7233234154143228, "ENV_Test_proba_accuracy_strategy_43_epoch0": 0.710250853586907, "ENV_Test_proba_accuracy_strategy_17": 0.6709687799192967, "ENV_Test_proba_accuracy_strategy_17_epoch0": 0.6714402908746363, "ENV_Test_proba_accuracy_strategy_93": 0.7168057277313811, "ENV_Test_proba_accuracy_strategy_93_epoch0": 0.7079916239374412, "ENV_Test_proba_accuracy_per_mean_strategy": 0.7282906316831173, "ENV_Test_proba_accuracy_per_mean_strategy_epoch0": 0.717072678127013, "ENV_Test_proba_accuracy_per_mean_user": 0.7213615226845836, "ENV_Test_proba_accuracy_per_mean_user_epoch0": 0.7142686528799814, "ENV_Test_proba_accuracy_per_mean_user_and_bot": 0.7563720693279606, "ENV_Test_proba_accuracy_per_mean_user_and_bot_epoch0": 0.7492755930002101, "ENV_Test_accuracy": 0.769984, "ENV_Test_accuracy_epoch0": 0.758976, "ENV_Test_accuracy_strategy_132": 0.8356940509915014, "ENV_Test_accuracy_strategy_132_epoch0": 0.8135977337110482, "ENV_Test_accuracy_strategy_23": 0.7582808208111165, "ENV_Test_accuracy_strategy_23_epoch0": 0.7532719340765875, "ENV_Test_accuracy_strategy_107": 0.8653530377668309, "ENV_Test_accuracy_strategy_107_epoch0": 0.8555008210180624, "ENV_Test_accuracy_strategy_43": 0.787531806615776, "ENV_Test_accuracy_strategy_43_epoch0": 0.7741730279898219, "ENV_Test_accuracy_strategy_17": 0.7366152450090744, "ENV_Test_accuracy_strategy_17_epoch0": 0.7236842105263158, "ENV_Test_accuracy_strategy_93": 0.7865064695009242, "ENV_Test_accuracy_strategy_93_epoch0": 0.7698706099815157, "ENV_Test_accuracy_per_mean_strategy": 0.7949969051158705, "ENV_Test_accuracy_per_mean_strategy_epoch0": 0.7816830562172252, "ENV_Test_accuracy_per_mean_user": 0.7901361021735599, "ENV_Test_accuracy_per_mean_user_epoch0": 0.7773901318199476, "ENV_Test_accuracy_per_mean_user_and_bot": 0.830670119552006, "ENV_Test_accuracy_per_mean_user_and_bot_epoch0": 0.8146460275293451, "ENV_Train_TotalLoss_epoch1": 1048.2415885582843, "ENV_Train_Right action_epoch1": 0.7851502997610297, "ENV_Train_Probability to choose the right action_epoch1": 0.7015501669761594, "ENV_Train_Weighted right action_epoch1": 0.7851502997610297, "ENV_Train_Weighted probability to choose the right action:_epoch1": 0.7015501669761594, "ENV_Test_TotalLoss_epoch1": 238.65022369422866, "ENV_Test_Right action_epoch1": 0.766272, "ENV_Test_Probability to choose the right action_epoch1": 0.7121908486752854, "ENV_Test_Weighted right action_epoch1": 0.8227326085616701, "ENV_Test_Weighted probability to choose the right action:_epoch1": 0.7609744247945548, "ENV_Test_proba_accuracy_epoch1": 0.7121908486752847, "ENV_Test_proba_accuracy_strategy_132_epoch1": 0.7632631045390132, "ENV_Test_proba_accuracy_strategy_23_epoch1": 0.7040929534775144, "ENV_Test_proba_accuracy_strategy_107_epoch1": 0.7998396685138373, "ENV_Test_proba_accuracy_strategy_43_epoch1": 0.7274715147309504, "ENV_Test_proba_accuracy_strategy_17_epoch1": 0.6806865458791008, "ENV_Test_proba_accuracy_strategy_93_epoch1": 0.7320124477362021, "ENV_Test_proba_accuracy_per_mean_strategy_epoch1": 0.7345610391461029, "ENV_Test_proba_accuracy_per_mean_user_epoch1": 0.727433790754214, "ENV_Test_proba_accuracy_per_mean_user_and_bot_epoch1": 0.7609744247945543, "ENV_Test_accuracy_epoch1": 0.766272, "ENV_Test_accuracy_strategy_132_epoch1": 0.8175637393767705, "ENV_Test_accuracy_strategy_23_epoch1": 0.7571497818710615, "ENV_Test_accuracy_strategy_107_epoch1": 0.8702791461412152, "ENV_Test_accuracy_strategy_43_epoch1": 0.7881679389312977, "ENV_Test_accuracy_strategy_17_epoch1": 0.7311705989110708, "ENV_Test_accuracy_strategy_93_epoch1": 0.7874306839186691, "ENV_Test_accuracy_per_mean_strategy_epoch1": 0.7919603148583475, "ENV_Test_accuracy_per_mean_user_epoch1": 0.783470659953626, "ENV_Test_accuracy_per_mean_user_and_bot_epoch1": 0.8227326085616703, "ENV_Train_TotalLoss_epoch2": 1013.5586071390127, "ENV_Train_Right action_epoch2": 0.7913312087666331, "ENV_Train_Probability to choose the right action_epoch2": 0.7130052789504092, "ENV_Train_Weighted right action_epoch2": 0.7913312087666331, "ENV_Train_Weighted probability to choose the right action:_epoch2": 0.7130052789504092, "ENV_Test_TotalLoss_epoch2": 237.4018541723149, "ENV_Test_Right action_epoch2": 0.76832, "ENV_Test_Probability to choose the right action_epoch2": 0.7122658027988015, "ENV_Test_Weighted right action_epoch2": 0.8257950625114328, "ENV_Test_Weighted probability to choose the right action:_epoch2": 0.7614031484004062, "ENV_Test_proba_accuracy_epoch2": 0.7122658027988021, "ENV_Test_proba_accuracy_strategy_132_epoch2": 0.7708747871547066, "ENV_Test_proba_accuracy_strategy_23_epoch2": 0.7056113618767534, "ENV_Test_proba_accuracy_strategy_107_epoch2": 0.7934177587112113, "ENV_Test_proba_accuracy_strategy_43_epoch2": 0.73148383674147, "ENV_Test_proba_accuracy_strategy_17_epoch2": 0.6779020629859182, "ENV_Test_proba_accuracy_strategy_93_epoch2": 0.7211221355761117, "ENV_Test_proba_accuracy_per_mean_strategy_epoch2": 0.7334019905076952, "ENV_Test_proba_accuracy_per_mean_user_epoch2": 0.7285565408362733, "ENV_Test_proba_accuracy_per_mean_user_and_bot_epoch2": 0.7614031484004045, "ENV_Test_accuracy_epoch2": 0.76832, "ENV_Test_accuracy_strategy_132_epoch2": 0.830028328611898, "ENV_Test_accuracy_strategy_23_epoch2": 0.7629665535627727, "ENV_Test_accuracy_strategy_107_epoch2": 0.8587848932676518, "ENV_Test_accuracy_strategy_43_epoch2": 0.794529262086514, "ENV_Test_accuracy_strategy_17_epoch2": 0.7261796733212341, "ENV_Test_accuracy_strategy_93_epoch2": 0.7809611829944547, "ENV_Test_accuracy_per_mean_strategy_epoch2": 0.7922416489740876, "ENV_Test_accuracy_per_mean_user_epoch2": 0.7869266973308852, "ENV_Test_accuracy_per_mean_user_and_bot_epoch2": 0.8257950625114325, "ENV_Train_TotalLoss_epoch3": 1000.4584959819132, "ENV_Train_Right action_epoch3": 0.7952474140341068, "ENV_Train_Probability to choose the right action_epoch3": 0.7171878600493214, "ENV_Train_Weighted right action_epoch3": 0.7952474140341068, "ENV_Train_Weighted probability to choose the right action:_epoch3": 0.7171878600493214, "ENV_Test_TotalLoss_epoch3": 230.37530660777645, "ENV_Test_Right action_epoch3": 0.774016, "ENV_Test_Probability to choose the right action_epoch3": 0.7221104419336433, "ENV_Test_Weighted right action_epoch3": 0.8308855317132199, "ENV_Test_Weighted probability to choose the right action:_epoch3": 0.7715705356520846, "ENV_Test_proba_accuracy_epoch3": 0.7221104419336428, "ENV_Test_proba_accuracy_strategy_132_epoch3": 0.774368548765147, "ENV_Test_proba_accuracy_strategy_23_epoch3": 0.716118073038673, "ENV_Test_proba_accuracy_strategy_107_epoch3": 0.8082932833808399, "ENV_Test_proba_accuracy_strategy_43_epoch3": 0.7370700486033839, "ENV_Test_proba_accuracy_strategy_17_epoch3": 0.690592751959354, "ENV_Test_proba_accuracy_strategy_93_epoch3": 0.7293002181017127, "ENV_Test_proba_accuracy_per_mean_strategy_epoch3": 0.7426238206415184, "ENV_Test_proba_accuracy_per_mean_user_epoch3": 0.7386394961087912, "ENV_Test_proba_accuracy_per_mean_user_and_bot_epoch3": 0.7715705356520852, "ENV_Test_accuracy_epoch3": 0.774016, "ENV_Test_accuracy_strategy_132_epoch3": 0.8215297450424929, "ENV_Test_accuracy_strategy_23_epoch3": 0.7660365164000646, "ENV_Test_accuracy_strategy_107_epoch3": 0.8719211822660099, "ENV_Test_accuracy_strategy_43_epoch3": 0.7970737913486005, "ENV_Test_accuracy_strategy_17_epoch3": 0.7409255898366606, "ENV_Test_accuracy_strategy_93_epoch3": 0.788354898336414, "ENV_Test_accuracy_per_mean_strategy_epoch3": 0.7976402872050404, "ENV_Test_accuracy_per_mean_user_epoch3": 0.7923617269367518, "ENV_Test_accuracy_per_mean_user_and_bot_epoch3": 0.8308855317132194, "ENV_Train_TotalLoss_epoch4": 1002.1901652215245, "ENV_Train_Right action_epoch4": 0.7949929409133479, "ENV_Train_Probability to choose the right action_epoch4": 0.7167928568078537, "ENV_Train_Weighted right action_epoch4": 0.7949929409133479, "ENV_Train_Weighted probability to choose the right action:_epoch4": 0.7167928568078537, "ENV_Test_TotalLoss_epoch4": 228.17098926071725, "ENV_Test_Right action_epoch4": 0.764672, "ENV_Test_Probability to choose the right action_epoch4": 0.7079495480652327, "ENV_Test_Weighted right action_epoch4": 0.8259484070683014, "ENV_Test_Weighted probability to choose the right action:_epoch4": 0.759832146632776, "ENV_Test_proba_accuracy_epoch4": 0.707949548065233, "ENV_Test_proba_accuracy_strategy_132_epoch4": 0.7660371214093493, "ENV_Test_proba_accuracy_strategy_23_epoch4": 0.7006136753387056, "ENV_Test_proba_accuracy_strategy_107_epoch4": 0.7909139207436129, "ENV_Test_proba_accuracy_strategy_43_epoch4": 0.7223901847132508, "ENV_Test_proba_accuracy_strategy_17_epoch4": 0.6762612066313007, "ENV_Test_proba_accuracy_strategy_93_epoch4": 0.7165755874562397, "ENV_Test_proba_accuracy_per_mean_strategy_epoch4": 0.7287986160487431, "ENV_Test_proba_accuracy_per_mean_user_epoch4": 0.7256292034660621, "ENV_Test_proba_accuracy_per_mean_user_and_bot_epoch4": 0.7598321466327764, "ENV_Test_accuracy_epoch4": 0.764672, "ENV_Test_accuracy_strategy_132_epoch4": 0.828328611898017, "ENV_Test_accuracy_strategy_23_epoch4": 0.7539182420423332, "ENV_Test_accuracy_strategy_107_epoch4": 0.8555008210180624, "ENV_Test_accuracy_strategy_43_epoch4": 0.7900763358778626, "ENV_Test_accuracy_strategy_17_epoch4": 0.729355716878403, "ENV_Test_accuracy_strategy_93_epoch4": 0.7781885397412199, "ENV_Test_accuracy_per_mean_strategy_epoch4": 0.789228044575983, "ENV_Test_accuracy_per_mean_user_epoch4": 0.7852648591214239, "ENV_Test_accuracy_per_mean_user_and_bot_epoch4": 0.825948407068301, "ENV_Train_TotalLoss_epoch5": 999.0701912424836, "ENV_Train_Right action_epoch5": 0.7944506569751189, "ENV_Train_Probability to choose the right action_epoch5": 0.7174633095674754, "ENV_Train_Weighted right action_epoch5": 0.7944506569751189, "ENV_Train_Weighted probability to choose the right action:_epoch5": 0.7174633095674754, "ENV_Test_TotalLoss_epoch5": 237.84913749641407, "ENV_Test_Right action_epoch5": 0.773056, "ENV_Test_Probability to choose the right action_epoch5": 0.7295607537383901, "ENV_Test_Weighted right action_epoch5": 0.8275199151705238, "ENV_Test_Weighted probability to choose the right action:_epoch5": 0.779436094902867, "ENV_Test_proba_accuracy_epoch5": 0.7295607537383898, "ENV_Test_proba_accuracy_strategy_132_epoch5": 0.7888532623584534, "ENV_Test_proba_accuracy_strategy_23_epoch5": 0.7217823624832823, "ENV_Test_proba_accuracy_strategy_107_epoch5": 0.8178523962074977, "ENV_Test_proba_accuracy_strategy_43_epoch5": 0.7480544573020912, "ENV_Test_proba_accuracy_strategy_17_epoch5": 0.6954776535851703, "ENV_Test_proba_accuracy_strategy_93_epoch5": 0.7396215476136354, "ENV_Test_proba_accuracy_per_mean_strategy_epoch5": 0.7519402799250218, "ENV_Test_proba_accuracy_per_mean_user_epoch5": 0.7461482959152752, "ENV_Test_proba_accuracy_per_mean_user_and_bot_epoch5": 0.7794360949028671, "ENV_Test_accuracy_epoch5": 0.773056, "ENV_Test_accuracy_strategy_132_epoch5": 0.8305949008498583, "ENV_Test_accuracy_strategy_23_epoch5": 0.763128130554209, "ENV_Test_accuracy_strategy_107_epoch5": 0.8571428571428571, "ENV_Test_accuracy_strategy_43_epoch5": 0.8040712468193384, "ENV_Test_accuracy_strategy_17_epoch5": 0.7372958257713249, "ENV_Test_accuracy_strategy_93_epoch5": 0.789279112754159, "ENV_Test_accuracy_per_mean_strategy_epoch5": 0.7969186789819579, "ENV_Test_accuracy_per_mean_user_epoch5": 0.7904674064655249, "ENV_Test_accuracy_per_mean_user_and_bot_epoch5": 0.8275199151705249, "ENV_Train_TotalLoss_epoch6": 996.6991819143258, "ENV_Train_Right action_epoch6": 0.7940309351814333, "ENV_Train_Probability to choose the right action_epoch6": 0.7175421006832268, "ENV_Train_Weighted right action_epoch6": 0.7940309351814333, "ENV_Train_Weighted probability to choose the right action:_epoch6": 0.7175421006832268, "ENV_Test_TotalLoss_epoch6": 231.22578539880766, "ENV_Test_Right action_epoch6": 0.776704, "ENV_Test_Probability to choose the right action_epoch6": 0.7191907450215628, "ENV_Test_Weighted right action_epoch6": 0.8339702537626521, "ENV_Test_Weighted probability to choose the right action:_epoch6": 0.776374441542732, "ENV_Test_proba_accuracy_epoch6": 0.7191907450215628, "ENV_Test_proba_accuracy_strategy_132_epoch6": 0.7852811446681897, "ENV_Test_proba_accuracy_strategy_23_epoch6": 0.7082255658831662, "ENV_Test_proba_accuracy_strategy_107_epoch6": 0.8210268379725579, "ENV_Test_proba_accuracy_strategy_43_epoch6": 0.7451001687494025, "ENV_Test_proba_accuracy_strategy_17_epoch6": 0.6817431018758465, "ENV_Test_proba_accuracy_strategy_93_epoch6": 0.7317003148831496, "ENV_Test_proba_accuracy_per_mean_strategy_epoch6": 0.745512855672052, "ENV_Test_proba_accuracy_per_mean_user_epoch6": 0.7376863310116295, "ENV_Test_proba_accuracy_per_mean_user_and_bot_epoch6": 0.7763744415427326, "ENV_Test_accuracy_epoch6": 0.776704, "ENV_Test_accuracy_strategy_132_epoch6": 0.8328611898016998, "ENV_Test_accuracy_strategy_23_epoch6": 0.7686217482630473, "ENV_Test_accuracy_strategy_107_epoch6": 0.8735632183908046, "ENV_Test_accuracy_strategy_43_epoch6": 0.799618320610687, "ENV_Test_accuracy_strategy_17_epoch6": 0.7393375680580763, "ENV_Test_accuracy_strategy_93_epoch6": 0.7957486136783734, "ENV_Test_accuracy_per_mean_strategy_epoch6": 0.8016251098004482, "ENV_Test_accuracy_per_mean_user_epoch6": 0.7964066649795233, "ENV_Test_accuracy_per_mean_user_and_bot_epoch6": 0.8339702537626529, "ENV_Train_TotalLoss_epoch7": 990.9118791603765, "ENV_Train_Right action_epoch7": 0.7956527816606095, "ENV_Train_Probability to choose the right action_epoch7": 0.7192702661478153, "ENV_Train_Weighted right action_epoch7": 0.7956527816606095, "ENV_Train_Weighted probability to choose the right action:_epoch7": 0.7192702661478153, "ENV_Test_TotalLoss_epoch7": 227.09910967612532, "ENV_Test_Right action_epoch7": 0.774336, "ENV_Test_Probability to choose the right action_epoch7": 0.7202545129864184, "ENV_Test_Weighted right action_epoch7": 0.8280217496881395, "ENV_Test_Weighted probability to choose the right action:_epoch7": 0.7743043160565315, "ENV_Test_proba_accuracy_epoch7": 0.7202545129864191, "ENV_Test_proba_accuracy_strategy_132_epoch7": 0.7779658330546251, "ENV_Test_proba_accuracy_strategy_23_epoch7": 0.7124724768112273, "ENV_Test_proba_accuracy_strategy_107_epoch7": 0.8055888778206505, "ENV_Test_proba_accuracy_strategy_43_epoch7": 0.7373554029197934, "ENV_Test_proba_accuracy_strategy_17_epoch7": 0.6879813993261271, "ENV_Test_proba_accuracy_strategy_93_epoch7": 0.7292297438765624, "ENV_Test_proba_accuracy_per_mean_strategy_epoch7": 0.7417656223014976, "ENV_Test_proba_accuracy_per_mean_user_epoch7": 0.737804822673998, "ENV_Test_proba_accuracy_per_mean_user_and_bot_epoch7": 0.7743043160565303, "ENV_Test_accuracy_epoch7": 0.774336, "ENV_Test_accuracy_strategy_132_epoch7": 0.8260623229461757, "ENV_Test_accuracy_strategy_23_epoch7": 0.7660365164000646, "ENV_Test_accuracy_strategy_107_epoch7": 0.8604269293924466, "ENV_Test_accuracy_strategy_43_epoch7": 0.789440203562341, "ENV_Test_accuracy_strategy_17_epoch7": 0.7475045372050817, "ENV_Test_accuracy_strategy_93_epoch7": 0.7763401109057301, "ENV_Test_accuracy_per_mean_strategy_epoch7": 0.7943017700686399, "ENV_Test_accuracy_per_mean_user_epoch7": 0.7918614822146336, "ENV_Test_accuracy_per_mean_user_and_bot_epoch7": 0.8280217496881391, "ENV_Train_TotalLoss_epoch8": 980.8699393677063, "ENV_Train_Right action_epoch8": 0.7977802938175312, "ENV_Train_Probability to choose the right action_epoch8": 0.7220778705181459, "ENV_Train_Weighted right action_epoch8": 0.7977802938175312, "ENV_Train_Weighted probability to choose the right action:_epoch8": 0.7220778705181459, "ENV_Test_TotalLoss_epoch8": 226.99682311539863, "ENV_Test_Right action_epoch8": 0.777344, "ENV_Test_Probability to choose the right action_epoch8": 0.7241567801729545, "ENV_Test_Weighted right action_epoch8": 0.8319776226064814, "ENV_Test_Weighted probability to choose the right action:_epoch8": 0.7761290590922875, "ENV_Test_proba_accuracy_epoch8": 0.7241567801729535, "ENV_Test_proba_accuracy_strategy_132_epoch8": 0.7850614004521744, "ENV_Test_proba_accuracy_strategy_23_epoch8": 0.7174970025807887, "ENV_Test_proba_accuracy_strategy_107_epoch8": 0.8142089106256959, "ENV_Test_proba_accuracy_strategy_43_epoch8": 0.7423853101684394, "ENV_Test_proba_accuracy_strategy_17_epoch8": 0.6872095307541563, "ENV_Test_proba_accuracy_strategy_93_epoch8": 0.7362521476078115, "ENV_Test_proba_accuracy_per_mean_strategy_epoch8": 0.7471023836981777, "ENV_Test_proba_accuracy_per_mean_user_epoch8": 0.7411101505721842, "ENV_Test_proba_accuracy_per_mean_user_and_bot_epoch8": 0.776129059092287, "ENV_Test_accuracy_epoch8": 0.777344, "ENV_Test_accuracy_strategy_132_epoch8": 0.8345609065155808, "ENV_Test_accuracy_strategy_23_epoch8": 0.7721764420746485, "ENV_Test_accuracy_strategy_107_epoch8": 0.8604269293924466, "ENV_Test_accuracy_strategy_43_epoch8": 0.8034351145038168, "ENV_Test_accuracy_strategy_17_epoch8": 0.7388838475499092, "ENV_Test_accuracy_strategy_93_epoch8": 0.7855822550831792, "ENV_Test_accuracy_per_mean_strategy_epoch8": 0.7991775825199302, "ENV_Test_accuracy_per_mean_user_epoch8": 0.7961898378358386, "ENV_Test_accuracy_per_mean_user_and_bot_epoch8": 0.8319776226064808, "ENV_Train_TotalLoss_epoch9": 979.2620288120164, "ENV_Train_Right action_epoch9": 0.7976771163817803, "ENV_Train_Probability to choose the right action_epoch9": 0.7226881479694623, "ENV_Train_Weighted right action_epoch9": 0.7976771163817803, "ENV_Train_Weighted probability to choose the right action:_epoch9": 0.7226881479694623, "ENV_Test_TotalLoss_epoch9": 229.36201798134022, "ENV_Test_Right action_epoch9": 0.769728, "ENV_Test_Probability to choose the right action_epoch9": 0.7101989013414581, "ENV_Test_Weighted right action_epoch9": 0.8244315261281339, "ENV_Test_Weighted probability to choose the right action:_epoch9": 0.7650537691842161, "ENV_Test_proba_accuracy_epoch9": 0.7101989013414588, "ENV_Test_proba_accuracy_strategy_132_epoch9": 0.7738819867372932, "ENV_Test_proba_accuracy_strategy_23_epoch9": 0.70454218071665, "ENV_Test_proba_accuracy_strategy_107_epoch9": 0.8095258694866042, "ENV_Test_proba_accuracy_strategy_43_epoch9": 0.7303706290670334, "ENV_Test_proba_accuracy_strategy_17_epoch9": 0.6686160667336235, "ENV_Test_proba_accuracy_strategy_93_epoch9": 0.722866048836498, "ENV_Test_proba_accuracy_per_mean_strategy_epoch9": 0.7349671302629504, "ENV_Test_proba_accuracy_per_mean_user_epoch9": 0.7294080941977892, "ENV_Test_proba_accuracy_per_mean_user_and_bot_epoch9": 0.7650537691842162, "ENV_Test_accuracy_epoch9": 0.769728, "ENV_Test_accuracy_strategy_132_epoch9": 0.8277620396600567, "ENV_Test_accuracy_strategy_23_epoch9": 0.767329132331556, "ENV_Test_accuracy_strategy_107_epoch9": 0.8587848932676518, "ENV_Test_accuracy_strategy_43_epoch9": 0.7837150127226463, "ENV_Test_accuracy_strategy_17_epoch9": 0.7307168784029038, "ENV_Test_accuracy_strategy_93_epoch9": 0.777264325323475, "ENV_Test_accuracy_per_mean_strategy_epoch9": 0.7909287136180483, "ENV_Test_accuracy_per_mean_user_epoch9": 0.7901100108903181, "ENV_Test_accuracy_per_mean_user_and_bot_epoch9": 0.8244315261281334, "ENV_Train_TotalLoss_epoch10": 982.9708345409425, "ENV_Train_Right action_epoch10": 0.7986441151803187, "ENV_Train_Probability to choose the right action_epoch10": 0.7221935647413783, "ENV_Train_Weighted right action_epoch10": 0.7986441151803187, "ENV_Train_Weighted probability to choose the right action:_epoch10": 0.7221935647413783, "ENV_Test_TotalLoss_epoch10": 225.30811049392452, "ENV_Test_Right action_epoch10": 0.775744, "ENV_Test_Probability to choose the right action_epoch10": 0.7253737283727065, "ENV_Test_Weighted right action_epoch10": 0.832554051481797, "ENV_Test_Weighted probability to choose the right action:_epoch10": 0.7793469025529666, "ENV_Test_proba_accuracy_epoch10": 0.7253737283727062, "ENV_Test_proba_accuracy_strategy_132_epoch10": 0.7830863206426782, "ENV_Test_proba_accuracy_strategy_23_epoch10": 0.7158582825355952, "ENV_Test_proba_accuracy_strategy_107_epoch10": 0.8187814211633487, "ENV_Test_proba_accuracy_strategy_43_epoch10": 0.751054325573349, "ENV_Test_proba_accuracy_strategy_17_epoch10": 0.6909189937084989, "ENV_Test_proba_accuracy_strategy_93_epoch10": 0.7361405080587453, "ENV_Test_proba_accuracy_per_mean_strategy_epoch10": 0.7493066419470359, "ENV_Test_proba_accuracy_per_mean_user_epoch10": 0.7428611365504051, "ENV_Test_proba_accuracy_per_mean_user_and_bot_epoch10": 0.7793469025529665, "ENV_Test_accuracy_epoch10": 0.775744, "ENV_Test_accuracy_strategy_132_epoch10": 0.8232294617563739, "ENV_Test_accuracy_strategy_23_epoch10": 0.7687833252544838, "ENV_Test_accuracy_strategy_107_epoch10": 0.8669950738916257, "ENV_Test_accuracy_strategy_43_epoch10": 0.806615776081425, "ENV_Test_accuracy_strategy_17_epoch10": 0.7406987295825771, "ENV_Test_accuracy_strategy_93_epoch10": 0.7846580406654344, "ENV_Test_accuracy_per_mean_strategy_epoch10": 0.7984967345386534, "ENV_Test_accuracy_per_mean_user_epoch10": 0.7931480282169622, "ENV_Test_accuracy_per_mean_user_and_bot_epoch10": 0.8325540514817968, "ENV_Train_TotalLoss_epoch11": 984.9888633535927, "ENV_Train_Right action_epoch11": 0.7969247973161867, "ENV_Train_Probability to choose the right action_epoch11": 0.7210494976015331, "ENV_Train_Weighted right action_epoch11": 0.7969247973161867, "ENV_Train_Weighted probability to choose the right action:_epoch11": 0.7210494976015331, "ENV_Test_TotalLoss_epoch11": 224.9637588132839, "ENV_Test_Right action_epoch11": 0.779648, "ENV_Test_Probability to choose the right action_epoch11": 0.7221915295894026, "ENV_Test_Weighted right action_epoch11": 0.8371150240041643, "ENV_Test_Weighted probability to choose the right action:_epoch11": 0.7746939056331611, "ENV_Test_proba_accuracy_epoch11": 0.7221915295894025, "ENV_Test_proba_accuracy_strategy_132_epoch11": 0.7826570474992256, "ENV_Test_proba_accuracy_strategy_23_epoch11": 0.7167296294515227, "ENV_Test_proba_accuracy_strategy_107_epoch11": 0.8096017731892439, "ENV_Test_proba_accuracy_strategy_43_epoch11": 0.7391312930846664, "ENV_Test_proba_accuracy_strategy_17_epoch11": 0.685015703713947, "ENV_Test_proba_accuracy_strategy_93_epoch11": 0.7324419498617221, "ENV_Test_proba_accuracy_per_mean_strategy_epoch11": 0.7442628994667212, "ENV_Test_proba_accuracy_per_mean_user_epoch11": 0.7393778113833384, "ENV_Test_proba_accuracy_per_mean_user_and_bot_epoch11": 0.7746939056331618, "ENV_Test_accuracy_epoch11": 0.779648, "ENV_Test_accuracy_strategy_132_epoch11": 0.8424929178470255, "ENV_Test_accuracy_strategy_23_epoch11": 0.7773469058006139, "ENV_Test_accuracy_strategy_107_epoch11": 0.8653530377668309, "ENV_Test_accuracy_strategy_43_epoch11": 0.7983460559796438, "ENV_Test_accuracy_strategy_17_epoch11": 0.7372958257713249, "ENV_Test_accuracy_strategy_93_epoch11": 0.7874306839186691, "ENV_Test_accuracy_per_mean_strategy_epoch11": 0.8013775711806846, "ENV_Test_accuracy_per_mean_user_epoch11": 0.7981734376979039, "ENV_Test_accuracy_per_mean_user_and_bot_epoch11": 0.8371150240041654, "ENV_Train_TotalLoss_epoch12": 988.7409818977495, "ENV_Train_Right action_epoch12": 0.7985323922007128, "ENV_Train_Probability to choose the right action_epoch12": 0.7204885729193871, "ENV_Train_Weighted right action_epoch12": 0.7985323922007128, "ENV_Train_Weighted probability to choose the right action:_epoch12": 0.7204885729193871, "ENV_Test_TotalLoss_epoch12": 231.2868277908156, "ENV_Test_Right action_epoch12": 0.769984, "ENV_Test_Probability to choose the right action_epoch12": 0.7199816472828494, "ENV_Test_Weighted right action_epoch12": 0.8267711546810912, "ENV_Test_Weighted probability to choose the right action:_epoch12": 0.774023632956007, "ENV_Test_proba_accuracy_epoch12": 0.7199816472828507, "ENV_Test_proba_accuracy_strategy_132_epoch12": 0.7850599639675699, "ENV_Test_proba_accuracy_strategy_23_epoch12": 0.709396789777952, "ENV_Test_proba_accuracy_strategy_107_epoch12": 0.8139906644978807, "ENV_Test_proba_accuracy_strategy_43_epoch12": 0.7434656096183618, "ENV_Test_proba_accuracy_strategy_17_epoch12": 0.6844393782204282, "ENV_Test_proba_accuracy_strategy_93_epoch12": 0.732133676766278, "ENV_Test_proba_accuracy_per_mean_strategy_epoch12": 0.7447476804747452, "ENV_Test_proba_accuracy_per_mean_user_epoch12": 0.737884324578713, "ENV_Test_proba_accuracy_per_mean_user_and_bot_epoch12": 0.774023632956008, "ENV_Test_accuracy_epoch12": 0.769984, "ENV_Test_accuracy_strategy_132_epoch12": 0.8339943342776204, "ENV_Test_accuracy_strategy_23_epoch12": 0.7607044756826628, "ENV_Test_accuracy_strategy_107_epoch12": 0.8604269293924466, "ENV_Test_accuracy_strategy_43_epoch12": 0.80470737913486, "ENV_Test_accuracy_strategy_17_epoch12": 0.7313974591651543, "ENV_Test_accuracy_strategy_93_epoch12": 0.7744916820702403, "ENV_Test_accuracy_per_mean_strategy_epoch12": 0.7942870432871642, "ENV_Test_accuracy_per_mean_user_epoch12": 0.7884587099709821, "ENV_Test_accuracy_per_mean_user_and_bot_epoch12": 0.8267711546810911, "ENV_Train_TotalLoss_epoch13": 991.300587888092, "ENV_Train_Right action_epoch13": 0.796262648851121, "ENV_Train_Probability to choose the right action_epoch13": 0.7193888903690667, "ENV_Train_Weighted right action_epoch13": 0.796262648851121, "ENV_Train_Weighted probability to choose the right action:_epoch13": 0.7193888903690667, "ENV_Test_TotalLoss_epoch13": 231.72866009436342, "ENV_Test_Right action_epoch13": 0.779008, "ENV_Test_Probability to choose the right action_epoch13": 0.7233464470142315, "ENV_Test_Weighted right action_epoch13": 0.829840817302207, "ENV_Test_Weighted probability to choose the right action:_epoch13": 0.7750795520747924, "ENV_Test_proba_accuracy_epoch13": 0.7233464470142315, "ENV_Test_proba_accuracy_strategy_132_epoch13": 0.7802112792362698, "ENV_Test_proba_accuracy_strategy_23_epoch13": 0.7155985756607712, "ENV_Test_proba_accuracy_strategy_107_epoch13": 0.8052828113754641, "ENV_Test_proba_accuracy_strategy_43_epoch13": 0.7446243736827362, "ENV_Test_proba_accuracy_strategy_17_epoch13": 0.6882204419867933, "ENV_Test_proba_accuracy_strategy_93_epoch13": 0.7409734622422686, "ENV_Test_proba_accuracy_per_mean_strategy_epoch13": 0.7458184906973839, "ENV_Test_proba_accuracy_per_mean_user_epoch13": 0.740570910456329, "ENV_Test_proba_accuracy_per_mean_user_and_bot_epoch13": 0.7750795520747921, "ENV_Test_accuracy_epoch13": 0.779008, "ENV_Test_accuracy_strategy_132_epoch13": 0.8237960339943343, "ENV_Test_accuracy_strategy_23_epoch13": 0.7712069801260301, "ENV_Test_accuracy_strategy_107_epoch13": 0.8587848932676518, "ENV_Test_accuracy_strategy_43_epoch13": 0.8008905852417303, "ENV_Test_accuracy_strategy_17_epoch13": 0.7463702359346642, "ENV_Test_accuracy_strategy_93_epoch13": 0.8068391866913124, "ENV_Test_accuracy_per_mean_strategy_epoch13": 0.8013146525426205, "ENV_Test_accuracy_per_mean_user_epoch13": 0.7948332031155115, "ENV_Test_accuracy_per_mean_user_and_bot_epoch13": 0.8298408173022072, "ENV_Train_TotalLoss_epoch14": 991.3096572328031, "ENV_Train_Right action_epoch14": 0.7970619478922062, "ENV_Train_Probability to choose the right action_epoch14": 0.7192165205549295, "ENV_Train_Weighted right action_epoch14": 0.7970619478922062, "ENV_Train_Weighted probability to choose the right action:_epoch14": 0.7192165205549295, "ENV_Test_TotalLoss_epoch14": 237.61867113509683, "ENV_Test_Right action_epoch14": 0.768832, "ENV_Test_Probability to choose the right action_epoch14": 0.7151039217465784, "ENV_Test_Weighted right action_epoch14": 0.8216842832029756, "ENV_Test_Weighted probability to choose the right action:_epoch14": 0.7674539670741615, "ENV_Test_proba_accuracy_epoch14": 0.715103921746579, "ENV_Test_proba_accuracy_strategy_132_epoch14": 0.7724787668882435, "ENV_Test_proba_accuracy_strategy_23_epoch14": 0.7083978090935069, "ENV_Test_proba_accuracy_strategy_107_epoch14": 0.8033718502350771, "ENV_Test_proba_accuracy_strategy_43_epoch14": 0.7362906070762196, "ENV_Test_proba_accuracy_strategy_17_epoch14": 0.6797891263952882, "ENV_Test_proba_accuracy_strategy_93_epoch14": 0.7232781450881913, "ENV_Test_proba_accuracy_per_mean_strategy_epoch14": 0.7372677174627545, "ENV_Test_proba_accuracy_per_mean_user_epoch14": 0.7329711426509233, "ENV_Test_proba_accuracy_per_mean_user_and_bot_epoch14": 0.7674539670741621, "ENV_Test_accuracy_epoch14": 0.768832, "ENV_Test_accuracy_strategy_132_epoch14": 0.8232294617563739, "ENV_Test_accuracy_strategy_23_epoch14": 0.7644207464857005, "ENV_Test_accuracy_strategy_107_epoch14": 0.8505747126436781, "ENV_Test_accuracy_strategy_43_epoch14": 0.7919847328244275, "ENV_Test_accuracy_strategy_17_epoch14": 0.7309437386569873, "ENV_Test_accuracy_strategy_93_epoch14": 0.7800369685767098, "ENV_Test_accuracy_per_mean_strategy_epoch14": 0.7901983934906461, "ENV_Test_accuracy_per_mean_user_epoch14": 0.7879349225765213, "ENV_Test_accuracy_per_mean_user_and_bot_epoch14": 0.8216842832029754, "ENV_Train_TotalLoss_epoch15": 996.5634769664936, "ENV_Train_Right action_epoch15": 0.79397251848642, "ENV_Train_Probability to choose the right action_epoch15": 0.7178544483750718, "ENV_Train_Weighted right action_epoch15": 0.79397251848642, "ENV_Train_Weighted probability to choose the right action:_epoch15": 0.7178544483750718, "ENV_Test_TotalLoss_epoch15": 232.56267044487112, "ENV_Test_Right action_epoch15": 0.767744, "ENV_Test_Probability to choose the right action_epoch15": 0.7150978327434857, "ENV_Test_Weighted right action_epoch15": 0.8266173315611913, "ENV_Test_Weighted probability to choose the right action:_epoch15": 0.7689026788755844, "ENV_Test_proba_accuracy_epoch15": 0.7150978327434858, "ENV_Test_proba_accuracy_strategy_132_epoch15": 0.7783079575850643, "ENV_Test_proba_accuracy_strategy_23_epoch15": 0.7064097921827384, "ENV_Test_proba_accuracy_strategy_107_epoch15": 0.8029780831566129, "ENV_Test_proba_accuracy_strategy_43_epoch15": 0.7333450242439691, "ENV_Test_proba_accuracy_strategy_17_epoch15": 0.681672152327647, "ENV_Test_proba_accuracy_strategy_93_epoch15": 0.7218826334992564, "ENV_Test_proba_accuracy_per_mean_strategy_epoch15": 0.7374326071658813, "ENV_Test_proba_accuracy_per_mean_user_epoch15": 0.7327613951905018, "ENV_Test_proba_accuracy_per_mean_user_and_bot_epoch15": 0.7689026788755854, "ENV_Test_accuracy_epoch15": 0.767744, "ENV_Test_accuracy_strategy_132_epoch15": 0.8334277620396601, "ENV_Test_accuracy_strategy_23_epoch15": 0.7594118597511714, "ENV_Test_accuracy_strategy_107_epoch15": 0.8620689655172413, "ENV_Test_accuracy_strategy_43_epoch15": 0.7907124681933843, "ENV_Test_accuracy_strategy_17_epoch15": 0.7295825771324864, "ENV_Test_accuracy_strategy_93_epoch15": 0.777264325323475, "ENV_Test_accuracy_per_mean_strategy_epoch15": 0.792077992992903, "ENV_Test_accuracy_per_mean_user_epoch15": 0.7867897352380906, "ENV_Test_accuracy_per_mean_user_and_bot_epoch15": 0.8266173315611909, "ENV_Train_TotalLoss_epoch16": 984.5765123647335, "ENV_Train_Right action_epoch16": 0.7977495107632094, "ENV_Train_Probability to choose the right action_epoch16": 0.7212365454232647, "ENV_Train_Weighted right action_epoch16": 0.7977495107632094, "ENV_Train_Weighted probability to choose the right action:_epoch16": 0.7212365454232647, "ENV_Test_TotalLoss_epoch16": 230.9500535510807, "ENV_Test_Right action_epoch16": 0.77408, "ENV_Test_Probability to choose the right action_epoch16": 0.7187761302560688, "ENV_Test_Weighted right action_epoch16": 0.8265440548647247, "ENV_Test_Weighted probability to choose the right action:_epoch16": 0.7678118795380661, "ENV_Test_proba_accuracy_epoch16": 0.7187761302560681, "ENV_Test_proba_accuracy_strategy_132_epoch16": 0.778092967518622, "ENV_Test_proba_accuracy_strategy_23_epoch16": 0.7133575862616515, "ENV_Test_proba_accuracy_strategy_107_epoch16": 0.8036308089250869, "ENV_Test_proba_accuracy_strategy_43_epoch16": 0.7405079170639676, "ENV_Test_proba_accuracy_strategy_17_epoch16": 0.6824949337265318, "ENV_Test_proba_accuracy_strategy_93_epoch16": 0.7214838910174207, "ENV_Test_proba_accuracy_per_mean_strategy_epoch16": 0.73992801741888, "ENV_Test_proba_accuracy_per_mean_user_epoch16": 0.7350854914431381, "ENV_Test_proba_accuracy_per_mean_user_and_bot_epoch16": 0.7678118795380661, "ENV_Test_accuracy_epoch16": 0.77408, "ENV_Test_accuracy_strategy_132_epoch16": 0.8322946175637393, "ENV_Test_accuracy_strategy_23_epoch16": 0.769268056228793, "ENV_Test_accuracy_strategy_107_epoch16": 0.8587848932676518, "ENV_Test_accuracy_strategy_43_epoch16": 0.8015267175572519, "ENV_Test_accuracy_strategy_17_epoch16": 0.7338929219600726, "ENV_Test_accuracy_strategy_93_epoch16": 0.7828096118299446, "ENV_Test_accuracy_per_mean_strategy_epoch16": 0.7964294697345755, "ENV_Test_accuracy_per_mean_user_epoch16": 0.791721574400445, "ENV_Test_accuracy_per_mean_user_and_bot_epoch16": 0.8265440548647243, "ENV_Train_TotalLoss_epoch17": 992.3041556063544, "ENV_Train_Right action_epoch17": 0.7959072420010903, "ENV_Train_Probability to choose the right action_epoch17": 0.7186045672652626, "ENV_Train_Weighted right action_epoch17": 0.7959072420010903, "ENV_Train_Weighted probability to choose the right action:_epoch17": 0.7186045672652626, "ENV_Test_TotalLoss_epoch17": 222.454836083381, "ENV_Test_Right action_epoch17": 0.778816, "ENV_Test_Probability to choose the right action_epoch17": 0.7122100938567016, "ENV_Test_Weighted right action_epoch17": 0.8346063219737522, "ENV_Test_Weighted probability to choose the right action:_epoch17": 0.7613656010898914, "ENV_Test_proba_accuracy_epoch17": 0.7122100938567016, "ENV_Test_proba_accuracy_strategy_132_epoch17": 0.7696666584110157, "ENV_Test_proba_accuracy_strategy_23_epoch17": 0.7074174133637956, "ENV_Test_proba_accuracy_strategy_107_epoch17": 0.7940207096547316, "ENV_Test_proba_accuracy_strategy_43_epoch17": 0.7253876096786566, "ENV_Test_proba_accuracy_strategy_17_epoch17": 0.6778142356519583, "ENV_Test_proba_accuracy_strategy_93_epoch17": 0.7208332788896297, "ENV_Test_proba_accuracy_per_mean_strategy_epoch17": 0.7325233176082979, "ENV_Test_proba_accuracy_per_mean_user_epoch17": 0.7283659908509797, "ENV_Test_proba_accuracy_per_mean_user_and_bot_epoch17": 0.7613656010898903, "ENV_Test_accuracy_epoch17": 0.778816, "ENV_Test_accuracy_strategy_132_epoch17": 0.8356940509915014, "ENV_Test_accuracy_strategy_23_epoch17": 0.772338019066085, "ENV_Test_accuracy_strategy_107_epoch17": 0.8686371100164204, "ENV_Test_accuracy_strategy_43_epoch17": 0.8027989821882952, "ENV_Test_accuracy_strategy_17_epoch17": 0.7395644283121597, "ENV_Test_accuracy_strategy_93_epoch17": 0.7975970425138632, "ENV_Test_accuracy_per_mean_strategy_epoch17": 0.8027716055147209, "ENV_Test_accuracy_per_mean_user_epoch17": 0.7971174984127275, "ENV_Test_accuracy_per_mean_user_and_bot_epoch17": 0.8346063219737522, "ENV_Train_TotalLoss_epoch18": 1005.9560048244373, "ENV_Train_Right action_epoch18": 0.7938036278263786, "ENV_Train_Probability to choose the right action_epoch18": 0.7153297287153987, "ENV_Train_Weighted right action_epoch18": 0.7938036278263786, "ENV_Train_Weighted probability to choose the right action:_epoch18": 0.7153297287153987, "ENV_Test_TotalLoss_epoch18": 235.70597948649808, "ENV_Test_Right action_epoch18": 0.76512, "ENV_Test_Probability to choose the right action_epoch18": 0.707481412827542, "ENV_Test_Weighted right action_epoch18": 0.8233264490815266, "ENV_Test_Weighted probability to choose the right action:_epoch18": 0.7575215673906858, "ENV_Test_proba_accuracy_epoch18": 0.7074814128275406, "ENV_Test_proba_accuracy_strategy_132_epoch18": 0.7650654755289839, "ENV_Test_proba_accuracy_strategy_23_epoch18": 0.7018207372768748, "ENV_Test_proba_accuracy_strategy_107_epoch18": 0.7926874249367729, "ENV_Test_proba_accuracy_strategy_43_epoch18": 0.7291595924915446, "ENV_Test_proba_accuracy_strategy_17_epoch18": 0.6687370158761627, "ENV_Test_proba_accuracy_strategy_93_epoch18": 0.724315786460037, "ENV_Test_proba_accuracy_per_mean_strategy_epoch18": 0.7302976720950626, "ENV_Test_proba_accuracy_per_mean_user_epoch18": 0.7243720546920033, "ENV_Test_proba_accuracy_per_mean_user_and_bot_epoch18": 0.7575215673906867, "ENV_Test_accuracy_epoch18": 0.76512, "ENV_Test_accuracy_strategy_132_epoch18": 0.8288951841359773, "ENV_Test_accuracy_strategy_23_epoch18": 0.7568266278881888, "ENV_Test_accuracy_strategy_107_epoch18": 0.8587848932676518, "ENV_Test_accuracy_strategy_43_epoch18": 0.789440203562341, "ENV_Test_accuracy_strategy_17_epoch18": 0.7234573502722323, "ENV_Test_accuracy_strategy_93_epoch18": 0.7902033271719039, "ENV_Test_accuracy_per_mean_strategy_epoch18": 0.7912679310497159, "ENV_Test_accuracy_per_mean_user_epoch18": 0.7859540021087248, "ENV_Test_accuracy_per_mean_user_and_bot_epoch18": 0.8233264490815271, "ENV_Train_TotalLoss_epoch19": 1009.5877225221924, "ENV_Train_Right action_epoch19": 0.7908303047246296, "ENV_Train_Probability to choose the right action_epoch19": 0.7135443265923678, "ENV_Train_Weighted right action_epoch19": 0.7908303047246296, "ENV_Train_Weighted probability to choose the right action:_epoch19": 0.7135443265923678, "ENV_Test_TotalLoss_epoch19": 226.20030400030237, "ENV_Test_Right action_epoch19": 0.772608, "ENV_Test_Probability to choose the right action_epoch19": 0.7079857213705892, "ENV_Test_Weighted right action_epoch19": 0.8297033293640331, "ENV_Test_Weighted probability to choose the right action:_epoch19": 0.7617992042614301, "ENV_Test_proba_accuracy_epoch19": 0.7079857213705886, "ENV_Test_proba_accuracy_strategy_132_epoch19": 0.768505853508815, "ENV_Test_proba_accuracy_strategy_23_epoch19": 0.699468516979461, "ENV_Test_proba_accuracy_strategy_107_epoch19": 0.8053447076446231, "ENV_Test_proba_accuracy_strategy_43_epoch19": 0.7297996362507481, "ENV_Test_proba_accuracy_strategy_17_epoch19": 0.6717144833389529, "ENV_Test_proba_accuracy_strategy_93_epoch19": 0.7192569461059589, "ENV_Test_proba_accuracy_per_mean_strategy_epoch19": 0.7323483573047599, "ENV_Test_proba_accuracy_per_mean_user_epoch19": 0.7252505034804128, "ENV_Test_proba_accuracy_per_mean_user_and_bot_epoch19": 0.7617992042614303, "ENV_Test_accuracy_epoch19": 0.772608, "ENV_Test_accuracy_strategy_132_epoch19": 0.8311614730878187, "ENV_Test_accuracy_strategy_23_epoch19": 0.7671675553401196, "ENV_Test_accuracy_strategy_107_epoch19": 0.8702791461412152, "ENV_Test_accuracy_strategy_43_epoch19": 0.7958015267175572, "ENV_Test_accuracy_strategy_17_epoch19": 0.7302631578947368, "ENV_Test_accuracy_strategy_93_epoch19": 0.7920517560073937, "ENV_Test_accuracy_per_mean_strategy_epoch19": 0.7977874358648069, "ENV_Test_accuracy_per_mean_user_epoch19": 0.7910884541510954, "ENV_Test_accuracy_per_mean_user_and_bot_epoch19": 0.8297033293640332, "ENV_Train_TotalLoss_epoch20": 999.3179336822529, "ENV_Train_Right action_epoch20": 0.7941710930947722, "ENV_Train_Probability to choose the right action_epoch20": 0.7162474948814583, "ENV_Train_Weighted right action_epoch20": 0.7941710930947722, "ENV_Train_Weighted probability to choose the right action:_epoch20": 0.7162474948814583, "ENV_Test_TotalLoss_epoch20": 227.82645890276748, "ENV_Test_Right action_epoch20": 0.766464, "ENV_Test_Probability to choose the right action_epoch20": 0.701629749122825, "ENV_Test_Weighted right action_epoch20": 0.8251495915861258, "ENV_Test_Weighted probability to choose the right action:_epoch20": 0.753220625518339, "ENV_Test_proba_accuracy_epoch20": 0.7016297491228249, "ENV_Test_proba_accuracy_strategy_132_epoch20": 0.7588942018414381, "ENV_Test_proba_accuracy_strategy_23_epoch20": 0.6922595693829953, "ENV_Test_proba_accuracy_strategy_107_epoch20": 0.7940671737784931, "ENV_Test_proba_accuracy_strategy_43_epoch20": 0.7178777983460214, "ENV_Test_proba_accuracy_strategy_17_epoch20": 0.6703173210748472, "ENV_Test_proba_accuracy_strategy_93_epoch20": 0.7137454064266809, "ENV_Test_proba_accuracy_per_mean_strategy_epoch20": 0.7245269118084127, "ENV_Test_proba_accuracy_per_mean_user_epoch20": 0.7190779738406075, "ENV_Test_proba_accuracy_per_mean_user_and_bot_epoch20": 0.753220625518339, "ENV_Test_accuracy_epoch20": 0.766464, "ENV_Test_accuracy_strategy_132_epoch20": 0.8271954674220963, "ENV_Test_accuracy_strategy_23_epoch20": 0.7568266278881888, "ENV_Test_accuracy_strategy_107_epoch20": 0.8637110016420362, "ENV_Test_accuracy_strategy_43_epoch20": 0.7843511450381679, "ENV_Test_accuracy_strategy_17_epoch20": 0.7318511796733213, "ENV_Test_accuracy_strategy_93_epoch20": 0.7828096118299446, "ENV_Test_accuracy_per_mean_strategy_epoch20": 0.7911241722489591, "ENV_Test_accuracy_per_mean_user_epoch20": 0.7887238098270575, "ENV_Test_accuracy_per_mean_user_and_bot_epoch20": 0.8251495915861253, "ENV_Train_TotalLoss_epoch21": 1007.0118648210107, "ENV_Train_Right action_epoch21": 0.7923072622575055, "ENV_Train_Probability to choose the right action_epoch21": 0.7141876911566719, "ENV_Train_Weighted right action_epoch21": 0.7923072622575055, "ENV_Train_Weighted probability to choose the right action:_epoch21": 0.7141876911566719, "ENV_Test_TotalLoss_epoch21": 228.06270967723228, "ENV_Test_Right action_epoch21": 0.777728, "ENV_Test_Probability to choose the right action_epoch21": 0.7175027436865684, "ENV_Test_Weighted right action_epoch21": 0.8330236918317981, "ENV_Test_Weighted probability to choose the right action:_epoch21": 0.7674889599954986, "ENV_Test_proba_accuracy_epoch21": 0.7175027436865684, "ENV_Test_proba_accuracy_strategy_132_epoch21": 0.7711996817113117, "ENV_Test_proba_accuracy_strategy_23_epoch21": 0.7104802569260962, "ENV_Test_proba_accuracy_strategy_107_epoch21": 0.8042222892336958, "ENV_Test_proba_accuracy_strategy_43_epoch21": 0.7390087138424978, "ENV_Test_proba_accuracy_strategy_17_epoch21": 0.6828181931501243, "ENV_Test_proba_accuracy_strategy_93_epoch21": 0.7313262052283577, "ENV_Test_proba_accuracy_per_mean_strategy_epoch21": 0.7398425566820138, "ENV_Test_proba_accuracy_per_mean_user_epoch21": 0.7338634327406044, "ENV_Test_proba_accuracy_per_mean_user_and_bot_epoch21": 0.7674889599954993, "ENV_Test_accuracy_epoch21": 0.777728, "ENV_Test_accuracy_strategy_132_epoch21": 0.8351274787535411, "ENV_Test_accuracy_strategy_23_epoch21": 0.7689449022459202, "ENV_Test_accuracy_strategy_107_epoch21": 0.8620689655172413, "ENV_Test_accuracy_strategy_43_epoch21": 0.806615776081425, "ENV_Test_accuracy_strategy_17_epoch21": 0.7406987295825771, "ENV_Test_accuracy_strategy_93_epoch21": 0.7957486136783734, "ENV_Test_accuracy_per_mean_strategy_epoch21": 0.8015340776431796, "ENV_Test_accuracy_per_mean_user_epoch21": 0.7970292909604481, "ENV_Test_accuracy_per_mean_user_and_bot_epoch21": 0.8330236918317984, "ENV_Train_TotalLoss_epoch22": 989.2789293461002, "ENV_Train_Right action_epoch22": 0.7970366228683254, "ENV_Train_Probability to choose the right action_epoch22": 0.719927642530291, "ENV_Train_Weighted right action_epoch22": 0.7970366228683254, "ENV_Train_Weighted probability to choose the right action:_epoch22": 0.719927642530291, "ENV_Test_TotalLoss_epoch22": 224.67615662726797, "ENV_Test_Right action_epoch22": 0.780352, "ENV_Test_Probability to choose the right action_epoch22": 0.7177077660154836, "ENV_Test_Weighted right action_epoch22": 0.8334463925012859, "ENV_Test_Weighted probability to choose the right action:_epoch22": 0.7687291602254428, "ENV_Test_proba_accuracy_epoch22": 0.7177077660154836, "ENV_Test_proba_accuracy_strategy_132_epoch22": 0.7739119429096697, "ENV_Test_proba_accuracy_strategy_23_epoch22": 0.7118402827509972, "ENV_Test_proba_accuracy_strategy_107_epoch22": 0.8073805481515548, "ENV_Test_proba_accuracy_strategy_43_epoch22": 0.7371072253076957, "ENV_Test_proba_accuracy_strategy_17_epoch22": 0.6809890921927334, "ENV_Test_proba_accuracy_strategy_93_epoch22": 0.7305198931764112, "ENV_Test_proba_accuracy_per_mean_strategy_epoch22": 0.7402914974148436, "ENV_Test_proba_accuracy_per_mean_user_epoch22": 0.7342710690508891, "ENV_Test_proba_accuracy_per_mean_user_and_bot_epoch22": 0.7687291602254434, "ENV_Test_accuracy_epoch22": 0.780352, "ENV_Test_accuracy_strategy_132_epoch22": 0.8396600566572238, "ENV_Test_accuracy_strategy_23_epoch22": 0.7758927128776862, "ENV_Test_accuracy_strategy_107_epoch22": 0.8669950738916257, "ENV_Test_accuracy_strategy_43_epoch22": 0.7977099236641222, "ENV_Test_accuracy_strategy_17_epoch22": 0.742059891107078, "ENV_Test_accuracy_strategy_93_epoch22": 0.7911275415896488, "ENV_Test_accuracy_per_mean_strategy_epoch22": 0.8022408666312307, "ENV_Test_accuracy_per_mean_user_epoch22": 0.7984867450144519, "ENV_Test_accuracy_per_mean_user_and_bot_epoch22": 0.8334463925012858, "ENV_Train_TotalLoss_epoch23": 998.1821664399267, "ENV_Train_Right action_epoch23": 0.7958878452420888, "ENV_Train_Probability to choose the right action_epoch23": 0.7175642036599731, "ENV_Train_Weighted right action_epoch23": 0.7958878452420888, "ENV_Train_Weighted probability to choose the right action:_epoch23": 0.7175642036599731, "ENV_Test_TotalLoss_epoch23": 233.69512673233035, "ENV_Test_Right action_epoch23": 0.771712, "ENV_Test_Probability to choose the right action_epoch23": 0.7241103820044166, "ENV_Test_Weighted right action_epoch23": 0.8274384966895294, "ENV_Test_Weighted probability to choose the right action:_epoch23": 0.7779020956830731, "ENV_Test_proba_accuracy_epoch23": 0.7241103820044167, "ENV_Test_proba_accuracy_strategy_132_epoch23": 0.7813198962027321, "ENV_Test_proba_accuracy_strategy_23_epoch23": 0.7171517435015071, "ENV_Test_proba_accuracy_strategy_107_epoch23": 0.8167545857477962, "ENV_Test_proba_accuracy_strategy_43_epoch23": 0.7485164643117085, "ENV_Test_proba_accuracy_strategy_17_epoch23": 0.6856045943509205, "ENV_Test_proba_accuracy_strategy_93_epoch23": 0.7398581191987877, "ENV_Test_proba_accuracy_per_mean_strategy_epoch23": 0.7482009005522422, "ENV_Test_proba_accuracy_per_mean_user_epoch23": 0.741435200658397, "ENV_Test_proba_accuracy_per_mean_user_and_bot_epoch23": 0.7779020956830731, "ENV_Test_accuracy_epoch23": 0.771712, "ENV_Test_accuracy_strategy_132_epoch23": 0.8334277620396601, "ENV_Test_accuracy_strategy_23_epoch23": 0.7637744385199547, "ENV_Test_accuracy_strategy_107_epoch23": 0.8587848932676518, "ENV_Test_accuracy_strategy_43_epoch23": 0.799618320610687, "ENV_Test_accuracy_strategy_17_epoch23": 0.7300362976406534, "ENV_Test_accuracy_strategy_93_epoch23": 0.7966728280961183, "ENV_Test_accuracy_per_mean_strategy_epoch23": 0.7970524233624542, "ENV_Test_accuracy_per_mean_user_epoch23": 0.7902948548123556, "ENV_Test_accuracy_per_mean_user_and_bot_epoch23": 0.8274384966895286, "ENV_Train_TotalLoss_epoch24": 1017.8961885136931, "ENV_Train_Right action_epoch24": 0.7927703769971624, "ENV_Train_Probability to choose the right action_epoch24": 0.7122664509410574, "ENV_Train_Weighted right action_epoch24": 0.7927703769971624, "ENV_Train_Weighted probability to choose the right action:_epoch24": 0.7122664509410574, "ENV_Test_TotalLoss_epoch24": 230.0772489058951, "ENV_Test_Right action_epoch24": 0.769984, "ENV_Test_Probability to choose the right action_epoch24": 0.7049863184809855, "ENV_Test_Weighted right action_epoch24": 0.8306701195520053, "ENV_Test_Weighted probability to choose the right action:_epoch24": 0.7563720693279586, "ENV_Test_proba_accuracy_epoch24": 0.7049863184809843, "ENV_Test_proba_accuracy_strategy_132_epoch24": 0.7629121200694593, "ENV_Test_proba_accuracy_strategy_23_epoch24": 0.6967187982295039, "ENV_Test_proba_accuracy_strategy_107_epoch24": 0.7990149487347402, "ENV_Test_proba_accuracy_strategy_43_epoch24": 0.7233234154143228, "ENV_Test_proba_accuracy_strategy_17_epoch24": 0.6709687799192967, "ENV_Test_proba_accuracy_strategy_93_epoch24": 0.7168057277313811, "ENV_Test_proba_accuracy_per_mean_strategy_epoch24": 0.7282906316831173, "ENV_Test_proba_accuracy_per_mean_user_epoch24": 0.7213615226845836, "ENV_Test_proba_accuracy_per_mean_user_and_bot_epoch24": 0.7563720693279606, "ENV_Test_accuracy_epoch24": 0.769984, "ENV_Test_accuracy_strategy_132_epoch24": 0.8356940509915014, "ENV_Test_accuracy_strategy_23_epoch24": 0.7582808208111165, "ENV_Test_accuracy_strategy_107_epoch24": 0.8653530377668309, "ENV_Test_accuracy_strategy_43_epoch24": 0.787531806615776, "ENV_Test_accuracy_strategy_17_epoch24": 0.7366152450090744, "ENV_Test_accuracy_strategy_93_epoch24": 0.7865064695009242, "ENV_Test_accuracy_per_mean_strategy_epoch24": 0.7949969051158705, "ENV_Test_accuracy_per_mean_user_epoch24": 0.7901361021735599, "ENV_Test_accuracy_per_mean_user_and_bot_epoch24": 0.830670119552006, "_wandb": {"runtime": 2619}}