{"ENV_Train_TotalLoss": 692.1916530530302, "ENV_Train_TotalLoss_epoch0": 1080.210926092142, "ENV_Train_Right action": 0.8659351411797596, "ENV_Train_Right action_epoch0": 0.7746795812542804, "ENV_Train_Probability to choose the right action": 0.8102090732666377, "ENV_Train_Probability to choose the right action_epoch0": 0.6881190960069306, "ENV_Train_Weighted right action": 0.8659351411797596, "ENV_Train_Weighted right action_epoch0": 0.7746795812542804, "ENV_Train_Weighted probability to choose the right action:": 0.8102090732666377, "ENV_Train_Weighted probability to choose the right action:_epoch0": 0.6881190960069306, "_timestamp": 1720485224.2793088, "_runtime": 2627.200288772583, "_step": 49, "ENV_Test_TotalLoss": 194.03281209049172, "ENV_Test_TotalLoss_epoch0": 224.0571239849648, "ENV_Test_Right action": 0.832768, "ENV_Test_Right action_epoch0": 0.791168, "ENV_Test_Probability to choose the right action": 0.788794040652868, "ENV_Test_Probability to choose the right action_epoch0": 0.7364982097237843, "ENV_Test_Weighted right action": 0.8633191319185789, "ENV_Test_Weighted right action_epoch0": 0.8298699132605648, "ENV_Test_Weighted probability to choose the right action:": 0.8177638013730789, "ENV_Test_Weighted probability to choose the right action:_epoch0": 0.7771141152225393, "ENV_Test_proba_accuracy": 0.7887940406528671, "ENV_Test_proba_accuracy_epoch0": 0.7364982097237844, "ENV_Test_proba_accuracy_strategy_132": 0.8136888949771199, "ENV_Test_proba_accuracy_strategy_132_epoch0": 0.7793852903430085, "ENV_Test_proba_accuracy_strategy_23": 0.7931757350763722, "ENV_Test_proba_accuracy_strategy_23_epoch0": 0.7350630947279632, "ENV_Test_proba_accuracy_strategy_107": 0.8500883152173859, "ENV_Test_proba_accuracy_strategy_107_epoch0": 0.8222308812329147, "ENV_Test_proba_accuracy_strategy_43": 0.7831321575986112, "ENV_Test_proba_accuracy_strategy_43_epoch0": 0.744350772106107, "ENV_Test_proba_accuracy_strategy_17": 0.7636071461677736, "ENV_Test_proba_accuracy_strategy_17_epoch0": 0.7035730319899537, "ENV_Test_proba_accuracy_strategy_93": 0.7994579714961303, "ENV_Test_proba_accuracy_strategy_93_epoch0": 0.749220009957484, "ENV_Test_proba_accuracy_per_mean_strategy": 0.8005250367555655, "ENV_Test_proba_accuracy_per_mean_strategy_epoch0": 0.7556371800595719, "ENV_Test_proba_accuracy_per_mean_user": 0.7971338577494643, "ENV_Test_proba_accuracy_per_mean_user_epoch0": 0.7483136170625048, "ENV_Test_proba_accuracy_per_mean_user_and_bot": 0.817763801373078, "ENV_Test_proba_accuracy_per_mean_user_and_bot_epoch0": 0.777114115222539, "ENV_Test_accuracy": 0.832768, "ENV_Test_accuracy_epoch0": 0.791168, "ENV_Test_accuracy_strategy_132": 0.8543909348441926, "ENV_Test_accuracy_strategy_132_epoch0": 0.8334277620396601, "ENV_Test_accuracy_strategy_23": 0.8393924705121991, "ENV_Test_accuracy_strategy_23_epoch0": 0.7933430279528195, "ENV_Test_accuracy_strategy_107": 0.8932676518883416, "ENV_Test_accuracy_strategy_107_epoch0": 0.8686371100164204, "ENV_Test_accuracy_strategy_43": 0.8250636132315522, "ENV_Test_accuracy_strategy_43_epoch0": 0.7932569974554707, "ENV_Test_accuracy_strategy_17": 0.8053539019963702, "ENV_Test_accuracy_strategy_17_epoch0": 0.7568058076225045, "ENV_Test_accuracy_strategy_93": 0.8484288354898336, "ENV_Test_accuracy_strategy_93_epoch0": 0.8031423290203327, "ENV_Test_accuracy_per_mean_strategy": 0.8443162346604148, "ENV_Test_accuracy_per_mean_strategy_epoch0": 0.8081021723512013, "ENV_Test_accuracy_per_mean_user": 0.8414791512447876, "ENV_Test_accuracy_per_mean_user_epoch0": 0.8035451270381768, "ENV_Test_accuracy_per_mean_user_and_bot": 0.8633191319185801, "ENV_Test_accuracy_per_mean_user_and_bot_epoch0": 0.8298699132605644, "ENV_Train_TotalLoss_epoch1": 945.0297501772098, "ENV_Train_Right action_epoch1": 0.8117732558139535, "ENV_Train_Probability to choose the right action_epoch1": 0.7341223306355048, "ENV_Train_Weighted right action_epoch1": 0.8117732558139535, "ENV_Train_Weighted probability to choose the right action:_epoch1": 0.7341223306355048, "ENV_Test_TotalLoss_epoch1": 207.49552778160236, "ENV_Test_Right action_epoch1": 0.811392, "ENV_Test_Probability to choose the right action_epoch1": 0.7520790882246142, "ENV_Test_Weighted right action_epoch1": 0.8523381532791175, "ENV_Test_Weighted probability to choose the right action:_epoch1": 0.7908278727445519, "ENV_Test_proba_accuracy_epoch1": 0.7520790882246148, "ENV_Test_proba_accuracy_strategy_132_epoch1": 0.7943616073094383, "ENV_Test_proba_accuracy_strategy_23_epoch1": 0.7504241002085911, "ENV_Test_proba_accuracy_strategy_107_epoch1": 0.8271596457765322, "ENV_Test_proba_accuracy_strategy_43_epoch1": 0.7604130814134574, "ENV_Test_proba_accuracy_strategy_17_epoch1": 0.72308287163352, "ENV_Test_proba_accuracy_strategy_93_epoch1": 0.7563344491654866, "ENV_Test_proba_accuracy_per_mean_strategy_epoch1": 0.7686292925845043, "ENV_Test_proba_accuracy_per_mean_user_epoch1": 0.7648024990533772, "ENV_Test_proba_accuracy_per_mean_user_and_bot_epoch1": 0.790827872744552, "ENV_Test_accuracy_epoch1": 0.811392, "ENV_Test_accuracy_strategy_132_epoch1": 0.8424929178470255, "ENV_Test_accuracy_strategy_23_epoch1": 0.8117628049765714, "ENV_Test_accuracy_strategy_107_epoch1": 0.8899835796387521, "ENV_Test_accuracy_strategy_43_epoch1": 0.8155216284987278, "ENV_Test_accuracy_strategy_17_epoch1": 0.7817604355716878, "ENV_Test_accuracy_strategy_93_epoch1": 0.8290203327171903, "ENV_Test_accuracy_per_mean_strategy_epoch1": 0.8284236165416591, "ENV_Test_accuracy_per_mean_user_epoch1": 0.8235328713510286, "ENV_Test_accuracy_per_mean_user_and_bot_epoch1": 0.8523381532791173, "ENV_Train_TotalLoss_epoch2": 902.837158110866, "ENV_Train_Right action_epoch2": 0.8192339949678501, "ENV_Train_Probability to choose the right action_epoch2": 0.7465198631916894, "ENV_Train_Weighted right action_epoch2": 0.8192339949678501, "ENV_Train_Weighted probability to choose the right action:_epoch2": 0.7465198631916894, "ENV_Test_TotalLoss_epoch2": 201.34070396900776, "ENV_Test_Right action_epoch2": 0.818176, "ENV_Test_Probability to choose the right action_epoch2": 0.7600831886105686, "ENV_Test_Weighted right action_epoch2": 0.8587154187559637, "ENV_Test_Weighted probability to choose the right action:_epoch2": 0.7966298252284065, "ENV_Test_proba_accuracy_epoch2": 0.7600831886105677, "ENV_Test_proba_accuracy_strategy_132_epoch2": 0.8030952414293334, "ENV_Test_proba_accuracy_strategy_23_epoch2": 0.7604946480243383, "ENV_Test_proba_accuracy_strategy_107_epoch2": 0.8404433007957511, "ENV_Test_proba_accuracy_strategy_43_epoch2": 0.758236948067394, "ENV_Test_proba_accuracy_strategy_17_epoch2": 0.7314872035159056, "ENV_Test_proba_accuracy_strategy_93_epoch2": 0.7615169118762004, "ENV_Test_proba_accuracy_per_mean_strategy_epoch2": 0.7758790422848204, "ENV_Test_proba_accuracy_per_mean_user_epoch2": 0.7710768509509391, "ENV_Test_proba_accuracy_per_mean_user_and_bot_epoch2": 0.7966298252284064, "ENV_Test_accuracy_epoch2": 0.818176, "ENV_Test_accuracy_strategy_132_epoch2": 0.854957507082153, "ENV_Test_accuracy_strategy_23_epoch2": 0.8177411536597189, "ENV_Test_accuracy_strategy_107_epoch2": 0.9064039408866995, "ENV_Test_accuracy_strategy_43_epoch2": 0.816793893129771, "ENV_Test_accuracy_strategy_17_epoch2": 0.7919691470054446, "ENV_Test_accuracy_strategy_93_epoch2": 0.8197781885397413, "ENV_Test_accuracy_per_mean_strategy_epoch2": 0.834607305050588, "ENV_Test_accuracy_per_mean_user_epoch2": 0.8289750831234151, "ENV_Test_accuracy_per_mean_user_and_bot_epoch2": 0.8587154187559636, "ENV_Train_TotalLoss_epoch3": 870.8547168740836, "ENV_Train_Right action_epoch3": 0.8264746994688287, "ENV_Train_Probability to choose the right action_epoch3": 0.7565186742077472, "ENV_Train_Weighted right action_epoch3": 0.8264746994688287, "ENV_Train_Weighted probability to choose the right action:_epoch3": 0.7565186742077472, "ENV_Test_TotalLoss_epoch3": 195.15339712592635, "ENV_Test_Right action_epoch3": 0.822784, "ENV_Test_Probability to choose the right action_epoch3": 0.7677948247055125, "ENV_Test_Weighted right action_epoch3": 0.8633493058598167, "ENV_Test_Weighted probability to choose the right action:_epoch3": 0.8051735644770073, "ENV_Test_proba_accuracy_epoch3": 0.767794824705513, "ENV_Test_proba_accuracy_strategy_132_epoch3": 0.8098123167413873, "ENV_Test_proba_accuracy_strategy_23_epoch3": 0.7674417614701673, "ENV_Test_proba_accuracy_strategy_107_epoch3": 0.8375103153630279, "ENV_Test_proba_accuracy_strategy_43_epoch3": 0.7686108879744328, "ENV_Test_proba_accuracy_strategy_17_epoch3": 0.7407664942203084, "ENV_Test_proba_accuracy_strategy_93_epoch3": 0.7709607493172038, "ENV_Test_proba_accuracy_per_mean_strategy_epoch3": 0.7825170875144213, "ENV_Test_proba_accuracy_per_mean_user_epoch3": 0.7789749143621587, "ENV_Test_proba_accuracy_per_mean_user_and_bot_epoch3": 0.8051735644770062, "ENV_Test_accuracy_epoch3": 0.822784, "ENV_Test_accuracy_strategy_132_epoch3": 0.860056657223796, "ENV_Test_accuracy_strategy_23_epoch3": 0.8201648085312652, "ENV_Test_accuracy_strategy_107_epoch3": 0.896551724137931, "ENV_Test_accuracy_strategy_43_epoch3": 0.8288804071246819, "ENV_Test_accuracy_strategy_17_epoch3": 0.7980943738656987, "ENV_Test_accuracy_strategy_93_epoch3": 0.8271719038817006, "ENV_Test_accuracy_per_mean_strategy_epoch3": 0.838486645794179, "ENV_Test_accuracy_per_mean_user_epoch3": 0.8335718813160468, "ENV_Test_accuracy_per_mean_user_and_bot_epoch3": 0.8633493058598176, "ENV_Train_TotalLoss_epoch4": 841.8021493654818, "ENV_Train_Right action_epoch4": 0.833426510873819, "ENV_Train_Probability to choose the right action_epoch4": 0.7648105510545811, "ENV_Train_Weighted right action_epoch4": 0.833426510873819, "ENV_Train_Weighted probability to choose the right action:_epoch4": 0.7648105510545811, "ENV_Test_TotalLoss_epoch4": 193.59836771207787, "ENV_Test_Right action_epoch4": 0.825984, "ENV_Test_Probability to choose the right action_epoch4": 0.7734144101558507, "ENV_Test_Weighted right action_epoch4": 0.8617883465801844, "ENV_Test_Weighted probability to choose the right action:_epoch4": 0.8074771223576787, "ENV_Test_proba_accuracy_epoch4": 0.7734144101558503, "ENV_Test_proba_accuracy_strategy_132_epoch4": 0.815469167953544, "ENV_Test_proba_accuracy_strategy_23_epoch4": 0.775635420330327, "ENV_Test_proba_accuracy_strategy_107_epoch4": 0.8463864050790793, "ENV_Test_proba_accuracy_strategy_43_epoch4": 0.7733930650770903, "ENV_Test_proba_accuracy_strategy_17_epoch4": 0.7425694514246313, "ENV_Test_proba_accuracy_strategy_93_epoch4": 0.7767283733351611, "ENV_Test_proba_accuracy_per_mean_strategy_epoch4": 0.7883636471999722, "ENV_Test_proba_accuracy_per_mean_user_epoch4": 0.7813820132592667, "ENV_Test_proba_accuracy_per_mean_user_and_bot_epoch4": 0.8074771223576793, "ENV_Test_accuracy_epoch4": 0.825984, "ENV_Test_accuracy_strategy_132_epoch4": 0.8657223796033995, "ENV_Test_accuracy_strategy_23_epoch4": 0.8309904669575052, "ENV_Test_accuracy_strategy_107_epoch4": 0.8899835796387521, "ENV_Test_accuracy_strategy_43_epoch4": 0.821882951653944, "ENV_Test_accuracy_strategy_17_epoch4": 0.7953720508166969, "ENV_Test_accuracy_strategy_93_epoch4": 0.8271719038817006, "ENV_Test_accuracy_per_mean_strategy_epoch4": 0.8385205554253329, "ENV_Test_accuracy_per_mean_user_epoch4": 0.8341491565486661, "ENV_Test_accuracy_per_mean_user_and_bot_epoch4": 0.8617883465801853, "ENV_Train_TotalLoss_epoch5": 824.6525019354298, "ENV_Train_Right action_epoch5": 0.8360935250793118, "ENV_Train_Probability to choose the right action_epoch5": 0.7707360211753268, "ENV_Train_Weighted right action_epoch5": 0.8360935250793118, "ENV_Train_Weighted probability to choose the right action:_epoch5": 0.7707360211753268, "ENV_Test_TotalLoss_epoch5": 195.25174571235954, "ENV_Test_Right action_epoch5": 0.829632, "ENV_Test_Probability to choose the right action_epoch5": 0.7839352801265063, "ENV_Test_Weighted right action_epoch5": 0.8631040574679494, "ENV_Test_Weighted probability to choose the right action:_epoch5": 0.8159326903177487, "ENV_Test_proba_accuracy_epoch5": 0.7839352801265055, "ENV_Test_proba_accuracy_strategy_132_epoch5": 0.8169436215193169, "ENV_Test_proba_accuracy_strategy_23_epoch5": 0.7883593323298214, "ENV_Test_proba_accuracy_strategy_107_epoch5": 0.8541671013378923, "ENV_Test_proba_accuracy_strategy_43_epoch5": 0.7791576216211515, "ENV_Test_proba_accuracy_strategy_17_epoch5": 0.7552241218397475, "ENV_Test_proba_accuracy_strategy_93_epoch5": 0.7891643967032879, "ENV_Test_proba_accuracy_per_mean_strategy_epoch5": 0.7971693658918696, "ENV_Test_proba_accuracy_per_mean_user_epoch5": 0.79298413694118, "ENV_Test_proba_accuracy_per_mean_user_and_bot_epoch5": 0.8159326903177486, "ENV_Test_accuracy_epoch5": 0.829632, "ENV_Test_accuracy_strategy_132_epoch5": 0.856657223796034, "ENV_Test_accuracy_strategy_23_epoch5": 0.8363225076749071, "ENV_Test_accuracy_strategy_107_epoch5": 0.9014778325123153, "ENV_Test_accuracy_strategy_43_epoch5": 0.8263358778625954, "ENV_Test_accuracy_strategy_17_epoch5": 0.7992286751361162, "ENV_Test_accuracy_strategy_93_epoch5": 0.8354898336414048, "ENV_Test_accuracy_per_mean_strategy_epoch5": 0.8425853251038955, "ENV_Test_accuracy_per_mean_user_epoch5": 0.8387135597399664, "ENV_Test_accuracy_per_mean_user_and_bot_epoch5": 0.8631040574679493, "ENV_Train_TotalLoss_epoch6": 806.4854367598879, "ENV_Train_Right action_epoch6": 0.8402113000824517, "ENV_Train_Probability to choose the right action_epoch6": 0.7758275882763316, "ENV_Train_Weighted right action_epoch6": 0.8402113000824517, "ENV_Train_Weighted probability to choose the right action:_epoch6": 0.7758275882763316, "ENV_Test_TotalLoss_epoch6": 196.678886620603, "ENV_Test_Right action_epoch6": 0.827008, "ENV_Test_Probability to choose the right action_epoch6": 0.7822062236500483, "ENV_Test_Weighted right action_epoch6": 0.8614664850263901, "ENV_Test_Weighted probability to choose the right action:_epoch6": 0.8163066497742737, "ENV_Test_proba_accuracy_epoch6": 0.782206223650048, "ENV_Test_proba_accuracy_strategy_132_epoch6": 0.8209660627238577, "ENV_Test_proba_accuracy_strategy_23_epoch6": 0.7830530059246664, "ENV_Test_proba_accuracy_strategy_107_epoch6": 0.8553404813156399, "ENV_Test_proba_accuracy_strategy_43_epoch6": 0.7825891425657372, "ENV_Test_proba_accuracy_strategy_17_epoch6": 0.7547697888950541, "ENV_Test_proba_accuracy_strategy_93_epoch6": 0.7841907351873112, "ENV_Test_proba_accuracy_per_mean_strategy_epoch6": 0.7968182027687111, "ENV_Test_proba_accuracy_per_mean_user_epoch6": 0.7928178481486984, "ENV_Test_proba_accuracy_per_mean_user_and_bot_epoch6": 0.8163066497742735, "ENV_Test_accuracy_epoch6": 0.827008, "ENV_Test_accuracy_strategy_132_epoch6": 0.8611898016997167, "ENV_Test_accuracy_strategy_23_epoch6": 0.8298594280174503, "ENV_Test_accuracy_strategy_107_epoch6": 0.896551724137931, "ENV_Test_accuracy_strategy_43_epoch6": 0.8256997455470738, "ENV_Test_accuracy_strategy_17_epoch6": 0.7999092558983666, "ENV_Test_accuracy_strategy_93_epoch6": 0.8280961182994455, "ENV_Test_accuracy_per_mean_strategy_epoch6": 0.8402176789333308, "ENV_Test_accuracy_per_mean_user_epoch6": 0.8392026977612934, "ENV_Test_accuracy_per_mean_user_and_bot_epoch6": 0.8614664850263902, "ENV_Train_TotalLoss_epoch7": 796.4290066949069, "ENV_Train_Right action_epoch7": 0.8432625104836455, "ENV_Train_Probability to choose the right action_epoch7": 0.7791997340266213, "ENV_Train_Weighted right action_epoch7": 0.8432625104836455, "ENV_Train_Weighted probability to choose the right action:_epoch7": 0.7791997340266213, "ENV_Test_TotalLoss_epoch7": 187.6050279991738, "ENV_Test_Right action_epoch7": 0.831104, "ENV_Test_Probability to choose the right action_epoch7": 0.7809941981220546, "ENV_Test_Weighted right action_epoch7": 0.8655629368054804, "ENV_Test_Weighted probability to choose the right action:_epoch7": 0.8131869214411356, "ENV_Test_proba_accuracy_epoch7": 0.7809941981220548, "ENV_Test_proba_accuracy_strategy_132_epoch7": 0.814414411628046, "ENV_Test_proba_accuracy_strategy_23_epoch7": 0.7840557359147677, "ENV_Test_proba_accuracy_strategy_107_epoch7": 0.848730683449961, "ENV_Test_proba_accuracy_strategy_43_epoch7": 0.7783546718049441, "ENV_Test_proba_accuracy_strategy_17_epoch7": 0.7543443131935061, "ENV_Test_proba_accuracy_strategy_93_epoch7": 0.7832455607224905, "ENV_Test_proba_accuracy_per_mean_strategy_epoch7": 0.7938575627856191, "ENV_Test_proba_accuracy_per_mean_user_epoch7": 0.7893570614595331, "ENV_Test_proba_accuracy_per_mean_user_and_bot_epoch7": 0.8131869214411366, "ENV_Test_accuracy_epoch7": 0.831104, "ENV_Test_accuracy_strategy_132_epoch7": 0.8623229461756374, "ENV_Test_accuracy_strategy_23_epoch7": 0.8338988528033608, "ENV_Test_accuracy_strategy_107_epoch7": 0.8932676518883416, "ENV_Test_accuracy_strategy_43_epoch7": 0.8314249363867684, "ENV_Test_accuracy_strategy_17_epoch7": 0.8058076225045372, "ENV_Test_accuracy_strategy_93_epoch7": 0.8317929759704251, "ENV_Test_accuracy_per_mean_strategy_epoch7": 0.8430858309548451, "ENV_Test_accuracy_per_mean_user_epoch7": 0.8400112112840654, "ENV_Test_accuracy_per_mean_user_and_bot_epoch7": 0.8655629368054795, "ENV_Train_TotalLoss_epoch8": 779.3831676249813, "ENV_Train_Right action_epoch8": 0.8480508592985888, "ENV_Train_Probability to choose the right action_epoch8": 0.7845797689109578, "ENV_Train_Weighted right action_epoch8": 0.8480508592985888, "ENV_Train_Weighted probability to choose the right action:_epoch8": 0.7845797689109578, "ENV_Test_TotalLoss_epoch8": 188.11445112273458, "ENV_Test_Right action_epoch8": 0.831808, "ENV_Test_Probability to choose the right action_epoch8": 0.7816071017125676, "ENV_Test_Weighted right action_epoch8": 0.8637176008063088, "ENV_Test_Weighted probability to choose the right action:_epoch8": 0.8116359220130163, "ENV_Test_proba_accuracy_epoch8": 0.7816071017125671, "ENV_Test_proba_accuracy_strategy_132_epoch8": 0.814168254579554, "ENV_Test_proba_accuracy_strategy_23_epoch8": 0.7873904150158451, "ENV_Test_proba_accuracy_strategy_107_epoch8": 0.8468187587711072, "ENV_Test_proba_accuracy_strategy_43_epoch8": 0.7787159744577664, "ENV_Test_proba_accuracy_strategy_17_epoch8": 0.7520093408765158, "ENV_Test_proba_accuracy_strategy_93_epoch8": 0.7834874361090459, "ENV_Test_proba_accuracy_per_mean_strategy_epoch8": 0.7937650299683057, "ENV_Test_proba_accuracy_per_mean_user_epoch8": 0.7881283216302797, "ENV_Test_proba_accuracy_per_mean_user_and_bot_epoch8": 0.8116359220130162, "ENV_Test_accuracy_epoch8": 0.831808, "ENV_Test_accuracy_strategy_132_epoch8": 0.8589235127478754, "ENV_Test_accuracy_strategy_23_epoch8": 0.8408466634351268, "ENV_Test_accuracy_strategy_107_epoch8": 0.8949096880131363, "ENV_Test_accuracy_strategy_43_epoch8": 0.8326972010178118, "ENV_Test_accuracy_strategy_17_epoch8": 0.7985480943738656, "ENV_Test_accuracy_strategy_93_epoch8": 0.8345656192236599, "ENV_Test_accuracy_per_mean_strategy_epoch8": 0.8434151298019126, "ENV_Test_accuracy_per_mean_user_epoch8": 0.8363833875409914, "ENV_Test_accuracy_per_mean_user_and_bot_epoch8": 0.863717600806309, "ENV_Train_TotalLoss_epoch9": 769.1802760640138, "ENV_Train_Right action_epoch9": 0.8508666480290746, "ENV_Train_Probability to choose the right action_epoch9": 0.7874689942657598, "ENV_Train_Weighted right action_epoch9": 0.8508666480290746, "ENV_Train_Weighted probability to choose the right action:_epoch9": 0.7874689942657598, "ENV_Test_TotalLoss_epoch9": 189.57288446179635, "ENV_Test_Right action_epoch9": 0.835328, "ENV_Test_Probability to choose the right action_epoch9": 0.7884206693114737, "ENV_Test_Weighted right action_epoch9": 0.8666040331176172, "ENV_Test_Weighted probability to choose the right action:_epoch9": 0.8190056063575003, "ENV_Test_proba_accuracy_epoch9": 0.788420669311473, "ENV_Test_proba_accuracy_strategy_132_epoch9": 0.8193155270940202, "ENV_Test_proba_accuracy_strategy_23_epoch9": 0.7926943957282842, "ENV_Test_proba_accuracy_strategy_107_epoch9": 0.8475671907362288, "ENV_Test_proba_accuracy_strategy_43_epoch9": 0.7844154656025296, "ENV_Test_proba_accuracy_strategy_17_epoch9": 0.7636853244993417, "ENV_Test_proba_accuracy_strategy_93_epoch9": 0.7868770758131522, "ENV_Test_proba_accuracy_per_mean_strategy_epoch9": 0.799092496578926, "ENV_Test_proba_accuracy_per_mean_user_epoch9": 0.7961303723524109, "ENV_Test_proba_accuracy_per_mean_user_and_bot_epoch9": 0.8190056063574994, "ENV_Test_accuracy_epoch9": 0.835328, "ENV_Test_accuracy_strategy_132_epoch9": 0.8651558073654391, "ENV_Test_accuracy_strategy_23_epoch9": 0.8380998545807077, "ENV_Test_accuracy_strategy_107_epoch9": 0.8932676518883416, "ENV_Test_accuracy_strategy_43_epoch9": 0.833969465648855, "ENV_Test_accuracy_strategy_17_epoch9": 0.8137477313974592, "ENV_Test_accuracy_strategy_93_epoch9": 0.8280961182994455, "ENV_Test_accuracy_per_mean_strategy_epoch9": 0.8453894381967079, "ENV_Test_accuracy_per_mean_user_epoch9": 0.8427685523702523, "ENV_Test_accuracy_per_mean_user_and_bot_epoch9": 0.8666040331176169, "ENV_Train_TotalLoss_epoch10": 761.0626549143722, "ENV_Train_Right action_epoch10": 0.8510763209393346, "ENV_Train_Probability to choose the right action_epoch10": 0.7897394986025075, "ENV_Train_Weighted right action_epoch10": 0.8510763209393346, "ENV_Train_Weighted probability to choose the right action:_epoch10": 0.7897394986025075, "ENV_Test_TotalLoss_epoch10": 189.47541623460495, "ENV_Test_Right action_epoch10": 0.832704, "ENV_Test_Probability to choose the right action_epoch10": 0.791388585470619, "ENV_Test_Weighted right action_epoch10": 0.8653685251269164, "ENV_Test_Weighted probability to choose the right action:_epoch10": 0.823100434842402, "ENV_Test_proba_accuracy_epoch10": 0.7913885854706194, "ENV_Test_proba_accuracy_strategy_132_epoch10": 0.8246345326064798, "ENV_Test_proba_accuracy_strategy_23_epoch10": 0.7931807886644582, "ENV_Test_proba_accuracy_strategy_107_epoch10": 0.8542188859087227, "ENV_Test_proba_accuracy_strategy_43_epoch10": 0.791337631122885, "ENV_Test_proba_accuracy_strategy_17_epoch10": 0.7658260435227295, "ENV_Test_proba_accuracy_strategy_93_epoch10": 0.7957555816930487, "ENV_Test_proba_accuracy_per_mean_strategy_epoch10": 0.8041589105863872, "ENV_Test_proba_accuracy_per_mean_user_epoch10": 0.8003726259828488, "ENV_Test_proba_accuracy_per_mean_user_and_bot_epoch10": 0.8231004348424018, "ENV_Test_accuracy_epoch10": 0.832704, "ENV_Test_accuracy_strategy_132_epoch10": 0.860056657223796, "ENV_Test_accuracy_strategy_23_epoch10": 0.8364840846663435, "ENV_Test_accuracy_strategy_107_epoch10": 0.8949096880131363, "ENV_Test_accuracy_strategy_43_epoch10": 0.8346055979643766, "ENV_Test_accuracy_strategy_17_epoch10": 0.8044464609800362, "ENV_Test_accuracy_strategy_93_epoch10": 0.8438077634011091, "ENV_Test_accuracy_per_mean_strategy_epoch10": 0.8457183753747994, "ENV_Test_accuracy_per_mean_user_epoch10": 0.8410759782648494, "ENV_Test_accuracy_per_mean_user_and_bot_epoch10": 0.8653685251269158, "ENV_Train_TotalLoss_epoch11": 752.117068139597, "ENV_Train_Right action_epoch11": 0.8539998043080191, "ENV_Train_Probability to choose the right action_epoch11": 0.7924693763538327, "ENV_Train_Weighted right action_epoch11": 0.8539998043080191, "ENV_Train_Weighted probability to choose the right action:_epoch11": 0.7924693763538327, "ENV_Test_TotalLoss_epoch11": 192.9792251999193, "ENV_Test_Right action_epoch11": 0.831232, "ENV_Test_Probability to choose the right action_epoch11": 0.7823968127249928, "ENV_Test_Weighted right action_epoch11": 0.8649701460421145, "ENV_Test_Weighted probability to choose the right action:_epoch11": 0.81233524102769, "ENV_Test_proba_accuracy_epoch11": 0.7823968127249926, "ENV_Test_proba_accuracy_strategy_132_epoch11": 0.8151041475506503, "ENV_Test_proba_accuracy_strategy_23_epoch11": 0.7859118693533808, "ENV_Test_proba_accuracy_strategy_107_epoch11": 0.8425207073562463, "ENV_Test_proba_accuracy_strategy_43_epoch11": 0.7801334032903531, "ENV_Test_proba_accuracy_strategy_17_epoch11": 0.7553097089695934, "ENV_Test_proba_accuracy_strategy_93_epoch11": 0.7887364150486904, "ENV_Test_proba_accuracy_per_mean_strategy_epoch11": 0.7946193752614857, "ENV_Test_proba_accuracy_per_mean_user_epoch11": 0.7900234220604978, "ENV_Test_proba_accuracy_per_mean_user_and_bot_epoch11": 0.8123352410276896, "ENV_Test_accuracy_epoch11": 0.831232, "ENV_Test_accuracy_strategy_132_epoch11": 0.8594900849858357, "ENV_Test_accuracy_strategy_23_epoch11": 0.8377767005978348, "ENV_Test_accuracy_strategy_107_epoch11": 0.8850574712643678, "ENV_Test_accuracy_strategy_43_epoch11": 0.8282442748091603, "ENV_Test_accuracy_strategy_17_epoch11": 0.7994555353901996, "ENV_Test_accuracy_strategy_93_epoch11": 0.8512014787430684, "ENV_Test_accuracy_per_mean_strategy_epoch11": 0.8435375909650777, "ENV_Test_accuracy_per_mean_user_epoch11": 0.8395631316453601, "ENV_Test_accuracy_per_mean_user_and_bot_epoch11": 0.8649701460421149, "ENV_Train_TotalLoss_epoch12": 743.8511982061784, "ENV_Train_Right action_epoch12": 0.8551348330305995, "ENV_Train_Probability to choose the right action_epoch12": 0.795150729165736, "ENV_Train_Weighted right action_epoch12": 0.8551348330305995, "ENV_Train_Weighted probability to choose the right action:_epoch12": 0.795150729165736, "ENV_Test_TotalLoss_epoch12": 192.32599734482844, "ENV_Test_Right action_epoch12": 0.835392, "ENV_Test_Probability to choose the right action_epoch12": 0.7871398102643418, "ENV_Test_Weighted right action_epoch12": 0.8610675918225817, "ENV_Test_Weighted probability to choose the right action:_epoch12": 0.8118991016066388, "ENV_Test_proba_accuracy_epoch12": 0.7871398102643421, "ENV_Test_proba_accuracy_strategy_132_epoch12": 0.811839666656832, "ENV_Test_proba_accuracy_strategy_23_epoch12": 0.7944114296345643, "ENV_Test_proba_accuracy_strategy_107_epoch12": 0.844850630857358, "ENV_Test_proba_accuracy_strategy_43_epoch12": 0.7802025931734968, "ENV_Test_proba_accuracy_strategy_17_epoch12": 0.7612629478794817, "ENV_Test_proba_accuracy_strategy_93_epoch12": 0.7882722743152456, "ENV_Test_proba_accuracy_per_mean_strategy_epoch12": 0.7968065904194964, "ENV_Test_proba_accuracy_per_mean_user_epoch12": 0.7935345563222655, "ENV_Test_proba_accuracy_per_mean_user_and_bot_epoch12": 0.8118991016066397, "ENV_Test_accuracy_epoch12": 0.835392, "ENV_Test_accuracy_strategy_132_epoch12": 0.853257790368272, "ENV_Test_accuracy_strategy_23_epoch12": 0.8453708191953466, "ENV_Test_accuracy_strategy_107_epoch12": 0.8834154351395731, "ENV_Test_accuracy_strategy_43_epoch12": 0.833969465648855, "ENV_Test_accuracy_strategy_17_epoch12": 0.8073956442831216, "ENV_Test_accuracy_strategy_93_epoch12": 0.8382624768946395, "ENV_Test_accuracy_per_mean_strategy_epoch12": 0.8436119385883013, "ENV_Test_accuracy_per_mean_user_epoch12": 0.8410602423306975, "ENV_Test_accuracy_per_mean_user_and_bot_epoch12": 0.861067591822582, "ENV_Train_TotalLoss_epoch13": 734.5402403066728, "ENV_Train_Right action_epoch13": 0.8572626400961458, "ENV_Train_Probability to choose the right action_epoch13": 0.7974546320863696, "ENV_Train_Weighted right action_epoch13": 0.8572626400961458, "ENV_Train_Weighted probability to choose the right action:_epoch13": 0.7974546320863696, "ENV_Test_TotalLoss_epoch13": 187.72059104016574, "ENV_Test_Right action_epoch13": 0.837632, "ENV_Test_Probability to choose the right action_epoch13": 0.7858544400033246, "ENV_Test_Weighted right action_epoch13": 0.8668800454696071, "ENV_Test_Weighted probability to choose the right action:_epoch13": 0.8140412604718209, "ENV_Test_proba_accuracy_epoch13": 0.7858544400033252, "ENV_Test_proba_accuracy_strategy_132_epoch13": 0.8145314765573423, "ENV_Test_proba_accuracy_strategy_23_epoch13": 0.7909078317258714, "ENV_Test_proba_accuracy_strategy_107_epoch13": 0.8459461747112698, "ENV_Test_proba_accuracy_strategy_43_epoch13": 0.7790179991330696, "ENV_Test_proba_accuracy_strategy_17_epoch13": 0.7614145067366652, "ENV_Test_proba_accuracy_strategy_93_epoch13": 0.7858468924632697, "ENV_Test_proba_accuracy_per_mean_strategy_epoch13": 0.796277480221248, "ENV_Test_proba_accuracy_per_mean_user_epoch13": 0.7927859137116349, "ENV_Test_proba_accuracy_per_mean_user_and_bot_epoch13": 0.8140412604718212, "ENV_Test_accuracy_epoch13": 0.837632, "ENV_Test_accuracy_strategy_132_epoch13": 0.8623229461756374, "ENV_Test_accuracy_strategy_23_epoch13": 0.843593472289546, "ENV_Test_accuracy_strategy_107_epoch13": 0.8916256157635468, "ENV_Test_accuracy_strategy_43_epoch13": 0.839058524173028, "ENV_Test_accuracy_strategy_17_epoch13": 0.8128402903811253, "ENV_Test_accuracy_strategy_93_epoch13": 0.8317929759704251, "ENV_Test_accuracy_per_mean_strategy_epoch13": 0.8468723041255514, "ENV_Test_accuracy_per_mean_user_epoch13": 0.8445095052144387, "ENV_Test_accuracy_per_mean_user_and_bot_epoch13": 0.8668800454696073, "ENV_Train_TotalLoss_epoch14": 730.7874143619217, "ENV_Train_Right action_epoch14": 0.8585285402806507, "ENV_Train_Probability to choose the right action_epoch14": 0.7992083254528483, "ENV_Train_Weighted right action_epoch14": 0.8585285402806507, "ENV_Train_Weighted probability to choose the right action:_epoch14": 0.7992083254528483, "ENV_Test_TotalLoss_epoch14": 191.09036532646041, "ENV_Test_Right action_epoch14": 0.8384, "ENV_Test_Probability to choose the right action_epoch14": 0.7907368311797311, "ENV_Test_Weighted right action_epoch14": 0.8674888738843656, "ENV_Test_Weighted probability to choose the right action:_epoch14": 0.8170986453398368, "ENV_Test_proba_accuracy_epoch14": 0.7907368311797316, "ENV_Test_proba_accuracy_strategy_132_epoch14": 0.8182703313317634, "ENV_Test_proba_accuracy_strategy_23_epoch14": 0.7964174647923814, "ENV_Test_proba_accuracy_strategy_107_epoch14": 0.8439593798844235, "ENV_Test_proba_accuracy_strategy_43_epoch14": 0.786043143160319, "ENV_Test_proba_accuracy_strategy_17_epoch14": 0.7667295119094917, "ENV_Test_proba_accuracy_strategy_93_epoch14": 0.787997588621093, "ENV_Test_proba_accuracy_per_mean_strategy_epoch14": 0.7999029032832453, "ENV_Test_proba_accuracy_per_mean_user_epoch14": 0.7969109796018214, "ENV_Test_proba_accuracy_per_mean_user_and_bot_epoch14": 0.8170986453398369, "ENV_Test_accuracy_epoch14": 0.8384, "ENV_Test_accuracy_strategy_132_epoch14": 0.8583569405099151, "ENV_Test_accuracy_strategy_23_epoch14": 0.8458555501696559, "ENV_Test_accuracy_strategy_107_epoch14": 0.8850574712643678, "ENV_Test_accuracy_strategy_43_epoch14": 0.839058524173028, "ENV_Test_accuracy_strategy_17_epoch14": 0.8130671506352087, "ENV_Test_accuracy_strategy_93_epoch14": 0.8391866913123844, "ENV_Test_accuracy_per_mean_strategy_epoch14": 0.8467637213440934, "ENV_Test_accuracy_per_mean_user_epoch14": 0.8459684784643966, "ENV_Test_accuracy_per_mean_user_and_bot_epoch14": 0.8674888738843661, "ENV_Train_TotalLoss_epoch15": 720.6781836231962, "ENV_Train_Right action_epoch15": 0.8598842734947169, "ENV_Train_Probability to choose the right action_epoch15": 0.8010109878312399, "ENV_Train_Weighted right action_epoch15": 0.8598842734947169, "ENV_Train_Weighted probability to choose the right action:_epoch15": 0.8010109878312399, "ENV_Test_TotalLoss_epoch15": 194.78322455474265, "ENV_Test_Right action_epoch15": 0.82816, "ENV_Test_Probability to choose the right action_epoch15": 0.789934907099289, "ENV_Test_Weighted right action_epoch15": 0.8613081252696815, "ENV_Test_Weighted probability to choose the right action:_epoch15": 0.8222829129456437, "ENV_Test_proba_accuracy_epoch15": 0.7899349070992894, "ENV_Test_proba_accuracy_strategy_132_epoch15": 0.8225020380591253, "ENV_Test_proba_accuracy_strategy_23_epoch15": 0.7935327226312338, "ENV_Test_proba_accuracy_strategy_107_epoch15": 0.8575973993448847, "ENV_Test_proba_accuracy_strategy_43_epoch15": 0.7860029649289437, "ENV_Test_proba_accuracy_strategy_17_epoch15": 0.7630814019767186, "ENV_Test_proba_accuracy_strategy_93_epoch15": 0.7932592503739608, "ENV_Test_proba_accuracy_per_mean_strategy_epoch15": 0.8026626295524778, "ENV_Test_proba_accuracy_per_mean_user_epoch15": 0.7979054607910622, "ENV_Test_proba_accuracy_per_mean_user_and_bot_epoch15": 0.8222829129456435, "ENV_Test_accuracy_epoch15": 0.82816, "ENV_Test_accuracy_strategy_132_epoch15": 0.856657223796034, "ENV_Test_accuracy_strategy_23_epoch15": 0.8314751979318145, "ENV_Test_accuracy_strategy_107_epoch15": 0.90311986863711, "ENV_Test_accuracy_strategy_43_epoch15": 0.8263358778625954, "ENV_Test_accuracy_strategy_17_epoch15": 0.7996823956442831, "ENV_Test_accuracy_strategy_93_epoch15": 0.8391866913123844, "ENV_Test_accuracy_per_mean_strategy_epoch15": 0.8427428758640371, "ENV_Test_accuracy_per_mean_user_epoch15": 0.8362077146860495, "ENV_Test_accuracy_per_mean_user_and_bot_epoch15": 0.8613081252696817, "ENV_Train_TotalLoss_epoch16": 720.9842169156881, "ENV_Train_Right action_epoch16": 0.8605733614749171, "ENV_Train_Probability to choose the right action_epoch16": 0.8022712232715872, "ENV_Train_Weighted right action_epoch16": 0.8605733614749171, "ENV_Train_Weighted probability to choose the right action:_epoch16": 0.8022712232715872, "ENV_Test_TotalLoss_epoch16": 195.439865582838, "ENV_Test_Right action_epoch16": 0.832704, "ENV_Test_Probability to choose the right action_epoch16": 0.7870749024878148, "ENV_Test_Weighted right action_epoch16": 0.8641776895640771, "ENV_Test_Weighted probability to choose the right action:_epoch16": 0.816406084448509, "ENV_Test_proba_accuracy_epoch16": 0.7870749024878153, "ENV_Test_proba_accuracy_strategy_132_epoch16": 0.8201854689397198, "ENV_Test_proba_accuracy_strategy_23_epoch16": 0.7917237488149145, "ENV_Test_proba_accuracy_strategy_107_epoch16": 0.8454471125798939, "ENV_Test_proba_accuracy_strategy_43_epoch16": 0.784762582344123, "ENV_Test_proba_accuracy_strategy_17_epoch16": 0.7598562258761722, "ENV_Test_proba_accuracy_strategy_93_epoch16": 0.7878645125782988, "ENV_Test_proba_accuracy_per_mean_strategy_epoch16": 0.798306608522187, "ENV_Test_proba_accuracy_per_mean_user_epoch16": 0.794847030004758, "ENV_Test_proba_accuracy_per_mean_user_and_bot_epoch16": 0.8164060844485094, "ENV_Test_accuracy_epoch16": 0.832704, "ENV_Test_accuracy_strategy_132_epoch16": 0.8623229461756374, "ENV_Test_accuracy_strategy_23_epoch16": 0.8364840846663435, "ENV_Test_accuracy_strategy_107_epoch16": 0.8981937602627258, "ENV_Test_accuracy_strategy_43_epoch16": 0.8333333333333334, "ENV_Test_accuracy_strategy_17_epoch16": 0.8083030852994555, "ENV_Test_accuracy_strategy_93_epoch16": 0.8243992606284658, "ENV_Test_accuracy_per_mean_strategy_epoch16": 0.8438394117276601, "ENV_Test_accuracy_per_mean_user_epoch16": 0.8414045689911336, "ENV_Test_accuracy_per_mean_user_and_bot_epoch16": 0.8641776895640776, "ENV_Train_TotalLoss_epoch17": 716.6224830128834, "ENV_Train_Right action_epoch17": 0.8621311452494443, "ENV_Train_Probability to choose the right action_epoch17": 0.8028802276470083, "ENV_Train_Weighted right action_epoch17": 0.8621311452494443, "ENV_Train_Weighted probability to choose the right action:_epoch17": 0.8028802276470083, "ENV_Test_TotalLoss_epoch17": 195.99526797921894, "ENV_Test_Right action_epoch17": 0.831424, "ENV_Test_Probability to choose the right action_epoch17": 0.7904629832016868, "ENV_Test_Weighted right action_epoch17": 0.8628870339411681, "ENV_Test_Weighted probability to choose the right action:_epoch17": 0.8191600922909077, "ENV_Test_proba_accuracy_epoch17": 0.7904629832016872, "ENV_Test_proba_accuracy_strategy_132_epoch17": 0.8124634285369761, "ENV_Test_proba_accuracy_strategy_23_epoch17": 0.7953323229205885, "ENV_Test_proba_accuracy_strategy_107_epoch17": 0.859302311955203, "ENV_Test_proba_accuracy_strategy_43_epoch17": 0.7850341620972945, "ENV_Test_proba_accuracy_strategy_17_epoch17": 0.765954626914238, "ENV_Test_proba_accuracy_strategy_93_epoch17": 0.7957094347203814, "ENV_Test_proba_accuracy_per_mean_strategy_epoch17": 0.8022993811907803, "ENV_Test_proba_accuracy_per_mean_user_epoch17": 0.7978463453140356, "ENV_Test_proba_accuracy_per_mean_user_and_bot_epoch17": 0.8191600922909079, "ENV_Test_accuracy_epoch17": 0.831424, "ENV_Test_accuracy_strategy_132_epoch17": 0.8504249291784702, "ENV_Test_accuracy_strategy_23_epoch17": 0.8351914687348522, "ENV_Test_accuracy_strategy_107_epoch17": 0.9064039408866995, "ENV_Test_accuracy_strategy_43_epoch17": 0.8326972010178118, "ENV_Test_accuracy_strategy_17_epoch17": 0.8064882032667876, "ENV_Test_accuracy_strategy_93_epoch17": 0.8364140480591498, "ENV_Test_accuracy_per_mean_strategy_epoch17": 0.8446032985239619, "ENV_Test_accuracy_per_mean_user_epoch17": 0.8407616975237721, "ENV_Test_accuracy_per_mean_user_and_bot_epoch17": 0.8628870339411678, "ENV_Train_TotalLoss_epoch18": 705.7567594400126, "ENV_Train_Right action_epoch18": 0.8631414154121413, "ENV_Train_Probability to choose the right action_epoch18": 0.8063299699313323, "ENV_Train_Weighted right action_epoch18": 0.8631414154121413, "ENV_Train_Weighted probability to choose the right action:_epoch18": 0.8063299699313323, "ENV_Test_TotalLoss_epoch18": 193.4086921522541, "ENV_Test_Right action_epoch18": 0.832896, "ENV_Test_Probability to choose the right action_epoch18": 0.7871855309394018, "ENV_Test_Weighted right action_epoch18": 0.8642884803721822, "ENV_Test_Weighted probability to choose the right action:_epoch18": 0.8148410793934667, "ENV_Test_proba_accuracy_epoch18": 0.7871855309394028, "ENV_Test_proba_accuracy_strategy_132_epoch18": 0.8163183778126056, "ENV_Test_proba_accuracy_strategy_23_epoch18": 0.7894402944875653, "ENV_Test_proba_accuracy_strategy_107_epoch18": 0.843379647770709, "ENV_Test_proba_accuracy_strategy_43_epoch18": 0.7821602051568862, "ENV_Test_proba_accuracy_strategy_17_epoch18": 0.7648498564298631, "ENV_Test_proba_accuracy_strategy_93_epoch18": 0.7934323349016197, "ENV_Test_proba_accuracy_per_mean_strategy_epoch18": 0.7982634527598748, "ENV_Test_proba_accuracy_per_mean_user_epoch18": 0.7943654254963007, "ENV_Test_proba_accuracy_per_mean_user_and_bot_epoch18": 0.8148410793934675, "ENV_Test_accuracy_epoch18": 0.832896, "ENV_Test_accuracy_strategy_132_epoch18": 0.8555240793201133, "ENV_Test_accuracy_strategy_23_epoch18": 0.8372919696235256, "ENV_Test_accuracy_strategy_107_epoch18": 0.8949096880131363, "ENV_Test_accuracy_strategy_43_epoch18": 0.8288804071246819, "ENV_Test_accuracy_strategy_17_epoch18": 0.8105716878402904, "ENV_Test_accuracy_strategy_93_epoch18": 0.83271719038817, "ENV_Test_accuracy_per_mean_strategy_epoch18": 0.8433158370516529, "ENV_Test_accuracy_per_mean_user_epoch18": 0.8429956248999392, "ENV_Test_accuracy_per_mean_user_and_bot_epoch18": 0.8642884803721838, "ENV_Train_TotalLoss_epoch19": 703.7279604992359, "ENV_Train_Right action_epoch19": 0.8638891994633273, "ENV_Train_Probability to choose the right action_epoch19": 0.8068767882516675, "ENV_Train_Weighted right action_epoch19": 0.8638891994633273, "ENV_Train_Weighted probability to choose the right action:_epoch19": 0.8068767882516675, "ENV_Test_TotalLoss_epoch19": 188.88362846745312, "ENV_Test_Right action_epoch19": 0.837696, "ENV_Test_Probability to choose the right action_epoch19": 0.7884919625009982, "ENV_Test_Weighted right action_epoch19": 0.8661686888836622, "ENV_Test_Weighted probability to choose the right action:_epoch19": 0.8181931386255775, "ENV_Test_proba_accuracy_epoch19": 0.7884919625009974, "ENV_Test_proba_accuracy_strategy_132_epoch19": 0.8184375323725921, "ENV_Test_proba_accuracy_strategy_23_epoch19": 0.7913535107945714, "ENV_Test_proba_accuracy_strategy_107_epoch19": 0.8477900702302125, "ENV_Test_proba_accuracy_strategy_43_epoch19": 0.7815221814482487, "ENV_Test_proba_accuracy_strategy_17_epoch19": 0.7662168918823503, "ENV_Test_proba_accuracy_strategy_93_epoch19": 0.7907732991761637, "ENV_Test_proba_accuracy_per_mean_strategy_epoch19": 0.7993489143173566, "ENV_Test_proba_accuracy_per_mean_user_epoch19": 0.7975994293271245, "ENV_Test_proba_accuracy_per_mean_user_and_bot_epoch19": 0.8181931386255774, "ENV_Test_accuracy_epoch19": 0.837696, "ENV_Test_accuracy_strategy_132_epoch19": 0.8594900849858357, "ENV_Test_accuracy_strategy_23_epoch19": 0.8432703183066731, "ENV_Test_accuracy_strategy_107_epoch19": 0.8916256157635468, "ENV_Test_accuracy_strategy_43_epoch19": 0.8307888040712468, "ENV_Test_accuracy_strategy_17_epoch19": 0.8153357531760436, "ENV_Test_accuracy_strategy_93_epoch19": 0.8410351201478743, "ENV_Test_accuracy_per_mean_strategy_epoch19": 0.84692428274187, "ENV_Test_accuracy_per_mean_user_epoch19": 0.8458021162514517, "ENV_Test_accuracy_per_mean_user_and_bot_epoch19": 0.8661686888836625, "ENV_Train_TotalLoss_epoch20": 697.7604860545431, "ENV_Train_Right action_epoch20": 0.8641618093121427, "ENV_Train_Probability to choose the right action_epoch20": 0.8081811611360621, "ENV_Train_Weighted right action_epoch20": 0.8641618093121427, "ENV_Train_Weighted probability to choose the right action:_epoch20": 0.8081811611360621, "ENV_Test_TotalLoss_epoch20": 194.59697156705167, "ENV_Test_Right action_epoch20": 0.83744, "ENV_Test_Probability to choose the right action_epoch20": 0.7917829403886315, "ENV_Test_Weighted right action_epoch20": 0.8658129587933063, "ENV_Test_Weighted probability to choose the right action:_epoch20": 0.8199301332211475, "ENV_Test_proba_accuracy_epoch20": 0.7917829403886308, "ENV_Test_proba_accuracy_strategy_132_epoch20": 0.8152202515389989, "ENV_Test_proba_accuracy_strategy_23_epoch20": 0.7957251962003807, "ENV_Test_proba_accuracy_strategy_107_epoch20": 0.8520393705804331, "ENV_Test_proba_accuracy_strategy_43_epoch20": 0.7872826174683251, "ENV_Test_proba_accuracy_strategy_17_epoch20": 0.7695202142580515, "ENV_Test_proba_accuracy_strategy_93_epoch20": 0.7943217232242944, "ENV_Test_proba_accuracy_per_mean_strategy_epoch20": 0.8023515622117472, "ENV_Test_proba_accuracy_per_mean_user_epoch20": 0.7995474457501998, "ENV_Test_proba_accuracy_per_mean_user_and_bot_epoch20": 0.819930133221147, "ENV_Test_accuracy_epoch20": 0.83744, "ENV_Test_accuracy_strategy_132_epoch20": 0.8555240793201133, "ENV_Test_accuracy_strategy_23_epoch20": 0.8416545483923089, "ENV_Test_accuracy_strategy_107_epoch20": 0.8932676518883416, "ENV_Test_accuracy_strategy_43_epoch20": 0.8358778625954199, "ENV_Test_accuracy_strategy_17_epoch20": 0.8185117967332124, "ENV_Test_accuracy_strategy_93_epoch20": 0.8317929759704251, "ENV_Test_accuracy_per_mean_strategy_epoch20": 0.8461048191499702, "ENV_Test_accuracy_per_mean_user_epoch20": 0.8448330632957322, "ENV_Test_accuracy_per_mean_user_and_bot_epoch20": 0.8658129587933066, "ENV_Train_TotalLoss_epoch21": 695.5249529860743, "ENV_Train_Right action_epoch21": 0.8667542486583184, "ENV_Train_Probability to choose the right action_epoch21": 0.8094350377319033, "ENV_Train_Weighted right action_epoch21": 0.8667542486583184, "ENV_Train_Weighted probability to choose the right action:_epoch21": 0.8094350377319033, "ENV_Test_TotalLoss_epoch21": 187.2162832651257, "ENV_Test_Right action_epoch21": 0.836288, "ENV_Test_Probability to choose the right action_epoch21": 0.788947214742384, "ENV_Test_Weighted right action_epoch21": 0.8682485267360682, "ENV_Test_Weighted probability to choose the right action:_epoch21": 0.8204684968603829, "ENV_Test_proba_accuracy_epoch21": 0.7889472147423836, "ENV_Test_proba_accuracy_strategy_132_epoch21": 0.816728074444448, "ENV_Test_proba_accuracy_strategy_23_epoch21": 0.7934848778021389, "ENV_Test_proba_accuracy_strategy_107_epoch21": 0.8512523242430092, "ENV_Test_proba_accuracy_strategy_43_epoch21": 0.784776027130979, "ENV_Test_proba_accuracy_strategy_17_epoch21": 0.763689827455944, "ENV_Test_proba_accuracy_strategy_93_epoch21": 0.7915637067450659, "ENV_Test_proba_accuracy_per_mean_strategy_epoch21": 0.8002491396369308, "ENV_Test_proba_accuracy_per_mean_user_epoch21": 0.7974796666723343, "ENV_Test_proba_accuracy_per_mean_user_and_bot_epoch21": 0.8204684968603839, "ENV_Test_accuracy_epoch21": 0.836288, "ENV_Test_accuracy_strategy_132_epoch21": 0.856657223796034, "ENV_Test_accuracy_strategy_23_epoch21": 0.8427855873323639, "ENV_Test_accuracy_strategy_107_epoch21": 0.90311986863711, "ENV_Test_accuracy_strategy_43_epoch21": 0.8282442748091603, "ENV_Test_accuracy_strategy_17_epoch21": 0.8110254083484574, "ENV_Test_accuracy_strategy_93_epoch21": 0.8428835489833642, "ENV_Test_accuracy_per_mean_strategy_epoch21": 0.847452651984415, "ENV_Test_accuracy_per_mean_user_epoch21": 0.8432949328262339, "ENV_Test_accuracy_per_mean_user_and_bot_epoch21": 0.8682485267360689, "ENV_Train_TotalLoss_epoch22": 691.3373744141304, "ENV_Train_Right action_epoch22": 0.8687472920655774, "ENV_Train_Probability to choose the right action_epoch22": 0.8105697407973791, "ENV_Train_Weighted right action_epoch22": 0.8687472920655774, "ENV_Train_Weighted probability to choose the right action:_epoch22": 0.8105697407973791, "ENV_Test_TotalLoss_epoch22": 194.57788540742868, "ENV_Test_Right action_epoch22": 0.83488, "ENV_Test_Probability to choose the right action_epoch22": 0.7894490664841597, "ENV_Test_Weighted right action_epoch22": 0.8670569111296569, "ENV_Test_Weighted probability to choose the right action:_epoch22": 0.8213790255593999, "ENV_Test_proba_accuracy_epoch22": 0.7894490664841601, "ENV_Test_proba_accuracy_strategy_132_epoch22": 0.8216125176396718, "ENV_Test_proba_accuracy_strategy_23_epoch22": 0.7921539068270141, "ENV_Test_proba_accuracy_strategy_107_epoch22": 0.8515963816287809, "ENV_Test_proba_accuracy_strategy_43_epoch22": 0.7833167398696443, "ENV_Test_proba_accuracy_strategy_17_epoch22": 0.7638817480977353, "ENV_Test_proba_accuracy_strategy_93_epoch22": 0.7996009091744607, "ENV_Test_proba_accuracy_per_mean_strategy_epoch22": 0.8020270338728844, "ENV_Test_proba_accuracy_per_mean_user_epoch22": 0.7979100319722167, "ENV_Test_proba_accuracy_per_mean_user_and_bot_epoch22": 0.8213790255593999, "ENV_Test_accuracy_epoch22": 0.83488, "ENV_Test_accuracy_strategy_132_epoch22": 0.8572237960339943, "ENV_Test_accuracy_strategy_23_epoch22": 0.8406850864436904, "ENV_Test_accuracy_strategy_107_epoch22": 0.896551724137931, "ENV_Test_accuracy_strategy_43_epoch22": 0.8333333333333334, "ENV_Test_accuracy_strategy_17_epoch22": 0.8067150635208712, "ENV_Test_accuracy_strategy_93_epoch22": 0.8475046210720887, "ENV_Test_accuracy_per_mean_strategy_epoch22": 0.8470022707569848, "ENV_Test_accuracy_per_mean_user_epoch22": 0.8446002577039828, "ENV_Test_accuracy_per_mean_user_and_bot_epoch22": 0.867056911129657, "ENV_Train_TotalLoss_epoch23": 690.7002503992953, "ENV_Train_Right action_epoch23": 0.8670980726495129, "ENV_Train_Probability to choose the right action_epoch23": 0.8106960836382515, "ENV_Train_Weighted right action_epoch23": 0.8670980726495129, "ENV_Train_Weighted probability to choose the right action:_epoch23": 0.8106960836382515, "ENV_Test_TotalLoss_epoch23": 193.48692199316437, "ENV_Test_Right action_epoch23": 0.834048, "ENV_Test_Probability to choose the right action_epoch23": 0.7837030502641469, "ENV_Test_Weighted right action_epoch23": 0.866582018485399, "ENV_Test_Weighted probability to choose the right action:_epoch23": 0.8152170699359925, "ENV_Test_proba_accuracy_epoch23": 0.7837030502641453, "ENV_Test_proba_accuracy_strategy_132_epoch23": 0.8117394351084081, "ENV_Test_proba_accuracy_strategy_23_epoch23": 0.7872279498029662, "ENV_Test_proba_accuracy_strategy_107_epoch23": 0.8471601199088321, "ENV_Test_proba_accuracy_strategy_43_epoch23": 0.7845753461737067, "ENV_Test_proba_accuracy_strategy_17_epoch23": 0.7566973632799779, "ENV_Test_proba_accuracy_strategy_93_epoch23": 0.7908422749839971, "ENV_Test_proba_accuracy_per_mean_strategy_epoch23": 0.796373748209648, "ENV_Test_proba_accuracy_per_mean_user_epoch23": 0.792925222720806, "ENV_Test_proba_accuracy_per_mean_user_and_bot_epoch23": 0.815217069935993, "ENV_Test_accuracy_epoch23": 0.834048, "ENV_Test_accuracy_strategy_132_epoch23": 0.8560906515580736, "ENV_Test_accuracy_strategy_23_epoch23": 0.8385845855550169, "ENV_Test_accuracy_strategy_107_epoch23": 0.8949096880131363, "ENV_Test_accuracy_strategy_43_epoch23": 0.8403307888040712, "ENV_Test_accuracy_strategy_17_epoch23": 0.8051270417422868, "ENV_Test_accuracy_strategy_93_epoch23": 0.8465804066543438, "ENV_Test_accuracy_per_mean_strategy_epoch23": 0.8469371937211547, "ENV_Test_accuracy_per_mean_user_epoch23": 0.84426922906568, "ENV_Test_accuracy_per_mean_user_and_bot_epoch23": 0.8665820184853996, "ENV_Train_TotalLoss_epoch24": 692.1916530530302, "ENV_Train_Right action_epoch24": 0.8659351411797596, "ENV_Train_Probability to choose the right action_epoch24": 0.8102090732666377, "ENV_Train_Weighted right action_epoch24": 0.8659351411797596, "ENV_Train_Weighted probability to choose the right action:_epoch24": 0.8102090732666377, "ENV_Test_TotalLoss_epoch24": 194.03281209049172, "ENV_Test_Right action_epoch24": 0.832768, "ENV_Test_Probability to choose the right action_epoch24": 0.788794040652868, "ENV_Test_Weighted right action_epoch24": 0.8633191319185789, "ENV_Test_Weighted probability to choose the right action:_epoch24": 0.8177638013730789, "ENV_Test_proba_accuracy_epoch24": 0.7887940406528671, "ENV_Test_proba_accuracy_strategy_132_epoch24": 0.8136888949771199, "ENV_Test_proba_accuracy_strategy_23_epoch24": 0.7931757350763722, "ENV_Test_proba_accuracy_strategy_107_epoch24": 0.8500883152173859, "ENV_Test_proba_accuracy_strategy_43_epoch24": 0.7831321575986112, "ENV_Test_proba_accuracy_strategy_17_epoch24": 0.7636071461677736, "ENV_Test_proba_accuracy_strategy_93_epoch24": 0.7994579714961303, "ENV_Test_proba_accuracy_per_mean_strategy_epoch24": 0.8005250367555655, "ENV_Test_proba_accuracy_per_mean_user_epoch24": 0.7971338577494643, "ENV_Test_proba_accuracy_per_mean_user_and_bot_epoch24": 0.817763801373078, "ENV_Test_accuracy_epoch24": 0.832768, "ENV_Test_accuracy_strategy_132_epoch24": 0.8543909348441926, "ENV_Test_accuracy_strategy_23_epoch24": 0.8393924705121991, "ENV_Test_accuracy_strategy_107_epoch24": 0.8932676518883416, "ENV_Test_accuracy_strategy_43_epoch24": 0.8250636132315522, "ENV_Test_accuracy_strategy_17_epoch24": 0.8053539019963702, "ENV_Test_accuracy_strategy_93_epoch24": 0.8484288354898336, "ENV_Test_accuracy_per_mean_strategy_epoch24": 0.8443162346604148, "ENV_Test_accuracy_per_mean_user_epoch24": 0.8414791512447876, "ENV_Test_accuracy_per_mean_user_and_bot_epoch24": 0.8633191319185801, "_wandb": {"runtime": 2626}}