{"ENV_Train_TotalLoss": 516.3507805365089, "ENV_Train_TotalLoss_epoch0": 1073.1550614763544, "ENV_Train_Right action": 0.9028082584324634, "ENV_Train_Right action_epoch0": 0.7746858796069827, "ENV_Train_Probability to choose the right action": 0.860651333275399, "ENV_Train_Probability to choose the right action_epoch0": 0.6883520627750173, "ENV_Train_Weighted right action": 0.9028082584324634, "ENV_Train_Weighted right action_epoch0": 0.7746858796069827, "ENV_Train_Weighted probability to choose the right action:": 0.860651333275399, "ENV_Train_Weighted probability to choose the right action:_epoch0": 0.6883520627750173, "_timestamp": 1720390465.155868, "_runtime": 2004.1288001537323, "_step": 49, "ENV_Test_TotalLoss": 212.41479154350316, "ENV_Test_TotalLoss_epoch0": 218.74844167007006, "ENV_Test_Right action": 0.834304, "ENV_Test_Right action_epoch0": 0.79392, "ENV_Test_Probability to choose the right action": 0.8048884032498156, "ENV_Test_Probability to choose the right action_epoch0": 0.741219896461448, "ENV_Test_Weighted right action": 0.8644845782110093, "ENV_Test_Weighted right action_epoch0": 0.8406478647969934, "ENV_Test_Weighted probability to choose the right action:": 0.8377196482704391, "ENV_Test_Weighted probability to choose the right action:_epoch0": 0.781370714312758, "ENV_Test_proba_accuracy": 0.8048884032498161, "ENV_Test_proba_accuracy_epoch0": 0.7412198964614477, "ENV_Test_proba_accuracy_strategy_132": 0.8416440338962795, "ENV_Test_proba_accuracy_strategy_132_epoch0": 0.7860016948469495, "ENV_Test_proba_accuracy_strategy_23": 0.8034711771864836, "ENV_Test_proba_accuracy_strategy_23_epoch0": 0.7415954968464874, "ENV_Test_proba_accuracy_strategy_107": 0.8626815327959257, "ENV_Test_proba_accuracy_strategy_107_epoch0": 0.816514140584724, "ENV_Test_proba_accuracy_strategy_43": 0.8018293363477614, "ENV_Test_proba_accuracy_strategy_43_epoch0": 0.7412844092602189, "ENV_Test_proba_accuracy_strategy_17": 0.783774140558456, "ENV_Test_proba_accuracy_strategy_17_epoch0": 0.7100068839983817, "ENV_Test_proba_accuracy_strategy_93": 0.8109716114151789, "ENV_Test_proba_accuracy_strategy_93_epoch0": 0.7507086998006638, "ENV_Test_proba_accuracy_per_mean_strategy": 0.8173953053666807, "ENV_Test_proba_accuracy_per_mean_strategy_epoch0": 0.7576852208895709, "ENV_Test_proba_accuracy_per_mean_user": 0.8155029201574208, "ENV_Test_proba_accuracy_per_mean_user_epoch0": 0.7534401598832488, "ENV_Test_proba_accuracy_per_mean_user_and_bot": 0.8377196482704378, "ENV_Test_proba_accuracy_per_mean_user_and_bot_epoch0": 0.7813707143127573, "ENV_Test_accuracy": 0.834304, "ENV_Test_accuracy_epoch0": 0.79392, "ENV_Test_accuracy_strategy_132": 0.8640226628895185, "ENV_Test_accuracy_strategy_132_epoch0": 0.8441926345609065, "ENV_Test_accuracy_strategy_23": 0.8347067377605429, "ENV_Test_accuracy_strategy_23_epoch0": 0.7967361447729844, "ENV_Test_accuracy_strategy_107": 0.8916256157635468, "ENV_Test_accuracy_strategy_107_epoch0": 0.8768472906403941, "ENV_Test_accuracy_strategy_43": 0.8295165394402035, "ENV_Test_accuracy_strategy_43_epoch0": 0.7983460559796438, "ENV_Test_accuracy_strategy_17": 0.8142014519056261, "ENV_Test_accuracy_strategy_17_epoch0": 0.7538566243194192, "ENV_Test_accuracy_strategy_93": 0.8401109057301294, "ENV_Test_accuracy_strategy_93_epoch0": 0.8059149722735675, "ENV_Test_accuracy_per_mean_strategy": 0.8456973189149278, "ENV_Test_accuracy_per_mean_strategy_epoch0": 0.8126489537578193, "ENV_Test_accuracy_per_mean_user": 0.8437441218966626, "ENV_Test_accuracy_per_mean_user_epoch0": 0.8070357455506239, "ENV_Test_accuracy_per_mean_user_and_bot": 0.8644845782110091, "ENV_Test_accuracy_per_mean_user_and_bot_epoch0": 0.8406478647969937, "ENV_Train_TotalLoss_epoch1": 947.5505085240641, "ENV_Train_Right action_epoch1": 0.8103889207205445, "ENV_Train_Probability to choose the right action_epoch1": 0.7338137096315095, "ENV_Train_Weighted right action_epoch1": 0.8103889207205445, "ENV_Train_Weighted probability to choose the right action:_epoch1": 0.7338137096315095, "ENV_Test_TotalLoss_epoch1": 211.82589601419048, "ENV_Test_Right action_epoch1": 0.812288, "ENV_Test_Probability to choose the right action_epoch1": 0.755531814142393, "ENV_Test_Weighted right action_epoch1": 0.8458992269801191, "ENV_Test_Weighted probability to choose the right action:_epoch1": 0.7869890805803826, "ENV_Test_proba_accuracy_epoch1": 0.7555318141423941, "ENV_Test_proba_accuracy_strategy_132_epoch1": 0.7899832338238395, "ENV_Test_proba_accuracy_strategy_23_epoch1": 0.7609019403528148, "ENV_Test_proba_accuracy_strategy_107_epoch1": 0.8273737408933826, "ENV_Test_proba_accuracy_strategy_43_epoch1": 0.7514118529353775, "ENV_Test_proba_accuracy_strategy_17_epoch1": 0.7260999315465111, "ENV_Test_proba_accuracy_strategy_93_epoch1": 0.7540698153019921, "ENV_Test_proba_accuracy_per_mean_strategy_epoch1": 0.7683067524756529, "ENV_Test_proba_accuracy_per_mean_user_epoch1": 0.7643949920871032, "ENV_Test_proba_accuracy_per_mean_user_and_bot_epoch1": 0.7869890805803829, "ENV_Test_accuracy_epoch1": 0.812288, "ENV_Test_accuracy_strategy_132_epoch1": 0.8464589235127479, "ENV_Test_accuracy_strategy_23_epoch1": 0.8179027306511553, "ENV_Test_accuracy_strategy_107_epoch1": 0.8834154351395731, "ENV_Test_accuracy_strategy_43_epoch1": 0.806615776081425, "ENV_Test_accuracy_strategy_17_epoch1": 0.7838021778584392, "ENV_Test_accuracy_strategy_93_epoch1": 0.8086876155268022, "ENV_Test_accuracy_per_mean_strategy_epoch1": 0.8244804431283571, "ENV_Test_accuracy_per_mean_user_epoch1": 0.8209443429938275, "ENV_Test_accuracy_per_mean_user_and_bot_epoch1": 0.8458992269801202, "ENV_Train_TotalLoss_epoch2": 908.8425976139754, "ENV_Train_Right action_epoch2": 0.8208235491445823, "ENV_Train_Probability to choose the right action_epoch2": 0.7455769486675743, "ENV_Train_Weighted right action_epoch2": 0.8208235491445823, "ENV_Train_Weighted probability to choose the right action:_epoch2": 0.7455769486675743, "ENV_Test_TotalLoss_epoch2": 198.66492936508456, "ENV_Test_Right action_epoch2": 0.817408, "ENV_Test_Probability to choose the right action_epoch2": 0.7594367163715543, "ENV_Test_Weighted right action_epoch2": 0.8527518577699249, "ENV_Test_Weighted probability to choose the right action:_epoch2": 0.7975038145440496, "ENV_Test_proba_accuracy_epoch2": 0.7594367163715549, "ENV_Test_proba_accuracy_strategy_132_epoch2": 0.8003009927801779, "ENV_Test_proba_accuracy_strategy_23_epoch2": 0.762166211725368, "ENV_Test_proba_accuracy_strategy_107_epoch2": 0.8365777694562976, "ENV_Test_proba_accuracy_strategy_43_epoch2": 0.7595802139149217, "ENV_Test_proba_accuracy_strategy_17_epoch2": 0.7283354929781402, "ENV_Test_proba_accuracy_strategy_93_epoch2": 0.7602420940475457, "ENV_Test_proba_accuracy_per_mean_strategy_epoch2": 0.7745337958170752, "ENV_Test_proba_accuracy_per_mean_user_epoch2": 0.770167165941611, "ENV_Test_proba_accuracy_per_mean_user_and_bot_epoch2": 0.797503814544049, "ENV_Test_accuracy_epoch2": 0.817408, "ENV_Test_accuracy_strategy_132_epoch2": 0.8589235127478754, "ENV_Test_accuracy_strategy_23_epoch2": 0.8224268864113751, "ENV_Test_accuracy_strategy_107_epoch2": 0.8932676518883416, "ENV_Test_accuracy_strategy_43_epoch2": 0.8161577608142494, "ENV_Test_accuracy_strategy_17_epoch2": 0.7835753176043557, "ENV_Test_accuracy_strategy_93_epoch2": 0.8179297597042514, "ENV_Test_accuracy_per_mean_strategy_epoch2": 0.8320468148617414, "ENV_Test_accuracy_per_mean_user_epoch2": 0.8261427188114854, "ENV_Test_accuracy_per_mean_user_and_bot_epoch2": 0.852751857769926, "ENV_Train_TotalLoss_epoch3": 869.1622502344727, "ENV_Train_Right action_epoch3": 0.826279004752586, "ENV_Train_Probability to choose the right action_epoch3": 0.7570121169388209, "ENV_Train_Weighted right action_epoch3": 0.826279004752586, "ENV_Train_Weighted probability to choose the right action:_epoch3": 0.7570121169388209, "ENV_Test_TotalLoss_epoch3": 194.17281444867245, "ENV_Test_Right action_epoch3": 0.822656, "ENV_Test_Probability to choose the right action_epoch3": 0.7580932947364064, "ENV_Test_Weighted right action_epoch3": 0.855521020806988, "ENV_Test_Weighted probability to choose the right action:_epoch3": 0.7949700066024289, "ENV_Test_proba_accuracy_epoch3": 0.7580932947364075, "ENV_Test_proba_accuracy_strategy_132_epoch3": 0.7963873115569425, "ENV_Test_proba_accuracy_strategy_23_epoch3": 0.7613202211298618, "ENV_Test_proba_accuracy_strategy_107_epoch3": 0.8337825671449459, "ENV_Test_proba_accuracy_strategy_43_epoch3": 0.7584049014863893, "ENV_Test_proba_accuracy_strategy_17_epoch3": 0.7279529368021914, "ENV_Test_proba_accuracy_strategy_93_epoch3": 0.7569044758167391, "ENV_Test_proba_accuracy_per_mean_strategy_epoch3": 0.7724587356561784, "ENV_Test_proba_accuracy_per_mean_user_epoch3": 0.7699251037674446, "ENV_Test_proba_accuracy_per_mean_user_and_bot_epoch3": 0.7949700066024282, "ENV_Test_accuracy_epoch3": 0.822656, "ENV_Test_accuracy_strategy_132_epoch3": 0.8492917847025496, "ENV_Test_accuracy_strategy_23_epoch3": 0.8296978510260139, "ENV_Test_accuracy_strategy_107_epoch3": 0.8916256157635468, "ENV_Test_accuracy_strategy_43_epoch3": 0.8155216284987278, "ENV_Test_accuracy_strategy_17_epoch3": 0.7944646098003629, "ENV_Test_accuracy_strategy_93_epoch3": 0.8253234750462107, "ENV_Test_accuracy_per_mean_strategy_epoch3": 0.834320827472902, "ENV_Test_accuracy_per_mean_user_epoch3": 0.8313064700019334, "ENV_Test_accuracy_per_mean_user_and_bot_epoch3": 0.8555210208069882, "ENV_Train_TotalLoss_epoch4": 836.1853096334377, "ENV_Train_Right action_epoch4": 0.8353904863081676, "ENV_Train_Probability to choose the right action_epoch4": 0.7672818237678415, "ENV_Train_Weighted right action_epoch4": 0.8353904863081676, "ENV_Train_Weighted probability to choose the right action:_epoch4": 0.7672818237678415, "ENV_Test_TotalLoss_epoch4": 191.85744309215238, "ENV_Test_Right action_epoch4": 0.825536, "ENV_Test_Probability to choose the right action_epoch4": 0.7745999528074206, "ENV_Test_Weighted right action_epoch4": 0.8609647546654073, "ENV_Test_Weighted probability to choose the right action:_epoch4": 0.8092810337061732, "ENV_Test_proba_accuracy_epoch4": 0.7745999528074206, "ENV_Test_proba_accuracy_strategy_132_epoch4": 0.8118219081974928, "ENV_Test_proba_accuracy_strategy_23_epoch4": 0.7763568960001721, "ENV_Test_proba_accuracy_strategy_107_epoch4": 0.8423501138631939, "ENV_Test_proba_accuracy_strategy_43_epoch4": 0.775723705050109, "ENV_Test_proba_accuracy_strategy_17_epoch4": 0.747057988464266, "ENV_Test_proba_accuracy_strategy_93_epoch4": 0.7762710429485815, "ENV_Test_proba_accuracy_per_mean_strategy_epoch4": 0.7882636090873024, "ENV_Test_proba_accuracy_per_mean_user_epoch4": 0.7845175544814984, "ENV_Test_proba_accuracy_per_mean_user_and_bot_epoch4": 0.8092810337061729, "ENV_Test_accuracy_epoch4": 0.825536, "ENV_Test_accuracy_strategy_132_epoch4": 0.8611898016997167, "ENV_Test_accuracy_strategy_23_epoch4": 0.8261431572144127, "ENV_Test_accuracy_strategy_107_epoch4": 0.8916256157635468, "ENV_Test_accuracy_strategy_43_epoch4": 0.8282442748091603, "ENV_Test_accuracy_strategy_17_epoch4": 0.7994555353901996, "ENV_Test_accuracy_strategy_93_epoch4": 0.8290203327171903, "ENV_Test_accuracy_per_mean_strategy_epoch4": 0.8392797862657045, "ENV_Test_accuracy_per_mean_user_epoch4": 0.8342346589612146, "ENV_Test_accuracy_per_mean_user_and_bot_epoch4": 0.860964754665407, "ENV_Train_TotalLoss_epoch5": 807.0727614649543, "ENV_Train_Right action_epoch5": 0.8416969527537043, "ENV_Train_Probability to choose the right action_epoch5": 0.7760406699990765, "ENV_Train_Weighted right action_epoch5": 0.8416969527537043, "ENV_Train_Weighted probability to choose the right action:_epoch5": 0.7760406699990765, "ENV_Test_TotalLoss_epoch5": 187.62251051696896, "ENV_Test_Right action_epoch5": 0.828992, "ENV_Test_Probability to choose the right action_epoch5": 0.7775136569581044, "ENV_Test_Weighted right action_epoch5": 0.8632975308853382, "ENV_Test_Weighted probability to choose the right action:_epoch5": 0.8149328165433434, "ENV_Test_proba_accuracy_epoch5": 0.7775136569581039, "ENV_Test_proba_accuracy_strategy_132_epoch5": 0.8162285644233606, "ENV_Test_proba_accuracy_strategy_23_epoch5": 0.7780848307324919, "ENV_Test_proba_accuracy_strategy_107_epoch5": 0.8476204143106332, "ENV_Test_proba_accuracy_strategy_43_epoch5": 0.781853913442907, "ENV_Test_proba_accuracy_strategy_17_epoch5": 0.7495678054595829, "ENV_Test_proba_accuracy_strategy_93_epoch5": 0.7791778055882452, "ENV_Test_proba_accuracy_per_mean_strategy_epoch5": 0.7920888889928701, "ENV_Test_proba_accuracy_per_mean_user_epoch5": 0.7890340582668363, "ENV_Test_proba_accuracy_per_mean_user_and_bot_epoch5": 0.8149328165433428, "ENV_Test_accuracy_epoch5": 0.828992, "ENV_Test_accuracy_strategy_132_epoch5": 0.860056657223796, "ENV_Test_accuracy_strategy_23_epoch5": 0.8308288899660689, "ENV_Test_accuracy_strategy_107_epoch5": 0.8866995073891626, "ENV_Test_accuracy_strategy_43_epoch5": 0.8371501272264631, "ENV_Test_accuracy_strategy_17_epoch5": 0.8030852994555354, "ENV_Test_accuracy_strategy_93_epoch5": 0.8290203327171903, "ENV_Test_accuracy_per_mean_strategy_epoch5": 0.841140135663036, "ENV_Test_accuracy_per_mean_user_epoch5": 0.8379212600358562, "ENV_Test_accuracy_per_mean_user_and_bot_epoch5": 0.8632975308853386, "ENV_Train_TotalLoss_epoch6": 780.0381973916985, "ENV_Train_Right action_epoch6": 0.8484539395548352, "ENV_Train_Probability to choose the right action_epoch6": 0.78443091705152, "ENV_Train_Weighted right action_epoch6": 0.8484539395548352, "ENV_Train_Weighted probability to choose the right action:_epoch6": 0.78443091705152, "ENV_Test_TotalLoss_epoch6": 187.4200185614726, "ENV_Test_Right action_epoch6": 0.833472, "ENV_Test_Probability to choose the right action_epoch6": 0.7923598650508527, "ENV_Test_Weighted right action_epoch6": 0.8657697317498719, "ENV_Test_Weighted probability to choose the right action:_epoch6": 0.8245984518531497, "ENV_Test_proba_accuracy_epoch6": 0.7923598650508525, "ENV_Test_proba_accuracy_strategy_132_epoch6": 0.8233736136563702, "ENV_Test_proba_accuracy_strategy_23_epoch6": 0.7956744957179958, "ENV_Test_proba_accuracy_strategy_107_epoch6": 0.8551122136481433, "ENV_Test_proba_accuracy_strategy_43_epoch6": 0.7917334482603163, "ENV_Test_proba_accuracy_strategy_17_epoch6": 0.7659689060907416, "ENV_Test_proba_accuracy_strategy_93_epoch6": 0.7959147435235459, "ENV_Test_proba_accuracy_per_mean_strategy_epoch6": 0.804629570149519, "ENV_Test_proba_accuracy_per_mean_user_epoch6": 0.8018124208390623, "ENV_Test_proba_accuracy_per_mean_user_and_bot_epoch6": 0.8245984518531504, "ENV_Test_accuracy_epoch6": 0.833472, "ENV_Test_accuracy_strategy_132_epoch6": 0.8623229461756374, "ENV_Test_accuracy_strategy_23_epoch6": 0.8379382775892713, "ENV_Test_accuracy_strategy_107_epoch6": 0.8932676518883416, "ENV_Test_accuracy_strategy_43_epoch6": 0.8326972010178118, "ENV_Test_accuracy_strategy_17_epoch6": 0.8071687840290381, "ENV_Test_accuracy_strategy_93_epoch6": 0.8354898336414048, "ENV_Test_accuracy_per_mean_strategy_epoch6": 0.8448141157235841, "ENV_Test_accuracy_per_mean_user_epoch6": 0.8427786645629055, "ENV_Test_accuracy_per_mean_user_and_bot_epoch6": 0.8657697317498726, "ENV_Train_TotalLoss_epoch7": 759.3414937757559, "ENV_Train_Right action_epoch7": 0.8530612244897959, "ENV_Train_Probability to choose the right action_epoch7": 0.7907719860953216, "ENV_Train_Weighted right action_epoch7": 0.8530612244897959, "ENV_Train_Weighted probability to choose the right action:_epoch7": 0.7907719860953216, "ENV_Test_TotalLoss_epoch7": 182.78074554521484, "ENV_Test_Right action_epoch7": 0.834496, "ENV_Test_Probability to choose the right action_epoch7": 0.7883762295930048, "ENV_Test_Weighted right action_epoch7": 0.8664792109038423, "ENV_Test_Weighted probability to choose the right action:_epoch7": 0.8202572688839012, "ENV_Test_proba_accuracy_epoch7": 0.788376229593005, "ENV_Test_proba_accuracy_strategy_132_epoch7": 0.8204159828325923, "ENV_Test_proba_accuracy_strategy_23_epoch7": 0.7910640140700353, "ENV_Test_proba_accuracy_strategy_107_epoch7": 0.8512220700493338, "ENV_Test_proba_accuracy_strategy_43_epoch7": 0.7849329534825009, "ENV_Test_proba_accuracy_strategy_17_epoch7": 0.7630696870112614, "ENV_Test_proba_accuracy_strategy_93_epoch7": 0.7934650376446886, "ENV_Test_proba_accuracy_per_mean_strategy_epoch7": 0.8006949575150687, "ENV_Test_proba_accuracy_per_mean_user_epoch7": 0.7985912804219447, "ENV_Test_proba_accuracy_per_mean_user_and_bot_epoch7": 0.8202572688839022, "ENV_Test_accuracy_epoch7": 0.834496, "ENV_Test_accuracy_strategy_132_epoch7": 0.8606232294617564, "ENV_Test_accuracy_strategy_23_epoch7": 0.8359993536920343, "ENV_Test_accuracy_strategy_107_epoch7": 0.896551724137931, "ENV_Test_accuracy_strategy_43_epoch7": 0.8333333333333334, "ENV_Test_accuracy_strategy_17_epoch7": 0.8101179673321234, "ENV_Test_accuracy_strategy_93_epoch7": 0.8493530499075785, "ENV_Test_accuracy_per_mean_strategy_epoch7": 0.8476631096441262, "ENV_Test_accuracy_per_mean_user_epoch7": 0.8434613672134214, "ENV_Test_accuracy_per_mean_user_and_bot_epoch7": 0.8664792109038431, "ENV_Train_TotalLoss_epoch8": 734.2801084644948, "ENV_Train_Right action_epoch8": 0.8585845878587104, "ENV_Train_Probability to choose the right action_epoch8": 0.7979958971306286, "ENV_Train_Weighted right action_epoch8": 0.8585845878587104, "ENV_Train_Weighted probability to choose the right action:_epoch8": 0.7979958971306286, "ENV_Test_TotalLoss_epoch8": 186.087909244217, "ENV_Test_Right action_epoch8": 0.835648, "ENV_Test_Probability to choose the right action_epoch8": 0.7918557287024592, "ENV_Test_Weighted right action_epoch8": 0.866202920740046, "ENV_Test_Weighted probability to choose the right action:_epoch8": 0.8245886276851793, "ENV_Test_proba_accuracy_epoch8": 0.7918557287024597, "ENV_Test_proba_accuracy_strategy_132_epoch8": 0.8249838004100025, "ENV_Test_proba_accuracy_strategy_23_epoch8": 0.7942562412583796, "ENV_Test_proba_accuracy_strategy_107_epoch8": 0.855793191079752, "ENV_Test_proba_accuracy_strategy_43_epoch8": 0.7925893396329439, "ENV_Test_proba_accuracy_strategy_17_epoch8": 0.7659088274095894, "ENV_Test_proba_accuracy_strategy_93_epoch8": 0.7927383268134385, "ENV_Test_proba_accuracy_per_mean_strategy_epoch8": 0.804378287767351, "ENV_Test_proba_accuracy_per_mean_user_epoch8": 0.8019395258237003, "ENV_Test_proba_accuracy_per_mean_user_and_bot_epoch8": 0.8245886276851792, "ENV_Test_accuracy_epoch8": 0.835648, "ENV_Test_accuracy_strategy_132_epoch8": 0.8583569405099151, "ENV_Test_accuracy_strategy_23_epoch8": 0.8408466634351268, "ENV_Test_accuracy_strategy_107_epoch8": 0.8981937602627258, "ENV_Test_accuracy_strategy_43_epoch8": 0.8371501272264631, "ENV_Test_accuracy_strategy_17_epoch8": 0.8107985480943739, "ENV_Test_accuracy_strategy_93_epoch8": 0.83271719038817, "ENV_Test_accuracy_per_mean_strategy_epoch8": 0.8463438716527958, "ENV_Test_accuracy_per_mean_user_epoch8": 0.844151402792153, "ENV_Test_accuracy_per_mean_user_and_bot_epoch8": 0.8662029207400465, "ENV_Train_TotalLoss_epoch9": 713.6979954680876, "ENV_Train_Right action_epoch9": 0.8626815189590351, "ENV_Train_Probability to choose the right action_epoch9": 0.8037783316848848, "ENV_Train_Weighted right action_epoch9": 0.8626815189590351, "ENV_Train_Weighted probability to choose the right action:_epoch9": 0.8037783316848848, "ENV_Test_TotalLoss_epoch9": 177.63663298301842, "ENV_Test_Right action_epoch9": 0.838336, "ENV_Test_Probability to choose the right action_epoch9": 0.787514095912919, "ENV_Test_Weighted right action_epoch9": 0.8695514806390164, "ENV_Test_Weighted probability to choose the right action:_epoch9": 0.8213775394808781, "ENV_Test_proba_accuracy_epoch9": 0.7875140959129184, "ENV_Test_proba_accuracy_strategy_132_epoch9": 0.8207619997155455, "ENV_Test_proba_accuracy_strategy_23_epoch9": 0.7890259472701315, "ENV_Test_proba_accuracy_strategy_107_epoch9": 0.8552054260420908, "ENV_Test_proba_accuracy_strategy_43_epoch9": 0.7850306465424718, "ENV_Test_proba_accuracy_strategy_17_epoch9": 0.763101907374322, "ENV_Test_proba_accuracy_strategy_93_epoch9": 0.7895931080925683, "ENV_Test_proba_accuracy_per_mean_strategy_epoch9": 0.8004531725061884, "ENV_Test_proba_accuracy_per_mean_user_epoch9": 0.7989217752016158, "ENV_Test_proba_accuracy_per_mean_user_and_bot_epoch9": 0.8213775394808794, "ENV_Test_accuracy_epoch9": 0.838336, "ENV_Test_accuracy_strategy_132_epoch9": 0.860056657223796, "ENV_Test_accuracy_strategy_23_epoch9": 0.8416545483923089, "ENV_Test_accuracy_strategy_107_epoch9": 0.9080459770114943, "ENV_Test_accuracy_strategy_43_epoch9": 0.8377862595419847, "ENV_Test_accuracy_strategy_17_epoch9": 0.816470054446461, "ENV_Test_accuracy_strategy_93_epoch9": 0.8345656192236599, "ENV_Test_accuracy_per_mean_strategy_epoch9": 0.8497631859732842, "ENV_Test_accuracy_per_mean_user_epoch9": 0.8483764035139406, "ENV_Test_accuracy_per_mean_user_and_bot_epoch9": 0.8695514806390165, "ENV_Train_TotalLoss_epoch10": 698.601709908747, "ENV_Train_Right action_epoch10": 0.8655577299412915, "ENV_Train_Probability to choose the right action_epoch10": 0.8085190393713605, "ENV_Train_Weighted right action_epoch10": 0.8655577299412915, "ENV_Train_Weighted probability to choose the right action:_epoch10": 0.8085190393713605, "ENV_Test_TotalLoss_epoch10": 189.4981791377157, "ENV_Test_Right action_epoch10": 0.838016, "ENV_Test_Probability to choose the right action_epoch10": 0.7997749066589166, "ENV_Test_Weighted right action_epoch10": 0.8691183547462652, "ENV_Test_Weighted probability to choose the right action:_epoch10": 0.8308321777823097, "ENV_Test_proba_accuracy_epoch10": 0.7997749066589169, "ENV_Test_proba_accuracy_strategy_132_epoch10": 0.8310248979359681, "ENV_Test_proba_accuracy_strategy_23_epoch10": 0.8021371093377866, "ENV_Test_proba_accuracy_strategy_107_epoch10": 0.8597873461717104, "ENV_Test_proba_accuracy_strategy_43_epoch10": 0.79478430346579, "ENV_Test_proba_accuracy_strategy_17_epoch10": 0.7760967546025163, "ENV_Test_proba_accuracy_strategy_93_epoch10": 0.8052231874698215, "ENV_Test_proba_accuracy_per_mean_strategy_epoch10": 0.8115089331639322, "ENV_Test_proba_accuracy_per_mean_user_epoch10": 0.8103053722956044, "ENV_Test_proba_accuracy_per_mean_user_and_bot_epoch10": 0.8308321777823091, "ENV_Test_accuracy_epoch10": 0.838016, "ENV_Test_accuracy_strategy_132_epoch10": 0.8651558073654391, "ENV_Test_accuracy_strategy_23_epoch10": 0.8393924705121991, "ENV_Test_accuracy_strategy_107_epoch10": 0.8981937602627258, "ENV_Test_accuracy_strategy_43_epoch10": 0.8301526717557252, "ENV_Test_accuracy_strategy_17_epoch10": 0.8162431941923775, "ENV_Test_accuracy_strategy_93_epoch10": 0.8521256931608133, "ENV_Test_accuracy_per_mean_strategy_epoch10": 0.8502105995415467, "ENV_Test_accuracy_per_mean_user_epoch10": 0.8486424055168506, "ENV_Test_accuracy_per_mean_user_and_bot_epoch10": 0.8691183547462648, "ENV_Train_TotalLoss_epoch11": 681.6035637852768, "ENV_Train_Right action_epoch11": 0.8696673189823875, "ENV_Train_Probability to choose the right action_epoch11": 0.8136936115700143, "ENV_Train_Weighted right action_epoch11": 0.8696673189823875, "ENV_Train_Weighted probability to choose the right action:_epoch11": 0.8136936115700143, "ENV_Test_TotalLoss_epoch11": 186.56342903400446, "ENV_Test_Right action_epoch11": 0.837312, "ENV_Test_Probability to choose the right action_epoch11": 0.7937566623523327, "ENV_Test_Weighted right action_epoch11": 0.8671521960549656, "ENV_Test_Weighted probability to choose the right action:_epoch11": 0.8241262505650743, "ENV_Test_proba_accuracy_epoch11": 0.7937566623523317, "ENV_Test_proba_accuracy_strategy_132_epoch11": 0.8237321744546483, "ENV_Test_proba_accuracy_strategy_23_epoch11": 0.7936945490663103, "ENV_Test_proba_accuracy_strategy_107_epoch11": 0.8522572664110891, "ENV_Test_proba_accuracy_strategy_43_epoch11": 0.7908408738382858, "ENV_Test_proba_accuracy_strategy_17_epoch11": 0.7738073509378441, "ENV_Test_proba_accuracy_strategy_93_epoch11": 0.7977963635112553, "ENV_Test_proba_accuracy_per_mean_strategy_epoch11": 0.8053547630365722, "ENV_Test_proba_accuracy_per_mean_user_epoch11": 0.8046071170835232, "ENV_Test_proba_accuracy_per_mean_user_and_bot_epoch11": 0.8241262505650747, "ENV_Test_accuracy_epoch11": 0.837312, "ENV_Test_accuracy_strategy_132_epoch11": 0.856657223796034, "ENV_Test_accuracy_strategy_23_epoch11": 0.8364840846663435, "ENV_Test_accuracy_strategy_107_epoch11": 0.896551724137931, "ENV_Test_accuracy_strategy_43_epoch11": 0.8365139949109415, "ENV_Test_accuracy_strategy_17_epoch11": 0.8212341197822142, "ENV_Test_accuracy_strategy_93_epoch11": 0.8438077634011091, "ENV_Test_accuracy_per_mean_strategy_epoch11": 0.8485414851157622, "ENV_Test_accuracy_per_mean_user_epoch11": 0.8477982105286447, "ENV_Test_accuracy_per_mean_user_and_bot_epoch11": 0.8671521960549661, "ENV_Train_TotalLoss_epoch12": 660.2077193895038, "ENV_Train_Right action_epoch12": 0.8740792508211616, "ENV_Train_Probability to choose the right action_epoch12": 0.8194049027578706, "ENV_Train_Weighted right action_epoch12": 0.8740792508211616, "ENV_Train_Weighted probability to choose the right action:_epoch12": 0.8194049027578706, "ENV_Test_TotalLoss_epoch12": 191.97030823536528, "ENV_Test_Right action_epoch12": 0.836416, "ENV_Test_Probability to choose the right action_epoch12": 0.8020416189235675, "ENV_Test_Weighted right action_epoch12": 0.8679612568226882, "ENV_Test_Weighted probability to choose the right action:_epoch12": 0.8372999744204108, "ENV_Test_proba_accuracy_epoch12": 0.802041618923568, "ENV_Test_proba_accuracy_strategy_132_epoch12": 0.836500295805762, "ENV_Test_proba_accuracy_strategy_23_epoch12": 0.802311665418813, "ENV_Test_proba_accuracy_strategy_107_epoch12": 0.8656539873352005, "ENV_Test_proba_accuracy_strategy_43_epoch12": 0.7999637377849861, "ENV_Test_proba_accuracy_strategy_17_epoch12": 0.7780429286531281, "ENV_Test_proba_accuracy_strategy_93_epoch12": 0.8092706771889294, "ENV_Test_proba_accuracy_per_mean_strategy_epoch12": 0.8152905486978033, "ENV_Test_proba_accuracy_per_mean_user_epoch12": 0.8133490738296979, "ENV_Test_proba_accuracy_per_mean_user_and_bot_epoch12": 0.8372999744204114, "ENV_Test_accuracy_epoch12": 0.836416, "ENV_Test_accuracy_strategy_132_epoch12": 0.8572237960339943, "ENV_Test_accuracy_strategy_23_epoch12": 0.8385845855550169, "ENV_Test_accuracy_strategy_107_epoch12": 0.9014778325123153, "ENV_Test_accuracy_strategy_43_epoch12": 0.8396946564885496, "ENV_Test_accuracy_strategy_17_epoch12": 0.8130671506352087, "ENV_Test_accuracy_strategy_93_epoch12": 0.8438077634011091, "ENV_Test_accuracy_per_mean_strategy_epoch12": 0.8489759641043656, "ENV_Test_accuracy_per_mean_user_epoch12": 0.8456548921889985, "ENV_Test_accuracy_per_mean_user_and_bot_epoch12": 0.8679612568226883, "ENV_Train_TotalLoss_epoch13": 644.977407469186, "ENV_Train_Right action_epoch13": 0.8785570526080394, "ENV_Train_Probability to choose the right action_epoch13": 0.8243691127973057, "ENV_Train_Weighted right action_epoch13": 0.8785570526080394, "ENV_Train_Weighted probability to choose the right action:_epoch13": 0.8243691127973057, "ENV_Test_TotalLoss_epoch13": 184.32300538383643, "ENV_Test_Right action_epoch13": 0.84064, "ENV_Test_Probability to choose the right action_epoch13": 0.7977521502275194, "ENV_Test_Weighted right action_epoch13": 0.8722562367697897, "ENV_Test_Weighted probability to choose the right action:_epoch13": 0.832116817945058, "ENV_Test_proba_accuracy_epoch13": 0.7977521502275201, "ENV_Test_proba_accuracy_strategy_132_epoch13": 0.8329747377009188, "ENV_Test_proba_accuracy_strategy_23_epoch13": 0.7970908590953826, "ENV_Test_proba_accuracy_strategy_107_epoch13": 0.8617488993469178, "ENV_Test_proba_accuracy_strategy_43_epoch13": 0.7953006040956064, "ENV_Test_proba_accuracy_strategy_17_epoch13": 0.776139478988562, "ENV_Test_proba_accuracy_strategy_93_epoch13": 0.7996683508312487, "ENV_Test_proba_accuracy_per_mean_strategy_epoch13": 0.8104871550097726, "ENV_Test_proba_accuracy_per_mean_user_epoch13": 0.8107894566458812, "ENV_Test_proba_accuracy_per_mean_user_and_bot_epoch13": 0.8321168179450581, "ENV_Test_accuracy_epoch13": 0.84064, "ENV_Test_accuracy_strategy_132_epoch13": 0.8628895184135977, "ENV_Test_accuracy_strategy_23_epoch13": 0.8416545483923089, "ENV_Test_accuracy_strategy_107_epoch13": 0.9080459770114943, "ENV_Test_accuracy_strategy_43_epoch13": 0.8358778625954199, "ENV_Test_accuracy_strategy_17_epoch13": 0.8196460980036298, "ENV_Test_accuracy_strategy_93_epoch13": 0.8530499075785583, "ENV_Test_accuracy_per_mean_strategy_epoch13": 0.8535273186658348, "ENV_Test_accuracy_per_mean_user_epoch13": 0.852346010978479, "ENV_Test_accuracy_per_mean_user_and_bot_epoch13": 0.8722562367697905, "ENV_Train_TotalLoss_epoch14": 631.9021508429157, "ENV_Train_Right action_epoch14": 0.8790394722129039, "ENV_Train_Probability to choose the right action_epoch14": 0.8277312689946806, "ENV_Train_Weighted right action_epoch14": 0.8790394722129039, "ENV_Train_Weighted probability to choose the right action:_epoch14": 0.8277312689946806, "ENV_Test_TotalLoss_epoch14": 185.7274509235194, "ENV_Test_Right action_epoch14": 0.838272, "ENV_Test_Probability to choose the right action_epoch14": 0.7954367331182147, "ENV_Test_Weighted right action_epoch14": 0.8688140375982794, "ENV_Test_Weighted probability to choose the right action:_epoch14": 0.8276294597441317, "ENV_Test_proba_accuracy_epoch14": 0.7954367331182147, "ENV_Test_proba_accuracy_strategy_132_epoch14": 0.8272557211210934, "ENV_Test_proba_accuracy_strategy_23_epoch14": 0.794935284032439, "ENV_Test_proba_accuracy_strategy_107_epoch14": 0.8567925099999903, "ENV_Test_proba_accuracy_strategy_43_epoch14": 0.7896278255747907, "ENV_Test_proba_accuracy_strategy_17_epoch14": 0.7741559782644383, "ENV_Test_proba_accuracy_strategy_93_epoch14": 0.8070027742452871, "ENV_Test_proba_accuracy_per_mean_strategy_epoch14": 0.8082950155396732, "ENV_Test_proba_accuracy_per_mean_user_epoch14": 0.807064803907056, "ENV_Test_proba_accuracy_per_mean_user_and_bot_epoch14": 0.8276294597441314, "ENV_Test_accuracy_epoch14": 0.838272, "ENV_Test_accuracy_strategy_132_epoch14": 0.856657223796034, "ENV_Test_accuracy_strategy_23_epoch14": 0.8382614315721442, "ENV_Test_accuracy_strategy_107_epoch14": 0.9014778325123153, "ENV_Test_accuracy_strategy_43_epoch14": 0.833969465648855, "ENV_Test_accuracy_strategy_17_epoch14": 0.8185117967332124, "ENV_Test_accuracy_strategy_93_epoch14": 0.8595194085027726, "ENV_Test_accuracy_per_mean_strategy_epoch14": 0.8513995264608889, "ENV_Test_accuracy_per_mean_user_epoch14": 0.8490417119336693, "ENV_Test_accuracy_per_mean_user_and_bot_epoch14": 0.8688140375982792, "ENV_Train_TotalLoss_epoch15": 616.9343843584742, "ENV_Train_Right action_epoch15": 0.8830707725855826, "ENV_Train_Probability to choose the right action_epoch15": 0.8322853086399148, "ENV_Train_Weighted right action_epoch15": 0.8830707725855826, "ENV_Train_Weighted probability to choose the right action:_epoch15": 0.8322853086399148, "ENV_Test_TotalLoss_epoch15": 189.82310294229197, "ENV_Test_Right action_epoch15": 0.838272, "ENV_Test_Probability to choose the right action_epoch15": 0.8040330362484754, "ENV_Test_Weighted right action_epoch15": 0.8736483917628863, "ENV_Test_Weighted probability to choose the right action:_epoch15": 0.8396710625725686, "ENV_Test_proba_accuracy_epoch15": 0.8040330362484753, "ENV_Test_proba_accuracy_strategy_132_epoch15": 0.8431521225455036, "ENV_Test_proba_accuracy_strategy_23_epoch15": 0.8032727848113602, "ENV_Test_proba_accuracy_strategy_107_epoch15": 0.8663592013099728, "ENV_Test_proba_accuracy_strategy_43_epoch15": 0.7991890327841369, "ENV_Test_proba_accuracy_strategy_17_epoch15": 0.7815980296376512, "ENV_Test_proba_accuracy_strategy_93_epoch15": 0.8079255102725527, "ENV_Test_proba_accuracy_per_mean_strategy_epoch15": 0.8169161135601962, "ENV_Test_proba_accuracy_per_mean_user_epoch15": 0.8149087421995249, "ENV_Test_proba_accuracy_per_mean_user_and_bot_epoch15": 0.8396710625725686, "ENV_Test_accuracy_epoch15": 0.838272, "ENV_Test_accuracy_strategy_132_epoch15": 0.8713881019830029, "ENV_Test_accuracy_strategy_23_epoch15": 0.8380998545807077, "ENV_Test_accuracy_strategy_107_epoch15": 0.9047619047619048, "ENV_Test_accuracy_strategy_43_epoch15": 0.8346055979643766, "ENV_Test_accuracy_strategy_17_epoch15": 0.8137477313974592, "ENV_Test_accuracy_strategy_93_epoch15": 0.8530499075785583, "ENV_Test_accuracy_per_mean_strategy_epoch15": 0.8526088497110016, "ENV_Test_accuracy_per_mean_user_epoch15": 0.8469760229462514, "ENV_Test_accuracy_per_mean_user_and_bot_epoch15": 0.8736483917628866, "ENV_Train_TotalLoss_epoch16": 603.287094279805, "ENV_Train_Right action_epoch16": 0.8865809337433603, "ENV_Train_Probability to choose the right action_epoch16": 0.836252671929527, "ENV_Train_Weighted right action_epoch16": 0.8865809337433603, "ENV_Train_Weighted probability to choose the right action:_epoch16": 0.836252671929527, "ENV_Test_TotalLoss_epoch16": 190.56781537997813, "ENV_Test_Right action_epoch16": 0.840832, "ENV_Test_Probability to choose the right action_epoch16": 0.8058229474416111, "ENV_Test_Weighted right action_epoch16": 0.8734976330404518, "ENV_Test_Weighted probability to choose the right action:_epoch16": 0.8388116119210264, "ENV_Test_proba_accuracy_epoch16": 0.805822947441611, "ENV_Test_proba_accuracy_strategy_132_epoch16": 0.8383002144698133, "ENV_Test_proba_accuracy_strategy_23_epoch16": 0.8048644144343264, "ENV_Test_proba_accuracy_strategy_107_epoch16": 0.8646185973955822, "ENV_Test_proba_accuracy_strategy_43_epoch16": 0.804435822196312, "ENV_Test_proba_accuracy_strategy_17_epoch16": 0.78561551900916, "ENV_Test_proba_accuracy_strategy_93_epoch16": 0.8095737229233043, "ENV_Test_proba_accuracy_per_mean_strategy_epoch16": 0.8179013817380829, "ENV_Test_proba_accuracy_per_mean_user_epoch16": 0.8169133319628425, "ENV_Test_proba_accuracy_per_mean_user_and_bot_epoch16": 0.8388116119210265, "ENV_Test_accuracy_epoch16": 0.840832, "ENV_Test_accuracy_strategy_132_epoch16": 0.8662889518413598, "ENV_Test_accuracy_strategy_23_epoch16": 0.8398772014865084, "ENV_Test_accuracy_strategy_107_epoch16": 0.8998357963875205, "ENV_Test_accuracy_strategy_43_epoch16": 0.8416030534351145, "ENV_Test_accuracy_strategy_17_epoch16": 0.8205535390199638, "ENV_Test_accuracy_strategy_93_epoch16": 0.8530499075785583, "ENV_Test_accuracy_per_mean_strategy_epoch16": 0.8535347416248374, "ENV_Test_accuracy_per_mean_user_epoch16": 0.8505103384726147, "ENV_Test_accuracy_per_mean_user_and_bot_epoch16": 0.8734976330404509, "ENV_Train_TotalLoss_epoch17": 590.3716524203069, "ENV_Train_Right action_epoch17": 0.8885813729190255, "ENV_Train_Probability to choose the right action_epoch17": 0.8394272122843215, "ENV_Train_Weighted right action_epoch17": 0.8885813729190255, "ENV_Train_Weighted probability to choose the right action:_epoch17": 0.8394272122843215, "ENV_Test_TotalLoss_epoch17": 193.93555075104086, "ENV_Test_Right action_epoch17": 0.83808, "ENV_Test_Probability to choose the right action_epoch17": 0.8060272296943667, "ENV_Test_Weighted right action_epoch17": 0.8713284553991587, "ENV_Test_Weighted probability to choose the right action:_epoch17": 0.8378844160491343, "ENV_Test_proba_accuracy_epoch17": 0.8060272296943669, "ENV_Test_proba_accuracy_strategy_132_epoch17": 0.8359909062509875, "ENV_Test_proba_accuracy_strategy_23_epoch17": 0.806389139618522, "ENV_Test_proba_accuracy_strategy_107_epoch17": 0.8651404861179374, "ENV_Test_proba_accuracy_strategy_43_epoch17": 0.8054252707118269, "ENV_Test_proba_accuracy_strategy_17_epoch17": 0.7841489490768383, "ENV_Test_proba_accuracy_strategy_93_epoch17": 0.8118128282873741, "ENV_Test_proba_accuracy_per_mean_strategy_epoch17": 0.8181512633439144, "ENV_Test_proba_accuracy_per_mean_user_epoch17": 0.8167375747454565, "ENV_Test_proba_accuracy_per_mean_user_and_bot_epoch17": 0.8378844160491359, "ENV_Test_accuracy_epoch17": 0.83808, "ENV_Test_accuracy_strategy_132_epoch17": 0.8611898016997167, "ENV_Test_accuracy_strategy_23_epoch17": 0.8371303926320892, "ENV_Test_accuracy_strategy_107_epoch17": 0.8932676518883416, "ENV_Test_accuracy_strategy_43_epoch17": 0.8403307888040712, "ENV_Test_accuracy_strategy_17_epoch17": 0.8182849364791288, "ENV_Test_accuracy_strategy_93_epoch17": 0.8521256931608133, "ENV_Test_accuracy_per_mean_strategy_epoch17": 0.8503882107773602, "ENV_Test_accuracy_per_mean_user_epoch17": 0.8488575045669696, "ENV_Test_accuracy_per_mean_user_and_bot_epoch17": 0.8713284553991569, "ENV_Train_TotalLoss_epoch18": 581.871055667995, "ENV_Train_Right action_epoch18": 0.8907040442717795, "ENV_Train_Probability to choose the right action_epoch18": 0.8426127939893292, "ENV_Train_Weighted right action_epoch18": 0.8907040442717795, "ENV_Train_Weighted probability to choose the right action:_epoch18": 0.8426127939893292, "ENV_Test_TotalLoss_epoch18": 196.80379600266525, "ENV_Test_Right action_epoch18": 0.838784, "ENV_Test_Probability to choose the right action_epoch18": 0.8046412356056585, "ENV_Test_Weighted right action_epoch18": 0.8702690746074919, "ENV_Test_Weighted probability to choose the right action:_epoch18": 0.8389880649442046, "ENV_Test_proba_accuracy_epoch18": 0.8046412356056595, "ENV_Test_proba_accuracy_strategy_132_epoch18": 0.8376327514591, "ENV_Test_proba_accuracy_strategy_23_epoch18": 0.8046876810251424, "ENV_Test_proba_accuracy_strategy_107_epoch18": 0.8667434804552279, "ENV_Test_proba_accuracy_strategy_43_epoch18": 0.8002335202084004, "ENV_Test_proba_accuracy_strategy_17_epoch18": 0.78243817295306, "ENV_Test_proba_accuracy_strategy_93_epoch18": 0.8124622018545132, "ENV_Test_proba_accuracy_per_mean_strategy_epoch18": 0.8173663013259073, "ENV_Test_proba_accuracy_per_mean_user_epoch18": 0.8160323439798581, "ENV_Test_proba_accuracy_per_mean_user_and_bot_epoch18": 0.8389880649442042, "ENV_Test_accuracy_epoch18": 0.838784, "ENV_Test_accuracy_strategy_132_epoch18": 0.8628895184135977, "ENV_Test_accuracy_strategy_23_epoch18": 0.8397156244950719, "ENV_Test_accuracy_strategy_107_epoch18": 0.896551724137931, "ENV_Test_accuracy_strategy_43_epoch18": 0.8358778625954199, "ENV_Test_accuracy_strategy_17_epoch18": 0.8176043557168784, "ENV_Test_accuracy_strategy_93_epoch18": 0.8521256931608133, "ENV_Test_accuracy_per_mean_strategy_epoch18": 0.8507941297532854, "ENV_Test_accuracy_per_mean_user_epoch18": 0.8477202884201352, "ENV_Test_accuracy_per_mean_user_and_bot_epoch18": 0.8702690746074908, "ENV_Train_TotalLoss_epoch19": 572.1728995900172, "ENV_Train_Right action_epoch19": 0.8924098406485882, "ENV_Train_Probability to choose the right action_epoch19": 0.8449335799999479, "ENV_Train_Weighted right action_epoch19": 0.8924098406485882, "ENV_Train_Weighted probability to choose the right action:_epoch19": 0.8449335799999479, "ENV_Test_TotalLoss_epoch19": 200.29404555955367, "ENV_Test_Right action_epoch19": 0.838016, "ENV_Test_Probability to choose the right action_epoch19": 0.8053979302466284, "ENV_Test_Weighted right action_epoch19": 0.8671265161213499, "ENV_Test_Weighted probability to choose the right action:_epoch19": 0.835904924803942, "ENV_Test_proba_accuracy_epoch19": 0.8053979302466288, "ENV_Test_proba_accuracy_strategy_132_epoch19": 0.8378925477512762, "ENV_Test_proba_accuracy_strategy_23_epoch19": 0.8049381049775717, "ENV_Test_proba_accuracy_strategy_107_epoch19": 0.8641471000433947, "ENV_Test_proba_accuracy_strategy_43_epoch19": 0.7993766490510057, "ENV_Test_proba_accuracy_strategy_17_epoch19": 0.7855216962082513, "ENV_Test_proba_accuracy_strategy_93_epoch19": 0.8116775124730111, "ENV_Test_proba_accuracy_per_mean_strategy_epoch19": 0.8172589350840851, "ENV_Test_proba_accuracy_per_mean_user_epoch19": 0.8160687543946313, "ENV_Test_proba_accuracy_per_mean_user_and_bot_epoch19": 0.8359049248039434, "ENV_Test_accuracy_epoch19": 0.838016, "ENV_Test_accuracy_strategy_132_epoch19": 0.8679886685552408, "ENV_Test_accuracy_strategy_23_epoch19": 0.8369688156406527, "ENV_Test_accuracy_strategy_107_epoch19": 0.8998357963875205, "ENV_Test_accuracy_strategy_43_epoch19": 0.8276081424936387, "ENV_Test_accuracy_strategy_17_epoch19": 0.8200998185117967, "ENV_Test_accuracy_strategy_93_epoch19": 0.8484288354898336, "ENV_Test_accuracy_per_mean_strategy_epoch19": 0.8501550128464471, "ENV_Test_accuracy_per_mean_user_epoch19": 0.8473423352766843, "ENV_Test_accuracy_per_mean_user_and_bot_epoch19": 0.8671265161213486, "ENV_Train_TotalLoss_epoch20": 555.1802915129994, "ENV_Train_Right action_epoch20": 0.8962119094213028, "ENV_Train_Probability to choose the right action_epoch20": 0.8497533232630908, "ENV_Train_Weighted right action_epoch20": 0.8962119094213028, "ENV_Train_Weighted probability to choose the right action:_epoch20": 0.8497533232630908, "ENV_Test_TotalLoss_epoch20": 205.81653302398826, "ENV_Test_Right action_epoch20": 0.836672, "ENV_Test_Probability to choose the right action_epoch20": 0.8049222190758405, "ENV_Test_Weighted right action_epoch20": 0.8682303441222019, "ENV_Test_Weighted probability to choose the right action:_epoch20": 0.8377469267202154, "ENV_Test_proba_accuracy_epoch20": 0.8049222190758404, "ENV_Test_proba_accuracy_strategy_132_epoch20": 0.8401919534339948, "ENV_Test_proba_accuracy_strategy_23_epoch20": 0.8029435208986191, "ENV_Test_proba_accuracy_strategy_107_epoch20": 0.8613924159707601, "ENV_Test_proba_accuracy_strategy_43_epoch20": 0.8034322913962275, "ENV_Test_proba_accuracy_strategy_17_epoch20": 0.7845168566963997, "ENV_Test_proba_accuracy_strategy_93_epoch20": 0.8122177233721448, "ENV_Test_proba_accuracy_per_mean_strategy_epoch20": 0.8174491269613576, "ENV_Test_proba_accuracy_per_mean_user_epoch20": 0.8163102979238824, "ENV_Test_proba_accuracy_per_mean_user_and_bot_epoch20": 0.8377469267202159, "ENV_Test_accuracy_epoch20": 0.836672, "ENV_Test_accuracy_strategy_132_epoch20": 0.8668555240793201, "ENV_Test_accuracy_strategy_23_epoch20": 0.835514622717725, "ENV_Test_accuracy_strategy_107_epoch20": 0.8932676518883416, "ENV_Test_accuracy_strategy_43_epoch20": 0.8333333333333334, "ENV_Test_accuracy_strategy_17_epoch20": 0.8171506352087115, "ENV_Test_accuracy_strategy_93_epoch20": 0.8465804066543438, "ENV_Test_accuracy_per_mean_strategy_epoch20": 0.8487836956469627, "ENV_Test_accuracy_per_mean_user_epoch20": 0.8475568691695842, "ENV_Test_accuracy_per_mean_user_and_bot_epoch20": 0.8682303441222018, "ENV_Train_TotalLoss_epoch21": 551.8784528948755, "ENV_Train_Right action_epoch21": 0.8957762620897859, "ENV_Train_Probability to choose the right action_epoch21": 0.8509450859776249, "ENV_Train_Weighted right action_epoch21": 0.8957762620897859, "ENV_Train_Weighted probability to choose the right action:_epoch21": 0.8509450859776249, "ENV_Test_TotalLoss_epoch21": 199.79699579220974, "ENV_Test_Right action_epoch21": 0.839104, "ENV_Test_Probability to choose the right action_epoch21": 0.8045502520505244, "ENV_Test_Weighted right action_epoch21": 0.8670685526522666, "ENV_Test_Weighted probability to choose the right action:_epoch21": 0.8361491053354673, "ENV_Test_proba_accuracy_epoch21": 0.8045502520505244, "ENV_Test_proba_accuracy_strategy_132_epoch21": 0.8365540452080312, "ENV_Test_proba_accuracy_strategy_23_epoch21": 0.8043892139635075, "ENV_Test_proba_accuracy_strategy_107_epoch21": 0.8593005643512067, "ENV_Test_proba_accuracy_strategy_43_epoch21": 0.8007796443030852, "ENV_Test_proba_accuracy_strategy_17_epoch21": 0.7842011806878093, "ENV_Test_proba_accuracy_strategy_93_epoch21": 0.8108285621727567, "ENV_Test_proba_accuracy_per_mean_strategy_epoch21": 0.8160088684477328, "ENV_Test_proba_accuracy_per_mean_user_epoch21": 0.8157339621990967, "ENV_Test_proba_accuracy_per_mean_user_and_bot_epoch21": 0.8361491053354682, "ENV_Test_accuracy_epoch21": 0.839104, "ENV_Test_accuracy_strategy_132_epoch21": 0.8651558073654391, "ENV_Test_accuracy_strategy_23_epoch21": 0.842462433349491, "ENV_Test_accuracy_strategy_107_epoch21": 0.896551724137931, "ENV_Test_accuracy_strategy_43_epoch21": 0.8314249363867684, "ENV_Test_accuracy_strategy_17_epoch21": 0.816016333938294, "ENV_Test_accuracy_strategy_93_epoch21": 0.8502772643253235, "ENV_Test_accuracy_per_mean_strategy_epoch21": 0.8503147499172079, "ENV_Test_accuracy_per_mean_user_epoch21": 0.8480527492273559, "ENV_Test_accuracy_per_mean_user_and_bot_epoch21": 0.8670685526522656, "ENV_Train_TotalLoss_epoch22": 535.4772059251469, "ENV_Train_Right action_epoch22": 0.8989516354487, "ENV_Train_Probability to choose the right action_epoch22": 0.8548498304420984, "ENV_Train_Weighted right action_epoch22": 0.8989516354487, "ENV_Train_Weighted probability to choose the right action:_epoch22": 0.8548498304420984, "ENV_Test_TotalLoss_epoch22": 206.64121207377204, "ENV_Test_Right action_epoch22": 0.835584, "ENV_Test_Probability to choose the right action_epoch22": 0.8061926569924942, "ENV_Test_Weighted right action_epoch22": 0.8655841662592871, "ENV_Test_Weighted probability to choose the right action:_epoch22": 0.8390602667508039, "ENV_Test_proba_accuracy_epoch22": 0.8061926569924939, "ENV_Test_proba_accuracy_strategy_132_epoch22": 0.8398975172537265, "ENV_Test_proba_accuracy_strategy_23_epoch22": 0.8040735706853707, "ENV_Test_proba_accuracy_strategy_107_epoch22": 0.8632440851134772, "ENV_Test_proba_accuracy_strategy_43_epoch22": 0.801823967739175, "ENV_Test_proba_accuracy_strategy_17_epoch22": 0.7867248111494953, "ENV_Test_proba_accuracy_strategy_93_epoch22": 0.8168797836562525, "ENV_Test_proba_accuracy_per_mean_strategy_epoch22": 0.8187739559329161, "ENV_Test_proba_accuracy_per_mean_user_epoch22": 0.81671434712408, "ENV_Test_proba_accuracy_per_mean_user_and_bot_epoch22": 0.839060266750803, "ENV_Test_accuracy_epoch22": 0.835584, "ENV_Test_accuracy_strategy_132_epoch22": 0.8623229461756374, "ENV_Test_accuracy_strategy_23_epoch22": 0.8343835837776701, "ENV_Test_accuracy_strategy_107_epoch22": 0.8866995073891626, "ENV_Test_accuracy_strategy_43_epoch22": 0.8307888040712468, "ENV_Test_accuracy_strategy_17_epoch22": 0.8182849364791288, "ENV_Test_accuracy_strategy_93_epoch22": 0.8475046210720887, "ENV_Test_accuracy_per_mean_strategy_epoch22": 0.8466640664941557, "ENV_Test_accuracy_per_mean_user_epoch22": 0.8448957295786543, "ENV_Test_accuracy_per_mean_user_and_bot_epoch22": 0.8655841662592866, "ENV_Train_TotalLoss_epoch23": 526.0029885652638, "ENV_Train_Right action_epoch23": 0.9007184390025719, "ENV_Train_Probability to choose the right action_epoch23": 0.8577821908597376, "ENV_Train_Weighted right action_epoch23": 0.9007184390025719, "ENV_Train_Weighted probability to choose the right action:_epoch23": 0.8577821908597376, "ENV_Test_TotalLoss_epoch23": 213.9389700952767, "ENV_Test_Right action_epoch23": 0.833152, "ENV_Test_Probability to choose the right action_epoch23": 0.8042953631267066, "ENV_Test_Weighted right action_epoch23": 0.8643538365542415, "ENV_Test_Weighted probability to choose the right action:_epoch23": 0.8384872763783642, "ENV_Test_proba_accuracy_epoch23": 0.804295363126707, "ENV_Test_proba_accuracy_strategy_132_epoch23": 0.8438346751076572, "ENV_Test_proba_accuracy_strategy_23_epoch23": 0.8012384700081683, "ENV_Test_proba_accuracy_strategy_107_epoch23": 0.8626911236319215, "ENV_Test_proba_accuracy_strategy_43_epoch23": 0.7981641621205482, "ENV_Test_proba_accuracy_strategy_17_epoch23": 0.7849470865213013, "ENV_Test_proba_accuracy_strategy_93_epoch23": 0.8121462494251307, "ENV_Test_proba_accuracy_per_mean_strategy_epoch23": 0.8171702944691212, "ENV_Test_proba_accuracy_per_mean_user_epoch23": 0.8150258556499904, "ENV_Test_proba_accuracy_per_mean_user_and_bot_epoch23": 0.8384872763783646, "ENV_Test_accuracy_epoch23": 0.833152, "ENV_Test_accuracy_strategy_132_epoch23": 0.8668555240793201, "ENV_Test_accuracy_strategy_23_epoch23": 0.8332525448376151, "ENV_Test_accuracy_strategy_107_epoch23": 0.8899835796387521, "ENV_Test_accuracy_strategy_43_epoch23": 0.8199745547073791, "ENV_Test_accuracy_strategy_17_epoch23": 0.8142014519056261, "ENV_Test_accuracy_strategy_93_epoch23": 0.8419593345656192, "ENV_Test_accuracy_per_mean_strategy_epoch23": 0.8443711649557185, "ENV_Test_accuracy_per_mean_user_epoch23": 0.8428181249581039, "ENV_Test_accuracy_per_mean_user_and_bot_epoch23": 0.8643538365542405, "ENV_Train_TotalLoss_epoch24": 516.3507805365089, "ENV_Train_Right action_epoch24": 0.9028082584324634, "ENV_Train_Probability to choose the right action_epoch24": 0.860651333275399, "ENV_Train_Weighted right action_epoch24": 0.9028082584324634, "ENV_Train_Weighted probability to choose the right action:_epoch24": 0.860651333275399, "ENV_Test_TotalLoss_epoch24": 212.41479154350316, "ENV_Test_Right action_epoch24": 0.834304, "ENV_Test_Probability to choose the right action_epoch24": 0.8048884032498156, "ENV_Test_Weighted right action_epoch24": 0.8644845782110093, "ENV_Test_Weighted probability to choose the right action:_epoch24": 0.8377196482704391, "ENV_Test_proba_accuracy_epoch24": 0.8048884032498161, "ENV_Test_proba_accuracy_strategy_132_epoch24": 0.8416440338962795, "ENV_Test_proba_accuracy_strategy_23_epoch24": 0.8034711771864836, "ENV_Test_proba_accuracy_strategy_107_epoch24": 0.8626815327959257, "ENV_Test_proba_accuracy_strategy_43_epoch24": 0.8018293363477614, "ENV_Test_proba_accuracy_strategy_17_epoch24": 0.783774140558456, "ENV_Test_proba_accuracy_strategy_93_epoch24": 0.8109716114151789, "ENV_Test_proba_accuracy_per_mean_strategy_epoch24": 0.8173953053666807, "ENV_Test_proba_accuracy_per_mean_user_epoch24": 0.8155029201574208, "ENV_Test_proba_accuracy_per_mean_user_and_bot_epoch24": 0.8377196482704378, "ENV_Test_accuracy_epoch24": 0.834304, "ENV_Test_accuracy_strategy_132_epoch24": 0.8640226628895185, "ENV_Test_accuracy_strategy_23_epoch24": 0.8347067377605429, "ENV_Test_accuracy_strategy_107_epoch24": 0.8916256157635468, "ENV_Test_accuracy_strategy_43_epoch24": 0.8295165394402035, "ENV_Test_accuracy_strategy_17_epoch24": 0.8142014519056261, "ENV_Test_accuracy_strategy_93_epoch24": 0.8401109057301294, "ENV_Test_accuracy_per_mean_strategy_epoch24": 0.8456973189149278, "ENV_Test_accuracy_per_mean_user_epoch24": 0.8437441218966626, "ENV_Test_accuracy_per_mean_user_and_bot_epoch24": 0.8644845782110091, "_wandb": {"runtime": 2003}}