{"ENV_Train_TotalLoss": 414.9378455520501, "ENV_Train_TotalLoss_epoch0": 937.6125298173553, "ENV_Train_Right action": 0.9222941332699647, "ENV_Train_Right action_epoch0": 0.8076562914925436, "ENV_Train_Probability to choose the right action": 0.8867864046694832, "ENV_Train_Probability to choose the right action_epoch0": 0.7323205079055076, "ENV_Train_Weighted right action": 0.9222941332699647, "ENV_Train_Weighted right action_epoch0": 0.8076562914925436, "ENV_Train_Weighted probability to choose the right action:": 0.8867864046694832, "ENV_Train_Weighted probability to choose the right action:_epoch0": 0.7323205079055076, "_timestamp": 1720436327.4593992, "_runtime": 2561.405200242996, "_step": 49, "ENV_Test_TotalLoss": 346.87105174451045, "ENV_Test_TotalLoss_epoch0": 190.6341589719231, "ENV_Test_Right action": 0.836736, "ENV_Test_Right action_epoch0": 0.829696, "ENV_Test_Probability to choose the right action": 0.8187933849160071, "ENV_Test_Probability to choose the right action_epoch0": 0.7626854331787079, "ENV_Test_Weighted right action": 0.8585095443435724, "ENV_Test_Weighted right action_epoch0": 0.8561649854600051, "ENV_Test_Weighted probability to choose the right action:": 0.8389992561733883, "ENV_Test_Weighted probability to choose the right action:_epoch0": 0.7946164828204385, "ENV_Test_proba_accuracy": 0.8187933849160082, "ENV_Test_proba_accuracy_epoch0": 0.7626854331787091, "ENV_Test_proba_accuracy_strategy_132": 0.8457024550306161, "ENV_Test_proba_accuracy_strategy_132_epoch0": 0.8083362838756172, "ENV_Test_proba_accuracy_strategy_23": 0.8304713079772931, "ENV_Test_proba_accuracy_strategy_23_epoch0": 0.764428656431598, "ENV_Test_proba_accuracy_strategy_107": 0.8664982418312636, "ENV_Test_proba_accuracy_strategy_107_epoch0": 0.8198188080627391, "ENV_Test_proba_accuracy_strategy_43": 0.8002096444990698, "ENV_Test_proba_accuracy_strategy_43_epoch0": 0.761040626909998, "ENV_Test_proba_accuracy_strategy_17": 0.7948026406894593, "ENV_Test_proba_accuracy_strategy_17_epoch0": 0.7338409694496529, "ENV_Test_proba_accuracy_strategy_93": 0.8059869228513964, "ENV_Test_proba_accuracy_strategy_93_epoch0": 0.7659897271487159, "ENV_Test_proba_accuracy_per_mean_strategy": 0.8239452021465165, "ENV_Test_proba_accuracy_per_mean_strategy_epoch0": 0.7755758453130533, "ENV_Test_proba_accuracy_per_mean_user": 0.8245985493324678, "ENV_Test_proba_accuracy_per_mean_user_epoch0": 0.7750048163909556, "ENV_Test_proba_accuracy_per_mean_user_and_bot": 0.8389992561733886, "ENV_Test_proba_accuracy_per_mean_user_and_bot_epoch0": 0.7946164828204378, "ENV_Test_accuracy": 0.836736, "ENV_Test_accuracy_epoch0": 0.829696, "ENV_Test_accuracy_strategy_132": 0.8589235127478754, "ENV_Test_accuracy_strategy_132_epoch0": 0.8611898016997167, "ENV_Test_accuracy_strategy_23": 0.8497333979641299, "ENV_Test_accuracy_strategy_23_epoch0": 0.8408466634351268, "ENV_Test_accuracy_strategy_107": 0.8899835796387521, "ENV_Test_accuracy_strategy_107_epoch0": 0.8817733990147784, "ENV_Test_accuracy_strategy_43": 0.8212468193384224, "ENV_Test_accuracy_strategy_43_epoch0": 0.823791348600509, "ENV_Test_accuracy_strategy_17": 0.8112522686025408, "ENV_Test_accuracy_strategy_17_epoch0": 0.7942377495462795, "ENV_Test_accuracy_strategy_93": 0.822550831792976, "ENV_Test_accuracy_strategy_93_epoch0": 0.8382624768946395, "ENV_Test_accuracy_per_mean_strategy": 0.8422817350141161, "ENV_Test_accuracy_per_mean_strategy_epoch0": 0.8400169065318416, "ENV_Test_accuracy_per_mean_user": 0.842590936783735, "ENV_Test_accuracy_per_mean_user_epoch0": 0.8415377677691533, "ENV_Test_accuracy_per_mean_user_and_bot": 0.8585095443435723, "ENV_Test_accuracy_per_mean_user_and_bot_epoch0": 0.8561649854600062, "ENV_Train_TotalLoss_epoch1": 844.207869599145, "ENV_Train_Right action_epoch1": 0.8283745825006638, "ENV_Train_Probability to choose the right action_epoch1": 0.7606716415380333, "ENV_Train_Weighted right action_epoch1": 0.8283745825006638, "ENV_Train_Weighted probability to choose the right action:_epoch1": 0.7606716415380333, "ENV_Test_TotalLoss_epoch1": 186.25836541726002, "ENV_Test_Right action_epoch1": 0.83616, "ENV_Test_Probability to choose the right action_epoch1": 0.7793640801376425, "ENV_Test_Weighted right action_epoch1": 0.8584722402952848, "ENV_Test_Weighted probability to choose the right action:_epoch1": 0.8047999245007053, "ENV_Test_proba_accuracy_epoch1": 0.779364080137642, "ENV_Test_proba_accuracy_strategy_132_epoch1": 0.8220473570956044, "ENV_Test_proba_accuracy_strategy_23_epoch1": 0.7860210737000621, "ENV_Test_proba_accuracy_strategy_107_epoch1": 0.8375060521760808, "ENV_Test_proba_accuracy_strategy_43_epoch1": 0.767511923646802, "ENV_Test_proba_accuracy_strategy_17_epoch1": 0.7492727342756389, "ENV_Test_proba_accuracy_strategy_93_epoch1": 0.7787445464992684, "ENV_Test_proba_accuracy_per_mean_strategy_epoch1": 0.7901839478989093, "ENV_Test_proba_accuracy_per_mean_user_epoch1": 0.788639973250758, "ENV_Test_proba_accuracy_per_mean_user_and_bot_epoch1": 0.8047999245007047, "ENV_Test_accuracy_epoch1": 0.83616, "ENV_Test_accuracy_strategy_132_epoch1": 0.8668555240793201, "ENV_Test_accuracy_strategy_23_epoch1": 0.8492486669898206, "ENV_Test_accuracy_strategy_107_epoch1": 0.8850574712643678, "ENV_Test_accuracy_strategy_43_epoch1": 0.8199745547073791, "ENV_Test_accuracy_strategy_17_epoch1": 0.8042196007259528, "ENV_Test_accuracy_strategy_93_epoch1": 0.8373382624768947, "ENV_Test_accuracy_per_mean_strategy_epoch1": 0.8437823467072892, "ENV_Test_accuracy_per_mean_user_epoch1": 0.8454973906062752, "ENV_Test_accuracy_per_mean_user_and_bot_epoch1": 0.8584722402952849, "ENV_Train_TotalLoss_epoch2": 812.3931469638627, "ENV_Train_Right action_epoch2": 0.8362685899586269, "ENV_Train_Probability to choose the right action_epoch2": 0.7703890290554282, "ENV_Train_Weighted right action_epoch2": 0.8362685899586269, "ENV_Train_Weighted probability to choose the right action:_epoch2": 0.7703890290554282, "ENV_Test_TotalLoss_epoch2": 186.18084086486792, "ENV_Test_Right action_epoch2": 0.839296, "ENV_Test_Probability to choose the right action_epoch2": 0.7934593759243628, "ENV_Test_Weighted right action_epoch2": 0.8663357241799794, "ENV_Test_Weighted probability to choose the right action:_epoch2": 0.8219495429432948, "ENV_Test_proba_accuracy_epoch2": 0.7934593759243623, "ENV_Test_proba_accuracy_strategy_132_epoch2": 0.8368657918885579, "ENV_Test_proba_accuracy_strategy_23_epoch2": 0.7988791537503689, "ENV_Test_proba_accuracy_strategy_107_epoch2": 0.8546435536053636, "ENV_Test_proba_accuracy_strategy_43_epoch2": 0.7858543381987253, "ENV_Test_proba_accuracy_strategy_17_epoch2": 0.7628019514016647, "ENV_Test_proba_accuracy_strategy_93_epoch2": 0.7931604417756224, "ENV_Test_proba_accuracy_per_mean_strategy_epoch2": 0.805367538436717, "ENV_Test_proba_accuracy_per_mean_user_epoch2": 0.803398978309124, "ENV_Test_proba_accuracy_per_mean_user_and_bot_epoch2": 0.8219495429432945, "ENV_Test_accuracy_epoch2": 0.839296, "ENV_Test_accuracy_strategy_132_epoch2": 0.8736543909348442, "ENV_Test_accuracy_strategy_23_epoch2": 0.8473097430925837, "ENV_Test_accuracy_strategy_107_epoch2": 0.8949096880131363, "ENV_Test_accuracy_strategy_43_epoch2": 0.8282442748091603, "ENV_Test_accuracy_strategy_17_epoch2": 0.808529945553539, "ENV_Test_accuracy_strategy_93_epoch2": 0.8475046210720887, "ENV_Test_accuracy_per_mean_strategy_epoch2": 0.8500254439125587, "ENV_Test_accuracy_per_mean_user_epoch2": 0.8478202064212738, "ENV_Test_accuracy_per_mean_user_and_bot_epoch2": 0.8663357241799794, "ENV_Train_TotalLoss_epoch3": 780.6312704458097, "ENV_Train_Right action_epoch3": 0.8428012300810735, "ENV_Train_Probability to choose the right action_epoch3": 0.7789336709266955, "ENV_Train_Weighted right action_epoch3": 0.8428012300810735, "ENV_Train_Weighted probability to choose the right action:_epoch3": 0.7789336709266955, "ENV_Test_TotalLoss_epoch3": 180.23582150466584, "ENV_Test_Right action_epoch3": 0.840128, "ENV_Test_Probability to choose the right action_epoch3": 0.7971490143789309, "ENV_Test_Weighted right action_epoch3": 0.8670346793993103, "ENV_Test_Weighted probability to choose the right action:_epoch3": 0.8249640561070297, "ENV_Test_proba_accuracy_epoch3": 0.7971490143789315, "ENV_Test_proba_accuracy_strategy_132_epoch3": 0.8351057010377569, "ENV_Test_proba_accuracy_strategy_23_epoch3": 0.8044521732661012, "ENV_Test_proba_accuracy_strategy_107_epoch3": 0.8515633965280108, "ENV_Test_proba_accuracy_strategy_43_epoch3": 0.7861068281385012, "ENV_Test_proba_accuracy_strategy_17_epoch3": 0.7678439866534332, "ENV_Test_proba_accuracy_strategy_93_epoch3": 0.7982615078628913, "ENV_Test_proba_accuracy_per_mean_strategy_epoch3": 0.8072222655811158, "ENV_Test_proba_accuracy_per_mean_user_epoch3": 0.8074544561853193, "ENV_Test_proba_accuracy_per_mean_user_and_bot_epoch3": 0.8249640561070294, "ENV_Test_accuracy_epoch3": 0.840128, "ENV_Test_accuracy_strategy_132_epoch3": 0.8702549575070821, "ENV_Test_accuracy_strategy_23_epoch3": 0.8479560510583293, "ENV_Test_accuracy_strategy_107_epoch3": 0.8899835796387521, "ENV_Test_accuracy_strategy_43_epoch3": 0.8250636132315522, "ENV_Test_accuracy_strategy_17_epoch3": 0.8128402903811253, "ENV_Test_accuracy_strategy_93_epoch3": 0.8512014787430684, "ENV_Test_accuracy_per_mean_strategy_epoch3": 0.8495499950933182, "ENV_Test_accuracy_per_mean_user_epoch3": 0.8501093884587778, "ENV_Test_accuracy_per_mean_user_and_bot_epoch3": 0.8670346793993111, "ENV_Train_TotalLoss_epoch4": 757.4755557599296, "ENV_Train_Right action_epoch4": 0.848250604565342, "ENV_Train_Probability to choose the right action_epoch4": 0.7864641345679602, "ENV_Train_Weighted right action_epoch4": 0.848250604565342, "ENV_Train_Weighted probability to choose the right action:_epoch4": 0.7864641345679602, "ENV_Test_TotalLoss_epoch4": 176.07296358832147, "ENV_Test_Right action_epoch4": 0.84448, "ENV_Test_Probability to choose the right action_epoch4": 0.7913827508815939, "ENV_Test_Weighted right action_epoch4": 0.8689206047534618, "ENV_Test_Weighted probability to choose the right action:_epoch4": 0.818609931838465, "ENV_Test_proba_accuracy_epoch4": 0.7913827508815929, "ENV_Test_proba_accuracy_strategy_132_epoch4": 0.8335963363895773, "ENV_Test_proba_accuracy_strategy_23_epoch4": 0.7976151079407963, "ENV_Test_proba_accuracy_strategy_107_epoch4": 0.8449449817161648, "ENV_Test_proba_accuracy_strategy_43_epoch4": 0.7819254032746741, "ENV_Test_proba_accuracy_strategy_17_epoch4": 0.7623706195441811, "ENV_Test_proba_accuracy_strategy_93_epoch4": 0.7886600064584247, "ENV_Test_proba_accuracy_per_mean_strategy_epoch4": 0.8015187425539696, "ENV_Test_proba_accuracy_per_mean_user_epoch4": 0.8010044395232611, "ENV_Test_proba_accuracy_per_mean_user_and_bot_epoch4": 0.8186099318384644, "ENV_Test_accuracy_epoch4": 0.84448, "ENV_Test_accuracy_strategy_132_epoch4": 0.8770538243626063, "ENV_Test_accuracy_strategy_23_epoch4": 0.8519954758442397, "ENV_Test_accuracy_strategy_107_epoch4": 0.8949096880131363, "ENV_Test_accuracy_strategy_43_epoch4": 0.8352417302798982, "ENV_Test_accuracy_strategy_17_epoch4": 0.8173774954627949, "ENV_Test_accuracy_strategy_93_epoch4": 0.8438077634011091, "ENV_Test_accuracy_per_mean_strategy_epoch4": 0.8533976628939639, "ENV_Test_accuracy_per_mean_user_epoch4": 0.8540632172679067, "ENV_Test_accuracy_per_mean_user_and_bot_epoch4": 0.8689206047534624, "ENV_Train_TotalLoss_epoch5": 730.745316640012, "ENV_Train_Right action_epoch5": 0.8543472183393905, "ENV_Train_Probability to choose the right action_epoch5": 0.7942990595810492, "ENV_Train_Weighted right action_epoch5": 0.8543472183393905, "ENV_Train_Weighted probability to choose the right action:_epoch5": 0.7942990595810492, "ENV_Test_TotalLoss_epoch5": 175.16254432865924, "ENV_Test_Right action_epoch5": 0.845248, "ENV_Test_Probability to choose the right action_epoch5": 0.8006059977984117, "ENV_Test_Weighted right action_epoch5": 0.8702148562619134, "ENV_Test_Weighted probability to choose the right action:_epoch5": 0.8275648778900597, "ENV_Test_proba_accuracy_epoch5": 0.8006059977984112, "ENV_Test_proba_accuracy_strategy_132_epoch5": 0.8403120543547182, "ENV_Test_proba_accuracy_strategy_23_epoch5": 0.8061934011209075, "ENV_Test_proba_accuracy_strategy_107_epoch5": 0.8550082772600281, "ENV_Test_proba_accuracy_strategy_43_epoch5": 0.7883357815447012, "ENV_Test_proba_accuracy_strategy_17_epoch5": 0.7734320695128801, "ENV_Test_proba_accuracy_strategy_93_epoch5": 0.801787918922736, "ENV_Test_proba_accuracy_per_mean_strategy_epoch5": 0.8108449171193285, "ENV_Test_proba_accuracy_per_mean_user_epoch5": 0.810609821234561, "ENV_Test_proba_accuracy_per_mean_user_and_bot_epoch5": 0.8275648778900596, "ENV_Test_accuracy_epoch5": 0.845248, "ENV_Test_accuracy_strategy_132_epoch5": 0.8753541076487252, "ENV_Test_accuracy_strategy_23_epoch5": 0.8529649377928583, "ENV_Test_accuracy_strategy_107_epoch5": 0.8949096880131363, "ENV_Test_accuracy_strategy_43_epoch5": 0.8295165394402035, "ENV_Test_accuracy_strategy_17_epoch5": 0.8189655172413793, "ENV_Test_accuracy_strategy_93_epoch5": 0.8539741219963032, "ENV_Test_accuracy_per_mean_strategy_epoch5": 0.8542808186887676, "ENV_Test_accuracy_per_mean_user_epoch5": 0.8553139116917776, "ENV_Test_accuracy_per_mean_user_and_bot_epoch5": 0.8702148562619126, "ENV_Train_TotalLoss_epoch6": 707.8838629832944, "ENV_Train_Right action_epoch6": 0.8563065014182117, "ENV_Train_Probability to choose the right action_epoch6": 0.8003232389527591, "ENV_Train_Weighted right action_epoch6": 0.8563065014182117, "ENV_Train_Weighted probability to choose the right action:_epoch6": 0.8003232389527591, "ENV_Test_TotalLoss_epoch6": 187.09323181323538, "ENV_Test_Right action_epoch6": 0.850112, "ENV_Test_Probability to choose the right action_epoch6": 0.8119553451858819, "ENV_Test_Weighted right action_epoch6": 0.8731853001513581, "ENV_Test_Weighted probability to choose the right action:_epoch6": 0.8362306742298341, "ENV_Test_proba_accuracy_epoch6": 0.811955345185882, "ENV_Test_proba_accuracy_strategy_132_epoch6": 0.8490320970596744, "ENV_Test_proba_accuracy_strategy_23_epoch6": 0.8203178460774738, "ENV_Test_proba_accuracy_strategy_107_epoch6": 0.8635220907362307, "ENV_Test_proba_accuracy_strategy_43_epoch6": 0.7976469743404123, "ENV_Test_proba_accuracy_strategy_17_epoch6": 0.784407935366029, "ENV_Test_proba_accuracy_strategy_93_epoch6": 0.8076315081614099, "ENV_Test_proba_accuracy_per_mean_strategy_epoch6": 0.8204264086235384, "ENV_Test_proba_accuracy_per_mean_user_epoch6": 0.8204660036847908, "ENV_Test_proba_accuracy_per_mean_user_and_bot_epoch6": 0.8362306742298361, "ENV_Test_accuracy_epoch6": 0.850112, "ENV_Test_accuracy_strategy_132_epoch6": 0.8730878186968839, "ENV_Test_accuracy_strategy_23_epoch6": 0.858620132493133, "ENV_Test_accuracy_strategy_107_epoch6": 0.8981937602627258, "ENV_Test_accuracy_strategy_43_epoch6": 0.8396946564885496, "ENV_Test_accuracy_strategy_17_epoch6": 0.8266787658802178, "ENV_Test_accuracy_strategy_93_epoch6": 0.8475046210720887, "ENV_Test_accuracy_per_mean_strategy_epoch6": 0.8572966258155997, "ENV_Test_accuracy_per_mean_user_epoch6": 0.8588179211120978, "ENV_Test_accuracy_per_mean_user_and_bot_epoch6": 0.8731853001513584, "ENV_Train_TotalLoss_epoch7": 689.7601216099672, "ENV_Train_Right action_epoch7": 0.862468549063461, "ENV_Train_Probability to choose the right action_epoch7": 0.8065934814138077, "ENV_Train_Weighted right action_epoch7": 0.862468549063461, "ENV_Train_Weighted probability to choose the right action:_epoch7": 0.8065934814138077, "ENV_Test_TotalLoss_epoch7": 187.68832230933532, "ENV_Test_Right action_epoch7": 0.84864, "ENV_Test_Probability to choose the right action_epoch7": 0.8115553273480459, "ENV_Test_Weighted right action_epoch7": 0.8696399830057059, "ENV_Test_Weighted probability to choose the right action:_epoch7": 0.8335353999573032, "ENV_Test_proba_accuracy_epoch7": 0.811555327348046, "ENV_Test_proba_accuracy_strategy_132_epoch7": 0.8460900906153087, "ENV_Test_proba_accuracy_strategy_23_epoch7": 0.8213823654205029, "ENV_Test_proba_accuracy_strategy_107_epoch7": 0.8654893863168486, "ENV_Test_proba_accuracy_strategy_43_epoch7": 0.7953991178937261, "ENV_Test_proba_accuracy_strategy_17_epoch7": 0.7826633742071067, "ENV_Test_proba_accuracy_strategy_93_epoch7": 0.8098307922263256, "ENV_Test_proba_accuracy_per_mean_strategy_epoch7": 0.820142521113303, "ENV_Test_proba_accuracy_per_mean_user_epoch7": 0.8188896108179449, "ENV_Test_proba_accuracy_per_mean_user_and_bot_epoch7": 0.8335353999573043, "ENV_Test_accuracy_epoch7": 0.84864, "ENV_Test_accuracy_strategy_132_epoch7": 0.8736543909348442, "ENV_Test_accuracy_strategy_23_epoch7": 0.8591048634674422, "ENV_Test_accuracy_strategy_107_epoch7": 0.8981937602627258, "ENV_Test_accuracy_strategy_43_epoch7": 0.8371501272264631, "ENV_Test_accuracy_strategy_17_epoch7": 0.8207803992740472, "ENV_Test_accuracy_strategy_93_epoch7": 0.8502772643253235, "ENV_Test_accuracy_per_mean_strategy_epoch7": 0.856526800915141, "ENV_Test_accuracy_per_mean_user_epoch7": 0.8564448305598199, "ENV_Test_accuracy_per_mean_user_and_bot_epoch7": 0.8696399830057063, "ENV_Train_TotalLoss_epoch8": 666.2451225712637, "ENV_Train_Right action_epoch8": 0.8676283529724214, "ENV_Train_Probability to choose the right action_epoch8": 0.8131402094285739, "ENV_Train_Weighted right action_epoch8": 0.8676283529724214, "ENV_Train_Weighted probability to choose the right action:_epoch8": 0.8131402094285739, "ENV_Test_TotalLoss_epoch8": 186.56655795049087, "ENV_Test_Right action_epoch8": 0.846336, "ENV_Test_Probability to choose the right action_epoch8": 0.8093192165954048, "ENV_Test_Weighted right action_epoch8": 0.8731778513816031, "ENV_Test_Weighted probability to choose the right action:_epoch8": 0.8336777375647135, "ENV_Test_proba_accuracy_epoch8": 0.8093192165954034, "ENV_Test_proba_accuracy_strategy_132_epoch8": 0.8456358854797646, "ENV_Test_proba_accuracy_strategy_23_epoch8": 0.8160526696613248, "ENV_Test_proba_accuracy_strategy_107_epoch8": 0.8608922206569639, "ENV_Test_proba_accuracy_strategy_43_epoch8": 0.7970867674135431, "ENV_Test_proba_accuracy_strategy_17_epoch8": 0.7835017556667018, "ENV_Test_proba_accuracy_strategy_93_epoch8": 0.8054860898007868, "ENV_Test_proba_accuracy_per_mean_strategy_epoch8": 0.8181092314465142, "ENV_Test_proba_accuracy_per_mean_user_epoch8": 0.8181952640685117, "ENV_Test_proba_accuracy_per_mean_user_and_bot_epoch8": 0.8336777375647141, "ENV_Test_accuracy_epoch8": 0.846336, "ENV_Test_accuracy_strategy_132_epoch8": 0.8770538243626063, "ENV_Test_accuracy_strategy_23_epoch8": 0.8526417838099855, "ENV_Test_accuracy_strategy_107_epoch8": 0.90311986863711, "ENV_Test_accuracy_strategy_43_epoch8": 0.8428753180661578, "ENV_Test_accuracy_strategy_17_epoch8": 0.8187386569872959, "ENV_Test_accuracy_strategy_93_epoch8": 0.8456561922365989, "ENV_Test_accuracy_per_mean_strategy_epoch8": 0.8566809406832924, "ENV_Test_accuracy_per_mean_user_epoch8": 0.855468007881342, "ENV_Test_accuracy_per_mean_user_and_bot_epoch8": 0.8731778513816031, "ENV_Train_TotalLoss_epoch9": 642.1572349963304, "ENV_Train_Right action_epoch9": 0.8727445526841745, "ENV_Train_Probability to choose the right action_epoch9": 0.8198338864048493, "ENV_Train_Weighted right action_epoch9": 0.8727445526841745, "ENV_Train_Weighted probability to choose the right action:_epoch9": 0.8198338864048493, "ENV_Test_TotalLoss_epoch9": 184.08655731225483, "ENV_Test_Right action_epoch9": 0.848064, "ENV_Test_Probability to choose the right action_epoch9": 0.8028721328130117, "ENV_Test_Weighted right action_epoch9": 0.867195724653341, "ENV_Test_Weighted probability to choose the right action:_epoch9": 0.8236024713098699, "ENV_Test_proba_accuracy_epoch9": 0.8028721328130118, "ENV_Test_proba_accuracy_strategy_132_epoch9": 0.8354526649465667, "ENV_Test_proba_accuracy_strategy_23_epoch9": 0.8126668241060814, "ENV_Test_proba_accuracy_strategy_107_epoch9": 0.8544438291367535, "ENV_Test_proba_accuracy_strategy_43_epoch9": 0.7856979187337738, "ENV_Test_proba_accuracy_strategy_17_epoch9": 0.7757607104097808, "ENV_Test_proba_accuracy_strategy_93_epoch9": 0.8000753378003637, "ENV_Test_proba_accuracy_per_mean_strategy_epoch9": 0.8106828808555533, "ENV_Test_proba_accuracy_per_mean_user_epoch9": 0.8098295263162658, "ENV_Test_proba_accuracy_per_mean_user_and_bot_epoch9": 0.82360247130987, "ENV_Test_accuracy_epoch9": 0.848064, "ENV_Test_accuracy_strategy_132_epoch9": 0.8685552407932011, "ENV_Test_accuracy_strategy_23_epoch9": 0.8600743254160608, "ENV_Test_accuracy_strategy_107_epoch9": 0.8899835796387521, "ENV_Test_accuracy_strategy_43_epoch9": 0.833969465648855, "ENV_Test_accuracy_strategy_17_epoch9": 0.8210072595281307, "ENV_Test_accuracy_strategy_93_epoch9": 0.8530499075785583, "ENV_Test_accuracy_per_mean_strategy_epoch9": 0.8544399631005931, "ENV_Test_accuracy_per_mean_user_epoch9": 0.8550833638879509, "ENV_Test_accuracy_per_mean_user_and_bot_epoch9": 0.8671957246533412, "ENV_Train_TotalLoss_epoch10": 624.0694585909679, "ENV_Train_Right action_epoch10": 0.8774671512440593, "ENV_Train_Probability to choose the right action_epoch10": 0.825871509052943, "ENV_Train_Weighted right action_epoch10": 0.8774671512440593, "ENV_Train_Weighted probability to choose the right action:_epoch10": 0.825871509052943, "ENV_Test_TotalLoss_epoch10": 197.2414803204972, "ENV_Test_Right action_epoch10": 0.84896, "ENV_Test_Probability to choose the right action_epoch10": 0.82129941460412, "ENV_Test_Weighted right action_epoch10": 0.8722159062708944, "ENV_Test_Weighted probability to choose the right action:_epoch10": 0.8450746807959586, "ENV_Test_proba_accuracy_epoch10": 0.8212994146041201, "ENV_Test_proba_accuracy_strategy_132_epoch10": 0.8574088417319695, "ENV_Test_proba_accuracy_strategy_23_epoch10": 0.8290746522143657, "ENV_Test_proba_accuracy_strategy_107_epoch10": 0.8732979862574636, "ENV_Test_proba_accuracy_strategy_43_epoch10": 0.8073448307526802, "ENV_Test_proba_accuracy_strategy_17_epoch10": 0.7952847582325414, "ENV_Test_proba_accuracy_strategy_93_epoch10": 0.8149112413259623, "ENV_Test_proba_accuracy_per_mean_strategy_epoch10": 0.8295537184191638, "ENV_Test_proba_accuracy_per_mean_user_epoch10": 0.8304689511295091, "ENV_Test_proba_accuracy_per_mean_user_and_bot_epoch10": 0.8450746807959587, "ENV_Test_accuracy_epoch10": 0.84896, "ENV_Test_accuracy_strategy_132_epoch10": 0.8781869688385269, "ENV_Test_accuracy_strategy_23_epoch10": 0.8568427855873324, "ENV_Test_accuracy_strategy_107_epoch10": 0.8932676518883416, "ENV_Test_accuracy_strategy_43_epoch10": 0.8365139949109415, "ENV_Test_accuracy_strategy_17_epoch10": 0.8250907441016334, "ENV_Test_accuracy_strategy_93_epoch10": 0.8465804066543438, "ENV_Test_accuracy_per_mean_strategy_epoch10": 0.8560804253301867, "ENV_Test_accuracy_per_mean_user_epoch10": 0.8575506010244027, "ENV_Test_accuracy_per_mean_user_and_bot_epoch10": 0.8722159062708936, "ENV_Train_TotalLoss_epoch11": 609.0541479780901, "ENV_Train_Right action_epoch11": 0.8801369863013698, "ENV_Train_Probability to choose the right action_epoch11": 0.8301820097979292, "ENV_Train_Weighted right action_epoch11": 0.8801369863013698, "ENV_Train_Weighted probability to choose the right action:_epoch11": 0.8301820097979292, "ENV_Test_TotalLoss_epoch11": 198.2312320735368, "ENV_Test_Right action_epoch11": 0.845376, "ENV_Test_Probability to choose the right action_epoch11": 0.8083206105789581, "ENV_Test_Weighted right action_epoch11": 0.8657157595554974, "ENV_Test_Weighted probability to choose the right action:_epoch11": 0.8316476683419269, "ENV_Test_proba_accuracy_epoch11": 0.8083206105789573, "ENV_Test_proba_accuracy_strategy_132_epoch11": 0.8421042616753547, "ENV_Test_proba_accuracy_strategy_23_epoch11": 0.8150908218115203, "ENV_Test_proba_accuracy_strategy_107_epoch11": 0.8613717098022646, "ENV_Test_proba_accuracy_strategy_43_epoch11": 0.7959927722430206, "ENV_Test_proba_accuracy_strategy_17_epoch11": 0.784097998261072, "ENV_Test_proba_accuracy_strategy_93_epoch11": 0.801218518186042, "ENV_Test_proba_accuracy_per_mean_strategy_epoch11": 0.8166460136632124, "ENV_Test_proba_accuracy_per_mean_user_epoch11": 0.81709370098692, "ENV_Test_proba_accuracy_per_mean_user_and_bot_epoch11": 0.8316476683419269, "ENV_Test_accuracy_epoch11": 0.845376, "ENV_Test_accuracy_strategy_132_epoch11": 0.8713881019830029, "ENV_Test_accuracy_strategy_23_epoch11": 0.8526417838099855, "ENV_Test_accuracy_strategy_107_epoch11": 0.8932676518883416, "ENV_Test_accuracy_strategy_43_epoch11": 0.8352417302798982, "ENV_Test_accuracy_strategy_17_epoch11": 0.8232758620689655, "ENV_Test_accuracy_strategy_93_epoch11": 0.8391866913123844, "ENV_Test_accuracy_per_mean_strategy_epoch11": 0.8525003035570964, "ENV_Test_accuracy_per_mean_user_epoch11": 0.8540062929661252, "ENV_Test_accuracy_per_mean_user_and_bot_epoch11": 0.8657157595554975, "ENV_Train_TotalLoss_epoch12": 588.4205884704958, "ENV_Train_Right action_epoch12": 0.8850094346215669, "ENV_Train_Probability to choose the right action_epoch12": 0.8367044885992994, "ENV_Train_Weighted right action_epoch12": 0.8850094346215669, "ENV_Train_Weighted probability to choose the right action:_epoch12": 0.8367044885992994, "ENV_Test_TotalLoss_epoch12": 200.84842716501845, "ENV_Test_Right action_epoch12": 0.849344, "ENV_Test_Probability to choose the right action_epoch12": 0.8185210896399063, "ENV_Test_Weighted right action_epoch12": 0.8703869249432925, "ENV_Test_Weighted probability to choose the right action:_epoch12": 0.8409888449354262, "ENV_Test_proba_accuracy_epoch12": 0.8185210896399063, "ENV_Test_proba_accuracy_strategy_132_epoch12": 0.8571628822589558, "ENV_Test_proba_accuracy_strategy_23_epoch12": 0.8266499751095919, "ENV_Test_proba_accuracy_strategy_107_epoch12": 0.8646692700923484, "ENV_Test_proba_accuracy_strategy_43_epoch12": 0.8048011697422954, "ENV_Test_proba_accuracy_strategy_17_epoch12": 0.7922958721667767, "ENV_Test_proba_accuracy_strategy_93_epoch12": 0.8097889220433773, "ENV_Test_proba_accuracy_per_mean_strategy_epoch12": 0.8258946819022244, "ENV_Test_proba_accuracy_per_mean_user_epoch12": 0.8272149011876151, "ENV_Test_proba_accuracy_per_mean_user_and_bot_epoch12": 0.8409888449354271, "ENV_Test_accuracy_epoch12": 0.849344, "ENV_Test_accuracy_strategy_132_epoch12": 0.8821529745042493, "ENV_Test_accuracy_strategy_23_epoch12": 0.8579738245273874, "ENV_Test_accuracy_strategy_107_epoch12": 0.8883415435139573, "ENV_Test_accuracy_strategy_43_epoch12": 0.8384223918575063, "ENV_Test_accuracy_strategy_17_epoch12": 0.8223684210526315, "ENV_Test_accuracy_strategy_93_epoch12": 0.8502772643253235, "ENV_Test_accuracy_per_mean_strategy_epoch12": 0.8565894032968426, "ENV_Test_accuracy_per_mean_user_epoch12": 0.8576712501389215, "ENV_Test_accuracy_per_mean_user_and_bot_epoch12": 0.8703869249432927, "ENV_Train_TotalLoss_epoch13": 566.6407535470119, "ENV_Train_Right action_epoch13": 0.8880052552132834, "ENV_Train_Probability to choose the right action_epoch13": 0.8423315832191238, "ENV_Train_Weighted right action_epoch13": 0.8880052552132834, "ENV_Train_Weighted probability to choose the right action:_epoch13": 0.8423315832191238, "ENV_Test_TotalLoss_epoch13": 208.510226655152, "ENV_Test_Right action_epoch13": 0.843328, "ENV_Test_Probability to choose the right action_epoch13": 0.8125343283260709, "ENV_Test_Weighted right action_epoch13": 0.862846305342132, "ENV_Test_Weighted probability to choose the right action:_epoch13": 0.8333502672224575, "ENV_Test_proba_accuracy_epoch13": 0.8125343283260722, "ENV_Test_proba_accuracy_strategy_132_epoch13": 0.840221418218206, "ENV_Test_proba_accuracy_strategy_23_epoch13": 0.8236777804048399, "ENV_Test_proba_accuracy_strategy_107_epoch13": 0.8595745043585816, "ENV_Test_proba_accuracy_strategy_43_epoch13": 0.7932100204659851, "ENV_Test_proba_accuracy_strategy_17_epoch13": 0.7876381276880953, "ENV_Test_proba_accuracy_strategy_93_epoch13": 0.8066547151923864, "ENV_Test_proba_accuracy_per_mean_strategy_epoch13": 0.8184960943880156, "ENV_Test_proba_accuracy_per_mean_user_epoch13": 0.8200805490049484, "ENV_Test_proba_accuracy_per_mean_user_and_bot_epoch13": 0.8333502672224575, "ENV_Test_accuracy_epoch13": 0.843328, "ENV_Test_accuracy_strategy_132_epoch13": 0.8662889518413598, "ENV_Test_accuracy_strategy_23_epoch13": 0.8539343997414768, "ENV_Test_accuracy_strategy_107_epoch13": 0.8850574712643678, "ENV_Test_accuracy_strategy_43_epoch13": 0.823791348600509, "ENV_Test_accuracy_strategy_17_epoch13": 0.8219147005444646, "ENV_Test_accuracy_strategy_93_epoch13": 0.8373382624768947, "ENV_Test_accuracy_per_mean_strategy_epoch13": 0.8480541890781788, "ENV_Test_accuracy_per_mean_user_epoch13": 0.8504253081625096, "ENV_Test_accuracy_per_mean_user_and_bot_epoch13": 0.862846305342132, "ENV_Train_TotalLoss_epoch14": 556.5108953785476, "ENV_Train_Right action_epoch14": 0.8927792687017779, "ENV_Train_Probability to choose the right action_epoch14": 0.8459430975370092, "ENV_Train_Weighted right action_epoch14": 0.8927792687017779, "ENV_Train_Weighted probability to choose the right action:_epoch14": 0.8459430975370092, "ENV_Test_TotalLoss_epoch14": 210.20864172111416, "ENV_Test_Right action_epoch14": 0.841792, "ENV_Test_Probability to choose the right action_epoch14": 0.8102872965555455, "ENV_Test_Weighted right action_epoch14": 0.8625808329797434, "ENV_Test_Weighted probability to choose the right action:_epoch14": 0.8306446382523675, "ENV_Test_proba_accuracy_epoch14": 0.8102872965555458, "ENV_Test_proba_accuracy_strategy_132_epoch14": 0.8395944256222743, "ENV_Test_proba_accuracy_strategy_23_epoch14": 0.8206205039429155, "ENV_Test_proba_accuracy_strategy_107_epoch14": 0.8641642646926104, "ENV_Test_proba_accuracy_strategy_43_epoch14": 0.7938632295239464, "ENV_Test_proba_accuracy_strategy_17_epoch14": 0.7852121457836854, "ENV_Test_proba_accuracy_strategy_93_epoch14": 0.7990668908784248, "ENV_Test_proba_accuracy_per_mean_strategy_epoch14": 0.817086910073976, "ENV_Test_proba_accuracy_per_mean_user_epoch14": 0.8176077366352494, "ENV_Test_proba_accuracy_per_mean_user_and_bot_epoch14": 0.8306446382523672, "ENV_Test_accuracy_epoch14": 0.841792, "ENV_Test_accuracy_strategy_132_epoch14": 0.8645892351274788, "ENV_Test_accuracy_strategy_23_epoch14": 0.8547422846986589, "ENV_Test_accuracy_strategy_107_epoch14": 0.8916256157635468, "ENV_Test_accuracy_strategy_43_epoch14": 0.8231552162849872, "ENV_Test_accuracy_strategy_17_epoch14": 0.8185117967332124, "ENV_Test_accuracy_strategy_93_epoch14": 0.8243992606284658, "ENV_Test_accuracy_per_mean_strategy_epoch14": 0.8461705682060584, "ENV_Test_accuracy_per_mean_user_epoch14": 0.8502643618692133, "ENV_Test_accuracy_per_mean_user_and_bot_epoch14": 0.862580832979744, "ENV_Train_TotalLoss_epoch15": 534.6990077437436, "ENV_Train_Right action_epoch15": 0.8959169124533471, "ENV_Train_Probability to choose the right action_epoch15": 0.8515812908846027, "ENV_Train_Weighted right action_epoch15": 0.8959169124533471, "ENV_Train_Weighted probability to choose the right action:_epoch15": 0.8515812908846027, "ENV_Test_TotalLoss_epoch15": 229.94860060602133, "ENV_Test_Right action_epoch15": 0.8448, "ENV_Test_Probability to choose the right action_epoch15": 0.8228775760953705, "ENV_Test_Weighted right action_epoch15": 0.8659918547940292, "ENV_Test_Weighted probability to choose the right action:_epoch15": 0.8440308336946426, "ENV_Test_proba_accuracy_epoch15": 0.8228775760953696, "ENV_Test_proba_accuracy_strategy_132_epoch15": 0.8567881649160323, "ENV_Test_proba_accuracy_strategy_23_epoch15": 0.8323371292368058, "ENV_Test_proba_accuracy_strategy_107_epoch15": 0.875251504655257, "ENV_Test_proba_accuracy_strategy_43_epoch15": 0.8062395859255712, "ENV_Test_proba_accuracy_strategy_17_epoch15": 0.7976193017880289, "ENV_Test_proba_accuracy_strategy_93_epoch15": 0.8110479157810363, "ENV_Test_proba_accuracy_per_mean_strategy_epoch15": 0.8298806003837886, "ENV_Test_proba_accuracy_per_mean_user_epoch15": 0.8298387017973075, "ENV_Test_proba_accuracy_per_mean_user_and_bot_epoch15": 0.8440308336946427, "ENV_Test_accuracy_epoch15": 0.8448, "ENV_Test_accuracy_strategy_132_epoch15": 0.8759206798866855, "ENV_Test_accuracy_strategy_23_epoch15": 0.8544191307157861, "ENV_Test_accuracy_strategy_107_epoch15": 0.9014778325123153, "ENV_Test_accuracy_strategy_43_epoch15": 0.8320610687022901, "ENV_Test_accuracy_strategy_17_epoch15": 0.8182849364791288, "ENV_Test_accuracy_strategy_93_epoch15": 0.833641404805915, "ENV_Test_accuracy_per_mean_strategy_epoch15": 0.8526341755170201, "ENV_Test_accuracy_per_mean_user_epoch15": 0.8515191922528956, "ENV_Test_accuracy_per_mean_user_and_bot_epoch15": 0.865991854794029, "ENV_Train_TotalLoss_epoch16": 519.7578650395919, "ENV_Train_Right action_epoch16": 0.899706457925636, "ENV_Train_Probability to choose the right action_epoch16": 0.8565337359147345, "ENV_Train_Weighted right action_epoch16": 0.899706457925636, "ENV_Train_Weighted probability to choose the right action:_epoch16": 0.8565337359147345, "ENV_Test_TotalLoss_epoch16": 220.79162587089576, "ENV_Test_Right action_epoch16": 0.839616, "ENV_Test_Probability to choose the right action_epoch16": 0.8097104999690632, "ENV_Test_Weighted right action_epoch16": 0.8593098230545085, "ENV_Test_Weighted probability to choose the right action:_epoch16": 0.8295072294983558, "ENV_Test_proba_accuracy_epoch16": 0.8097104999690636, "ENV_Test_proba_accuracy_strategy_132_epoch16": 0.8439797215000427, "ENV_Test_proba_accuracy_strategy_23_epoch16": 0.8189372959352069, "ENV_Test_proba_accuracy_strategy_107_epoch16": 0.8519341061262016, "ENV_Test_proba_accuracy_strategy_43_epoch16": 0.7947081200621159, "ENV_Test_proba_accuracy_strategy_17_epoch16": 0.7858378065751737, "ENV_Test_proba_accuracy_strategy_93_epoch16": 0.7963191703088541, "ENV_Test_proba_accuracy_per_mean_strategy_epoch16": 0.8152860367512659, "ENV_Test_proba_accuracy_per_mean_user_epoch16": 0.8167735613920347, "ENV_Test_proba_accuracy_per_mean_user_and_bot_epoch16": 0.8295072294983558, "ENV_Test_accuracy_epoch16": 0.839616, "ENV_Test_accuracy_strategy_132_epoch16": 0.8696883852691218, "ENV_Test_accuracy_strategy_23_epoch16": 0.8497333979641299, "ENV_Test_accuracy_strategy_107_epoch16": 0.8834154351395731, "ENV_Test_accuracy_strategy_43_epoch16": 0.8295165394402035, "ENV_Test_accuracy_strategy_17_epoch16": 0.8157894736842105, "ENV_Test_accuracy_strategy_93_epoch16": 0.8197781885397413, "ENV_Test_accuracy_per_mean_strategy_epoch16": 0.8446535700061633, "ENV_Test_accuracy_per_mean_user_epoch16": 0.846865864789938, "ENV_Test_accuracy_per_mean_user_and_bot_epoch16": 0.8593098230545079, "ENV_Train_TotalLoss_epoch17": 499.30440923226615, "ENV_Train_Right action_epoch17": 0.9033700954697307, "ENV_Train_Probability to choose the right action_epoch17": 0.8617006641103621, "ENV_Train_Weighted right action_epoch17": 0.9033700954697307, "ENV_Train_Weighted probability to choose the right action:_epoch17": 0.8617006641103621, "ENV_Test_TotalLoss_epoch17": 275.5138177044901, "ENV_Test_Right action_epoch17": 0.842624, "ENV_Test_Probability to choose the right action_epoch17": 0.8221146873440894, "ENV_Test_Weighted right action_epoch17": 0.864748982044227, "ENV_Test_Weighted probability to choose the right action:_epoch17": 0.842479835007017, "ENV_Test_proba_accuracy_epoch17": 0.8221146873440897, "ENV_Test_proba_accuracy_strategy_132_epoch17": 0.852257535334951, "ENV_Test_proba_accuracy_strategy_23_epoch17": 0.8315899399610903, "ENV_Test_proba_accuracy_strategy_107_epoch17": 0.8676156189963251, "ENV_Test_proba_accuracy_strategy_43_epoch17": 0.8048605807409757, "ENV_Test_proba_accuracy_strategy_17_epoch17": 0.7981767226224257, "ENV_Test_proba_accuracy_strategy_93_epoch17": 0.8157260288842849, "ENV_Test_proba_accuracy_per_mean_strategy_epoch17": 0.8283710710900088, "ENV_Test_proba_accuracy_per_mean_user_epoch17": 0.8287706959659322, "ENV_Test_proba_accuracy_per_mean_user_and_bot_epoch17": 0.8424798350070182, "ENV_Test_accuracy_epoch17": 0.842624, "ENV_Test_accuracy_strategy_132_epoch17": 0.8696883852691218, "ENV_Test_accuracy_strategy_23_epoch17": 0.851672321861367, "ENV_Test_accuracy_strategy_107_epoch17": 0.8899835796387521, "ENV_Test_accuracy_strategy_43_epoch17": 0.823791348600509, "ENV_Test_accuracy_strategy_17_epoch17": 0.8196460980036298, "ENV_Test_accuracy_strategy_93_epoch17": 0.8410351201478743, "ENV_Test_accuracy_per_mean_strategy_epoch17": 0.8493028089202089, "ENV_Test_accuracy_per_mean_user_epoch17": 0.8499941149179274, "ENV_Test_accuracy_per_mean_user_and_bot_epoch17": 0.8647489820442268, "ENV_Train_TotalLoss_epoch18": 486.28732342768785, "ENV_Train_Right action_epoch18": 0.9070823667514464, "ENV_Train_Probability to choose the right action_epoch18": 0.8660993510135885, "ENV_Train_Weighted right action_epoch18": 0.9070823667514464, "ENV_Train_Weighted probability to choose the right action:_epoch18": 0.8660993510135885, "ENV_Test_TotalLoss_epoch18": 263.8517145169317, "ENV_Test_Right action_epoch18": 0.84192, "ENV_Test_Probability to choose the right action_epoch18": 0.8206691133775125, "ENV_Test_Weighted right action_epoch18": 0.8628203026545731, "ENV_Test_Weighted probability to choose the right action:_epoch18": 0.8439066632252233, "ENV_Test_proba_accuracy_epoch18": 0.8206691133775131, "ENV_Test_proba_accuracy_strategy_132_epoch18": 0.8523030554195633, "ENV_Test_proba_accuracy_strategy_23_epoch18": 0.8305840225354054, "ENV_Test_proba_accuracy_strategy_107_epoch18": 0.8738096942612467, "ENV_Test_proba_accuracy_strategy_43_epoch18": 0.8007033572660165, "ENV_Test_proba_accuracy_strategy_17_epoch18": 0.7959785700937978, "ENV_Test_proba_accuracy_strategy_93_epoch18": 0.8120389739701959, "ENV_Test_proba_accuracy_per_mean_strategy_epoch18": 0.8275696122577042, "ENV_Test_proba_accuracy_per_mean_user_epoch18": 0.8273118623527507, "ENV_Test_proba_accuracy_per_mean_user_and_bot_epoch18": 0.8439066632252245, "ENV_Test_accuracy_epoch18": 0.84192, "ENV_Test_accuracy_strategy_132_epoch18": 0.8628895184135977, "ENV_Test_accuracy_strategy_23_epoch18": 0.8553885926644046, "ENV_Test_accuracy_strategy_107_epoch18": 0.8932676518883416, "ENV_Test_accuracy_strategy_43_epoch18": 0.8199745547073791, "ENV_Test_accuracy_strategy_17_epoch18": 0.8198729582577132, "ENV_Test_accuracy_strategy_93_epoch18": 0.8234750462107209, "ENV_Test_accuracy_per_mean_strategy_epoch18": 0.8458113870236929, "ENV_Test_accuracy_per_mean_user_epoch18": 0.8477815365966904, "ENV_Test_accuracy_per_mean_user_and_bot_epoch18": 0.8628203026545739, "ENV_Train_TotalLoss_epoch19": 471.09779010166204, "ENV_Train_Right action_epoch19": 0.9093653899916131, "ENV_Train_Probability to choose the right action_epoch19": 0.8697978793168413, "ENV_Train_Weighted right action_epoch19": 0.9093653899916131, "ENV_Train_Weighted probability to choose the right action:_epoch19": 0.8697978793168413, "ENV_Test_TotalLoss_epoch19": 239.99675948634936, "ENV_Test_Right action_epoch19": 0.84448, "ENV_Test_Probability to choose the right action_epoch19": 0.8152622202379961, "ENV_Test_Weighted right action_epoch19": 0.8643410379689195, "ENV_Test_Weighted probability to choose the right action:_epoch19": 0.8370565773605443, "ENV_Test_proba_accuracy_epoch19": 0.8152622202379962, "ENV_Test_proba_accuracy_strategy_132_epoch19": 0.8472115793451112, "ENV_Test_proba_accuracy_strategy_23_epoch19": 0.8260325541974676, "ENV_Test_proba_accuracy_strategy_107_epoch19": 0.8656151675778572, "ENV_Test_proba_accuracy_strategy_43_epoch19": 0.8005917162309085, "ENV_Test_proba_accuracy_strategy_17_epoch19": 0.7879295371866104, "ENV_Test_proba_accuracy_strategy_93_epoch19": 0.8058641967263941, "ENV_Test_proba_accuracy_per_mean_strategy_epoch19": 0.8222074585440581, "ENV_Test_proba_accuracy_per_mean_user_epoch19": 0.8221687019778025, "ENV_Test_proba_accuracy_per_mean_user_and_bot_epoch19": 0.8370565773605446, "ENV_Test_accuracy_epoch19": 0.84448, "ENV_Test_accuracy_strategy_132_epoch19": 0.8668555240793201, "ENV_Test_accuracy_strategy_23_epoch19": 0.8592664404588787, "ENV_Test_accuracy_strategy_107_epoch19": 0.8949096880131363, "ENV_Test_accuracy_strategy_43_epoch19": 0.8307888040712468, "ENV_Test_accuracy_strategy_17_epoch19": 0.8166969147005445, "ENV_Test_accuracy_strategy_93_epoch19": 0.8280961182994455, "ENV_Test_accuracy_per_mean_strategy_epoch19": 0.8494355816037619, "ENV_Test_accuracy_per_mean_user_epoch19": 0.8508704630729303, "ENV_Test_accuracy_per_mean_user_and_bot_epoch19": 0.8643410379689193, "ENV_Train_TotalLoss_epoch20": 466.9607187475794, "ENV_Train_Right action_epoch20": 0.9104696673189824, "ENV_Train_Probability to choose the right action_epoch20": 0.8715922174183465, "ENV_Train_Weighted right action_epoch20": 0.9104696673189824, "ENV_Train_Weighted probability to choose the right action:_epoch20": 0.8715922174183465, "ENV_Test_TotalLoss_epoch20": 248.8947603058232, "ENV_Test_Right action_epoch20": 0.84224, "ENV_Test_Probability to choose the right action_epoch20": 0.8200296133149795, "ENV_Test_Weighted right action_epoch20": 0.8609492635550571, "ENV_Test_Weighted probability to choose the right action:_epoch20": 0.8416391797744186, "ENV_Test_proba_accuracy_epoch20": 0.8200296133149784, "ENV_Test_proba_accuracy_strategy_132_epoch20": 0.8483876031465698, "ENV_Test_proba_accuracy_strategy_23_epoch20": 0.8333802351434576, "ENV_Test_proba_accuracy_strategy_107_epoch20": 0.8673454818794168, "ENV_Test_proba_accuracy_strategy_43_epoch20": 0.8006649730830624, "ENV_Test_proba_accuracy_strategy_17_epoch20": 0.7934430705645775, "ENV_Test_proba_accuracy_strategy_93_epoch20": 0.8072204454622761, "ENV_Test_proba_accuracy_per_mean_strategy_epoch20": 0.8250736348798933, "ENV_Test_proba_accuracy_per_mean_user_epoch20": 0.8261264587699823, "ENV_Test_proba_accuracy_per_mean_user_and_bot_epoch20": 0.841639179774419, "ENV_Test_accuracy_epoch20": 0.84224, "ENV_Test_accuracy_strategy_132_epoch20": 0.8640226628895185, "ENV_Test_accuracy_strategy_23_epoch20": 0.86055905639037, "ENV_Test_accuracy_strategy_107_epoch20": 0.8817733990147784, "ENV_Test_accuracy_strategy_43_epoch20": 0.823791348600509, "ENV_Test_accuracy_strategy_17_epoch20": 0.8142014519056261, "ENV_Test_accuracy_strategy_93_epoch20": 0.8207024029574861, "ENV_Test_accuracy_per_mean_strategy_epoch20": 0.8441750536263813, "ENV_Test_accuracy_per_mean_user_epoch20": 0.8471728981366301, "ENV_Test_accuracy_per_mean_user_and_bot_epoch20": 0.8609492635550572, "ENV_Train_TotalLoss_epoch21": 443.8601227377724, "ENV_Train_Right action_epoch21": 0.9159585173589758, "ENV_Train_Probability to choose the right action_epoch21": 0.878568524254335, "ENV_Train_Weighted right action_epoch21": 0.9159585173589758, "ENV_Train_Weighted probability to choose the right action:_epoch21": 0.878568524254335, "ENV_Test_TotalLoss_epoch21": 297.8704942212152, "ENV_Test_Right action_epoch21": 0.841728, "ENV_Test_Probability to choose the right action_epoch21": 0.8234816633611727, "ENV_Test_Weighted right action_epoch21": 0.8593423297148048, "ENV_Test_Weighted probability to choose the right action:_epoch21": 0.8442077914213385, "ENV_Test_proba_accuracy_epoch21": 0.8234816633611733, "ENV_Test_proba_accuracy_strategy_132_epoch21": 0.856591951290402, "ENV_Test_proba_accuracy_strategy_23_epoch21": 0.8355124753670348, "ENV_Test_proba_accuracy_strategy_107_epoch21": 0.8739546257360402, "ENV_Test_proba_accuracy_strategy_43_epoch21": 0.8072618114773074, "ENV_Test_proba_accuracy_strategy_17_epoch21": 0.7955978380943511, "ENV_Test_proba_accuracy_strategy_93_epoch21": 0.8094087623925315, "ENV_Test_proba_accuracy_per_mean_strategy_epoch21": 0.8297212440596112, "ENV_Test_proba_accuracy_per_mean_user_epoch21": 0.8301443467729803, "ENV_Test_proba_accuracy_per_mean_user_and_bot_epoch21": 0.844207791421339, "ENV_Test_accuracy_epoch21": 0.841728, "ENV_Test_accuracy_strategy_132_epoch21": 0.8679886685552408, "ENV_Test_accuracy_strategy_23_epoch21": 0.8550654386815317, "ENV_Test_accuracy_strategy_107_epoch21": 0.8899835796387521, "ENV_Test_accuracy_strategy_43_epoch21": 0.8256997455470738, "ENV_Test_accuracy_strategy_17_epoch21": 0.816016333938294, "ENV_Test_accuracy_strategy_93_epoch21": 0.8234750462107209, "ENV_Test_accuracy_per_mean_strategy_epoch21": 0.8463714687619356, "ENV_Test_accuracy_per_mean_user_epoch21": 0.8473045436521462, "ENV_Test_accuracy_per_mean_user_and_bot_epoch21": 0.8593423297148046, "ENV_Train_TotalLoss_epoch22": 431.96691960799103, "ENV_Train_Right action_epoch22": 0.9182694995806542, "ENV_Train_Probability to choose the right action_epoch22": 0.8815886351356353, "ENV_Train_Weighted right action_epoch22": 0.9182694995806542, "ENV_Train_Weighted probability to choose the right action:_epoch22": 0.8815886351356353, "ENV_Test_TotalLoss_epoch22": 264.81201386659177, "ENV_Test_Right action_epoch22": 0.834624, "ENV_Test_Probability to choose the right action_epoch22": 0.8117097007606823, "ENV_Test_Weighted right action_epoch22": 0.854783505888639, "ENV_Test_Weighted probability to choose the right action:_epoch22": 0.83246905377648, "ENV_Test_proba_accuracy_epoch22": 0.8117097007606824, "ENV_Test_proba_accuracy_strategy_132_epoch22": 0.8436407980178403, "ENV_Test_proba_accuracy_strategy_23_epoch22": 0.8229318336992659, "ENV_Test_proba_accuracy_strategy_107_epoch22": 0.8627897686333582, "ENV_Test_proba_accuracy_strategy_43_epoch22": 0.7915127766245474, "ENV_Test_proba_accuracy_strategy_17_epoch22": 0.7855338277718025, "ENV_Test_proba_accuracy_strategy_93_epoch22": 0.8026643071624848, "ENV_Test_proba_accuracy_per_mean_strategy_epoch22": 0.8181788853182166, "ENV_Test_proba_accuracy_per_mean_user_epoch22": 0.8176808260830378, "ENV_Test_proba_accuracy_per_mean_user_and_bot_epoch22": 0.8324690537764806, "ENV_Test_accuracy_epoch22": 0.834624, "ENV_Test_accuracy_strategy_132_epoch22": 0.8583569405099151, "ENV_Test_accuracy_strategy_23_epoch22": 0.8487639360155114, "ENV_Test_accuracy_strategy_107_epoch22": 0.8883415435139573, "ENV_Test_accuracy_strategy_43_epoch22": 0.8148854961832062, "ENV_Test_accuracy_strategy_17_epoch22": 0.8064882032667876, "ENV_Test_accuracy_strategy_93_epoch22": 0.8280961182994455, "ENV_Test_accuracy_per_mean_strategy_epoch22": 0.8408220396314704, "ENV_Test_accuracy_per_mean_user_epoch22": 0.8401862222421241, "ENV_Test_accuracy_per_mean_user_and_bot_epoch22": 0.8547835058886386, "ENV_Train_TotalLoss_epoch23": 426.8559442691543, "ENV_Train_Right action_epoch23": 0.9177289500167729, "ENV_Train_Probability to choose the right action_epoch23": 0.8831054809937986, "ENV_Train_Weighted right action_epoch23": 0.9177289500167729, "ENV_Train_Weighted probability to choose the right action:_epoch23": 0.8831054809937986, "ENV_Test_TotalLoss_epoch23": 303.11200029678196, "ENV_Test_Right action_epoch23": 0.839616, "ENV_Test_Probability to choose the right action_epoch23": 0.8185902392542644, "ENV_Test_Weighted right action_epoch23": 0.8580742009401642, "ENV_Test_Weighted probability to choose the right action:_epoch23": 0.8388819035755276, "ENV_Test_proba_accuracy_epoch23": 0.8185902392542648, "ENV_Test_proba_accuracy_strategy_132_epoch23": 0.8515741645493317, "ENV_Test_proba_accuracy_strategy_23_epoch23": 0.8305694163780843, "ENV_Test_proba_accuracy_strategy_107_epoch23": 0.865476505554517, "ENV_Test_proba_accuracy_strategy_43_epoch23": 0.7973736042116935, "ENV_Test_proba_accuracy_strategy_17_epoch23": 0.7923084566866091, "ENV_Test_proba_accuracy_strategy_93_epoch23": 0.8077706055233782, "ENV_Test_proba_accuracy_per_mean_strategy_epoch23": 0.8241787921506024, "ENV_Test_proba_accuracy_per_mean_user_epoch23": 0.8244943981603213, "ENV_Test_proba_accuracy_per_mean_user_and_bot_epoch23": 0.8388819035755284, "ENV_Test_accuracy_epoch23": 0.839616, "ENV_Test_accuracy_strategy_132_epoch23": 0.8628895184135977, "ENV_Test_accuracy_strategy_23_epoch23": 0.8553885926644046, "ENV_Test_accuracy_strategy_107_epoch23": 0.8932676518883416, "ENV_Test_accuracy_strategy_43_epoch23": 0.816793893129771, "ENV_Test_accuracy_strategy_17_epoch23": 0.8123865698729582, "ENV_Test_accuracy_strategy_93_epoch23": 0.8253234750462107, "ENV_Test_accuracy_per_mean_strategy_epoch23": 0.8443416168358806, "ENV_Test_accuracy_per_mean_user_epoch23": 0.8439585532020278, "ENV_Test_accuracy_per_mean_user_and_bot_epoch23": 0.8580742009401636, "ENV_Train_TotalLoss_epoch24": 414.9378455520501, "ENV_Train_Right action_epoch24": 0.9222941332699647, "ENV_Train_Probability to choose the right action_epoch24": 0.8867864046694832, "ENV_Train_Weighted right action_epoch24": 0.9222941332699647, "ENV_Train_Weighted probability to choose the right action:_epoch24": 0.8867864046694832, "ENV_Test_TotalLoss_epoch24": 346.87105174451045, "ENV_Test_Right action_epoch24": 0.836736, "ENV_Test_Probability to choose the right action_epoch24": 0.8187933849160071, "ENV_Test_Weighted right action_epoch24": 0.8585095443435724, "ENV_Test_Weighted probability to choose the right action:_epoch24": 0.8389992561733883, "ENV_Test_proba_accuracy_epoch24": 0.8187933849160082, "ENV_Test_proba_accuracy_strategy_132_epoch24": 0.8457024550306161, "ENV_Test_proba_accuracy_strategy_23_epoch24": 0.8304713079772931, "ENV_Test_proba_accuracy_strategy_107_epoch24": 0.8664982418312636, "ENV_Test_proba_accuracy_strategy_43_epoch24": 0.8002096444990698, "ENV_Test_proba_accuracy_strategy_17_epoch24": 0.7948026406894593, "ENV_Test_proba_accuracy_strategy_93_epoch24": 0.8059869228513964, "ENV_Test_proba_accuracy_per_mean_strategy_epoch24": 0.8239452021465165, "ENV_Test_proba_accuracy_per_mean_user_epoch24": 0.8245985493324678, "ENV_Test_proba_accuracy_per_mean_user_and_bot_epoch24": 0.8389992561733886, "ENV_Test_accuracy_epoch24": 0.836736, "ENV_Test_accuracy_strategy_132_epoch24": 0.8589235127478754, "ENV_Test_accuracy_strategy_23_epoch24": 0.8497333979641299, "ENV_Test_accuracy_strategy_107_epoch24": 0.8899835796387521, "ENV_Test_accuracy_strategy_43_epoch24": 0.8212468193384224, "ENV_Test_accuracy_strategy_17_epoch24": 0.8112522686025408, "ENV_Test_accuracy_strategy_93_epoch24": 0.822550831792976, "ENV_Test_accuracy_per_mean_strategy_epoch24": 0.8422817350141161, "ENV_Test_accuracy_per_mean_user_epoch24": 0.842590936783735, "ENV_Test_accuracy_per_mean_user_and_bot_epoch24": 0.8585095443435723, "_wandb": {"runtime": 2560}}