{"ENV_Train_TotalLoss": 694.5792135957744, "ENV_Train_TotalLoss_epoch0": 1060.1528287037506, "ENV_Train_Right action": 0.8676106738981535, "ENV_Train_Right action_epoch0": 0.7787809752756852, "ENV_Train_Probability to choose the right action": 0.8101927996702363, "ENV_Train_Probability to choose the right action_epoch0": 0.6945249586935026, "ENV_Train_Weighted right action": 0.8676106738981535, "ENV_Train_Weighted right action_epoch0": 0.7787809752756852, "ENV_Train_Weighted probability to choose the right action:": 0.8101927996702363, "ENV_Train_Weighted probability to choose the right action:_epoch0": 0.6945249586935026, "_timestamp": 1720479911.6508663, "_runtime": 2633.1071803569794, "_step": 49, "ENV_Test_TotalLoss": 199.23387186987213, "ENV_Test_TotalLoss_epoch0": 216.1208570872948, "ENV_Test_Right action": 0.831808, "ENV_Test_Right action_epoch0": 0.797504, "ENV_Test_Probability to choose the right action": 0.7850822337555197, "ENV_Test_Probability to choose the right action_epoch0": 0.7345397088426928, "ENV_Test_Weighted right action": 0.8588156038795823, "ENV_Test_Weighted right action_epoch0": 0.8375186741410372, "ENV_Test_Weighted probability to choose the right action:": 0.8099253588847891, "ENV_Test_Weighted probability to choose the right action:_epoch0": 0.770886816102398, "ENV_Test_proba_accuracy": 0.7850822337555191, "ENV_Test_proba_accuracy_epoch0": 0.7345397088426925, "ENV_Test_proba_accuracy_strategy_132": 0.8091609820330349, "ENV_Test_proba_accuracy_strategy_132_epoch0": 0.7725144849321054, "ENV_Test_proba_accuracy_strategy_23": 0.790744674568245, "ENV_Test_proba_accuracy_strategy_23_epoch0": 0.7383769008349543, "ENV_Test_proba_accuracy_strategy_107": 0.8434079278923448, "ENV_Test_proba_accuracy_strategy_107_epoch0": 0.8119421526654111, "ENV_Test_proba_accuracy_strategy_43": 0.7773218023192309, "ENV_Test_proba_accuracy_strategy_43_epoch0": 0.7314159080713386, "ENV_Test_proba_accuracy_strategy_17": 0.7610542500066445, "ENV_Test_proba_accuracy_strategy_17_epoch0": 0.7027717354467642, "ENV_Test_proba_accuracy_strategy_93": 0.7897500396277761, "ENV_Test_proba_accuracy_strategy_93_epoch0": 0.7410386850126194, "ENV_Test_proba_accuracy_per_mean_strategy": 0.7952399460745462, "ENV_Test_proba_accuracy_per_mean_strategy_epoch0": 0.7496766444938655, "ENV_Test_proba_accuracy_per_mean_user": 0.7911555312160653, "ENV_Test_proba_accuracy_per_mean_user_epoch0": 0.7445601984460335, "ENV_Test_proba_accuracy_per_mean_user_and_bot": 0.8099253588847896, "ENV_Test_proba_accuracy_per_mean_user_and_bot_epoch0": 0.7708868161023994, "ENV_Test_accuracy": 0.831808, "ENV_Test_accuracy_epoch0": 0.797504, "ENV_Test_accuracy_strategy_132": 0.8498583569405099, "ENV_Test_accuracy_strategy_132_epoch0": 0.8277620396600567, "ENV_Test_accuracy_strategy_23": 0.8348683147519793, "ENV_Test_accuracy_strategy_23_epoch0": 0.7999676846017127, "ENV_Test_accuracy_strategy_107": 0.896551724137931, "ENV_Test_accuracy_strategy_107_epoch0": 0.8735632183908046, "ENV_Test_accuracy_strategy_43": 0.8231552162849872, "ENV_Test_accuracy_strategy_43_epoch0": 0.7989821882951654, "ENV_Test_accuracy_strategy_17": 0.8117059891107078, "ENV_Test_accuracy_strategy_17_epoch0": 0.765426497277677, "ENV_Test_accuracy_strategy_93": 0.8428835489833642, "ENV_Test_accuracy_strategy_93_epoch0": 0.8197781885397413, "ENV_Test_accuracy_per_mean_strategy": 0.8431705250349134, "ENV_Test_accuracy_per_mean_strategy_epoch0": 0.8142466361275263, "ENV_Test_accuracy_per_mean_user": 0.8380707469699511, "ENV_Test_accuracy_per_mean_user_epoch0": 0.8079127765782331, "ENV_Test_accuracy_per_mean_user_and_bot": 0.8588156038795819, "ENV_Test_accuracy_per_mean_user_and_bot_epoch0": 0.8375186741410374, "ENV_Train_TotalLoss_epoch1": 946.3043607011937, "ENV_Train_Right action_epoch1": 0.8094106795980827, "ENV_Train_Probability to choose the right action_epoch1": 0.7329914151579501, "ENV_Train_Weighted right action_epoch1": 0.8094106795980827, "ENV_Train_Weighted probability to choose the right action:_epoch1": 0.7329914151579501, "ENV_Test_TotalLoss_epoch1": 216.38168332024105, "ENV_Test_Right action_epoch1": 0.798528, "ENV_Test_Probability to choose the right action_epoch1": 0.7406928486504744, "ENV_Test_Weighted right action_epoch1": 0.8303764694785024, "ENV_Test_Weighted probability to choose the right action:_epoch1": 0.7709052505268468, "ENV_Test_proba_accuracy_epoch1": 0.7406928486504739, "ENV_Test_proba_accuracy_strategy_132_epoch1": 0.7773016740351676, "ENV_Test_proba_accuracy_strategy_23_epoch1": 0.746421582145937, "ENV_Test_proba_accuracy_strategy_107_epoch1": 0.8105623859625665, "ENV_Test_proba_accuracy_strategy_43_epoch1": 0.7353630426669352, "ENV_Test_proba_accuracy_strategy_17_epoch1": 0.7103108859556639, "ENV_Test_proba_accuracy_strategy_93_epoch1": 0.7403988467413943, "ENV_Test_proba_accuracy_per_mean_strategy_epoch1": 0.7533930695846106, "ENV_Test_proba_accuracy_per_mean_user_epoch1": 0.7487981011714555, "ENV_Test_proba_accuracy_per_mean_user_and_bot_epoch1": 0.7709052505268479, "ENV_Test_accuracy_epoch1": 0.798528, "ENV_Test_accuracy_strategy_132_epoch1": 0.8351274787535411, "ENV_Test_accuracy_strategy_23_epoch1": 0.8041686863790596, "ENV_Test_accuracy_strategy_107_epoch1": 0.8735632183908046, "ENV_Test_accuracy_strategy_43_epoch1": 0.7983460559796438, "ENV_Test_accuracy_strategy_17_epoch1": 0.7672413793103449, "ENV_Test_accuracy_strategy_93_epoch1": 0.7920517560073937, "ENV_Test_accuracy_per_mean_strategy_epoch1": 0.8117497624701312, "ENV_Test_accuracy_per_mean_user_epoch1": 0.8063873224790659, "ENV_Test_accuracy_per_mean_user_and_bot_epoch1": 0.8303764694785026, "ENV_Train_TotalLoss_epoch2": 910.523142760718, "ENV_Train_Right action_epoch2": 0.8184334116068434, "ENV_Train_Probability to choose the right action_epoch2": 0.7448250481016832, "ENV_Train_Weighted right action_epoch2": 0.8184334116068434, "ENV_Train_Weighted probability to choose the right action:_epoch2": 0.7448250481016832, "ENV_Test_TotalLoss_epoch2": 205.8515925378, "ENV_Test_Right action_epoch2": 0.808448, "ENV_Test_Probability to choose the right action_epoch2": 0.7508893030842134, "ENV_Test_Weighted right action_epoch2": 0.8463934869611222, "ENV_Test_Weighted probability to choose the right action:_epoch2": 0.7868551732605452, "ENV_Test_proba_accuracy_epoch2": 0.7508893030842129, "ENV_Test_proba_accuracy_strategy_132_epoch2": 0.7922258421133759, "ENV_Test_proba_accuracy_strategy_23_epoch2": 0.7534353667640586, "ENV_Test_proba_accuracy_strategy_107_epoch2": 0.8250831699501074, "ENV_Test_proba_accuracy_strategy_43_epoch2": 0.7495793349241309, "ENV_Test_proba_accuracy_strategy_17_epoch2": 0.7204561654944126, "ENV_Test_proba_accuracy_strategy_93_epoch2": 0.7530222938615874, "ENV_Test_proba_accuracy_per_mean_strategy_epoch2": 0.7656336955179454, "ENV_Test_proba_accuracy_per_mean_user_epoch2": 0.7604773638374775, "ENV_Test_proba_accuracy_per_mean_user_and_bot_epoch2": 0.7868551732605457, "ENV_Test_accuracy_epoch2": 0.808448, "ENV_Test_accuracy_strategy_132_epoch2": 0.8555240793201133, "ENV_Test_accuracy_strategy_23_epoch2": 0.8072386492163516, "ENV_Test_accuracy_strategy_107_epoch2": 0.8949096880131363, "ENV_Test_accuracy_strategy_43_epoch2": 0.806615776081425, "ENV_Test_accuracy_strategy_17_epoch2": 0.7797186932849365, "ENV_Test_accuracy_strategy_93_epoch2": 0.8096118299445472, "ENV_Test_accuracy_per_mean_strategy_epoch2": 0.825603119310085, "ENV_Test_accuracy_per_mean_user_epoch2": 0.8169940749585084, "ENV_Test_accuracy_per_mean_user_and_bot_epoch2": 0.8463934869611219, "ENV_Train_TotalLoss_epoch3": 876.661465980809, "ENV_Train_Right action_epoch3": 0.825608051439754, "ENV_Train_Probability to choose the right action_epoch3": 0.754418151926588, "ENV_Train_Weighted right action_epoch3": 0.825608051439754, "ENV_Train_Weighted probability to choose the right action:_epoch3": 0.754418151926588, "ENV_Test_TotalLoss_epoch3": 194.066445254038, "ENV_Test_Right action_epoch3": 0.821248, "ENV_Test_Probability to choose the right action_epoch3": 0.7605060244988935, "ENV_Test_Weighted right action_epoch3": 0.8505305647088749, "ENV_Test_Weighted probability to choose the right action:_epoch3": 0.7908557635245107, "ENV_Test_proba_accuracy_epoch3": 0.7605060244988942, "ENV_Test_proba_accuracy_strategy_132_epoch3": 0.7936466740943352, "ENV_Test_proba_accuracy_strategy_23_epoch3": 0.7672948971416302, "ENV_Test_proba_accuracy_strategy_107_epoch3": 0.834066861376233, "ENV_Test_proba_accuracy_strategy_43_epoch3": 0.7583176811476601, "ENV_Test_proba_accuracy_strategy_17_epoch3": 0.7276858343856819, "ENV_Test_proba_accuracy_strategy_93_epoch3": 0.7630969161689785, "ENV_Test_proba_accuracy_per_mean_strategy_epoch3": 0.7740181440524198, "ENV_Test_proba_accuracy_per_mean_user_epoch3": 0.7673562360187133, "ENV_Test_proba_accuracy_per_mean_user_and_bot_epoch3": 0.7908557635245109, "ENV_Test_accuracy_epoch3": 0.821248, "ENV_Test_accuracy_strategy_132_epoch3": 0.8407932011331445, "ENV_Test_accuracy_strategy_23_epoch3": 0.8275973501373405, "ENV_Test_accuracy_strategy_107_epoch3": 0.8949096880131363, "ENV_Test_accuracy_strategy_43_epoch3": 0.8225190839694656, "ENV_Test_accuracy_strategy_17_epoch3": 0.7931034482758621, "ENV_Test_accuracy_strategy_93_epoch3": 0.8243992606284658, "ENV_Test_accuracy_per_mean_strategy_epoch3": 0.8338870053595692, "ENV_Test_accuracy_per_mean_user_epoch3": 0.8273799719526141, "ENV_Test_accuracy_per_mean_user_and_bot_epoch3": 0.8505305647088742, "ENV_Train_TotalLoss_epoch4": 852.8243258046413, "ENV_Train_Right action_epoch4": 0.8315883643886551, "ENV_Train_Probability to choose the right action_epoch4": 0.7625242631806481, "ENV_Train_Weighted right action_epoch4": 0.8315883643886551, "ENV_Train_Weighted probability to choose the right action:_epoch4": 0.7625242631806481, "ENV_Test_TotalLoss_epoch4": 192.19640386697714, "ENV_Test_Right action_epoch4": 0.827712, "ENV_Test_Probability to choose the right action_epoch4": 0.770213462479325, "ENV_Test_Weighted right action_epoch4": 0.8584216539279849, "ENV_Test_Weighted probability to choose the right action:_epoch4": 0.801023127965512, "ENV_Test_proba_accuracy_epoch4": 0.7702134624793252, "ENV_Test_proba_accuracy_strategy_132_epoch4": 0.8069501437922316, "ENV_Test_proba_accuracy_strategy_23_epoch4": 0.7751799906803435, "ENV_Test_proba_accuracy_strategy_107_epoch4": 0.8384264256599695, "ENV_Test_proba_accuracy_strategy_43_epoch4": 0.7639589195278645, "ENV_Test_proba_accuracy_strategy_17_epoch4": 0.7411555654907538, "ENV_Test_proba_accuracy_strategy_93_epoch4": 0.7709524378165967, "ENV_Test_proba_accuracy_per_mean_strategy_epoch4": 0.7827705804946267, "ENV_Test_proba_accuracy_per_mean_user_epoch4": 0.7774644576589692, "ENV_Test_proba_accuracy_per_mean_user_and_bot_epoch4": 0.801023127965511, "ENV_Test_accuracy_epoch4": 0.827712, "ENV_Test_accuracy_strategy_132_epoch4": 0.856657223796034, "ENV_Test_accuracy_strategy_23_epoch4": 0.8322830828889967, "ENV_Test_accuracy_strategy_107_epoch4": 0.896551724137931, "ENV_Test_accuracy_strategy_43_epoch4": 0.821882951653944, "ENV_Test_accuracy_strategy_17_epoch4": 0.8033121597096189, "ENV_Test_accuracy_strategy_93_epoch4": 0.8234750462107209, "ENV_Test_accuracy_per_mean_strategy_epoch4": 0.8390270313995409, "ENV_Test_accuracy_per_mean_user_epoch4": 0.8348302914719536, "ENV_Test_accuracy_per_mean_user_and_bot_epoch4": 0.8584216539279854, "ENV_Train_TotalLoss_epoch5": 828.9380153560949, "ENV_Train_Right action_epoch5": 0.8362035225048924, "ENV_Train_Probability to choose the right action_epoch5": 0.7695915042445276, "ENV_Train_Weighted right action_epoch5": 0.8362035225048924, "ENV_Train_Weighted probability to choose the right action:_epoch5": 0.7695915042445276, "ENV_Test_TotalLoss_epoch5": 195.3978893290493, "ENV_Test_Right action_epoch5": 0.8256, "ENV_Test_Probability to choose the right action_epoch5": 0.778420317315903, "ENV_Test_Weighted right action_epoch5": 0.8565181050877133, "ENV_Test_Weighted probability to choose the right action:_epoch5": 0.8112651703533142, "ENV_Test_proba_accuracy_epoch5": 0.7784203173159034, "ENV_Test_proba_accuracy_strategy_132_epoch5": 0.8152158737765562, "ENV_Test_proba_accuracy_strategy_23_epoch5": 0.7807001781328367, "ENV_Test_proba_accuracy_strategy_107_epoch5": 0.8519538974002162, "ENV_Test_proba_accuracy_strategy_43_epoch5": 0.7796344201967996, "ENV_Test_proba_accuracy_strategy_17_epoch5": 0.7489587001909891, "ENV_Test_proba_accuracy_strategy_93_epoch5": 0.7822299961860109, "ENV_Test_proba_accuracy_per_mean_strategy_epoch5": 0.7931155109805682, "ENV_Test_proba_accuracy_per_mean_user_epoch5": 0.7869310549237524, "ENV_Test_proba_accuracy_per_mean_user_and_bot_epoch5": 0.8112651703533139, "ENV_Test_accuracy_epoch5": 0.8256, "ENV_Test_accuracy_strategy_132_epoch5": 0.854957507082153, "ENV_Test_accuracy_strategy_23_epoch5": 0.8272741961544676, "ENV_Test_accuracy_strategy_107_epoch5": 0.8981937602627258, "ENV_Test_accuracy_strategy_43_epoch5": 0.8282442748091603, "ENV_Test_accuracy_strategy_17_epoch5": 0.7983212341197822, "ENV_Test_accuracy_strategy_93_epoch5": 0.8345656192236599, "ENV_Test_accuracy_per_mean_strategy_epoch5": 0.8402594319419915, "ENV_Test_accuracy_per_mean_user_epoch5": 0.8328714869623864, "ENV_Test_accuracy_per_mean_user_and_bot_epoch5": 0.8565181050877134, "ENV_Train_TotalLoss_epoch6": 812.9356709597014, "ENV_Train_Right action_epoch6": 0.8391482345708338, "ENV_Train_Probability to choose the right action_epoch6": 0.7738215210021132, "ENV_Train_Weighted right action_epoch6": 0.8391482345708338, "ENV_Train_Weighted probability to choose the right action:_epoch6": 0.7738215210021132, "ENV_Test_TotalLoss_epoch6": 191.59850284678623, "ENV_Test_Right action_epoch6": 0.828992, "ENV_Test_Probability to choose the right action_epoch6": 0.780926244439009, "ENV_Test_Weighted right action_epoch6": 0.8595346501948342, "ENV_Test_Weighted probability to choose the right action:_epoch6": 0.8082845630385622, "ENV_Test_proba_accuracy_epoch6": 0.7809262444390085, "ENV_Test_proba_accuracy_strategy_132_epoch6": 0.8068128751957871, "ENV_Test_proba_accuracy_strategy_23_epoch6": 0.7870560944904793, "ENV_Test_proba_accuracy_strategy_107_epoch6": 0.8490068052508374, "ENV_Test_proba_accuracy_strategy_43_epoch6": 0.7724266358921733, "ENV_Test_proba_accuracy_strategy_17_epoch6": 0.7549616990102231, "ENV_Test_proba_accuracy_strategy_93_epoch6": 0.7834442611645537, "ENV_Test_proba_accuracy_per_mean_strategy_epoch6": 0.7922847285006757, "ENV_Test_proba_accuracy_per_mean_user_epoch6": 0.7865864951471925, "ENV_Test_proba_accuracy_per_mean_user_and_bot_epoch6": 0.8082845630385623, "ENV_Test_accuracy_epoch6": 0.828992, "ENV_Test_accuracy_strategy_132_epoch6": 0.8509915014164305, "ENV_Test_accuracy_strategy_23_epoch6": 0.8343835837776701, "ENV_Test_accuracy_strategy_107_epoch6": 0.9014778325123153, "ENV_Test_accuracy_strategy_43_epoch6": 0.8206106870229007, "ENV_Test_accuracy_strategy_17_epoch6": 0.8042196007259528, "ENV_Test_accuracy_strategy_93_epoch6": 0.8345656192236599, "ENV_Test_accuracy_per_mean_strategy_epoch6": 0.8410414707798215, "ENV_Test_accuracy_per_mean_user_epoch6": 0.8365862396857666, "ENV_Test_accuracy_per_mean_user_and_bot_epoch6": 0.8595346501948351, "ENV_Train_TotalLoss_epoch7": 800.5214649559605, "ENV_Train_Right action_epoch7": 0.8436399217221136, "ENV_Train_Probability to choose the right action_epoch7": 0.778204933132559, "ENV_Train_Weighted right action_epoch7": 0.8436399217221136, "ENV_Train_Weighted probability to choose the right action:_epoch7": 0.778204933132559, "ENV_Test_TotalLoss_epoch7": 201.27202550535432, "ENV_Test_Right action_epoch7": 0.82944, "ENV_Test_Probability to choose the right action_epoch7": 0.7837901281543309, "ENV_Test_Weighted right action_epoch7": 0.8578914101000438, "ENV_Test_Weighted probability to choose the right action:_epoch7": 0.8078245798487356, "ENV_Test_proba_accuracy_epoch7": 0.7837901281543312, "ENV_Test_proba_accuracy_strategy_132_epoch7": 0.8083386670442709, "ENV_Test_proba_accuracy_strategy_23_epoch7": 0.7904197003600745, "ENV_Test_proba_accuracy_strategy_107_epoch7": 0.8462008908325075, "ENV_Test_proba_accuracy_strategy_43_epoch7": 0.7776961401758355, "ENV_Test_proba_accuracy_strategy_17_epoch7": 0.7592598932629773, "ENV_Test_proba_accuracy_strategy_93_epoch7": 0.7794853929511768, "ENV_Test_proba_accuracy_per_mean_strategy_epoch7": 0.7935667807711404, "ENV_Test_proba_accuracy_per_mean_user_epoch7": 0.7894918575522175, "ENV_Test_proba_accuracy_per_mean_user_and_bot_epoch7": 0.8078245798487361, "ENV_Test_accuracy_epoch7": 0.82944, "ENV_Test_accuracy_strategy_132_epoch7": 0.8492917847025496, "ENV_Test_accuracy_strategy_23_epoch7": 0.8338988528033608, "ENV_Test_accuracy_strategy_107_epoch7": 0.896551724137931, "ENV_Test_accuracy_strategy_43_epoch7": 0.8276081424936387, "ENV_Test_accuracy_strategy_17_epoch7": 0.8069419237749547, "ENV_Test_accuracy_strategy_93_epoch7": 0.8280961182994455, "ENV_Test_accuracy_per_mean_strategy_epoch7": 0.8403980910353134, "ENV_Test_accuracy_per_mean_user_epoch7": 0.8369108385986186, "ENV_Test_accuracy_per_mean_user_and_bot_epoch7": 0.8578914101000445, "ENV_Train_TotalLoss_epoch8": 786.2875706374564, "ENV_Train_Right action_epoch8": 0.8461721250751317, "ENV_Train_Probability to choose the right action_epoch8": 0.7822023234259835, "ENV_Train_Weighted right action_epoch8": 0.8461721250751317, "ENV_Train_Weighted probability to choose the right action:_epoch8": 0.7822023234259835, "ENV_Test_TotalLoss_epoch8": 198.88769506631797, "ENV_Test_Right action_epoch8": 0.83168, "ENV_Test_Probability to choose the right action_epoch8": 0.7867667666974468, "ENV_Test_Weighted right action_epoch8": 0.8635118016571581, "ENV_Test_Weighted probability to choose the right action:_epoch8": 0.817072126108832, "ENV_Test_proba_accuracy_epoch8": 0.7867667666974458, "ENV_Test_proba_accuracy_strategy_132_epoch8": 0.8175161566912048, "ENV_Test_proba_accuracy_strategy_23_epoch8": 0.7932941630455432, "ENV_Test_proba_accuracy_strategy_107_epoch8": 0.8564686914576584, "ENV_Test_proba_accuracy_strategy_43_epoch8": 0.7809936344466332, "ENV_Test_proba_accuracy_strategy_17_epoch8": 0.7568793335129002, "ENV_Test_proba_accuracy_strategy_93_epoch8": 0.790186330338323, "ENV_Test_proba_accuracy_per_mean_strategy_epoch8": 0.7992230515820437, "ENV_Test_proba_accuracy_per_mean_user_epoch8": 0.7933124441630147, "ENV_Test_proba_accuracy_per_mean_user_and_bot_epoch8": 0.8170721261088306, "ENV_Test_accuracy_epoch8": 0.83168, "ENV_Test_accuracy_strategy_132_epoch8": 0.8594900849858357, "ENV_Test_accuracy_strategy_23_epoch8": 0.8402003554693812, "ENV_Test_accuracy_strategy_107_epoch8": 0.8981937602627258, "ENV_Test_accuracy_strategy_43_epoch8": 0.8250636132315522, "ENV_Test_accuracy_strategy_17_epoch8": 0.8010435571687841, "ENV_Test_accuracy_strategy_93_epoch8": 0.8345656192236599, "ENV_Test_accuracy_per_mean_strategy_epoch8": 0.8430928317236565, "ENV_Test_accuracy_per_mean_user_epoch8": 0.8373533748777215, "ENV_Test_accuracy_per_mean_user_and_bot_epoch8": 0.8635118016571587, "ENV_Train_TotalLoss_epoch9": 776.0866877728756, "ENV_Train_Right action_epoch9": 0.8494039050161428, "ENV_Train_Probability to choose the right action_epoch9": 0.7855535222493266, "ENV_Train_Weighted right action_epoch9": 0.8494039050161428, "ENV_Train_Weighted probability to choose the right action:_epoch9": 0.7855535222493266, "ENV_Test_TotalLoss_epoch9": 191.4892838159359, "ENV_Test_Right action_epoch9": 0.830528, "ENV_Test_Probability to choose the right action_epoch9": 0.7778601695855697, "ENV_Test_Weighted right action_epoch9": 0.8623731188503089, "ENV_Test_Weighted probability to choose the right action:_epoch9": 0.8097259588048267, "ENV_Test_proba_accuracy_epoch9": 0.7778601695855702, "ENV_Test_proba_accuracy_strategy_132_epoch9": 0.811633846280151, "ENV_Test_proba_accuracy_strategy_23_epoch9": 0.7824800274605423, "ENV_Test_proba_accuracy_strategy_107_epoch9": 0.8513132082769415, "ENV_Test_proba_accuracy_strategy_43_epoch9": 0.7750780159210491, "ENV_Test_proba_accuracy_strategy_17_epoch9": 0.7469317495175336, "ENV_Test_proba_accuracy_strategy_93_epoch9": 0.7850415752263753, "ENV_Test_proba_accuracy_per_mean_strategy_epoch9": 0.7920797371137657, "ENV_Test_proba_accuracy_per_mean_user_epoch9": 0.7838958221116381, "ENV_Test_proba_accuracy_per_mean_user_and_bot_epoch9": 0.8097259588048262, "ENV_Test_accuracy_epoch9": 0.830528, "ENV_Test_accuracy_strategy_132_epoch9": 0.8589235127478754, "ENV_Test_accuracy_strategy_23_epoch9": 0.8384230085635805, "ENV_Test_accuracy_strategy_107_epoch9": 0.8883415435139573, "ENV_Test_accuracy_strategy_43_epoch9": 0.8314249363867684, "ENV_Test_accuracy_strategy_17_epoch9": 0.7994555353901996, "ENV_Test_accuracy_strategy_93_epoch9": 0.8317929759704251, "ENV_Test_accuracy_per_mean_strategy_epoch9": 0.841393585428801, "ENV_Test_accuracy_per_mean_user_epoch9": 0.8372439507748827, "ENV_Test_accuracy_per_mean_user_and_bot_epoch9": 0.86237311885031, "ENV_Train_TotalLoss_epoch10": 766.3812488444274, "ENV_Train_Right action_epoch10": 0.851341906625664, "ENV_Train_Probability to choose the right action_epoch10": 0.7884013703233935, "ENV_Train_Weighted right action_epoch10": 0.851341906625664, "ENV_Train_Weighted probability to choose the right action:_epoch10": 0.7884013703233935, "ENV_Test_TotalLoss_epoch10": 198.18953406549286, "ENV_Test_Right action_epoch10": 0.831872, "ENV_Test_Probability to choose the right action_epoch10": 0.7809215603808564, "ENV_Test_Weighted right action_epoch10": 0.8611459928829871, "ENV_Test_Weighted probability to choose the right action:_epoch10": 0.8081775876749745, "ENV_Test_proba_accuracy_epoch10": 0.7809215603808579, "ENV_Test_proba_accuracy_strategy_132_epoch10": 0.8086079154140611, "ENV_Test_proba_accuracy_strategy_23_epoch10": 0.7843311311386227, "ENV_Test_proba_accuracy_strategy_107_epoch10": 0.8452091524096149, "ENV_Test_proba_accuracy_strategy_43_epoch10": 0.7767167657838895, "ENV_Test_proba_accuracy_strategy_17_epoch10": 0.7559968879435881, "ENV_Test_proba_accuracy_strategy_93_epoch10": 0.7877223918143118, "ENV_Test_proba_accuracy_per_mean_strategy_epoch10": 0.7930973740840147, "ENV_Test_proba_accuracy_per_mean_user_epoch10": 0.7867394523363532, "ENV_Test_proba_accuracy_per_mean_user_and_bot_epoch10": 0.8081775876749754, "ENV_Test_accuracy_epoch10": 0.831872, "ENV_Test_accuracy_strategy_132_epoch10": 0.8487252124645892, "ENV_Test_accuracy_strategy_23_epoch10": 0.8356761997091614, "ENV_Test_accuracy_strategy_107_epoch10": 0.8981937602627258, "ENV_Test_accuracy_strategy_43_epoch10": 0.8288804071246819, "ENV_Test_accuracy_strategy_17_epoch10": 0.808076225045372, "ENV_Test_accuracy_strategy_93_epoch10": 0.8465804066543438, "ENV_Test_accuracy_per_mean_strategy_epoch10": 0.844355368543479, "ENV_Test_accuracy_per_mean_user_epoch10": 0.8363518634010674, "ENV_Test_accuracy_per_mean_user_and_bot_epoch10": 0.8611459928829872, "ENV_Train_TotalLoss_epoch11": 753.914094969042, "ENV_Train_Right action_epoch11": 0.8551439753983785, "ENV_Train_Probability to choose the right action_epoch11": 0.7924360151180198, "ENV_Train_Weighted right action_epoch11": 0.8551439753983785, "ENV_Train_Weighted probability to choose the right action:_epoch11": 0.7924360151180198, "ENV_Test_TotalLoss_epoch11": 193.24143231532008, "ENV_Test_Right action_epoch11": 0.833024, "ENV_Test_Probability to choose the right action_epoch11": 0.787529488870698, "ENV_Test_Weighted right action_epoch11": 0.8637993554652477, "ENV_Test_Weighted probability to choose the right action:_epoch11": 0.8171865681063353, "ENV_Test_proba_accuracy_epoch11": 0.7875294888706975, "ENV_Test_proba_accuracy_strategy_132_epoch11": 0.8213692666365926, "ENV_Test_proba_accuracy_strategy_23_epoch11": 0.7908111657269937, "ENV_Test_proba_accuracy_strategy_107_epoch11": 0.8481386040987763, "ENV_Test_proba_accuracy_strategy_43_epoch11": 0.7830328290665357, "ENV_Test_proba_accuracy_strategy_17_epoch11": 0.7611975777323018, "ENV_Test_proba_accuracy_strategy_93_epoch11": 0.793251629828065, "ENV_Test_proba_accuracy_per_mean_strategy_epoch11": 0.7996335121815442, "ENV_Test_proba_accuracy_per_mean_user_epoch11": 0.7940625008996114, "ENV_Test_proba_accuracy_per_mean_user_and_bot_epoch11": 0.8171865681063353, "ENV_Test_accuracy_epoch11": 0.833024, "ENV_Test_accuracy_strategy_132_epoch11": 0.8577903682719547, "ENV_Test_accuracy_strategy_23_epoch11": 0.8376151236063984, "ENV_Test_accuracy_strategy_107_epoch11": 0.8981937602627258, "ENV_Test_accuracy_strategy_43_epoch11": 0.8282442748091603, "ENV_Test_accuracy_strategy_17_epoch11": 0.8060344827586207, "ENV_Test_accuracy_strategy_93_epoch11": 0.8465804066543438, "ENV_Test_accuracy_per_mean_strategy_epoch11": 0.8457430693938673, "ENV_Test_accuracy_per_mean_user_epoch11": 0.8398999055320013, "ENV_Test_accuracy_per_mean_user_and_bot_epoch11": 0.8637993554652479, "ENV_Train_TotalLoss_epoch12": 747.5903209034535, "ENV_Train_Right action_epoch12": 0.8554476203787826, "ENV_Train_Probability to choose the right action_epoch12": 0.7942519216211588, "ENV_Train_Weighted right action_epoch12": 0.8554476203787826, "ENV_Train_Weighted probability to choose the right action:_epoch12": 0.7942519216211588, "ENV_Test_TotalLoss_epoch12": 190.97901186246673, "ENV_Test_Right action_epoch12": 0.83296, "ENV_Test_Probability to choose the right action_epoch12": 0.7882152335662554, "ENV_Test_Weighted right action_epoch12": 0.8644705862310011, "ENV_Test_Weighted probability to choose the right action:_epoch12": 0.8194296124246833, "ENV_Test_proba_accuracy_epoch12": 0.7882152335662556, "ENV_Test_proba_accuracy_strategy_132_epoch12": 0.8216786657005145, "ENV_Test_proba_accuracy_strategy_23_epoch12": 0.7911011689575955, "ENV_Test_proba_accuracy_strategy_107_epoch12": 0.8519250504603816, "ENV_Test_proba_accuracy_strategy_43_epoch12": 0.7844301243606719, "ENV_Test_proba_accuracy_strategy_17_epoch12": 0.7614870648874009, "ENV_Test_proba_accuracy_strategy_93_epoch12": 0.7956502325173409, "ENV_Test_proba_accuracy_per_mean_strategy_epoch12": 0.8010453844806508, "ENV_Test_proba_accuracy_per_mean_user_epoch12": 0.7955702370228661, "ENV_Test_proba_accuracy_per_mean_user_and_bot_epoch12": 0.8194296124246843, "ENV_Test_accuracy_epoch12": 0.83296, "ENV_Test_accuracy_strategy_132_epoch12": 0.8577903682719547, "ENV_Test_accuracy_strategy_23_epoch12": 0.8359993536920343, "ENV_Test_accuracy_strategy_107_epoch12": 0.9014778325123153, "ENV_Test_accuracy_strategy_43_epoch12": 0.8333333333333334, "ENV_Test_accuracy_strategy_17_epoch12": 0.8067150635208712, "ENV_Test_accuracy_strategy_93_epoch12": 0.8428835489833642, "ENV_Test_accuracy_per_mean_strategy_epoch12": 0.8463665833856454, "ENV_Test_accuracy_per_mean_user_epoch12": 0.8397106734304741, "ENV_Test_accuracy_per_mean_user_and_bot_epoch12": 0.8644705862310015, "ENV_Train_TotalLoss_epoch13": 740.0202309265125, "ENV_Train_Right action_epoch13": 0.8568653211829821, "ENV_Train_Probability to choose the right action_epoch13": 0.7963995823200236, "ENV_Train_Weighted right action_epoch13": 0.8568653211829821, "ENV_Train_Weighted probability to choose the right action:_epoch13": 0.7963995823200236, "ENV_Test_TotalLoss_epoch13": 195.50545190452624, "ENV_Test_Right action_epoch13": 0.83456, "ENV_Test_Probability to choose the right action_epoch13": 0.7877435290387387, "ENV_Test_Weighted right action_epoch13": 0.8641328206155263, "ENV_Test_Weighted probability to choose the right action:_epoch13": 0.818994248309194, "ENV_Test_proba_accuracy_epoch13": 0.7877435290387388, "ENV_Test_proba_accuracy_strategy_132_epoch13": 0.8249638167904673, "ENV_Test_proba_accuracy_strategy_23_epoch13": 0.7898840423703637, "ENV_Test_proba_accuracy_strategy_107_epoch13": 0.8536794760510489, "ENV_Test_proba_accuracy_strategy_43_epoch13": 0.7774239498262348, "ENV_Test_proba_accuracy_strategy_17_epoch13": 0.7622446476747101, "ENV_Test_proba_accuracy_strategy_93_epoch13": 0.796546681490652, "ENV_Test_proba_accuracy_per_mean_strategy_epoch13": 0.8007904357005796, "ENV_Test_proba_accuracy_per_mean_user_epoch13": 0.7946478504839231, "ENV_Test_proba_accuracy_per_mean_user_and_bot_epoch13": 0.8189942483091938, "ENV_Test_accuracy_epoch13": 0.83456, "ENV_Test_accuracy_strategy_132_epoch13": 0.8611898016997167, "ENV_Test_accuracy_strategy_23_epoch13": 0.8393924705121991, "ENV_Test_accuracy_strategy_107_epoch13": 0.896551724137931, "ENV_Test_accuracy_strategy_43_epoch13": 0.821882951653944, "ENV_Test_accuracy_strategy_17_epoch13": 0.8112522686025408, "ENV_Test_accuracy_strategy_93_epoch13": 0.8419593345656192, "ENV_Test_accuracy_per_mean_strategy_epoch13": 0.8453714251953252, "ENV_Test_accuracy_per_mean_user_epoch13": 0.8409536703715201, "ENV_Test_accuracy_per_mean_user_and_bot_epoch13": 0.8641328206155262, "ENV_Train_TotalLoss_epoch14": 735.989691223044, "ENV_Train_Right action_epoch14": 0.8568852733981885, "ENV_Train_Probability to choose the right action_epoch14": 0.7970524602803554, "ENV_Train_Weighted right action_epoch14": 0.8568852733981885, "ENV_Train_Weighted probability to choose the right action:_epoch14": 0.7970524602803554, "ENV_Test_TotalLoss_epoch14": 199.63936372686092, "ENV_Test_Right action_epoch14": 0.827968, "ENV_Test_Probability to choose the right action_epoch14": 0.7790450301791474, "ENV_Test_Weighted right action_epoch14": 0.8555751302585907, "ENV_Test_Weighted probability to choose the right action:_epoch14": 0.8061521480716387, "ENV_Test_proba_accuracy_epoch14": 0.7790450301791476, "ENV_Test_proba_accuracy_strategy_132_epoch14": 0.808382559258186, "ENV_Test_proba_accuracy_strategy_23_epoch14": 0.7836354086174482, "ENV_Test_proba_accuracy_strategy_107_epoch14": 0.8443137839162038, "ENV_Test_proba_accuracy_strategy_43_epoch14": 0.7753179132840736, "ENV_Test_proba_accuracy_strategy_17_epoch14": 0.7528424080417514, "ENV_Test_proba_accuracy_strategy_93_epoch14": 0.7803582687518709, "ENV_Test_proba_accuracy_per_mean_strategy_epoch14": 0.790808390311589, "ENV_Test_proba_accuracy_per_mean_user_epoch14": 0.7854404063606717, "ENV_Test_proba_accuracy_per_mean_user_and_bot_epoch14": 0.8061521480716389, "ENV_Test_accuracy_epoch14": 0.827968, "ENV_Test_accuracy_strategy_132_epoch14": 0.8481586402266289, "ENV_Test_accuracy_strategy_23_epoch14": 0.8329293908547423, "ENV_Test_accuracy_strategy_107_epoch14": 0.9064039408866995, "ENV_Test_accuracy_strategy_43_epoch14": 0.8231552162849872, "ENV_Test_accuracy_strategy_17_epoch14": 0.8046733212341198, "ENV_Test_accuracy_strategy_93_epoch14": 0.8243992606284658, "ENV_Test_accuracy_per_mean_strategy_epoch14": 0.8399532950192738, "ENV_Test_accuracy_per_mean_user_epoch14": 0.833404596946794, "ENV_Test_accuracy_per_mean_user_and_bot_epoch14": 0.8555751302585912, "ENV_Train_TotalLoss_epoch15": 726.1378802105794, "ENV_Train_Right action_epoch15": 0.8610967444331065, "ENV_Train_Probability to choose the right action_epoch15": 0.8006291727326754, "ENV_Train_Weighted right action_epoch15": 0.8610967444331065, "ENV_Train_Weighted probability to choose the right action:_epoch15": 0.8006291727326754, "ENV_Test_TotalLoss_epoch15": 196.03105566681597, "ENV_Test_Right action_epoch15": 0.833216, "ENV_Test_Probability to choose the right action_epoch15": 0.7895630961477138, "ENV_Test_Weighted right action_epoch15": 0.8587802403234429, "ENV_Test_Weighted probability to choose the right action:_epoch15": 0.8179160824306448, "ENV_Test_proba_accuracy_epoch15": 0.789563096147713, "ENV_Test_proba_accuracy_strategy_132_epoch15": 0.8205669676921316, "ENV_Test_proba_accuracy_strategy_23_epoch15": 0.7945240805320964, "ENV_Test_proba_accuracy_strategy_107_epoch15": 0.8510362211661273, "ENV_Test_proba_accuracy_strategy_43_epoch15": 0.7820177182080632, "ENV_Test_proba_accuracy_strategy_17_epoch15": 0.7628253954744278, "ENV_Test_proba_accuracy_strategy_93_epoch15": 0.7959019315653731, "ENV_Test_proba_accuracy_per_mean_strategy_epoch15": 0.8011453857730366, "ENV_Test_proba_accuracy_per_mean_user_epoch15": 0.7946848944285316, "ENV_Test_proba_accuracy_per_mean_user_and_bot_epoch15": 0.8179160824306446, "ENV_Test_accuracy_epoch15": 0.833216, "ENV_Test_accuracy_strategy_132_epoch15": 0.8526912181303116, "ENV_Test_accuracy_strategy_23_epoch15": 0.8419777023751818, "ENV_Test_accuracy_strategy_107_epoch15": 0.8949096880131363, "ENV_Test_accuracy_strategy_43_epoch15": 0.8256997455470738, "ENV_Test_accuracy_strategy_17_epoch15": 0.8044464609800362, "ENV_Test_accuracy_strategy_93_epoch15": 0.844731977818854, "ENV_Test_accuracy_per_mean_strategy_epoch15": 0.8440761321440989, "ENV_Test_accuracy_per_mean_user_epoch15": 0.8366751501217259, "ENV_Test_accuracy_per_mean_user_and_bot_epoch15": 0.8587802403234437, "ENV_Train_TotalLoss_epoch16": 717.6969759798772, "ENV_Train_Right action_epoch16": 0.8625384400335476, "ENV_Train_Probability to choose the right action_epoch16": 0.8030737986900196, "ENV_Train_Weighted right action_epoch16": 0.8625384400335476, "ENV_Train_Weighted probability to choose the right action:_epoch16": 0.8030737986900196, "ENV_Test_TotalLoss_epoch16": 195.24757328819737, "ENV_Test_Right action_epoch16": 0.830848, "ENV_Test_Probability to choose the right action_epoch16": 0.7874027142998457, "ENV_Test_Weighted right action_epoch16": 0.861233062983902, "ENV_Test_Weighted probability to choose the right action:_epoch16": 0.8180437614377573, "ENV_Test_proba_accuracy_epoch16": 0.7874027142998463, "ENV_Test_proba_accuracy_strategy_132_epoch16": 0.8168124485241399, "ENV_Test_proba_accuracy_strategy_23_epoch16": 0.7911653113974508, "ENV_Test_proba_accuracy_strategy_107_epoch16": 0.847318837694561, "ENV_Test_proba_accuracy_strategy_43_epoch16": 0.7803618835290308, "ENV_Test_proba_accuracy_strategy_17_epoch16": 0.762024387972858, "ENV_Test_proba_accuracy_strategy_93_epoch16": 0.7978020072118176, "ENV_Test_proba_accuracy_per_mean_strategy_epoch16": 0.7992474793883096, "ENV_Test_proba_accuracy_per_mean_user_epoch16": 0.794030801554021, "ENV_Test_proba_accuracy_per_mean_user_and_bot_epoch16": 0.8180437614377576, "ENV_Test_accuracy_epoch16": 0.830848, "ENV_Test_accuracy_strategy_132_epoch16": 0.854957507082153, "ENV_Test_accuracy_strategy_23_epoch16": 0.835514622717725, "ENV_Test_accuracy_strategy_107_epoch16": 0.8850574712643678, "ENV_Test_accuracy_strategy_43_epoch16": 0.8269720101781171, "ENV_Test_accuracy_strategy_17_epoch16": 0.8058076225045372, "ENV_Test_accuracy_strategy_93_epoch16": 0.8419593345656192, "ENV_Test_accuracy_per_mean_strategy_epoch16": 0.8417114280520867, "ENV_Test_accuracy_per_mean_user_epoch16": 0.8353819947702508, "ENV_Test_accuracy_per_mean_user_and_bot_epoch16": 0.8612330629839029, "ENV_Train_TotalLoss_epoch17": 717.7407389003217, "ENV_Train_Right action_epoch17": 0.8623726254874827, "ENV_Train_Probability to choose the right action_epoch17": 0.8033240817773486, "ENV_Train_Weighted right action_epoch17": 0.8623726254874827, "ENV_Train_Weighted probability to choose the right action:_epoch17": 0.8033240817773486, "ENV_Test_TotalLoss_epoch17": 195.76491806656895, "ENV_Test_Right action_epoch17": 0.831744, "ENV_Test_Probability to choose the right action_epoch17": 0.7842996789824441, "ENV_Test_Weighted right action_epoch17": 0.8601242834642195, "ENV_Test_Weighted probability to choose the right action:_epoch17": 0.8135110752901761, "ENV_Test_proba_accuracy_epoch17": 0.7842996789824445, "ENV_Test_proba_accuracy_strategy_132_epoch17": 0.8157585511093034, "ENV_Test_proba_accuracy_strategy_23_epoch17": 0.7855268711425504, "ENV_Test_proba_accuracy_strategy_107_epoch17": 0.8542147210534935, "ENV_Test_proba_accuracy_strategy_43_epoch17": 0.7774591242952795, "ENV_Test_proba_accuracy_strategy_17_epoch17": 0.7608438362970155, "ENV_Test_proba_accuracy_strategy_93_epoch17": 0.7921078530319137, "ENV_Test_proba_accuracy_per_mean_strategy_epoch17": 0.797651826154926, "ENV_Test_proba_accuracy_per_mean_user_epoch17": 0.790851899738294, "ENV_Test_proba_accuracy_per_mean_user_and_bot_epoch17": 0.8135110752901769, "ENV_Test_accuracy_epoch17": 0.831744, "ENV_Test_accuracy_strategy_132_epoch17": 0.8543909348441926, "ENV_Test_accuracy_strategy_23_epoch17": 0.8361609306834706, "ENV_Test_accuracy_strategy_107_epoch17": 0.90311986863711, "ENV_Test_accuracy_strategy_43_epoch17": 0.8187022900763359, "ENV_Test_accuracy_strategy_17_epoch17": 0.808983666061706, "ENV_Test_accuracy_strategy_93_epoch17": 0.8410351201478743, "ENV_Test_accuracy_per_mean_strategy_epoch17": 0.8437321350751149, "ENV_Test_accuracy_per_mean_user_epoch17": 0.8358994471540441, "ENV_Test_accuracy_per_mean_user_and_bot_epoch17": 0.86012428346422, "ENV_Train_TotalLoss_epoch18": 707.1052771847862, "ENV_Train_Right action_epoch18": 0.8660107884513262, "ENV_Train_Probability to choose the right action_epoch18": 0.8065301437259005, "ENV_Train_Weighted right action_epoch18": 0.8660107884513262, "ENV_Train_Weighted probability to choose the right action:_epoch18": 0.8065301437259005, "ENV_Test_TotalLoss_epoch18": 199.18330006021822, "ENV_Test_Right action_epoch18": 0.830016, "ENV_Test_Probability to choose the right action_epoch18": 0.7889345377386443, "ENV_Test_Weighted right action_epoch18": 0.8628900824860889, "ENV_Test_Weighted probability to choose the right action:_epoch18": 0.8208773442311635, "ENV_Test_proba_accuracy_epoch18": 0.7889345377386452, "ENV_Test_proba_accuracy_strategy_132_epoch18": 0.8235648133503026, "ENV_Test_proba_accuracy_strategy_23_epoch18": 0.789325361635514, "ENV_Test_proba_accuracy_strategy_107_epoch18": 0.8584432194591489, "ENV_Test_proba_accuracy_strategy_43_epoch18": 0.7813388359570781, "ENV_Test_proba_accuracy_strategy_17_epoch18": 0.7639996079718093, "ENV_Test_proba_accuracy_strategy_93_epoch18": 0.803704945218085, "ENV_Test_proba_accuracy_per_mean_strategy_epoch18": 0.8033961305986564, "ENV_Test_proba_accuracy_per_mean_user_epoch18": 0.796685418587494, "ENV_Test_proba_accuracy_per_mean_user_and_bot_epoch18": 0.8208773442311634, "ENV_Test_accuracy_epoch18": 0.830016, "ENV_Test_accuracy_strategy_132_epoch18": 0.8526912181303116, "ENV_Test_accuracy_strategy_23_epoch18": 0.8326062368718694, "ENV_Test_accuracy_strategy_107_epoch18": 0.8998357963875205, "ENV_Test_accuracy_strategy_43_epoch18": 0.823791348600509, "ENV_Test_accuracy_strategy_17_epoch18": 0.8049001814882033, "ENV_Test_accuracy_strategy_93_epoch18": 0.8502772643253235, "ENV_Test_accuracy_per_mean_strategy_epoch18": 0.8440170076339562, "ENV_Test_accuracy_per_mean_user_epoch18": 0.8361872823581115, "ENV_Test_accuracy_per_mean_user_and_bot_epoch18": 0.8628900824860886, "ENV_Train_TotalLoss_epoch19": 710.6261040051238, "ENV_Train_Right action_epoch19": 0.8623567235113223, "ENV_Train_Probability to choose the right action_epoch19": 0.8047146506793763, "ENV_Train_Weighted right action_epoch19": 0.8623567235113223, "ENV_Train_Weighted probability to choose the right action:_epoch19": 0.8047146506793763, "ENV_Test_TotalLoss_epoch19": 191.5321126814739, "ENV_Test_Right action_epoch19": 0.834624, "ENV_Test_Probability to choose the right action_epoch19": 0.7831692760656292, "ENV_Test_Weighted right action_epoch19": 0.8678741422960784, "ENV_Test_Weighted probability to choose the right action:_epoch19": 0.811289012729412, "ENV_Test_proba_accuracy_epoch19": 0.7831692760656291, "ENV_Test_proba_accuracy_strategy_132_epoch19": 0.8145762733245998, "ENV_Test_proba_accuracy_strategy_23_epoch19": 0.7870243811028644, "ENV_Test_proba_accuracy_strategy_107_epoch19": 0.8484827019367734, "ENV_Test_proba_accuracy_strategy_43_epoch19": 0.7805152208119275, "ENV_Test_proba_accuracy_strategy_17_epoch19": 0.7570015962237989, "ENV_Test_proba_accuracy_strategy_93_epoch19": 0.7835859452047658, "ENV_Test_proba_accuracy_per_mean_strategy_epoch19": 0.7951976864341218, "ENV_Test_proba_accuracy_per_mean_user_epoch19": 0.7899467920720411, "ENV_Test_proba_accuracy_per_mean_user_and_bot_epoch19": 0.811289012729413, "ENV_Test_accuracy_epoch19": 0.834624, "ENV_Test_accuracy_strategy_132_epoch19": 0.861756373937677, "ENV_Test_accuracy_strategy_23_epoch19": 0.8347067377605429, "ENV_Test_accuracy_strategy_107_epoch19": 0.9080459770114943, "ENV_Test_accuracy_strategy_43_epoch19": 0.8377862595419847, "ENV_Test_accuracy_strategy_17_epoch19": 0.8107985480943739, "ENV_Test_accuracy_strategy_93_epoch19": 0.8410351201478743, "ENV_Test_accuracy_per_mean_strategy_epoch19": 0.8490215027489912, "ENV_Test_accuracy_per_mean_user_epoch19": 0.8420093182059003, "ENV_Test_accuracy_per_mean_user_and_bot_epoch19": 0.8678741422960777, "ENV_Train_TotalLoss_epoch20": 703.5934048070225, "ENV_Train_Right action_epoch20": 0.866200726866089, "ENV_Train_Probability to choose the right action_epoch20": 0.8070435874120492, "ENV_Train_Weighted right action_epoch20": 0.866200726866089, "ENV_Train_Weighted probability to choose the right action:_epoch20": 0.8070435874120492, "ENV_Test_TotalLoss_epoch20": 196.9846159447265, "ENV_Test_Right action_epoch20": 0.831296, "ENV_Test_Probability to choose the right action_epoch20": 0.7842916489109156, "ENV_Test_Weighted right action_epoch20": 0.8596514383887779, "ENV_Test_Weighted probability to choose the right action:_epoch20": 0.8119948881396816, "ENV_Test_proba_accuracy_epoch20": 0.7842916489109145, "ENV_Test_proba_accuracy_strategy_132_epoch20": 0.8101047894741675, "ENV_Test_proba_accuracy_strategy_23_epoch20": 0.7877175432228809, "ENV_Test_proba_accuracy_strategy_107_epoch20": 0.8469801333718786, "ENV_Test_proba_accuracy_strategy_43_epoch20": 0.7818986520879486, "ENV_Test_proba_accuracy_strategy_17_epoch20": 0.76059936003002, "ENV_Test_proba_accuracy_strategy_93_epoch20": 0.7873018710597657, "ENV_Test_proba_accuracy_per_mean_strategy_epoch20": 0.7957670582077769, "ENV_Test_proba_accuracy_per_mean_user_epoch20": 0.7904592869234847, "ENV_Test_proba_accuracy_per_mean_user_and_bot_epoch20": 0.8119948881396821, "ENV_Test_accuracy_epoch20": 0.831296, "ENV_Test_accuracy_strategy_132_epoch20": 0.851558073654391, "ENV_Test_accuracy_strategy_23_epoch20": 0.8356761997091614, "ENV_Test_accuracy_strategy_107_epoch20": 0.8899835796387521, "ENV_Test_accuracy_strategy_43_epoch20": 0.8282442748091603, "ENV_Test_accuracy_strategy_17_epoch20": 0.8071687840290381, "ENV_Test_accuracy_strategy_93_epoch20": 0.8428835489833642, "ENV_Test_accuracy_per_mean_strategy_epoch20": 0.8425857434706444, "ENV_Test_accuracy_per_mean_user_epoch20": 0.8361838304808228, "ENV_Test_accuracy_per_mean_user_and_bot_epoch20": 0.8596514383887774, "ENV_Train_TotalLoss_epoch21": 707.8312678877735, "ENV_Train_Right action_epoch21": 0.8652652764577626, "ENV_Train_Probability to choose the right action_epoch21": 0.8067069179409468, "ENV_Train_Weighted right action_epoch21": 0.8652652764577626, "ENV_Train_Weighted probability to choose the right action:_epoch21": 0.8067069179409468, "ENV_Test_TotalLoss_epoch21": 199.93700175166398, "ENV_Test_Right action_epoch21": 0.828224, "ENV_Test_Probability to choose the right action_epoch21": 0.7846119495332723, "ENV_Test_Weighted right action_epoch21": 0.8551598550394041, "ENV_Test_Weighted probability to choose the right action:_epoch21": 0.8136356077999405, "ENV_Test_proba_accuracy_epoch21": 0.7846119495332726, "ENV_Test_proba_accuracy_strategy_132_epoch21": 0.8150099148893213, "ENV_Test_proba_accuracy_strategy_23_epoch21": 0.7864976764080556, "ENV_Test_proba_accuracy_strategy_107_epoch21": 0.8467488515878758, "ENV_Test_proba_accuracy_strategy_43_epoch21": 0.777016637315216, "ENV_Test_proba_accuracy_strategy_17_epoch21": 0.7625613980487063, "ENV_Test_proba_accuracy_strategy_93_epoch21": 0.7901333135980068, "ENV_Test_proba_accuracy_per_mean_strategy_epoch21": 0.7963279653078636, "ENV_Test_proba_accuracy_per_mean_user_epoch21": 0.7917517694975393, "ENV_Test_proba_accuracy_per_mean_user_and_bot_epoch21": 0.8136356077999399, "ENV_Test_accuracy_epoch21": 0.828224, "ENV_Test_accuracy_strategy_132_epoch21": 0.8492917847025496, "ENV_Test_accuracy_strategy_23_epoch21": 0.829374697043141, "ENV_Test_accuracy_strategy_107_epoch21": 0.896551724137931, "ENV_Test_accuracy_strategy_43_epoch21": 0.8180661577608143, "ENV_Test_accuracy_strategy_17_epoch21": 0.8114791288566243, "ENV_Test_accuracy_strategy_93_epoch21": 0.8317929759704251, "ENV_Test_accuracy_per_mean_strategy_epoch21": 0.8394260780785808, "ENV_Test_accuracy_per_mean_user_epoch21": 0.8333957298574837, "ENV_Test_accuracy_per_mean_user_and_bot_epoch21": 0.855159855039405, "ENV_Train_TotalLoss_epoch22": 698.4830865991923, "ENV_Train_Right action_epoch22": 0.8672490914173889, "ENV_Train_Probability to choose the right action_epoch22": 0.8088159909983149, "ENV_Train_Weighted right action_epoch22": 0.8672490914173889, "ENV_Train_Weighted probability to choose the right action:_epoch22": 0.8088159909983149, "ENV_Test_TotalLoss_epoch22": 195.4916706529518, "ENV_Test_Right action_epoch22": 0.833792, "ENV_Test_Probability to choose the right action_epoch22": 0.7925002082452518, "ENV_Test_Weighted right action_epoch22": 0.8633737472322112, "ENV_Test_Weighted probability to choose the right action:_epoch22": 0.8228574432989767, "ENV_Test_proba_accuracy_epoch22": 0.7925002082452512, "ENV_Test_proba_accuracy_strategy_132_epoch22": 0.8198139260885611, "ENV_Test_proba_accuracy_strategy_23_epoch22": 0.7964255495337862, "ENV_Test_proba_accuracy_strategy_107_epoch22": 0.8595620742404837, "ENV_Test_proba_accuracy_strategy_43_epoch22": 0.7836791321626727, "ENV_Test_proba_accuracy_strategy_17_epoch22": 0.7689932270434789, "ENV_Test_proba_accuracy_strategy_93_epoch22": 0.7963284699087858, "ENV_Test_proba_accuracy_per_mean_strategy_epoch22": 0.804133729829628, "ENV_Test_proba_accuracy_per_mean_user_epoch22": 0.800018278175338, "ENV_Test_proba_accuracy_per_mean_user_and_bot_epoch22": 0.8228574432989763, "ENV_Test_accuracy_epoch22": 0.833792, "ENV_Test_accuracy_strategy_132_epoch22": 0.8538243626062323, "ENV_Test_accuracy_strategy_23_epoch22": 0.8419777023751818, "ENV_Test_accuracy_strategy_107_epoch22": 0.8949096880131363, "ENV_Test_accuracy_strategy_43_epoch22": 0.823791348600509, "ENV_Test_accuracy_strategy_17_epoch22": 0.8092105263157895, "ENV_Test_accuracy_strategy_93_epoch22": 0.8345656192236599, "ENV_Test_accuracy_per_mean_strategy_epoch22": 0.8430465411890848, "ENV_Test_accuracy_per_mean_user_epoch22": 0.8394835322316582, "ENV_Test_accuracy_per_mean_user_and_bot_epoch22": 0.8633737472322114, "ENV_Train_TotalLoss_epoch23": 694.5077020289148, "ENV_Train_Right action_epoch23": 0.8659845689365985, "ENV_Train_Probability to choose the right action_epoch23": 0.8095403835448716, "ENV_Train_Weighted right action_epoch23": 0.8659845689365985, "ENV_Train_Weighted probability to choose the right action:_epoch23": 0.8095403835448716, "ENV_Test_TotalLoss_epoch23": 195.4151855895166, "ENV_Test_Right action_epoch23": 0.834368, "ENV_Test_Probability to choose the right action_epoch23": 0.7879394858880263, "ENV_Test_Weighted right action_epoch23": 0.8653144441668931, "ENV_Test_Weighted probability to choose the right action:_epoch23": 0.818777841748594, "ENV_Test_proba_accuracy_epoch23": 0.7879394858880259, "ENV_Test_proba_accuracy_strategy_132_epoch23": 0.8213928907145503, "ENV_Test_proba_accuracy_strategy_23_epoch23": 0.7905746458467173, "ENV_Test_proba_accuracy_strategy_107_epoch23": 0.8522110426423333, "ENV_Test_proba_accuracy_strategy_43_epoch23": 0.7846580994927663, "ENV_Test_proba_accuracy_strategy_17_epoch23": 0.7630100240554879, "ENV_Test_proba_accuracy_strategy_93_epoch23": 0.7884494346908412, "ENV_Test_proba_accuracy_per_mean_strategy_epoch23": 0.8000493562404493, "ENV_Test_proba_accuracy_per_mean_user_epoch23": 0.7961002905421847, "ENV_Test_proba_accuracy_per_mean_user_and_bot_epoch23": 0.8187778417485945, "ENV_Test_accuracy_epoch23": 0.834368, "ENV_Test_accuracy_strategy_132_epoch23": 0.8583569405099151, "ENV_Test_accuracy_strategy_23_epoch23": 0.8393924705121991, "ENV_Test_accuracy_strategy_107_epoch23": 0.896551724137931, "ENV_Test_accuracy_strategy_43_epoch23": 0.8282442748091603, "ENV_Test_accuracy_strategy_17_epoch23": 0.8112522686025408, "ENV_Test_accuracy_strategy_93_epoch23": 0.8345656192236599, "ENV_Test_accuracy_per_mean_strategy_epoch23": 0.8447272162992343, "ENV_Test_accuracy_per_mean_user_epoch23": 0.8411054025319119, "ENV_Test_accuracy_per_mean_user_and_bot_epoch23": 0.8653144441668936, "ENV_Train_TotalLoss_epoch24": 694.5792135957744, "ENV_Train_Right action_epoch24": 0.8676106738981535, "ENV_Train_Probability to choose the right action_epoch24": 0.8101927996702363, "ENV_Train_Weighted right action_epoch24": 0.8676106738981535, "ENV_Train_Weighted probability to choose the right action:_epoch24": 0.8101927996702363, "ENV_Test_TotalLoss_epoch24": 199.23387186987213, "ENV_Test_Right action_epoch24": 0.831808, "ENV_Test_Probability to choose the right action_epoch24": 0.7850822337555197, "ENV_Test_Weighted right action_epoch24": 0.8588156038795823, "ENV_Test_Weighted probability to choose the right action:_epoch24": 0.8099253588847891, "ENV_Test_proba_accuracy_epoch24": 0.7850822337555191, "ENV_Test_proba_accuracy_strategy_132_epoch24": 0.8091609820330349, "ENV_Test_proba_accuracy_strategy_23_epoch24": 0.790744674568245, "ENV_Test_proba_accuracy_strategy_107_epoch24": 0.8434079278923448, "ENV_Test_proba_accuracy_strategy_43_epoch24": 0.7773218023192309, "ENV_Test_proba_accuracy_strategy_17_epoch24": 0.7610542500066445, "ENV_Test_proba_accuracy_strategy_93_epoch24": 0.7897500396277761, "ENV_Test_proba_accuracy_per_mean_strategy_epoch24": 0.7952399460745462, "ENV_Test_proba_accuracy_per_mean_user_epoch24": 0.7911555312160653, "ENV_Test_proba_accuracy_per_mean_user_and_bot_epoch24": 0.8099253588847896, "ENV_Test_accuracy_epoch24": 0.831808, "ENV_Test_accuracy_strategy_132_epoch24": 0.8498583569405099, "ENV_Test_accuracy_strategy_23_epoch24": 0.8348683147519793, "ENV_Test_accuracy_strategy_107_epoch24": 0.896551724137931, "ENV_Test_accuracy_strategy_43_epoch24": 0.8231552162849872, "ENV_Test_accuracy_strategy_17_epoch24": 0.8117059891107078, "ENV_Test_accuracy_strategy_93_epoch24": 0.8428835489833642, "ENV_Test_accuracy_per_mean_strategy_epoch24": 0.8431705250349134, "ENV_Test_accuracy_per_mean_user_epoch24": 0.8380707469699511, "ENV_Test_accuracy_per_mean_user_and_bot_epoch24": 0.8588156038795819, "_wandb": {"runtime": 2632}}