{"ENV_Train_TotalLoss": 186.4764634514272, "ENV_Train_TotalLoss_epoch0": 1040.4036361449146, "ENV_Train_Right action": 0.9672905687806651, "ENV_Train_Right action_epoch0": 0.7870690016631958, "ENV_Train_Probability to choose the right action": 0.951673205320009, "ENV_Train_Probability to choose the right action_epoch0": 0.7024891642731845, "ENV_Train_Weighted right action": 0.9672905687806651, "ENV_Train_Weighted right action_epoch0": 0.7870690016631958, "ENV_Train_Weighted probability to choose the right action:": 0.951673205320009, "ENV_Train_Weighted probability to choose the right action:_epoch0": 0.7024891642731845, "_timestamp": 1720371616.6691077, "_runtime": 2099.517655611038, "_step": 49, "ENV_Test_TotalLoss": 598.0527609848834, "ENV_Test_TotalLoss_epoch0": 213.58632320691694, "ENV_Test_Right action": 0.795648, "ENV_Test_Right action_epoch0": 0.795328, "ENV_Test_Probability to choose the right action": 0.7917202541784236, "ENV_Test_Probability to choose the right action_epoch0": 0.7329397629189108, "ENV_Test_Weighted right action": 0.830458925510596, "ENV_Test_Weighted right action_epoch0": 0.8419320995946054, "ENV_Test_Weighted probability to choose the right action:": 0.8256016867409952, "ENV_Test_Weighted probability to choose the right action:_epoch0": 0.7801537984111254, "ENV_Test_proba_accuracy": 0.7917202541784236, "ENV_Test_proba_accuracy_epoch0": 0.73293976291891, "ENV_Test_proba_accuracy_strategy_132": 0.8415813874820943, "ENV_Test_proba_accuracy_strategy_132_epoch0": 0.7899182050798437, "ENV_Test_proba_accuracy_strategy_23": 0.7957684483299554, "ENV_Test_proba_accuracy_strategy_23_epoch0": 0.7279614060986833, "ENV_Test_proba_accuracy_strategy_107": 0.8653456031178106, "ENV_Test_proba_accuracy_strategy_107_epoch0": 0.8100831441233406, "ENV_Test_proba_accuracy_strategy_43": 0.7802480997127871, "ENV_Test_proba_accuracy_strategy_43_epoch0": 0.7524216428876208, "ENV_Test_proba_accuracy_strategy_17": 0.7633224081465017, "ENV_Test_proba_accuracy_strategy_17_epoch0": 0.6968851615356186, "ENV_Test_proba_accuracy_strategy_93": 0.7781480922004181, "ENV_Test_proba_accuracy_strategy_93_epoch0": 0.7436301033806223, "ENV_Test_proba_accuracy_per_mean_strategy": 0.8040690064982612, "ENV_Test_proba_accuracy_per_mean_strategy_epoch0": 0.7534832771842882, "ENV_Test_proba_accuracy_per_mean_user": 0.8040735940512094, "ENV_Test_proba_accuracy_per_mean_user_epoch0": 0.7473000205688117, "ENV_Test_proba_accuracy_per_mean_user_and_bot": 0.8256016867409959, "ENV_Test_proba_accuracy_per_mean_user_and_bot_epoch0": 0.7801537984111251, "ENV_Test_accuracy": 0.795648, "ENV_Test_accuracy_epoch0": 0.795328, "ENV_Test_accuracy_strategy_132": 0.8470254957507082, "ENV_Test_accuracy_strategy_132_epoch0": 0.8436260623229461, "ENV_Test_accuracy_strategy_23": 0.7998061076102763, "ENV_Test_accuracy_strategy_23_epoch0": 0.7949587978671837, "ENV_Test_accuracy_strategy_107": 0.8702791461412152, "ENV_Test_accuracy_strategy_107_epoch0": 0.8801313628899836, "ENV_Test_accuracy_strategy_43": 0.7792620865139949, "ENV_Test_accuracy_strategy_43_epoch0": 0.8155216284987278, "ENV_Test_accuracy_strategy_17": 0.7676950998185118, "ENV_Test_accuracy_strategy_17_epoch0": 0.7545372050816697, "ENV_Test_accuracy_strategy_93": 0.7837338262476895, "ENV_Test_accuracy_strategy_93_epoch0": 0.8077634011090573, "ENV_Test_accuracy_per_mean_strategy": 0.8079669603470659, "ENV_Test_accuracy_per_mean_strategy_epoch0": 0.8160897429615948, "ENV_Test_accuracy_per_mean_user": 0.8082929313269952, "ENV_Test_accuracy_per_mean_user_epoch0": 0.8096262670201935, "ENV_Test_accuracy_per_mean_user_and_bot": 0.8304589255105961, "ENV_Test_accuracy_per_mean_user_and_bot_epoch0": 0.841932099594605, "ENV_Train_TotalLoss_epoch1": 893.4488818408603, "ENV_Train_Right action_epoch1": 0.8180611260952807, "ENV_Train_Probability to choose the right action_epoch1": 0.7478863335488559, "ENV_Train_Weighted right action_epoch1": 0.8180611260952807, "ENV_Train_Weighted probability to choose the right action:_epoch1": 0.7478863335488559, "ENV_Test_TotalLoss_epoch1": 190.90822505194626, "ENV_Test_Right action_epoch1": 0.816384, "ENV_Test_Probability to choose the right action_epoch1": 0.7590416788597719, "ENV_Test_Weighted right action_epoch1": 0.8576708735693062, "ENV_Test_Weighted probability to choose the right action:_epoch1": 0.8010927060501785, "ENV_Test_proba_accuracy_epoch1": 0.7590416788597715, "ENV_Test_proba_accuracy_strategy_132_epoch1": 0.8115041542392819, "ENV_Test_proba_accuracy_strategy_23_epoch1": 0.7570102967224079, "ENV_Test_proba_accuracy_strategy_107_epoch1": 0.8389912057170407, "ENV_Test_proba_accuracy_strategy_43_epoch1": 0.7666222360004827, "ENV_Test_proba_accuracy_strategy_17_epoch1": 0.724332689059397, "ENV_Test_proba_accuracy_strategy_93_epoch1": 0.7704717013755584, "ENV_Test_proba_accuracy_per_mean_strategy_epoch1": 0.7781553805190282, "ENV_Test_proba_accuracy_per_mean_user_epoch1": 0.7726399325111319, "ENV_Test_proba_accuracy_per_mean_user_and_bot_epoch1": 0.8010927060501788, "ENV_Test_accuracy_epoch1": 0.816384, "ENV_Test_accuracy_strategy_132_epoch1": 0.8651558073654391, "ENV_Test_accuracy_strategy_23_epoch1": 0.8214574244627565, "ENV_Test_accuracy_strategy_107_epoch1": 0.896551724137931, "ENV_Test_accuracy_strategy_43_epoch1": 0.8174300254452926, "ENV_Test_accuracy_strategy_17_epoch1": 0.7758620689655172, "ENV_Test_accuracy_strategy_93_epoch1": 0.8262476894639557, "ENV_Test_accuracy_per_mean_strategy_epoch1": 0.8337841233068154, "ENV_Test_accuracy_per_mean_user_epoch1": 0.8302093248010514, "ENV_Test_accuracy_per_mean_user_and_bot_epoch1": 0.8576708735693065, "ENV_Train_TotalLoss_epoch2": 835.9795982190124, "ENV_Train_Right action_epoch2": 0.8305238734205523, "ENV_Train_Probability to choose the right action_epoch2": 0.7638552613576695, "ENV_Train_Weighted right action_epoch2": 0.8305238734205523, "ENV_Train_Weighted probability to choose the right action:_epoch2": 0.7638552613576695, "ENV_Test_TotalLoss_epoch2": 193.05991456981022, "ENV_Test_Right action_epoch2": 0.81408, "ENV_Test_Probability to choose the right action_epoch2": 0.764111330167903, "ENV_Test_Weighted right action_epoch2": 0.8561769649217176, "ENV_Test_Weighted probability to choose the right action:_epoch2": 0.8097564092784568, "ENV_Test_proba_accuracy_epoch2": 0.7641113301679028, "ENV_Test_proba_accuracy_strategy_132_epoch2": 0.8183254120641721, "ENV_Test_proba_accuracy_strategy_23_epoch2": 0.7616707366204939, "ENV_Test_proba_accuracy_strategy_107_epoch2": 0.8515266457650035, "ENV_Test_proba_accuracy_strategy_43_epoch2": 0.7746942011517126, "ENV_Test_proba_accuracy_strategy_17_epoch2": 0.7282616697046752, "ENV_Test_proba_accuracy_strategy_93_epoch2": 0.7711077089615451, "ENV_Test_proba_accuracy_per_mean_strategy_epoch2": 0.7842643957112672, "ENV_Test_proba_accuracy_per_mean_user_epoch2": 0.779138092636935, "ENV_Test_proba_accuracy_per_mean_user_and_bot_epoch2": 0.8097564092784564, "ENV_Test_accuracy_epoch2": 0.81408, "ENV_Test_accuracy_strategy_132_epoch2": 0.854957507082153, "ENV_Test_accuracy_strategy_23_epoch2": 0.8203263855227015, "ENV_Test_accuracy_strategy_107_epoch2": 0.8932676518883416, "ENV_Test_accuracy_strategy_43_epoch2": 0.816793893129771, "ENV_Test_accuracy_strategy_17_epoch2": 0.7760889292196007, "ENV_Test_accuracy_strategy_93_epoch2": 0.8179297597042514, "ENV_Test_accuracy_per_mean_strategy_epoch2": 0.8298940210911366, "ENV_Test_accuracy_per_mean_user_epoch2": 0.82890458293534, "ENV_Test_accuracy_per_mean_user_and_bot_epoch2": 0.8561769649217178, "ENV_Train_TotalLoss_epoch3": 793.4270358374883, "ENV_Train_Right action_epoch3": 0.8380626223091977, "ENV_Train_Probability to choose the right action_epoch3": 0.7752362826360945, "ENV_Train_Weighted right action_epoch3": 0.8380626223091977, "ENV_Train_Weighted probability to choose the right action:_epoch3": 0.7752362826360945, "ENV_Test_TotalLoss_epoch3": 199.81163831162576, "ENV_Test_Right action_epoch3": 0.810048, "ENV_Test_Probability to choose the right action_epoch3": 0.7661776721453915, "ENV_Test_Weighted right action_epoch3": 0.8536777050451946, "ENV_Test_Weighted probability to choose the right action:_epoch3": 0.8118279607582927, "ENV_Test_proba_accuracy_epoch3": 0.7661776721453907, "ENV_Test_proba_accuracy_strategy_132_epoch3": 0.816432755430503, "ENV_Test_proba_accuracy_strategy_23_epoch3": 0.7656209540609243, "ENV_Test_proba_accuracy_strategy_107_epoch3": 0.8591578737831951, "ENV_Test_proba_accuracy_strategy_43_epoch3": 0.7737425768841256, "ENV_Test_proba_accuracy_strategy_17_epoch3": 0.7292642796656037, "ENV_Test_proba_accuracy_strategy_93_epoch3": 0.7744425217116792, "ENV_Test_proba_accuracy_per_mean_strategy_epoch3": 0.7864434935893385, "ENV_Test_proba_accuracy_per_mean_user_epoch3": 0.7810678672812735, "ENV_Test_proba_accuracy_per_mean_user_and_bot_epoch3": 0.8118279607582934, "ENV_Test_accuracy_epoch3": 0.810048, "ENV_Test_accuracy_strategy_132_epoch3": 0.8543909348441926, "ENV_Test_accuracy_strategy_23_epoch3": 0.8169332687025368, "ENV_Test_accuracy_strategy_107_epoch3": 0.8998357963875205, "ENV_Test_accuracy_strategy_43_epoch3": 0.8097964376590331, "ENV_Test_accuracy_strategy_17_epoch3": 0.7686025408348457, "ENV_Test_accuracy_strategy_93_epoch3": 0.8170055452865065, "ENV_Test_accuracy_per_mean_strategy_epoch3": 0.8277607539524392, "ENV_Test_accuracy_per_mean_user_epoch3": 0.8253667696114659, "ENV_Test_accuracy_per_mean_user_and_bot_epoch3": 0.8536777050451952, "ENV_Train_TotalLoss_epoch4": 760.4142450816084, "ENV_Train_Right action_epoch4": 0.8461957813220761, "ENV_Train_Probability to choose the right action_epoch4": 0.7854817774577142, "ENV_Train_Weighted right action_epoch4": 0.8461957813220761, "ENV_Train_Weighted probability to choose the right action:_epoch4": 0.7854817774577142, "ENV_Test_TotalLoss_epoch4": 196.64156113473962, "ENV_Test_Right action_epoch4": 0.81728, "ENV_Test_Probability to choose the right action_epoch4": 0.7684781598940761, "ENV_Test_Weighted right action_epoch4": 0.8585541915354115, "ENV_Test_Weighted probability to choose the right action:_epoch4": 0.8140198205677853, "ENV_Test_proba_accuracy_epoch4": 0.768478159894075, "ENV_Test_proba_accuracy_strategy_132_epoch4": 0.8232637048111003, "ENV_Test_proba_accuracy_strategy_23_epoch4": 0.7680469581064889, "ENV_Test_proba_accuracy_strategy_107_epoch4": 0.8612330858091499, "ENV_Test_proba_accuracy_strategy_43_epoch4": 0.7766064290333958, "ENV_Test_proba_accuracy_strategy_17_epoch4": 0.7307144473383506, "ENV_Test_proba_accuracy_strategy_93_epoch4": 0.7714072514478285, "ENV_Test_proba_accuracy_per_mean_strategy_epoch4": 0.788545312757719, "ENV_Test_proba_accuracy_per_mean_user_epoch4": 0.7835426635965295, "ENV_Test_proba_accuracy_per_mean_user_and_bot_epoch4": 0.8140198205677851, "ENV_Test_accuracy_epoch4": 0.81728, "ENV_Test_accuracy_strategy_132_epoch4": 0.861756373937677, "ENV_Test_accuracy_strategy_23_epoch4": 0.8240426563257393, "ENV_Test_accuracy_strategy_107_epoch4": 0.909688013136289, "ENV_Test_accuracy_strategy_43_epoch4": 0.8180661577608143, "ENV_Test_accuracy_strategy_17_epoch4": 0.7765426497277677, "ENV_Test_accuracy_strategy_93_epoch4": 0.8188539741219963, "ENV_Test_accuracy_per_mean_strategy_epoch4": 0.8348249708350473, "ENV_Test_accuracy_per_mean_user_epoch4": 0.8312207830922493, "ENV_Test_accuracy_per_mean_user_and_bot_epoch4": 0.8585541915354136, "ENV_Train_TotalLoss_epoch5": 722.9336015746377, "ENV_Train_Right action_epoch5": 0.8540396980710092, "ENV_Train_Probability to choose the right action_epoch5": 0.7962172179549873, "ENV_Train_Weighted right action_epoch5": 0.8540396980710092, "ENV_Train_Weighted probability to choose the right action:_epoch5": 0.7962172179549873, "ENV_Test_TotalLoss_epoch5": 225.04033157144556, "ENV_Test_Right action_epoch5": 0.8176, "ENV_Test_Probability to choose the right action_epoch5": 0.78973925173967, "ENV_Test_Weighted right action_epoch5": 0.8595023445259258, "ENV_Test_Weighted probability to choose the right action:_epoch5": 0.8344687265139696, "ENV_Test_proba_accuracy_epoch5": 0.7897392517396694, "ENV_Test_proba_accuracy_strategy_132_epoch5": 0.84077025548923, "ENV_Test_proba_accuracy_strategy_23_epoch5": 0.7918370984358845, "ENV_Test_proba_accuracy_strategy_107_epoch5": 0.8774812368206933, "ENV_Test_proba_accuracy_strategy_43_epoch5": 0.7927462401874966, "ENV_Test_proba_accuracy_strategy_17_epoch5": 0.7523641857716814, "ENV_Test_proba_accuracy_strategy_93_epoch5": 0.7930055560018806, "ENV_Test_proba_accuracy_per_mean_strategy_epoch5": 0.8080340954511445, "ENV_Test_proba_accuracy_per_mean_user_epoch5": 0.8044590112995638, "ENV_Test_proba_accuracy_per_mean_user_and_bot_epoch5": 0.8344687265139705, "ENV_Test_accuracy_epoch5": 0.8176, "ENV_Test_accuracy_strategy_132_epoch5": 0.8623229461756374, "ENV_Test_accuracy_strategy_23_epoch5": 0.8288899660688318, "ENV_Test_accuracy_strategy_107_epoch5": 0.8998357963875205, "ENV_Test_accuracy_strategy_43_epoch5": 0.816793893129771, "ENV_Test_accuracy_strategy_17_epoch5": 0.7742740471869328, "ENV_Test_accuracy_strategy_93_epoch5": 0.8114602587800369, "ENV_Test_accuracy_per_mean_strategy_epoch5": 0.8322628179547884, "ENV_Test_accuracy_per_mean_user_epoch5": 0.8307493984696405, "ENV_Test_accuracy_per_mean_user_and_bot_epoch5": 0.859502344525927, "ENV_Train_TotalLoss_epoch6": 682.1972629861003, "ENV_Train_Right action_epoch6": 0.8630831784711258, "ENV_Train_Probability to choose the right action_epoch6": 0.8078647507048623, "ENV_Train_Weighted right action_epoch6": 0.8630831784711258, "ENV_Train_Weighted probability to choose the right action:_epoch6": 0.8078647507048623, "ENV_Test_TotalLoss_epoch6": 241.2641495729581, "ENV_Test_Right action_epoch6": 0.815744, "ENV_Test_Probability to choose the right action_epoch6": 0.7879640956134027, "ENV_Test_Weighted right action_epoch6": 0.8543585534579273, "ENV_Test_Weighted probability to choose the right action:_epoch6": 0.8302537985427284, "ENV_Test_proba_accuracy_epoch6": 0.7879640956134025, "ENV_Test_proba_accuracy_strategy_132_epoch6": 0.8382470214807177, "ENV_Test_proba_accuracy_strategy_23_epoch6": 0.7903726271847104, "ENV_Test_proba_accuracy_strategy_107_epoch6": 0.868537007750272, "ENV_Test_proba_accuracy_strategy_43_epoch6": 0.793856311163969, "ENV_Test_proba_accuracy_strategy_17_epoch6": 0.7506812139509461, "ENV_Test_proba_accuracy_strategy_93_epoch6": 0.790141276741524, "ENV_Test_proba_accuracy_per_mean_strategy_epoch6": 0.8053059097120232, "ENV_Test_proba_accuracy_per_mean_user_epoch6": 0.8017761677721191, "ENV_Test_proba_accuracy_per_mean_user_and_bot_epoch6": 0.8302537985427285, "ENV_Test_accuracy_epoch6": 0.815744, "ENV_Test_accuracy_strategy_132_epoch6": 0.8589235127478754, "ENV_Test_accuracy_strategy_23_epoch6": 0.8258200032315398, "ENV_Test_accuracy_strategy_107_epoch6": 0.8916256157635468, "ENV_Test_accuracy_strategy_43_epoch6": 0.8148854961832062, "ENV_Test_accuracy_strategy_17_epoch6": 0.7731397459165155, "ENV_Test_accuracy_strategy_93_epoch6": 0.8197781885397413, "ENV_Test_accuracy_per_mean_strategy_epoch6": 0.8306954270637376, "ENV_Test_accuracy_per_mean_user_epoch6": 0.8272825406088127, "ENV_Test_accuracy_per_mean_user_and_bot_epoch6": 0.8543585534579284, "ENV_Train_TotalLoss_epoch7": 644.7114661455386, "ENV_Train_Right action_epoch7": 0.8715124405926754, "ENV_Train_Probability to choose the right action_epoch7": 0.8191805684398894, "ENV_Train_Weighted right action_epoch7": 0.8715124405926754, "ENV_Train_Weighted probability to choose the right action:_epoch7": 0.8191805684398894, "ENV_Test_TotalLoss_epoch7": 241.07296690326925, "ENV_Test_Right action_epoch7": 0.80704, "ENV_Test_Probability to choose the right action_epoch7": 0.7817372670293381, "ENV_Test_Weighted right action_epoch7": 0.8456289402522457, "ENV_Test_Weighted probability to choose the right action:_epoch7": 0.8231925804873693, "ENV_Test_proba_accuracy_epoch7": 0.7817372670293379, "ENV_Test_proba_accuracy_strategy_132_epoch7": 0.832647669233086, "ENV_Test_proba_accuracy_strategy_23_epoch7": 0.7843823575282327, "ENV_Test_proba_accuracy_strategy_107_epoch7": 0.8603554212634884, "ENV_Test_proba_accuracy_strategy_43_epoch7": 0.7852471279327303, "ENV_Test_proba_accuracy_strategy_17_epoch7": 0.7462063682981107, "ENV_Test_proba_accuracy_strategy_93_epoch7": 0.7789617765961085, "ENV_Test_proba_accuracy_per_mean_strategy_epoch7": 0.797966786808626, "ENV_Test_proba_accuracy_per_mean_user_epoch7": 0.7962430210384953, "ENV_Test_proba_accuracy_per_mean_user_and_bot_epoch7": 0.8231925804873689, "ENV_Test_accuracy_epoch7": 0.80704, "ENV_Test_accuracy_strategy_132_epoch7": 0.8509915014164305, "ENV_Test_accuracy_strategy_23_epoch7": 0.8175795766682824, "ENV_Test_accuracy_strategy_107_epoch7": 0.8834154351395731, "ENV_Test_accuracy_strategy_43_epoch7": 0.8085241730279898, "ENV_Test_accuracy_strategy_17_epoch7": 0.7651996370235935, "ENV_Test_accuracy_strategy_93_epoch7": 0.800369685767098, "ENV_Test_accuracy_per_mean_strategy_epoch7": 0.8210133348404947, "ENV_Test_accuracy_per_mean_user_epoch7": 0.8207046922440336, "ENV_Test_accuracy_per_mean_user_and_bot_epoch7": 0.8456289402522467, "ENV_Train_TotalLoss_epoch8": 603.0962960008562, "ENV_Train_Right action_epoch8": 0.8816203296012077, "ENV_Train_Probability to choose the right action_epoch8": 0.8312261358412559, "ENV_Train_Weighted right action_epoch8": 0.8816203296012077, "ENV_Train_Weighted probability to choose the right action:_epoch8": 0.8312261358412559, "ENV_Test_TotalLoss_epoch8": 241.3184884687566, "ENV_Test_Right action_epoch8": 0.808384, "ENV_Test_Probability to choose the right action_epoch8": 0.7804953884856962, "ENV_Test_Weighted right action_epoch8": 0.8482615559612992, "ENV_Test_Weighted probability to choose the right action:_epoch8": 0.8189378941862441, "ENV_Test_proba_accuracy_epoch8": 0.7804953884856962, "ENV_Test_proba_accuracy_strategy_132_epoch8": 0.8282507390413204, "ENV_Test_proba_accuracy_strategy_23_epoch8": 0.7818556670711799, "ENV_Test_proba_accuracy_strategy_107_epoch8": 0.8551555778129581, "ENV_Test_proba_accuracy_strategy_43_epoch8": 0.7802760136662236, "ENV_Test_proba_accuracy_strategy_17_epoch8": 0.749422089071679, "ENV_Test_proba_accuracy_strategy_93_epoch8": 0.7797014400907422, "ENV_Test_proba_accuracy_per_mean_strategy_epoch8": 0.7957769211256839, "ENV_Test_proba_accuracy_per_mean_user_epoch8": 0.7937652426319366, "ENV_Test_proba_accuracy_per_mean_user_and_bot_epoch8": 0.8189378941862444, "ENV_Test_accuracy_epoch8": 0.808384, "ENV_Test_accuracy_strategy_132_epoch8": 0.854957507082153, "ENV_Test_accuracy_strategy_23_epoch8": 0.8122475359508806, "ENV_Test_accuracy_strategy_107_epoch8": 0.8817733990147784, "ENV_Test_accuracy_strategy_43_epoch8": 0.8085241730279898, "ENV_Test_accuracy_strategy_17_epoch8": 0.7742740471869328, "ENV_Test_accuracy_strategy_93_epoch8": 0.8077634011090573, "ENV_Test_accuracy_per_mean_strategy_epoch8": 0.823256677228632, "ENV_Test_accuracy_per_mean_user_epoch8": 0.8228376622286964, "ENV_Test_accuracy_per_mean_user_and_bot_epoch8": 0.8482615559613004, "ENV_Train_TotalLoss_epoch9": 556.823233835699, "ENV_Train_Right action_epoch9": 0.890606437546297, "ENV_Train_Probability to choose the right action_epoch9": 0.8443182607195917, "ENV_Train_Weighted right action_epoch9": 0.890606437546297, "ENV_Train_Weighted probability to choose the right action:_epoch9": 0.8443182607195917, "ENV_Test_TotalLoss_epoch9": 268.85342904818253, "ENV_Test_Right action_epoch9": 0.801152, "ENV_Test_Probability to choose the right action_epoch9": 0.7765941721399264, "ENV_Test_Weighted right action_epoch9": 0.8378080351987195, "ENV_Test_Weighted probability to choose the right action:_epoch9": 0.8142298942208854, "ENV_Test_proba_accuracy_epoch9": 0.7765941721399263, "ENV_Test_proba_accuracy_strategy_132_epoch9": 0.8237031071649991, "ENV_Test_proba_accuracy_strategy_23_epoch9": 0.7805243345189582, "ENV_Test_proba_accuracy_strategy_107_epoch9": 0.8512926427797552, "ENV_Test_proba_accuracy_strategy_43_epoch9": 0.7802591529128737, "ENV_Test_proba_accuracy_strategy_17_epoch9": 0.7417099344953743, "ENV_Test_proba_accuracy_strategy_93_epoch9": 0.7720155731190136, "ENV_Test_proba_accuracy_per_mean_strategy_epoch9": 0.7915841241651624, "ENV_Test_proba_accuracy_per_mean_user_epoch9": 0.7886348526639181, "ENV_Test_proba_accuracy_per_mean_user_and_bot_epoch9": 0.8142298942208858, "ENV_Test_accuracy_epoch9": 0.801152, "ENV_Test_accuracy_strategy_132_epoch9": 0.8447592067988668, "ENV_Test_accuracy_strategy_23_epoch9": 0.8077233801906608, "ENV_Test_accuracy_strategy_107_epoch9": 0.8702791461412152, "ENV_Test_accuracy_strategy_43_epoch9": 0.8059796437659033, "ENV_Test_accuracy_strategy_17_epoch9": 0.7656533575317604, "ENV_Test_accuracy_strategy_93_epoch9": 0.7911275415896488, "ENV_Test_accuracy_per_mean_strategy_epoch9": 0.8142537126696759, "ENV_Test_accuracy_per_mean_user_epoch9": 0.8130959045263962, "ENV_Test_accuracy_per_mean_user_and_bot_epoch9": 0.8378080351987205, "ENV_Train_TotalLoss_epoch10": 523.3600321956403, "ENV_Train_Right action_epoch10": 0.8985183114341627, "ENV_Train_Probability to choose the right action_epoch10": 0.8551887816503408, "ENV_Train_Weighted right action_epoch10": 0.8985183114341627, "ENV_Train_Weighted probability to choose the right action:_epoch10": 0.8551887816503408, "ENV_Test_TotalLoss_epoch10": 297.1575993980113, "ENV_Test_Right action_epoch10": 0.806912, "ENV_Test_Probability to choose the right action_epoch10": 0.7876640363675242, "ENV_Test_Weighted right action_epoch10": 0.8451508137224847, "ENV_Test_Weighted probability to choose the right action:_epoch10": 0.8256601313611734, "ENV_Test_proba_accuracy_epoch10": 0.787664036367523, "ENV_Test_proba_accuracy_strategy_132_epoch10": 0.8396907512762771, "ENV_Test_proba_accuracy_strategy_23_epoch10": 0.7902986457693414, "ENV_Test_proba_accuracy_strategy_107_epoch10": 0.8643119108880507, "ENV_Test_proba_accuracy_strategy_43_epoch10": 0.7908840265556103, "ENV_Test_proba_accuracy_strategy_17_epoch10": 0.75241465946274, "ENV_Test_proba_accuracy_strategy_93_epoch10": 0.7835107312250128, "ENV_Test_proba_accuracy_per_mean_strategy_epoch10": 0.8035184541961721, "ENV_Test_proba_accuracy_per_mean_user_epoch10": 0.7996718537648884, "ENV_Test_proba_accuracy_per_mean_user_and_bot_epoch10": 0.8256601313611734, "ENV_Test_accuracy_epoch10": 0.806912, "ENV_Test_accuracy_strategy_132_epoch10": 0.8594900849858357, "ENV_Test_accuracy_strategy_23_epoch10": 0.814348036839554, "ENV_Test_accuracy_strategy_107_epoch10": 0.8784893267651889, "ENV_Test_accuracy_strategy_43_epoch10": 0.8072519083969466, "ENV_Test_accuracy_strategy_17_epoch10": 0.7661070780399274, "ENV_Test_accuracy_strategy_93_epoch10": 0.8040665434380776, "ENV_Test_accuracy_per_mean_strategy_epoch10": 0.8216254964109218, "ENV_Test_accuracy_per_mean_user_epoch10": 0.8189972873568493, "ENV_Test_accuracy_per_mean_user_and_bot_epoch10": 0.8451508137224854, "ENV_Train_TotalLoss_epoch11": 485.56602513580714, "ENV_Train_Right action_epoch11": 0.9070589879787532, "ENV_Train_Probability to choose the right action_epoch11": 0.8663079675373837, "ENV_Train_Weighted right action_epoch11": 0.9070589879787532, "ENV_Train_Weighted probability to choose the right action:_epoch11": 0.8663079675373837, "ENV_Test_TotalLoss_epoch11": 290.66954414832605, "ENV_Test_Right action_epoch11": 0.807296, "ENV_Test_Probability to choose the right action_epoch11": 0.7865115914961756, "ENV_Test_Weighted right action_epoch11": 0.8480012306412705, "ENV_Test_Weighted probability to choose the right action:_epoch11": 0.8244207394318039, "ENV_Test_proba_accuracy_epoch11": 0.7865115914961749, "ENV_Test_proba_accuracy_strategy_132_epoch11": 0.8336148301234511, "ENV_Test_proba_accuracy_strategy_23_epoch11": 0.7881973925495247, "ENV_Test_proba_accuracy_strategy_107_epoch11": 0.8688804085409596, "ENV_Test_proba_accuracy_strategy_43_epoch11": 0.7882432491665408, "ENV_Test_proba_accuracy_strategy_17_epoch11": 0.7530942716207537, "ENV_Test_proba_accuracy_strategy_93_epoch11": 0.7872954470196896, "ENV_Test_proba_accuracy_per_mean_strategy_epoch11": 0.8032209331701532, "ENV_Test_proba_accuracy_per_mean_user_epoch11": 0.7975724947509035, "ENV_Test_proba_accuracy_per_mean_user_and_bot_epoch11": 0.8244207394318047, "ENV_Test_accuracy_epoch11": 0.807296, "ENV_Test_accuracy_strategy_132_epoch11": 0.8470254957507082, "ENV_Test_accuracy_strategy_23_epoch11": 0.809339150105025, "ENV_Test_accuracy_strategy_107_epoch11": 0.8998357963875205, "ENV_Test_accuracy_strategy_43_epoch11": 0.8110687022900763, "ENV_Test_accuracy_strategy_17_epoch11": 0.7742740471869328, "ENV_Test_accuracy_strategy_93_epoch11": 0.8077634011090573, "ENV_Test_accuracy_per_mean_strategy_epoch11": 0.8248844321382202, "ENV_Test_accuracy_per_mean_user_epoch11": 0.8179960023462385, "ENV_Test_accuracy_per_mean_user_and_bot_epoch11": 0.8480012306412708, "ENV_Train_TotalLoss_epoch12": 451.12202795939504, "ENV_Train_Right action_epoch12": 0.9146551121671675, "ENV_Train_Probability to choose the right action_epoch12": 0.8764880999075356, "ENV_Train_Weighted right action_epoch12": 0.9146551121671675, "ENV_Train_Weighted probability to choose the right action:_epoch12": 0.8764880999075356, "ENV_Test_TotalLoss_epoch12": 325.18390795610935, "ENV_Test_Right action_epoch12": 0.803584, "ENV_Test_Probability to choose the right action_epoch12": 0.7866416717714048, "ENV_Test_Weighted right action_epoch12": 0.8404062652651808, "ENV_Test_Weighted probability to choose the right action:_epoch12": 0.8231524729951045, "ENV_Test_proba_accuracy_epoch12": 0.7866416717714055, "ENV_Test_proba_accuracy_strategy_132_epoch12": 0.8386478501579153, "ENV_Test_proba_accuracy_strategy_23_epoch12": 0.789428732531274, "ENV_Test_proba_accuracy_strategy_107_epoch12": 0.8621179861406827, "ENV_Test_proba_accuracy_strategy_43_epoch12": 0.7843141180262496, "ENV_Test_proba_accuracy_strategy_17_epoch12": 0.7527046782782603, "ENV_Test_proba_accuracy_strategy_93_epoch12": 0.7850225243215572, "ENV_Test_proba_accuracy_per_mean_strategy_epoch12": 0.8020393149093232, "ENV_Test_proba_accuracy_per_mean_user_epoch12": 0.7988109425999791, "ENV_Test_proba_accuracy_per_mean_user_and_bot_epoch12": 0.8231524729951049, "ENV_Test_accuracy_epoch12": 0.803584, "ENV_Test_accuracy_strategy_132_epoch12": 0.8504249291784702, "ENV_Test_accuracy_strategy_23_epoch12": 0.8098238810793343, "ENV_Test_accuracy_strategy_107_epoch12": 0.8866995073891626, "ENV_Test_accuracy_strategy_43_epoch12": 0.7951653944020356, "ENV_Test_accuracy_strategy_17_epoch12": 0.7688294010889292, "ENV_Test_accuracy_strategy_93_epoch12": 0.7985212569316081, "ENV_Test_accuracy_per_mean_strategy_epoch12": 0.8182440616782567, "ENV_Test_accuracy_per_mean_user_epoch12": 0.8154670766123314, "ENV_Test_accuracy_per_mean_user_and_bot_epoch12": 0.8404062652651816, "ENV_Train_TotalLoss_epoch13": 414.1241022901771, "ENV_Train_Right action_epoch13": 0.9211298708559289, "ENV_Train_Probability to choose the right action_epoch13": 0.8867581872426287, "ENV_Train_Weighted right action_epoch13": 0.9211298708559289, "ENV_Train_Weighted probability to choose the right action:_epoch13": 0.8867581872426287, "ENV_Test_TotalLoss_epoch13": 362.63347354081753, "ENV_Test_Right action_epoch13": 0.80512, "ENV_Test_Probability to choose the right action_epoch13": 0.7915150719255313, "ENV_Test_Weighted right action_epoch13": 0.8438649720172147, "ENV_Test_Weighted probability to choose the right action:_epoch13": 0.8309788654755392, "ENV_Test_proba_accuracy_epoch13": 0.791515071925532, "ENV_Test_proba_accuracy_strategy_132_epoch13": 0.8420785300937897, "ENV_Test_proba_accuracy_strategy_23_epoch13": 0.7922616099586864, "ENV_Test_proba_accuracy_strategy_107_epoch13": 0.870458089926686, "ENV_Test_proba_accuracy_strategy_43_epoch13": 0.7906504464966868, "ENV_Test_proba_accuracy_strategy_17_epoch13": 0.7597673694463877, "ENV_Test_proba_accuracy_strategy_93_epoch13": 0.7909253659970124, "ENV_Test_proba_accuracy_per_mean_strategy_epoch13": 0.807690235319875, "ENV_Test_proba_accuracy_per_mean_user_epoch13": 0.8065029493044348, "ENV_Test_proba_accuracy_per_mean_user_and_bot_epoch13": 0.8309788654755391, "ENV_Test_accuracy_epoch13": 0.80512, "ENV_Test_accuracy_strategy_132_epoch13": 0.8509915014164305, "ENV_Test_accuracy_strategy_23_epoch13": 0.8077233801906608, "ENV_Test_accuracy_strategy_107_epoch13": 0.8850574712643678, "ENV_Test_accuracy_strategy_43_epoch13": 0.8027989821882952, "ENV_Test_accuracy_strategy_17_epoch13": 0.7731397459165155, "ENV_Test_accuracy_strategy_93_epoch13": 0.8040665434380776, "ENV_Test_accuracy_per_mean_strategy_epoch13": 0.8206296040690578, "ENV_Test_accuracy_per_mean_user_epoch13": 0.8204387579385815, "ENV_Test_accuracy_per_mean_user_and_bot_epoch13": 0.8438649720172144, "ENV_Train_TotalLoss_epoch14": 388.2124204706497, "ENV_Train_Right action_epoch14": 0.9267443810801744, "ENV_Train_Probability to choose the right action_epoch14": 0.8945865770491481, "ENV_Train_Weighted right action_epoch14": 0.9267443810801744, "ENV_Train_Weighted probability to choose the right action:_epoch14": 0.8945865770491481, "ENV_Test_TotalLoss_epoch14": 389.655609358288, "ENV_Test_Right action_epoch14": 0.801408, "ENV_Test_Probability to choose the right action_epoch14": 0.7872142032531513, "ENV_Test_Weighted right action_epoch14": 0.8418848405506089, "ENV_Test_Weighted probability to choose the right action:_epoch14": 0.8274654330772686, "ENV_Test_proba_accuracy_epoch14": 0.787214203253151, "ENV_Test_proba_accuracy_strategy_132_epoch14": 0.834800115183764, "ENV_Test_proba_accuracy_strategy_23_epoch14": 0.7855883502528207, "ENV_Test_proba_accuracy_strategy_107_epoch14": 0.8682886997490965, "ENV_Test_proba_accuracy_strategy_43_epoch14": 0.7890311710140248, "ENV_Test_proba_accuracy_strategy_17_epoch14": 0.7573470098720816, "ENV_Test_proba_accuracy_strategy_93_epoch14": 0.7922948099067014, "ENV_Test_proba_accuracy_per_mean_strategy_epoch14": 0.8045583593297482, "ENV_Test_proba_accuracy_per_mean_user_epoch14": 0.8003145662924884, "ENV_Test_proba_accuracy_per_mean_user_and_bot_epoch14": 0.8274654330772692, "ENV_Test_accuracy_epoch14": 0.801408, "ENV_Test_accuracy_strategy_132_epoch14": 0.8453257790368272, "ENV_Test_accuracy_strategy_23_epoch14": 0.8001292615931491, "ENV_Test_accuracy_strategy_107_epoch14": 0.8817733990147784, "ENV_Test_accuracy_strategy_43_epoch14": 0.8021628498727735, "ENV_Test_accuracy_strategy_17_epoch14": 0.772912885662432, "ENV_Test_accuracy_strategy_93_epoch14": 0.8068391866913124, "ENV_Test_accuracy_per_mean_strategy_epoch14": 0.8181905603118786, "ENV_Test_accuracy_per_mean_user_epoch14": 0.8148043653851887, "ENV_Test_accuracy_per_mean_user_and_bot_epoch14": 0.841884840550609, "ENV_Train_TotalLoss_epoch15": 350.2759141761555, "ENV_Train_Right action_epoch15": 0.9350843595800892, "ENV_Train_Probability to choose the right action_epoch15": 0.9053410174084607, "ENV_Train_Weighted right action_epoch15": 0.9350843595800892, "ENV_Train_Weighted probability to choose the right action:_epoch15": 0.9053410174084607, "ENV_Test_TotalLoss_epoch15": 443.1133183156675, "ENV_Test_Right action_epoch15": 0.803328, "ENV_Test_Probability to choose the right action_epoch15": 0.7932739345387185, "ENV_Test_Weighted right action_epoch15": 0.8372534086650109, "ENV_Test_Weighted probability to choose the right action:_epoch15": 0.8281853596930198, "ENV_Test_proba_accuracy_epoch15": 0.7932739345387174, "ENV_Test_proba_accuracy_strategy_132_epoch15": 0.8431130560635793, "ENV_Test_proba_accuracy_strategy_23_epoch15": 0.7935985006376137, "ENV_Test_proba_accuracy_strategy_107_epoch15": 0.8675302623339299, "ENV_Test_proba_accuracy_strategy_43_epoch15": 0.7974432535993501, "ENV_Test_proba_accuracy_strategy_17_epoch15": 0.761684970587082, "ENV_Test_proba_accuracy_strategy_93_epoch15": 0.7909570129405291, "ENV_Test_proba_accuracy_per_mean_strategy_epoch15": 0.8090545093603474, "ENV_Test_proba_accuracy_per_mean_user_epoch15": 0.8051209216051062, "ENV_Test_proba_accuracy_per_mean_user_and_bot_epoch15": 0.8281853596930194, "ENV_Test_accuracy_epoch15": 0.803328, "ENV_Test_accuracy_strategy_132_epoch15": 0.8504249291784702, "ENV_Test_accuracy_strategy_23_epoch15": 0.8052997253191145, "ENV_Test_accuracy_strategy_107_epoch15": 0.8784893267651889, "ENV_Test_accuracy_strategy_43_epoch15": 0.806615776081425, "ENV_Test_accuracy_strategy_17_epoch15": 0.771551724137931, "ENV_Test_accuracy_strategy_93_epoch15": 0.7975970425138632, "ENV_Test_accuracy_per_mean_strategy_epoch15": 0.8183297539993322, "ENV_Test_accuracy_per_mean_user_epoch15": 0.8155249062173372, "ENV_Test_accuracy_per_mean_user_and_bot_epoch15": 0.8372534086650117, "ENV_Train_TotalLoss_epoch16": 324.3966168561321, "ENV_Train_Right action_epoch16": 0.9406485882024043, "ENV_Train_Probability to choose the right action_epoch16": 0.9130794863372812, "ENV_Train_Weighted right action_epoch16": 0.9406485882024043, "ENV_Train_Weighted probability to choose the right action:_epoch16": 0.9130794863372812, "ENV_Test_TotalLoss_epoch16": 470.5164814257218, "ENV_Test_Right action_epoch16": 0.79872, "ENV_Test_Probability to choose the right action_epoch16": 0.7878794937532699, "ENV_Test_Weighted right action_epoch16": 0.8393362089903926, "ENV_Test_Weighted probability to choose the right action:_epoch16": 0.828899427723071, "ENV_Test_proba_accuracy_epoch16": 0.78787949375327, "ENV_Test_proba_accuracy_strategy_132_epoch16": 0.8366772340362043, "ENV_Test_proba_accuracy_strategy_23_epoch16": 0.7875261001294059, "ENV_Test_proba_accuracy_strategy_107_epoch16": 0.8689236103703446, "ENV_Test_proba_accuracy_strategy_43_epoch16": 0.7946370788358104, "ENV_Test_proba_accuracy_strategy_17_epoch16": 0.7555257678004061, "ENV_Test_proba_accuracy_strategy_93_epoch16": 0.7866739251482687, "ENV_Test_proba_accuracy_per_mean_strategy_epoch16": 0.8049939527200732, "ENV_Test_proba_accuracy_per_mean_user_epoch16": 0.8028496293691332, "ENV_Test_proba_accuracy_per_mean_user_and_bot_epoch16": 0.8288994277230716, "ENV_Test_accuracy_epoch16": 0.79872, "ENV_Test_accuracy_strategy_132_epoch16": 0.8453257790368272, "ENV_Test_accuracy_strategy_23_epoch16": 0.7988366456616578, "ENV_Test_accuracy_strategy_107_epoch16": 0.8850574712643678, "ENV_Test_accuracy_strategy_43_epoch16": 0.8110687022900763, "ENV_Test_accuracy_strategy_17_epoch16": 0.764519056261343, "ENV_Test_accuracy_strategy_93_epoch16": 0.7948243992606284, "ENV_Test_accuracy_per_mean_strategy_epoch16": 0.8166053422958167, "ENV_Test_accuracy_per_mean_user_epoch16": 0.8140068621024966, "ENV_Test_accuracy_per_mean_user_and_bot_epoch16": 0.8393362089903942, "ENV_Train_TotalLoss_epoch17": 294.7934166023527, "ENV_Train_Right action_epoch17": 0.946016969290337, "ENV_Train_Probability to choose the right action_epoch17": 0.9211921692866655, "ENV_Train_Weighted right action_epoch17": 0.946016969290337, "ENV_Train_Weighted probability to choose the right action:_epoch17": 0.9211921692866655, "ENV_Test_TotalLoss_epoch17": 476.8401462378983, "ENV_Test_Right action_epoch17": 0.794688, "ENV_Test_Probability to choose the right action_epoch17": 0.7891895388151654, "ENV_Test_Weighted right action_epoch17": 0.8379983488084932, "ENV_Test_Weighted probability to choose the right action:_epoch17": 0.8308342353575519, "ENV_Test_proba_accuracy_epoch17": 0.789189538815166, "ENV_Test_proba_accuracy_strategy_132_epoch17": 0.8393245012540028, "ENV_Test_proba_accuracy_strategy_23_epoch17": 0.7896622865676569, "ENV_Test_proba_accuracy_strategy_107_epoch17": 0.8720266563828666, "ENV_Test_proba_accuracy_strategy_43_epoch17": 0.7908412548352287, "ENV_Test_proba_accuracy_strategy_17_epoch17": 0.7559394513612571, "ENV_Test_proba_accuracy_strategy_93_epoch17": 0.7911378186394266, "ENV_Test_proba_accuracy_per_mean_strategy_epoch17": 0.8064886615067398, "ENV_Test_proba_accuracy_per_mean_user_epoch17": 0.8037085296186295, "ENV_Test_proba_accuracy_per_mean_user_and_bot_epoch17": 0.8308342353575515, "ENV_Test_accuracy_epoch17": 0.794688, "ENV_Test_accuracy_strategy_132_epoch17": 0.8430594900849858, "ENV_Test_accuracy_strategy_23_epoch17": 0.7952819518500566, "ENV_Test_accuracy_strategy_107_epoch17": 0.8801313628899836, "ENV_Test_accuracy_strategy_43_epoch17": 0.799618320610687, "ENV_Test_accuracy_strategy_17_epoch17": 0.7595281306715064, "ENV_Test_accuracy_strategy_93_epoch17": 0.800369685767098, "ENV_Test_accuracy_per_mean_strategy_epoch17": 0.8129981569790529, "ENV_Test_accuracy_per_mean_user_epoch17": 0.8094596048843397, "ENV_Test_accuracy_per_mean_user_and_bot_epoch17": 0.8379983488084946, "ENV_Train_TotalLoss_epoch18": 273.4941254931511, "ENV_Train_Right action_epoch18": 0.9507113111042791, "ENV_Train_Probability to choose the right action_epoch18": 0.927695475146998, "ENV_Train_Weighted right action_epoch18": 0.9507113111042791, "ENV_Train_Weighted probability to choose the right action:_epoch18": 0.927695475146998, "ENV_Test_TotalLoss_epoch18": 495.3976442345246, "ENV_Test_Right action_epoch18": 0.795776, "ENV_Test_Probability to choose the right action_epoch18": 0.7896911761322734, "ENV_Test_Weighted right action_epoch18": 0.8375535536531811, "ENV_Test_Weighted probability to choose the right action:_epoch18": 0.8318163316963553, "ENV_Test_proba_accuracy_epoch18": 0.789691176132274, "ENV_Test_proba_accuracy_strategy_132_epoch18": 0.844208332687854, "ENV_Test_proba_accuracy_strategy_23_epoch18": 0.7887399563411703, "ENV_Test_proba_accuracy_strategy_107_epoch18": 0.8706307023803217, "ENV_Test_proba_accuracy_strategy_43_epoch18": 0.7946312595516984, "ENV_Test_proba_accuracy_strategy_17_epoch18": 0.7576734637148287, "ENV_Test_proba_accuracy_strategy_93_epoch18": 0.7839059743598565, "ENV_Test_proba_accuracy_per_mean_strategy_epoch18": 0.8066316148392882, "ENV_Test_proba_accuracy_per_mean_user_epoch18": 0.8046772917725404, "ENV_Test_proba_accuracy_per_mean_user_and_bot_epoch18": 0.8318163316963559, "ENV_Test_accuracy_epoch18": 0.795776, "ENV_Test_accuracy_strategy_132_epoch18": 0.853257790368272, "ENV_Test_accuracy_strategy_23_epoch18": 0.7957666828243658, "ENV_Test_accuracy_strategy_107_epoch18": 0.8735632183908046, "ENV_Test_accuracy_strategy_43_epoch18": 0.8027989821882952, "ENV_Test_accuracy_strategy_17_epoch18": 0.7602087114337568, "ENV_Test_accuracy_strategy_93_epoch18": 0.7929759704251387, "ENV_Test_accuracy_per_mean_strategy_epoch18": 0.8130952259384389, "ENV_Test_accuracy_per_mean_user_epoch18": 0.8106999602203737, "ENV_Test_accuracy_per_mean_user_and_bot_epoch18": 0.8375535536531817, "ENV_Train_TotalLoss_epoch19": 260.07842049203606, "ENV_Train_Right action_epoch19": 0.952893486161588, "ENV_Train_Probability to choose the right action_epoch19": 0.931146892736953, "ENV_Train_Weighted right action_epoch19": 0.952893486161588, "ENV_Train_Weighted probability to choose the right action:_epoch19": 0.931146892736953, "ENV_Test_TotalLoss_epoch19": 514.8029376761235, "ENV_Test_Right action_epoch19": 0.795264, "ENV_Test_Probability to choose the right action_epoch19": 0.789374975155745, "ENV_Test_Weighted right action_epoch19": 0.8337505505799561, "ENV_Test_Weighted probability to choose the right action:_epoch19": 0.8285662090557371, "ENV_Test_proba_accuracy_epoch19": 0.789374975155744, "ENV_Test_proba_accuracy_strategy_132_epoch19": 0.842889714253486, "ENV_Test_proba_accuracy_strategy_23_epoch19": 0.7890267401837777, "ENV_Test_proba_accuracy_strategy_107_epoch19": 0.8723282703682604, "ENV_Test_proba_accuracy_strategy_43_epoch19": 0.7913007396534416, "ENV_Test_proba_accuracy_strategy_17_epoch19": 0.7603114773689552, "ENV_Test_proba_accuracy_strategy_93_epoch19": 0.7729865753436802, "ENV_Test_proba_accuracy_per_mean_strategy_epoch19": 0.8048072528619336, "ENV_Test_proba_accuracy_per_mean_user_epoch19": 0.8038021689320703, "ENV_Test_proba_accuracy_per_mean_user_and_bot_epoch19": 0.8285662090557372, "ENV_Test_accuracy_epoch19": 0.795264, "ENV_Test_accuracy_strategy_132_epoch19": 0.8492917847025496, "ENV_Test_accuracy_strategy_23_epoch19": 0.7959282598158022, "ENV_Test_accuracy_strategy_107_epoch19": 0.8735632183908046, "ENV_Test_accuracy_strategy_43_epoch19": 0.7964376590330788, "ENV_Test_accuracy_strategy_17_epoch19": 0.7658802177858439, "ENV_Test_accuracy_strategy_93_epoch19": 0.777264325323475, "ENV_Test_accuracy_per_mean_strategy_epoch19": 0.8097275775085923, "ENV_Test_accuracy_per_mean_user_epoch19": 0.8100955483702214, "ENV_Test_accuracy_per_mean_user_and_bot_epoch19": 0.8337505505799565, "ENV_Train_TotalLoss_epoch20": 235.68202631080393, "ENV_Train_Right action_epoch20": 0.9581353089180877, "ENV_Train_Probability to choose the right action_epoch20": 0.9380027765227158, "ENV_Train_Weighted right action_epoch20": 0.9581353089180877, "ENV_Train_Weighted probability to choose the right action:_epoch20": 0.9380027765227158, "ENV_Test_TotalLoss_epoch20": 585.8997900423527, "ENV_Test_Right action_epoch20": 0.792, "ENV_Test_Probability to choose the right action_epoch20": 0.7881990561338654, "ENV_Test_Weighted right action_epoch20": 0.8303053650195814, "ENV_Test_Weighted probability to choose the right action:_epoch20": 0.8257952985295175, "ENV_Test_proba_accuracy_epoch20": 0.7881990561338654, "ENV_Test_proba_accuracy_strategy_132_epoch20": 0.8400915000206345, "ENV_Test_proba_accuracy_strategy_23_epoch20": 0.7901716216398569, "ENV_Test_proba_accuracy_strategy_107_epoch20": 0.8649624948676599, "ENV_Test_proba_accuracy_strategy_43_epoch20": 0.7898424937279661, "ENV_Test_proba_accuracy_strategy_17_epoch20": 0.7556915171595646, "ENV_Test_proba_accuracy_strategy_93_epoch20": 0.7791070435046429, "ENV_Test_proba_accuracy_per_mean_strategy_epoch20": 0.8033111118200543, "ENV_Test_proba_accuracy_per_mean_user_epoch20": 0.8030369845224066, "ENV_Test_proba_accuracy_per_mean_user_and_bot_epoch20": 0.8257952985295182, "ENV_Test_accuracy_epoch20": 0.792, "ENV_Test_accuracy_strategy_132_epoch20": 0.8441926345609065, "ENV_Test_accuracy_strategy_23_epoch20": 0.7946356438843108, "ENV_Test_accuracy_strategy_107_epoch20": 0.8669950738916257, "ENV_Test_accuracy_strategy_43_epoch20": 0.7900763358778626, "ENV_Test_accuracy_strategy_17_epoch20": 0.7593012704174229, "ENV_Test_accuracy_strategy_93_epoch20": 0.7855822550831792, "ENV_Test_accuracy_per_mean_strategy_epoch20": 0.8067972022858846, "ENV_Test_accuracy_per_mean_user_epoch20": 0.8077693071145675, "ENV_Test_accuracy_per_mean_user_and_bot_epoch20": 0.8303053650195815, "ENV_Train_TotalLoss_epoch21": 227.50780504698403, "ENV_Train_Right action_epoch21": 0.9595096997819645, "ENV_Train_Probability to choose the right action_epoch21": 0.9409222273870501, "ENV_Train_Weighted right action_epoch21": 0.9595096997819645, "ENV_Train_Weighted probability to choose the right action:_epoch21": 0.9409222273870501, "ENV_Test_TotalLoss_epoch21": 593.9008818912162, "ENV_Test_Right action_epoch21": 0.793408, "ENV_Test_Probability to choose the right action_epoch21": 0.7877707339488836, "ENV_Test_Weighted right action_epoch21": 0.8317822594656048, "ENV_Test_Weighted probability to choose the right action:_epoch21": 0.8254485223271647, "ENV_Test_proba_accuracy_epoch21": 0.7877707339488839, "ENV_Test_proba_accuracy_strategy_132_epoch21": 0.8430919326021263, "ENV_Test_proba_accuracy_strategy_23_epoch21": 0.7898934092693128, "ENV_Test_proba_accuracy_strategy_107_epoch21": 0.8682727212296026, "ENV_Test_proba_accuracy_strategy_43_epoch21": 0.7831015333148544, "ENV_Test_proba_accuracy_strategy_17_epoch21": 0.7550031627530807, "ENV_Test_proba_accuracy_strategy_93_epoch21": 0.7803535193395746, "ENV_Test_proba_accuracy_per_mean_strategy_epoch21": 0.803286046418092, "ENV_Test_proba_accuracy_per_mean_user_epoch21": 0.8027702993140988, "ENV_Test_proba_accuracy_per_mean_user_and_bot_epoch21": 0.8254485223271645, "ENV_Test_accuracy_epoch21": 0.793408, "ENV_Test_accuracy_strategy_132_epoch21": 0.8504249291784702, "ENV_Test_accuracy_strategy_23_epoch21": 0.7959282598158022, "ENV_Test_accuracy_strategy_107_epoch21": 0.8735632183908046, "ENV_Test_accuracy_strategy_43_epoch21": 0.7856234096692112, "ENV_Test_accuracy_strategy_17_epoch21": 0.7611161524500908, "ENV_Test_accuracy_strategy_93_epoch21": 0.7837338262476895, "ENV_Test_accuracy_per_mean_strategy_epoch21": 0.8083982992920115, "ENV_Test_accuracy_per_mean_user_epoch21": 0.809885298796455, "ENV_Test_accuracy_per_mean_user_and_bot_epoch21": 0.8317822594656046, "ENV_Train_TotalLoss_epoch22": 205.45856207168816, "ENV_Train_Right action_epoch22": 0.964062063181437, "ENV_Train_Probability to choose the right action_epoch22": 0.9469621418459252, "ENV_Train_Weighted right action_epoch22": 0.964062063181437, "ENV_Train_Weighted probability to choose the right action:_epoch22": 0.9469621418459252, "ENV_Test_TotalLoss_epoch22": 614.8563955581512, "ENV_Test_Right action_epoch22": 0.794816, "ENV_Test_Probability to choose the right action_epoch22": 0.7880445453120771, "ENV_Test_Weighted right action_epoch22": 0.8298460361860542, "ENV_Test_Weighted probability to choose the right action:_epoch22": 0.8243406864783418, "ENV_Test_proba_accuracy_epoch22": 0.7880445453120778, "ENV_Test_proba_accuracy_strategy_132_epoch22": 0.8404363925961132, "ENV_Test_proba_accuracy_strategy_23_epoch22": 0.789828887084165, "ENV_Test_proba_accuracy_strategy_107_epoch22": 0.863371915726775, "ENV_Test_proba_accuracy_strategy_43_epoch22": 0.7823411509044107, "ENV_Test_proba_accuracy_strategy_17_epoch22": 0.7576890618017109, "ENV_Test_proba_accuracy_strategy_93_epoch22": 0.7819294224435261, "ENV_Test_proba_accuracy_per_mean_strategy_epoch22": 0.8025994717594503, "ENV_Test_proba_accuracy_per_mean_user_epoch22": 0.8016156559872036, "ENV_Test_proba_accuracy_per_mean_user_and_bot_epoch22": 0.8243406864783418, "ENV_Test_accuracy_epoch22": 0.794816, "ENV_Test_accuracy_strategy_132_epoch22": 0.8475920679886686, "ENV_Test_accuracy_strategy_23_epoch22": 0.79738245273873, "ENV_Test_accuracy_strategy_107_epoch22": 0.8686371100164204, "ENV_Test_accuracy_strategy_43_epoch22": 0.7888040712468194, "ENV_Test_accuracy_strategy_17_epoch22": 0.7636116152450091, "ENV_Test_accuracy_strategy_93_epoch22": 0.788354898336414, "ENV_Test_accuracy_per_mean_strategy_epoch22": 0.8090637025953437, "ENV_Test_accuracy_per_mean_user_epoch22": 0.8086944453715642, "ENV_Test_accuracy_per_mean_user_and_bot_epoch22": 0.8298460361860559, "ENV_Train_TotalLoss_epoch23": 197.92560664815514, "ENV_Train_Right action_epoch23": 0.96569942972157, "ENV_Train_Probability to choose the right action_epoch23": 0.9490075467445905, "ENV_Train_Weighted right action_epoch23": 0.96569942972157, "ENV_Train_Weighted probability to choose the right action:_epoch23": 0.9490075467445905, "ENV_Test_TotalLoss_epoch23": 655.0491459422295, "ENV_Test_Right action_epoch23": 0.789824, "ENV_Test_Probability to choose the right action_epoch23": 0.7856786371625541, "ENV_Test_Weighted right action_epoch23": 0.8288028373107947, "ENV_Test_Weighted probability to choose the right action:_epoch23": 0.825614338425792, "ENV_Test_proba_accuracy_epoch23": 0.7856786371625532, "ENV_Test_proba_accuracy_strategy_132_epoch23": 0.8351752578650964, "ENV_Test_proba_accuracy_strategy_23_epoch23": 0.7860761366056914, "ENV_Test_proba_accuracy_strategy_107_epoch23": 0.880769156735826, "ENV_Test_proba_accuracy_strategy_43_epoch23": 0.7842751011323038, "ENV_Test_proba_accuracy_strategy_17_epoch23": 0.7559693889148366, "ENV_Test_proba_accuracy_strategy_93_epoch23": 0.7722155492714181, "ENV_Test_proba_accuracy_per_mean_strategy_epoch23": 0.8024134317541952, "ENV_Test_proba_accuracy_per_mean_user_epoch23": 0.7992158686592054, "ENV_Test_proba_accuracy_per_mean_user_and_bot_epoch23": 0.8256143384257921, "ENV_Test_accuracy_epoch23": 0.789824, "ENV_Test_accuracy_strategy_132_epoch23": 0.8390934844192635, "ENV_Test_accuracy_strategy_23_epoch23": 0.7912425270641461, "ENV_Test_accuracy_strategy_107_epoch23": 0.8850574712643678, "ENV_Test_accuracy_strategy_43_epoch23": 0.7843511450381679, "ENV_Test_accuracy_strategy_17_epoch23": 0.7617967332123412, "ENV_Test_accuracy_strategy_93_epoch23": 0.7698706099815157, "ENV_Test_accuracy_per_mean_strategy_epoch23": 0.8052353284966337, "ENV_Test_accuracy_per_mean_user_epoch23": 0.8031276099785731, "ENV_Test_accuracy_per_mean_user_and_bot_epoch23": 0.8288028373107958, "ENV_Train_TotalLoss_epoch24": 186.4764634514272, "ENV_Train_Right action_epoch24": 0.9672905687806651, "ENV_Train_Probability to choose the right action_epoch24": 0.951673205320009, "ENV_Train_Weighted right action_epoch24": 0.9672905687806651, "ENV_Train_Weighted probability to choose the right action:_epoch24": 0.951673205320009, "ENV_Test_TotalLoss_epoch24": 598.0527609848834, "ENV_Test_Right action_epoch24": 0.795648, "ENV_Test_Probability to choose the right action_epoch24": 0.7917202541784236, "ENV_Test_Weighted right action_epoch24": 0.830458925510596, "ENV_Test_Weighted probability to choose the right action:_epoch24": 0.8256016867409952, "ENV_Test_proba_accuracy_epoch24": 0.7917202541784236, "ENV_Test_proba_accuracy_strategy_132_epoch24": 0.8415813874820943, "ENV_Test_proba_accuracy_strategy_23_epoch24": 0.7957684483299554, "ENV_Test_proba_accuracy_strategy_107_epoch24": 0.8653456031178106, "ENV_Test_proba_accuracy_strategy_43_epoch24": 0.7802480997127871, "ENV_Test_proba_accuracy_strategy_17_epoch24": 0.7633224081465017, "ENV_Test_proba_accuracy_strategy_93_epoch24": 0.7781480922004181, "ENV_Test_proba_accuracy_per_mean_strategy_epoch24": 0.8040690064982612, "ENV_Test_proba_accuracy_per_mean_user_epoch24": 0.8040735940512094, "ENV_Test_proba_accuracy_per_mean_user_and_bot_epoch24": 0.8256016867409959, "ENV_Test_accuracy_epoch24": 0.795648, "ENV_Test_accuracy_strategy_132_epoch24": 0.8470254957507082, "ENV_Test_accuracy_strategy_23_epoch24": 0.7998061076102763, "ENV_Test_accuracy_strategy_107_epoch24": 0.8702791461412152, "ENV_Test_accuracy_strategy_43_epoch24": 0.7792620865139949, "ENV_Test_accuracy_strategy_17_epoch24": 0.7676950998185118, "ENV_Test_accuracy_strategy_93_epoch24": 0.7837338262476895, "ENV_Test_accuracy_per_mean_strategy_epoch24": 0.8079669603470659, "ENV_Test_accuracy_per_mean_user_epoch24": 0.8082929313269952, "ENV_Test_accuracy_per_mean_user_and_bot_epoch24": 0.8304589255105961, "_wandb": {"runtime": 2098}}