{"ENV_Train_TotalLoss": 186.59523106298485, "ENV_Train_TotalLoss_epoch0": 1041.9088020557076, "ENV_Train_Right action": 0.9672905687806651, "ENV_Train_Right action_epoch0": 0.7858250988832828, "ENV_Train_Probability to choose the right action": 0.9518439721220872, "ENV_Train_Probability to choose the right action_epoch0": 0.7017660657623875, "ENV_Train_Weighted right action": 0.9672905687806651, "ENV_Train_Weighted right action_epoch0": 0.7858250988832828, "ENV_Train_Weighted probability to choose the right action:": 0.9518439721220872, "ENV_Train_Weighted probability to choose the right action:_epoch0": 0.7017660657623875, "_timestamp": 1720365208.778131, "_runtime": 2588.382378101349, "_step": 49, "ENV_Test_TotalLoss": 681.6196925354875, "ENV_Test_TotalLoss_epoch0": 211.3752630325649, "ENV_Test_Right action": 0.784448, "ENV_Test_Right action_epoch0": 0.796096, "ENV_Test_Probability to choose the right action": 0.7813280394011539, "ENV_Test_Probability to choose the right action_epoch0": 0.733718666443019, "ENV_Test_Weighted right action": 0.8252990413561859, "ENV_Test_Weighted right action_epoch0": 0.843600132159758, "ENV_Test_Weighted probability to choose the right action:": 0.8212539139701608, "ENV_Test_Weighted probability to choose the right action:_epoch0": 0.7771392426661486, "ENV_Test_proba_accuracy": 0.7813280394011538, "ENV_Test_proba_accuracy_epoch0": 0.7337186664430198, "ENV_Test_proba_accuracy_strategy_132": 0.8323029473632846, "ENV_Test_proba_accuracy_strategy_132_epoch0": 0.7851175329162656, "ENV_Test_proba_accuracy_strategy_23": 0.7819635054313115, "ENV_Test_proba_accuracy_strategy_23_epoch0": 0.7308797635288617, "ENV_Test_proba_accuracy_strategy_107": 0.8700552396367592, "ENV_Test_proba_accuracy_strategy_107_epoch0": 0.8099324264673872, "ENV_Test_proba_accuracy_strategy_43": 0.7794465979067388, "ENV_Test_proba_accuracy_strategy_43_epoch0": 0.749646549338683, "ENV_Test_proba_accuracy_strategy_17": 0.747416662217253, "ENV_Test_proba_accuracy_strategy_17_epoch0": 0.6984987332766035, "ENV_Test_proba_accuracy_strategy_93": 0.7854874662944655, "ENV_Test_proba_accuracy_strategy_93_epoch0": 0.7435593544662964, "ENV_Test_proba_accuracy_per_mean_strategy": 0.7994454031416353, "ENV_Test_proba_accuracy_per_mean_strategy_epoch0": 0.7529390599990163, "ENV_Test_proba_accuracy_per_mean_user": 0.793353876730613, "ENV_Test_proba_accuracy_per_mean_user_epoch0": 0.7470978226915844, "ENV_Test_proba_accuracy_per_mean_user_and_bot": 0.821253913970161, "ENV_Test_proba_accuracy_per_mean_user_and_bot_epoch0": 0.7771392426661485, "ENV_Test_accuracy": 0.784448, "ENV_Test_accuracy_epoch0": 0.796096, "ENV_Test_accuracy_strategy_132": 0.8379603399433427, "ENV_Test_accuracy_strategy_132_epoch0": 0.8402266288951842, "ENV_Test_accuracy_strategy_23": 0.7860720633381807, "ENV_Test_accuracy_strategy_23_epoch0": 0.7964129907901115, "ENV_Test_accuracy_strategy_107": 0.8719211822660099, "ENV_Test_accuracy_strategy_107_epoch0": 0.8850574712643678, "ENV_Test_accuracy_strategy_43": 0.7805343511450382, "ENV_Test_accuracy_strategy_43_epoch0": 0.8148854961832062, "ENV_Test_accuracy_strategy_17": 0.7475045372050817, "ENV_Test_accuracy_strategy_17_epoch0": 0.7545372050816697, "ENV_Test_accuracy_strategy_93": 0.7948243992606284, "ENV_Test_accuracy_strategy_93_epoch0": 0.8142329020332717, "ENV_Test_accuracy_per_mean_strategy": 0.8031361455263802, "ENV_Test_accuracy_per_mean_strategy_epoch0": 0.8175587823746352, "ENV_Test_accuracy_per_mean_user": 0.7966743872596691, "ENV_Test_accuracy_per_mean_user_epoch0": 0.8120147481517993, "ENV_Test_accuracy_per_mean_user_and_bot": 0.8252990413561877, "ENV_Test_accuracy_per_mean_user_and_bot_epoch0": 0.8436001321597589, "ENV_Train_TotalLoss_epoch1": 891.179494017304, "ENV_Train_Right action_epoch1": 0.8177257291390081, "ENV_Train_Probability to choose the right action_epoch1": 0.7480845016867924, "ENV_Train_Weighted right action_epoch1": 0.8177257291390081, "ENV_Train_Weighted probability to choose the right action:_epoch1": 0.7480845016867924, "ENV_Test_TotalLoss_epoch1": 196.57514685041983, "ENV_Test_Right action_epoch1": 0.80928, "ENV_Test_Probability to choose the right action_epoch1": 0.7611505201680918, "ENV_Test_Weighted right action_epoch1": 0.8515804855426252, "ENV_Test_Weighted probability to choose the right action:_epoch1": 0.8027706106879567, "ENV_Test_proba_accuracy_epoch1": 0.7611505201680926, "ENV_Test_proba_accuracy_strategy_132_epoch1": 0.8158784649372938, "ENV_Test_proba_accuracy_strategy_23_epoch1": 0.7593086683962746, "ENV_Test_proba_accuracy_strategy_107_epoch1": 0.8391325551484192, "ENV_Test_proba_accuracy_strategy_43_epoch1": 0.7700928312137505, "ENV_Test_proba_accuracy_strategy_17_epoch1": 0.7269844680823153, "ENV_Test_proba_accuracy_strategy_93_epoch1": 0.7647179725021535, "ENV_Test_proba_accuracy_per_mean_strategy_epoch1": 0.7793524933800344, "ENV_Test_proba_accuracy_per_mean_user_epoch1": 0.7752389157287498, "ENV_Test_proba_accuracy_per_mean_user_and_bot_epoch1": 0.8027706106879561, "ENV_Test_accuracy_epoch1": 0.80928, "ENV_Test_accuracy_strategy_132_epoch1": 0.8645892351274788, "ENV_Test_accuracy_strategy_23_epoch1": 0.8096623040878979, "ENV_Test_accuracy_strategy_107_epoch1": 0.8916256157635468, "ENV_Test_accuracy_strategy_43_epoch1": 0.8225190839694656, "ENV_Test_accuracy_strategy_17_epoch1": 0.7692831215970962, "ENV_Test_accuracy_strategy_93_epoch1": 0.8142329020332717, "ENV_Test_accuracy_per_mean_strategy_epoch1": 0.8286520437631263, "ENV_Test_accuracy_per_mean_user_epoch1": 0.8248526192771084, "ENV_Test_accuracy_per_mean_user_and_bot_epoch1": 0.8515804855426266, "ENV_Train_TotalLoss_epoch2": 834.3912733275994, "ENV_Train_Right action_epoch2": 0.8294755674829476, "ENV_Train_Probability to choose the right action_epoch2": 0.7639383219407055, "ENV_Train_Weighted right action_epoch2": 0.8294755674829476, "ENV_Train_Weighted probability to choose the right action:_epoch2": 0.7639383219407055, "ENV_Test_TotalLoss_epoch2": 197.93384604265614, "ENV_Test_Right action_epoch2": 0.815936, "ENV_Test_Probability to choose the right action_epoch2": 0.7676350706879905, "ENV_Test_Weighted right action_epoch2": 0.8571405146921808, "ENV_Test_Weighted probability to choose the right action:_epoch2": 0.8125104399209925, "ENV_Test_proba_accuracy_epoch2": 0.7676350706879909, "ENV_Test_proba_accuracy_strategy_132_epoch2": 0.8213969068424044, "ENV_Test_proba_accuracy_strategy_23_epoch2": 0.7642776442282836, "ENV_Test_proba_accuracy_strategy_107_epoch2": 0.8519053703995005, "ENV_Test_proba_accuracy_strategy_43_epoch2": 0.7782227047045585, "ENV_Test_proba_accuracy_strategy_17_epoch2": 0.7348278789737656, "ENV_Test_proba_accuracy_strategy_93_epoch2": 0.7699818354056803, "ENV_Test_proba_accuracy_per_mean_strategy_epoch2": 0.7867687234256988, "ENV_Test_proba_accuracy_per_mean_user_epoch2": 0.7834384894402238, "ENV_Test_proba_accuracy_per_mean_user_and_bot_epoch2": 0.8125104399209934, "ENV_Test_accuracy_epoch2": 0.815936, "ENV_Test_accuracy_strategy_132_epoch2": 0.8583569405099151, "ENV_Test_accuracy_strategy_23_epoch2": 0.817417999676846, "ENV_Test_accuracy_strategy_107_epoch2": 0.8932676518883416, "ENV_Test_accuracy_strategy_43_epoch2": 0.821882951653944, "ENV_Test_accuracy_strategy_17_epoch2": 0.780852994555354, "ENV_Test_accuracy_strategy_93_epoch2": 0.8290203327171903, "ENV_Test_accuracy_per_mean_strategy_epoch2": 0.8334664785002651, "ENV_Test_accuracy_per_mean_user_epoch2": 0.8316986930886785, "ENV_Test_accuracy_per_mean_user_and_bot_epoch2": 0.8571405146921816, "ENV_Train_TotalLoss_epoch3": 794.6283361309504, "ENV_Train_Right action_epoch3": 0.8376013419066257, "ENV_Train_Probability to choose the right action_epoch3": 0.7748866691743487, "ENV_Train_Weighted right action_epoch3": 0.8376013419066257, "ENV_Train_Weighted probability to choose the right action:_epoch3": 0.7748866691743487, "ENV_Test_TotalLoss_epoch3": 200.38649390208067, "ENV_Test_Right action_epoch3": 0.814144, "ENV_Test_Probability to choose the right action_epoch3": 0.7642007391812371, "ENV_Test_Weighted right action_epoch3": 0.85615124300922, "ENV_Test_Weighted probability to choose the right action:_epoch3": 0.8080034449500066, "ENV_Test_proba_accuracy_epoch3": 0.7642007391812375, "ENV_Test_proba_accuracy_strategy_132_epoch3": 0.8147771035191427, "ENV_Test_proba_accuracy_strategy_23_epoch3": 0.7626215154844387, "ENV_Test_proba_accuracy_strategy_107_epoch3": 0.8501031331542932, "ENV_Test_proba_accuracy_strategy_43_epoch3": 0.7722904535936287, "ENV_Test_proba_accuracy_strategy_17_epoch3": 0.7310341462960107, "ENV_Test_proba_accuracy_strategy_93_epoch3": 0.7657472131694945, "ENV_Test_proba_accuracy_per_mean_strategy_epoch3": 0.7827622608695014, "ENV_Test_proba_accuracy_per_mean_user_epoch3": 0.7791675222363074, "ENV_Test_proba_accuracy_per_mean_user_and_bot_epoch3": 0.8080034449500055, "ENV_Test_accuracy_epoch3": 0.814144, "ENV_Test_accuracy_strategy_132_epoch3": 0.8560906515580736, "ENV_Test_accuracy_strategy_23_epoch3": 0.8195185005655194, "ENV_Test_accuracy_strategy_107_epoch3": 0.8932676518883416, "ENV_Test_accuracy_strategy_43_epoch3": 0.8180661577608143, "ENV_Test_accuracy_strategy_17_epoch3": 0.778584392014519, "ENV_Test_accuracy_strategy_93_epoch3": 0.8096118299445472, "ENV_Test_accuracy_per_mean_strategy_epoch3": 0.8291898639553025, "ENV_Test_accuracy_per_mean_user_epoch3": 0.8294868475388977, "ENV_Test_accuracy_per_mean_user_and_bot_epoch3": 0.8561512430092209, "ENV_Train_TotalLoss_epoch4": 759.2164886579709, "ENV_Train_Right action_epoch4": 0.8446441800975691, "ENV_Train_Probability to choose the right action_epoch4": 0.7848078030265204, "ENV_Train_Weighted right action_epoch4": 0.8446441800975691, "ENV_Train_Weighted probability to choose the right action:_epoch4": 0.7848078030265204, "ENV_Test_TotalLoss_epoch4": 197.60402791026644, "ENV_Test_Right action_epoch4": 0.819584, "ENV_Test_Probability to choose the right action_epoch4": 0.7670361472765329, "ENV_Test_Weighted right action_epoch4": 0.8594927368964148, "ENV_Test_Weighted probability to choose the right action:_epoch4": 0.8111124782460402, "ENV_Test_proba_accuracy_epoch4": 0.7670361472765328, "ENV_Test_proba_accuracy_strategy_132_epoch4": 0.8177505946478812, "ENV_Test_proba_accuracy_strategy_23_epoch4": 0.7647563620575343, "ENV_Test_proba_accuracy_strategy_107_epoch4": 0.8560957369312028, "ENV_Test_proba_accuracy_strategy_43_epoch4": 0.7739419262709654, "ENV_Test_proba_accuracy_strategy_17_epoch4": 0.7341295875145644, "ENV_Test_proba_accuracy_strategy_93_epoch4": 0.7712482839325112, "ENV_Test_proba_accuracy_per_mean_strategy_epoch4": 0.7863204152257767, "ENV_Test_proba_accuracy_per_mean_user_epoch4": 0.7816145852875418, "ENV_Test_proba_accuracy_per_mean_user_and_bot_epoch4": 0.8111124782460395, "ENV_Test_accuracy_epoch4": 0.819584, "ENV_Test_accuracy_strategy_132_epoch4": 0.8572237960339943, "ENV_Test_accuracy_strategy_23_epoch4": 0.8229116173856843, "ENV_Test_accuracy_strategy_107_epoch4": 0.909688013136289, "ENV_Test_accuracy_strategy_43_epoch4": 0.8199745547073791, "ENV_Test_accuracy_strategy_17_epoch4": 0.7849364791288567, "ENV_Test_accuracy_strategy_93_epoch4": 0.8290203327171903, "ENV_Test_accuracy_per_mean_strategy_epoch4": 0.8372924655182324, "ENV_Test_accuracy_per_mean_user_epoch4": 0.8333980089531602, "ENV_Test_accuracy_per_mean_user_and_bot_epoch4": 0.8594927368964149, "ENV_Train_TotalLoss_epoch5": 723.3527047649102, "ENV_Train_Right action_epoch5": 0.8526279004752586, "ENV_Train_Probability to choose the right action_epoch5": 0.7950749352840963, "ENV_Train_Weighted right action_epoch5": 0.8526279004752586, "ENV_Train_Weighted probability to choose the right action:_epoch5": 0.7950749352840963, "ENV_Test_TotalLoss_epoch5": 215.14219986635368, "ENV_Test_Right action_epoch5": 0.81792, "ENV_Test_Probability to choose the right action_epoch5": 0.7844592161326697, "ENV_Test_Weighted right action_epoch5": 0.8578060450097312, "ENV_Test_Weighted probability to choose the right action:_epoch5": 0.8287781934025962, "ENV_Test_proba_accuracy_epoch5": 0.7844592161326688, "ENV_Test_proba_accuracy_strategy_132_epoch5": 0.8361630811776999, "ENV_Test_proba_accuracy_strategy_23_epoch5": 0.7835064857626646, "ENV_Test_proba_accuracy_strategy_107_epoch5": 0.8698546815657087, "ENV_Test_proba_accuracy_strategy_43_epoch5": 0.7892100005854226, "ENV_Test_proba_accuracy_strategy_17_epoch5": 0.7508909885068562, "ENV_Test_proba_accuracy_strategy_93_epoch5": 0.7873555213282383, "ENV_Test_proba_accuracy_per_mean_strategy_epoch5": 0.8028301264877652, "ENV_Test_proba_accuracy_per_mean_user_epoch5": 0.8000636754206972, "ENV_Test_proba_accuracy_per_mean_user_and_bot_epoch5": 0.8287781934025951, "ENV_Test_accuracy_epoch5": 0.81792, "ENV_Test_accuracy_strategy_132_epoch5": 0.8594900849858357, "ENV_Test_accuracy_strategy_23_epoch5": 0.8246889642914849, "ENV_Test_accuracy_strategy_107_epoch5": 0.8949096880131363, "ENV_Test_accuracy_strategy_43_epoch5": 0.8161577608142494, "ENV_Test_accuracy_strategy_17_epoch5": 0.7801724137931034, "ENV_Test_accuracy_strategy_93_epoch5": 0.8243992606284658, "ENV_Test_accuracy_per_mean_strategy_epoch5": 0.8333030287543792, "ENV_Test_accuracy_per_mean_user_epoch5": 0.8323930268916495, "ENV_Test_accuracy_per_mean_user_and_bot_epoch5": 0.8578060450097312, "ENV_Train_TotalLoss_epoch6": 682.9078434318166, "ENV_Train_Right action_epoch6": 0.8608336011401585, "ENV_Train_Probability to choose the right action_epoch6": 0.8066039054534855, "ENV_Train_Weighted right action_epoch6": 0.8608336011401585, "ENV_Train_Weighted probability to choose the right action:_epoch6": 0.8066039054534855, "ENV_Test_TotalLoss_epoch6": 233.14202585866587, "ENV_Test_Right action_epoch6": 0.809344, "ENV_Test_Probability to choose the right action_epoch6": 0.7846370152206932, "ENV_Test_Weighted right action_epoch6": 0.8492228092781987, "ENV_Test_Weighted probability to choose the right action:_epoch6": 0.8270524904946179, "ENV_Test_proba_accuracy_epoch6": 0.7846370152206931, "ENV_Test_proba_accuracy_strategy_132_epoch6": 0.8341571075125133, "ENV_Test_proba_accuracy_strategy_23_epoch6": 0.7857107982142869, "ENV_Test_proba_accuracy_strategy_107_epoch6": 0.8644496075626416, "ENV_Test_proba_accuracy_strategy_43_epoch6": 0.7904484623495576, "ENV_Test_proba_accuracy_strategy_17_epoch6": 0.7498065513147318, "ENV_Test_proba_accuracy_strategy_93_epoch6": 0.7862475655277547, "ENV_Test_proba_accuracy_per_mean_strategy_epoch6": 0.8018033487469142, "ENV_Test_proba_accuracy_per_mean_user_epoch6": 0.7989313743548773, "ENV_Test_proba_accuracy_per_mean_user_and_bot_epoch6": 0.8270524904946167, "ENV_Test_accuracy_epoch6": 0.809344, "ENV_Test_accuracy_strategy_132_epoch6": 0.8538243626062323, "ENV_Test_accuracy_strategy_23_epoch6": 0.8148327678138633, "ENV_Test_accuracy_strategy_107_epoch6": 0.8834154351395731, "ENV_Test_accuracy_strategy_43_epoch6": 0.8206106870229007, "ENV_Test_accuracy_strategy_17_epoch6": 0.7695099818511797, "ENV_Test_accuracy_strategy_93_epoch6": 0.8096118299445472, "ENV_Test_accuracy_per_mean_strategy_epoch6": 0.8253008440630495, "ENV_Test_accuracy_per_mean_user_epoch6": 0.8230365119559652, "ENV_Test_accuracy_per_mean_user_and_bot_epoch6": 0.8492228092781992, "ENV_Train_TotalLoss_epoch7": 645.9292844194754, "ENV_Train_Right action_epoch7": 0.8691920603857981, "ENV_Train_Probability to choose the right action_epoch7": 0.8179147812940415, "ENV_Train_Weighted right action_epoch7": 0.8691920603857981, "ENV_Train_Weighted probability to choose the right action:_epoch7": 0.8179147812940415, "ENV_Test_TotalLoss_epoch7": 255.4985364653897, "ENV_Test_Right action_epoch7": 0.80928, "ENV_Test_Probability to choose the right action_epoch7": 0.7826956949765813, "ENV_Test_Weighted right action_epoch7": 0.8458997884641228, "ENV_Test_Weighted probability to choose the right action:_epoch7": 0.8223120967389521, "ENV_Test_proba_accuracy_epoch7": 0.7826956949765814, "ENV_Test_proba_accuracy_strategy_132_epoch7": 0.827009359290644, "ENV_Test_proba_accuracy_strategy_23_epoch7": 0.7877231387094484, "ENV_Test_proba_accuracy_strategy_107_epoch7": 0.8620487542185371, "ENV_Test_proba_accuracy_strategy_43_epoch7": 0.7885848916490062, "ENV_Test_proba_accuracy_strategy_17_epoch7": 0.7442126201495534, "ENV_Test_proba_accuracy_strategy_93_epoch7": 0.7852105718833308, "ENV_Test_proba_accuracy_per_mean_strategy_epoch7": 0.7991315559834199, "ENV_Test_proba_accuracy_per_mean_user_epoch7": 0.7963536772076018, "ENV_Test_proba_accuracy_per_mean_user_and_bot_epoch7": 0.8223120967389512, "ENV_Test_accuracy_epoch7": 0.80928, "ENV_Test_accuracy_strategy_132_epoch7": 0.8481586402266289, "ENV_Test_accuracy_strategy_23_epoch7": 0.8217805784456294, "ENV_Test_accuracy_strategy_107_epoch7": 0.8801313628899836, "ENV_Test_accuracy_strategy_43_epoch7": 0.8148854961832062, "ENV_Test_accuracy_strategy_17_epoch7": 0.7647459165154264, "ENV_Test_accuracy_strategy_93_epoch7": 0.8077634011090573, "ENV_Test_accuracy_per_mean_strategy_epoch7": 0.822910899228322, "ENV_Test_accuracy_per_mean_user_epoch7": 0.8212427089491282, "ENV_Test_accuracy_per_mean_user_and_bot_epoch7": 0.8458997884641227, "ENV_Train_TotalLoss_epoch8": 608.5691933636073, "ENV_Train_Right action_epoch8": 0.8775806879970925, "ENV_Train_Probability to choose the right action_epoch8": 0.8287479489132878, "ENV_Train_Weighted right action_epoch8": 0.8775806879970925, "ENV_Train_Weighted probability to choose the right action:_epoch8": 0.8287479489132878, "ENV_Test_TotalLoss_epoch8": 257.3527403849496, "ENV_Test_Right action_epoch8": 0.810496, "ENV_Test_Probability to choose the right action_epoch8": 0.784730203116431, "ENV_Test_Weighted right action_epoch8": 0.8479101112559264, "ENV_Test_Weighted probability to choose the right action:_epoch8": 0.8220327205265965, "ENV_Test_proba_accuracy_epoch8": 0.7847302031164304, "ENV_Test_proba_accuracy_strategy_132_epoch8": 0.8301896557223702, "ENV_Test_proba_accuracy_strategy_23_epoch8": 0.7880224564653941, "ENV_Test_proba_accuracy_strategy_107_epoch8": 0.8604789885668572, "ENV_Test_proba_accuracy_strategy_43_epoch8": 0.7853988393957212, "ENV_Test_proba_accuracy_strategy_17_epoch8": 0.7518122469028593, "ENV_Test_proba_accuracy_strategy_93_epoch8": 0.7822427304665652, "ENV_Test_proba_accuracy_per_mean_strategy_epoch8": 0.7996908195866279, "ENV_Test_proba_accuracy_per_mean_user_epoch8": 0.7974930096384768, "ENV_Test_proba_accuracy_per_mean_user_and_bot_epoch8": 0.8220327205265955, "ENV_Test_accuracy_epoch8": 0.810496, "ENV_Test_accuracy_strategy_132_epoch8": 0.8526912181303116, "ENV_Test_accuracy_strategy_23_epoch8": 0.8170948456939732, "ENV_Test_accuracy_strategy_107_epoch8": 0.8850574712643678, "ENV_Test_accuracy_strategy_43_epoch8": 0.8129770992366412, "ENV_Test_accuracy_strategy_17_epoch8": 0.7731397459165155, "ENV_Test_accuracy_strategy_93_epoch8": 0.8105360443622921, "ENV_Test_accuracy_per_mean_strategy_epoch8": 0.8252494041006835, "ENV_Test_accuracy_per_mean_user_epoch8": 0.8236447088761819, "ENV_Test_accuracy_per_mean_user_and_bot_epoch8": 0.8479101112559279, "ENV_Train_TotalLoss_epoch9": 570.5782488930153, "ENV_Train_Right action_epoch9": 0.8866091769276999, "ENV_Train_Probability to choose the right action_epoch9": 0.8400922941140122, "ENV_Train_Weighted right action_epoch9": 0.8866091769276999, "ENV_Train_Weighted probability to choose the right action:_epoch9": 0.8400922941140122, "ENV_Test_TotalLoss_epoch9": 272.18416811111075, "ENV_Test_Right action_epoch9": 0.805952, "ENV_Test_Probability to choose the right action_epoch9": 0.7812056568375376, "ENV_Test_Weighted right action_epoch9": 0.8438328606401623, "ENV_Test_Weighted probability to choose the right action:_epoch9": 0.8210305116278303, "ENV_Test_proba_accuracy_epoch9": 0.7812056568375384, "ENV_Test_proba_accuracy_strategy_132_epoch9": 0.8265058743531245, "ENV_Test_proba_accuracy_strategy_23_epoch9": 0.7840197916025848, "ENV_Test_proba_accuracy_strategy_107_epoch9": 0.8624556482312049, "ENV_Test_proba_accuracy_strategy_43_epoch9": 0.7854688421442005, "ENV_Test_proba_accuracy_strategy_17_epoch9": 0.7463085259873543, "ENV_Test_proba_accuracy_strategy_93_epoch9": 0.7814570586405998, "ENV_Test_proba_accuracy_per_mean_strategy_epoch9": 0.7977026234931781, "ENV_Test_proba_accuracy_per_mean_user_epoch9": 0.7951822106963815, "ENV_Test_proba_accuracy_per_mean_user_and_bot_epoch9": 0.8210305116278303, "ENV_Test_accuracy_epoch9": 0.805952, "ENV_Test_accuracy_strategy_132_epoch9": 0.8441926345609065, "ENV_Test_accuracy_strategy_23_epoch9": 0.8119243819680078, "ENV_Test_accuracy_strategy_107_epoch9": 0.8784893267651889, "ENV_Test_accuracy_strategy_43_epoch9": 0.8142493638676844, "ENV_Test_accuracy_strategy_17_epoch9": 0.7710980036297641, "ENV_Test_accuracy_strategy_93_epoch9": 0.7985212569316081, "ENV_Test_accuracy_per_mean_strategy_epoch9": 0.81974582795386, "ENV_Test_accuracy_per_mean_user_epoch9": 0.8199291125828048, "ENV_Test_accuracy_per_mean_user_and_bot_epoch9": 0.8438328606401626, "ENV_Train_TotalLoss_epoch10": 532.3281840776186, "ENV_Train_Right action_epoch10": 0.8951355884819682, "ENV_Train_Probability to choose the right action_epoch10": 0.8518014236314219, "ENV_Train_Weighted right action_epoch10": 0.8951355884819682, "ENV_Train_Weighted probability to choose the right action:_epoch10": 0.8518014236314219, "ENV_Test_TotalLoss_epoch10": 324.379697381667, "ENV_Test_Right action_epoch10": 0.80288, "ENV_Test_Probability to choose the right action_epoch10": 0.7866785032678515, "ENV_Test_Weighted right action_epoch10": 0.840986776609721, "ENV_Test_Weighted probability to choose the right action:_epoch10": 0.8260007046787542, "ENV_Test_proba_accuracy_epoch10": 0.7866785032678514, "ENV_Test_proba_accuracy_strategy_132_epoch10": 0.8311909877832023, "ENV_Test_proba_accuracy_strategy_23_epoch10": 0.7896765350542411, "ENV_Test_proba_accuracy_strategy_107_epoch10": 0.867340356630307, "ENV_Test_proba_accuracy_strategy_43_epoch10": 0.7930588654985246, "ENV_Test_proba_accuracy_strategy_17_epoch10": 0.7509375118940478, "ENV_Test_proba_accuracy_strategy_93_epoch10": 0.7878558950939266, "ENV_Test_proba_accuracy_per_mean_strategy_epoch10": 0.8033433586590416, "ENV_Test_proba_accuracy_per_mean_user_epoch10": 0.8006633226161689, "ENV_Test_proba_accuracy_per_mean_user_and_bot_epoch10": 0.8260007046787544, "ENV_Test_accuracy_epoch10": 0.80288, "ENV_Test_accuracy_strategy_132_epoch10": 0.8407932011331445, "ENV_Test_accuracy_strategy_23_epoch10": 0.8078849571820973, "ENV_Test_accuracy_strategy_107_epoch10": 0.8784893267651889, "ENV_Test_accuracy_strategy_43_epoch10": 0.8142493638676844, "ENV_Test_accuracy_strategy_17_epoch10": 0.7667876588021778, "ENV_Test_accuracy_strategy_93_epoch10": 0.800369685767098, "ENV_Test_accuracy_per_mean_strategy_epoch10": 0.8180956989195652, "ENV_Test_accuracy_per_mean_user_epoch10": 0.817211569083153, "ENV_Test_accuracy_per_mean_user_and_bot_epoch10": 0.8409867766097225, "ENV_Train_TotalLoss_epoch11": 493.45626588640187, "ENV_Train_Right action_epoch11": 0.9027537042214145, "ENV_Train_Probability to choose the right action_epoch11": 0.862784961570178, "ENV_Train_Weighted right action_epoch11": 0.9027537042214145, "ENV_Train_Weighted probability to choose the right action:_epoch11": 0.862784961570178, "ENV_Test_TotalLoss_epoch11": 342.91723320626556, "ENV_Test_Right action_epoch11": 0.796544, "ENV_Test_Probability to choose the right action_epoch11": 0.781093607142398, "ENV_Test_Weighted right action_epoch11": 0.8349694492003217, "ENV_Test_Weighted probability to choose the right action:_epoch11": 0.8180309961458687, "ENV_Test_proba_accuracy_epoch11": 0.781093607142399, "ENV_Test_proba_accuracy_strategy_132_epoch11": 0.8283596060582192, "ENV_Test_proba_accuracy_strategy_23_epoch11": 0.783967625025615, "ENV_Test_proba_accuracy_strategy_107_epoch11": 0.8605643155135446, "ENV_Test_proba_accuracy_strategy_43_epoch11": 0.7856368860385705, "ENV_Test_proba_accuracy_strategy_17_epoch11": 0.7464248410482015, "ENV_Test_proba_accuracy_strategy_93_epoch11": 0.7774600030340482, "ENV_Test_proba_accuracy_per_mean_strategy_epoch11": 0.7970688794530333, "ENV_Test_proba_accuracy_per_mean_user_epoch11": 0.7934147897104769, "ENV_Test_proba_accuracy_per_mean_user_and_bot_epoch11": 0.8180309961458698, "ENV_Test_accuracy_epoch11": 0.796544, "ENV_Test_accuracy_strategy_132_epoch11": 0.8436260623229461, "ENV_Test_accuracy_strategy_23_epoch11": 0.8010987235417677, "ENV_Test_accuracy_strategy_107_epoch11": 0.8784893267651889, "ENV_Test_accuracy_strategy_43_epoch11": 0.8002544529262087, "ENV_Test_accuracy_strategy_17_epoch11": 0.7593012704174229, "ENV_Test_accuracy_strategy_93_epoch11": 0.7939001848428835, "ENV_Test_accuracy_per_mean_strategy_epoch11": 0.8127783368027363, "ENV_Test_accuracy_per_mean_user_epoch11": 0.809604197431265, "ENV_Test_accuracy_per_mean_user_and_bot_epoch11": 0.8349694492003231, "ENV_Train_TotalLoss_epoch12": 455.1764828343159, "ENV_Train_Right action_epoch12": 0.9115102383115522, "ENV_Train_Probability to choose the right action_epoch12": 0.873969258629742, "ENV_Train_Weighted right action_epoch12": 0.9115102383115522, "ENV_Train_Weighted probability to choose the right action:_epoch12": 0.873969258629742, "ENV_Test_TotalLoss_epoch12": 377.31470366661557, "ENV_Test_Right action_epoch12": 0.796544, "ENV_Test_Probability to choose the right action_epoch12": 0.7810885674494682, "ENV_Test_Weighted right action_epoch12": 0.8350821326032557, "ENV_Test_Weighted probability to choose the right action:_epoch12": 0.8198907808317576, "ENV_Test_proba_accuracy_epoch12": 0.7810885674494682, "ENV_Test_proba_accuracy_strategy_132_epoch12": 0.8298424576957165, "ENV_Test_proba_accuracy_strategy_23_epoch12": 0.7812863893113469, "ENV_Test_proba_accuracy_strategy_107_epoch12": 0.8665623716126801, "ENV_Test_proba_accuracy_strategy_43_epoch12": 0.7831179579449854, "ENV_Test_proba_accuracy_strategy_17_epoch12": 0.7489108384366567, "ENV_Test_proba_accuracy_strategy_93_epoch12": 0.7804607902834131, "ENV_Test_proba_accuracy_per_mean_strategy_epoch12": 0.7983634675474663, "ENV_Test_proba_accuracy_per_mean_user_epoch12": 0.7931691437225589, "ENV_Test_proba_accuracy_per_mean_user_and_bot_epoch12": 0.819890780831758, "ENV_Test_accuracy_epoch12": 0.796544, "ENV_Test_accuracy_strategy_132_epoch12": 0.8419263456090652, "ENV_Test_accuracy_strategy_23_epoch12": 0.7991597996445307, "ENV_Test_accuracy_strategy_107_epoch12": 0.8801313628899836, "ENV_Test_accuracy_strategy_43_epoch12": 0.7989821882951654, "ENV_Test_accuracy_strategy_17_epoch12": 0.7638384754990926, "ENV_Test_accuracy_strategy_93_epoch12": 0.7902033271719039, "ENV_Test_accuracy_per_mean_strategy_epoch12": 0.8123735831849568, "ENV_Test_accuracy_per_mean_user_epoch12": 0.807633158979528, "ENV_Test_accuracy_per_mean_user_and_bot_epoch12": 0.8350821326032568, "ENV_Train_TotalLoss_epoch13": 422.7248836254595, "ENV_Train_Right action_epoch13": 0.9198719740593727, "ENV_Train_Probability to choose the right action_epoch13": 0.884115279250627, "ENV_Train_Weighted right action_epoch13": 0.9198719740593727, "ENV_Train_Weighted probability to choose the right action:_epoch13": 0.884115279250627, "ENV_Test_TotalLoss_epoch13": 441.911539386491, "ENV_Test_Right action_epoch13": 0.8, "ENV_Test_Probability to choose the right action_epoch13": 0.7889924641511051, "ENV_Test_Weighted right action_epoch13": 0.8380933886752747, "ENV_Test_Weighted probability to choose the right action:_epoch13": 0.8261223638883668, "ENV_Test_proba_accuracy_epoch13": 0.7889924641511042, "ENV_Test_proba_accuracy_strategy_132_epoch13": 0.8323034270859105, "ENV_Test_proba_accuracy_strategy_23_epoch13": 0.7931158347468925, "ENV_Test_proba_accuracy_strategy_107_epoch13": 0.8655997936766981, "ENV_Test_proba_accuracy_strategy_43_epoch13": 0.7867889054708372, "ENV_Test_proba_accuracy_strategy_17_epoch13": 0.7553143691133178, "ENV_Test_proba_accuracy_strategy_93_epoch13": 0.7920421714464744, "ENV_Test_proba_accuracy_per_mean_strategy_epoch13": 0.8041940835900218, "ENV_Test_proba_accuracy_per_mean_user_epoch13": 0.8020549984872746, "ENV_Test_proba_accuracy_per_mean_user_and_bot_epoch13": 0.8261223638883672, "ENV_Test_accuracy_epoch13": 0.8, "ENV_Test_accuracy_strategy_132_epoch13": 0.8413597733711048, "ENV_Test_accuracy_strategy_23_epoch13": 0.8057844562934238, "ENV_Test_accuracy_strategy_107_epoch13": 0.8768472906403941, "ENV_Test_accuracy_strategy_43_epoch13": 0.7932569974554707, "ENV_Test_accuracy_strategy_17_epoch13": 0.7663339382940109, "ENV_Test_accuracy_strategy_93_epoch13": 0.8031423290203327, "ENV_Test_accuracy_per_mean_strategy_epoch13": 0.8144541308457894, "ENV_Test_accuracy_per_mean_user_epoch13": 0.8127519870471412, "ENV_Test_accuracy_per_mean_user_and_bot_epoch13": 0.8380933886752765, "ENV_Train_TotalLoss_epoch14": 385.53921343466385, "ENV_Train_Right action_epoch14": 0.9277367773677737, "ENV_Train_Probability to choose the right action_epoch14": 0.8947238899663256, "ENV_Train_Weighted right action_epoch14": 0.9277367773677737, "ENV_Train_Weighted probability to choose the right action:_epoch14": 0.8947238899663256, "ENV_Test_TotalLoss_epoch14": 412.1881870742372, "ENV_Test_Right action_epoch14": 0.793792, "ENV_Test_Probability to choose the right action_epoch14": 0.7815576190762417, "ENV_Test_Weighted right action_epoch14": 0.8330881144096534, "ENV_Test_Weighted probability to choose the right action:_epoch14": 0.820675320947211, "ENV_Test_proba_accuracy_epoch14": 0.7815576190762408, "ENV_Test_proba_accuracy_strategy_132_epoch14": 0.8286896710870173, "ENV_Test_proba_accuracy_strategy_23_epoch14": 0.7810658334920457, "ENV_Test_proba_accuracy_strategy_107_epoch14": 0.8648886084678021, "ENV_Test_proba_accuracy_strategy_43_epoch14": 0.7872739142987485, "ENV_Test_proba_accuracy_strategy_17_epoch14": 0.7494306246126836, "ENV_Test_proba_accuracy_strategy_93_epoch14": 0.7831627874197512, "ENV_Test_proba_accuracy_per_mean_strategy_epoch14": 0.7990852398963414, "ENV_Test_proba_accuracy_per_mean_user_epoch14": 0.7943253987404779, "ENV_Test_proba_accuracy_per_mean_user_and_bot_epoch14": 0.8206753209472113, "ENV_Test_accuracy_epoch14": 0.793792, "ENV_Test_accuracy_strategy_132_epoch14": 0.8373937677053824, "ENV_Test_accuracy_strategy_23_epoch14": 0.794312489901438, "ENV_Test_accuracy_strategy_107_epoch14": 0.8768472906403941, "ENV_Test_accuracy_strategy_43_epoch14": 0.7989821882951654, "ENV_Test_accuracy_strategy_17_epoch14": 0.7629310344827587, "ENV_Test_accuracy_strategy_93_epoch14": 0.7911275415896488, "ENV_Test_accuracy_per_mean_strategy_epoch14": 0.8102657187691312, "ENV_Test_accuracy_per_mean_user_epoch14": 0.8078818246379648, "ENV_Test_accuracy_per_mean_user_and_bot_epoch14": 0.8330881144096541, "ENV_Train_TotalLoss_epoch15": 361.5708727077084, "ENV_Train_Right action_epoch15": 0.9323445952557347, "ENV_Train_Probability to choose the right action_epoch15": 0.9020097681120609, "ENV_Train_Weighted right action_epoch15": 0.9323445952557347, "ENV_Train_Weighted probability to choose the right action:_epoch15": 0.9020097681120609, "ENV_Test_TotalLoss_epoch15": 493.4838958763144, "ENV_Test_Right action_epoch15": 0.798976, "ENV_Test_Probability to choose the right action_epoch15": 0.7907705565308483, "ENV_Test_Weighted right action_epoch15": 0.8392735148002038, "ENV_Test_Weighted probability to choose the right action:_epoch15": 0.8307958158502247, "ENV_Test_proba_accuracy_epoch15": 0.7907705565308482, "ENV_Test_proba_accuracy_strategy_132_epoch15": 0.8465357487960563, "ENV_Test_proba_accuracy_strategy_23_epoch15": 0.7889455080084332, "ENV_Test_proba_accuracy_strategy_107_epoch15": 0.8750755049141975, "ENV_Test_proba_accuracy_strategy_43_epoch15": 0.7868850930534124, "ENV_Test_proba_accuracy_strategy_17_epoch15": 0.7614244112318144, "ENV_Test_proba_accuracy_strategy_93_epoch15": 0.7879920948454009, "ENV_Test_proba_accuracy_per_mean_strategy_epoch15": 0.8078097268082192, "ENV_Test_proba_accuracy_per_mean_user_epoch15": 0.8042565705190243, "ENV_Test_proba_accuracy_per_mean_user_and_bot_epoch15": 0.8307958158502251, "ENV_Test_accuracy_epoch15": 0.798976, "ENV_Test_accuracy_strategy_132_epoch15": 0.851558073654391, "ENV_Test_accuracy_strategy_23_epoch15": 0.79738245273873, "ENV_Test_accuracy_strategy_107_epoch15": 0.8899835796387521, "ENV_Test_accuracy_strategy_43_epoch15": 0.7951653944020356, "ENV_Test_accuracy_strategy_17_epoch15": 0.7686025408348457, "ENV_Test_accuracy_strategy_93_epoch15": 0.800369685767098, "ENV_Test_accuracy_per_mean_strategy_epoch15": 0.8171769545059754, "ENV_Test_accuracy_per_mean_user_epoch15": 0.8122548030414793, "ENV_Test_accuracy_per_mean_user_and_bot_epoch15": 0.8392735148002057, "ENV_Train_TotalLoss_epoch16": 337.83431612284676, "ENV_Train_Right action_epoch16": 0.937028235951915, "ENV_Train_Probability to choose the right action_epoch16": 0.9086436008160197, "ENV_Train_Weighted right action_epoch16": 0.937028235951915, "ENV_Train_Weighted probability to choose the right action:_epoch16": 0.9086436008160197, "ENV_Test_TotalLoss_epoch16": 508.22569528505585, "ENV_Test_Right action_epoch16": 0.794944, "ENV_Test_Probability to choose the right action_epoch16": 0.7880707858548495, "ENV_Test_Weighted right action_epoch16": 0.8343170583807331, "ENV_Test_Weighted probability to choose the right action:_epoch16": 0.8271388586184042, "ENV_Test_proba_accuracy_epoch16": 0.7880707858548496, "ENV_Test_proba_accuracy_strategy_132_epoch16": 0.8421978504359413, "ENV_Test_proba_accuracy_strategy_23_epoch16": 0.7882177702455538, "ENV_Test_proba_accuracy_strategy_107_epoch16": 0.8680541172567487, "ENV_Test_proba_accuracy_strategy_43_epoch16": 0.7823750824486327, "ENV_Test_proba_accuracy_strategy_17_epoch16": 0.7577149628149242, "ENV_Test_proba_accuracy_strategy_93_epoch16": 0.7858603510222374, "ENV_Test_proba_accuracy_per_mean_strategy_epoch16": 0.804070022370673, "ENV_Test_proba_accuracy_per_mean_user_epoch16": 0.8012576108750508, "ENV_Test_proba_accuracy_per_mean_user_and_bot_epoch16": 0.8271388586184046, "ENV_Test_accuracy_epoch16": 0.794944, "ENV_Test_accuracy_strategy_132_epoch16": 0.8481586402266289, "ENV_Test_accuracy_strategy_23_epoch16": 0.7947972208757473, "ENV_Test_accuracy_strategy_107_epoch16": 0.8768472906403941, "ENV_Test_accuracy_strategy_43_epoch16": 0.7888040712468194, "ENV_Test_accuracy_strategy_17_epoch16": 0.7656533575317604, "ENV_Test_accuracy_strategy_93_epoch16": 0.7911275415896488, "ENV_Test_accuracy_per_mean_strategy_epoch16": 0.8108980203518331, "ENV_Test_accuracy_per_mean_user_epoch16": 0.8073034743697125, "ENV_Test_accuracy_per_mean_user_and_bot_epoch16": 0.834317058380735, "ENV_Train_TotalLoss_epoch17": 304.8282570033664, "ENV_Train_Right action_epoch17": 0.943151479571155, "ENV_Train_Probability to choose the right action_epoch17": 0.9175525285527968, "ENV_Train_Weighted right action_epoch17": 0.943151479571155, "ENV_Train_Weighted probability to choose the right action:_epoch17": 0.9175525285527968, "ENV_Test_TotalLoss_epoch17": 471.9557484867525, "ENV_Test_Right action_epoch17": 0.79264, "ENV_Test_Probability to choose the right action_epoch17": 0.784935672302786, "ENV_Test_Weighted right action_epoch17": 0.8286979663687778, "ENV_Test_Weighted probability to choose the right action:_epoch17": 0.8225911083893875, "ENV_Test_proba_accuracy_epoch17": 0.784935672302786, "ENV_Test_proba_accuracy_strategy_132_epoch17": 0.8342994753938983, "ENV_Test_proba_accuracy_strategy_23_epoch17": 0.7859984931961268, "ENV_Test_proba_accuracy_strategy_107_epoch17": 0.8678070457958689, "ENV_Test_proba_accuracy_strategy_43_epoch17": 0.7834384601982213, "ENV_Test_proba_accuracy_strategy_17_epoch17": 0.7525008772174846, "ENV_Test_proba_accuracy_strategy_93_epoch17": 0.7860009373142457, "ENV_Test_proba_accuracy_per_mean_strategy_epoch17": 0.8016742148526409, "ENV_Test_proba_accuracy_per_mean_user_epoch17": 0.7970439485217067, "ENV_Test_proba_accuracy_per_mean_user_and_bot_epoch17": 0.8225911083893878, "ENV_Test_accuracy_epoch17": 0.79264, "ENV_Test_accuracy_strategy_132_epoch17": 0.8402266288951842, "ENV_Test_accuracy_strategy_23_epoch17": 0.7967361447729844, "ENV_Test_accuracy_strategy_107_epoch17": 0.8735632183908046, "ENV_Test_accuracy_strategy_43_epoch17": 0.787531806615776, "ENV_Test_accuracy_strategy_17_epoch17": 0.7595281306715064, "ENV_Test_accuracy_strategy_93_epoch17": 0.788354898336414, "ENV_Test_accuracy_per_mean_strategy_epoch17": 0.8076568046137783, "ENV_Test_accuracy_per_mean_user_epoch17": 0.8039174500340086, "ENV_Test_accuracy_per_mean_user_and_bot_epoch17": 0.8286979663687798, "ENV_Train_TotalLoss_epoch18": 286.6693964874392, "ENV_Train_Right action_epoch18": 0.9482936918304034, "ENV_Train_Probability to choose the right action_epoch18": 0.9236907425088589, "ENV_Train_Weighted right action_epoch18": 0.9482936918304034, "ENV_Train_Weighted probability to choose the right action:_epoch18": 0.9236907425088589, "ENV_Test_TotalLoss_epoch18": 482.9216432497689, "ENV_Test_Right action_epoch18": 0.79232, "ENV_Test_Probability to choose the right action_epoch18": 0.783635076123728, "ENV_Test_Weighted right action_epoch18": 0.8309068522927312, "ENV_Test_Weighted probability to choose the right action:_epoch18": 0.8225854443716376, "ENV_Test_proba_accuracy_epoch18": 0.783635076123729, "ENV_Test_proba_accuracy_strategy_132_epoch18": 0.8414181907132308, "ENV_Test_proba_accuracy_strategy_23_epoch18": 0.7844936014033937, "ENV_Test_proba_accuracy_strategy_107_epoch18": 0.8646496632159489, "ENV_Test_proba_accuracy_strategy_43_epoch18": 0.7768237364077692, "ENV_Test_proba_accuracy_strategy_17_epoch18": 0.7496311514342475, "ENV_Test_proba_accuracy_strategy_93_epoch18": 0.7872933315019605, "ENV_Test_proba_accuracy_per_mean_strategy_epoch18": 0.8007182791127584, "ENV_Test_proba_accuracy_per_mean_user_epoch18": 0.7967994509817063, "ENV_Test_proba_accuracy_per_mean_user_and_bot_epoch18": 0.8225854443716376, "ENV_Test_accuracy_epoch18": 0.79232, "ENV_Test_accuracy_strategy_132_epoch18": 0.853257790368272, "ENV_Test_accuracy_strategy_23_epoch18": 0.794312489901438, "ENV_Test_accuracy_strategy_107_epoch18": 0.8768472906403941, "ENV_Test_accuracy_strategy_43_epoch18": 0.7811704834605598, "ENV_Test_accuracy_strategy_17_epoch18": 0.7558983666061706, "ENV_Test_accuracy_strategy_93_epoch18": 0.7985212569316081, "ENV_Test_accuracy_per_mean_strategy_epoch18": 0.8100012796514071, "ENV_Test_accuracy_per_mean_user_epoch18": 0.8051109550450246, "ENV_Test_accuracy_per_mean_user_and_bot_epoch18": 0.8309068522927314, "ENV_Train_TotalLoss_epoch19": 265.853712375362, "ENV_Train_Right action_epoch19": 0.9520827509085826, "ENV_Train_Probability to choose the right action_epoch19": 0.9296371486404811, "ENV_Train_Weighted right action_epoch19": 0.9520827509085826, "ENV_Train_Weighted probability to choose the right action:_epoch19": 0.9296371486404811, "ENV_Test_TotalLoss_epoch19": 546.778936541962, "ENV_Test_Right action_epoch19": 0.791168, "ENV_Test_Probability to choose the right action_epoch19": 0.7834055875948513, "ENV_Test_Weighted right action_epoch19": 0.8297852793101402, "ENV_Test_Weighted probability to choose the right action:_epoch19": 0.8210576617598322, "ENV_Test_proba_accuracy_epoch19": 0.7834055875948516, "ENV_Test_proba_accuracy_strategy_132_epoch19": 0.8379364634218051, "ENV_Test_proba_accuracy_strategy_23_epoch19": 0.7867689383046882, "ENV_Test_proba_accuracy_strategy_107_epoch19": 0.8613163746112498, "ENV_Test_proba_accuracy_strategy_43_epoch19": 0.7772740207541963, "ENV_Test_proba_accuracy_strategy_17_epoch19": 0.7476212257495567, "ENV_Test_proba_accuracy_strategy_93_epoch19": 0.7860542450965455, "ENV_Test_proba_accuracy_per_mean_strategy_epoch19": 0.7994952113230069, "ENV_Test_proba_accuracy_per_mean_user_epoch19": 0.7949857690748056, "ENV_Test_proba_accuracy_per_mean_user_and_bot_epoch19": 0.8210576617598324, "ENV_Test_accuracy_epoch19": 0.791168, "ENV_Test_accuracy_strategy_132_epoch19": 0.8441926345609065, "ENV_Test_accuracy_strategy_23_epoch19": 0.7954435288414929, "ENV_Test_accuracy_strategy_107_epoch19": 0.8702791461412152, "ENV_Test_accuracy_strategy_43_epoch19": 0.7830788804071247, "ENV_Test_accuracy_strategy_17_epoch19": 0.756578947368421, "ENV_Test_accuracy_strategy_93_epoch19": 0.788354898336414, "ENV_Test_accuracy_per_mean_strategy_epoch19": 0.8063213392759291, "ENV_Test_accuracy_per_mean_user_epoch19": 0.8027631846686764, "ENV_Test_accuracy_per_mean_user_and_bot_epoch19": 0.829785279310141, "ENV_Train_TotalLoss_epoch20": 248.02739463331565, "ENV_Train_Right action_epoch20": 0.9557310595471065, "ENV_Train_Probability to choose the right action_epoch20": 0.9344882000818266, "ENV_Train_Weighted right action_epoch20": 0.9557310595471065, "ENV_Train_Weighted probability to choose the right action:_epoch20": 0.9344882000818266, "ENV_Test_TotalLoss_epoch20": 642.3613458896806, "ENV_Test_Right action_epoch20": 0.79232, "ENV_Test_Probability to choose the right action_epoch20": 0.7880134640520478, "ENV_Test_Weighted right action_epoch20": 0.8348273109894269, "ENV_Test_Weighted probability to choose the right action:_epoch20": 0.830497097890824, "ENV_Test_proba_accuracy_epoch20": 0.7880134640520478, "ENV_Test_proba_accuracy_strategy_132_epoch20": 0.8464278063646747, "ENV_Test_proba_accuracy_strategy_23_epoch20": 0.7875218536970735, "ENV_Test_proba_accuracy_strategy_107_epoch20": 0.861606203652035, "ENV_Test_proba_accuracy_strategy_43_epoch20": 0.7898857411520276, "ENV_Test_proba_accuracy_strategy_17_epoch20": 0.7517035538236649, "ENV_Test_proba_accuracy_strategy_93_epoch20": 0.7993204405532472, "ENV_Test_proba_accuracy_per_mean_strategy_epoch20": 0.8060775998737871, "ENV_Test_proba_accuracy_per_mean_user_epoch20": 0.802021980929223, "ENV_Test_proba_accuracy_per_mean_user_and_bot_epoch20": 0.8304970978908243, "ENV_Test_accuracy_epoch20": 0.79232, "ENV_Test_accuracy_strategy_132_epoch20": 0.853257790368272, "ENV_Test_accuracy_strategy_23_epoch20": 0.7909193730812732, "ENV_Test_accuracy_strategy_107_epoch20": 0.8620689655172413, "ENV_Test_accuracy_strategy_43_epoch20": 0.799618320610687, "ENV_Test_accuracy_strategy_17_epoch20": 0.7547640653357531, "ENV_Test_accuracy_strategy_93_epoch20": 0.8040665434380776, "ENV_Test_accuracy_per_mean_strategy_epoch20": 0.8107825097252174, "ENV_Test_accuracy_per_mean_user_epoch20": 0.8068133803770982, "ENV_Test_accuracy_per_mean_user_and_bot_epoch20": 0.8348273109894278, "ENV_Train_TotalLoss_epoch21": 229.71772904159354, "ENV_Train_Right action_epoch21": 0.9596354894616201, "ENV_Train_Probability to choose the right action_epoch21": 0.9401138379740019, "ENV_Train_Weighted right action_epoch21": 0.9596354894616201, "ENV_Train_Weighted probability to choose the right action:_epoch21": 0.9401138379740019, "ENV_Test_TotalLoss_epoch21": 630.9969185503082, "ENV_Test_Right action_epoch21": 0.790336, "ENV_Test_Probability to choose the right action_epoch21": 0.7857206353186641, "ENV_Test_Weighted right action_epoch21": 0.8291381604341896, "ENV_Test_Weighted probability to choose the right action:_epoch21": 0.824477580302231, "ENV_Test_proba_accuracy_epoch21": 0.785720635318663, "ENV_Test_proba_accuracy_strategy_132_epoch21": 0.8409627779660773, "ENV_Test_proba_accuracy_strategy_23_epoch21": 0.7896265698453983, "ENV_Test_proba_accuracy_strategy_107_epoch21": 0.8696705748067997, "ENV_Test_proba_accuracy_strategy_43_epoch21": 0.7805377599434032, "ENV_Test_proba_accuracy_strategy_17_epoch21": 0.7485988036542077, "ENV_Test_proba_accuracy_strategy_93_epoch21": 0.7847768186457433, "ENV_Test_proba_accuracy_per_mean_strategy_epoch21": 0.8023622174769383, "ENV_Test_proba_accuracy_per_mean_user_epoch21": 0.7982453655072271, "ENV_Test_proba_accuracy_per_mean_user_and_bot_epoch21": 0.8244775803022313, "ENV_Test_accuracy_epoch21": 0.790336, "ENV_Test_accuracy_strategy_132_epoch21": 0.8441926345609065, "ENV_Test_accuracy_strategy_23_epoch21": 0.7935046049442559, "ENV_Test_accuracy_strategy_107_epoch21": 0.8702791461412152, "ENV_Test_accuracy_strategy_43_epoch21": 0.7843511450381679, "ENV_Test_accuracy_strategy_17_epoch21": 0.7556715063520871, "ENV_Test_accuracy_strategy_93_epoch21": 0.789279112754159, "ENV_Test_accuracy_per_mean_strategy_epoch21": 0.8062130249651319, "ENV_Test_accuracy_per_mean_user_epoch21": 0.8025530869922246, "ENV_Test_accuracy_per_mean_user_and_bot_epoch21": 0.8291381604341906, "ENV_Train_TotalLoss_epoch22": 209.71617772288235, "ENV_Train_Right action_epoch22": 0.9625663964215824, "ENV_Train_Probability to choose the right action_epoch22": 0.945155065017396, "ENV_Train_Weighted right action_epoch22": 0.9625663964215824, "ENV_Train_Weighted probability to choose the right action:_epoch22": 0.945155065017396, "ENV_Test_TotalLoss_epoch22": 678.1097250553911, "ENV_Test_Right action_epoch22": 0.788096, "ENV_Test_Probability to choose the right action_epoch22": 0.7841491958120755, "ENV_Test_Weighted right action_epoch22": 0.8257756699453692, "ENV_Test_Weighted probability to choose the right action:_epoch22": 0.8210360147596125, "ENV_Test_proba_accuracy_epoch22": 0.7841491958120759, "ENV_Test_proba_accuracy_strategy_132_epoch22": 0.8371003717419699, "ENV_Test_proba_accuracy_strategy_23_epoch22": 0.787326449319324, "ENV_Test_proba_accuracy_strategy_107_epoch22": 0.8679723189189341, "ENV_Test_proba_accuracy_strategy_43_epoch22": 0.7854527898767556, "ENV_Test_proba_accuracy_strategy_17_epoch22": 0.7472852856423892, "ENV_Test_proba_accuracy_strategy_93_epoch22": 0.7807071779873113, "ENV_Test_proba_accuracy_per_mean_strategy_epoch22": 0.8009740655811141, "ENV_Test_proba_accuracy_per_mean_user_epoch22": 0.7954331432223061, "ENV_Test_proba_accuracy_per_mean_user_and_bot_epoch22": 0.8210360147596129, "ENV_Test_accuracy_epoch22": 0.788096, "ENV_Test_accuracy_strategy_132_epoch22": 0.8441926345609065, "ENV_Test_accuracy_strategy_23_epoch22": 0.7917272580384553, "ENV_Test_accuracy_strategy_107_epoch22": 0.8702791461412152, "ENV_Test_accuracy_strategy_43_epoch22": 0.7907124681933843, "ENV_Test_accuracy_strategy_17_epoch22": 0.7497731397459165, "ENV_Test_accuracy_strategy_93_epoch22": 0.7818853974121996, "ENV_Test_accuracy_per_mean_strategy_epoch22": 0.8047616740153462, "ENV_Test_accuracy_per_mean_user_epoch22": 0.800194731968832, "ENV_Test_accuracy_per_mean_user_and_bot_epoch22": 0.8257756699453704, "ENV_Train_TotalLoss_epoch23": 195.02576963959172, "ENV_Train_Right action_epoch23": 0.9653220395840322, "ENV_Train_Probability to choose the right action_epoch23": 0.9492527382100617, "ENV_Train_Weighted right action_epoch23": 0.9653220395840322, "ENV_Train_Weighted probability to choose the right action:_epoch23": 0.9492527382100617, "ENV_Test_TotalLoss_epoch23": 711.8611124964124, "ENV_Test_Right action_epoch23": 0.791552, "ENV_Test_Probability to choose the right action_epoch23": 0.7876322076708732, "ENV_Test_Weighted right action_epoch23": 0.8249676565301717, "ENV_Test_Weighted probability to choose the right action:_epoch23": 0.821044492744261, "ENV_Test_proba_accuracy_epoch23": 0.7876322076708728, "ENV_Test_proba_accuracy_strategy_132_epoch23": 0.8372335922996419, "ENV_Test_proba_accuracy_strategy_23_epoch23": 0.7946750771283687, "ENV_Test_proba_accuracy_strategy_107_epoch23": 0.8724653694260135, "ENV_Test_proba_accuracy_strategy_43_epoch23": 0.7852611524749185, "ENV_Test_proba_accuracy_strategy_17_epoch23": 0.749107246539139, "ENV_Test_proba_accuracy_strategy_93_epoch23": 0.7790806078424275, "ENV_Test_proba_accuracy_per_mean_strategy_epoch23": 0.8029705076184182, "ENV_Test_proba_accuracy_per_mean_user_epoch23": 0.7973775694891634, "ENV_Test_proba_accuracy_per_mean_user_and_bot_epoch23": 0.8210444927442612, "ENV_Test_accuracy_epoch23": 0.791552, "ENV_Test_accuracy_strategy_132_epoch23": 0.8419263456090652, "ENV_Test_accuracy_strategy_23_epoch23": 0.7989982226530942, "ENV_Test_accuracy_strategy_107_epoch23": 0.8784893267651889, "ENV_Test_accuracy_strategy_43_epoch23": 0.7868956743002544, "ENV_Test_accuracy_strategy_17_epoch23": 0.7522686025408348, "ENV_Test_accuracy_strategy_93_epoch23": 0.7846580406654344, "ENV_Test_accuracy_per_mean_strategy_epoch23": 0.807206035422312, "ENV_Test_accuracy_per_mean_user_epoch23": 0.8015274852468655, "ENV_Test_accuracy_per_mean_user_and_bot_epoch23": 0.8249676565301727, "ENV_Train_TotalLoss_epoch24": 186.59523106298485, "ENV_Train_Right action_epoch24": 0.9672905687806651, "ENV_Train_Probability to choose the right action_epoch24": 0.9518439721220872, "ENV_Train_Weighted right action_epoch24": 0.9672905687806651, "ENV_Train_Weighted probability to choose the right action:_epoch24": 0.9518439721220872, "ENV_Test_TotalLoss_epoch24": 681.6196925354875, "ENV_Test_Right action_epoch24": 0.784448, "ENV_Test_Probability to choose the right action_epoch24": 0.7813280394011539, "ENV_Test_Weighted right action_epoch24": 0.8252990413561859, "ENV_Test_Weighted probability to choose the right action:_epoch24": 0.8212539139701608, "ENV_Test_proba_accuracy_epoch24": 0.7813280394011538, "ENV_Test_proba_accuracy_strategy_132_epoch24": 0.8323029473632846, "ENV_Test_proba_accuracy_strategy_23_epoch24": 0.7819635054313115, "ENV_Test_proba_accuracy_strategy_107_epoch24": 0.8700552396367592, "ENV_Test_proba_accuracy_strategy_43_epoch24": 0.7794465979067388, "ENV_Test_proba_accuracy_strategy_17_epoch24": 0.747416662217253, "ENV_Test_proba_accuracy_strategy_93_epoch24": 0.7854874662944655, "ENV_Test_proba_accuracy_per_mean_strategy_epoch24": 0.7994454031416353, "ENV_Test_proba_accuracy_per_mean_user_epoch24": 0.793353876730613, "ENV_Test_proba_accuracy_per_mean_user_and_bot_epoch24": 0.821253913970161, "ENV_Test_accuracy_epoch24": 0.784448, "ENV_Test_accuracy_strategy_132_epoch24": 0.8379603399433427, "ENV_Test_accuracy_strategy_23_epoch24": 0.7860720633381807, "ENV_Test_accuracy_strategy_107_epoch24": 0.8719211822660099, "ENV_Test_accuracy_strategy_43_epoch24": 0.7805343511450382, "ENV_Test_accuracy_strategy_17_epoch24": 0.7475045372050817, "ENV_Test_accuracy_strategy_93_epoch24": 0.7948243992606284, "ENV_Test_accuracy_per_mean_strategy_epoch24": 0.8031361455263802, "ENV_Test_accuracy_per_mean_user_epoch24": 0.7966743872596691, "ENV_Test_accuracy_per_mean_user_and_bot_epoch24": 0.8252990413561877, "_wandb": {"runtime": 2587}}