{"ENV_Train_TotalLoss": 595.7001967040325, "ENV_Train_TotalLoss_epoch0": 1144.6883535133627, "ENV_Train_Right action": 0.8883965389507821, "ENV_Train_Right action_epoch0": 0.7539588254203413, "ENV_Train_Probability to choose the right action": 0.8397740247735885, "ENV_Train_Probability to choose the right action_epoch0": 0.6634892256688509, "ENV_Train_Weighted right action": 0.8883965389507821, "ENV_Train_Weighted right action_epoch0": 0.7539588254203413, "ENV_Train_Weighted probability to choose the right action:": 0.8397740247735885, "ENV_Train_Weighted probability to choose the right action:_epoch0": 0.6634892256688509, "_timestamp": 1720414705.5037737, "_runtime": 1996.0272426605225, "_step": 49, "ENV_Test_TotalLoss": 245.64975419627734, "ENV_Test_TotalLoss_epoch0": 237.90439872936682, "ENV_Test_Right action": 0.816, "ENV_Test_Right action_epoch0": 0.77024, "ENV_Test_Probability to choose the right action": 0.7903571060332903, "ENV_Test_Probability to choose the right action_epoch0": 0.7186562025097023, "ENV_Test_Weighted right action": 0.8472049042466453, "ENV_Test_Weighted right action_epoch0": 0.8241997380885356, "ENV_Test_Weighted probability to choose the right action:": 0.8259168497625229, "ENV_Test_Weighted probability to choose the right action:_epoch0": 0.7643806611363817, "ENV_Test_proba_accuracy": 0.790357106033291, "ENV_Test_proba_accuracy_epoch0": 0.7186562025097029, "ENV_Test_proba_accuracy_strategy_132": 0.8271062546338571, "ENV_Test_proba_accuracy_strategy_132_epoch0": 0.770331098754356, "ENV_Test_proba_accuracy_strategy_23": 0.7898925126306585, "ENV_Test_proba_accuracy_strategy_23_epoch0": 0.7142023443277795, "ENV_Test_proba_accuracy_strategy_107": 0.8521681847863809, "ENV_Test_proba_accuracy_strategy_107_epoch0": 0.7922297902801692, "ENV_Test_proba_accuracy_strategy_43": 0.793170300170015, "ENV_Test_proba_accuracy_strategy_43_epoch0": 0.7276366237150821, "ENV_Test_proba_accuracy_strategy_17": 0.765206107173825, "ENV_Test_proba_accuracy_strategy_17_epoch0": 0.6875957631067681, "ENV_Test_proba_accuracy_strategy_93": 0.7966541819277997, "ENV_Test_proba_accuracy_strategy_93_epoch0": 0.7319183247067239, "ENV_Test_proba_accuracy_per_mean_strategy": 0.804032923553756, "ENV_Test_proba_accuracy_per_mean_strategy_epoch0": 0.7373189908151465, "ENV_Test_proba_accuracy_per_mean_user": 0.8008565545347901, "ENV_Test_proba_accuracy_per_mean_user_epoch0": 0.7349091724311768, "ENV_Test_proba_accuracy_per_mean_user_and_bot": 0.8259168497625221, "ENV_Test_proba_accuracy_per_mean_user_and_bot_epoch0": 0.7643806611363814, "ENV_Test_accuracy": 0.816, "ENV_Test_accuracy_epoch0": 0.77024, "ENV_Test_accuracy_strategy_132": 0.8470254957507082, "ENV_Test_accuracy_strategy_132_epoch0": 0.8249291784702549, "ENV_Test_accuracy_strategy_23": 0.8158022297624818, "ENV_Test_accuracy_strategy_23_epoch0": 0.7629665535627727, "ENV_Test_accuracy_strategy_107": 0.8752052545155994, "ENV_Test_accuracy_strategy_107_epoch0": 0.8604269293924466, "ENV_Test_accuracy_strategy_43": 0.811704834605598, "ENV_Test_accuracy_strategy_43_epoch0": 0.7881679389312977, "ENV_Test_accuracy_strategy_17": 0.7967332123411979, "ENV_Test_accuracy_strategy_17_epoch0": 0.734573502722323, "ENV_Test_accuracy_strategy_93": 0.8179297597042514, "ENV_Test_accuracy_strategy_93_epoch0": 0.7911275415896488, "ENV_Test_accuracy_per_mean_strategy": 0.8274001311133062, "ENV_Test_accuracy_per_mean_strategy_epoch0": 0.7936986074447906, "ENV_Test_accuracy_per_mean_user": 0.825494334772171, "ENV_Test_accuracy_per_mean_user_epoch0": 0.7895827331366406, "ENV_Test_accuracy_per_mean_user_and_bot": 0.8472049042466456, "ENV_Test_accuracy_per_mean_user_and_bot_epoch0": 0.8241997380885369, "ENV_Train_TotalLoss_epoch1": 981.0358817069883, "ENV_Train_Right action_epoch1": 0.798831700602317, "ENV_Train_Probability to choose the right action_epoch1": 0.7214015007419935, "ENV_Train_Weighted right action_epoch1": 0.798831700602317, "ENV_Train_Weighted probability to choose the right action:_epoch1": 0.7214015007419935, "ENV_Test_TotalLoss_epoch1": 227.08236624687743, "ENV_Test_Right action_epoch1": 0.787008, "ENV_Test_Probability to choose the right action_epoch1": 0.7318345712815327, "ENV_Test_Weighted right action_epoch1": 0.8365878145780821, "ENV_Test_Weighted probability to choose the right action:_epoch1": 0.7755699871083517, "ENV_Test_proba_accuracy_epoch1": 0.731834571281534, "ENV_Test_proba_accuracy_strategy_132_epoch1": 0.782528964166205, "ENV_Test_proba_accuracy_strategy_23_epoch1": 0.7303958368868222, "ENV_Test_proba_accuracy_strategy_107_epoch1": 0.7985305334556876, "ENV_Test_proba_accuracy_strategy_43_epoch1": 0.7423768907811072, "ENV_Test_proba_accuracy_strategy_17_epoch1": 0.6981804662904358, "ENV_Test_proba_accuracy_strategy_93_epoch1": 0.7416179828441932, "ENV_Test_proba_accuracy_per_mean_strategy_epoch1": 0.7489384457374085, "ENV_Test_proba_accuracy_per_mean_user_epoch1": 0.7469388798007843, "ENV_Test_proba_accuracy_per_mean_user_and_bot_epoch1": 0.7755699871083525, "ENV_Test_accuracy_epoch1": 0.787008, "ENV_Test_accuracy_strategy_132_epoch1": 0.8402266288951842, "ENV_Test_accuracy_strategy_23_epoch1": 0.7849410243981257, "ENV_Test_accuracy_strategy_107_epoch1": 0.8555008210180624, "ENV_Test_accuracy_strategy_43_epoch1": 0.806615776081425, "ENV_Test_accuracy_strategy_17_epoch1": 0.7518148820326679, "ENV_Test_accuracy_strategy_93_epoch1": 0.788354898336414, "ENV_Test_accuracy_per_mean_strategy_epoch1": 0.8045756717936466, "ENV_Test_accuracy_per_mean_user_epoch1": 0.8034399030158552, "ENV_Test_accuracy_per_mean_user_and_bot_epoch1": 0.8365878145780822, "ENV_Train_TotalLoss_epoch2": 936.305776364405, "ENV_Train_Right action_epoch2": 0.8110253829811025, "ENV_Train_Probability to choose the right action_epoch2": 0.73613784612566, "ENV_Train_Weighted right action_epoch2": 0.8110253829811025, "ENV_Train_Weighted probability to choose the right action:_epoch2": 0.73613784612566, "ENV_Test_TotalLoss_epoch2": 220.9912227658024, "ENV_Test_Right action_epoch2": 0.794944, "ENV_Test_Probability to choose the right action_epoch2": 0.7445861255419659, "ENV_Test_Weighted right action_epoch2": 0.8394574081299503, "ENV_Test_Weighted probability to choose the right action:_epoch2": 0.7886894390178075, "ENV_Test_proba_accuracy_epoch2": 0.7445861255419653, "ENV_Test_proba_accuracy_strategy_132_epoch2": 0.7960885842775204, "ENV_Test_proba_accuracy_strategy_23_epoch2": 0.7432569571208781, "ENV_Test_proba_accuracy_strategy_107_epoch2": 0.8120446457844243, "ENV_Test_proba_accuracy_strategy_43_epoch2": 0.7563853530959489, "ENV_Test_proba_accuracy_strategy_17_epoch2": 0.7111409334194986, "ENV_Test_proba_accuracy_strategy_93_epoch2": 0.7493182568018255, "ENV_Test_proba_accuracy_per_mean_strategy_epoch2": 0.7613724550833494, "ENV_Test_proba_accuracy_per_mean_user_epoch2": 0.7601967637474888, "ENV_Test_proba_accuracy_per_mean_user_and_bot_epoch2": 0.7886894390178082, "ENV_Test_accuracy_epoch2": 0.794944, "ENV_Test_accuracy_strategy_132_epoch2": 0.8390934844192635, "ENV_Test_accuracy_strategy_23_epoch2": 0.7951203748586201, "ENV_Test_accuracy_strategy_107_epoch2": 0.8637110016420362, "ENV_Test_accuracy_strategy_43_epoch2": 0.80470737913486, "ENV_Test_accuracy_strategy_17_epoch2": 0.7633847549909256, "ENV_Test_accuracy_strategy_93_epoch2": 0.7975970425138632, "ENV_Test_accuracy_per_mean_strategy_epoch2": 0.8106023395932613, "ENV_Test_accuracy_per_mean_user_epoch2": 0.8108256439876941, "ENV_Test_accuracy_per_mean_user_and_bot_epoch2": 0.8394574081299514, "ENV_Train_TotalLoss_epoch3": 900.0883475167046, "ENV_Train_Right action_epoch3": 0.8184232597148449, "ENV_Train_Probability to choose the right action_epoch3": 0.7470248745298669, "ENV_Train_Weighted right action_epoch3": 0.8184232597148449, "ENV_Train_Weighted probability to choose the right action:_epoch3": 0.7470248745298669, "ENV_Test_TotalLoss_epoch3": 223.24399515272998, "ENV_Test_Right action_epoch3": 0.800896, "ENV_Test_Probability to choose the right action_epoch3": 0.7513704179896383, "ENV_Test_Weighted right action_epoch3": 0.8384003802647357, "ENV_Test_Weighted probability to choose the right action:_epoch3": 0.7923528808001985, "ENV_Test_proba_accuracy_epoch3": 0.7513704179896387, "ENV_Test_proba_accuracy_strategy_132_epoch3": 0.7964053497214706, "ENV_Test_proba_accuracy_strategy_23_epoch3": 0.7521090682467342, "ENV_Test_proba_accuracy_strategy_107_epoch3": 0.8194188362565653, "ENV_Test_proba_accuracy_strategy_43_epoch3": 0.7613766453659874, "ENV_Test_proba_accuracy_strategy_17_epoch3": 0.7182598133181509, "ENV_Test_proba_accuracy_strategy_93_epoch3": 0.7557346585477625, "ENV_Test_proba_accuracy_per_mean_strategy_epoch3": 0.7672173952427785, "ENV_Test_proba_accuracy_per_mean_user_epoch3": 0.7652717411971787, "ENV_Test_proba_accuracy_per_mean_user_and_bot_epoch3": 0.7923528808001985, "ENV_Test_accuracy_epoch3": 0.800896, "ENV_Test_accuracy_strategy_132_epoch3": 0.8362606232294617, "ENV_Test_accuracy_strategy_23_epoch3": 0.8067539182420423, "ENV_Test_accuracy_strategy_107_epoch3": 0.8653530377668309, "ENV_Test_accuracy_strategy_43_epoch3": 0.799618320610687, "ENV_Test_accuracy_strategy_17_epoch3": 0.7704174228675136, "ENV_Test_accuracy_strategy_93_epoch3": 0.7994454713493531, "ENV_Test_accuracy_per_mean_strategy_epoch3": 0.8129747990109816, "ENV_Test_accuracy_per_mean_user_epoch3": 0.8130845399302912, "ENV_Test_accuracy_per_mean_user_and_bot_epoch3": 0.8384003802647361, "ENV_Train_TotalLoss_epoch4": 869.9446444504842, "ENV_Train_Right action_epoch4": 0.8264303386963754, "ENV_Train_Probability to choose the right action_epoch4": 0.7571779793470595, "ENV_Train_Weighted right action_epoch4": 0.8264303386963754, "ENV_Train_Weighted probability to choose the right action:_epoch4": 0.7571779793470595, "ENV_Test_TotalLoss_epoch4": 212.2962722590566, "ENV_Test_Right action_epoch4": 0.811968, "ENV_Test_Probability to choose the right action_epoch4": 0.7605486550587129, "ENV_Test_Weighted right action_epoch4": 0.8503803935697635, "ENV_Test_Weighted probability to choose the right action:_epoch4": 0.8020350973728532, "ENV_Test_proba_accuracy_epoch4": 0.7605486550587127, "ENV_Test_proba_accuracy_strategy_132_epoch4": 0.8074669131834129, "ENV_Test_proba_accuracy_strategy_23_epoch4": 0.7621624986990905, "ENV_Test_proba_accuracy_strategy_107_epoch4": 0.8256569760790485, "ENV_Test_proba_accuracy_strategy_43_epoch4": 0.7652229231689113, "ENV_Test_proba_accuracy_strategy_17_epoch4": 0.727894065334776, "ENV_Test_proba_accuracy_strategy_93_epoch4": 0.7643783321863511, "ENV_Test_proba_accuracy_per_mean_strategy_epoch4": 0.7754636181085983, "ENV_Test_proba_accuracy_per_mean_user_epoch4": 0.7742073822564646, "ENV_Test_proba_accuracy_per_mean_user_and_bot_epoch4": 0.8020350973728524, "ENV_Test_accuracy_epoch4": 0.811968, "ENV_Test_accuracy_strategy_132_epoch4": 0.851558073654391, "ENV_Test_accuracy_strategy_23_epoch4": 0.8170948456939732, "ENV_Test_accuracy_strategy_107_epoch4": 0.8686371100164204, "ENV_Test_accuracy_strategy_43_epoch4": 0.8053435114503816, "ENV_Test_accuracy_strategy_17_epoch4": 0.7842558983666061, "ENV_Test_accuracy_strategy_93_epoch4": 0.8086876155268022, "ENV_Test_accuracy_per_mean_strategy_epoch4": 0.8225961757847625, "ENV_Test_accuracy_per_mean_user_epoch4": 0.8247095324122085, "ENV_Test_accuracy_per_mean_user_and_bot_epoch4": 0.8503803935697634, "ENV_Train_TotalLoss_epoch5": 846.267479333841, "ENV_Train_Right action_epoch5": 0.8327928431646632, "ENV_Train_Probability to choose the right action_epoch5": 0.7650114257308219, "ENV_Train_Weighted right action_epoch5": 0.8327928431646632, "ENV_Train_Weighted probability to choose the right action:_epoch5": 0.7650114257308219, "ENV_Test_TotalLoss_epoch5": 210.1688419650242, "ENV_Test_Right action_epoch5": 0.811456, "ENV_Test_Probability to choose the right action_epoch5": 0.7622312656556525, "ENV_Test_Weighted right action_epoch5": 0.8510335419344285, "ENV_Test_Weighted probability to choose the right action:_epoch5": 0.8066125209295723, "ENV_Test_proba_accuracy_epoch5": 0.7622312656556532, "ENV_Test_proba_accuracy_strategy_132_epoch5": 0.8116421337454922, "ENV_Test_proba_accuracy_strategy_23_epoch5": 0.7601481062705414, "ENV_Test_proba_accuracy_strategy_107_epoch5": 0.8280550714203438, "ENV_Test_proba_accuracy_strategy_43_epoch5": 0.7718144384236054, "ENV_Test_proba_accuracy_strategy_17_epoch5": 0.7313478711390534, "ENV_Test_proba_accuracy_strategy_93_epoch5": 0.768391200020853, "ENV_Test_proba_accuracy_per_mean_strategy_epoch5": 0.7785664701699816, "ENV_Test_proba_accuracy_per_mean_user_epoch5": 0.7774080628096255, "ENV_Test_proba_accuracy_per_mean_user_and_bot_epoch5": 0.8066125209295719, "ENV_Test_accuracy_epoch5": 0.811456, "ENV_Test_accuracy_strategy_132_epoch5": 0.8509915014164305, "ENV_Test_accuracy_strategy_23_epoch5": 0.8119243819680078, "ENV_Test_accuracy_strategy_107_epoch5": 0.8784893267651889, "ENV_Test_accuracy_strategy_43_epoch5": 0.8136132315521628, "ENV_Test_accuracy_strategy_17_epoch5": 0.7851633393829401, "ENV_Test_accuracy_strategy_93_epoch5": 0.8105360443622921, "ENV_Test_accuracy_per_mean_strategy_epoch5": 0.8251196375745038, "ENV_Test_accuracy_per_mean_user_epoch5": 0.8237198494100775, "ENV_Test_accuracy_per_mean_user_and_bot_epoch5": 0.8510335419344285, "ENV_Train_TotalLoss_epoch6": 823.0304569659387, "ENV_Train_Right action_epoch6": 0.837918651930305, "ENV_Train_Probability to choose the right action_epoch6": 0.7714850267364164, "ENV_Train_Weighted right action_epoch6": 0.837918651930305, "ENV_Train_Weighted probability to choose the right action:_epoch6": 0.7714850267364164, "ENV_Test_TotalLoss_epoch6": 209.73846849586627, "ENV_Test_Right action_epoch6": 0.821248, "ENV_Test_Probability to choose the right action_epoch6": 0.7735455054489941, "ENV_Test_Weighted right action_epoch6": 0.8573768062566295, "ENV_Test_Weighted probability to choose the right action:_epoch6": 0.8111174511847682, "ENV_Test_proba_accuracy_epoch6": 0.7735455054489944, "ENV_Test_proba_accuracy_strategy_132_epoch6": 0.8115985848278616, "ENV_Test_proba_accuracy_strategy_23_epoch6": 0.7760178957587858, "ENV_Test_proba_accuracy_strategy_107_epoch6": 0.8326358122110777, "ENV_Test_proba_accuracy_strategy_43_epoch6": 0.7780335231269117, "ENV_Test_proba_accuracy_strategy_17_epoch6": 0.7438017577412236, "ENV_Test_proba_accuracy_strategy_93_epoch6": 0.778724775834446, "ENV_Test_proba_accuracy_per_mean_strategy_epoch6": 0.7868020582500511, "ENV_Test_proba_accuracy_per_mean_user_epoch6": 0.785441032890913, "ENV_Test_proba_accuracy_per_mean_user_and_bot_epoch6": 0.8111174511847683, "ENV_Test_accuracy_epoch6": 0.821248, "ENV_Test_accuracy_strategy_132_epoch6": 0.8521246458923513, "ENV_Test_accuracy_strategy_23_epoch6": 0.8272741961544676, "ENV_Test_accuracy_strategy_107_epoch6": 0.8817733990147784, "ENV_Test_accuracy_strategy_43_epoch6": 0.8161577608142494, "ENV_Test_accuracy_strategy_17_epoch6": 0.7928765880217786, "ENV_Test_accuracy_strategy_93_epoch6": 0.8253234750462107, "ENV_Test_accuracy_per_mean_strategy_epoch6": 0.832588344157306, "ENV_Test_accuracy_per_mean_user_epoch6": 0.8321022186726136, "ENV_Test_accuracy_per_mean_user_and_bot_epoch6": 0.8573768062566299, "ENV_Train_TotalLoss_epoch7": 801.7343151450762, "ENV_Train_Right action_epoch7": 0.8431786413195416, "ENV_Train_Probability to choose the right action_epoch7": 0.7782824922377349, "ENV_Train_Weighted right action_epoch7": 0.8431786413195416, "ENV_Train_Weighted probability to choose the right action:_epoch7": 0.7782824922377349, "ENV_Test_TotalLoss_epoch7": 211.27786825085562, "ENV_Test_Right action_epoch7": 0.817984, "ENV_Test_Probability to choose the right action_epoch7": 0.7764012184488519, "ENV_Test_Weighted right action_epoch7": 0.8561409022689177, "ENV_Test_Weighted probability to choose the right action:_epoch7": 0.8166260556888912, "ENV_Test_proba_accuracy_epoch7": 0.7764012184488516, "ENV_Test_proba_accuracy_strategy_132_epoch7": 0.8162122612812533, "ENV_Test_proba_accuracy_strategy_23_epoch7": 0.7773580112692826, "ENV_Test_proba_accuracy_strategy_107_epoch7": 0.8393380598638451, "ENV_Test_proba_accuracy_strategy_43_epoch7": 0.7804814392078943, "ENV_Test_proba_accuracy_strategy_17_epoch7": 0.7473334266264056, "ENV_Test_proba_accuracy_strategy_93_epoch7": 0.7830556560953947, "ENV_Test_proba_accuracy_per_mean_strategy_epoch7": 0.790629809057346, "ENV_Test_proba_accuracy_per_mean_user_epoch7": 0.7899880132066414, "ENV_Test_proba_accuracy_per_mean_user_and_bot_epoch7": 0.8166260556888907, "ENV_Test_accuracy_epoch7": 0.817984, "ENV_Test_accuracy_strategy_132_epoch7": 0.8521246458923513, "ENV_Test_accuracy_strategy_23_epoch7": 0.8235579253514299, "ENV_Test_accuracy_strategy_107_epoch7": 0.8784893267651889, "ENV_Test_accuracy_strategy_43_epoch7": 0.8155216284987278, "ENV_Test_accuracy_strategy_17_epoch7": 0.7890199637023594, "ENV_Test_accuracy_strategy_93_epoch7": 0.8179297597042514, "ENV_Test_accuracy_per_mean_strategy_epoch7": 0.8294405416523847, "ENV_Test_accuracy_per_mean_user_epoch7": 0.83163899312152, "ENV_Test_accuracy_per_mean_user_and_bot_epoch7": 0.8561409022689179, "ENV_Train_TotalLoss_epoch8": 780.9062594658086, "ENV_Train_Right action_epoch8": 0.8466054430326666, "ENV_Train_Probability to choose the right action_epoch8": 0.7844008545040092, "ENV_Train_Weighted right action_epoch8": 0.8466054430326666, "ENV_Train_Weighted probability to choose the right action:_epoch8": 0.7844008545040092, "ENV_Test_TotalLoss_epoch8": 214.46834790144328, "ENV_Test_Right action_epoch8": 0.818816, "ENV_Test_Probability to choose the right action_epoch8": 0.7800171237191139, "ENV_Test_Weighted right action_epoch8": 0.8569207979818885, "ENV_Test_Weighted probability to choose the right action:_epoch8": 0.8206400883689062, "ENV_Test_proba_accuracy_epoch8": 0.7800171237191139, "ENV_Test_proba_accuracy_strategy_132_epoch8": 0.8238416951987135, "ENV_Test_proba_accuracy_strategy_23_epoch8": 0.7795027422350561, "ENV_Test_proba_accuracy_strategy_107_epoch8": 0.8477454841650093, "ENV_Test_proba_accuracy_strategy_43_epoch8": 0.781647040795937, "ENV_Test_proba_accuracy_strategy_17_epoch8": 0.7518791953323517, "ENV_Test_proba_accuracy_strategy_93_epoch8": 0.7856144670794378, "ENV_Test_proba_accuracy_per_mean_strategy_epoch8": 0.7950384374677509, "ENV_Test_proba_accuracy_per_mean_user_epoch8": 0.7930237564505002, "ENV_Test_proba_accuracy_per_mean_user_and_bot_epoch8": 0.8206400883689056, "ENV_Test_accuracy_epoch8": 0.818816, "ENV_Test_accuracy_strategy_132_epoch8": 0.856657223796034, "ENV_Test_accuracy_strategy_23_epoch8": 0.8212958474713201, "ENV_Test_accuracy_strategy_107_epoch8": 0.8883415435139573, "ENV_Test_accuracy_strategy_43_epoch8": 0.8129770992366412, "ENV_Test_accuracy_strategy_17_epoch8": 0.7917422867513612, "ENV_Test_accuracy_strategy_93_epoch8": 0.822550831792976, "ENV_Test_accuracy_per_mean_strategy_epoch8": 0.8322608054270484, "ENV_Test_accuracy_per_mean_user_epoch8": 0.8317706380552854, "ENV_Test_accuracy_per_mean_user_and_bot_epoch8": 0.8569207979818889, "ENV_Train_TotalLoss_epoch9": 766.3391661701953, "ENV_Train_Right action_epoch9": 0.850731666410432, "ENV_Train_Probability to choose the right action_epoch9": 0.7887353456947432, "ENV_Train_Weighted right action_epoch9": 0.850731666410432, "ENV_Train_Weighted probability to choose the right action:_epoch9": 0.7887353456947432, "ENV_Test_TotalLoss_epoch9": 211.57025484993287, "ENV_Test_Right action_epoch9": 0.8208, "ENV_Test_Probability to choose the right action_epoch9": 0.778807115891758, "ENV_Test_Weighted right action_epoch9": 0.8567372986260812, "ENV_Test_Weighted probability to choose the right action:_epoch9": 0.819225792169686, "ENV_Test_proba_accuracy_epoch9": 0.7788071158917579, "ENV_Test_proba_accuracy_strategy_132_epoch9": 0.8176012583603863, "ENV_Test_proba_accuracy_strategy_23_epoch9": 0.7788247511664228, "ENV_Test_proba_accuracy_strategy_107_epoch9": 0.8431345995199355, "ENV_Test_proba_accuracy_strategy_43_epoch9": 0.7829263800652705, "ENV_Test_proba_accuracy_strategy_17_epoch9": 0.7518351407658304, "ENV_Test_proba_accuracy_strategy_93_epoch9": 0.7831146384173914, "ENV_Test_proba_accuracy_per_mean_strategy_epoch9": 0.7929061280492062, "ENV_Test_proba_accuracy_per_mean_user_epoch9": 0.7912062939436452, "ENV_Test_proba_accuracy_per_mean_user_and_bot_epoch9": 0.8192257921696864, "ENV_Test_accuracy_epoch9": 0.8208, "ENV_Test_accuracy_strategy_132_epoch9": 0.8475920679886686, "ENV_Test_accuracy_strategy_23_epoch9": 0.8259815802229763, "ENV_Test_accuracy_strategy_107_epoch9": 0.8784893267651889, "ENV_Test_accuracy_strategy_43_epoch9": 0.8123409669211196, "ENV_Test_accuracy_strategy_17_epoch9": 0.7976406533575318, "ENV_Test_accuracy_strategy_93_epoch9": 0.821626617375231, "ENV_Test_accuracy_per_mean_strategy_epoch9": 0.8306118687717859, "ENV_Test_accuracy_per_mean_user_epoch9": 0.8312605072324748, "ENV_Test_accuracy_per_mean_user_and_bot_epoch9": 0.856737298626081, "ENV_Train_TotalLoss_epoch10": 754.3562513952044, "ENV_Train_Right action_epoch10": 0.8548364551299972, "ENV_Train_Probability to choose the right action_epoch10": 0.7929239217013889, "ENV_Train_Weighted right action_epoch10": 0.8548364551299972, "ENV_Train_Weighted probability to choose the right action:_epoch10": 0.7929239217013889, "ENV_Test_TotalLoss_epoch10": 221.5789299379096, "ENV_Test_Right action_epoch10": 0.818624, "ENV_Test_Probability to choose the right action_epoch10": 0.7814258769780351, "ENV_Test_Weighted right action_epoch10": 0.8561803568580224, "ENV_Test_Weighted probability to choose the right action:_epoch10": 0.8224411098944803, "ENV_Test_proba_accuracy_epoch10": 0.7814258769780356, "ENV_Test_proba_accuracy_strategy_132_epoch10": 0.8222792504829544, "ENV_Test_proba_accuracy_strategy_23_epoch10": 0.7797803357954116, "ENV_Test_proba_accuracy_strategy_107_epoch10": 0.8464318448728336, "ENV_Test_proba_accuracy_strategy_43_epoch10": 0.7915468953280215, "ENV_Test_proba_accuracy_strategy_17_epoch10": 0.753746053678304, "ENV_Test_proba_accuracy_strategy_93_epoch10": 0.7856697179708115, "ENV_Test_proba_accuracy_per_mean_strategy_epoch10": 0.7965756830213895, "ENV_Test_proba_accuracy_per_mean_user_epoch10": 0.7951564887982542, "ENV_Test_proba_accuracy_per_mean_user_and_bot_epoch10": 0.8224411098944813, "ENV_Test_accuracy_epoch10": 0.818624, "ENV_Test_accuracy_strategy_132_epoch10": 0.8487252124645892, "ENV_Test_accuracy_strategy_23_epoch10": 0.8206495395055744, "ENV_Test_accuracy_strategy_107_epoch10": 0.8768472906403941, "ENV_Test_accuracy_strategy_43_epoch10": 0.8269720101781171, "ENV_Test_accuracy_strategy_17_epoch10": 0.7937840290381125, "ENV_Test_accuracy_strategy_93_epoch10": 0.8142329020332717, "ENV_Test_accuracy_per_mean_strategy_epoch10": 0.8302018306433431, "ENV_Test_accuracy_per_mean_user_epoch10": 0.8319372380380269, "ENV_Test_accuracy_per_mean_user_and_bot_epoch10": 0.8561803568580222, "ENV_Train_TotalLoss_epoch11": 735.8942786128933, "ENV_Train_Right action_epoch11": 0.8578557450377411, "ENV_Train_Probability to choose the right action_epoch11": 0.7979056141075015, "ENV_Train_Weighted right action_epoch11": 0.8578557450377411, "ENV_Train_Weighted probability to choose the right action:_epoch11": 0.7979056141075015, "ENV_Test_TotalLoss_epoch11": 213.97620539926385, "ENV_Test_Right action_epoch11": 0.820288, "ENV_Test_Probability to choose the right action_epoch11": 0.7805078331667741, "ENV_Test_Weighted right action_epoch11": 0.8570038687879644, "ENV_Test_Weighted probability to choose the right action:_epoch11": 0.8176302506035198, "ENV_Test_proba_accuracy_epoch11": 0.7805078331667741, "ENV_Test_proba_accuracy_strategy_132_epoch11": 0.8153005850637041, "ENV_Test_proba_accuracy_strategy_23_epoch11": 0.7821756833186309, "ENV_Test_proba_accuracy_strategy_107_epoch11": 0.8389997074032287, "ENV_Test_proba_accuracy_strategy_43_epoch11": 0.7848135784313969, "ENV_Test_proba_accuracy_strategy_17_epoch11": 0.7552662478467591, "ENV_Test_proba_accuracy_strategy_93_epoch11": 0.7778675313522786, "ENV_Test_proba_accuracy_per_mean_strategy_epoch11": 0.7924038889026663, "ENV_Test_proba_accuracy_per_mean_user_epoch11": 0.7926497940753903, "ENV_Test_proba_accuracy_per_mean_user_and_bot_epoch11": 0.8176302506035197, "ENV_Test_accuracy_epoch11": 0.820288, "ENV_Test_accuracy_strategy_132_epoch11": 0.8464589235127479, "ENV_Test_accuracy_strategy_23_epoch11": 0.8258200032315398, "ENV_Test_accuracy_strategy_107_epoch11": 0.8817733990147784, "ENV_Test_accuracy_strategy_43_epoch11": 0.8199745547073791, "ENV_Test_accuracy_strategy_17_epoch11": 0.7944646098003629, "ENV_Test_accuracy_strategy_93_epoch11": 0.8170055452865065, "ENV_Test_accuracy_per_mean_strategy_epoch11": 0.8309161725922193, "ENV_Test_accuracy_per_mean_user_epoch11": 0.8318122548038543, "ENV_Test_accuracy_per_mean_user_and_bot_epoch11": 0.8570038687879644, "ENV_Train_TotalLoss_epoch12": 719.519655764646, "ENV_Train_Right action_epoch12": 0.8608148717590328, "ENV_Train_Probability to choose the right action_epoch12": 0.8028466240042711, "ENV_Train_Weighted right action_epoch12": 0.8608148717590328, "ENV_Train_Weighted probability to choose the right action:_epoch12": 0.8028466240042711, "ENV_Test_TotalLoss_epoch12": 215.86825989123273, "ENV_Test_Right action_epoch12": 0.818816, "ENV_Test_Probability to choose the right action_epoch12": 0.7836366043343074, "ENV_Test_Weighted right action_epoch12": 0.854914640768525, "ENV_Test_Weighted probability to choose the right action:_epoch12": 0.8227216177036696, "ENV_Test_proba_accuracy_epoch12": 0.7836366043343074, "ENV_Test_proba_accuracy_strategy_132_epoch12": 0.819334413845002, "ENV_Test_proba_accuracy_strategy_23_epoch12": 0.7841972557563917, "ENV_Test_proba_accuracy_strategy_107_epoch12": 0.8475336150237381, "ENV_Test_proba_accuracy_strategy_43_epoch12": 0.7896631383554563, "ENV_Test_proba_accuracy_strategy_17_epoch12": 0.7567483026988945, "ENV_Test_proba_accuracy_strategy_93_epoch12": 0.7870193558871119, "ENV_Test_proba_accuracy_per_mean_strategy_epoch12": 0.7974160135944325, "ENV_Test_proba_accuracy_per_mean_user_epoch12": 0.7956416843414098, "ENV_Test_proba_accuracy_per_mean_user_and_bot_epoch12": 0.8227216177036705, "ENV_Test_accuracy_epoch12": 0.818816, "ENV_Test_accuracy_strategy_132_epoch12": 0.8475920679886686, "ENV_Test_accuracy_strategy_23_epoch12": 0.8253352722572306, "ENV_Test_accuracy_strategy_107_epoch12": 0.8850574712643678, "ENV_Test_accuracy_strategy_43_epoch12": 0.8148854961832062, "ENV_Test_accuracy_strategy_17_epoch12": 0.7921960072595281, "ENV_Test_accuracy_strategy_93_epoch12": 0.8114602587800369, "ENV_Test_accuracy_per_mean_strategy_epoch12": 0.8294210956221729, "ENV_Test_accuracy_per_mean_user_epoch12": 0.8305307316648024, "ENV_Test_accuracy_per_mean_user_and_bot_epoch12": 0.8549146407685246, "ENV_Train_TotalLoss_epoch13": 705.7001249687926, "ENV_Train_Right action_epoch13": 0.8664532900989546, "ENV_Train_Probability to choose the right action_epoch13": 0.8073311571740694, "ENV_Train_Weighted right action_epoch13": 0.8664532900989546, "ENV_Train_Weighted probability to choose the right action:_epoch13": 0.8073311571740694, "ENV_Test_TotalLoss_epoch13": 220.73969016495823, "ENV_Test_Right action_epoch13": 0.813376, "ENV_Test_Probability to choose the right action_epoch13": 0.7827994453824918, "ENV_Test_Weighted right action_epoch13": 0.8505327277510684, "ENV_Test_Weighted probability to choose the right action:_epoch13": 0.8232440469618927, "ENV_Test_proba_accuracy_epoch13": 0.7827994453824917, "ENV_Test_proba_accuracy_strategy_132_epoch13": 0.8251568596707471, "ENV_Test_proba_accuracy_strategy_23_epoch13": 0.7832240506589601, "ENV_Test_proba_accuracy_strategy_107_epoch13": 0.8517121877722327, "ENV_Test_proba_accuracy_strategy_43_epoch13": 0.7894101039875583, "ENV_Test_proba_accuracy_strategy_17_epoch13": 0.7532430744004089, "ENV_Test_proba_accuracy_strategy_93_epoch13": 0.7832947777038152, "ENV_Test_proba_accuracy_per_mean_strategy_epoch13": 0.797673509032287, "ENV_Test_proba_accuracy_per_mean_user_epoch13": 0.7951260252028938, "ENV_Test_proba_accuracy_per_mean_user_and_bot_epoch13": 0.8232440469618926, "ENV_Test_accuracy_epoch13": 0.813376, "ENV_Test_accuracy_strategy_132_epoch13": 0.8453257790368272, "ENV_Test_accuracy_strategy_23_epoch13": 0.8161253837453547, "ENV_Test_accuracy_strategy_107_epoch13": 0.8801313628899836, "ENV_Test_accuracy_strategy_43_epoch13": 0.8225190839694656, "ENV_Test_accuracy_strategy_17_epoch13": 0.7862976406533575, "ENV_Test_accuracy_strategy_93_epoch13": 0.8049907578558225, "ENV_Test_accuracy_per_mean_strategy_epoch13": 0.8258983346918018, "ENV_Test_accuracy_per_mean_user_epoch13": 0.8246168330951252, "ENV_Test_accuracy_per_mean_user_and_bot_epoch13": 0.8505327277510687, "ENV_Train_TotalLoss_epoch14": 696.2497006360044, "ENV_Train_Right action_epoch14": 0.8648384211114838, "ENV_Train_Probability to choose the right action_epoch14": 0.8093723160339816, "ENV_Train_Weighted right action_epoch14": 0.8648384211114838, "ENV_Train_Weighted probability to choose the right action:_epoch14": 0.8093723160339816, "ENV_Test_TotalLoss_epoch14": 232.97934008164796, "ENV_Test_Right action_epoch14": 0.815744, "ENV_Test_Probability to choose the right action_epoch14": 0.785292328672039, "ENV_Test_Weighted right action_epoch14": 0.8505402202750274, "ENV_Test_Weighted probability to choose the right action:_epoch14": 0.8227251799486259, "ENV_Test_proba_accuracy_epoch14": 0.7852923286720396, "ENV_Test_proba_accuracy_strategy_132_epoch14": 0.8205672993787191, "ENV_Test_proba_accuracy_strategy_23_epoch14": 0.7862648967731554, "ENV_Test_proba_accuracy_strategy_107_epoch14": 0.8444499885310371, "ENV_Test_proba_accuracy_strategy_43_epoch14": 0.7918588803840657, "ENV_Test_proba_accuracy_strategy_17_epoch14": 0.7587291563129245, "ENV_Test_proba_accuracy_strategy_93_epoch14": 0.7875670812953748, "ENV_Test_proba_accuracy_per_mean_strategy_epoch14": 0.7982395504458794, "ENV_Test_proba_accuracy_per_mean_user_epoch14": 0.7970340259633583, "ENV_Test_proba_accuracy_per_mean_user_and_bot_epoch14": 0.8227251799486263, "ENV_Test_accuracy_epoch14": 0.815744, "ENV_Test_accuracy_strategy_132_epoch14": 0.8458923512747876, "ENV_Test_accuracy_strategy_23_epoch14": 0.8200032315398287, "ENV_Test_accuracy_strategy_107_epoch14": 0.8686371100164204, "ENV_Test_accuracy_strategy_43_epoch14": 0.8199745547073791, "ENV_Test_accuracy_strategy_17_epoch14": 0.7890199637023594, "ENV_Test_accuracy_strategy_93_epoch14": 0.8151571164510166, "ENV_Test_accuracy_per_mean_strategy_epoch14": 0.8264473879486319, "ENV_Test_accuracy_per_mean_user_epoch14": 0.827869072826415, "ENV_Test_accuracy_per_mean_user_and_bot_epoch14": 0.8505402202750274, "ENV_Train_TotalLoss_epoch15": 684.0463161639838, "ENV_Train_Right action_epoch15": 0.8694837780790897, "ENV_Train_Probability to choose the right action_epoch15": 0.8140872417479252, "ENV_Train_Weighted right action_epoch15": 0.8694837780790897, "ENV_Train_Weighted probability to choose the right action:_epoch15": 0.8140872417479252, "ENV_Test_TotalLoss_epoch15": 216.4565108497271, "ENV_Test_Right action_epoch15": 0.816192, "ENV_Test_Probability to choose the right action_epoch15": 0.7855289389116893, "ENV_Test_Weighted right action_epoch15": 0.8488055053018453, "ENV_Test_Weighted probability to choose the right action:_epoch15": 0.8223648579599494, "ENV_Test_proba_accuracy_epoch15": 0.7855289389116897, "ENV_Test_proba_accuracy_strategy_132_epoch15": 0.8275738430088505, "ENV_Test_proba_accuracy_strategy_23_epoch15": 0.7870703379616152, "ENV_Test_proba_accuracy_strategy_107_epoch15": 0.8490177844030599, "ENV_Test_proba_accuracy_strategy_43_epoch15": 0.7839873992571716, "ENV_Test_proba_accuracy_strategy_17_epoch15": 0.7580043837946642, "ENV_Test_proba_accuracy_strategy_93_epoch15": 0.7867654065059854, "ENV_Test_proba_accuracy_per_mean_strategy_epoch15": 0.7987365258218911, "ENV_Test_proba_accuracy_per_mean_user_epoch15": 0.7961068228426834, "ENV_Test_proba_accuracy_per_mean_user_and_bot_epoch15": 0.8223648579599485, "ENV_Test_accuracy_epoch15": 0.816192, "ENV_Test_accuracy_strategy_132_epoch15": 0.8526912181303116, "ENV_Test_accuracy_strategy_23_epoch15": 0.8196800775569559, "ENV_Test_accuracy_strategy_107_epoch15": 0.8752052545155994, "ENV_Test_accuracy_strategy_43_epoch15": 0.8193384223918575, "ENV_Test_accuracy_strategy_17_epoch15": 0.7885662431941923, "ENV_Test_accuracy_strategy_93_epoch15": 0.8114602587800369, "ENV_Test_accuracy_per_mean_strategy_epoch15": 0.8278235790948255, "ENV_Test_accuracy_per_mean_user_epoch15": 0.825922044975135, "ENV_Test_accuracy_per_mean_user_and_bot_epoch15": 0.8488055053018465, "ENV_Train_TotalLoss_epoch16": 673.6424587881951, "ENV_Train_Right action_epoch16": 0.8720156555772994, "ENV_Train_Probability to choose the right action_epoch16": 0.8169162929247931, "ENV_Train_Weighted right action_epoch16": 0.8720156555772994, "ENV_Train_Weighted probability to choose the right action:_epoch16": 0.8169162929247931, "ENV_Test_TotalLoss_epoch16": 218.52675145531234, "ENV_Test_Right action_epoch16": 0.818496, "ENV_Test_Probability to choose the right action_epoch16": 0.7816959964080571, "ENV_Test_Weighted right action_epoch16": 0.8526202330202325, "ENV_Test_Weighted probability to choose the right action:_epoch16": 0.8168189667505875, "ENV_Test_proba_accuracy_epoch16": 0.781695996408057, "ENV_Test_proba_accuracy_strategy_132_epoch16": 0.8179806671502051, "ENV_Test_proba_accuracy_strategy_23_epoch16": 0.7836750229987718, "ENV_Test_proba_accuracy_strategy_107_epoch16": 0.8374700584999193, "ENV_Test_proba_accuracy_strategy_43_epoch16": 0.7861080580390948, "ENV_Test_proba_accuracy_strategy_17_epoch16": 0.7552938984685859, "ENV_Test_proba_accuracy_strategy_93_epoch16": 0.7809452049010565, "ENV_Test_proba_accuracy_per_mean_strategy_epoch16": 0.7935788183429389, "ENV_Test_proba_accuracy_per_mean_user_epoch16": 0.7917522634285337, "ENV_Test_proba_accuracy_per_mean_user_and_bot_epoch16": 0.8168189667505877, "ENV_Test_accuracy_epoch16": 0.818496, "ENV_Test_accuracy_strategy_132_epoch16": 0.853257790368272, "ENV_Test_accuracy_strategy_23_epoch16": 0.8224268864113751, "ENV_Test_accuracy_strategy_107_epoch16": 0.8669950738916257, "ENV_Test_accuracy_strategy_43_epoch16": 0.8231552162849872, "ENV_Test_accuracy_strategy_17_epoch16": 0.7917422867513612, "ENV_Test_accuracy_strategy_93_epoch16": 0.8142329020332717, "ENV_Test_accuracy_per_mean_strategy_epoch16": 0.8286350259568155, "ENV_Test_accuracy_per_mean_user_epoch16": 0.8280378961731585, "ENV_Test_accuracy_per_mean_user_and_bot_epoch16": 0.8526202330202329, "ENV_Train_TotalLoss_epoch17": 655.8472758769794, "ENV_Train_Right action_epoch17": 0.8748130442683216, "ENV_Train_Probability to choose the right action_epoch17": 0.8212023170454229, "ENV_Train_Weighted right action_epoch17": 0.8748130442683216, "ENV_Train_Weighted probability to choose the right action:_epoch17": 0.8212023170454229, "ENV_Test_TotalLoss_epoch17": 226.2160916338487, "ENV_Test_Right action_epoch17": 0.821504, "ENV_Test_Probability to choose the right action_epoch17": 0.7898496246625143, "ENV_Test_Weighted right action_epoch17": 0.8502690202154163, "ENV_Test_Weighted probability to choose the right action:_epoch17": 0.8228871012822366, "ENV_Test_proba_accuracy_epoch17": 0.7898496246625138, "ENV_Test_proba_accuracy_strategy_132_epoch17": 0.8277720741627702, "ENV_Test_proba_accuracy_strategy_23_epoch17": 0.7911379938305168, "ENV_Test_proba_accuracy_strategy_107_epoch17": 0.8484829774640346, "ENV_Test_proba_accuracy_strategy_43_epoch17": 0.7905805087248461, "ENV_Test_proba_accuracy_strategy_17_epoch17": 0.763726735759475, "ENV_Test_proba_accuracy_strategy_93_epoch17": 0.7929791926234748, "ENV_Test_proba_accuracy_per_mean_strategy_epoch17": 0.8024465804275196, "ENV_Test_proba_accuracy_per_mean_user_epoch17": 0.7984803123210747, "ENV_Test_proba_accuracy_per_mean_user_and_bot_epoch17": 0.8228871012822362, "ENV_Test_accuracy_epoch17": 0.821504, "ENV_Test_accuracy_strategy_132_epoch17": 0.8572237960339943, "ENV_Test_accuracy_strategy_23_epoch17": 0.825496849248667, "ENV_Test_accuracy_strategy_107_epoch17": 0.8686371100164204, "ENV_Test_accuracy_strategy_43_epoch17": 0.816793893129771, "ENV_Test_accuracy_strategy_17_epoch17": 0.7976406533575318, "ENV_Test_accuracy_strategy_93_epoch17": 0.8179297597042514, "ENV_Test_accuracy_per_mean_strategy_epoch17": 0.8306203435817726, "ENV_Test_accuracy_per_mean_user_epoch17": 0.8300740109720128, "ENV_Test_accuracy_per_mean_user_and_bot_epoch17": 0.8502690202154164, "ENV_Train_TotalLoss_epoch18": 650.0617884422185, "ENV_Train_Right action_epoch18": 0.8757092149025965, "ENV_Train_Probability to choose the right action_epoch18": 0.8238261236296915, "ENV_Train_Weighted right action_epoch18": 0.8757092149025965, "ENV_Train_Weighted probability to choose the right action:_epoch18": 0.8238261236296915, "ENV_Test_TotalLoss_epoch18": 233.69184634336818, "ENV_Test_Right action_epoch18": 0.821504, "ENV_Test_Probability to choose the right action_epoch18": 0.7922080301221158, "ENV_Test_Weighted right action_epoch18": 0.853010264330702, "ENV_Test_Weighted probability to choose the right action:_epoch18": 0.8265642021993111, "ENV_Test_proba_accuracy_epoch18": 0.7922080301221155, "ENV_Test_proba_accuracy_strategy_132_epoch18": 0.8236534473775632, "ENV_Test_proba_accuracy_strategy_23_epoch18": 0.7945551347263645, "ENV_Test_proba_accuracy_strategy_107_epoch18": 0.8526785154947003, "ENV_Test_proba_accuracy_strategy_43_epoch18": 0.7935861629985859, "ENV_Test_proba_accuracy_strategy_17_epoch18": 0.7668232101102767, "ENV_Test_proba_accuracy_strategy_93_epoch18": 0.7948660192967052, "ENV_Test_proba_accuracy_per_mean_strategy_epoch18": 0.8043604150006992, "ENV_Test_proba_accuracy_per_mean_user_epoch18": 0.8024095486967365, "ENV_Test_proba_accuracy_per_mean_user_and_bot_epoch18": 0.826564202199311, "ENV_Test_accuracy_epoch18": 0.821504, "ENV_Test_accuracy_strategy_132_epoch18": 0.8504249291784702, "ENV_Test_accuracy_strategy_23_epoch18": 0.8242042333171756, "ENV_Test_accuracy_strategy_107_epoch18": 0.8752052545155994, "ENV_Test_accuracy_strategy_43_epoch18": 0.8206106870229007, "ENV_Test_accuracy_strategy_17_epoch18": 0.7996823956442831, "ENV_Test_accuracy_strategy_93_epoch18": 0.8188539741219963, "ENV_Test_accuracy_per_mean_strategy_epoch18": 0.831496912300071, "ENV_Test_accuracy_per_mean_user_epoch18": 0.8315032129956264, "ENV_Test_accuracy_per_mean_user_and_bot_epoch18": 0.8530102643307018, "ENV_Train_TotalLoss_epoch19": 637.1395128306847, "ENV_Train_Right action_epoch19": 0.8803885937936818, "ENV_Train_Probability to choose the right action_epoch19": 0.8274420074059756, "ENV_Train_Weighted right action_epoch19": 0.8803885937936818, "ENV_Train_Weighted probability to choose the right action:_epoch19": 0.8274420074059756, "ENV_Test_TotalLoss_epoch19": 228.0929646126526, "ENV_Test_Right action_epoch19": 0.815168, "ENV_Test_Probability to choose the right action_epoch19": 0.7838064740851717, "ENV_Test_Weighted right action_epoch19": 0.8508507933779826, "ENV_Test_Weighted probability to choose the right action:_epoch19": 0.8202454214220277, "ENV_Test_proba_accuracy_epoch19": 0.7838064740851721, "ENV_Test_proba_accuracy_strategy_132_epoch19": 0.8235023195622228, "ENV_Test_proba_accuracy_strategy_23_epoch19": 0.7825395338246273, "ENV_Test_proba_accuracy_strategy_107_epoch19": 0.8474529315867141, "ENV_Test_proba_accuracy_strategy_43_epoch19": 0.7872284297645706, "ENV_Test_proba_accuracy_strategy_17_epoch19": 0.7580448247102843, "ENV_Test_proba_accuracy_strategy_93_epoch19": 0.7904564458999312, "ENV_Test_proba_accuracy_per_mean_strategy_epoch19": 0.7982040808913918, "ENV_Test_proba_accuracy_per_mean_user_epoch19": 0.7944149877380978, "ENV_Test_proba_accuracy_per_mean_user_and_bot_epoch19": 0.8202454214220267, "ENV_Test_accuracy_epoch19": 0.815168, "ENV_Test_accuracy_strategy_132_epoch19": 0.8572237960339943, "ENV_Test_accuracy_strategy_23_epoch19": 0.8130554209080627, "ENV_Test_accuracy_strategy_107_epoch19": 0.8817733990147784, "ENV_Test_accuracy_strategy_43_epoch19": 0.811704834605598, "ENV_Test_accuracy_strategy_17_epoch19": 0.7919691470054446, "ENV_Test_accuracy_strategy_93_epoch19": 0.8207024029574861, "ENV_Test_accuracy_per_mean_strategy_epoch19": 0.829404833420894, "ENV_Test_accuracy_per_mean_user_epoch19": 0.8239494084585515, "ENV_Test_accuracy_per_mean_user_and_bot_epoch19": 0.850850793377982, "ENV_Train_TotalLoss_epoch20": 625.6145593328288, "ENV_Train_Right action_epoch20": 0.8813111545988258, "ENV_Train_Probability to choose the right action_epoch20": 0.8299040315159807, "ENV_Train_Weighted right action_epoch20": 0.8813111545988258, "ENV_Train_Weighted probability to choose the right action:_epoch20": 0.8299040315159807, "ENV_Test_TotalLoss_epoch20": 241.55551028041043, "ENV_Test_Right action_epoch20": 0.818944, "ENV_Test_Probability to choose the right action_epoch20": 0.7898209671857196, "ENV_Test_Weighted right action_epoch20": 0.8473204118329488, "ENV_Test_Weighted probability to choose the right action:_epoch20": 0.8214504309354916, "ENV_Test_proba_accuracy_epoch20": 0.7898209671857204, "ENV_Test_proba_accuracy_strategy_132_epoch20": 0.8226519841135339, "ENV_Test_proba_accuracy_strategy_23_epoch20": 0.7919715788472917, "ENV_Test_proba_accuracy_strategy_107_epoch20": 0.8479824271685544, "ENV_Test_proba_accuracy_strategy_43_epoch20": 0.7891653096134043, "ENV_Test_proba_accuracy_strategy_17_epoch20": 0.7649030377205875, "ENV_Test_proba_accuracy_strategy_93_epoch20": 0.7936950126620447, "ENV_Test_proba_accuracy_per_mean_strategy_epoch20": 0.8017282250209027, "ENV_Test_proba_accuracy_per_mean_user_epoch20": 0.7980481612671744, "ENV_Test_proba_accuracy_per_mean_user_and_bot_epoch20": 0.8214504309354914, "ENV_Test_accuracy_epoch20": 0.818944, "ENV_Test_accuracy_strategy_132_epoch20": 0.8447592067988668, "ENV_Test_accuracy_strategy_23_epoch20": 0.8240426563257393, "ENV_Test_accuracy_strategy_107_epoch20": 0.8752052545155994, "ENV_Test_accuracy_strategy_43_epoch20": 0.8142493638676844, "ENV_Test_accuracy_strategy_17_epoch20": 0.7971869328493648, "ENV_Test_accuracy_strategy_93_epoch20": 0.8114602587800369, "ENV_Test_accuracy_per_mean_strategy_epoch20": 0.8278172788562151, "ENV_Test_accuracy_per_mean_user_epoch20": 0.8266497454757015, "ENV_Test_accuracy_per_mean_user_and_bot_epoch20": 0.8473204118329489, "ENV_Train_TotalLoss_epoch21": 620.5837446741039, "ENV_Train_Right action_epoch21": 0.8836305696874825, "ENV_Train_Probability to choose the right action_epoch21": 0.832461215441152, "ENV_Train_Weighted right action_epoch21": 0.8836305696874825, "ENV_Train_Weighted probability to choose the right action:_epoch21": 0.832461215441152, "ENV_Test_TotalLoss_epoch21": 231.2695963829948, "ENV_Test_Right action_epoch21": 0.815872, "ENV_Test_Probability to choose the right action_epoch21": 0.7846243024063478, "ENV_Test_Weighted right action_epoch21": 0.8499754518943138, "ENV_Test_Weighted probability to choose the right action:_epoch21": 0.820209074229447, "ENV_Test_proba_accuracy_epoch21": 0.7846243024063497, "ENV_Test_proba_accuracy_strategy_132_epoch21": 0.8225134689588656, "ENV_Test_proba_accuracy_strategy_23_epoch21": 0.7835317728819923, "ENV_Test_proba_accuracy_strategy_107_epoch21": 0.8453916498871685, "ENV_Test_proba_accuracy_strategy_43_epoch21": 0.785758326051383, "ENV_Test_proba_accuracy_strategy_17_epoch21": 0.7601591614733127, "ENV_Test_proba_accuracy_strategy_93_epoch21": 0.7928864352234234, "ENV_Test_proba_accuracy_per_mean_strategy_epoch21": 0.7983734690793575, "ENV_Test_proba_accuracy_per_mean_user_epoch21": 0.7954444918344491, "ENV_Test_proba_accuracy_per_mean_user_and_bot_epoch21": 0.8202090742294474, "ENV_Test_accuracy_epoch21": 0.815872, "ENV_Test_accuracy_strategy_132_epoch21": 0.8509915014164305, "ENV_Test_accuracy_strategy_23_epoch21": 0.814348036839554, "ENV_Test_accuracy_strategy_107_epoch21": 0.8719211822660099, "ENV_Test_accuracy_strategy_43_epoch21": 0.8091603053435115, "ENV_Test_accuracy_strategy_17_epoch21": 0.7967332123411979, "ENV_Test_accuracy_strategy_93_epoch21": 0.8234750462107209, "ENV_Test_accuracy_per_mean_strategy_epoch21": 0.8277715474029042, "ENV_Test_accuracy_per_mean_user_epoch21": 0.826505231159451, "ENV_Test_accuracy_per_mean_user_and_bot_epoch21": 0.8499754518943134, "ENV_Train_TotalLoss_epoch22": 612.6012553355, "ENV_Train_Right action_epoch22": 0.8851132233715404, "ENV_Train_Probability to choose the right action_epoch22": 0.8341711782245597, "ENV_Train_Weighted right action_epoch22": 0.8851132233715404, "ENV_Train_Weighted probability to choose the right action:_epoch22": 0.8341711782245597, "ENV_Test_TotalLoss_epoch22": 237.32308016462804, "ENV_Test_Right action_epoch22": 0.818624, "ENV_Test_Probability to choose the right action_epoch22": 0.7878210664945817, "ENV_Test_Weighted right action_epoch22": 0.8507174430426447, "ENV_Test_Weighted probability to choose the right action:_epoch22": 0.8211036633192852, "ENV_Test_proba_accuracy_epoch22": 0.787821066494582, "ENV_Test_proba_accuracy_strategy_132_epoch22": 0.8209860538116649, "ENV_Test_proba_accuracy_strategy_23_epoch22": 0.7890663391168207, "ENV_Test_proba_accuracy_strategy_107_epoch22": 0.8537287746535382, "ENV_Test_proba_accuracy_strategy_43_epoch22": 0.7914667860046036, "ENV_Test_proba_accuracy_strategy_17_epoch22": 0.762560905659393, "ENV_Test_proba_accuracy_strategy_93_epoch22": 0.7871137917711689, "ENV_Test_proba_accuracy_per_mean_strategy_epoch22": 0.8008204418361983, "ENV_Test_proba_accuracy_per_mean_user_epoch22": 0.7969523254037941, "ENV_Test_proba_accuracy_per_mean_user_and_bot_epoch22": 0.8211036633192849, "ENV_Test_accuracy_epoch22": 0.818624, "ENV_Test_accuracy_strategy_132_epoch22": 0.8498583569405099, "ENV_Test_accuracy_strategy_23_epoch22": 0.8203263855227015, "ENV_Test_accuracy_strategy_107_epoch22": 0.8916256157635468, "ENV_Test_accuracy_strategy_43_epoch22": 0.8180661577608143, "ENV_Test_accuracy_strategy_17_epoch22": 0.7953720508166969, "ENV_Test_accuracy_strategy_93_epoch22": 0.8123844731977818, "ENV_Test_accuracy_per_mean_strategy_epoch22": 0.8312721733336753, "ENV_Test_accuracy_per_mean_user_epoch22": 0.8282675527417713, "ENV_Test_accuracy_per_mean_user_and_bot_epoch22": 0.8507174430426453, "ENV_Train_TotalLoss_epoch23": 605.3686075652121, "ENV_Train_Right action_epoch23": 0.8870904618137091, "ENV_Train_Probability to choose the right action_epoch23": 0.8366148998593544, "ENV_Train_Weighted right action_epoch23": 0.8870904618137091, "ENV_Train_Weighted probability to choose the right action:_epoch23": 0.8366148998593544, "ENV_Test_TotalLoss_epoch23": 242.35065536137196, "ENV_Test_Right action_epoch23": 0.81536, "ENV_Test_Probability to choose the right action_epoch23": 0.7852212054209814, "ENV_Test_Weighted right action_epoch23": 0.8464178858162217, "ENV_Test_Weighted probability to choose the right action:_epoch23": 0.819432022272139, "ENV_Test_proba_accuracy_epoch23": 0.7852212054209806, "ENV_Test_proba_accuracy_strategy_132_epoch23": 0.8192256069175736, "ENV_Test_proba_accuracy_strategy_23_epoch23": 0.7872424837607661, "ENV_Test_proba_accuracy_strategy_107_epoch23": 0.8502022208736109, "ENV_Test_proba_accuracy_strategy_43_epoch23": 0.7839259034793673, "ENV_Test_proba_accuracy_strategy_17_epoch23": 0.7604390688063369, "ENV_Test_proba_accuracy_strategy_93_epoch23": 0.7844587046377031, "ENV_Test_proba_accuracy_per_mean_strategy_epoch23": 0.7975823314125597, "ENV_Test_proba_accuracy_per_mean_user_epoch23": 0.7949492227376371, "ENV_Test_proba_accuracy_per_mean_user_and_bot_epoch23": 0.8194320222721401, "ENV_Test_accuracy_epoch23": 0.81536, "ENV_Test_accuracy_strategy_132_epoch23": 0.8441926345609065, "ENV_Test_accuracy_strategy_23_epoch23": 0.8191953465826466, "ENV_Test_accuracy_strategy_107_epoch23": 0.8735632183908046, "ENV_Test_accuracy_strategy_43_epoch23": 0.8104325699745547, "ENV_Test_accuracy_strategy_17_epoch23": 0.793557168784029, "ENV_Test_accuracy_strategy_93_epoch23": 0.8096118299445472, "ENV_Test_accuracy_per_mean_strategy_epoch23": 0.8250921280395814, "ENV_Test_accuracy_per_mean_user_epoch23": 0.8244491477198108, "ENV_Test_accuracy_per_mean_user_and_bot_epoch23": 0.8464178858162222, "ENV_Train_TotalLoss_epoch24": 595.7001967040325, "ENV_Train_Right action_epoch24": 0.8883965389507821, "ENV_Train_Probability to choose the right action_epoch24": 0.8397740247735885, "ENV_Train_Weighted right action_epoch24": 0.8883965389507821, "ENV_Train_Weighted probability to choose the right action:_epoch24": 0.8397740247735885, "ENV_Test_TotalLoss_epoch24": 245.64975419627734, "ENV_Test_Right action_epoch24": 0.816, "ENV_Test_Probability to choose the right action_epoch24": 0.7903571060332903, "ENV_Test_Weighted right action_epoch24": 0.8472049042466453, "ENV_Test_Weighted probability to choose the right action:_epoch24": 0.8259168497625229, "ENV_Test_proba_accuracy_epoch24": 0.790357106033291, "ENV_Test_proba_accuracy_strategy_132_epoch24": 0.8271062546338571, "ENV_Test_proba_accuracy_strategy_23_epoch24": 0.7898925126306585, "ENV_Test_proba_accuracy_strategy_107_epoch24": 0.8521681847863809, "ENV_Test_proba_accuracy_strategy_43_epoch24": 0.793170300170015, "ENV_Test_proba_accuracy_strategy_17_epoch24": 0.765206107173825, "ENV_Test_proba_accuracy_strategy_93_epoch24": 0.7966541819277997, "ENV_Test_proba_accuracy_per_mean_strategy_epoch24": 0.804032923553756, "ENV_Test_proba_accuracy_per_mean_user_epoch24": 0.8008565545347901, "ENV_Test_proba_accuracy_per_mean_user_and_bot_epoch24": 0.8259168497625221, "ENV_Test_accuracy_epoch24": 0.816, "ENV_Test_accuracy_strategy_132_epoch24": 0.8470254957507082, "ENV_Test_accuracy_strategy_23_epoch24": 0.8158022297624818, "ENV_Test_accuracy_strategy_107_epoch24": 0.8752052545155994, "ENV_Test_accuracy_strategy_43_epoch24": 0.811704834605598, "ENV_Test_accuracy_strategy_17_epoch24": 0.7967332123411979, "ENV_Test_accuracy_strategy_93_epoch24": 0.8179297597042514, "ENV_Test_accuracy_per_mean_strategy_epoch24": 0.8274001311133062, "ENV_Test_accuracy_per_mean_user_epoch24": 0.825494334772171, "ENV_Test_accuracy_per_mean_user_and_bot_epoch24": 0.8472049042466456, "_wandb": {"runtime": 1995}}