config_seed,config_features,config_input_dim,config_REVIEW_DIM,config_architecture,config_FEATURES_PATH,config_ENV_LEARNING_RATE,config_offline_train_test_datasets,ENV_Test_proba_accuracy_per_mean_user_and_bot_epoch10,ENV_Test_proba_accuracy_per_mean_user_and_bot_epoch16,ENV_Test_accuracy_per_mean_user_and_bot_epoch12,ENV_Test_accuracy_per_mean_user_and_bot_epoch8,ENV_Test_accuracy_per_mean_user_and_bot_epoch9,ENV_Test_accuracy_per_mean_user_and_bot_epoch23,ENV_Test_proba_accuracy_per_mean_user_and_bot_epoch7,ENV_Test_proba_accuracy_per_mean_user_and_bot_epoch14,ENV_Test_accuracy_per_mean_user_and_bot_epoch11,ENV_Test_proba_accuracy_per_mean_user_and_bot_epoch17,ENV_Test_accuracy_per_mean_user_and_bot_epoch10,ENV_Test_proba_accuracy_per_mean_user_and_bot_epoch21,ENV_Test_proba_accuracy_per_mean_user_and_bot_epoch20,ENV_Test_proba_accuracy_per_mean_user_and_bot_epoch9,ENV_Test_proba_accuracy_per_mean_user_and_bot_epoch11,ENV_Test_accuracy_per_mean_user_and_bot_epoch17,ENV_Test_accuracy_per_mean_user_and_bot_epoch5,ENV_Test_accuracy_per_mean_user_and_bot_epoch15,ENV_Test_proba_accuracy_per_mean_user_and_bot_epoch18,ENV_Test_accuracy_per_mean_user_and_bot_epoch0,ENV_Test_accuracy_per_mean_user_and_bot_epoch1,ENV_Test_accuracy_per_mean_user_and_bot_epoch18,ENV_Test_accuracy_per_mean_user_and_bot_epoch24,ENV_Test_accuracy_per_mean_user_and_bot,ENV_Test_accuracy_per_mean_user_and_bot_epoch21,ENV_Test_proba_accuracy_per_mean_user_and_bot_epoch2,ENV_Test_accuracy_per_mean_user_and_bot_epoch3,ENV_Test_proba_accuracy_per_mean_user_and_bot_epoch24,ENV_Test_accuracy_per_mean_user_and_bot_epoch4,ENV_Test_proba_accuracy_per_mean_user_and_bot_epoch0,ENV_Test_accuracy_per_mean_user_and_bot_epoch19,ENV_Test_proba_accuracy_per_mean_user_and_bot_epoch23,ENV_Test_accuracy_per_mean_user_and_bot_epoch13,ENV_Test_accuracy_per_mean_user_and_bot_epoch16,ENV_Test_proba_accuracy_per_mean_user_and_bot_epoch6,ENV_Test_proba_accuracy_per_mean_user_and_bot_epoch13,ENV_Test_proba_accuracy_per_mean_user_and_bot_epoch1,ENV_Test_accuracy_per_mean_user_and_bot_epoch22,ENV_Test_proba_accuracy_per_mean_user_and_bot,ENV_Test_accuracy_per_mean_user_and_bot_epoch7,ENV_Test_accuracy_per_mean_user_and_bot_epoch14,ENV_Test_accuracy_per_mean_user_and_bot_epoch6,ENV_Test_proba_accuracy_per_mean_user_and_bot_epoch22,ENV_Test_proba_accuracy_per_mean_user_and_bot_epoch3,ENV_Test_proba_accuracy_per_mean_user_and_bot_epoch5,ENV_Test_accuracy_per_mean_user_and_bot_epoch20,ENV_Test_proba_accuracy_per_mean_user_and_bot_epoch19,ENV_Test_accuracy_per_mean_user_and_bot_epoch2,ENV_Test_proba_accuracy_per_mean_user_and_bot_epoch4,ENV_Test_proba_accuracy_per_mean_user_and_bot_epoch12,ENV_Test_proba_accuracy_per_mean_user_and_bot_epoch15,ENV_Test_proba_accuracy_per_mean_user_and_bot_epoch8
0,EFs,60,37,CNN,data/EFs_by_GPT35.csv,0.001,key_word_tagging,0.7677266595092701,0.7643367147076148,0.8090035640673356,0.815465845710846,0.8103139612394845,0.7852102132232914,0.7591039444409363,0.764768500656202,0.8098237595584878,0.7727754175577213,0.8133744952022739,0.7695787789550731,0.7715223122627995,0.7511061839266188,0.7566517178649225,0.8039493927147392,0.8198648047349368,0.8002591246242473,0.7653322674459316,0.8156617877883137,0.8207062488635573,0.8030390484785712,0.7895443531533887,0.7895443531533887,0.7963828741406517,0.7428968784958822,0.8180080194744627,0.7694885331139232,0.820497636978719,0.7340642963395761,0.7912726869492527,0.7615472040302725,0.8054978083937792,0.7993569108607536,0.7584041800572798,0.7566851862116808,0.7310345911596289,0.7875539670986846,0.7694885331139232,0.817545269984805,0.8051748387194807,0.8181486800646712,0.7590713816539283,0.7391328243070839,0.7598428606801021,0.7978018985850953,0.7559286630549902,0.8201740431481482,0.7517359772658324,0.7638953255219051,0.760246417550905,0.7571647125193958
0,EFs,60,37,CNN,data/EFs_by_GPT35.csv,0.003,key_word_tagging,0.7660193650664499,0.7606587673586043,0.8154323397866601,0.8170333177532371,0.8188219689221659,0.8028479610238545,0.7564811261423556,0.761892949764979,0.8152774606214401,0.7632468185137609,0.8154661872652118,0.7634738610616918,0.7633774614880158,0.7512457507044482,0.7530141795696622,0.8088663625072714,0.814855703618121,0.8139671635643987,0.7666054682044176,0.8135157337950675,0.820521893887974,0.8124370186114567,0.7976457289406315,0.7976457289406315,0.8136097052554324,0.7468183581468758,0.812452126220677,0.7527908691519614,0.8156401325105747,0.7378984292983762,0.8089010002826862,0.7646921323409185,0.8152019172817284,0.8094737960793168,0.7593042722616636,0.7425875976814812,0.7256411545973168,0.8025659269451797,0.7527908691519614,0.8175636286491527,0.8132956279520301,0.8160145399791428,0.769156637588909,0.7459504527929136,0.7565813983081517,0.8086230611026755,0.7513686194985052,0.8175312999697794,0.7437280625294396,0.7656252068881111,0.7526008115252911,0.7538021499568808
0,EFs,60,37,LSTM,data/EFs_by_GPT35.csv,0.001,key_word_tagging,0.7707437704610142,0.7667401845220597,0.8284547686386613,0.8284707078270612,0.8252183923328537,0.8255612133419804,0.769824162956259,0.7702645383772785,0.8274897921461037,0.7762115545886552,0.8262482713503952,0.7771655064522122,0.774664855969701,0.7551730899354738,0.767991792697227,0.8270460812103101,0.8249676909753629,0.8269572378772521,0.7762924417325997,0.8194193363308635,0.8233215361218627,0.8281169749879623,0.8259699249046351,0.8259699249046351,0.8301522311445452,0.7506172843620225,0.8256729105182503,0.7691163772236115,0.8264055263986065,0.7536515044147137,0.8286265457711479,0.7748773255733072,0.8277365030407591,0.8311870618607724,0.7652424693466642,0.7595118012977975,0.7491161498563851,0.8279683950631991,0.7691163772236115,0.8292332111187964,0.8251167947313934,0.826795350591105,0.7708110767963631,0.7542039997185624,0.7646080197346897,0.8292573118673195,0.7649326927158504,0.8240954298695788,0.7554787530222336,0.7763168875801528,0.7715909742757893,0.7664328357744048
0,EFs,60,37,LSTM,data/EFs_by_GPT35.csv,0.003,key_word_tagging,0.7634899029458033,0.7586076984763227,0.8265795886740821,0.8265146711877637,0.8272715042306668,0.8209722669373689,0.763765442516708,0.7591771955655621,0.8281018707545272,0.7690581633537377,0.8230433252146373,0.7683000723432775,0.7685161231191454,0.7488858894578059,0.7611072305413786,0.8287414812726445,0.8291657386095442,0.823152247438885,0.7694738638376842,0.8141250141262958,0.8237747438227553,0.8265816763171328,0.8238843764727695,0.8238843764727695,0.8267349151575997,0.7455208180364428,0.8239549199464082,0.761160421548904,0.8240237717849457,0.741866138630546,0.8209837398583372,0.7652628127112013,0.8241479060825896,0.8269947048803975,0.7666387471363656,0.756689090133875,0.7364225774821166,0.8204025733339146,0.761160421548904,0.8234419761744605,0.8250643794950282,0.8282377999500843,0.7684966370090421,0.7539989069245865,0.7653473403989085,0.8265093865907109,0.7586074868486371,0.8255139481912398,0.7552819187428034,0.773259112227152,0.7646026911956247,0.767413498918916
0,EFs,70,37,CNN,data/EFs_by_GPT35.csv,0.001,original_data,0.7714498323184132,0.7694186630454258,0.8077625057183057,0.8171738215148991,0.8135356937766792,0.7879929852214459,0.7687941978327165,0.7640438226260235,0.8093457541601993,0.7712436554047437,0.8129886423205949,0.7656687920662366,0.7679650422638377,0.759373320103767,0.7611482132699986,0.796202453153981,0.8183036214786398,0.7949155609616047,0.7735345484918691,0.8192914802914104,0.8207838317105506,0.7982495945369938,0.7787427676319321,0.7787427676319321,0.7878733703804156,0.7453361263268174,0.8170807634594808,0.7563608378524656,0.8191811836329054,0.7414827759202222,0.7933905937607568,0.7707857047992087,0.8024546069198891,0.7992570782508708,0.7671852951314861,0.7579941978549357,0.7348357601301067,0.7803357287559385,0.7563608378524656,0.8165678691574433,0.7997105826385122,0.8192441787503932,0.759921881615854,0.7481438806934875,0.767374490531852,0.7864233849301697,0.7665138832163346,0.8183249115623119,0.7564633227927694,0.7725187458051054,0.7651631764647496,0.7637612691324857
0,EFs,70,37,CNN,data/EFs_by_GPT35.csv,0.001,trans_tagging,0.7714498323184132,0.7694186630454258,0.8077625057183057,0.8171738215148991,0.8135356937766792,0.7879929852214459,0.7687941978327165,0.7640438226260235,0.8093457541601993,0.7712436554047437,0.8129886423205949,0.7656687920662366,0.7679650422638377,0.759373320103767,0.7611482132699986,0.796202453153981,0.8183036214786398,0.7949155609616047,0.7735345484918691,0.8192914802914104,0.8207838317105506,0.7982495945369938,0.7787427676319321,0.7787427676319321,0.7878733703804156,0.7453361263268174,0.8170807634594808,0.7563608378524656,0.8191811836329054,0.7414827759202222,0.7933905937607568,0.7707857047992087,0.8024546069198891,0.7992570782508708,0.7671852951314861,0.7579941978549357,0.7348357601301067,0.7803357287559385,0.7563608378524656,0.8165678691574433,0.7997105826385122,0.8192441787503932,0.759921881615854,0.7481438806934875,0.767374490531852,0.7864233849301697,0.7665138832163346,0.8183249115623119,0.7564633227927694,0.7725187458051054,0.7651631764647496,0.7637612691324857
0,EFs,70,37,CNN,data/EFs_by_GPT35.csv,0.003,original_data,0.7641081545377081,0.7602150478701022,0.8124517104065901,0.8186381320163562,0.814242671947772,0.7972024901301024,0.7732851617477864,0.7589726684751877,0.8149623269613054,0.7609909328739827,0.8122478081860135,0.7604396712831306,0.7588166578214628,0.7477756663145729,0.7519745369541803,0.8043584820915295,0.8207906614243322,0.811876353213909,0.7661100215562557,0.8171015675709752,0.8178196112008658,0.8027598048658373,0.8015802072783859,0.8015802072783859,0.8058752952362032,0.7438929115763158,0.8156494017484462,0.7503472456234355,0.8238004805156997,0.7365287894895459,0.7992625705740252,0.7639226983844933,0.8139781338793268,0.8101488099170183,0.7664435032977099,0.7421273440035553,0.731361205466262,0.8015070700541637,0.7503472456234355,0.8170558762829966,0.8143836580240507,0.8192603525865985,0.7546713565300812,0.7414350314990404,0.7606672771404465,0.8071843757831767,0.7428005665007646,0.8208165195181597,0.7571452250319597,0.7660101645756363,0.7420409750526588,0.74508464162491
0,EFs,70,37,CNN,data/EFs_by_GPT35.csv,0.003,trans_tagging,0.7633477682956215,0.7623365628880949,0.811462715931054,0.8141938527333995,0.8155307520906871,0.8031082210990647,0.7679105780854807,0.7559162404432554,0.8135221870466144,0.7637993971562935,0.8159422488990418,0.7549876554176752,0.7560110788236781,0.7546645037897991,0.7553519245768606,0.8067862464627378,0.8147972518763658,0.811625207098384,0.768689711445233,0.8143187430207536,0.8181061704085033,0.8087703191894977,0.79846828292591,0.79846828292591,0.8021824615342698,0.7469899679356805,0.811153353049777,0.7556801445444568,0.8209390618801229,0.7387039864640125,0.8064580159629704,0.7622603407767491,0.8138425150579978,0.8119461812032047,0.7554258661799415,0.7603407195306509,0.7296606325152903,0.8018620600141965,0.7556801445444568,0.8179294412284489,0.8114105622633961,0.8191525144934162,0.7531355393100068,0.7407481180639888,0.7607264343406203,0.8031360353442047,0.7568889930210368,0.8182870966071795,0.7513076035006261,0.7736554161161084,0.753552218412768,0.7613103036431019
0,EFs,70,37,LSTM,data/EFs_by_GPT35.csv,0.001,original_data,0.7742166060899383,0.7720841746783499,0.8320370566726905,0.8307168601851425,0.8307769378040031,0.8231796955300935,0.7717815812771022,0.7761986169389878,0.8325731597062312,0.7727495001707344,0.8311655714719312,0.7737296975133459,0.7685648346486387,0.7625720573284527,0.768598273880615,0.8269587282697772,0.8289413114122965,0.8295529040056137,0.7718639041517287,0.8168526301698131,0.8257793419914692,0.8276772748424028,0.8210297139168593,0.8210297139168593,0.8250817944376928,0.7573689917950839,0.8257691931154421,0.7706574498006876,0.8289464060120902,0.7516205543980028,0.8232743871060908,0.7729340233656701,0.8284866004966572,0.8289894659270799,0.7758903750776318,0.7724563690673806,0.7497664375865568,0.8222351667436079,0.7706574498006876,0.8293597938990401,0.8285398745571202,0.8310834795989828,0.7715493693582958,0.7635830654545412,0.7700119617494006,0.8259361353774902,0.7695300182617283,0.8270790372501685,0.7675216063415408,0.7825245403297383,0.7740266242457908,0.7736324577633387
0,EFs,70,37,LSTM,data/EFs_by_GPT35.csv,0.001,trans_tagging,0.7758705025964416,0.7613969855540599,0.8303357597445259,0.8294900162617813,0.8258745471492256,0.817855218980426,0.7689566984370583,0.7688259285100641,0.829689104410517,0.772278378448531,0.830434261431588,0.7730780969429161,0.77174440828313,0.758097530401401,0.7663328294891988,0.8204945197230943,0.8271357893944696,0.8214465545167241,0.7721547206405496,0.8184003153899542,0.8255497351017882,0.8206812646670769,0.8169404022924016,0.8169404022924016,0.8206026615191192,0.7533123598678428,0.8276815733739968,0.7676328683256843,0.8257626895692183,0.7489077583939239,0.8192672243052769,0.7718068604223693,0.8260941360740826,0.8235370076149062,0.7728169115271507,0.767283668049097,0.7498464528818594,0.8148082205125782,0.7676328683256843,0.8262538262886048,0.828193164488261,0.8298014726287629,0.764929029280521,0.7618161376856295,0.7667337375951173,0.8179396239331707,0.7643592192428251,0.8246271452628632,0.7631064795296247,0.7820750165140682,0.7723847998833611,0.770348896655702
0,EFs,70,37,LSTM,data/EFs_by_GPT35.csv,0.003,original_data,0.7666823240547693,0.7638859912763146,0.8288660916254257,0.8272544299591846,0.8265645792283436,0.8191843189475715,0.7695085376165208,0.7714263100243264,0.8339295898570905,0.7724607996429728,0.8311931321368141,0.7754982873007013,0.7729398240752376,0.76105433677167,0.7673513304269883,0.8210860243915932,0.8277079689859522,0.8219291036434719,0.770558011254886,0.815966369119461,0.8287809610673472,0.8271444371794405,0.8252327016927405,0.8252327016927405,0.826308285728613,0.7499983602134564,0.8268742005019722,0.76052564806788,0.8283580955038534,0.7519512432575468,0.819641549088469,0.7737626190629106,0.8244440592520604,0.8248125175999138,0.7664749288260632,0.7640111594286964,0.7404453789337474,0.8202726736766954,0.76052564806788,0.8323625310377946,0.8255551429705495,0.8291410898092,0.7644228725574181,0.7602045868041307,0.7642529058596205,0.8220945471015358,0.7619502870765803,0.8251976606529793,0.7682003107882803,0.7754798672527031,0.7659192229593033,0.7689036907442419
0,EFs,70,37,LSTM,data/EFs_by_GPT35.csv,0.003,trans_tagging,0.772457345410316,0.7711105225538899,0.8266425700397522,0.8279569373352802,0.8232134676125679,0.8181325035717456,0.7737403937527486,0.7694087655789927,0.8284066132886266,0.7737349072734089,0.8241933790775684,0.7730829693744811,0.7752745788330052,0.7588945948610386,0.762658082939691,0.8200684267626557,0.826337621584013,0.8233383770340944,0.7774222705158829,0.816957864008945,0.8267346015785727,0.8262922903521133,0.8179005554661587,0.8179005554661587,0.8230970342552536,0.747857145627575,0.8251304290292183,0.7633756630928948,0.8246792164056614,0.7407830815082542,0.8204751134256573,0.769823544397135,0.8230825218050324,0.826749533029053,0.7701433095396997,0.7632662759263147,0.7433384403828155,0.8177889706059738,0.7633756630928948,0.8292334538968965,0.8186217683625684,0.8240901852760771,0.7705902776449748,0.761516406299429,0.7679898003690654,0.8251067526429522,0.7629530924753136,0.8252921933917494,0.7643588175727751,0.7810654498061201,0.7627669024927978,0.7659732154368596
2,EFs,60,37,CNN,data/EFs_by_GPT35.csv,0.001,original_data,0.7514930137525591,0.7494722061423715,0.7985204880415592,0.8129149039272832,0.8079995813226977,0.7833684515321525,0.761554911697734,0.747075002067478,0.8041416950474554,0.7545809083983459,0.8059567641507266,0.7656584089547843,0.7551048384624071,0.7579144815765324,0.75957962516493,0.7911296018398198,0.8210590680543634,0.7884332754367577,0.762875740543461,0.8070623089938325,0.8191882168077468,0.7919782790626735,0.7803049776173228,0.7803049776173228,0.7871343579390571,0.7484584145028675,0.8186567338530114,0.7551530273363624,0.8186208454014477,0.7359476738234865,0.7870024168919599,0.7556012551119019,0.7977558014339715,0.7874694881884636,0.7600553277634439,0.7519197632259582,0.7410234009601823,0.7786059719066016,0.7551530273363624,0.8136448000969568,0.7871831179917723,0.8130178694894399,0.7515433044359018,0.7616751780085941,0.7587068769161068,0.780255474460224,0.7540778609127049,0.8210390005313359,0.7535349601196473,0.7505294187357304,0.7548014861020569,0.7632560352569338
2,EFs,60,37,CNN,data/EFs_by_GPT35.csv,0.003,original_data,0.7544947792674254,0.7465901424551838,0.8129469919456126,0.8184409312954642,0.8189156735336303,0.8121778771029792,0.7551189682911329,0.7632945269914971,0.8144070597775677,0.7482405867066161,0.8188722158343009,0.7578135019188341,0.7522014229242995,0.7566175394224872,0.7606788822571223,0.8134479255936071,0.8213940244980087,0.8188455897094086,0.7579829282852467,0.8025240590295601,0.8148018218529991,0.8132321480152016,0.8070828908074017,0.8070828908074017,0.8114110232983616,0.7444098984006121,0.8157234537632294,0.7655010713687657,0.8205354401384677,0.7362113624551071,0.8097486502809981,0.7530326160972838,0.8132038995093218,0.8149627481114594,0.7618828045285285,0.7547471200938533,0.7440921932597484,0.8092631603848564,0.7655010713687657,0.8230679056303231,0.8157850450811286,0.8230286862526481,0.7427206573708423,0.7560255960086503,0.7570804074152732,0.8117022537047369,0.753125536894351,0.8154382661423755,0.7488662729378467,0.7340499373121645,0.7601420480753875,0.7606649384451329
2,EFs,60,37,LSTM,data/EFs_by_GPT35.csv,0.001,original_data,0.7738462448674711,0.7637243460738748,0.8287494664798495,0.8307436557740722,0.829096718570237,0.8212821615584931,0.76798924222603,0.7658883423265752,0.8303090953459131,0.7666605825204201,0.8308000324555008,0.7799341887688905,0.7698418030833566,0.7678339293006026,0.7774588836062138,0.8261042974866127,0.8288500173382753,0.8261913314662349,0.7747032712169885,0.8199122170902085,0.8178707699494829,0.8251285724808132,0.8188910476836465,0.8188910476836465,0.8288326638501655,0.7466767556417659,0.8207937897584863,0.7753924583367159,0.8276746878913119,0.7451826365868006,0.8263604732935568,0.7757242015003009,0.8301293336556197,0.827598840623224,0.7618355488409948,0.7731557885144377,0.7403110441363167,0.8216740575622044,0.7753924583367159,0.8254764143434145,0.8294170169929882,0.8272456953917808,0.7655513823047063,0.766154445838313,0.7600914606476218,0.8246949067735618,0.7719540168866824,0.8221688977136945,0.7590347916924354,0.7679021536083157,0.7769536825711755,0.7699514034439964
2,EFs,60,37,LSTM,data/EFs_by_GPT35.csv,0.003,original_data,0.7659062164213145,0.767154575684406,0.8291898589183664,0.8289131856772401,0.8281262968443555,0.8259128229874342,0.7654598697825179,0.7636804043683013,0.828117510980164,0.7637360843764976,0.8286000658348504,0.7735926883243394,0.7588817323531833,0.7645911671392462,0.7711976806939206,0.828816097772389,0.8250681726951176,0.8273487098378811,0.7644167434824493,0.819517917993259,0.8221222519455158,0.8269305888361579,0.8280720398772915,0.8280720398772915,0.8253621481215592,0.7474505887333277,0.8232234756690123,0.775560031365869,0.829236460690865,0.7461625456568127,0.8271823979526788,0.7696661470555144,0.8274459426443359,0.8278980942380895,0.7630642273273713,0.7640945968728166,0.7442746210625697,0.8257516316106577,0.775560031365869,0.8305144653793156,0.8252410385778693,0.8209469456433537,0.7550702766434599,0.7671298969723401,0.7546223345341501,0.8306422708039579,0.7647233260875748,0.825853783986758,0.757603573479378,0.7608232928682198,0.7694201275099763,0.7730879847198158
2,EFs,70,37,CNN,data/EFs_by_GPT35.csv,0.001,key_word_tagging,0.7659061541830464,0.7566695057792661,0.8061884724112335,0.8149312861187797,0.8106720879094568,0.7812952236272017,0.761323976050669,0.7596437547668121,0.8097895799824856,0.7607432585375743,0.8125647898881769,0.7544178457234494,0.7537325111133933,0.7565077398045452,0.7685620560504398,0.7966957403898253,0.8171216889393274,0.8016133889006345,0.7536720816468823,0.8002213755533096,0.8177522736308835,0.7890313329134718,0.7837656015617248,0.7837656015617248,0.7822500898454643,0.749358116862962,0.8170390472540319,0.7635602749843515,0.8193412401015673,0.7354234180669448,0.7853026429700313,0.7574122310576689,0.8061126295917767,0.7921578606630223,0.7651887100027823,0.7652256671911244,0.7476555083943712,0.7815592676057806,0.7635602749843515,0.812492807386044,0.8023808733392814,0.816847034355091,0.7550944639298921,0.7614140231187343,0.7604753046578077,0.7831915753207254,0.7552656008871289,0.8181701940850112,0.7562098784039945,0.7588389595239811,0.7655198575378267,0.7663216157655313
2,EFs,70,37,CNN,data/EFs_by_GPT35.csv,0.001,trans_tagging,0.7639601844681068,0.7559821240283604,0.7993829831325191,0.818944909032355,0.8100679823024932,0.7806616339477841,0.7617269790804826,0.7559050108085534,0.8072467957666168,0.7609855338598874,0.8049341302412563,0.7647576828350623,0.7544141108299443,0.7620070403212797,0.7667916912881467,0.7908264830679675,0.8233181981240209,0.7993500546375141,0.7618199204272559,0.8099020746967821,0.817718700419841,0.7906737524065921,0.7829327165192924,0.7829327165192924,0.7874706146212324,0.7517912363679636,0.8223117691800311,0.7637928393013026,0.8238998599437464,0.739368996778367,0.7862381640779104,0.7573763987006976,0.7997991970084315,0.7883308900834164,0.7666149076135798,0.7588339587286987,0.7425750551245279,0.7807508156845033,0.7637928393013026,0.8198522887782584,0.7986360935540231,0.8208904615998598,0.7559922699534978,0.7684138055347619,0.7655076755031421,0.7819252050168263,0.762127011119534,0.8195686011600842,0.7588856406956647,0.7541758929655549,0.7668731887358055,0.7661235834859161
2,EFs,70,37,CNN,data/EFs_by_GPT35.csv,0.003,key_word_tagging,0.7617654082409316,0.7453414667405737,0.8179526334804103,0.8214559760546165,0.8200261607360156,0.798100837272034,0.7598435688083774,0.7681115926190174,0.8145230433520028,0.7633633295345301,0.8201081013759203,0.7642343622604922,0.7583366304531883,0.7569367129475513,0.7710577781268674,0.8068561094437039,0.8187082949899919,0.8117406265168016,0.7626935464573376,0.8000766595131283,0.8174054242764052,0.8016704208560443,0.8012524745671653,0.8012524745671653,0.7999311586146707,0.7447312677044373,0.816805997611104,0.7709853837184535,0.8168004553018221,0.737697678925905,0.8025027659016464,0.7576621535595663,0.8155395974041921,0.8103573409853395,0.7677270533484984,0.7626920328206646,0.7387819462796159,0.7978894925588452,0.7709853837184535,0.8179594094838822,0.8135361391765169,0.8158426378269185,0.7587775391827905,0.7555271432380799,0.7458840892975941,0.8023715401638785,0.7598137440245286,0.8174874115528592,0.75027889818156,0.7540050960563773,0.7605345542506181,0.7622032973972721
2,EFs,70,37,CNN,data/EFs_by_GPT35.csv,0.003,trans_tagging,0.7541005141795587,0.7472243067559089,0.8131610231555455,0.821017747531893,0.8202411655369771,0.8141523478935595,0.7562029476158917,0.7529011372066379,0.8211657393265227,0.7571079111108558,0.8163420971682535,0.76838344344353,0.7616207316109864,0.7543102507251245,0.7760476838538304,0.8180322198588293,0.8134992549760368,0.8205566908301493,0.7546323210128869,0.8074561115870563,0.8208767548163064,0.8204969813113138,0.813243240218249,0.813243240218249,0.8137590049656955,0.7453306161629915,0.8189800908675964,0.7691982332544155,0.8191249025075252,0.7372963249506217,0.816010822921119,0.7461411928880618,0.8164355838593651,0.8210695758936443,0.77184828351827,0.758023614254275,0.7423972312155299,0.8142110774075377,0.7691982332544155,0.8178272566641399,0.8217525835277845,0.8198197582326535,0.7561018537939814,0.7657388096678404,0.7591046486453651,0.8204091576299875,0.7609498475061506,0.8205005089245617,0.7547685983793199,0.7356236653193508,0.7666349569515868,0.7669634504755292
2,EFs,70,37,LSTM,data/EFs_by_GPT35.csv,0.001,key_word_tagging,0.7719275249259449,0.7733377648495391,0.8232107041484602,0.8316325379469344,0.8285061850644755,0.8202367751440311,0.7704299813633928,0.7688140007626809,0.8257667411859048,0.7684040590204452,0.8285724214595922,0.7797049148654215,0.7675505727150898,0.7736923138784315,0.7812960900658024,0.8261132049058474,0.8272522328654294,0.8261392017406419,0.7695036849566379,0.819796700266026,0.8204410230620727,0.826824772613787,0.8142297741007732,0.8142297741007732,0.8198728883526903,0.7466799862268217,0.8227249147744,0.7711723217339952,0.8263375395462111,0.750172406766931,0.8226243522701857,0.7721614252276972,0.8292767152091645,0.828934032584386,0.7661899655115676,0.77317289076683,0.7453309492211887,0.8204828423000498,0.7711723217339952,0.8268413462797236,0.8262286083068925,0.8289312295007163,0.7660572355215696,0.7682400890342268,0.7642854251651156,0.8179582913256584,0.7662477609937324,0.823278776923661,0.7635753702090521,0.7708407468078441,0.779089684434836,0.7718936506173139
2,EFs,70,37,LSTM,data/EFs_by_GPT35.csv,0.001,trans_tagging,0.780098287092676,0.770471891675669,0.8284143976850511,0.8334836874499791,0.8322184952953456,0.821350078349237,0.7690642094762569,0.7742311766418964,0.8320716919291941,0.7720591104737753,0.8355035321017082,0.7820833800993934,0.7702811203515559,0.76860904410619,0.7796904091124134,0.8263260754575459,0.8335548142938953,0.8241356423639224,0.7758371760458845,0.8217044341221036,0.8254838417985734,0.8261359004100977,0.8194845694703331,0.8194845694703331,0.8235041539930337,0.7510141925508054,0.8285663620645669,0.7766622112177411,0.8305586001092707,0.7526070292263035,0.8262447850916774,0.7710749245369988,0.8315318195135019,0.8291030744460164,0.7707070827255964,0.7693039802283684,0.7503607567642727,0.8221085139962221,0.7766622112177411,0.8310640795235306,0.8321937256916442,0.8307939140629867,0.7686145764395931,0.7706405170496297,0.7654290072578714,0.8216993356621894,0.7736861620016872,0.82910937296156,0.7677490655758109,0.7649709316514388,0.7768542017772165,0.7761023826788368
2,EFs,70,37,LSTM,data/EFs_by_GPT35.csv,0.003,key_word_tagging,0.7721352357242258,0.7649524861755743,0.8294296433467458,0.8271405439795398,0.8287804207688888,0.8215013635624597,0.7698963651192349,0.7686548225832965,0.8275284376072606,0.7621046997779456,0.826603381768749,0.7771351478371942,0.7678504827641134,0.7716205017462328,0.7720650072209921,0.8223812385207084,0.8279678191137816,0.8266045422444452,0.7697141083624701,0.8198694534408137,0.8195503841074896,0.8250960332738781,0.8251871573054036,0.8251871573054036,0.8262840054282735,0.7482226704652056,0.8235613389144832,0.7778066515367863,0.8277518047830105,0.7541351324652098,0.8233560743153215,0.773041209803318,0.8290100716172885,0.8219167701997296,0.7696995142804083,0.7715252147879267,0.7421010090471414,0.8210274934374479,0.7778066515367863,0.8284201478234016,0.8307429357897748,0.8271228750370545,0.7629453422895422,0.7703230891036691,0.7610132931245795,0.8271181255200342,0.7683376464624473,0.8259452795771155,0.762314682649335,0.7711410158968844,0.7739263242858347,0.7689555051711855
2,EFs,70,37,LSTM,data/EFs_by_GPT35.csv,0.003,trans_tagging,0.7699739719986618,0.7682994721831418,0.8298868648788151,0.8297664951589878,0.8311385702341849,0.8231445788658158,0.7675170385776631,0.767888429307468,0.8252365975545983,0.7616133467304056,0.8253328666174476,0.7742361899863895,0.7669954894026959,0.7650070449087891,0.7723891033980717,0.8229835049030703,0.8279619228789346,0.826402932196994,0.7675199241117401,0.8199902273658235,0.8244783092706889,0.8263651797456324,0.823736739336553,0.823736739336553,0.823372201793225,0.7566944178516299,0.8261219514732613,0.7686166968465719,0.8289254128839344,0.7515355418159984,0.820960007059994,0.7670614655286675,0.8271766846591103,0.8284975489138164,0.7738515344161304,0.7690138167675554,0.7420365815542274,0.823247156569747,0.7686166968465719,0.8293055895419865,0.8271492409245818,0.826779807585879,0.7629206680839872,0.7685972590479312,0.7687783505161034,0.8228795853286986,0.7610926463854913,0.8310568328892186,0.7655719026445444,0.7605612001891378,0.775808720560594,0.7735518306700736
4,EFs,60,37,CNN,data/EFs_by_GPT35.csv,0.003,original_data,0.7589068846686392,0.7540892565704433,0.8132743849917121,0.8082602066097468,0.8160623487465691,0.8103630656944696,0.746081760800265,0.7443993269066814,0.814706448663897,0.7450790155497584,0.8145798551530865,0.7456308709241539,0.7591874155750169,0.7493410296227486,0.7482527384451563,0.8102372123874139,0.8178529428952994,0.8115810212979706,0.7538362320336817,0.8118150781708355,0.8186110416934522,0.8088433137129122,0.8053535568553921,0.8053535568553921,0.8080056883458833,0.752177771777099,0.815932818798206,0.7490786867262186,0.8177432384405915,0.7450671817943934,0.8124845180822036,0.7612456208946998,0.8113282342878494,0.8130465049644429,0.7607151681152723,0.7458837083724865,0.7606730617633374,0.8060345567037738,0.7490786867262186,0.8188034487431082,0.8097250589016891,0.816470356610688,0.7554138191198934,0.7363697997405549,0.7498421771501307,0.8065305841198068,0.7517480684912643,0.8165998210987174,0.7558870702934399,0.7515327415776569,0.764043166487472,0.7530473952631648
4,EFs,60,37,LSTM,data/EFs_by_GPT35.csv,0.001,original_data,0.7639285543594684,0.7692495306268919,0.8282447479611554,0.8267503772423906,0.8273519883834847,0.8222014648344962,0.76231147787542,0.7592735446958825,0.8285054911291126,0.7602494143141734,0.8296089461351639,0.7728227350613308,0.7682025023807035,0.7638888373453201,0.760991516402196,0.8292458074683027,0.8270644124507391,0.8279861972815605,0.7644036816200157,0.8142517296507825,0.8248423618051834,0.8265234291786293,0.8208345673994405,0.8208345673994405,0.8254497778286354,0.7558395866044988,0.8283714455945558,0.7662558217744591,0.8303000565297477,0.7500294009475743,0.8263676452011204,0.7650367732334115,0.8314086229790864,0.8295555160457015,0.771568712475028,0.7606822772351758,0.7632559411027463,0.8283729366992963,0.7662558217744591,0.8299590910978754,0.825066621957922,0.8256339529717567,0.7725213442952955,0.7666502110809197,0.7645092126808822,0.8273644405306096,0.7648845455429929,0.8267937954789099,0.7663585720470315,0.7598168407325386,0.7720803953932335,0.7640529884847529
4,EFs,60,37,LSTM,data/EFs_by_GPT35.csv,0.003,original_data,0.7673826866017331,0.7726404747480698,0.8273537598607266,0.8226363521777926,0.8279421923948675,0.8221450593109613,0.7646070779445548,0.7581604891020258,0.8285665379056221,0.7569144323564277,0.828030238576511,0.761150739433504,0.7647421281301244,0.7526459731382614,0.7619792774220727,0.8259719797292828,0.8272864508834045,0.8283181208060655,0.7618524578563692,0.8157483193860574,0.8244210177584863,0.8262073136974614,0.8233268115302516,0.8233268115302516,0.8244773746817061,0.7484468276615523,0.8265642364010448,0.7518667017837075,0.8263070594294523,0.7491184927214102,0.8272929260334873,0.7563262176885244,0.8303131532325941,0.8286208724876424,0.7698725184479079,0.7624220487487736,0.7599442848728698,0.8249748512268736,0.7518667017837075,0.8265975313840787,0.8271354610510544,0.8281382479913502,0.7685551274679656,0.762185411177815,0.7599527129953654,0.8227295431466738,0.7641516845984592,0.8267012383155767,0.7676975909059672,0.7623639999777917,0.7735553693831034,0.7655159668006594
4,EFs,70,37,CNN,data/EFs_by_GPT35.csv,0.001,key_word_tagging,0.7647913690527995,0.7628345517030666,0.7987858892904415,0.8160050212921526,0.8102817726132425,0.7789854829818692,0.7553753068532701,0.7497494573101171,0.8060655754425151,0.7533747538260903,0.8137025352716862,0.760333465576431,0.7520070848303294,0.7611340435338726,0.7549196148356214,0.7922061192430824,0.8194257076900436,0.7927663303785946,0.7580506761824845,0.8135426586724591,0.820034908355375,0.7882437198497041,0.7779739001971079,0.7779739001971079,0.7883513901481877,0.7567389609148485,0.8218160610533101,0.75405909542549,0.8202651826038849,0.7466777091765139,0.7863430914445271,0.7583182725015096,0.7951271276444901,0.7914823283714415,0.7628489577165736,0.7519357791920405,0.7638202603590747,0.7853488373076899,0.75405909542549,0.8184917752244966,0.7836266979808213,0.818040487121575,0.7686016365443769,0.7586571304760834,0.7609961417687134,0.7769388085403216,0.7564042930402622,0.8187179491383515,0.7622827677595351,0.7550846910687761,0.7638811450682605,0.7590054317833551
4,EFs,70,37,CNN,data/EFs_by_GPT35.csv,0.001,original_data,0.7572183809147165,0.760341910266256,0.8030876590362084,0.8094627145179121,0.8106892016449623,0.7846423332299373,0.759260746602368,0.7573600631940597,0.7997542142016455,0.7555330031838984,0.80677761352812,0.7557891320600028,0.7610455085233001,0.7656210543680272,0.7473580771261211,0.7929388754447823,0.8191313772383613,0.8041918792679907,0.7593737250780502,0.8131505279648179,0.8222497660240017,0.7938213134142822,0.7800978840976631,0.7800978840976631,0.7872062297821683,0.7546843440485098,0.8215829354706513,0.7512632386819976,0.8209745405113176,0.7514861471786356,0.792370429406458,0.7604281525238201,0.8018669358517027,0.7936171934319011,0.7662651745340905,0.7589185667438907,0.7635220336870108,0.785695227112244,0.7512632386819976,0.8156090120341772,0.8002936130574355,0.8135610277967993,0.7653258972989858,0.7570001364052455,0.7566346690830011,0.7836009954798471,0.7630256107270692,0.8218932008750285,0.7626848774216753,0.7549021112589812,0.778143081632176,0.7609691473953045
4,EFs,70,37,CNN,data/EFs_by_GPT35.csv,0.001,trans_tagging,0.7572183809147165,0.760341910266256,0.8030876590362084,0.8094627145179121,0.8106892016449623,0.7846423332299373,0.759260746602368,0.7573600631940597,0.7997542142016455,0.7555330031838984,0.80677761352812,0.7557891320600028,0.7610455085233001,0.7656210543680272,0.7473580771261211,0.7929388754447823,0.8191313772383613,0.8041918792679907,0.7593737250780502,0.8131505279648179,0.8222497660240017,0.7938213134142822,0.7800978840976631,0.7800978840976631,0.7872062297821683,0.7546843440485098,0.8215829354706513,0.7512632386819976,0.8209745405113176,0.7514861471786356,0.792370429406458,0.7604281525238201,0.8018669358517027,0.7936171934319011,0.7662651745340905,0.7589185667438907,0.7635220336870108,0.785695227112244,0.7512632386819976,0.8156090120341772,0.8002936130574355,0.8135610277967993,0.7653258972989858,0.7570001364052455,0.7566346690830011,0.7836009954798471,0.7630256107270692,0.8218932008750285,0.7626848774216753,0.7549021112589812,0.778143081632176,0.7609691473953045
4,EFs,70,37,CNN,data/EFs_by_GPT35.csv,0.003,key_word_tagging,0.7638784295951585,0.7546886396687407,0.8119976485950678,0.8179664472041974,0.8150492381546868,0.8008721091093572,0.7430524202547641,0.7401461118591144,0.8121359851105121,0.7420594489831263,0.8123587546529214,0.7472190916500678,0.7474025842813639,0.7542033678934721,0.7466387461312839,0.808219042110759,0.8175648087337598,0.8100900961984664,0.7496454117726652,0.810813574382614,0.8178844488378136,0.8069343010827852,0.798287575663793,0.798287575663793,0.7970088561778175,0.7503211198507512,0.8159359765322232,0.7475470203960418,0.8189175437771364,0.7482219594652423,0.8059494613649393,0.7519238911345716,0.8052939624223157,0.8072360314867413,0.7621049543475035,0.7479695496881287,0.7630270040773967,0.8045453453246046,0.7475470203960418,0.813256653623882,0.8062261182772054,0.8130002700055773,0.7538856772103851,0.7516794033086434,0.7576517826852501,0.8002165926872085,0.7511896152114464,0.8150607629515363,0.761758358193178,0.7514517767796721,0.7652632018479252,0.7633979058343494
4,EFs,70,37,CNN,data/EFs_by_GPT35.csv,0.003,trans_tagging,0.7691741135662576,0.7630781338379062,0.8202591475513105,0.8207806668212648,0.8177764868763158,0.810151993153857,0.7569901670925081,0.7486828847246343,0.8185210644420657,0.7433365610148978,0.8172457496766218,0.7531877782929154,0.7550007494177478,0.7614359060519963,0.7534363101224811,0.8131427969050884,0.8211748779592382,0.8158290995277493,0.7638968674220288,0.8131650957998282,0.8189663235448681,0.8120880721197531,0.806379542236934,0.806379542236934,0.8119556196284886,0.7581145531794837,0.8183447052908732,0.7516948125104113,0.8224891017397419,0.7504511256530028,0.8114248838807465,0.7501756294522992,0.8178576986023077,0.8129106454939464,0.7681293280065314,0.7559366085596013,0.7629016343435012,0.8107951965715113,0.7516948125104113,0.8202189013605077,0.8135810161984589,0.8181103796571348,0.7521671375163127,0.7457048565608111,0.7536508533283952,0.8109097919863709,0.7585814080731447,0.819916096533083,0.7573764967321797,0.7543470762625495,0.7728649339167776,0.7601514568948566
4,EFs,70,37,LSTM,data/EFs_by_GPT35.csv,0.001,key_word_tagging,0.7668046272778685,0.776370045545681,0.8266125206355057,0.8256331607693445,0.826578245402577,0.819054763696178,0.7705321187670833,0.7627710997925974,0.8270428522913014,0.7707367625765988,0.8265410656091887,0.769964958752987,0.76925441754864,0.7702677586832464,0.7679282412921173,0.8221803253748742,0.8293490345592183,0.8287387270590478,0.768298088388601,0.8146091885689684,0.8202803735709446,0.8229108858705585,0.8166569414291025,0.8166569414291025,0.8182572800623201,0.7626111761631053,0.8244901252416155,0.7700955140243333,0.8284297260170455,0.7497434810679727,0.8259082242308359,0.7674621178655798,0.8295948472863152,0.8249320241767836,0.7721582076278198,0.7639104473327336,0.7608832050285481,0.820389273071494,0.7700955140243333,0.8281355729626803,0.8257023947567832,0.8255633525615386,0.7753694604230319,0.7726124260696579,0.7672814729310214,0.8200753417664821,0.775071123154612,0.823323135311726,0.769459495400595,0.7683306093372697,0.7811910147775888,0.7712127920380735
4,EFs,70,37,LSTM,data/EFs_by_GPT35.csv,0.001,trans_tagging,0.7740549620365204,0.7813635162590596,0.8296011137380608,0.8271461233646007,0.830918539147266,0.81900442260347,0.7661769691332002,0.7681481312256535,0.8274016000531071,0.7771267507493291,0.8286794146047455,0.7675038758888294,0.7703570333019104,0.7713857914542378,0.7710291821355533,0.8257116046311096,0.8317794404202251,0.833940023404119,0.773489366677111,0.8168674306574495,0.8250955493239173,0.8249871496817105,0.8153514403838382,0.8153514403838382,0.816074729742386,0.7588423107892207,0.8296839617397784,0.7776406666068917,0.8315186651567128,0.7502717953817861,0.8237024793417468,0.774297727988042,0.8335985525778582,0.8298859686869126,0.7793621676850386,0.7692597282685913,0.7629988282134703,0.820378860593107,0.7776406666068917,0.8304672181824692,0.8311046016805343,0.8299555852986895,0.7746079111259622,0.7703935248811076,0.7677954998700657,0.8249159236853145,0.772391004179927,0.8275249442277828,0.7759370893878865,0.7653678490010062,0.7853406676739729,0.7717876565033237
4,EFs,70,37,LSTM,data/EFs_by_GPT35.csv,0.003,key_word_tagging,0.7650940963544206,0.770543849925506,0.8260352552027105,0.8283992977201639,0.8266492500170141,0.8202532047291043,0.7658745589150044,0.767388093935008,0.8238359174728801,0.766909698710398,0.8276487720748948,0.7692313077217816,0.7715198212733585,0.7649671991676823,0.7713700859309678,0.8205787077607453,0.8254856807757495,0.8294092922423669,0.7690058758993371,0.8182401094280612,0.8256710797578305,0.8219325461580996,0.8148635781278437,0.8148635781278437,0.8175574902671228,0.7661200250900652,0.8251984435902132,0.7606549169313234,0.8262225282191747,0.7530819750647856,0.8183437702113746,0.7635565401582864,0.8259402846507533,0.8180218446032703,0.7691996650258401,0.7601637955936669,0.7653347051545403,0.8175457760697993,0.7606549169313234,0.8318188377115345,0.8239775998491443,0.8264118289959053,0.7651931371757815,0.76471117712246,0.7695572570789159,0.816459586047336,0.7594301987574152,0.829390920272807,0.767844083249652,0.762427043137597,0.7821974615685644,0.7716150307161992
4,EFs,70,37,LSTM,data/EFs_by_GPT35.csv,0.003,trans_tagging,0.7709565849774164,0.765090617892405,0.8274531206655309,0.8295309356248689,0.8271898689994059,0.8220196978725839,0.7575922838295174,0.7567155554041505,0.8274156993310839,0.7638886863856945,0.8291900599916727,0.7706361720330773,0.7744378759139403,0.7610307366418215,0.767206079342952,0.8283581942531593,0.8315770643152588,0.8267673970594006,0.7642183582206766,0.8181801233131683,0.8279488998901123,0.8248330119787199,0.8251347503801251,0.8251347503801251,0.8219659216487109,0.7619843399064978,0.8257261406235251,0.7625228075217906,0.8298808040123196,0.7558092890313531,0.8246505183191032,0.7666831288403271,0.8212681373394254,0.8228538788318428,0.7722743089529345,0.7575446597519122,0.7706186090731011,0.8252342754298015,0.7625228075217906,0.8337374974823344,0.8259496302355895,0.8274002245884519,0.7681272431678565,0.7636212921116752,0.7630866500703021,0.8212489443715361,0.7654035021068138,0.8261781654128936,0.7664682345661,0.7612173820888698,0.7760337525006651,0.7660668820335675
