{"ENV_Train_TotalLoss": 177.70133092633745, "ENV_Train_TotalLoss_epoch0": 1046.0694674156605, "ENV_Train_Right action": 0.9691112136078383, "ENV_Train_Right action_epoch0": 0.7854797468177563, "ENV_Train_Probability to choose the right action": 0.9540862256424112, "ENV_Train_Probability to choose the right action_epoch0": 0.7005694741559249, "ENV_Train_Weighted right action": 0.9691112136078383, "ENV_Train_Weighted right action_epoch0": 0.7854797468177563, "ENV_Train_Weighted probability to choose the right action:": 0.9540862256424112, "ENV_Train_Weighted probability to choose the right action:_epoch0": 0.7005694741559249, "_timestamp": 1720367368.511015, "_runtime": 2139.631460905075, "_step": 49, "ENV_Test_TotalLoss": 663.4117378076371, "ENV_Test_TotalLoss_epoch0": 212.25663748465124, "ENV_Test_Right action": 0.788544, "ENV_Test_Right action_epoch0": 0.79712, "ENV_Test_Probability to choose the right action": 0.78607339209935, "ENV_Test_Probability to choose the right action_epoch0": 0.7477291506260519, "ENV_Test_Weighted right action": 0.8315742791027435, "ENV_Test_Weighted right action_epoch0": 0.8446081406951061, "ENV_Test_Weighted probability to choose the right action:": 0.8283789850603579, "ENV_Test_Weighted probability to choose the right action:_epoch0": 0.7983097726467658, "ENV_Test_proba_accuracy": 0.78607339209935, "ENV_Test_proba_accuracy_epoch0": 0.7477291506260517, "ENV_Test_proba_accuracy_strategy_132": 0.8458995678316141, "ENV_Test_proba_accuracy_strategy_132_epoch0": 0.804440629361682, "ENV_Test_proba_accuracy_strategy_23": 0.7879631435468849, "ENV_Test_proba_accuracy_strategy_23_epoch0": 0.7425642095847433, "ENV_Test_proba_accuracy_strategy_107": 0.8612107951891962, "ENV_Test_proba_accuracy_strategy_107_epoch0": 0.8427415449475399, "ENV_Test_proba_accuracy_strategy_43": 0.7897311852711792, "ENV_Test_proba_accuracy_strategy_43_epoch0": 0.7731935940687239, "ENV_Test_proba_accuracy_strategy_17": 0.7503303473300529, "ENV_Test_proba_accuracy_strategy_17_epoch0": 0.7065540248734161, "ENV_Test_proba_accuracy_strategy_93": 0.7756831334292863, "ENV_Test_proba_accuracy_strategy_93_epoch0": 0.762033551014426, "ENV_Test_proba_accuracy_per_mean_strategy": 0.8018030287663689, "ENV_Test_proba_accuracy_per_mean_strategy_epoch0": 0.7719212589750887, "ENV_Test_proba_accuracy_per_mean_user": 0.8003085429158763, "ENV_Test_proba_accuracy_per_mean_user_epoch0": 0.762932655166382, "ENV_Test_proba_accuracy_per_mean_user_and_bot": 0.8283789850603585, "ENV_Test_proba_accuracy_per_mean_user_and_bot_epoch0": 0.7983097726467648, "ENV_Test_accuracy": 0.788544, "ENV_Test_accuracy_epoch0": 0.79712, "ENV_Test_accuracy_strategy_132": 0.8470254957507082, "ENV_Test_accuracy_strategy_132_epoch0": 0.8419263456090652, "ENV_Test_accuracy_strategy_23": 0.7914041040555825, "ENV_Test_accuracy_strategy_23_epoch0": 0.8006139925674584, "ENV_Test_accuracy_strategy_107": 0.8653530377668309, "ENV_Test_accuracy_strategy_107_epoch0": 0.8916256157635468, "ENV_Test_accuracy_strategy_43": 0.7888040712468194, "ENV_Test_accuracy_strategy_43_epoch0": 0.8148854961832062, "ENV_Test_accuracy_strategy_17": 0.7529491833030852, "ENV_Test_accuracy_strategy_17_epoch0": 0.7531760435571688, "ENV_Test_accuracy_strategy_93": 0.7781885397412199, "ENV_Test_accuracy_strategy_93_epoch0": 0.8040665434380776, "ENV_Test_accuracy_per_mean_strategy": 0.8039540719773743, "ENV_Test_accuracy_per_mean_strategy_epoch0": 0.8177156728530871, "ENV_Test_accuracy_per_mean_user": 0.8032679158221024, "ENV_Test_accuracy_per_mean_user_epoch0": 0.8130978229779362, "ENV_Test_accuracy_per_mean_user_and_bot": 0.8315742791027453, "ENV_Test_accuracy_per_mean_user_and_bot_epoch0": 0.8446081406951064, "ENV_Train_TotalLoss_epoch1": 891.5933437643962, "ENV_Train_Right action_epoch1": 0.8190942130276768, "ENV_Train_Probability to choose the right action_epoch1": 0.7481101381568303, "ENV_Train_Weighted right action_epoch1": 0.8190942130276768, "ENV_Train_Weighted probability to choose the right action:_epoch1": 0.7481101381568303, "ENV_Test_TotalLoss_epoch1": 192.55510294181212, "ENV_Test_Right action_epoch1": 0.813696, "ENV_Test_Probability to choose the right action_epoch1": 0.761294901995484, "ENV_Test_Weighted right action_epoch1": 0.8559859104056712, "ENV_Test_Weighted probability to choose the right action:_epoch1": 0.805364246598152, "ENV_Test_proba_accuracy_epoch1": 0.761294901995485, "ENV_Test_proba_accuracy_strategy_132_epoch1": 0.8146478484769347, "ENV_Test_proba_accuracy_strategy_23_epoch1": 0.7583546077994806, "ENV_Test_proba_accuracy_strategy_107_epoch1": 0.8377448044569417, "ENV_Test_proba_accuracy_strategy_43_epoch1": 0.7719112068967463, "ENV_Test_proba_accuracy_strategy_17_epoch1": 0.728455606347908, "ENV_Test_proba_accuracy_strategy_93_epoch1": 0.7664135004705509, "ENV_Test_proba_accuracy_per_mean_strategy_epoch1": 0.7795879290747604, "ENV_Test_proba_accuracy_per_mean_user_epoch1": 0.7757699601373265, "ENV_Test_proba_accuracy_per_mean_user_and_bot_epoch1": 0.8053642465981522, "ENV_Test_accuracy_epoch1": 0.813696, "ENV_Test_accuracy_strategy_132_epoch1": 0.8589235127478754, "ENV_Test_accuracy_strategy_23_epoch1": 0.8140248828566812, "ENV_Test_accuracy_strategy_107_epoch1": 0.8916256157635468, "ENV_Test_accuracy_strategy_43_epoch1": 0.8288804071246819, "ENV_Test_accuracy_strategy_17_epoch1": 0.7774500907441017, "ENV_Test_accuracy_strategy_93_epoch1": 0.8197781885397413, "ENV_Test_accuracy_per_mean_strategy_epoch1": 0.831780449629438, "ENV_Test_accuracy_per_mean_user_epoch1": 0.8289288894631137, "ENV_Test_accuracy_per_mean_user_and_bot_epoch1": 0.8559859104056718, "ENV_Train_TotalLoss_epoch2": 832.5474251537612, "ENV_Train_Right action_epoch2": 0.8303445384024041, "ENV_Train_Probability to choose the right action_epoch2": 0.7641024043093345, "ENV_Train_Weighted right action_epoch2": 0.8303445384024041, "ENV_Train_Weighted probability to choose the right action:_epoch2": 0.7641024043093345, "ENV_Test_TotalLoss_epoch2": 193.58355728874258, "ENV_Test_Right action_epoch2": 0.812416, "ENV_Test_Probability to choose the right action_epoch2": 0.7596200636810513, "ENV_Test_Weighted right action_epoch2": 0.8534188302833985, "ENV_Test_Weighted probability to choose the right action:_epoch2": 0.8015562882688414, "ENV_Test_proba_accuracy_epoch2": 0.7596200636810513, "ENV_Test_proba_accuracy_strategy_132_epoch2": 0.8123906782911214, "ENV_Test_proba_accuracy_strategy_23_epoch2": 0.7577324504945513, "ENV_Test_proba_accuracy_strategy_107_epoch2": 0.8303374071440773, "ENV_Test_proba_accuracy_strategy_43_epoch2": 0.767875702081693, "ENV_Test_proba_accuracy_strategy_17_epoch2": 0.7278863261259088, "ENV_Test_proba_accuracy_strategy_93_epoch2": 0.761819594764925, "ENV_Test_proba_accuracy_per_mean_strategy_epoch2": 0.7763403598170461, "ENV_Test_proba_accuracy_per_mean_user_epoch2": 0.774180481542603, "ENV_Test_proba_accuracy_per_mean_user_and_bot_epoch2": 0.8015562882688404, "ENV_Test_accuracy_epoch2": 0.812416, "ENV_Test_accuracy_strategy_132_epoch2": 0.8526912181303116, "ENV_Test_accuracy_strategy_23_epoch2": 0.8175795766682824, "ENV_Test_accuracy_strategy_107_epoch2": 0.8752052545155994, "ENV_Test_accuracy_strategy_43_epoch2": 0.8148854961832062, "ENV_Test_accuracy_strategy_17_epoch2": 0.7769963702359347, "ENV_Test_accuracy_strategy_93_epoch2": 0.822550831792976, "ENV_Test_accuracy_per_mean_strategy_epoch2": 0.8266514579210517, "ENV_Test_accuracy_per_mean_user_epoch2": 0.8273527015298786, "ENV_Test_accuracy_per_mean_user_and_bot_epoch2": 0.8534188302833992, "ENV_Train_TotalLoss_epoch3": 795.9761070213889, "ENV_Train_Right action_epoch3": 0.8385063655547326, "ENV_Train_Probability to choose the right action_epoch3": 0.774579654348065, "ENV_Train_Weighted right action_epoch3": 0.8385063655547326, "ENV_Train_Weighted probability to choose the right action:_epoch3": 0.774579654348065, "ENV_Test_TotalLoss_epoch3": 204.92505691267624, "ENV_Test_Right action_epoch3": 0.80864, "ENV_Test_Probability to choose the right action_epoch3": 0.7676067926911854, "ENV_Test_Weighted right action_epoch3": 0.8500187697108301, "ENV_Test_Weighted probability to choose the right action:_epoch3": 0.8152641770042865, "ENV_Test_proba_accuracy_epoch3": 0.767606792691184, "ENV_Test_proba_accuracy_strategy_132_epoch3": 0.8275861210036044, "ENV_Test_proba_accuracy_strategy_23_epoch3": 0.7633894445724277, "ENV_Test_proba_accuracy_strategy_107_epoch3": 0.8403060879358236, "ENV_Test_proba_accuracy_strategy_43_epoch3": 0.783557903430945, "ENV_Test_proba_accuracy_strategy_17_epoch3": 0.733495382166072, "ENV_Test_proba_accuracy_strategy_93_epoch3": 0.7687636630639811, "ENV_Test_proba_accuracy_per_mean_strategy_epoch3": 0.7861831003621423, "ENV_Test_proba_accuracy_per_mean_user_epoch3": 0.7845849417429029, "ENV_Test_proba_accuracy_per_mean_user_and_bot_epoch3": 0.8152641770042874, "ENV_Test_accuracy_epoch3": 0.80864, "ENV_Test_accuracy_strategy_132_epoch3": 0.8611898016997167, "ENV_Test_accuracy_strategy_23_epoch3": 0.8075618031992244, "ENV_Test_accuracy_strategy_107_epoch3": 0.8702791461412152, "ENV_Test_accuracy_strategy_43_epoch3": 0.8282442748091603, "ENV_Test_accuracy_strategy_17_epoch3": 0.7760889292196007, "ENV_Test_accuracy_strategy_93_epoch3": 0.7985212569316081, "ENV_Test_accuracy_per_mean_strategy_epoch3": 0.8236475353334209, "ENV_Test_accuracy_per_mean_user_epoch3": 0.8225123735036108, "ENV_Test_accuracy_per_mean_user_and_bot_epoch3": 0.850018769710831, "ENV_Train_TotalLoss_epoch4": 757.9833252551832, "ENV_Train_Right action_epoch4": 0.8453529000698812, "ENV_Train_Probability to choose the right action_epoch4": 0.7853615885990499, "ENV_Train_Weighted right action_epoch4": 0.8453529000698812, "ENV_Train_Weighted probability to choose the right action:_epoch4": 0.7853615885990499, "ENV_Test_TotalLoss_epoch4": 203.1598259235242, "ENV_Test_Right action_epoch4": 0.814848, "ENV_Test_Probability to choose the right action_epoch4": 0.7754789615218877, "ENV_Test_Weighted right action_epoch4": 0.8584303381958055, "ENV_Test_Weighted probability to choose the right action:_epoch4": 0.8217712794510398, "ENV_Test_proba_accuracy_epoch4": 0.7754789615218886, "ENV_Test_proba_accuracy_strategy_132_epoch4": 0.832292406714967, "ENV_Test_proba_accuracy_strategy_23_epoch4": 0.7731250591945648, "ENV_Test_proba_accuracy_strategy_107_epoch4": 0.858229666364213, "ENV_Test_proba_accuracy_strategy_43_epoch4": 0.7855555252019614, "ENV_Test_proba_accuracy_strategy_17_epoch4": 0.7400832542256278, "ENV_Test_proba_accuracy_strategy_93_epoch4": 0.7792509681262234, "ENV_Test_proba_accuracy_per_mean_strategy_epoch4": 0.7947561466379263, "ENV_Test_proba_accuracy_per_mean_user_epoch4": 0.7918899169273735, "ENV_Test_proba_accuracy_per_mean_user_and_bot_epoch4": 0.8217712794510402, "ENV_Test_accuracy_epoch4": 0.814848, "ENV_Test_accuracy_strategy_132_epoch4": 0.8594900849858357, "ENV_Test_accuracy_strategy_23_epoch4": 0.8179027306511553, "ENV_Test_accuracy_strategy_107_epoch4": 0.8949096880131363, "ENV_Test_accuracy_strategy_43_epoch4": 0.821882951653944, "ENV_Test_accuracy_strategy_17_epoch4": 0.7779038112522686, "ENV_Test_accuracy_strategy_93_epoch4": 0.8197781885397413, "ENV_Test_accuracy_per_mean_strategy_epoch4": 0.8319779091826801, "ENV_Test_accuracy_per_mean_user_epoch4": 0.8306242165007522, "ENV_Test_accuracy_per_mean_user_and_bot_epoch4": 0.8584303381958064, "ENV_Train_TotalLoss_epoch5": 719.9834424367918, "ENV_Train_Right action_epoch5": 0.8546247501362892, "ENV_Train_Probability to choose the right action_epoch5": 0.7964800002295342, "ENV_Train_Weighted right action_epoch5": 0.8546247501362892, "ENV_Train_Weighted probability to choose the right action:_epoch5": 0.7964800002295342, "ENV_Test_TotalLoss_epoch5": 207.49803195457986, "ENV_Test_Right action_epoch5": 0.816768, "ENV_Test_Probability to choose the right action_epoch5": 0.7791789558858483, "ENV_Test_Weighted right action_epoch5": 0.8561514043750728, "ENV_Test_Weighted probability to choose the right action:_epoch5": 0.8224577019521843, "ENV_Test_proba_accuracy_epoch5": 0.7791789558858475, "ENV_Test_proba_accuracy_strategy_132_epoch5": 0.8372896814205611, "ENV_Test_proba_accuracy_strategy_23_epoch5": 0.7770136938244898, "ENV_Test_proba_accuracy_strategy_107_epoch5": 0.8507825961569782, "ENV_Test_proba_accuracy_strategy_43_epoch5": 0.7891062775415889, "ENV_Test_proba_accuracy_strategy_17_epoch5": 0.7449582139179628, "ENV_Test_proba_accuracy_strategy_93_epoch5": 0.7814599543659472, "ENV_Test_proba_accuracy_per_mean_strategy_epoch5": 0.7967684028712547, "ENV_Test_proba_accuracy_per_mean_user_epoch5": 0.7944703289114308, "ENV_Test_proba_accuracy_per_mean_user_and_bot_epoch5": 0.8224577019521851, "ENV_Test_accuracy_epoch5": 0.816768, "ENV_Test_accuracy_strategy_132_epoch5": 0.8685552407932011, "ENV_Test_accuracy_strategy_23_epoch5": 0.820487962514138, "ENV_Test_accuracy_strategy_107_epoch5": 0.8801313628899836, "ENV_Test_accuracy_strategy_43_epoch5": 0.8263358778625954, "ENV_Test_accuracy_strategy_17_epoch5": 0.779491833030853, "ENV_Test_accuracy_strategy_93_epoch5": 0.8133086876155268, "ENV_Test_accuracy_per_mean_strategy_epoch5": 0.8313851607843831, "ENV_Test_accuracy_per_mean_user_epoch5": 0.8315275432588528, "ENV_Test_accuracy_per_mean_user_and_bot_epoch5": 0.8561514043750723, "ENV_Train_TotalLoss_epoch6": 686.4126579336192, "ENV_Train_Right action_epoch6": 0.8622222222222222, "ENV_Train_Probability to choose the right action_epoch6": 0.8065576553438826, "ENV_Train_Weighted right action_epoch6": 0.8622222222222222, "ENV_Train_Weighted probability to choose the right action:_epoch6": 0.8065576553438826, "ENV_Test_TotalLoss_epoch6": 222.63184682892054, "ENV_Test_Right action_epoch6": 0.814208, "ENV_Test_Probability to choose the right action_epoch6": 0.783890187415166, "ENV_Test_Weighted right action_epoch6": 0.8563746977060145, "ENV_Test_Weighted probability to choose the right action:_epoch6": 0.8284264561786632, "ENV_Test_proba_accuracy_epoch6": 0.783890187415166, "ENV_Test_proba_accuracy_strategy_132_epoch6": 0.835113161897037, "ENV_Test_proba_accuracy_strategy_23_epoch6": 0.783715214679381, "ENV_Test_proba_accuracy_strategy_107_epoch6": 0.8577497177505135, "ENV_Test_proba_accuracy_strategy_43_epoch6": 0.7948454476739673, "ENV_Test_proba_accuracy_strategy_17_epoch6": 0.7496191509497461, "ENV_Test_proba_accuracy_strategy_93_epoch6": 0.7834640893927832, "ENV_Test_proba_accuracy_per_mean_strategy_epoch6": 0.8007511303905713, "ENV_Test_proba_accuracy_per_mean_user_epoch6": 0.7995322920756864, "ENV_Test_proba_accuracy_per_mean_user_and_bot_epoch6": 0.8284264561786633, "ENV_Test_accuracy_epoch6": 0.814208, "ENV_Test_accuracy_strategy_132_epoch6": 0.860056657223796, "ENV_Test_accuracy_strategy_23_epoch6": 0.8179027306511553, "ENV_Test_accuracy_strategy_107_epoch6": 0.8702791461412152, "ENV_Test_accuracy_strategy_43_epoch6": 0.821882951653944, "ENV_Test_accuracy_strategy_17_epoch6": 0.7801724137931034, "ENV_Test_accuracy_strategy_93_epoch6": 0.8142329020332717, "ENV_Test_accuracy_per_mean_strategy_epoch6": 0.8274211335827474, "ENV_Test_accuracy_per_mean_user_epoch6": 0.8308701993645583, "ENV_Test_accuracy_per_mean_user_and_bot_epoch6": 0.8563746977060156, "ENV_Train_TotalLoss_epoch7": 647.9654822386256, "ENV_Train_Right action_epoch7": 0.8697098451389277, "ENV_Train_Probability to choose the right action_epoch7": 0.8184146048956394, "ENV_Train_Weighted right action_epoch7": 0.8697098451389277, "ENV_Train_Weighted probability to choose the right action:_epoch7": 0.8184146048956394, "ENV_Test_TotalLoss_epoch7": 232.73248796363035, "ENV_Test_Right action_epoch7": 0.809344, "ENV_Test_Probability to choose the right action_epoch7": 0.783029559775203, "ENV_Test_Weighted right action_epoch7": 0.8503387784317825, "ENV_Test_Weighted probability to choose the right action:_epoch7": 0.8267212538689113, "ENV_Test_proba_accuracy_epoch7": 0.7830295597752038, "ENV_Test_proba_accuracy_strategy_132_epoch7": 0.8365930273800339, "ENV_Test_proba_accuracy_strategy_23_epoch7": 0.7832717271173077, "ENV_Test_proba_accuracy_strategy_107_epoch7": 0.8527556451709454, "ENV_Test_proba_accuracy_strategy_43_epoch7": 0.7911855554768434, "ENV_Test_proba_accuracy_strategy_17_epoch7": 0.7485933007898322, "ENV_Test_proba_accuracy_strategy_93_epoch7": 0.7834660887546185, "ENV_Test_proba_accuracy_per_mean_strategy_epoch7": 0.7993108907815968, "ENV_Test_proba_accuracy_per_mean_user_epoch7": 0.7978929274717317, "ENV_Test_proba_accuracy_per_mean_user_and_bot_epoch7": 0.826721253868912, "ENV_Test_accuracy_epoch7": 0.809344, "ENV_Test_accuracy_strategy_132_epoch7": 0.8521246458923513, "ENV_Test_accuracy_strategy_23_epoch7": 0.8135401518823719, "ENV_Test_accuracy_strategy_107_epoch7": 0.8735632183908046, "ENV_Test_accuracy_strategy_43_epoch7": 0.811704834605598, "ENV_Test_accuracy_strategy_17_epoch7": 0.7765426497277677, "ENV_Test_accuracy_strategy_93_epoch7": 0.8096118299445472, "ENV_Test_accuracy_per_mean_strategy_epoch7": 0.8228478884072401, "ENV_Test_accuracy_per_mean_user_epoch7": 0.8231005885269193, "ENV_Test_accuracy_per_mean_user_and_bot_epoch7": 0.8503387784317834, "ENV_Train_TotalLoss_epoch8": 603.0496533337241, "ENV_Train_Right action_epoch8": 0.8798445820346895, "ENV_Train_Probability to choose the right action_epoch8": 0.8301590481232682, "ENV_Train_Weighted right action_epoch8": 0.8798445820346895, "ENV_Train_Weighted probability to choose the right action:_epoch8": 0.8301590481232682, "ENV_Test_TotalLoss_epoch8": 252.06063446596167, "ENV_Test_Right action_epoch8": 0.812544, "ENV_Test_Probability to choose the right action_epoch8": 0.7873402909528144, "ENV_Test_Weighted right action_epoch8": 0.8530391515889763, "ENV_Test_Weighted probability to choose the right action:_epoch8": 0.8296501825301883, "ENV_Test_proba_accuracy_epoch8": 0.7873402909528147, "ENV_Test_proba_accuracy_strategy_132_epoch8": 0.8359877250680899, "ENV_Test_proba_accuracy_strategy_23_epoch8": 0.786948178743449, "ENV_Test_proba_accuracy_strategy_107_epoch8": 0.8604591241992847, "ENV_Test_proba_accuracy_strategy_43_epoch8": 0.7978468284208912, "ENV_Test_proba_accuracy_strategy_17_epoch8": 0.7549663598394722, "ENV_Test_proba_accuracy_strategy_93_epoch8": 0.7856976876727786, "ENV_Test_proba_accuracy_per_mean_strategy_epoch8": 0.803650983990661, "ENV_Test_proba_accuracy_per_mean_user_epoch8": 0.8021332836308528, "ENV_Test_proba_accuracy_per_mean_user_and_bot_epoch8": 0.8296501825301876, "ENV_Test_accuracy_epoch8": 0.812544, "ENV_Test_accuracy_strategy_132_epoch8": 0.8555240793201133, "ENV_Test_accuracy_strategy_23_epoch8": 0.8158022297624818, "ENV_Test_accuracy_strategy_107_epoch8": 0.8801313628899836, "ENV_Test_accuracy_strategy_43_epoch8": 0.8199745547073791, "ENV_Test_accuracy_strategy_17_epoch8": 0.780852994555354, "ENV_Test_accuracy_strategy_93_epoch8": 0.8040665434380776, "ENV_Test_accuracy_per_mean_strategy_epoch8": 0.8260586274455649, "ENV_Test_accuracy_per_mean_user_epoch8": 0.826730357698963, "ENV_Test_accuracy_per_mean_user_and_bot_epoch8": 0.8530391515889761, "ENV_Train_TotalLoss_epoch9": 563.1800561070991, "ENV_Train_Right action_epoch9": 0.8886419546013642, "ENV_Train_Probability to choose the right action_epoch9": 0.8424616915545627, "ENV_Train_Weighted right action_epoch9": 0.8886419546013642, "ENV_Train_Weighted probability to choose the right action:_epoch9": 0.8424616915545627, "ENV_Test_TotalLoss_epoch9": 257.20547955057503, "ENV_Test_Right action_epoch9": 0.80768, "ENV_Test_Probability to choose the right action_epoch9": 0.7821118866551788, "ENV_Test_Weighted right action_epoch9": 0.8463034860288489, "ENV_Test_Weighted probability to choose the right action:_epoch9": 0.8216039672684506, "ENV_Test_proba_accuracy_epoch9": 0.7821118866551783, "ENV_Test_proba_accuracy_strategy_132_epoch9": 0.8317637945158766, "ENV_Test_proba_accuracy_strategy_23_epoch9": 0.7841441050169536, "ENV_Test_proba_accuracy_strategy_107_epoch9": 0.8530702351232082, "ENV_Test_proba_accuracy_strategy_43_epoch9": 0.785270145817075, "ENV_Test_proba_accuracy_strategy_17_epoch9": 0.7486133958370305, "ENV_Test_proba_accuracy_strategy_93_epoch9": 0.7814371298083227, "ENV_Test_proba_accuracy_per_mean_strategy_epoch9": 0.7973831343530778, "ENV_Test_proba_accuracy_per_mean_user_epoch9": 0.7951693454174907, "ENV_Test_proba_accuracy_per_mean_user_and_bot_epoch9": 0.8216039672684511, "ENV_Test_accuracy_epoch9": 0.80768, "ENV_Test_accuracy_strategy_132_epoch9": 0.8538243626062323, "ENV_Test_accuracy_strategy_23_epoch9": 0.8117628049765714, "ENV_Test_accuracy_strategy_107_epoch9": 0.8719211822660099, "ENV_Test_accuracy_strategy_43_epoch9": 0.8123409669211196, "ENV_Test_accuracy_strategy_17_epoch9": 0.7740471869328494, "ENV_Test_accuracy_strategy_93_epoch9": 0.8031423290203327, "ENV_Test_accuracy_per_mean_strategy_epoch9": 0.8211731387871858, "ENV_Test_accuracy_per_mean_user_epoch9": 0.8208560313207579, "ENV_Test_accuracy_per_mean_user_and_bot_epoch9": 0.8463034860288486, "ENV_Train_TotalLoss_epoch10": 529.9257955405332, "ENV_Train_Right action_epoch10": 0.8962630666890268, "ENV_Train_Probability to choose the right action_epoch10": 0.8529483875164547, "ENV_Train_Weighted right action_epoch10": 0.8962630666890268, "ENV_Train_Weighted probability to choose the right action:_epoch10": 0.8529483875164547, "ENV_Test_TotalLoss_epoch10": 299.93469863408586, "ENV_Test_Right action_epoch10": 0.807552, "ENV_Test_Probability to choose the right action_epoch10": 0.7886277500867434, "ENV_Test_Weighted right action_epoch10": 0.8463355382124428, "ENV_Test_Weighted probability to choose the right action:_epoch10": 0.8298775917215654, "ENV_Test_proba_accuracy_epoch10": 0.7886277500867429, "ENV_Test_proba_accuracy_strategy_132_epoch10": 0.8364429377716907, "ENV_Test_proba_accuracy_strategy_23_epoch10": 0.7908962643125839, "ENV_Test_proba_accuracy_strategy_107_epoch10": 0.8670207351570709, "ENV_Test_proba_accuracy_strategy_43_epoch10": 0.7937675944462511, "ENV_Test_proba_accuracy_strategy_17_epoch10": 0.7520626814424014, "ENV_Test_proba_accuracy_strategy_93_epoch10": 0.795027027846095, "ENV_Test_proba_accuracy_per_mean_strategy_epoch10": 0.8058695401626821, "ENV_Test_proba_accuracy_per_mean_user_epoch10": 0.8016088350375307, "ENV_Test_proba_accuracy_per_mean_user_and_bot_epoch10": 0.8298775917215656, "ENV_Test_accuracy_epoch10": 0.807552, "ENV_Test_accuracy_strategy_132_epoch10": 0.8481586402266289, "ENV_Test_accuracy_strategy_23_epoch10": 0.8120859589594441, "ENV_Test_accuracy_strategy_107_epoch10": 0.8834154351395731, "ENV_Test_accuracy_strategy_43_epoch10": 0.8072519083969466, "ENV_Test_accuracy_strategy_17_epoch10": 0.7724591651542649, "ENV_Test_accuracy_strategy_93_epoch10": 0.8160813308687616, "ENV_Test_accuracy_per_mean_strategy_epoch10": 0.8232420731242698, "ENV_Test_accuracy_per_mean_user_epoch10": 0.8191808374630607, "ENV_Test_accuracy_per_mean_user_and_bot_epoch10": 0.8463355382124426, "ENV_Train_TotalLoss_epoch11": 486.72610198954015, "ENV_Train_Right action_epoch11": 0.9062587353944205, "ENV_Train_Probability to choose the right action_epoch11": 0.8658792923444854, "ENV_Train_Weighted right action_epoch11": 0.9062587353944205, "ENV_Train_Weighted probability to choose the right action:_epoch11": 0.8658792923444854, "ENV_Test_TotalLoss_epoch11": 311.2800760185485, "ENV_Test_Right action_epoch11": 0.807936, "ENV_Test_Probability to choose the right action_epoch11": 0.7895540174781966, "ENV_Test_Weighted right action_epoch11": 0.8460004547012229, "ENV_Test_Weighted probability to choose the right action:_epoch11": 0.8302320383473776, "ENV_Test_proba_accuracy_epoch11": 0.7895540174781966, "ENV_Test_proba_accuracy_strategy_132_epoch11": 0.8333490610581981, "ENV_Test_proba_accuracy_strategy_23_epoch11": 0.7944787119581245, "ENV_Test_proba_accuracy_strategy_107_epoch11": 0.8648168699412206, "ENV_Test_proba_accuracy_strategy_43_epoch11": 0.7982548234027202, "ENV_Test_proba_accuracy_strategy_17_epoch11": 0.7515456872142093, "ENV_Test_proba_accuracy_strategy_93_epoch11": 0.789785800921216, "ENV_Test_proba_accuracy_per_mean_strategy_epoch11": 0.8053718257492815, "ENV_Test_proba_accuracy_per_mean_user_epoch11": 0.8022934317498005, "ENV_Test_proba_accuracy_per_mean_user_and_bot_epoch11": 0.8302320383473789, "ENV_Test_accuracy_epoch11": 0.807936, "ENV_Test_accuracy_strategy_132_epoch11": 0.8464589235127479, "ENV_Test_accuracy_strategy_23_epoch11": 0.8180643076425917, "ENV_Test_accuracy_strategy_107_epoch11": 0.8784893267651889, "ENV_Test_accuracy_strategy_43_epoch11": 0.8129770992366412, "ENV_Test_accuracy_strategy_17_epoch11": 0.7665607985480943, "ENV_Test_accuracy_strategy_93_epoch11": 0.8086876155268022, "ENV_Test_accuracy_per_mean_strategy_epoch11": 0.8218730118720111, "ENV_Test_accuracy_per_mean_user_epoch11": 0.8198452810053176, "ENV_Test_accuracy_per_mean_user_and_bot_epoch11": 0.8460004547012223, "ENV_Train_TotalLoss_epoch12": 451.8013386781679, "ENV_Train_Right action_epoch12": 0.9128532692253934, "ENV_Train_Probability to choose the right action_epoch12": 0.8755906104342495, "ENV_Train_Weighted right action_epoch12": 0.9128532692253934, "ENV_Train_Weighted probability to choose the right action:_epoch12": 0.8755906104342495, "ENV_Test_TotalLoss_epoch12": 366.58872338087207, "ENV_Test_Right action_epoch12": 0.799552, "ENV_Test_Probability to choose the right action_epoch12": 0.7837222549825709, "ENV_Test_Weighted right action_epoch12": 0.8346340737559202, "ENV_Test_Weighted probability to choose the right action:_epoch12": 0.8203602578971451, "ENV_Test_proba_accuracy_epoch12": 0.7837222549825713, "ENV_Test_proba_accuracy_strategy_132_epoch12": 0.8229903778016288, "ENV_Test_proba_accuracy_strategy_23_epoch12": 0.7902270846793497, "ENV_Test_proba_accuracy_strategy_107_epoch12": 0.8474432696786837, "ENV_Test_proba_accuracy_strategy_43_epoch12": 0.7893951170654441, "ENV_Test_proba_accuracy_strategy_17_epoch12": 0.7480667865066127, "ENV_Test_proba_accuracy_strategy_93_epoch12": 0.7836102772827735, "ENV_Test_proba_accuracy_per_mean_strategy_epoch12": 0.7969554855024154, "ENV_Test_proba_accuracy_per_mean_user_epoch12": 0.7974853512763649, "ENV_Test_proba_accuracy_per_mean_user_and_bot_epoch12": 0.8203602578971451, "ENV_Test_accuracy_epoch12": 0.799552, "ENV_Test_accuracy_strategy_132_epoch12": 0.8345609065155808, "ENV_Test_accuracy_strategy_23_epoch12": 0.8065923412506059, "ENV_Test_accuracy_strategy_107_epoch12": 0.8604269293924466, "ENV_Test_accuracy_strategy_43_epoch12": 0.806615776081425, "ENV_Test_accuracy_strategy_17_epoch12": 0.7661070780399274, "ENV_Test_accuracy_strategy_93_epoch12": 0.7939001848428835, "ENV_Test_accuracy_per_mean_strategy_epoch12": 0.8113672026871449, "ENV_Test_accuracy_per_mean_user_epoch12": 0.8138502060628946, "ENV_Test_accuracy_per_mean_user_and_bot_epoch12": 0.8346340737559206, "ENV_Train_TotalLoss_epoch13": 415.11361972576736, "ENV_Train_Right action_epoch13": 0.9207844672136877, "ENV_Train_Probability to choose the right action_epoch13": 0.8863643723842014, "ENV_Train_Weighted right action_epoch13": 0.9207844672136877, "ENV_Train_Weighted probability to choose the right action:_epoch13": 0.8863643723842014, "ENV_Test_TotalLoss_epoch13": 348.07147006029317, "ENV_Test_Right action_epoch13": 0.803584, "ENV_Test_Probability to choose the right action_epoch13": 0.7885014931335618, "ENV_Test_Weighted right action_epoch13": 0.8392091680450499, "ENV_Test_Weighted probability to choose the right action:_epoch13": 0.8259990934330529, "ENV_Test_proba_accuracy_epoch13": 0.7885014931335612, "ENV_Test_proba_accuracy_strategy_132_epoch13": 0.8361342986079487, "ENV_Test_proba_accuracy_strategy_23_epoch13": 0.7926583849482481, "ENV_Test_proba_accuracy_strategy_107_epoch13": 0.8640977000438906, "ENV_Test_proba_accuracy_strategy_43_epoch13": 0.7930550574726996, "ENV_Test_proba_accuracy_strategy_17_epoch13": 0.7535507320319228, "ENV_Test_proba_accuracy_strategy_93_epoch13": 0.7802461850772906, "ENV_Test_proba_accuracy_per_mean_strategy_epoch13": 0.8032903930303333, "ENV_Test_proba_accuracy_per_mean_user_epoch13": 0.8016991952577559, "ENV_Test_proba_accuracy_per_mean_user_and_bot_epoch13": 0.8259990934330528, "ENV_Test_accuracy_epoch13": 0.803584, "ENV_Test_accuracy_strategy_132_epoch13": 0.8481586402266289, "ENV_Test_accuracy_strategy_23_epoch13": 0.8103086120536436, "ENV_Test_accuracy_strategy_107_epoch13": 0.8768472906403941, "ENV_Test_accuracy_strategy_43_epoch13": 0.80470737913486, "ENV_Test_accuracy_strategy_17_epoch13": 0.7686025408348457, "ENV_Test_accuracy_strategy_93_epoch13": 0.7920517560073937, "ENV_Test_accuracy_per_mean_strategy_epoch13": 0.8167793698162944, "ENV_Test_accuracy_per_mean_user_epoch13": 0.8177991427050278, "ENV_Test_accuracy_per_mean_user_and_bot_epoch13": 0.8392091680450503, "ENV_Train_TotalLoss_epoch14": 383.42793637697764, "ENV_Train_Right action_epoch14": 0.9275483825892545, "ENV_Train_Probability to choose the right action_epoch14": 0.8951353378926555, "ENV_Train_Weighted right action_epoch14": 0.9275483825892545, "ENV_Train_Weighted probability to choose the right action:_epoch14": 0.8951353378926555, "ENV_Test_TotalLoss_epoch14": 413.3446991497876, "ENV_Test_Right action_epoch14": 0.80096, "ENV_Test_Probability to choose the right action_epoch14": 0.7874732596043992, "ENV_Test_Weighted right action_epoch14": 0.8401105591146208, "ENV_Test_Weighted probability to choose the right action:_epoch14": 0.8267383698688089, "ENV_Test_proba_accuracy_epoch14": 0.7874732596043995, "ENV_Test_proba_accuracy_strategy_132_epoch14": 0.8292471268542585, "ENV_Test_proba_accuracy_strategy_23_epoch14": 0.7918740132301222, "ENV_Test_proba_accuracy_strategy_107_epoch14": 0.8669049791252117, "ENV_Test_proba_accuracy_strategy_43_epoch14": 0.7918681868312712, "ENV_Test_proba_accuracy_strategy_17_epoch14": 0.7528559949221867, "ENV_Test_proba_accuracy_strategy_93_epoch14": 0.7840934260043791, "ENV_Test_proba_accuracy_per_mean_strategy_epoch14": 0.802807287827905, "ENV_Test_proba_accuracy_per_mean_user_epoch14": 0.7998738134955032, "ENV_Test_proba_accuracy_per_mean_user_and_bot_epoch14": 0.8267383698688091, "ENV_Test_accuracy_epoch14": 0.80096, "ENV_Test_accuracy_strategy_132_epoch14": 0.8396600566572238, "ENV_Test_accuracy_strategy_23_epoch14": 0.8074002262077881, "ENV_Test_accuracy_strategy_107_epoch14": 0.8866995073891626, "ENV_Test_accuracy_strategy_43_epoch14": 0.7983460559796438, "ENV_Test_accuracy_strategy_17_epoch14": 0.7688294010889292, "ENV_Test_accuracy_strategy_93_epoch14": 0.7874306839186691, "ENV_Test_accuracy_per_mean_strategy_epoch14": 0.8147276552069028, "ENV_Test_accuracy_per_mean_user_epoch14": 0.8139922632424476, "ENV_Test_accuracy_per_mean_user_and_bot_epoch14": 0.840110559114621, "ENV_Train_TotalLoss_epoch15": 353.34330962403783, "ENV_Train_Right action_epoch15": 0.9322886816980948, "ENV_Train_Probability to choose the right action_epoch15": 0.9034609247621475, "ENV_Train_Weighted right action_epoch15": 0.9322886816980948, "ENV_Train_Weighted probability to choose the right action:_epoch15": 0.9034609247621475, "ENV_Test_TotalLoss_epoch15": 443.1591758002843, "ENV_Test_Right action_epoch15": 0.79776, "ENV_Test_Probability to choose the right action_epoch15": 0.7885511997408653, "ENV_Test_Weighted right action_epoch15": 0.8365109328443355, "ENV_Test_Weighted probability to choose the right action:_epoch15": 0.826449551426541, "ENV_Test_proba_accuracy_epoch15": 0.7885511997408648, "ENV_Test_proba_accuracy_strategy_132_epoch15": 0.8331167230609956, "ENV_Test_proba_accuracy_strategy_23_epoch15": 0.7919777302458941, "ENV_Test_proba_accuracy_strategy_107_epoch15": 0.8632163902834775, "ENV_Test_proba_accuracy_strategy_43_epoch15": 0.7946528964761685, "ENV_Test_proba_accuracy_strategy_17_epoch15": 0.7550986159000889, "ENV_Test_proba_accuracy_strategy_93_epoch15": 0.7816483118537446, "ENV_Test_proba_accuracy_per_mean_strategy_epoch15": 0.8032851113033949, "ENV_Test_proba_accuracy_per_mean_user_epoch15": 0.8011066862606728, "ENV_Test_proba_accuracy_per_mean_user_and_bot_epoch15": 0.8264495514265404, "ENV_Test_accuracy_epoch15": 0.79776, "ENV_Test_accuracy_strategy_132_epoch15": 0.8402266288951842, "ENV_Test_accuracy_strategy_23_epoch15": 0.8010987235417677, "ENV_Test_accuracy_strategy_107_epoch15": 0.8719211822660099, "ENV_Test_accuracy_strategy_43_epoch15": 0.8040712468193384, "ENV_Test_accuracy_strategy_17_epoch15": 0.764065335753176, "ENV_Test_accuracy_strategy_93_epoch15": 0.7957486136783734, "ENV_Test_accuracy_per_mean_strategy_epoch15": 0.8128552884923083, "ENV_Test_accuracy_per_mean_user_epoch15": 0.8107825870370169, "ENV_Test_accuracy_per_mean_user_and_bot_epoch15": 0.8365109328443365, "ENV_Train_TotalLoss_epoch16": 326.3353008399245, "ENV_Train_Right action_epoch16": 0.9385527180218336, "ENV_Train_Probability to choose the right action_epoch16": 0.911529529591777, "ENV_Train_Weighted right action_epoch16": 0.9385527180218336, "ENV_Train_Weighted probability to choose the right action:_epoch16": 0.911529529591777, "ENV_Test_TotalLoss_epoch16": 413.47895031804757, "ENV_Test_Right action_epoch16": 0.791232, "ENV_Test_Probability to choose the right action_epoch16": 0.7811895796899772, "ENV_Test_Weighted right action_epoch16": 0.8236657267517041, "ENV_Test_Weighted probability to choose the right action:_epoch16": 0.8160331361319656, "ENV_Test_proba_accuracy_epoch16": 0.7811895796899772, "ENV_Test_proba_accuracy_strategy_132_epoch16": 0.8233034034918896, "ENV_Test_proba_accuracy_strategy_23_epoch16": 0.7863373474711178, "ENV_Test_proba_accuracy_strategy_107_epoch16": 0.8513946592443096, "ENV_Test_proba_accuracy_strategy_43_epoch16": 0.7842994531248858, "ENV_Test_proba_accuracy_strategy_17_epoch16": 0.7487423488039344, "ENV_Test_proba_accuracy_strategy_93_epoch16": 0.7712019137468678, "ENV_Test_proba_accuracy_per_mean_strategy_epoch16": 0.7942131876471676, "ENV_Test_proba_accuracy_per_mean_user_epoch16": 0.79421679667493, "ENV_Test_proba_accuracy_per_mean_user_and_bot_epoch16": 0.8160331361319654, "ENV_Test_accuracy_epoch16": 0.791232, "ENV_Test_accuracy_strategy_132_epoch16": 0.8334277620396601, "ENV_Test_accuracy_strategy_23_epoch16": 0.7983519146873486, "ENV_Test_accuracy_strategy_107_epoch16": 0.8571428571428571, "ENV_Test_accuracy_strategy_43_epoch16": 0.7938931297709924, "ENV_Test_accuracy_strategy_17_epoch16": 0.7588475499092558, "ENV_Test_accuracy_strategy_93_epoch16": 0.7726432532347505, "ENV_Test_accuracy_per_mean_strategy_epoch16": 0.8023844111308107, "ENV_Test_accuracy_per_mean_user_epoch16": 0.8050068042830776, "ENV_Test_accuracy_per_mean_user_and_bot_epoch16": 0.8236657267517038, "ENV_Train_TotalLoss_epoch17": 300.85033771975867, "ENV_Train_Right action_epoch17": 0.9440025720236515, "ENV_Train_Probability to choose the right action_epoch17": 0.9191043562921163, "ENV_Train_Weighted right action_epoch17": 0.9440025720236515, "ENV_Train_Weighted probability to choose the right action:_epoch17": 0.9191043562921163, "ENV_Test_TotalLoss_epoch17": 450.0472442724175, "ENV_Test_Right action_epoch17": 0.794624, "ENV_Test_Probability to choose the right action_epoch17": 0.7864342232525969, "ENV_Test_Weighted right action_epoch17": 0.8337277902195374, "ENV_Test_Weighted probability to choose the right action:_epoch17": 0.8239933851896898, "ENV_Test_proba_accuracy_epoch17": 0.7864342232525966, "ENV_Test_proba_accuracy_strategy_132_epoch17": 0.8358403432317442, "ENV_Test_proba_accuracy_strategy_23_epoch17": 0.7902610015215171, "ENV_Test_proba_accuracy_strategy_107_epoch17": 0.8583969556434629, "ENV_Test_proba_accuracy_strategy_43_epoch17": 0.7920148732477067, "ENV_Test_proba_accuracy_strategy_17_epoch17": 0.7513209362670188, "ENV_Test_proba_accuracy_strategy_93_epoch17": 0.7783894457521635, "ENV_Test_proba_accuracy_per_mean_strategy_epoch17": 0.8010372592772689, "ENV_Test_proba_accuracy_per_mean_user_epoch17": 0.7981505893957919, "ENV_Test_proba_accuracy_per_mean_user_and_bot_epoch17": 0.8239933851896906, "ENV_Test_accuracy_epoch17": 0.794624, "ENV_Test_accuracy_strategy_132_epoch17": 0.8481586402266289, "ENV_Test_accuracy_strategy_23_epoch17": 0.79738245273873, "ENV_Test_accuracy_strategy_107_epoch17": 0.8735632183908046, "ENV_Test_accuracy_strategy_43_epoch17": 0.7970737913486005, "ENV_Test_accuracy_strategy_17_epoch17": 0.7599818511796733, "ENV_Test_accuracy_strategy_93_epoch17": 0.7846580406654344, "ENV_Test_accuracy_per_mean_strategy_epoch17": 0.8101363324249786, "ENV_Test_accuracy_per_mean_user_epoch17": 0.8071993845392708, "ENV_Test_accuracy_per_mean_user_and_bot_epoch17": 0.8337277902195388, "ENV_Train_TotalLoss_epoch18": 280.69914776350146, "ENV_Train_Right action_epoch18": 0.9488344141323792, "ENV_Train_Probability to choose the right action_epoch18": 0.925194519127163, "ENV_Train_Weighted right action_epoch18": 0.9488344141323792, "ENV_Train_Weighted probability to choose the right action:_epoch18": 0.925194519127163, "ENV_Test_TotalLoss_epoch18": 466.22311601221304, "ENV_Test_Right action_epoch18": 0.790912, "ENV_Test_Probability to choose the right action_epoch18": 0.7825814325693097, "ENV_Test_Weighted right action_epoch18": 0.827682981111212, "ENV_Test_Weighted probability to choose the right action:_epoch18": 0.8198238618080973, "ENV_Test_proba_accuracy_epoch18": 0.7825814325693103, "ENV_Test_proba_accuracy_strategy_132_epoch18": 0.8294573526869088, "ENV_Test_proba_accuracy_strategy_23_epoch18": 0.7870652284345001, "ENV_Test_proba_accuracy_strategy_107_epoch18": 0.8512960625067197, "ENV_Test_proba_accuracy_strategy_43_epoch18": 0.7851217865598482, "ENV_Test_proba_accuracy_strategy_17_epoch18": 0.7492270367103759, "ENV_Test_proba_accuracy_strategy_93_epoch18": 0.7739856093012455, "ENV_Test_proba_accuracy_per_mean_strategy_epoch18": 0.796025512699933, "ENV_Test_proba_accuracy_per_mean_user_epoch18": 0.7955503342687663, "ENV_Test_proba_accuracy_per_mean_user_and_bot_epoch18": 0.8198238618080972, "ENV_Test_accuracy_epoch18": 0.790912, "ENV_Test_accuracy_strategy_132_epoch18": 0.8379603399433427, "ENV_Test_accuracy_strategy_23_epoch18": 0.7965745677815479, "ENV_Test_accuracy_strategy_107_epoch18": 0.8571428571428571, "ENV_Test_accuracy_strategy_43_epoch18": 0.7958015267175572, "ENV_Test_accuracy_strategy_17_epoch18": 0.7563520871143375, "ENV_Test_accuracy_strategy_93_epoch18": 0.7781885397412199, "ENV_Test_accuracy_per_mean_strategy_epoch18": 0.8036699864068103, "ENV_Test_accuracy_per_mean_user_epoch18": 0.8050086932902392, "ENV_Test_accuracy_per_mean_user_and_bot_epoch18": 0.8276829811112121, "ENV_Train_TotalLoss_epoch19": 259.7408372128005, "ENV_Train_Right action_epoch19": 0.9535225048923679, "ENV_Train_Probability to choose the right action_epoch19": 0.9314856510442229, "ENV_Train_Weighted right action_epoch19": 0.9535225048923679, "ENV_Train_Weighted probability to choose the right action:_epoch19": 0.9314856510442229, "ENV_Test_TotalLoss_epoch19": 488.5813145779875, "ENV_Test_Right action_epoch19": 0.786176, "ENV_Test_Probability to choose the right action_epoch19": 0.7797837920496017, "ENV_Test_Weighted right action_epoch19": 0.8231271317980569, "ENV_Test_Weighted probability to choose the right action:_epoch19": 0.8174059378528108, "ENV_Test_proba_accuracy_epoch19": 0.7797837920496024, "ENV_Test_proba_accuracy_strategy_132_epoch19": 0.8240222440705058, "ENV_Test_proba_accuracy_strategy_23_epoch19": 0.7825296300740793, "ENV_Test_proba_accuracy_strategy_107_epoch19": 0.849252831992593, "ENV_Test_proba_accuracy_strategy_43_epoch19": 0.783877245511036, "ENV_Test_proba_accuracy_strategy_17_epoch19": 0.748176909972765, "ENV_Test_proba_accuracy_strategy_93_epoch19": 0.7756310403653721, "ENV_Test_proba_accuracy_per_mean_strategy_epoch19": 0.7939149836643918, "ENV_Test_proba_accuracy_per_mean_user_epoch19": 0.7921805573005681, "ENV_Test_proba_accuracy_per_mean_user_and_bot_epoch19": 0.8174059378528108, "ENV_Test_accuracy_epoch19": 0.786176, "ENV_Test_accuracy_strategy_132_epoch19": 0.8322946175637393, "ENV_Test_accuracy_strategy_23_epoch19": 0.7893036031669091, "ENV_Test_accuracy_strategy_107_epoch19": 0.8440065681444991, "ENV_Test_accuracy_strategy_43_epoch19": 0.7907124681933843, "ENV_Test_accuracy_strategy_17_epoch19": 0.7554446460980037, "ENV_Test_accuracy_strategy_93_epoch19": 0.7791127541589649, "ENV_Test_accuracy_per_mean_strategy_epoch19": 0.79847910955425, "ENV_Test_accuracy_per_mean_user_epoch19": 0.7983501597411329, "ENV_Test_accuracy_per_mean_user_and_bot_epoch19": 0.8231271317980574, "ENV_Train_TotalLoss_epoch20": 241.85788034052482, "ENV_Train_Right action_epoch20": 0.9569106486463822, "ENV_Train_Probability to choose the right action_epoch20": 0.9361522791859586, "ENV_Train_Weighted right action_epoch20": 0.9569106486463822, "ENV_Train_Weighted probability to choose the right action:_epoch20": 0.9361522791859586, "ENV_Test_TotalLoss_epoch20": 563.4639115915902, "ENV_Test_Right action_epoch20": 0.789568, "ENV_Test_Probability to choose the right action_epoch20": 0.7850271151365343, "ENV_Test_Weighted right action_epoch20": 0.8245067924579499, "ENV_Test_Weighted probability to choose the right action:_epoch20": 0.8218377161261393, "ENV_Test_proba_accuracy_epoch20": 0.7850271151365338, "ENV_Test_proba_accuracy_strategy_132_epoch20": 0.8377046268322477, "ENV_Test_proba_accuracy_strategy_23_epoch20": 0.7862375763345567, "ENV_Test_proba_accuracy_strategy_107_epoch20": 0.8507622393660058, "ENV_Test_proba_accuracy_strategy_43_epoch20": 0.7848188627151755, "ENV_Test_proba_accuracy_strategy_17_epoch20": 0.7550742408222281, "ENV_Test_proba_accuracy_strategy_93_epoch20": 0.7775036397489056, "ENV_Test_proba_accuracy_per_mean_strategy_epoch20": 0.7986835309698533, "ENV_Test_proba_accuracy_per_mean_user_epoch20": 0.7981712600982395, "ENV_Test_proba_accuracy_per_mean_user_and_bot_epoch20": 0.821837716126139, "ENV_Test_accuracy_epoch20": 0.789568, "ENV_Test_accuracy_strategy_132_epoch20": 0.8390934844192635, "ENV_Test_accuracy_strategy_23_epoch20": 0.7920504120213282, "ENV_Test_accuracy_strategy_107_epoch20": 0.8489326765188834, "ENV_Test_accuracy_strategy_43_epoch20": 0.7868956743002544, "ENV_Test_accuracy_strategy_17_epoch20": 0.7606624319419237, "ENV_Test_accuracy_strategy_93_epoch20": 0.7828096118299446, "ENV_Test_accuracy_per_mean_strategy_epoch20": 0.8017407151719329, "ENV_Test_accuracy_per_mean_user_epoch20": 0.8017992853459905, "ENV_Test_accuracy_per_mean_user_and_bot_epoch20": 0.8245067924579512, "ENV_Train_TotalLoss_epoch21": 221.61977422708995, "ENV_Train_Right action_epoch21": 0.9601861427094105, "ENV_Train_Probability to choose the right action_epoch21": 0.9415718067837442, "ENV_Train_Weighted right action_epoch21": 0.9601861427094105, "ENV_Train_Weighted probability to choose the right action:_epoch21": 0.9415718067837442, "ENV_Test_TotalLoss_epoch21": 598.5553006388596, "ENV_Test_Right action_epoch21": 0.789696, "ENV_Test_Probability to choose the right action_epoch21": 0.7853259914878572, "ENV_Test_Weighted right action_epoch21": 0.8276488804161131, "ENV_Test_Weighted probability to choose the right action:_epoch21": 0.8239545565198504, "ENV_Test_proba_accuracy_epoch21": 0.7853259914878565, "ENV_Test_proba_accuracy_strategy_132_epoch21": 0.8355886343906469, "ENV_Test_proba_accuracy_strategy_23_epoch21": 0.7895796312771659, "ENV_Test_proba_accuracy_strategy_107_epoch21": 0.8616519316598159, "ENV_Test_proba_accuracy_strategy_43_epoch21": 0.78078190804246, "ENV_Test_proba_accuracy_strategy_17_epoch21": 0.7516054750595692, "ENV_Test_proba_accuracy_strategy_93_epoch21": 0.7800223839535403, "ENV_Test_proba_accuracy_per_mean_strategy_epoch21": 0.7998716607305331, "ENV_Test_proba_accuracy_per_mean_user_epoch21": 0.7989158835549932, "ENV_Test_proba_accuracy_per_mean_user_and_bot_epoch21": 0.8239545565198504, "ENV_Test_accuracy_epoch21": 0.789696, "ENV_Test_accuracy_strategy_132_epoch21": 0.8385269121813032, "ENV_Test_accuracy_strategy_23_epoch21": 0.7957666828243658, "ENV_Test_accuracy_strategy_107_epoch21": 0.8620689655172413, "ENV_Test_accuracy_strategy_43_epoch21": 0.7837150127226463, "ENV_Test_accuracy_strategy_17_epoch21": 0.7549909255898367, "ENV_Test_accuracy_strategy_93_epoch21": 0.7846580406654344, "ENV_Test_accuracy_per_mean_strategy_epoch21": 0.8032877565834712, "ENV_Test_accuracy_per_mean_user_epoch21": 0.8035781812789742, "ENV_Test_accuracy_per_mean_user_and_bot_epoch21": 0.8276488804161137, "ENV_Train_TotalLoss_epoch22": 213.66632020476584, "ENV_Train_Right action_epoch22": 0.9619658657273451, "ENV_Train_Probability to choose the right action_epoch22": 0.9445248012923758, "ENV_Train_Weighted right action_epoch22": 0.9619658657273451, "ENV_Train_Weighted probability to choose the right action:_epoch22": 0.9445248012923758, "ENV_Test_TotalLoss_epoch22": 606.4516178089802, "ENV_Test_Right action_epoch22": 0.788928, "ENV_Test_Probability to choose the right action_epoch22": 0.7844196515829743, "ENV_Test_Weighted right action_epoch22": 0.8243071471186748, "ENV_Test_Weighted probability to choose the right action:_epoch22": 0.8198445082349725, "ENV_Test_proba_accuracy_epoch22": 0.784419651582974, "ENV_Test_proba_accuracy_strategy_132_epoch22": 0.8370401146950563, "ENV_Test_proba_accuracy_strategy_23_epoch22": 0.78874868670748, "ENV_Test_proba_accuracy_strategy_107_epoch22": 0.8555478199815493, "ENV_Test_proba_accuracy_strategy_43_epoch22": 0.7794207935898879, "ENV_Test_proba_accuracy_strategy_17_epoch22": 0.7522619590559466, "ENV_Test_proba_accuracy_strategy_93_epoch22": 0.7720580463067654, "ENV_Test_proba_accuracy_per_mean_strategy_epoch22": 0.7975129033894476, "ENV_Test_proba_accuracy_per_mean_user_epoch22": 0.7961952145842024, "ENV_Test_proba_accuracy_per_mean_user_and_bot_epoch22": 0.819844508234973, "ENV_Test_accuracy_epoch22": 0.788928, "ENV_Test_accuracy_strategy_132_epoch22": 0.8441926345609065, "ENV_Test_accuracy_strategy_23_epoch22": 0.7931814509613831, "ENV_Test_accuracy_strategy_107_epoch22": 0.8620689655172413, "ENV_Test_accuracy_strategy_43_epoch22": 0.7849872773536896, "ENV_Test_accuracy_strategy_17_epoch22": 0.7558983666061706, "ENV_Test_accuracy_strategy_93_epoch22": 0.7735674676524954, "ENV_Test_accuracy_per_mean_strategy_epoch22": 0.8023160271086477, "ENV_Test_accuracy_per_mean_user_epoch22": 0.8004672467672687, "ENV_Test_accuracy_per_mean_user_and_bot_epoch22": 0.8243071471186755, "ENV_Train_TotalLoss_epoch23": 199.53791944310464, "ENV_Train_Right action_epoch23": 0.9653259168157424, "ENV_Train_Probability to choose the right action_epoch23": 0.9487311934395992, "ENV_Train_Weighted right action_epoch23": 0.9653259168157424, "ENV_Train_Weighted probability to choose the right action:_epoch23": 0.9487311934395992, "ENV_Test_TotalLoss_epoch23": 605.7708693853205, "ENV_Test_Right action_epoch23": 0.788608, "ENV_Test_Probability to choose the right action_epoch23": 0.7857707876528925, "ENV_Test_Weighted right action_epoch23": 0.8295500743895489, "ENV_Test_Weighted probability to choose the right action:_epoch23": 0.8258248798171527, "ENV_Test_proba_accuracy_epoch23": 0.7857707876528921, "ENV_Test_proba_accuracy_strategy_132_epoch23": 0.8422842458041252, "ENV_Test_proba_accuracy_strategy_23_epoch23": 0.7885549318024044, "ENV_Test_proba_accuracy_strategy_107_epoch23": 0.8566848947400876, "ENV_Test_proba_accuracy_strategy_43_epoch23": 0.7906522749759306, "ENV_Test_proba_accuracy_strategy_17_epoch23": 0.7529734674227335, "ENV_Test_proba_accuracy_strategy_93_epoch23": 0.7642669766624682, "ENV_Test_proba_accuracy_per_mean_strategy_epoch23": 0.7992361319012916, "ENV_Test_proba_accuracy_per_mean_user_epoch23": 0.7989766876711886, "ENV_Test_proba_accuracy_per_mean_user_and_bot_epoch23": 0.8258248798171527, "ENV_Test_accuracy_epoch23": 0.788608, "ENV_Test_accuracy_strategy_132_epoch23": 0.8481586402266289, "ENV_Test_accuracy_strategy_23_epoch23": 0.7928582969785103, "ENV_Test_accuracy_strategy_107_epoch23": 0.8620689655172413, "ENV_Test_accuracy_strategy_43_epoch23": 0.7926208651399491, "ENV_Test_accuracy_strategy_17_epoch23": 0.7540834845735027, "ENV_Test_accuracy_strategy_93_epoch23": 0.7606284658040665, "ENV_Test_accuracy_per_mean_strategy_epoch23": 0.8017364530399832, "ENV_Test_accuracy_per_mean_user_epoch23": 0.8027004232279851, "ENV_Test_accuracy_per_mean_user_and_bot_epoch23": 0.82955007438955, "ENV_Train_TotalLoss_epoch24": 177.70133092633745, "ENV_Train_Right action_epoch24": 0.9691112136078383, "ENV_Train_Probability to choose the right action_epoch24": 0.9540862256424112, "ENV_Train_Weighted right action_epoch24": 0.9691112136078383, "ENV_Train_Weighted probability to choose the right action:_epoch24": 0.9540862256424112, "ENV_Test_TotalLoss_epoch24": 663.4117378076371, "ENV_Test_Right action_epoch24": 0.788544, "ENV_Test_Probability to choose the right action_epoch24": 0.78607339209935, "ENV_Test_Weighted right action_epoch24": 0.8315742791027435, "ENV_Test_Weighted probability to choose the right action:_epoch24": 0.8283789850603579, "ENV_Test_proba_accuracy_epoch24": 0.78607339209935, "ENV_Test_proba_accuracy_strategy_132_epoch24": 0.8458995678316141, "ENV_Test_proba_accuracy_strategy_23_epoch24": 0.7879631435468849, "ENV_Test_proba_accuracy_strategy_107_epoch24": 0.8612107951891962, "ENV_Test_proba_accuracy_strategy_43_epoch24": 0.7897311852711792, "ENV_Test_proba_accuracy_strategy_17_epoch24": 0.7503303473300529, "ENV_Test_proba_accuracy_strategy_93_epoch24": 0.7756831334292863, "ENV_Test_proba_accuracy_per_mean_strategy_epoch24": 0.8018030287663689, "ENV_Test_proba_accuracy_per_mean_user_epoch24": 0.8003085429158763, "ENV_Test_proba_accuracy_per_mean_user_and_bot_epoch24": 0.8283789850603585, "ENV_Test_accuracy_epoch24": 0.788544, "ENV_Test_accuracy_strategy_132_epoch24": 0.8470254957507082, "ENV_Test_accuracy_strategy_23_epoch24": 0.7914041040555825, "ENV_Test_accuracy_strategy_107_epoch24": 0.8653530377668309, "ENV_Test_accuracy_strategy_43_epoch24": 0.7888040712468194, "ENV_Test_accuracy_strategy_17_epoch24": 0.7529491833030852, "ENV_Test_accuracy_strategy_93_epoch24": 0.7781885397412199, "ENV_Test_accuracy_per_mean_strategy_epoch24": 0.8039540719773743, "ENV_Test_accuracy_per_mean_user_epoch24": 0.8032679158221024, "ENV_Test_accuracy_per_mean_user_and_bot_epoch24": 0.8315742791027453, "_wandb": {"runtime": 2138}}