{"ENV_Train_TotalLoss": 498.71992354906547, "ENV_Train_TotalLoss_epoch0": 1046.4445472851396, "ENV_Train_Right action": 0.9067222074672556, "ENV_Train_Right action_epoch0": 0.7864959677982921, "ENV_Train_Probability to choose the right action": 0.8655082622487564, "ENV_Train_Probability to choose the right action_epoch0": 0.7018309691346228, "ENV_Train_Weighted right action": 0.9067222074672556, "ENV_Train_Weighted right action_epoch0": 0.7864959677982921, "ENV_Train_Weighted probability to choose the right action:": 0.8655082622487564, "ENV_Train_Weighted probability to choose the right action:_epoch0": 0.7018309691346228, "_timestamp": 1720451371.2421155, "_runtime": 2402.9751024246216, "_step": 49, "ENV_Test_TotalLoss": 361.90560881743556, "ENV_Test_TotalLoss_epoch0": 209.1173759240442, "ENV_Test_Right action": 0.792192, "ENV_Test_Right action_epoch0": 0.801088, "ENV_Test_Probability to choose the right action": 0.7780231645417611, "ENV_Test_Probability to choose the right action_epoch0": 0.7419077614766404, "ENV_Test_Weighted right action": 0.8398366820887332, "ENV_Test_Weighted right action_epoch0": 0.8478555311270635, "ENV_Test_Weighted probability to choose the right action:": 0.8220384371865758, "ENV_Test_Weighted probability to choose the right action:_epoch0": 0.784531412426296, "ENV_Test_proba_accuracy": 0.7780231645417618, "ENV_Test_proba_accuracy_epoch0": 0.7419077614766401, "ENV_Test_proba_accuracy_strategy_132": 0.8379318239432677, "ENV_Test_proba_accuracy_strategy_132_epoch0": 0.7935481176074635, "ENV_Test_proba_accuracy_strategy_23": 0.7738048664979822, "ENV_Test_proba_accuracy_strategy_23_epoch0": 0.7391228344717842, "ENV_Test_proba_accuracy_strategy_107": 0.8499664044094165, "ENV_Test_proba_accuracy_strategy_107_epoch0": 0.8124925987492357, "ENV_Test_proba_accuracy_strategy_43": 0.7806952687261848, "ENV_Test_proba_accuracy_strategy_43_epoch0": 0.7536176351414152, "ENV_Test_proba_accuracy_strategy_17": 0.7497896778437895, "ENV_Test_proba_accuracy_strategy_17_epoch0": 0.7091400457759839, "ENV_Test_proba_accuracy_strategy_93": 0.7750726019323722, "ENV_Test_proba_accuracy_strategy_93_epoch0": 0.7503520204143518, "ENV_Test_proba_accuracy_per_mean_strategy": 0.7945434405588355, "ENV_Test_proba_accuracy_per_mean_strategy_epoch0": 0.7597122086933724, "ENV_Test_proba_accuracy_per_mean_user": 0.79406182421122, "ENV_Test_proba_accuracy_per_mean_user_epoch0": 0.7554784963700378, "ENV_Test_proba_accuracy_per_mean_user_and_bot": 0.8220384371865762, "ENV_Test_proba_accuracy_per_mean_user_and_bot_epoch0": 0.7845314124262962, "ENV_Test_accuracy": 0.792192, "ENV_Test_accuracy_epoch0": 0.801088, "ENV_Test_accuracy_strategy_132": 0.8543909348441926, "ENV_Test_accuracy_strategy_132_epoch0": 0.8492917847025496, "ENV_Test_accuracy_strategy_23": 0.7875262562611084, "ENV_Test_accuracy_strategy_23_epoch0": 0.7999676846017127, "ENV_Test_accuracy_strategy_107": 0.8752052545155994, "ENV_Test_accuracy_strategy_107_epoch0": 0.8866995073891626, "ENV_Test_accuracy_strategy_43": 0.7964376590330788, "ENV_Test_accuracy_strategy_43_epoch0": 0.8250636132315522, "ENV_Test_accuracy_strategy_17": 0.7615698729582577, "ENV_Test_accuracy_strategy_17_epoch0": 0.7608892921960072, "ENV_Test_accuracy_strategy_93": 0.789279112754159, "ENV_Test_accuracy_strategy_93_epoch0": 0.8096118299445472, "ENV_Test_accuracy_per_mean_strategy": 0.8107348483943994, "ENV_Test_accuracy_per_mean_strategy_epoch0": 0.8219206186775887, "ENV_Test_accuracy_per_mean_user": 0.8098448971593524, "ENV_Test_accuracy_per_mean_user_epoch0": 0.8168231832430559, "ENV_Test_accuracy_per_mean_user_and_bot": 0.8398366820887341, "ENV_Test_accuracy_per_mean_user_and_bot_epoch0": 0.8478555311270638, "ENV_Train_TotalLoss_epoch1": 909.4900063777471, "ENV_Train_Right action_epoch1": 0.8152941012060315, "ENV_Train_Probability to choose the right action_epoch1": 0.7436452834149884, "ENV_Train_Weighted right action_epoch1": 0.8152941012060315, "ENV_Train_Weighted probability to choose the right action:_epoch1": 0.7436452834149884, "ENV_Test_TotalLoss_epoch1": 197.4565139075372, "ENV_Test_Right action_epoch1": 0.805568, "ENV_Test_Probability to choose the right action_epoch1": 0.7552376223251054, "ENV_Test_Weighted right action_epoch1": 0.8448405955977473, "ENV_Test_Weighted probability to choose the right action:_epoch1": 0.7946532906536729, "ENV_Test_proba_accuracy_epoch1": 0.7552376223251055, "ENV_Test_proba_accuracy_strategy_132_epoch1": 0.8036290817239571, "ENV_Test_proba_accuracy_strategy_23_epoch1": 0.7551330389501381, "ENV_Test_proba_accuracy_strategy_107_epoch1": 0.823493183498403, "ENV_Test_proba_accuracy_strategy_43_epoch1": 0.7580500549626786, "ENV_Test_proba_accuracy_strategy_17_epoch1": 0.7251759805003776, "ENV_Test_proba_accuracy_strategy_93_epoch1": 0.7568635714667852, "ENV_Test_proba_accuracy_per_mean_strategy_epoch1": 0.7703908185170566, "ENV_Test_proba_accuracy_per_mean_user_epoch1": 0.7688596880453884, "ENV_Test_proba_accuracy_per_mean_user_and_bot_epoch1": 0.7946532906536736, "ENV_Test_accuracy_epoch1": 0.805568, "ENV_Test_accuracy_strategy_132_epoch1": 0.8504249291784702, "ENV_Test_accuracy_strategy_23_epoch1": 0.8099854580707707, "ENV_Test_accuracy_strategy_107_epoch1": 0.8768472906403941, "ENV_Test_accuracy_strategy_43_epoch1": 0.8078880407124682, "ENV_Test_accuracy_strategy_17_epoch1": 0.7701905626134301, "ENV_Test_accuracy_strategy_93_epoch1": 0.8077634011090573, "ENV_Test_accuracy_per_mean_strategy_epoch1": 0.8205166137207652, "ENV_Test_accuracy_per_mean_user_epoch1": 0.8209846716231242, "ENV_Test_accuracy_per_mean_user_and_bot_epoch1": 0.8448405955977478, "ENV_Train_TotalLoss_epoch2": 863.0257638266106, "ENV_Train_Right action_epoch2": 0.8245555182824555, "ENV_Train_Probability to choose the right action_epoch2": 0.7568025671597042, "ENV_Train_Weighted right action_epoch2": 0.8245555182824555, "ENV_Train_Weighted probability to choose the right action:_epoch2": 0.7568025671597042, "ENV_Test_TotalLoss_epoch2": 196.79907185743386, "ENV_Test_Right action_epoch2": 0.80896, "ENV_Test_Probability to choose the right action_epoch2": 0.7515550018511996, "ENV_Test_Weighted right action_epoch2": 0.8532732072809833, "ENV_Test_Weighted probability to choose the right action:_epoch2": 0.7946075253687538, "ENV_Test_proba_accuracy_epoch2": 0.7515550018511991, "ENV_Test_proba_accuracy_strategy_132_epoch2": 0.8038972982227689, "ENV_Test_proba_accuracy_strategy_23_epoch2": 0.7478927354950073, "ENV_Test_proba_accuracy_strategy_107_epoch2": 0.8206538774794795, "ENV_Test_proba_accuracy_strategy_43_epoch2": 0.7623518870180004, "ENV_Test_proba_accuracy_strategy_17_epoch2": 0.7216441444267623, "ENV_Test_proba_accuracy_strategy_93_epoch2": 0.7543967339858866, "ENV_Test_proba_accuracy_per_mean_strategy_epoch2": 0.7684727794379841, "ENV_Test_proba_accuracy_per_mean_user_epoch2": 0.7671341808678105, "ENV_Test_proba_accuracy_per_mean_user_and_bot_epoch2": 0.7946075253687541, "ENV_Test_accuracy_epoch2": 0.80896, "ENV_Test_accuracy_strategy_132_epoch2": 0.8577903682719547, "ENV_Test_accuracy_strategy_23_epoch2": 0.8098238810793343, "ENV_Test_accuracy_strategy_107_epoch2": 0.8866995073891626, "ENV_Test_accuracy_strategy_43_epoch2": 0.8161577608142494, "ENV_Test_accuracy_strategy_17_epoch2": 0.7738203266787659, "ENV_Test_accuracy_strategy_93_epoch2": 0.8133086876155268, "ENV_Test_accuracy_per_mean_strategy_epoch2": 0.8262667553081656, "ENV_Test_accuracy_per_mean_user_epoch2": 0.8281605103457269, "ENV_Test_accuracy_per_mean_user_and_bot_epoch2": 0.8532732072809839, "ENV_Train_TotalLoss_epoch3": 831.344426162849, "ENV_Train_Right action_epoch3": 0.8301649426894046, "ENV_Train_Probability to choose the right action_epoch3": 0.765230988624108, "ENV_Train_Weighted right action_epoch3": 0.8301649426894046, "ENV_Train_Weighted probability to choose the right action:_epoch3": 0.765230988624108, "ENV_Test_TotalLoss_epoch3": 197.54058922363154, "ENV_Test_Right action_epoch3": 0.80544, "ENV_Test_Probability to choose the right action_epoch3": 0.763123400099772, "ENV_Test_Weighted right action_epoch3": 0.8503508022328354, "ENV_Test_Weighted probability to choose the right action:_epoch3": 0.8074133301672191, "ENV_Test_proba_accuracy_epoch3": 0.7631234000997712, "ENV_Test_proba_accuracy_strategy_132_epoch3": 0.8155574314895783, "ENV_Test_proba_accuracy_strategy_23_epoch3": 0.7603503381723892, "ENV_Test_proba_accuracy_strategy_107_epoch3": 0.8434860658942992, "ENV_Test_proba_accuracy_strategy_43_epoch3": 0.7772141322517357, "ENV_Test_proba_accuracy_strategy_17_epoch3": 0.7291844751078305, "ENV_Test_proba_accuracy_strategy_93_epoch3": 0.7660140672146307, "ENV_Test_proba_accuracy_per_mean_strategy_epoch3": 0.7819677516884105, "ENV_Test_proba_accuracy_per_mean_user_epoch3": 0.7791348517112318, "ENV_Test_proba_accuracy_per_mean_user_and_bot_epoch3": 0.80741333016722, "ENV_Test_accuracy_epoch3": 0.80544, "ENV_Test_accuracy_strategy_132_epoch3": 0.8509915014164305, "ENV_Test_accuracy_strategy_23_epoch3": 0.8067539182420423, "ENV_Test_accuracy_strategy_107_epoch3": 0.8768472906403941, "ENV_Test_accuracy_strategy_43_epoch3": 0.8212468193384224, "ENV_Test_accuracy_strategy_17_epoch3": 0.7686025408348457, "ENV_Test_accuracy_strategy_93_epoch3": 0.8105360443622921, "ENV_Test_accuracy_per_mean_strategy_epoch3": 0.8224963524724046, "ENV_Test_accuracy_per_mean_user_epoch3": 0.8229116839303143, "ENV_Test_accuracy_per_mean_user_and_bot_epoch3": 0.8503508022328349, "ENV_Train_TotalLoss_epoch4": 804.7838019120886, "ENV_Train_Right action_epoch4": 0.8354184430869875, "ENV_Train_Probability to choose the right action_epoch4": 0.7732288209268576, "ENV_Train_Weighted right action_epoch4": 0.8354184430869875, "ENV_Train_Weighted probability to choose the right action:_epoch4": 0.7732288209268576, "ENV_Test_TotalLoss_epoch4": 197.31324709620748, "ENV_Test_Right action_epoch4": 0.810752, "ENV_Test_Probability to choose the right action_epoch4": 0.763883488753199, "ENV_Test_Weighted right action_epoch4": 0.8570940883383132, "ENV_Test_Weighted probability to choose the right action:_epoch4": 0.806009227157346, "ENV_Test_proba_accuracy_epoch4": 0.7638834887531993, "ENV_Test_proba_accuracy_strategy_132_epoch4": 0.815777699102144, "ENV_Test_proba_accuracy_strategy_23_epoch4": 0.7615921191910824, "ENV_Test_proba_accuracy_strategy_107_epoch4": 0.8473701957907664, "ENV_Test_proba_accuracy_strategy_43_epoch4": 0.7724987660822161, "ENV_Test_proba_accuracy_strategy_17_epoch4": 0.7328258682261338, "ENV_Test_proba_accuracy_strategy_93_epoch4": 0.7593579579678642, "ENV_Test_proba_accuracy_per_mean_strategy_epoch4": 0.7815704343933678, "ENV_Test_proba_accuracy_per_mean_user_epoch4": 0.7782995886417208, "ENV_Test_proba_accuracy_per_mean_user_and_bot_epoch4": 0.8060092271573467, "ENV_Test_accuracy_epoch4": 0.810752, "ENV_Test_accuracy_strategy_132_epoch4": 0.8651558073654391, "ENV_Test_accuracy_strategy_23_epoch4": 0.8107933430279528, "ENV_Test_accuracy_strategy_107_epoch4": 0.8998357963875205, "ENV_Test_accuracy_strategy_43_epoch4": 0.8199745547073791, "ENV_Test_accuracy_strategy_17_epoch4": 0.7738203266787659, "ENV_Test_accuracy_strategy_93_epoch4": 0.8086876155268022, "ENV_Test_accuracy_per_mean_strategy_epoch4": 0.8297112406156432, "ENV_Test_accuracy_per_mean_user_epoch4": 0.8287417338902774, "ENV_Test_accuracy_per_mean_user_and_bot_epoch4": 0.8570940883383138, "ENV_Train_TotalLoss_epoch5": 783.2090846107363, "ENV_Train_Right action_epoch5": 0.8412776069331842, "ENV_Train_Probability to choose the right action_epoch5": 0.7804905585199226, "ENV_Train_Weighted right action_epoch5": 0.8412776069331842, "ENV_Train_Weighted probability to choose the right action:_epoch5": 0.7804905585199226, "ENV_Test_TotalLoss_epoch5": 220.21153074217065, "ENV_Test_Right action_epoch5": 0.810624, "ENV_Test_Probability to choose the right action_epoch5": 0.7868633799447512, "ENV_Test_Weighted right action_epoch5": 0.8573882998510227, "ENV_Test_Weighted probability to choose the right action:_epoch5": 0.8315150091524197, "ENV_Test_proba_accuracy_epoch5": 0.7868633799447511, "ENV_Test_proba_accuracy_strategy_132_epoch5": 0.8412915282422425, "ENV_Test_proba_accuracy_strategy_23_epoch5": 0.7845077493585945, "ENV_Test_proba_accuracy_strategy_107_epoch5": 0.8717106235114174, "ENV_Test_proba_accuracy_strategy_43_epoch5": 0.7987721238683417, "ENV_Test_proba_accuracy_strategy_17_epoch5": 0.7532417022441081, "ENV_Test_proba_accuracy_strategy_93_epoch5": 0.7834670347295011, "ENV_Test_proba_accuracy_per_mean_strategy_epoch5": 0.8054984603257008, "ENV_Test_proba_accuracy_per_mean_user_epoch5": 0.803265873595917, "ENV_Test_proba_accuracy_per_mean_user_and_bot_epoch5": 0.8315150091524193, "ENV_Test_accuracy_epoch5": 0.810624, "ENV_Test_accuracy_strategy_132_epoch5": 0.861756373937677, "ENV_Test_accuracy_strategy_23_epoch5": 0.811278074002262, "ENV_Test_accuracy_strategy_107_epoch5": 0.8932676518883416, "ENV_Test_accuracy_strategy_43_epoch5": 0.8250636132315522, "ENV_Test_accuracy_strategy_17_epoch5": 0.7735934664246824, "ENV_Test_accuracy_strategy_93_epoch5": 0.8068391866913124, "ENV_Test_accuracy_per_mean_strategy_epoch5": 0.8286330610293046, "ENV_Test_accuracy_per_mean_user_epoch5": 0.8280092715397155, "ENV_Test_accuracy_per_mean_user_and_bot_epoch5": 0.8573882998510236, "ENV_Train_TotalLoss_epoch6": 759.3300729859369, "ENV_Train_Right action_epoch6": 0.8452682027134654, "ENV_Train_Probability to choose the right action_epoch6": 0.7869806478171018, "ENV_Train_Weighted right action_epoch6": 0.8452682027134654, "ENV_Train_Weighted probability to choose the right action:_epoch6": 0.7869806478171018, "ENV_Test_TotalLoss_epoch6": 224.9907467669339, "ENV_Test_Right action_epoch6": 0.809984, "ENV_Test_Probability to choose the right action_epoch6": 0.7815824926867889, "ENV_Test_Weighted right action_epoch6": 0.8521422665172433, "ENV_Test_Weighted probability to choose the right action:_epoch6": 0.8253244079033892, "ENV_Test_proba_accuracy_epoch6": 0.7815824926867888, "ENV_Test_proba_accuracy_strategy_132_epoch6": 0.8364520261157996, "ENV_Test_proba_accuracy_strategy_23_epoch6": 0.7788520801823424, "ENV_Test_proba_accuracy_strategy_107_epoch6": 0.8578538409668627, "ENV_Test_proba_accuracy_strategy_43_epoch6": 0.7951194102286752, "ENV_Test_proba_accuracy_strategy_17_epoch6": 0.7479540299088586, "ENV_Test_proba_accuracy_strategy_93_epoch6": 0.7820989205375466, "ENV_Test_proba_accuracy_per_mean_strategy_epoch6": 0.7997217179900141, "ENV_Test_proba_accuracy_per_mean_user_epoch6": 0.7976407253624785, "ENV_Test_proba_accuracy_per_mean_user_and_bot_epoch6": 0.825324407903389, "ENV_Test_accuracy_epoch6": 0.809984, "ENV_Test_accuracy_strategy_132_epoch6": 0.8611898016997167, "ENV_Test_accuracy_strategy_23_epoch6": 0.8114396509936985, "ENV_Test_accuracy_strategy_107_epoch6": 0.8768472906403941, "ENV_Test_accuracy_strategy_43_epoch6": 0.821882951653944, "ENV_Test_accuracy_strategy_17_epoch6": 0.7735934664246824, "ENV_Test_accuracy_strategy_93_epoch6": 0.8114602587800369, "ENV_Test_accuracy_per_mean_strategy_epoch6": 0.8260689033654122, "ENV_Test_accuracy_per_mean_user_epoch6": 0.8268680961788483, "ENV_Test_accuracy_per_mean_user_and_bot_epoch6": 0.8521422665172429, "ENV_Train_TotalLoss_epoch7": 735.9488919124606, "ENV_Train_Right action_epoch7": 0.8519010343863573, "ENV_Train_Probability to choose the right action_epoch7": 0.7941215874821991, "ENV_Train_Weighted right action_epoch7": 0.8519010343863573, "ENV_Train_Weighted probability to choose the right action:_epoch7": 0.7941215874821991, "ENV_Test_TotalLoss_epoch7": 210.9284459720972, "ENV_Test_Right action_epoch7": 0.807744, "ENV_Test_Probability to choose the right action_epoch7": 0.775156397405943, "ENV_Test_Weighted right action_epoch7": 0.8498533805361591, "ENV_Test_Weighted probability to choose the right action:_epoch7": 0.8162955575436577, "ENV_Test_proba_accuracy_epoch7": 0.7751563974059437, "ENV_Test_proba_accuracy_strategy_132_epoch7": 0.8255842572368132, "ENV_Test_proba_accuracy_strategy_23_epoch7": 0.7749830948355418, "ENV_Test_proba_accuracy_strategy_107_epoch7": 0.8506808022765552, "ENV_Test_proba_accuracy_strategy_43_epoch7": 0.7786925801800574, "ENV_Test_proba_accuracy_strategy_17_epoch7": 0.7446877623813631, "ENV_Test_proba_accuracy_strategy_93_epoch7": 0.7703688727367893, "ENV_Test_proba_accuracy_per_mean_strategy_epoch7": 0.7908328949411868, "ENV_Test_proba_accuracy_per_mean_user_epoch7": 0.7906079648172617, "ENV_Test_proba_accuracy_per_mean_user_and_bot_epoch7": 0.816295557543658, "ENV_Test_accuracy_epoch7": 0.807744, "ENV_Test_accuracy_strategy_132_epoch7": 0.8606232294617564, "ENV_Test_accuracy_strategy_23_epoch7": 0.8067539182420423, "ENV_Test_accuracy_strategy_107_epoch7": 0.8784893267651889, "ENV_Test_accuracy_strategy_43_epoch7": 0.8206106870229007, "ENV_Test_accuracy_strategy_17_epoch7": 0.7767695099818511, "ENV_Test_accuracy_strategy_93_epoch7": 0.7948243992606284, "ENV_Test_accuracy_per_mean_strategy_epoch7": 0.8230118451223948, "ENV_Test_accuracy_per_mean_user_epoch7": 0.8260244328972617, "ENV_Test_accuracy_per_mean_user_and_bot_epoch7": 0.8498533805361598, "ENV_Train_TotalLoss_epoch8": 713.0030377541041, "ENV_Train_Right action_epoch8": 0.8568093820326805, "ENV_Train_Probability to choose the right action_epoch8": 0.8005278884769863, "ENV_Train_Weighted right action_epoch8": 0.8568093820326805, "ENV_Train_Weighted probability to choose the right action:_epoch8": 0.8005278884769863, "ENV_Test_TotalLoss_epoch8": 226.04681925808262, "ENV_Test_Right action_epoch8": 0.806976, "ENV_Test_Probability to choose the right action_epoch8": 0.7760540529452032, "ENV_Test_Weighted right action_epoch8": 0.8478912989689457, "ENV_Test_Weighted probability to choose the right action:_epoch8": 0.8193403758917602, "ENV_Test_proba_accuracy_epoch8": 0.7760540529452036, "ENV_Test_proba_accuracy_strategy_132_epoch8": 0.8238279027600622, "ENV_Test_proba_accuracy_strategy_23_epoch8": 0.7746728550051329, "ENV_Test_proba_accuracy_strategy_107_epoch8": 0.8587906516147339, "ENV_Test_proba_accuracy_strategy_43_epoch8": 0.7814577264470768, "ENV_Test_proba_accuracy_strategy_17_epoch8": 0.7447325372179778, "ENV_Test_proba_accuracy_strategy_93_epoch8": 0.7792069800420591, "ENV_Test_proba_accuracy_per_mean_strategy_epoch8": 0.7937814421811736, "ENV_Test_proba_accuracy_per_mean_user_epoch8": 0.7916097802962593, "ENV_Test_proba_accuracy_per_mean_user_and_bot_epoch8": 0.8193403758917603, "ENV_Test_accuracy_epoch8": 0.806976, "ENV_Test_accuracy_strategy_132_epoch8": 0.8509915014164305, "ENV_Test_accuracy_strategy_23_epoch8": 0.8090159961221522, "ENV_Test_accuracy_strategy_107_epoch8": 0.8883415435139573, "ENV_Test_accuracy_strategy_43_epoch8": 0.8091603053435115, "ENV_Test_accuracy_strategy_17_epoch8": 0.7738203266787659, "ENV_Test_accuracy_strategy_93_epoch8": 0.8096118299445472, "ENV_Test_accuracy_per_mean_strategy_epoch8": 0.8234902505032274, "ENV_Test_accuracy_per_mean_user_epoch8": 0.8234681791273187, "ENV_Test_accuracy_per_mean_user_and_bot_epoch8": 0.847891298968946, "ENV_Train_TotalLoss_epoch9": 696.4406850091525, "ENV_Train_Right action_epoch9": 0.8602076898349383, "ENV_Train_Probability to choose the right action_epoch9": 0.8053205240488248, "ENV_Train_Weighted right action_epoch9": 0.8602076898349383, "ENV_Train_Weighted probability to choose the right action:_epoch9": 0.8053205240488248, "ENV_Test_TotalLoss_epoch9": 208.83550416385037, "ENV_Test_Right action_epoch9": 0.80096, "ENV_Test_Probability to choose the right action_epoch9": 0.7522879231155488, "ENV_Test_Weighted right action_epoch9": 0.8453765801479691, "ENV_Test_Weighted probability to choose the right action:_epoch9": 0.7906939912877337, "ENV_Test_proba_accuracy_epoch9": 0.7522879231155487, "ENV_Test_proba_accuracy_strategy_132_epoch9": 0.798302454874686, "ENV_Test_proba_accuracy_strategy_23_epoch9": 0.7517439736841572, "ENV_Test_proba_accuracy_strategy_107_epoch9": 0.8285822531813478, "ENV_Test_proba_accuracy_strategy_43_epoch9": 0.753474346126309, "ENV_Test_proba_accuracy_strategy_17_epoch9": 0.7239223211992342, "ENV_Test_proba_accuracy_strategy_93_epoch9": 0.7512325846128984, "ENV_Test_proba_accuracy_per_mean_strategy_epoch9": 0.7678763222797721, "ENV_Test_proba_accuracy_per_mean_user_epoch9": 0.7651619263730051, "ENV_Test_proba_accuracy_per_mean_user_and_bot_epoch9": 0.790693991287734, "ENV_Test_accuracy_epoch9": 0.80096, "ENV_Test_accuracy_strategy_132_epoch9": 0.8475920679886686, "ENV_Test_accuracy_strategy_23_epoch9": 0.7986750686702213, "ENV_Test_accuracy_strategy_107_epoch9": 0.8883415435139573, "ENV_Test_accuracy_strategy_43_epoch9": 0.811704834605598, "ENV_Test_accuracy_strategy_17_epoch9": 0.7683756805807622, "ENV_Test_accuracy_strategy_93_epoch9": 0.8059149722735675, "ENV_Test_accuracy_per_mean_strategy_epoch9": 0.8201006946054625, "ENV_Test_accuracy_per_mean_user_epoch9": 0.8180872672849685, "ENV_Test_accuracy_per_mean_user_and_bot_epoch9": 0.84537658014797, "ENV_Train_TotalLoss_epoch10": 682.3271205033158, "ENV_Train_Right action_epoch10": 0.8648308638523903, "ENV_Train_Probability to choose the right action_epoch10": 0.8103186580813921, "ENV_Train_Weighted right action_epoch10": 0.8648308638523903, "ENV_Train_Weighted probability to choose the right action:_epoch10": 0.8103186580813921, "ENV_Test_TotalLoss_epoch10": 243.7974478203621, "ENV_Test_Right action_epoch10": 0.808256, "ENV_Test_Probability to choose the right action_epoch10": 0.7838070538430565, "ENV_Test_Weighted right action_epoch10": 0.8517010016848059, "ENV_Test_Weighted probability to choose the right action:_epoch10": 0.825489468335934, "ENV_Test_proba_accuracy_epoch10": 0.783807053843056, "ENV_Test_proba_accuracy_strategy_132_epoch10": 0.8355140505953376, "ENV_Test_proba_accuracy_strategy_23_epoch10": 0.7832492345073135, "ENV_Test_proba_accuracy_strategy_107_epoch10": 0.861198881919539, "ENV_Test_proba_accuracy_strategy_43_epoch10": 0.7858955958398621, "ENV_Test_proba_accuracy_strategy_17_epoch10": 0.7529303890769923, "ENV_Test_proba_accuracy_strategy_93_epoch10": 0.7818468150005298, "ENV_Test_proba_accuracy_per_mean_strategy_epoch10": 0.8001058278232623, "ENV_Test_proba_accuracy_per_mean_user_epoch10": 0.799301332559652, "ENV_Test_proba_accuracy_per_mean_user_and_bot_epoch10": 0.8254894683359337, "ENV_Test_accuracy_epoch10": 0.808256, "ENV_Test_accuracy_strategy_132_epoch10": 0.856657223796034, "ENV_Test_accuracy_strategy_23_epoch10": 0.81047018904508, "ENV_Test_accuracy_strategy_107_epoch10": 0.8998357963875205, "ENV_Test_accuracy_strategy_43_epoch10": 0.816793893129771, "ENV_Test_accuracy_strategy_17_epoch10": 0.7704174228675136, "ENV_Test_accuracy_strategy_93_epoch10": 0.8068391866913124, "ENV_Test_accuracy_per_mean_strategy_epoch10": 0.826835618652872, "ENV_Test_accuracy_per_mean_user_epoch10": 0.8255215078704032, "ENV_Test_accuracy_per_mean_user_and_bot_epoch10": 0.851701001684806, "ENV_Train_TotalLoss_epoch11": 655.9690638210509, "ENV_Train_Right action_epoch11": 0.8688286273413475, "ENV_Train_Probability to choose the right action_epoch11": 0.8180705157543597, "ENV_Train_Weighted right action_epoch11": 0.8688286273413475, "ENV_Train_Weighted probability to choose the right action:_epoch11": 0.8180705157543597, "ENV_Test_TotalLoss_epoch11": 225.63284860297244, "ENV_Test_Right action_epoch11": 0.802816, "ENV_Test_Probability to choose the right action_epoch11": 0.7674618292503732, "ENV_Test_Weighted right action_epoch11": 0.8467014963027637, "ENV_Test_Weighted probability to choose the right action:_epoch11": 0.8102513803054053, "ENV_Test_proba_accuracy_epoch11": 0.7674618292503734, "ENV_Test_proba_accuracy_strategy_132_epoch11": 0.8220129194862779, "ENV_Test_proba_accuracy_strategy_23_epoch11": 0.7648527011856335, "ENV_Test_proba_accuracy_strategy_107_epoch11": 0.8479664954649279, "ENV_Test_proba_accuracy_strategy_43_epoch11": 0.7739293390186212, "ENV_Test_proba_accuracy_strategy_17_epoch11": 0.7374678810936649, "ENV_Test_proba_accuracy_strategy_93_epoch11": 0.7608853742787713, "ENV_Test_proba_accuracy_per_mean_strategy_epoch11": 0.7845191184213162, "ENV_Test_proba_accuracy_per_mean_user_epoch11": 0.7830088917774235, "ENV_Test_proba_accuracy_per_mean_user_and_bot_epoch11": 0.8102513803054061, "ENV_Test_accuracy_epoch11": 0.802816, "ENV_Test_accuracy_strategy_132_epoch11": 0.8504249291784702, "ENV_Test_accuracy_strategy_23_epoch11": 0.8031992244304411, "ENV_Test_accuracy_strategy_107_epoch11": 0.8949096880131363, "ENV_Test_accuracy_strategy_43_epoch11": 0.8155216284987278, "ENV_Test_accuracy_strategy_17_epoch11": 0.7679219600725953, "ENV_Test_accuracy_strategy_93_epoch11": 0.7948243992606284, "ENV_Test_accuracy_per_mean_strategy_epoch11": 0.8211336382423332, "ENV_Test_accuracy_per_mean_user_epoch11": 0.8200087006003797, "ENV_Test_accuracy_per_mean_user_and_bot_epoch11": 0.8467014963027636, "ENV_Train_TotalLoss_epoch12": 634.6519433068987, "ENV_Train_Right action_epoch12": 0.8734083443986302, "ENV_Train_Probability to choose the right action_epoch12": 0.8241662546706462, "ENV_Train_Weighted right action_epoch12": 0.8734083443986302, "ENV_Train_Weighted probability to choose the right action:_epoch12": 0.8241662546706462, "ENV_Test_TotalLoss_epoch12": 254.27525941016205, "ENV_Test_Right action_epoch12": 0.801728, "ENV_Test_Probability to choose the right action_epoch12": 0.7730792410340205, "ENV_Test_Weighted right action_epoch12": 0.8455072163754852, "ENV_Test_Weighted probability to choose the right action:_epoch12": 0.8157802791115993, "ENV_Test_proba_accuracy_epoch12": 0.7730792410340206, "ENV_Test_proba_accuracy_strategy_132_epoch12": 0.8290013828693311, "ENV_Test_proba_accuracy_strategy_23_epoch12": 0.7716848169535026, "ENV_Test_proba_accuracy_strategy_107_epoch12": 0.8588364778035327, "ENV_Test_proba_accuracy_strategy_43_epoch12": 0.7783812496569505, "ENV_Test_proba_accuracy_strategy_17_epoch12": 0.7399561904008959, "ENV_Test_proba_accuracy_strategy_93_epoch12": 0.7688029034535563, "ENV_Test_proba_accuracy_per_mean_strategy_epoch12": 0.7911105035229614, "ENV_Test_proba_accuracy_per_mean_user_epoch12": 0.7876842730592291, "ENV_Test_proba_accuracy_per_mean_user_and_bot_epoch12": 0.8157802791116, "ENV_Test_accuracy_epoch12": 0.801728, "ENV_Test_accuracy_strategy_132_epoch12": 0.8555240793201133, "ENV_Test_accuracy_strategy_23_epoch12": 0.8027144934561319, "ENV_Test_accuracy_strategy_107_epoch12": 0.8866995073891626, "ENV_Test_accuracy_strategy_43_epoch12": 0.811704834605598, "ENV_Test_accuracy_strategy_17_epoch12": 0.7636116152450091, "ENV_Test_accuracy_strategy_93_epoch12": 0.8012939001848429, "ENV_Test_accuracy_per_mean_strategy_epoch12": 0.820258071700143, "ENV_Test_accuracy_per_mean_user_epoch12": 0.8187269676066535, "ENV_Test_accuracy_per_mean_user_and_bot_epoch12": 0.8455072163754868, "ENV_Train_TotalLoss_epoch13": 619.4369575014027, "ENV_Train_Right action_epoch13": 0.8775088052775759, "ENV_Train_Probability to choose the right action_epoch13": 0.8286356542502834, "ENV_Train_Weighted right action_epoch13": 0.8775088052775759, "ENV_Train_Weighted probability to choose the right action:_epoch13": 0.8286356542502834, "ENV_Test_TotalLoss_epoch13": 253.48955620467376, "ENV_Test_Right action_epoch13": 0.8032, "ENV_Test_Probability to choose the right action_epoch13": 0.7801559838189671, "ENV_Test_Weighted right action_epoch13": 0.842676205781779, "ENV_Test_Weighted probability to choose the right action:_epoch13": 0.8208075612544475, "ENV_Test_proba_accuracy_epoch13": 0.7801559838189669, "ENV_Test_proba_accuracy_strategy_132_epoch13": 0.8307072069334355, "ENV_Test_proba_accuracy_strategy_23_epoch13": 0.7824862604096069, "ENV_Test_proba_accuracy_strategy_107_epoch13": 0.8581766026534094, "ENV_Test_proba_accuracy_strategy_43_epoch13": 0.7823682527870858, "ENV_Test_proba_accuracy_strategy_17_epoch13": 0.7450802080905236, "ENV_Test_proba_accuracy_strategy_93_epoch13": 0.7801345282796069, "ENV_Test_proba_accuracy_per_mean_strategy_epoch13": 0.7964921765256112, "ENV_Test_proba_accuracy_per_mean_user_epoch13": 0.7944381043542954, "ENV_Test_proba_accuracy_per_mean_user_and_bot_epoch13": 0.8208075612544471, "ENV_Test_accuracy_epoch13": 0.8032, "ENV_Test_accuracy_strategy_132_epoch13": 0.8481586402266289, "ENV_Test_accuracy_strategy_23_epoch13": 0.8103086120536436, "ENV_Test_accuracy_strategy_107_epoch13": 0.8752052545155994, "ENV_Test_accuracy_strategy_43_epoch13": 0.8097964376590331, "ENV_Test_accuracy_strategy_17_epoch13": 0.7617967332123412, "ENV_Test_accuracy_strategy_93_epoch13": 0.8077634011090573, "ENV_Test_accuracy_per_mean_strategy_epoch13": 0.8188381797960504, "ENV_Test_accuracy_per_mean_user_epoch13": 0.8180039815795384, "ENV_Test_accuracy_per_mean_user_and_bot_epoch13": 0.8426762057817803, "ENV_Train_TotalLoss_epoch14": 608.3028537162786, "ENV_Train_Right action_epoch14": 0.8800877781505088, "ENV_Train_Probability to choose the right action_epoch14": 0.8316731640811099, "ENV_Train_Weighted right action_epoch14": 0.8800877781505088, "ENV_Train_Weighted probability to choose the right action:_epoch14": 0.8316731640811099, "ENV_Test_TotalLoss_epoch14": 265.44296561766157, "ENV_Test_Right action_epoch14": 0.79968, "ENV_Test_Probability to choose the right action_epoch14": 0.7782023892257711, "ENV_Test_Weighted right action_epoch14": 0.846254611702911, "ENV_Test_Weighted probability to choose the right action:_epoch14": 0.8241916321222377, "ENV_Test_proba_accuracy_epoch14": 0.7782023892257711, "ENV_Test_proba_accuracy_strategy_132_epoch14": 0.8349757344370562, "ENV_Test_proba_accuracy_strategy_23_epoch14": 0.7749267270406585, "ENV_Test_proba_accuracy_strategy_107_epoch14": 0.8614310912400073, "ENV_Test_proba_accuracy_strategy_43_epoch14": 0.7822908463523423, "ENV_Test_proba_accuracy_strategy_17_epoch14": 0.7464586387934857, "ENV_Test_proba_accuracy_strategy_93_epoch14": 0.7808652697633113, "ENV_Test_proba_accuracy_per_mean_strategy_epoch14": 0.7968247179378102, "ENV_Test_proba_accuracy_per_mean_user_epoch14": 0.7942956264731493, "ENV_Test_proba_accuracy_per_mean_user_and_bot_epoch14": 0.8241916321222373, "ENV_Test_accuracy_epoch14": 0.79968, "ENV_Test_accuracy_strategy_132_epoch14": 0.8526912181303116, "ENV_Test_accuracy_strategy_23_epoch14": 0.7991597996445307, "ENV_Test_accuracy_strategy_107_epoch14": 0.8850574712643678, "ENV_Test_accuracy_strategy_43_epoch14": 0.8040712468193384, "ENV_Test_accuracy_strategy_17_epoch14": 0.76497277676951, "ENV_Test_accuracy_strategy_93_epoch14": 0.8031423290203327, "ENV_Test_accuracy_per_mean_strategy_epoch14": 0.8181824736080651, "ENV_Test_accuracy_per_mean_user_epoch14": 0.8162184297649948, "ENV_Test_accuracy_per_mean_user_and_bot_epoch14": 0.8462546117029123, "ENV_Train_TotalLoss_epoch15": 590.9048661273406, "ENV_Train_Right action_epoch15": 0.8828331399656132, "ENV_Train_Probability to choose the right action_epoch15": 0.8364009158134735, "ENV_Train_Weighted right action_epoch15": 0.8828331399656132, "ENV_Train_Weighted probability to choose the right action:_epoch15": 0.8364009158134735, "ENV_Test_TotalLoss_epoch15": 291.6044914100223, "ENV_Test_Right action_epoch15": 0.806208, "ENV_Test_Probability to choose the right action_epoch15": 0.7837797356421022, "ENV_Test_Weighted right action_epoch15": 0.8513094213190999, "ENV_Test_Weighted probability to choose the right action:_epoch15": 0.8290071293780042, "ENV_Test_proba_accuracy_epoch15": 0.7837797356421016, "ENV_Test_proba_accuracy_strategy_132_epoch15": 0.8416827111664409, "ENV_Test_proba_accuracy_strategy_23_epoch15": 0.7821012239276284, "ENV_Test_proba_accuracy_strategy_107_epoch15": 0.8684606766776082, "ENV_Test_proba_accuracy_strategy_43_epoch15": 0.7869071778667912, "ENV_Test_proba_accuracy_strategy_17_epoch15": 0.7503172439220849, "ENV_Test_proba_accuracy_strategy_93_epoch15": 0.783045159333798, "ENV_Test_proba_accuracy_per_mean_strategy_epoch15": 0.8020856988157252, "ENV_Test_proba_accuracy_per_mean_user_epoch15": 0.79972329500384, "ENV_Test_proba_accuracy_per_mean_user_and_bot_epoch15": 0.8290071293780034, "ENV_Test_accuracy_epoch15": 0.806208, "ENV_Test_accuracy_strategy_132_epoch15": 0.8611898016997167, "ENV_Test_accuracy_strategy_23_epoch15": 0.8069154952334787, "ENV_Test_accuracy_strategy_107_epoch15": 0.8916256157635468, "ENV_Test_accuracy_strategy_43_epoch15": 0.8110687022900763, "ENV_Test_accuracy_strategy_17_epoch15": 0.7695099818511797, "ENV_Test_accuracy_strategy_93_epoch15": 0.8068391866913124, "ENV_Test_accuracy_per_mean_strategy_epoch15": 0.8245247972548851, "ENV_Test_accuracy_per_mean_user_epoch15": 0.8224607956466606, "ENV_Test_accuracy_per_mean_user_and_bot_epoch15": 0.8513094213191005, "ENV_Train_TotalLoss_epoch16": 574.415176432284, "ENV_Train_Right action_epoch16": 0.8874336035784177, "ENV_Train_Probability to choose the right action_epoch16": 0.8417225778814916, "ENV_Train_Weighted right action_epoch16": 0.8874336035784177, "ENV_Train_Weighted probability to choose the right action:_epoch16": 0.8417225778814916, "ENV_Test_TotalLoss_epoch16": 272.3092987596635, "ENV_Test_Right action_epoch16": 0.797696, "ENV_Test_Probability to choose the right action_epoch16": 0.7739575846170917, "ENV_Test_Weighted right action_epoch16": 0.8412926757524021, "ENV_Test_Weighted probability to choose the right action:_epoch16": 0.8193296466688098, "ENV_Test_proba_accuracy_epoch16": 0.7739575846170911, "ENV_Test_proba_accuracy_strategy_132_epoch16": 0.8333001237400169, "ENV_Test_proba_accuracy_strategy_23_epoch16": 0.7703326462891263, "ENV_Test_proba_accuracy_strategy_107_epoch16": 0.8577398228162938, "ENV_Test_proba_accuracy_strategy_43_epoch16": 0.780485459091403, "ENV_Test_proba_accuracy_strategy_17_epoch16": 0.7405912186644074, "ENV_Test_proba_accuracy_strategy_93_epoch16": 0.7771820773548969, "ENV_Test_proba_accuracy_per_mean_strategy_epoch16": 0.793271891326024, "ENV_Test_proba_accuracy_per_mean_user_epoch16": 0.7908341768268867, "ENV_Test_proba_accuracy_per_mean_user_and_bot_epoch16": 0.8193296466688116, "ENV_Test_accuracy_epoch16": 0.797696, "ENV_Test_accuracy_strategy_132_epoch16": 0.8589235127478754, "ENV_Test_accuracy_strategy_23_epoch16": 0.7944740668928745, "ENV_Test_accuracy_strategy_107_epoch16": 0.8735632183908046, "ENV_Test_accuracy_strategy_43_epoch16": 0.7989821882951654, "ENV_Test_accuracy_strategy_17_epoch16": 0.7647459165154264, "ENV_Test_accuracy_strategy_93_epoch16": 0.8059149722735675, "ENV_Test_accuracy_per_mean_strategy_epoch16": 0.816100645852619, "ENV_Test_accuracy_per_mean_user_epoch16": 0.8146261600963036, "ENV_Test_accuracy_per_mean_user_and_bot_epoch16": 0.8412926757524023, "ENV_Train_TotalLoss_epoch17": 557.6145117220738, "ENV_Train_Right action_epoch17": 0.8900909967710823, "ENV_Train_Probability to choose the right action_epoch17": 0.8464721338617883, "ENV_Train_Weighted right action_epoch17": 0.8900909967710823, "ENV_Train_Weighted probability to choose the right action:_epoch17": 0.8464721338617883, "ENV_Test_TotalLoss_epoch17": 338.5903625858916, "ENV_Test_Right action_epoch17": 0.799232, "ENV_Test_Probability to choose the right action_epoch17": 0.7841427464413449, "ENV_Test_Weighted right action_epoch17": 0.8457372911272807, "ENV_Test_Weighted probability to choose the right action:_epoch17": 0.8323416751063957, "ENV_Test_proba_accuracy_epoch17": 0.7841427464413457, "ENV_Test_proba_accuracy_strategy_132_epoch17": 0.8392098920980339, "ENV_Test_proba_accuracy_strategy_23_epoch17": 0.7797728957197192, "ENV_Test_proba_accuracy_strategy_107_epoch17": 0.8678050411950725, "ENV_Test_proba_accuracy_strategy_43_epoch17": 0.7901019519906646, "ENV_Test_proba_accuracy_strategy_17_epoch17": 0.7523078152294824, "ENV_Test_proba_accuracy_strategy_93_epoch17": 0.7932570368160563, "ENV_Test_proba_accuracy_per_mean_strategy_epoch17": 0.803742438841505, "ENV_Test_proba_accuracy_per_mean_user_epoch17": 0.8014383249355361, "ENV_Test_proba_accuracy_per_mean_user_and_bot_epoch17": 0.832341675106396, "ENV_Test_accuracy_epoch17": 0.799232, "ENV_Test_accuracy_strategy_132_epoch17": 0.8492917847025496, "ENV_Test_accuracy_strategy_23_epoch17": 0.7980287607044757, "ENV_Test_accuracy_strategy_107_epoch17": 0.8883415435139573, "ENV_Test_accuracy_strategy_43_epoch17": 0.8053435114503816, "ENV_Test_accuracy_strategy_17_epoch17": 0.7636116152450091, "ENV_Test_accuracy_strategy_93_epoch17": 0.8105360443622921, "ENV_Test_accuracy_per_mean_strategy_epoch17": 0.819192209996444, "ENV_Test_accuracy_per_mean_user_epoch17": 0.815250024723132, "ENV_Test_accuracy_per_mean_user_and_bot_epoch17": 0.8457372911272815, "ENV_Train_TotalLoss_epoch18": 535.9301453676949, "ENV_Train_Right action_epoch18": 0.8961821180021801, "ENV_Train_Probability to choose the right action_epoch18": 0.8525667377645397, "ENV_Train_Weighted right action_epoch18": 0.8961821180021801, "ENV_Train_Weighted probability to choose the right action:_epoch18": 0.8525667377645397, "ENV_Test_TotalLoss_epoch18": 353.46037484842185, "ENV_Test_Right action_epoch18": 0.799488, "ENV_Test_Probability to choose the right action_epoch18": 0.7862191617260204, "ENV_Test_Weighted right action_epoch18": 0.8410217020367897, "ENV_Test_Weighted probability to choose the right action:_epoch18": 0.8314540010346904, "ENV_Test_proba_accuracy_epoch18": 0.7862191617260202, "ENV_Test_proba_accuracy_strategy_132_epoch18": 0.8462215326977192, "ENV_Test_proba_accuracy_strategy_23_epoch18": 0.7839753518944442, "ENV_Test_proba_accuracy_strategy_107_epoch18": 0.8643865852559065, "ENV_Test_proba_accuracy_strategy_43_epoch18": 0.7871084783467114, "ENV_Test_proba_accuracy_strategy_17_epoch18": 0.7538504564709293, "ENV_Test_proba_accuracy_strategy_93_epoch18": 0.7877552434169536, "ENV_Test_proba_accuracy_per_mean_strategy_epoch18": 0.8038829413471108, "ENV_Test_proba_accuracy_per_mean_user_epoch18": 0.8038673306753377, "ENV_Test_proba_accuracy_per_mean_user_and_bot_epoch18": 0.8314540010346897, "ENV_Test_accuracy_epoch18": 0.799488, "ENV_Test_accuracy_strategy_132_epoch18": 0.854957507082153, "ENV_Test_accuracy_strategy_23_epoch18": 0.8010987235417677, "ENV_Test_accuracy_strategy_107_epoch18": 0.8637110016420362, "ENV_Test_accuracy_strategy_43_epoch18": 0.7938931297709924, "ENV_Test_accuracy_strategy_17_epoch18": 0.7679219600725953, "ENV_Test_accuracy_strategy_93_epoch18": 0.800369685767098, "ENV_Test_accuracy_per_mean_strategy_epoch18": 0.8136586679794404, "ENV_Test_accuracy_per_mean_user_epoch18": 0.8170523714454495, "ENV_Test_accuracy_per_mean_user_and_bot_epoch18": 0.84102170203679, "ENV_Train_TotalLoss_epoch19": 532.4863165521548, "ENV_Train_Right action_epoch19": 0.8984204640760414, "ENV_Train_Probability to choose the right action_epoch19": 0.8548513326872893, "ENV_Train_Weighted right action_epoch19": 0.8984204640760414, "ENV_Train_Weighted probability to choose the right action:_epoch19": 0.8548513326872893, "ENV_Test_TotalLoss_epoch19": 300.6746975816905, "ENV_Test_Right action_epoch19": 0.794048, "ENV_Test_Probability to choose the right action_epoch19": 0.7758202085307179, "ENV_Test_Weighted right action_epoch19": 0.8417089606507728, "ENV_Test_Weighted probability to choose the right action:_epoch19": 0.8179689403646402, "ENV_Test_proba_accuracy_epoch19": 0.7758202085307183, "ENV_Test_proba_accuracy_strategy_132_epoch19": 0.8287308590563252, "ENV_Test_proba_accuracy_strategy_23_epoch19": 0.7743639406018535, "ENV_Test_proba_accuracy_strategy_107_epoch19": 0.8461390496780076, "ENV_Test_proba_accuracy_strategy_43_epoch19": 0.7845249628731045, "ENV_Test_proba_accuracy_strategy_17_epoch19": 0.7447654730092601, "ENV_Test_proba_accuracy_strategy_93_epoch19": 0.7721296079093731, "ENV_Test_proba_accuracy_per_mean_strategy_epoch19": 0.791775648854654, "ENV_Test_proba_accuracy_per_mean_user_epoch19": 0.7916693333025465, "ENV_Test_proba_accuracy_per_mean_user_and_bot_epoch19": 0.8179689403646405, "ENV_Test_accuracy_epoch19": 0.794048, "ENV_Test_accuracy_strategy_132_epoch19": 0.8475920679886686, "ENV_Test_accuracy_strategy_23_epoch19": 0.7931814509613831, "ENV_Test_accuracy_strategy_107_epoch19": 0.8719211822660099, "ENV_Test_accuracy_strategy_43_epoch19": 0.8085241730279898, "ENV_Test_accuracy_strategy_17_epoch19": 0.757940108892922, "ENV_Test_accuracy_strategy_93_epoch19": 0.7939001848428835, "ENV_Test_accuracy_per_mean_strategy_epoch19": 0.8121765279966429, "ENV_Test_accuracy_per_mean_user_epoch19": 0.8113636913466837, "ENV_Test_accuracy_per_mean_user_and_bot_epoch19": 0.8417089606507737, "ENV_Train_TotalLoss_epoch20": 518.4031473884826, "ENV_Train_Right action_epoch20": 0.900125803746156, "ENV_Train_Probability to choose the right action_epoch20": 0.8582188715932215, "ENV_Train_Weighted right action_epoch20": 0.900125803746156, "ENV_Train_Weighted probability to choose the right action:_epoch20": 0.8582188715932215, "ENV_Test_TotalLoss_epoch20": 325.81139058393484, "ENV_Test_Right action_epoch20": 0.795072, "ENV_Test_Probability to choose the right action_epoch20": 0.7788544833515085, "ENV_Test_Weighted right action_epoch20": 0.8421100412419702, "ENV_Test_Weighted probability to choose the right action:_epoch20": 0.8247862002963261, "ENV_Test_proba_accuracy_epoch20": 0.7788544833515074, "ENV_Test_proba_accuracy_strategy_132_epoch20": 0.8332646635161463, "ENV_Test_proba_accuracy_strategy_23_epoch20": 0.7776202849376752, "ENV_Test_proba_accuracy_strategy_107_epoch20": 0.8592799992520276, "ENV_Test_proba_accuracy_strategy_43_epoch20": 0.7843123184439373, "ENV_Test_proba_accuracy_strategy_17_epoch20": 0.7435087603775725, "ENV_Test_proba_accuracy_strategy_93_epoch20": 0.7879576043431978, "ENV_Test_proba_accuracy_per_mean_strategy_epoch20": 0.7976572718117595, "ENV_Test_proba_accuracy_per_mean_user_epoch20": 0.7955298377115045, "ENV_Test_proba_accuracy_per_mean_user_and_bot_epoch20": 0.8247862002963264, "ENV_Test_accuracy_epoch20": 0.795072, "ENV_Test_accuracy_strategy_132_epoch20": 0.8464589235127479, "ENV_Test_accuracy_strategy_23_epoch20": 0.7968977217644208, "ENV_Test_accuracy_strategy_107_epoch20": 0.8801313628899836, "ENV_Test_accuracy_strategy_43_epoch20": 0.7951653944020356, "ENV_Test_accuracy_strategy_17_epoch20": 0.7561252268602541, "ENV_Test_accuracy_strategy_93_epoch20": 0.8114602587800369, "ENV_Test_accuracy_per_mean_strategy_epoch20": 0.8143731480349131, "ENV_Test_accuracy_per_mean_user_epoch20": 0.8125128577173792, "ENV_Test_accuracy_per_mean_user_and_bot_epoch20": 0.8421100412419708, "ENV_Train_TotalLoss_epoch21": 504.54306687597256, "ENV_Train_Right action_epoch21": 0.9022614189075865, "ENV_Train_Probability to choose the right action_epoch21": 0.8624251296275128, "ENV_Train_Weighted right action_epoch21": 0.9022614189075865, "ENV_Train_Weighted probability to choose the right action:_epoch21": 0.8624251296275128, "ENV_Test_TotalLoss_epoch21": 305.0662900599227, "ENV_Test_Right action_epoch21": 0.792256, "ENV_Test_Probability to choose the right action_epoch21": 0.7772574315970796, "ENV_Test_Weighted right action_epoch21": 0.8360861837537212, "ENV_Test_Weighted probability to choose the right action:_epoch21": 0.8201393560522721, "ENV_Test_proba_accuracy_epoch21": 0.7772574315970794, "ENV_Test_proba_accuracy_strategy_132_epoch21": 0.8318289269215474, "ENV_Test_proba_accuracy_strategy_23_epoch21": 0.7765580049234492, "ENV_Test_proba_accuracy_strategy_107_epoch21": 0.8520623357070733, "ENV_Test_proba_accuracy_strategy_43_epoch21": 0.7805176893393918, "ENV_Test_proba_accuracy_strategy_17_epoch21": 0.7449971592899477, "ENV_Test_proba_accuracy_strategy_93_epoch21": 0.7768249278922259, "ENV_Test_proba_accuracy_per_mean_strategy_epoch21": 0.7937981740122724, "ENV_Test_proba_accuracy_per_mean_user_epoch21": 0.7930742388129252, "ENV_Test_proba_accuracy_per_mean_user_and_bot_epoch21": 0.8201393560522723, "ENV_Test_accuracy_epoch21": 0.792256, "ENV_Test_accuracy_strategy_132_epoch21": 0.8447592067988668, "ENV_Test_accuracy_strategy_23_epoch21": 0.7939893359185652, "ENV_Test_accuracy_strategy_107_epoch21": 0.8604269293924466, "ENV_Test_accuracy_strategy_43_epoch21": 0.7958015267175572, "ENV_Test_accuracy_strategy_17_epoch21": 0.7577132486388385, "ENV_Test_accuracy_strategy_93_epoch21": 0.7939001848428835, "ENV_Test_accuracy_per_mean_strategy_epoch21": 0.8077650720515264, "ENV_Test_accuracy_per_mean_user_epoch21": 0.8085582027870869, "ENV_Test_accuracy_per_mean_user_and_bot_epoch21": 0.8360861837537216, "ENV_Train_TotalLoss_epoch22": 477.5992080588013, "ENV_Train_Right action_epoch22": 0.9078697232317584, "ENV_Train_Probability to choose the right action_epoch22": 0.8688790415883404, "ENV_Train_Weighted right action_epoch22": 0.9078697232317584, "ENV_Train_Weighted probability to choose the right action:_epoch22": 0.8688790415883404, "ENV_Test_TotalLoss_epoch22": 327.2740614122095, "ENV_Test_Right action_epoch22": 0.797504, "ENV_Test_Probability to choose the right action_epoch22": 0.7817880616182468, "ENV_Test_Weighted right action_epoch22": 0.8444353231459253, "ENV_Test_Weighted probability to choose the right action:_epoch22": 0.829393643080131, "ENV_Test_proba_accuracy_epoch22": 0.7817880616182464, "ENV_Test_proba_accuracy_strategy_132_epoch22": 0.8442041676271737, "ENV_Test_proba_accuracy_strategy_23_epoch22": 0.7785154579990894, "ENV_Test_proba_accuracy_strategy_107_epoch22": 0.8657728573991263, "ENV_Test_proba_accuracy_strategy_43_epoch22": 0.7871030650311602, "ENV_Test_proba_accuracy_strategy_17_epoch22": 0.7476327457654411, "ENV_Test_proba_accuracy_strategy_93_epoch22": 0.7828457538333268, "ENV_Test_proba_accuracy_per_mean_strategy_epoch22": 0.8010123412758863, "ENV_Test_proba_accuracy_per_mean_user_epoch22": 0.7993322712414651, "ENV_Test_proba_accuracy_per_mean_user_and_bot_epoch22": 0.8293936430801295, "ENV_Test_accuracy_epoch22": 0.797504, "ENV_Test_accuracy_strategy_132_epoch22": 0.8589235127478754, "ENV_Test_accuracy_strategy_23_epoch22": 0.7965745677815479, "ENV_Test_accuracy_strategy_107_epoch22": 0.8883415435139573, "ENV_Test_accuracy_strategy_43_epoch22": 0.8008905852417303, "ENV_Test_accuracy_strategy_17_epoch22": 0.7602087114337568, "ENV_Test_accuracy_strategy_93_epoch22": 0.7985212569316081, "ENV_Test_accuracy_per_mean_strategy_epoch22": 0.8172433629417459, "ENV_Test_accuracy_per_mean_user_epoch22": 0.8153899561262005, "ENV_Test_accuracy_per_mean_user_and_bot_epoch22": 0.8444353231459258, "ENV_Train_TotalLoss_epoch23": 468.99846920690163, "ENV_Train_Right action_epoch23": 0.909580118528458, "ENV_Train_Probability to choose the right action_epoch23": 0.872671170939241, "ENV_Train_Weighted right action_epoch23": 0.909580118528458, "ENV_Train_Weighted probability to choose the right action:_epoch23": 0.872671170939241, "ENV_Test_TotalLoss_epoch23": 335.0539881254296, "ENV_Test_Right action_epoch23": 0.793024, "ENV_Test_Probability to choose the right action_epoch23": 0.7794771695244348, "ENV_Test_Weighted right action_epoch23": 0.8370053810661341, "ENV_Test_Weighted probability to choose the right action:_epoch23": 0.8231282227165375, "ENV_Test_proba_accuracy_epoch23": 0.7794771695244344, "ENV_Test_proba_accuracy_strategy_132_epoch23": 0.8416179239143304, "ENV_Test_proba_accuracy_strategy_23_epoch23": 0.7760133092535526, "ENV_Test_proba_accuracy_strategy_107_epoch23": 0.8521836612498005, "ENV_Test_proba_accuracy_strategy_43_epoch23": 0.7880511905724555, "ENV_Test_proba_accuracy_strategy_17_epoch23": 0.7467937208021108, "ENV_Test_proba_accuracy_strategy_93_epoch23": 0.7776947546797823, "ENV_Test_proba_accuracy_per_mean_strategy_epoch23": 0.7970590934120053, "ENV_Test_proba_accuracy_per_mean_user_epoch23": 0.7963681496106518, "ENV_Test_proba_accuracy_per_mean_user_and_bot_epoch23": 0.8231282227165393, "ENV_Test_accuracy_epoch23": 0.793024, "ENV_Test_accuracy_strategy_132_epoch23": 0.854957507082153, "ENV_Test_accuracy_strategy_23_epoch23": 0.7918888350298917, "ENV_Test_accuracy_strategy_107_epoch23": 0.8555008210180624, "ENV_Test_accuracy_strategy_43_epoch23": 0.8053435114503816, "ENV_Test_accuracy_strategy_17_epoch23": 0.7558983666061706, "ENV_Test_accuracy_strategy_93_epoch23": 0.7966728280961183, "ENV_Test_accuracy_per_mean_strategy_epoch23": 0.810043644880463, "ENV_Test_accuracy_per_mean_user_epoch23": 0.8105350786106248, "ENV_Test_accuracy_per_mean_user_and_bot_epoch23": 0.8370053810661341, "ENV_Train_TotalLoss_epoch24": 498.71992354906547, "ENV_Train_Right action_epoch24": 0.9067222074672556, "ENV_Train_Probability to choose the right action_epoch24": 0.8655082622487564, "ENV_Train_Weighted right action_epoch24": 0.9067222074672556, "ENV_Train_Weighted probability to choose the right action:_epoch24": 0.8655082622487564, "ENV_Test_TotalLoss_epoch24": 361.90560881743556, "ENV_Test_Right action_epoch24": 0.792192, "ENV_Test_Probability to choose the right action_epoch24": 0.7780231645417611, "ENV_Test_Weighted right action_epoch24": 0.8398366820887332, "ENV_Test_Weighted probability to choose the right action:_epoch24": 0.8220384371865758, "ENV_Test_proba_accuracy_epoch24": 0.7780231645417618, "ENV_Test_proba_accuracy_strategy_132_epoch24": 0.8379318239432677, "ENV_Test_proba_accuracy_strategy_23_epoch24": 0.7738048664979822, "ENV_Test_proba_accuracy_strategy_107_epoch24": 0.8499664044094165, "ENV_Test_proba_accuracy_strategy_43_epoch24": 0.7806952687261848, "ENV_Test_proba_accuracy_strategy_17_epoch24": 0.7497896778437895, "ENV_Test_proba_accuracy_strategy_93_epoch24": 0.7750726019323722, "ENV_Test_proba_accuracy_per_mean_strategy_epoch24": 0.7945434405588355, "ENV_Test_proba_accuracy_per_mean_user_epoch24": 0.79406182421122, "ENV_Test_proba_accuracy_per_mean_user_and_bot_epoch24": 0.8220384371865762, "ENV_Test_accuracy_epoch24": 0.792192, "ENV_Test_accuracy_strategy_132_epoch24": 0.8543909348441926, "ENV_Test_accuracy_strategy_23_epoch24": 0.7875262562611084, "ENV_Test_accuracy_strategy_107_epoch24": 0.8752052545155994, "ENV_Test_accuracy_strategy_43_epoch24": 0.7964376590330788, "ENV_Test_accuracy_strategy_17_epoch24": 0.7615698729582577, "ENV_Test_accuracy_strategy_93_epoch24": 0.789279112754159, "ENV_Test_accuracy_per_mean_strategy_epoch24": 0.8107348483943994, "ENV_Test_accuracy_per_mean_user_epoch24": 0.8098448971593524, "ENV_Test_accuracy_per_mean_user_and_bot_epoch24": 0.8398366820887341, "_wandb": {"runtime": 2402}}