{"ENV_Train_TotalLoss": 394.75749287184345, "ENV_Train_TotalLoss_epoch0": 936.2908243847603, "ENV_Train_Right action": 0.9257058987978753, "ENV_Train_Right action_epoch0": 0.8084755475421751, "ENV_Train_Probability to choose the right action": 0.8920557358720926, "ENV_Train_Probability to choose the right action_epoch0": 0.7325174212483175, "ENV_Train_Weighted right action": 0.9257058987978753, "ENV_Train_Weighted right action_epoch0": 0.8084755475421751, "ENV_Train_Weighted probability to choose the right action:": 0.8920557358720926, "ENV_Train_Weighted probability to choose the right action:_epoch0": 0.7325174212483175, "_timestamp": 1720433747.523926, "_runtime": 2612.940556049347, "_step": 49, "ENV_Test_TotalLoss": 409.3833679758258, "ENV_Test_TotalLoss_epoch0": 194.26123048482006, "ENV_Test_Right action": 0.835392, "ENV_Test_Right action_epoch0": 0.823808, "ENV_Test_Probability to choose the right action": 0.8234626173469742, "ENV_Test_Probability to choose the right action_epoch0": 0.7708046830577903, "ENV_Test_Weighted right action": 0.8610884866240597, "ENV_Test_Weighted right action_epoch0": 0.8548902216315301, "ENV_Test_Weighted probability to choose the right action:": 0.848782690764203, "ENV_Test_Weighted probability to choose the right action:_epoch0": 0.8047637441715692, "ENV_Test_proba_accuracy": 0.8234626173469746, "ENV_Test_proba_accuracy_epoch0": 0.7708046830577916, "ENV_Test_proba_accuracy_strategy_132": 0.8612062832237887, "ENV_Test_proba_accuracy_strategy_132_epoch0": 0.8145391630375096, "ENV_Test_proba_accuracy_strategy_23": 0.8327512910882732, "ENV_Test_proba_accuracy_strategy_23_epoch0": 0.7751209367592209, "ENV_Test_proba_accuracy_strategy_107": 0.8870850249884642, "ENV_Test_proba_accuracy_strategy_107_epoch0": 0.840963172918816, "ENV_Test_proba_accuracy_strategy_43": 0.8077017212665156, "ENV_Test_proba_accuracy_strategy_43_epoch0": 0.7651991779058418, "ENV_Test_proba_accuracy_strategy_17": 0.7941337636273603, "ENV_Test_proba_accuracy_strategy_17_epoch0": 0.7390059979166667, "ENV_Test_proba_accuracy_strategy_93": 0.8153355355756263, "ENV_Test_proba_accuracy_strategy_93_epoch0": 0.7729759275617033, "ENV_Test_proba_accuracy_per_mean_strategy": 0.8330356032950047, "ENV_Test_proba_accuracy_per_mean_strategy_epoch0": 0.7846340626832929, "ENV_Test_proba_accuracy_per_mean_user": 0.8298248399141176, "ENV_Test_proba_accuracy_per_mean_user_epoch0": 0.7821998028278754, "ENV_Test_proba_accuracy_per_mean_user_and_bot": 0.8487826907642039, "ENV_Test_proba_accuracy_per_mean_user_and_bot_epoch0": 0.80476374417157, "ENV_Test_accuracy": 0.835392, "ENV_Test_accuracy_epoch0": 0.823808, "ENV_Test_accuracy_strategy_132": 0.8685552407932011, "ENV_Test_accuracy_strategy_132_epoch0": 0.8577903682719547, "ENV_Test_accuracy_strategy_23": 0.8458555501696559, "ENV_Test_accuracy_strategy_23_epoch0": 0.8363225076749071, "ENV_Test_accuracy_strategy_107": 0.896551724137931, "ENV_Test_accuracy_strategy_107_epoch0": 0.8883415435139573, "ENV_Test_accuracy_strategy_43": 0.8199745547073791, "ENV_Test_accuracy_strategy_43_epoch0": 0.8078880407124682, "ENV_Test_accuracy_strategy_17": 0.8060344827586207, "ENV_Test_accuracy_strategy_17_epoch0": 0.7881125226860254, "ENV_Test_accuracy_strategy_93": 0.8290203327171903, "ENV_Test_accuracy_strategy_93_epoch0": 0.8290203327171903, "ENV_Test_accuracy_per_mean_strategy": 0.844331980880663, "ENV_Test_accuracy_per_mean_strategy_epoch0": 0.8345792192627505, "ENV_Test_accuracy_per_mean_user": 0.8414417953430608, "ENV_Test_accuracy_per_mean_user_epoch0": 0.8355609389693118, "ENV_Test_accuracy_per_mean_user_and_bot": 0.8610884866240589, "ENV_Test_accuracy_per_mean_user_and_bot_epoch0": 0.8548902216315304, "ENV_Train_TotalLoss_epoch1": 840.419135800264, "ENV_Train_Right action_epoch1": 0.829788126118068, "ENV_Train_Probability to choose the right action_epoch1": 0.7610813919478838, "ENV_Train_Weighted right action_epoch1": 0.829788126118068, "ENV_Train_Weighted probability to choose the right action:_epoch1": 0.7610813919478838, "ENV_Test_TotalLoss_epoch1": 182.4664363616074, "ENV_Test_Right action_epoch1": 0.838912, "ENV_Test_Probability to choose the right action_epoch1": 0.7685686283828183, "ENV_Test_Weighted right action_epoch1": 0.8603311723858074, "ENV_Test_Weighted probability to choose the right action:_epoch1": 0.7963418059555755, "ENV_Test_proba_accuracy_epoch1": 0.7685686283828186, "ENV_Test_proba_accuracy_strategy_132_epoch1": 0.808890333303608, "ENV_Test_proba_accuracy_strategy_23_epoch1": 0.7742073777474366, "ENV_Test_proba_accuracy_strategy_107_epoch1": 0.8320315174246666, "ENV_Test_proba_accuracy_strategy_43_epoch1": 0.7626411251905526, "ENV_Test_proba_accuracy_strategy_17_epoch1": 0.7382039774213346, "ENV_Test_proba_accuracy_strategy_93_epoch1": 0.7671365470770554, "ENV_Test_proba_accuracy_per_mean_strategy_epoch1": 0.7805184796941091, "ENV_Test_proba_accuracy_per_mean_user_epoch1": 0.7772772336720616, "ENV_Test_proba_accuracy_per_mean_user_and_bot_epoch1": 0.7963418059555764, "ENV_Test_accuracy_epoch1": 0.838912, "ENV_Test_accuracy_strategy_132_epoch1": 0.8691218130311614, "ENV_Test_accuracy_strategy_23_epoch1": 0.8521570528356762, "ENV_Test_accuracy_strategy_107_epoch1": 0.8949096880131363, "ENV_Test_accuracy_strategy_43_epoch1": 0.8333333333333334, "ENV_Test_accuracy_strategy_17_epoch1": 0.8001361161524501, "ENV_Test_accuracy_strategy_93_epoch1": 0.8484288354898336, "ENV_Test_accuracy_per_mean_strategy_epoch1": 0.8496811398092651, "ENV_Test_accuracy_per_mean_user_epoch1": 0.8463751908851351, "ENV_Test_accuracy_per_mean_user_and_bot_epoch1": 0.8603311723858067, "ENV_Train_TotalLoss_epoch2": 804.5493090978359, "ENV_Train_Right action_epoch2": 0.8385239027117697, "ENV_Train_Probability to choose the right action_epoch2": 0.7720363568985658, "ENV_Train_Weighted right action_epoch2": 0.8385239027117697, "ENV_Train_Weighted probability to choose the right action:_epoch2": 0.7720363568985658, "ENV_Test_TotalLoss_epoch2": 188.86130168787386, "ENV_Test_Right action_epoch2": 0.83936, "ENV_Test_Probability to choose the right action_epoch2": 0.797849320808958, "ENV_Test_Weighted right action_epoch2": 0.8594576622652983, "ENV_Test_Weighted probability to choose the right action:_epoch2": 0.81903899530778, "ENV_Test_proba_accuracy_epoch2": 0.7978493208089578, "ENV_Test_proba_accuracy_strategy_132_epoch2": 0.8319589159402627, "ENV_Test_proba_accuracy_strategy_23_epoch2": 0.80841931720941, "ENV_Test_proba_accuracy_strategy_107_epoch2": 0.856615541940963, "ENV_Test_proba_accuracy_strategy_43_epoch2": 0.7808227006495309, "ENV_Test_proba_accuracy_strategy_17_epoch2": 0.7676225500418051, "ENV_Test_proba_accuracy_strategy_93_epoch2": 0.7965514286034916, "ENV_Test_proba_accuracy_per_mean_strategy_epoch2": 0.8069984090642438, "ENV_Test_proba_accuracy_per_mean_user_epoch2": 0.8042824762770673, "ENV_Test_proba_accuracy_per_mean_user_and_bot_epoch2": 0.8190389953077802, "ENV_Test_accuracy_epoch2": 0.83936, "ENV_Test_accuracy_strategy_132_epoch2": 0.8691218130311614, "ENV_Test_accuracy_strategy_23_epoch2": 0.8534496687671675, "ENV_Test_accuracy_strategy_107_epoch2": 0.8916256157635468, "ENV_Test_accuracy_strategy_43_epoch2": 0.8136132315521628, "ENV_Test_accuracy_strategy_17_epoch2": 0.8098911070780399, "ENV_Test_accuracy_strategy_93_epoch2": 0.8382624768946395, "ENV_Test_accuracy_per_mean_strategy_epoch2": 0.845993985514453, "ENV_Test_accuracy_per_mean_user_epoch2": 0.8454186416385062, "ENV_Test_accuracy_per_mean_user_and_bot_epoch2": 0.8594576622652974, "ENV_Train_TotalLoss_epoch3": 779.4674231577776, "ENV_Train_Right action_epoch3": 0.8432764886776628, "ENV_Train_Probability to choose the right action_epoch3": 0.779319125541424, "ENV_Train_Weighted right action_epoch3": 0.8432764886776628, "ENV_Train_Weighted probability to choose the right action:_epoch3": 0.779319125541424, "ENV_Test_TotalLoss_epoch3": 170.8454268852528, "ENV_Test_Right action_epoch3": 0.849536, "ENV_Test_Probability to choose the right action_epoch3": 0.7982967102111748, "ENV_Test_Weighted right action_epoch3": 0.8736672055444415, "ENV_Test_Weighted probability to choose the right action:_epoch3": 0.8233035233805395, "ENV_Test_proba_accuracy_epoch3": 0.798296710211175, "ENV_Test_proba_accuracy_strategy_132_epoch3": 0.8344649064618835, "ENV_Test_proba_accuracy_strategy_23_epoch3": 0.8064708102659833, "ENV_Test_proba_accuracy_strategy_107_epoch3": 0.8527398755948996, "ENV_Test_proba_accuracy_strategy_43_epoch3": 0.7849589802794914, "ENV_Test_proba_accuracy_strategy_17_epoch3": 0.770232127111349, "ENV_Test_proba_accuracy_strategy_93_epoch3": 0.7956103279711024, "ENV_Test_proba_accuracy_per_mean_strategy_epoch3": 0.8074128379474516, "ENV_Test_proba_accuracy_per_mean_user_epoch3": 0.8065100306719073, "ENV_Test_proba_accuracy_per_mean_user_and_bot_epoch3": 0.8233035233805398, "ENV_Test_accuracy_epoch3": 0.849536, "ENV_Test_accuracy_strategy_132_epoch3": 0.8798866855524079, "ENV_Test_accuracy_strategy_23_epoch3": 0.8600743254160608, "ENV_Test_accuracy_strategy_107_epoch3": 0.9080459770114943, "ENV_Test_accuracy_strategy_43_epoch3": 0.8352417302798982, "ENV_Test_accuracy_strategy_17_epoch3": 0.8191923774954628, "ENV_Test_accuracy_strategy_93_epoch3": 0.8512014787430684, "ENV_Test_accuracy_per_mean_strategy_epoch3": 0.8589404290830652, "ENV_Test_accuracy_per_mean_user_epoch3": 0.8566574933544772, "ENV_Test_accuracy_per_mean_user_and_bot_epoch3": 0.8736672055444414, "ENV_Train_TotalLoss_epoch4": 753.5980504440208, "ENV_Train_Right action_epoch4": 0.8479342539274334, "ENV_Train_Probability to choose the right action_epoch4": 0.7873149720331816, "ENV_Train_Weighted right action_epoch4": 0.8479342539274334, "ENV_Train_Weighted probability to choose the right action:_epoch4": 0.7873149720331816, "ENV_Test_TotalLoss_epoch4": 182.15573235535288, "ENV_Test_Right action_epoch4": 0.84128, "ENV_Test_Probability to choose the right action_epoch4": 0.7987610178806988, "ENV_Test_Weighted right action_epoch4": 0.8636330587719178, "ENV_Test_Weighted probability to choose the right action:_epoch4": 0.8259368126567449, "ENV_Test_proba_accuracy_epoch4": 0.7987610178806988, "ENV_Test_proba_accuracy_strategy_132_epoch4": 0.8332018523700903, "ENV_Test_proba_accuracy_strategy_23_epoch4": 0.8070981883612741, "ENV_Test_proba_accuracy_strategy_107_epoch4": 0.8590012447358043, "ENV_Test_proba_accuracy_strategy_43_epoch4": 0.7885405195595636, "ENV_Test_proba_accuracy_strategy_17_epoch4": 0.7709636442692844, "ENV_Test_proba_accuracy_strategy_93_epoch4": 0.7890792499575228, "ENV_Test_proba_accuracy_per_mean_strategy_epoch4": 0.8079807832089232, "ENV_Test_proba_accuracy_per_mean_user_epoch4": 0.8067294819243447, "ENV_Test_proba_accuracy_per_mean_user_and_bot_epoch4": 0.8259368126567447, "ENV_Test_accuracy_epoch4": 0.84128, "ENV_Test_accuracy_strategy_132_epoch4": 0.8662889518413598, "ENV_Test_accuracy_strategy_23_epoch4": 0.8529649377928583, "ENV_Test_accuracy_strategy_107_epoch4": 0.8998357963875205, "ENV_Test_accuracy_strategy_43_epoch4": 0.8288804071246819, "ENV_Test_accuracy_strategy_17_epoch4": 0.8126134301270418, "ENV_Test_accuracy_strategy_93_epoch4": 0.8354898336414048, "ENV_Test_accuracy_per_mean_strategy_epoch4": 0.8493455594858111, "ENV_Test_accuracy_per_mean_user_epoch4": 0.8473391892035766, "ENV_Test_accuracy_per_mean_user_and_bot_epoch4": 0.8636330587719178, "ENV_Train_TotalLoss_epoch5": 731.4828069881185, "ENV_Train_Right action_epoch5": 0.8522354059228824, "ENV_Train_Probability to choose the right action_epoch5": 0.7935985846152256, "ENV_Train_Weighted right action_epoch5": 0.8522354059228824, "ENV_Train_Weighted probability to choose the right action:_epoch5": 0.7935985846152256, "ENV_Test_TotalLoss_epoch5": 171.87012329161647, "ENV_Test_Right action_epoch5": 0.85088, "ENV_Test_Probability to choose the right action_epoch5": 0.8075815325618153, "ENV_Test_Weighted right action_epoch5": 0.8753386478304215, "ENV_Test_Weighted probability to choose the right action:_epoch5": 0.8339057769065257, "ENV_Test_proba_accuracy_epoch5": 0.8075815325618151, "ENV_Test_proba_accuracy_strategy_132_epoch5": 0.8466055503415059, "ENV_Test_proba_accuracy_strategy_23_epoch5": 0.8153273210966201, "ENV_Test_proba_accuracy_strategy_107_epoch5": 0.8682179446335219, "ENV_Test_proba_accuracy_strategy_43_epoch5": 0.798603729302507, "ENV_Test_proba_accuracy_strategy_17_epoch5": 0.7781404207098152, "ENV_Test_proba_accuracy_strategy_93_epoch5": 0.7984742092646943, "ENV_Test_proba_accuracy_per_mean_strategy_epoch5": 0.8175615292247774, "ENV_Test_proba_accuracy_per_mean_user_epoch5": 0.8161315511216455, "ENV_Test_proba_accuracy_per_mean_user_and_bot_epoch5": 0.8339057769065261, "ENV_Test_accuracy_epoch5": 0.85088, "ENV_Test_accuracy_strategy_132_epoch5": 0.8804532577903683, "ENV_Test_accuracy_strategy_23_epoch5": 0.8626595572790434, "ENV_Test_accuracy_strategy_107_epoch5": 0.9064039408866995, "ENV_Test_accuracy_strategy_43_epoch5": 0.8435114503816794, "ENV_Test_accuracy_strategy_17_epoch5": 0.8196460980036298, "ENV_Test_accuracy_strategy_93_epoch5": 0.8419593345656192, "ENV_Test_accuracy_per_mean_strategy_epoch5": 0.8591056064845066, "ENV_Test_accuracy_per_mean_user_epoch5": 0.8584080158528483, "ENV_Test_accuracy_per_mean_user_and_bot_epoch5": 0.8753386478304205, "ENV_Train_TotalLoss_epoch6": 705.4699786319476, "ENV_Train_Right action_epoch6": 0.8590494291264307, "ENV_Train_Probability to choose the right action_epoch6": 0.8014001831371461, "ENV_Train_Weighted right action_epoch6": 0.8590494291264307, "ENV_Train_Weighted probability to choose the right action:_epoch6": 0.8014001831371461, "ENV_Test_TotalLoss_epoch6": 182.96783470370715, "ENV_Test_Right action_epoch6": 0.849472, "ENV_Test_Probability to choose the right action_epoch6": 0.8125938406181412, "ENV_Test_Weighted right action_epoch6": 0.8727337622951293, "ENV_Test_Weighted probability to choose the right action:_epoch6": 0.8406106201858038, "ENV_Test_proba_accuracy_epoch6": 0.8125938406181409, "ENV_Test_proba_accuracy_strategy_132_epoch6": 0.8485513182783525, "ENV_Test_proba_accuracy_strategy_23_epoch6": 0.8219436410659985, "ENV_Test_proba_accuracy_strategy_107_epoch6": 0.8783538191359825, "ENV_Test_proba_accuracy_strategy_43_epoch6": 0.80322271567776, "ENV_Test_proba_accuracy_strategy_17_epoch6": 0.7806648213134726, "ENV_Test_proba_accuracy_strategy_93_epoch6": 0.8071371267011606, "ENV_Test_proba_accuracy_per_mean_strategy_epoch6": 0.8233122403621213, "ENV_Test_proba_accuracy_per_mean_user_epoch6": 0.8209788000455979, "ENV_Test_proba_accuracy_per_mean_user_and_bot_epoch6": 0.8406106201858043, "ENV_Test_accuracy_epoch6": 0.849472, "ENV_Test_accuracy_strategy_132_epoch6": 0.8759206798866855, "ENV_Test_accuracy_strategy_23_epoch6": 0.8633058652447891, "ENV_Test_accuracy_strategy_107_epoch6": 0.9129720853858785, "ENV_Test_accuracy_strategy_43_epoch6": 0.839058524173028, "ENV_Test_accuracy_strategy_17_epoch6": 0.8187386569872959, "ENV_Test_accuracy_strategy_93_epoch6": 0.8317929759704251, "ENV_Test_accuracy_per_mean_strategy_epoch6": 0.8569647979413503, "ENV_Test_accuracy_per_mean_user_epoch6": 0.8564899459680531, "ENV_Test_accuracy_per_mean_user_and_bot_epoch6": 0.872733762295129, "ENV_Train_TotalLoss_epoch7": 681.4732690136934, "ENV_Train_Right action_epoch7": 0.8657394464635169, "ENV_Train_Probability to choose the right action_epoch7": 0.8087003366902568, "ENV_Train_Weighted right action_epoch7": 0.8657394464635169, "ENV_Train_Weighted probability to choose the right action:_epoch7": 0.8087003366902568, "ENV_Test_TotalLoss_epoch7": 186.92265125910797, "ENV_Test_Right action_epoch7": 0.8512, "ENV_Test_Probability to choose the right action_epoch7": 0.8094649319359032, "ENV_Test_Weighted right action_epoch7": 0.8710855563256088, "ENV_Test_Weighted probability to choose the right action:_epoch7": 0.8302469894685701, "ENV_Test_proba_accuracy_epoch7": 0.8094649319359033, "ENV_Test_proba_accuracy_strategy_132_epoch7": 0.8422332471747994, "ENV_Test_proba_accuracy_strategy_23_epoch7": 0.820468243744749, "ENV_Test_proba_accuracy_strategy_107_epoch7": 0.8628190508402166, "ENV_Test_proba_accuracy_strategy_43_epoch7": 0.7960075566628059, "ENV_Test_proba_accuracy_strategy_17_epoch7": 0.7802514515742003, "ENV_Test_proba_accuracy_strategy_93_epoch7": 0.8016089095416071, "ENV_Test_proba_accuracy_per_mean_strategy_epoch7": 0.8172314099230631, "ENV_Test_proba_accuracy_per_mean_user_epoch7": 0.8165857789377077, "ENV_Test_proba_accuracy_per_mean_user_and_bot_epoch7": 0.8302469894685703, "ENV_Test_accuracy_epoch7": 0.8512, "ENV_Test_accuracy_strategy_132_epoch7": 0.8764872521246458, "ENV_Test_accuracy_strategy_23_epoch7": 0.8634674422362255, "ENV_Test_accuracy_strategy_107_epoch7": 0.9047619047619048, "ENV_Test_accuracy_strategy_43_epoch7": 0.844147582697201, "ENV_Test_accuracy_strategy_17_epoch7": 0.8214609800362976, "ENV_Test_accuracy_strategy_93_epoch7": 0.8410351201478743, "ENV_Test_accuracy_per_mean_strategy_epoch7": 0.8585600470006916, "ENV_Test_accuracy_per_mean_user_epoch7": 0.8565684828187536, "ENV_Test_accuracy_per_mean_user_and_bot_epoch7": 0.8710855563256079, "ENV_Train_TotalLoss_epoch8": 655.0164105245146, "ENV_Train_Right action_epoch8": 0.8715243817241861, "ENV_Train_Probability to choose the right action_epoch8": 0.8163685336707444, "ENV_Train_Weighted right action_epoch8": 0.8715243817241861, "ENV_Train_Weighted probability to choose the right action:_epoch8": 0.8163685336707444, "ENV_Test_TotalLoss_epoch8": 201.11415871949123, "ENV_Test_Right action_epoch8": 0.846336, "ENV_Test_Probability to choose the right action_epoch8": 0.8168569486897167, "ENV_Test_Weighted right action_epoch8": 0.8677796736866031, "ENV_Test_Weighted probability to choose the right action:_epoch8": 0.841830749651798, "ENV_Test_proba_accuracy_epoch8": 0.8168569486897174, "ENV_Test_proba_accuracy_strategy_132_epoch8": 0.8498912870769001, "ENV_Test_proba_accuracy_strategy_23_epoch8": 0.8280967033797124, "ENV_Test_proba_accuracy_strategy_107_epoch8": 0.8720559127508202, "ENV_Test_proba_accuracy_strategy_43_epoch8": 0.8043685219224789, "ENV_Test_proba_accuracy_strategy_17_epoch8": 0.787971042592689, "ENV_Test_proba_accuracy_strategy_93_epoch8": 0.8034339013799494, "ENV_Test_proba_accuracy_per_mean_strategy_epoch8": 0.8243028948504251, "ENV_Test_proba_accuracy_per_mean_user_epoch8": 0.8235734697818341, "ENV_Test_proba_accuracy_per_mean_user_and_bot_epoch8": 0.8418307496517985, "ENV_Test_accuracy_epoch8": 0.846336, "ENV_Test_accuracy_strategy_132_epoch8": 0.8770538243626063, "ENV_Test_accuracy_strategy_23_epoch8": 0.8603974793989336, "ENV_Test_accuracy_strategy_107_epoch8": 0.8998357963875205, "ENV_Test_accuracy_strategy_43_epoch8": 0.8346055979643766, "ENV_Test_accuracy_strategy_17_epoch8": 0.816470054446461, "ENV_Test_accuracy_strategy_93_epoch8": 0.8243992606284658, "ENV_Test_accuracy_per_mean_strategy_epoch8": 0.8521270021980607, "ENV_Test_accuracy_per_mean_user_epoch8": 0.8514419780765887, "ENV_Test_accuracy_per_mean_user_and_bot_epoch8": 0.8677796736866034, "ENV_Train_TotalLoss_epoch9": 638.4340133135032, "ENV_Train_Right action_epoch9": 0.875020967291026, "ENV_Train_Probability to choose the right action_epoch9": 0.8218460185744192, "ENV_Train_Weighted right action_epoch9": 0.875020967291026, "ENV_Train_Weighted probability to choose the right action:_epoch9": 0.8218460185744192, "ENV_Test_TotalLoss_epoch9": 188.4887381122543, "ENV_Test_Right action_epoch9": 0.848576, "ENV_Test_Probability to choose the right action_epoch9": 0.8111026767419279, "ENV_Test_Weighted right action_epoch9": 0.8708516408343864, "ENV_Test_Weighted probability to choose the right action:_epoch9": 0.8368834492943817, "ENV_Test_proba_accuracy_epoch9": 0.8111026767419276, "ENV_Test_proba_accuracy_strategy_132_epoch9": 0.845237973798531, "ENV_Test_proba_accuracy_strategy_23_epoch9": 0.821344160207867, "ENV_Test_proba_accuracy_strategy_107_epoch9": 0.869390270309677, "ENV_Test_proba_accuracy_strategy_43_epoch9": 0.796179007291766, "ENV_Test_proba_accuracy_strategy_17_epoch9": 0.7829289635495905, "ENV_Test_proba_accuracy_strategy_93_epoch9": 0.8004920031459122, "ENV_Test_proba_accuracy_per_mean_strategy_epoch9": 0.8192620630505573, "ENV_Test_proba_accuracy_per_mean_user_epoch9": 0.8174783684018746, "ENV_Test_proba_accuracy_per_mean_user_and_bot_epoch9": 0.8368834492943812, "ENV_Test_accuracy_epoch9": 0.848576, "ENV_Test_accuracy_strategy_132_epoch9": 0.8804532577903683, "ENV_Test_accuracy_strategy_23_epoch9": 0.8603974793989336, "ENV_Test_accuracy_strategy_107_epoch9": 0.9129720853858785, "ENV_Test_accuracy_strategy_43_epoch9": 0.8288804071246819, "ENV_Test_accuracy_strategy_17_epoch9": 0.8214609800362976, "ENV_Test_accuracy_strategy_93_epoch9": 0.8317929759704251, "ENV_Test_accuracy_per_mean_strategy_epoch9": 0.8559928642844309, "ENV_Test_accuracy_per_mean_user_epoch9": 0.8534460065353993, "ENV_Test_accuracy_per_mean_user_and_bot_epoch9": 0.8708516408343858, "ENV_Train_TotalLoss_epoch10": 610.9511918247334, "ENV_Train_Right action_epoch10": 0.8796757058987978, "ENV_Train_Probability to choose the right action_epoch10": 0.82891452951478, "ENV_Train_Weighted right action_epoch10": 0.8796757058987978, "ENV_Train_Weighted probability to choose the right action:_epoch10": 0.82891452951478, "ENV_Test_TotalLoss_epoch10": 214.14128480401655, "ENV_Test_Right action_epoch10": 0.848128, "ENV_Test_Probability to choose the right action_epoch10": 0.8270655190693569, "ENV_Test_Weighted right action_epoch10": 0.8677297190353198, "ENV_Test_Weighted probability to choose the right action:_epoch10": 0.8510647851793667, "ENV_Test_proba_accuracy_epoch10": 0.827065519069357, "ENV_Test_proba_accuracy_strategy_132_epoch10": 0.8588896049462345, "ENV_Test_proba_accuracy_strategy_23_epoch10": 0.8390693241688777, "ENV_Test_proba_accuracy_strategy_107_epoch10": 0.8797235408222909, "ENV_Test_proba_accuracy_strategy_43_epoch10": 0.8086294531216411, "ENV_Test_proba_accuracy_strategy_17_epoch10": 0.7978649248598063, "ENV_Test_proba_accuracy_strategy_93_epoch10": 0.8225996395539664, "ENV_Test_proba_accuracy_per_mean_strategy_epoch10": 0.834462747912136, "ENV_Test_proba_accuracy_per_mean_user_epoch10": 0.8337205725949237, "ENV_Test_proba_accuracy_per_mean_user_and_bot_epoch10": 0.851064785179367, "ENV_Test_accuracy_epoch10": 0.848128, "ENV_Test_accuracy_strategy_132_epoch10": 0.8753541076487252, "ENV_Test_accuracy_strategy_23_epoch10": 0.8642753271934076, "ENV_Test_accuracy_strategy_107_epoch10": 0.8932676518883416, "ENV_Test_accuracy_strategy_43_epoch10": 0.8244274809160306, "ENV_Test_accuracy_strategy_17_epoch10": 0.8187386569872959, "ENV_Test_accuracy_strategy_93_epoch10": 0.8401109057301294, "ENV_Test_accuracy_per_mean_strategy_epoch10": 0.8526956883939883, "ENV_Test_accuracy_per_mean_user_epoch10": 0.8537025409281074, "ENV_Test_accuracy_per_mean_user_and_bot_epoch10": 0.8677297190353196, "ENV_Train_TotalLoss_epoch11": 597.0990368647155, "ENV_Train_Right action_epoch11": 0.8830740414587439, "ENV_Train_Probability to choose the right action_epoch11": 0.8337473812053192, "ENV_Train_Weighted right action_epoch11": 0.8830740414587439, "ENV_Train_Weighted probability to choose the right action:_epoch11": 0.8337473812053192, "ENV_Test_TotalLoss_epoch11": 217.47420609854413, "ENV_Test_Right action_epoch11": 0.846784, "ENV_Test_Probability to choose the right action_epoch11": 0.8204268897951021, "ENV_Test_Weighted right action_epoch11": 0.8668818308836725, "ENV_Test_Weighted probability to choose the right action:_epoch11": 0.8427827758827656, "ENV_Test_proba_accuracy_epoch11": 0.8204268897951019, "ENV_Test_proba_accuracy_strategy_132_epoch11": 0.8519275378222524, "ENV_Test_proba_accuracy_strategy_23_epoch11": 0.8324742369871587, "ENV_Test_proba_accuracy_strategy_107_epoch11": 0.8710291164570235, "ENV_Test_proba_accuracy_strategy_43_epoch11": 0.8050270698545481, "ENV_Test_proba_accuracy_strategy_17_epoch11": 0.79189437254236, "ENV_Test_proba_accuracy_strategy_93_epoch11": 0.810263693325571, "ENV_Test_proba_accuracy_per_mean_strategy_epoch11": 0.827102671164819, "ENV_Test_proba_accuracy_per_mean_user_epoch11": 0.826370963102379, "ENV_Test_proba_accuracy_per_mean_user_and_bot_epoch11": 0.8427827758827661, "ENV_Test_accuracy_epoch11": 0.846784, "ENV_Test_accuracy_strategy_132_epoch11": 0.8753541076487252, "ENV_Test_accuracy_strategy_23_epoch11": 0.8597511714331879, "ENV_Test_accuracy_strategy_107_epoch11": 0.9014778325123153, "ENV_Test_accuracy_strategy_43_epoch11": 0.8326972010178118, "ENV_Test_accuracy_strategy_17_epoch11": 0.816016333938294, "ENV_Test_accuracy_strategy_93_epoch11": 0.8410351201478743, "ENV_Test_accuracy_per_mean_strategy_epoch11": 0.8543886277830347, "ENV_Test_accuracy_per_mean_user_epoch11": 0.8507057827342124, "ENV_Test_accuracy_per_mean_user_and_bot_epoch11": 0.8668818308836722, "ENV_Train_TotalLoss_epoch12": 575.6196106345229, "ENV_Train_Right action_epoch12": 0.8880117367612128, "ENV_Train_Probability to choose the right action_epoch12": 0.8400000071801289, "ENV_Train_Weighted right action_epoch12": 0.8880117367612128, "ENV_Train_Weighted probability to choose the right action:_epoch12": 0.8400000071801289, "ENV_Test_TotalLoss_epoch12": 228.13947947035487, "ENV_Test_Right action_epoch12": 0.841088, "ENV_Test_Probability to choose the right action_epoch12": 0.8153067428528562, "ENV_Test_Weighted right action_epoch12": 0.8652528547169528, "ENV_Test_Weighted probability to choose the right action:_epoch12": 0.8399284453629755, "ENV_Test_proba_accuracy_epoch12": 0.8153067428528554, "ENV_Test_proba_accuracy_strategy_132_epoch12": 0.8513709840577468, "ENV_Test_proba_accuracy_strategy_23_epoch12": 0.8259331068751979, "ENV_Test_proba_accuracy_strategy_107_epoch12": 0.8707812709608219, "ENV_Test_proba_accuracy_strategy_43_epoch12": 0.7997808972830167, "ENV_Test_proba_accuracy_strategy_17_epoch12": 0.7860352027105629, "ENV_Test_proba_accuracy_strategy_93_epoch12": 0.8062786817663016, "ENV_Test_proba_accuracy_per_mean_strategy_epoch12": 0.8233633572756079, "ENV_Test_proba_accuracy_per_mean_user_epoch12": 0.8217546589729201, "ENV_Test_proba_accuracy_per_mean_user_and_bot_epoch12": 0.8399284453629756, "ENV_Test_accuracy_epoch12": 0.841088, "ENV_Test_accuracy_strategy_132_epoch12": 0.8730878186968839, "ENV_Test_accuracy_strategy_23_epoch12": 0.8542575537243496, "ENV_Test_accuracy_strategy_107_epoch12": 0.9047619047619048, "ENV_Test_accuracy_strategy_43_epoch12": 0.8225190839694656, "ENV_Test_accuracy_strategy_17_epoch12": 0.808529945553539, "ENV_Test_accuracy_strategy_93_epoch12": 0.8373382624768947, "ENV_Test_accuracy_per_mean_strategy_epoch12": 0.8500824281971728, "ENV_Test_accuracy_per_mean_user_epoch12": 0.8464360615733428, "ENV_Test_accuracy_per_mean_user_and_bot_epoch12": 0.8652528547169528, "ENV_Train_TotalLoss_epoch13": 561.854148876477, "ENV_Train_Right action_epoch13": 0.8912770060650101, "ENV_Train_Probability to choose the right action_epoch13": 0.8441957400637322, "ENV_Train_Weighted right action_epoch13": 0.8912770060650101, "ENV_Train_Weighted probability to choose the right action:_epoch13": 0.8441957400637322, "ENV_Test_TotalLoss_epoch13": 236.52078871516247, "ENV_Test_Right action_epoch13": 0.84736, "ENV_Test_Probability to choose the right action_epoch13": 0.8229144146958564, "ENV_Test_Weighted right action_epoch13": 0.8698519579083462, "ENV_Test_Weighted probability to choose the right action:_epoch13": 0.8454781071328666, "ENV_Test_proba_accuracy_epoch13": 0.8229144146958561, "ENV_Test_proba_accuracy_strategy_132_epoch13": 0.8545907820450057, "ENV_Test_proba_accuracy_strategy_23_epoch13": 0.835559097400929, "ENV_Test_proba_accuracy_strategy_107_epoch13": 0.884143303687566, "ENV_Test_proba_accuracy_strategy_43_epoch13": 0.8011643118987882, "ENV_Test_proba_accuracy_strategy_17_epoch13": 0.7943052715675888, "ENV_Test_proba_accuracy_strategy_93_epoch13": 0.8126049336214535, "ENV_Test_proba_accuracy_per_mean_strategy_epoch13": 0.8303946167035553, "ENV_Test_proba_accuracy_per_mean_user_epoch13": 0.828722806468516, "ENV_Test_proba_accuracy_per_mean_user_and_bot_epoch13": 0.8454781071328671, "ENV_Test_accuracy_epoch13": 0.84736, "ENV_Test_accuracy_strategy_132_epoch13": 0.8764872521246458, "ENV_Test_accuracy_strategy_23_epoch13": 0.8610437873646792, "ENV_Test_accuracy_strategy_107_epoch13": 0.9113300492610837, "ENV_Test_accuracy_strategy_43_epoch13": 0.8307888040712468, "ENV_Test_accuracy_strategy_17_epoch13": 0.8162431941923775, "ENV_Test_accuracy_strategy_93_epoch13": 0.8364140480591498, "ENV_Test_accuracy_per_mean_strategy_epoch13": 0.8553845225121971, "ENV_Test_accuracy_per_mean_user_epoch13": 0.8523689471159482, "ENV_Test_accuracy_per_mean_user_and_bot_epoch13": 0.8698519579083457, "ENV_Train_TotalLoss_epoch14": 540.5678813121135, "ENV_Train_Right action_epoch14": 0.894769944652541, "ENV_Train_Probability to choose the right action_epoch14": 0.8495167521895755, "ENV_Train_Weighted right action_epoch14": 0.894769944652541, "ENV_Train_Weighted probability to choose the right action:_epoch14": 0.8495167521895755, "ENV_Test_TotalLoss_epoch14": 223.96485600772715, "ENV_Test_Right action_epoch14": 0.845056, "ENV_Test_Probability to choose the right action_epoch14": 0.8173770018118233, "ENV_Test_Weighted right action_epoch14": 0.8697084889776929, "ENV_Test_Weighted probability to choose the right action:_epoch14": 0.8403222507672654, "ENV_Test_proba_accuracy_epoch14": 0.8173770018118235, "ENV_Test_proba_accuracy_strategy_132_epoch14": 0.8493942727543672, "ENV_Test_proba_accuracy_strategy_23_epoch14": 0.8289447923456196, "ENV_Test_proba_accuracy_strategy_107_epoch14": 0.8749077125962536, "ENV_Test_proba_accuracy_strategy_43_epoch14": 0.8003512038829054, "ENV_Test_proba_accuracy_strategy_17_epoch14": 0.7895836364329851, "ENV_Test_proba_accuracy_strategy_93_epoch14": 0.8045655112750455, "ENV_Test_proba_accuracy_per_mean_strategy_epoch14": 0.8246245215478627, "ENV_Test_proba_accuracy_per_mean_user_epoch14": 0.823122765519763, "ENV_Test_proba_accuracy_per_mean_user_and_bot_epoch14": 0.8403222507672647, "ENV_Test_accuracy_epoch14": 0.845056, "ENV_Test_accuracy_strategy_132_epoch14": 0.8742209631728045, "ENV_Test_accuracy_strategy_23_epoch14": 0.8563580546130231, "ENV_Test_accuracy_strategy_107_epoch14": 0.909688013136289, "ENV_Test_accuracy_strategy_43_epoch14": 0.8269720101781171, "ENV_Test_accuracy_strategy_17_epoch14": 0.8189655172413793, "ENV_Test_accuracy_strategy_93_epoch14": 0.8290203327171903, "ENV_Test_accuracy_per_mean_strategy_epoch14": 0.8525374818431338, "ENV_Test_accuracy_per_mean_user_epoch14": 0.851333529760336, "ENV_Test_accuracy_per_mean_user_and_bot_epoch14": 0.8697084889776934, "ENV_Train_TotalLoss_epoch15": 524.009891737664, "ENV_Train_Right action_epoch15": 0.8985296584111366, "ENV_Train_Probability to choose the right action_epoch15": 0.8547947363483929, "ENV_Train_Weighted right action_epoch15": 0.8985296584111366, "ENV_Train_Weighted probability to choose the right action:_epoch15": 0.8547947363483929, "ENV_Test_TotalLoss_epoch15": 255.47637553817427, "ENV_Test_Right action_epoch15": 0.84576, "ENV_Test_Probability to choose the right action_epoch15": 0.8235734006215386, "ENV_Test_Weighted right action_epoch15": 0.8675444358794329, "ENV_Test_Weighted probability to choose the right action:_epoch15": 0.8468124527342341, "ENV_Test_proba_accuracy_epoch15": 0.8235734006215392, "ENV_Test_proba_accuracy_strategy_132_epoch15": 0.8547379914490938, "ENV_Test_proba_accuracy_strategy_23_epoch15": 0.8333898767983248, "ENV_Test_proba_accuracy_strategy_107_epoch15": 0.8841313530342311, "ENV_Test_proba_accuracy_strategy_43_epoch15": 0.8091718994222666, "ENV_Test_proba_accuracy_strategy_17_epoch15": 0.7973826798441928, "ENV_Test_proba_accuracy_strategy_93_epoch15": 0.8101245930279242, "ENV_Test_proba_accuracy_per_mean_strategy_epoch15": 0.8314897322626722, "ENV_Test_proba_accuracy_per_mean_user_epoch15": 0.8295067086942661, "ENV_Test_proba_accuracy_per_mean_user_and_bot_epoch15": 0.8468124527342342, "ENV_Test_accuracy_epoch15": 0.84576, "ENV_Test_accuracy_strategy_132_epoch15": 0.8725212464589235, "ENV_Test_accuracy_strategy_23_epoch15": 0.8558733236387138, "ENV_Test_accuracy_strategy_107_epoch15": 0.9064039408866995, "ENV_Test_accuracy_strategy_43_epoch15": 0.8314249363867684, "ENV_Test_accuracy_strategy_17_epoch15": 0.8212341197822142, "ENV_Test_accuracy_strategy_93_epoch15": 0.8308687615526802, "ENV_Test_accuracy_per_mean_strategy_epoch15": 0.8530543881176665, "ENV_Test_accuracy_per_mean_user_epoch15": 0.8505695891161714, "ENV_Test_accuracy_per_mean_user_and_bot_epoch15": 0.8675444358794336, "ENV_Train_TotalLoss_epoch16": 501.65327721802623, "ENV_Train_Right action_epoch16": 0.903875990662958, "ENV_Train_Probability to choose the right action_epoch16": 0.8609811437820134, "ENV_Train_Weighted right action_epoch16": 0.903875990662958, "ENV_Train_Weighted probability to choose the right action:_epoch16": 0.8609811437820134, "ENV_Test_TotalLoss_epoch16": 281.061786566711, "ENV_Test_Right action_epoch16": 0.842432, "ENV_Test_Probability to choose the right action_epoch16": 0.8258081264530004, "ENV_Test_Weighted right action_epoch16": 0.8640304063768225, "ENV_Test_Weighted probability to choose the right action:_epoch16": 0.848353108611858, "ENV_Test_proba_accuracy_epoch16": 0.8258081264530002, "ENV_Test_proba_accuracy_strategy_132_epoch16": 0.8560646325366027, "ENV_Test_proba_accuracy_strategy_23_epoch16": 0.837831257478057, "ENV_Test_proba_accuracy_strategy_107_epoch16": 0.8816414711319329, "ENV_Test_proba_accuracy_strategy_43_epoch16": 0.8076347887650348, "ENV_Test_proba_accuracy_strategy_17_epoch16": 0.7993091611338631, "ENV_Test_proba_accuracy_strategy_93_epoch16": 0.8106136051139369, "ENV_Test_proba_accuracy_per_mean_strategy_epoch16": 0.8321824860265711, "ENV_Test_proba_accuracy_per_mean_user_epoch16": 0.8329719639095025, "ENV_Test_proba_accuracy_per_mean_user_and_bot_epoch16": 0.8483531086118591, "ENV_Test_accuracy_epoch16": 0.842432, "ENV_Test_accuracy_strategy_132_epoch16": 0.8691218130311614, "ENV_Test_accuracy_strategy_23_epoch16": 0.8570043625787688, "ENV_Test_accuracy_strategy_107_epoch16": 0.9064039408866995, "ENV_Test_accuracy_strategy_43_epoch16": 0.8244274809160306, "ENV_Test_accuracy_strategy_17_epoch16": 0.8128402903811253, "ENV_Test_accuracy_strategy_93_epoch16": 0.8262476894639557, "ENV_Test_accuracy_per_mean_strategy_epoch16": 0.8493409295429569, "ENV_Test_accuracy_per_mean_user_epoch16": 0.8500424283925605, "ENV_Test_accuracy_per_mean_user_and_bot_epoch16": 0.8640304063768228, "ENV_Train_TotalLoss_epoch17": 486.94338724118404, "ENV_Train_Right action_epoch17": 0.9059673744391171, "ENV_Train_Probability to choose the right action_epoch17": 0.8651863909305704, "ENV_Train_Weighted right action_epoch17": 0.9059673744391171, "ENV_Train_Weighted probability to choose the right action:_epoch17": 0.8651863909305704, "ENV_Test_TotalLoss_epoch17": 331.7028733428474, "ENV_Test_Right action_epoch17": 0.842752, "ENV_Test_Probability to choose the right action_epoch17": 0.8290493041149731, "ENV_Test_Weighted right action_epoch17": 0.8640076562639905, "ENV_Test_Weighted probability to choose the right action:_epoch17": 0.8519026278524172, "ENV_Test_proba_accuracy_epoch17": 0.8290493041149729, "ENV_Test_proba_accuracy_strategy_132_epoch17": 0.8607767618318228, "ENV_Test_proba_accuracy_strategy_23_epoch17": 0.8388448401556862, "ENV_Test_proba_accuracy_strategy_107_epoch17": 0.8873662790856773, "ENV_Test_proba_accuracy_strategy_43_epoch17": 0.8132946507269669, "ENV_Test_proba_accuracy_strategy_17_epoch17": 0.8028534335947417, "ENV_Test_proba_accuracy_strategy_93_epoch17": 0.8180503569761097, "ENV_Test_proba_accuracy_per_mean_strategy_epoch17": 0.8368643870618341, "ENV_Test_proba_accuracy_per_mean_user_epoch17": 0.8349517472718118, "ENV_Test_proba_accuracy_per_mean_user_and_bot_epoch17": 0.8519026278524182, "ENV_Test_accuracy_epoch17": 0.842752, "ENV_Test_accuracy_strategy_132_epoch17": 0.8719546742209632, "ENV_Test_accuracy_strategy_23_epoch17": 0.8513491678784941, "ENV_Test_accuracy_strategy_107_epoch17": 0.8998357963875205, "ENV_Test_accuracy_strategy_43_epoch17": 0.8256997455470738, "ENV_Test_accuracy_strategy_17_epoch17": 0.8203266787658802, "ENV_Test_accuracy_strategy_93_epoch17": 0.8299445471349353, "ENV_Test_accuracy_per_mean_strategy_epoch17": 0.8498517683224778, "ENV_Test_accuracy_per_mean_user_epoch17": 0.8487483062757011, "ENV_Test_accuracy_per_mean_user_and_bot_epoch17": 0.8640076562639895, "ENV_Train_TotalLoss_epoch18": 468.6418936588468, "ENV_Train_Right action_epoch18": 0.9098838428313833, "ENV_Train_Probability to choose the right action_epoch18": 0.8706249925442519, "ENV_Train_Weighted right action_epoch18": 0.9098838428313833, "ENV_Train_Weighted probability to choose the right action:_epoch18": 0.8706249925442519, "ENV_Test_TotalLoss_epoch18": 305.3915867664278, "ENV_Test_Right action_epoch18": 0.841216, "ENV_Test_Probability to choose the right action_epoch18": 0.8253158417927616, "ENV_Test_Weighted right action_epoch18": 0.8638543992188559, "ENV_Test_Weighted probability to choose the right action:_epoch18": 0.8474563145881436, "ENV_Test_proba_accuracy_epoch18": 0.825315841792762, "ENV_Test_proba_accuracy_strategy_132_epoch18": 0.8532541418154747, "ENV_Test_proba_accuracy_strategy_23_epoch18": 0.8379982825384771, "ENV_Test_proba_accuracy_strategy_107_epoch18": 0.8821924429864263, "ENV_Test_proba_accuracy_strategy_43_epoch18": 0.807581258193646, "ENV_Test_proba_accuracy_strategy_17_epoch18": 0.7982630110903276, "ENV_Test_proba_accuracy_strategy_93_epoch18": 0.81116340899413, "ENV_Test_proba_accuracy_per_mean_strategy_epoch18": 0.8317420909364136, "ENV_Test_proba_accuracy_per_mean_user_epoch18": 0.830435687095723, "ENV_Test_proba_accuracy_per_mean_user_and_bot_epoch18": 0.8474563145881434, "ENV_Test_accuracy_epoch18": 0.841216, "ENV_Test_accuracy_strategy_132_epoch18": 0.863456090651558, "ENV_Test_accuracy_strategy_23_epoch18": 0.8550654386815317, "ENV_Test_accuracy_strategy_107_epoch18": 0.9047619047619048, "ENV_Test_accuracy_strategy_43_epoch18": 0.8206106870229007, "ENV_Test_accuracy_strategy_17_epoch18": 0.8153357531760436, "ENV_Test_accuracy_strategy_93_epoch18": 0.8253234750462107, "ENV_Test_accuracy_per_mean_strategy_epoch18": 0.8474255582233582, "ENV_Test_accuracy_per_mean_user_epoch18": 0.8472148836384021, "ENV_Test_accuracy_per_mean_user_and_bot_epoch18": 0.8638543992188567, "ENV_Train_TotalLoss_epoch19": 459.902431094415, "ENV_Train_Right action_epoch19": 0.9118123881932021, "ENV_Train_Probability to choose the right action_epoch19": 0.8732353102153612, "ENV_Train_Weighted right action_epoch19": 0.9118123881932021, "ENV_Train_Weighted probability to choose the right action:_epoch19": 0.8732353102153612, "ENV_Test_TotalLoss_epoch19": 314.04183922999033, "ENV_Test_Right action_epoch19": 0.842688, "ENV_Test_Probability to choose the right action_epoch19": 0.822124097102108, "ENV_Test_Weighted right action_epoch19": 0.8659778950858111, "ENV_Test_Weighted probability to choose the right action:_epoch19": 0.8475430730763917, "ENV_Test_proba_accuracy_epoch19": 0.822124097102108, "ENV_Test_proba_accuracy_strategy_132_epoch19": 0.8528657141862932, "ENV_Test_proba_accuracy_strategy_23_epoch19": 0.832337177714172, "ENV_Test_proba_accuracy_strategy_107_epoch19": 0.8827274924619684, "ENV_Test_proba_accuracy_strategy_43_epoch19": 0.8075682613247882, "ENV_Test_proba_accuracy_strategy_17_epoch19": 0.7949170432107189, "ENV_Test_proba_accuracy_strategy_93_epoch19": 0.811435824975843, "ENV_Test_proba_accuracy_per_mean_strategy_epoch19": 0.8303085856456306, "ENV_Test_proba_accuracy_per_mean_user_epoch19": 0.829016173017629, "ENV_Test_proba_accuracy_per_mean_user_and_bot_epoch19": 0.8475430730763917, "ENV_Test_accuracy_epoch19": 0.842688, "ENV_Test_accuracy_strategy_132_epoch19": 0.8651558073654391, "ENV_Test_accuracy_strategy_23_epoch19": 0.8547422846986589, "ENV_Test_accuracy_strategy_107_epoch19": 0.9129720853858785, "ENV_Test_accuracy_strategy_43_epoch19": 0.8263358778625954, "ENV_Test_accuracy_strategy_17_epoch19": 0.8151088929219601, "ENV_Test_accuracy_strategy_93_epoch19": 0.833641404805915, "ENV_Test_accuracy_per_mean_strategy_epoch19": 0.8513260588400745, "ENV_Test_accuracy_per_mean_user_epoch19": 0.848140103935394, "ENV_Test_accuracy_per_mean_user_and_bot_epoch19": 0.8659778950858112, "ENV_Train_TotalLoss_epoch20": 461.5678799928036, "ENV_Train_Right action_epoch20": 0.9128332005423464, "ENV_Train_Probability to choose the right action_epoch20": 0.8741464744995657, "ENV_Train_Weighted right action_epoch20": 0.9128332005423464, "ENV_Train_Weighted probability to choose the right action:_epoch20": 0.8741464744995657, "ENV_Test_TotalLoss_epoch20": 282.7485352473778, "ENV_Test_Right action_epoch20": 0.842048, "ENV_Test_Probability to choose the right action_epoch20": 0.8188531281980084, "ENV_Test_Weighted right action_epoch20": 0.8663902796681224, "ENV_Test_Weighted probability to choose the right action:_epoch20": 0.8426993983805109, "ENV_Test_proba_accuracy_epoch20": 0.8188531281980094, "ENV_Test_proba_accuracy_strategy_132_epoch20": 0.8535589203100994, "ENV_Test_proba_accuracy_strategy_23_epoch20": 0.8287766095425916, "ENV_Test_proba_accuracy_strategy_107_epoch20": 0.8692520396241498, "ENV_Test_proba_accuracy_strategy_43_epoch20": 0.8000681331332115, "ENV_Test_proba_accuracy_strategy_17_epoch20": 0.794228880267796, "ENV_Test_proba_accuracy_strategy_93_epoch20": 0.8047206059616561, "ENV_Test_proba_accuracy_per_mean_strategy_epoch20": 0.8251008648065841, "ENV_Test_proba_accuracy_per_mean_user_epoch20": 0.8246315662520736, "ENV_Test_proba_accuracy_per_mean_user_and_bot_epoch20": 0.8426993983805102, "ENV_Test_accuracy_epoch20": 0.842048, "ENV_Test_accuracy_strategy_132_epoch20": 0.8674220963172804, "ENV_Test_accuracy_strategy_23_epoch20": 0.8524802068185491, "ENV_Test_accuracy_strategy_107_epoch20": 0.8932676518883416, "ENV_Test_accuracy_strategy_43_epoch20": 0.8295165394402035, "ENV_Test_accuracy_strategy_17_epoch20": 0.8176043557168784, "ENV_Test_accuracy_strategy_93_epoch20": 0.8299445471349353, "ENV_Test_accuracy_per_mean_strategy_epoch20": 0.8483725662193647, "ENV_Test_accuracy_per_mean_user_epoch20": 0.8465724872628345, "ENV_Test_accuracy_per_mean_user_and_bot_epoch20": 0.8663902796681222, "ENV_Train_TotalLoss_epoch21": 424.07079765605886, "ENV_Train_Right action_epoch21": 0.9182412790697675, "ENV_Train_Probability to choose the right action_epoch21": 0.8831473658098339, "ENV_Train_Weighted right action_epoch21": 0.9182412790697675, "ENV_Train_Weighted probability to choose the right action:_epoch21": 0.8831473658098339, "ENV_Test_TotalLoss_epoch21": 258.1622684318277, "ENV_Test_Right action_epoch21": 0.834944, "ENV_Test_Probability to choose the right action_epoch21": 0.8096459683143644, "ENV_Test_Weighted right action_epoch21": 0.8551511120956485, "ENV_Test_Weighted probability to choose the right action:_epoch21": 0.8350056058937319, "ENV_Test_proba_accuracy_epoch21": 0.8096459683143643, "ENV_Test_proba_accuracy_strategy_132_epoch21": 0.8484065300975746, "ENV_Test_proba_accuracy_strategy_23_epoch21": 0.8207069056115808, "ENV_Test_proba_accuracy_strategy_107_epoch21": 0.8617220134728398, "ENV_Test_proba_accuracy_strategy_43_epoch21": 0.7919533333242462, "ENV_Test_proba_accuracy_strategy_17_epoch21": 0.7819784489344814, "ENV_Test_proba_accuracy_strategy_93_epoch21": 0.7922600197465621, "ENV_Test_proba_accuracy_per_mean_strategy_epoch21": 0.8161712085312142, "ENV_Test_proba_accuracy_per_mean_user_epoch21": 0.8156496454264474, "ENV_Test_proba_accuracy_per_mean_user_and_bot_epoch21": 0.8350056058937337, "ENV_Test_accuracy_epoch21": 0.834944, "ENV_Test_accuracy_strategy_132_epoch21": 0.8628895184135977, "ENV_Test_accuracy_strategy_23_epoch21": 0.8477944740668929, "ENV_Test_accuracy_strategy_107_epoch21": 0.8801313628899836, "ENV_Test_accuracy_strategy_43_epoch21": 0.821882951653944, "ENV_Test_accuracy_strategy_17_epoch21": 0.8096642468239564, "ENV_Test_accuracy_strategy_93_epoch21": 0.8123844731977818, "ENV_Test_accuracy_per_mean_strategy_epoch21": 0.8391245045076926, "ENV_Test_accuracy_per_mean_user_epoch21": 0.8390033000891975, "ENV_Test_accuracy_per_mean_user_and_bot_epoch21": 0.855151112095648, "ENV_Train_TotalLoss_epoch22": 416.70265194766586, "ENV_Train_Right action_epoch22": 0.9199849054494122, "ENV_Train_Probability to choose the right action_epoch22": 0.8852797349954341, "ENV_Train_Weighted right action_epoch22": 0.9199849054494122, "ENV_Train_Weighted probability to choose the right action:_epoch22": 0.8852797349954341, "ENV_Test_TotalLoss_epoch22": 339.079396002026, "ENV_Test_Right action_epoch22": 0.84352, "ENV_Test_Probability to choose the right action_epoch22": 0.8253636583936794, "ENV_Test_Weighted right action_epoch22": 0.8618782900441698, "ENV_Test_Weighted probability to choose the right action:_epoch22": 0.8463309616600817, "ENV_Test_proba_accuracy_epoch22": 0.825363658393678, "ENV_Test_proba_accuracy_strategy_132_epoch22": 0.8615620968597615, "ENV_Test_proba_accuracy_strategy_23_epoch22": 0.8337918917035415, "ENV_Test_proba_accuracy_strategy_107_epoch22": 0.8729153290836522, "ENV_Test_proba_accuracy_strategy_43_epoch22": 0.8094689494350411, "ENV_Test_proba_accuracy_strategy_17_epoch22": 0.8011320364928779, "ENV_Test_proba_accuracy_strategy_93_epoch22": 0.813152867750542, "ENV_Test_proba_accuracy_per_mean_strategy_epoch22": 0.8320038618875695, "ENV_Test_proba_accuracy_per_mean_user_epoch22": 0.8315353403221498, "ENV_Test_proba_accuracy_per_mean_user_and_bot_epoch22": 0.8463309616600818, "ENV_Test_accuracy_epoch22": 0.84352, "ENV_Test_accuracy_strategy_132_epoch22": 0.8747875354107649, "ENV_Test_accuracy_strategy_23_epoch22": 0.8528033608014218, "ENV_Test_accuracy_strategy_107_epoch22": 0.8834154351395731, "ENV_Test_accuracy_strategy_43_epoch22": 0.8250636132315522, "ENV_Test_accuracy_strategy_17_epoch22": 0.8214609800362976, "ENV_Test_accuracy_strategy_93_epoch22": 0.833641404805915, "ENV_Test_accuracy_per_mean_strategy_epoch22": 0.8485287215709207, "ENV_Test_accuracy_per_mean_user_epoch22": 0.8497103113656594, "ENV_Test_accuracy_per_mean_user_and_bot_epoch22": 0.8618782900441708, "ENV_Train_TotalLoss_epoch23": 400.66835321897366, "ENV_Train_Right action_epoch23": 0.9235768494318579, "ENV_Train_Probability to choose the right action_epoch23": 0.8900679966187542, "ENV_Train_Weighted right action_epoch23": 0.9235768494318579, "ENV_Train_Weighted probability to choose the right action:_epoch23": 0.8900679966187542, "ENV_Test_TotalLoss_epoch23": 400.87241744372466, "ENV_Test_Right action_epoch23": 0.832, "ENV_Test_Probability to choose the right action_epoch23": 0.8144266229111135, "ENV_Test_Weighted right action_epoch23": 0.8552024538042271, "ENV_Test_Weighted probability to choose the right action:_epoch23": 0.8391739345947116, "ENV_Test_proba_accuracy_epoch23": 0.8144266229111128, "ENV_Test_proba_accuracy_strategy_132_epoch23": 0.851217055327896, "ENV_Test_proba_accuracy_strategy_23_epoch23": 0.8219301339395592, "ENV_Test_proba_accuracy_strategy_107_epoch23": 0.8765943171597413, "ENV_Test_proba_accuracy_strategy_43_epoch23": 0.8008147139989303, "ENV_Test_proba_accuracy_strategy_17_epoch23": 0.788669372262623, "ENV_Test_proba_accuracy_strategy_93_epoch23": 0.8012116625602815, "ENV_Test_proba_accuracy_per_mean_strategy_epoch23": 0.8234062092081719, "ENV_Test_proba_accuracy_per_mean_user_epoch23": 0.8224271647016501, "ENV_Test_proba_accuracy_per_mean_user_and_bot_epoch23": 0.8391739345947123, "ENV_Test_accuracy_epoch23": 0.832, "ENV_Test_accuracy_strategy_132_epoch23": 0.8623229461756374, "ENV_Test_accuracy_strategy_23_epoch23": 0.8403619324608176, "ENV_Test_accuracy_strategy_107_epoch23": 0.8883415435139573, "ENV_Test_accuracy_strategy_43_epoch23": 0.8161577608142494, "ENV_Test_accuracy_strategy_17_epoch23": 0.8083030852994555, "ENV_Test_accuracy_strategy_93_epoch23": 0.822550831792976, "ENV_Test_accuracy_per_mean_strategy_epoch23": 0.8396730166761821, "ENV_Test_accuracy_per_mean_user_epoch23": 0.8377001656888441, "ENV_Test_accuracy_per_mean_user_and_bot_epoch23": 0.8552024538042272, "ENV_Train_TotalLoss_epoch24": 394.75749287184345, "ENV_Train_Right action_epoch24": 0.9257058987978753, "ENV_Train_Probability to choose the right action_epoch24": 0.8920557358720926, "ENV_Train_Weighted right action_epoch24": 0.9257058987978753, "ENV_Train_Weighted probability to choose the right action:_epoch24": 0.8920557358720926, "ENV_Test_TotalLoss_epoch24": 409.3833679758258, "ENV_Test_Right action_epoch24": 0.835392, "ENV_Test_Probability to choose the right action_epoch24": 0.8234626173469742, "ENV_Test_Weighted right action_epoch24": 0.8610884866240597, "ENV_Test_Weighted probability to choose the right action:_epoch24": 0.848782690764203, "ENV_Test_proba_accuracy_epoch24": 0.8234626173469746, "ENV_Test_proba_accuracy_strategy_132_epoch24": 0.8612062832237887, "ENV_Test_proba_accuracy_strategy_23_epoch24": 0.8327512910882732, "ENV_Test_proba_accuracy_strategy_107_epoch24": 0.8870850249884642, "ENV_Test_proba_accuracy_strategy_43_epoch24": 0.8077017212665156, "ENV_Test_proba_accuracy_strategy_17_epoch24": 0.7941337636273603, "ENV_Test_proba_accuracy_strategy_93_epoch24": 0.8153355355756263, "ENV_Test_proba_accuracy_per_mean_strategy_epoch24": 0.8330356032950047, "ENV_Test_proba_accuracy_per_mean_user_epoch24": 0.8298248399141176, "ENV_Test_proba_accuracy_per_mean_user_and_bot_epoch24": 0.8487826907642039, "ENV_Test_accuracy_epoch24": 0.835392, "ENV_Test_accuracy_strategy_132_epoch24": 0.8685552407932011, "ENV_Test_accuracy_strategy_23_epoch24": 0.8458555501696559, "ENV_Test_accuracy_strategy_107_epoch24": 0.896551724137931, "ENV_Test_accuracy_strategy_43_epoch24": 0.8199745547073791, "ENV_Test_accuracy_strategy_17_epoch24": 0.8060344827586207, "ENV_Test_accuracy_strategy_93_epoch24": 0.8290203327171903, "ENV_Test_accuracy_per_mean_strategy_epoch24": 0.844331980880663, "ENV_Test_accuracy_per_mean_user_epoch24": 0.8414417953430608, "ENV_Test_accuracy_per_mean_user_and_bot_epoch24": 0.8610884866240589, "_wandb": {"runtime": 2612}}