{"ENV_Train_TotalLoss": 679.7672593403812, "ENV_Train_TotalLoss_epoch0": 1177.823385702961, "ENV_Train_Right action": 0.8708117250730371, "ENV_Train_Right action_epoch0": 0.7482564396427623, "ENV_Train_Probability to choose the right action": 0.8155559434746825, "ENV_Train_Probability to choose the right action_epoch0": 0.6534525722724115, "ENV_Train_Weighted right action": 0.8708117250730371, "ENV_Train_Weighted right action_epoch0": 0.7482564396427623, "ENV_Train_Weighted probability to choose the right action:": 0.8155559434746825, "ENV_Train_Weighted probability to choose the right action:_epoch0": 0.6534525722724115, "_timestamp": 1720402627.4668603, "_runtime": 2009.9606153964996, "_step": 49, "ENV_Test_TotalLoss": 232.33473821152222, "ENV_Test_TotalLoss_epoch0": 238.34827621059443, "ENV_Test_Right action": 0.811264, "ENV_Test_Right action_epoch0": 0.762368, "ENV_Test_Probability to choose the right action": 0.781215933493677, "ENV_Test_Probability to choose the right action_epoch0": 0.7009057160677604, "ENV_Test_Weighted right action": 0.8453971546986906, "ENV_Test_Weighted right action_epoch0": 0.8228632371029646, "ENV_Test_Weighted probability to choose the right action:": 0.8177959132555089, "ENV_Test_Weighted probability to choose the right action:_epoch0": 0.7571412079415742, "ENV_Test_proba_accuracy": 0.781215933493677, "ENV_Test_proba_accuracy_epoch0": 0.7009057160677613, "ENV_Test_proba_accuracy_strategy_132": 0.8206689745111627, "ENV_Test_proba_accuracy_strategy_132_epoch0": 0.7629461297346131, "ENV_Test_proba_accuracy_strategy_23": 0.7846934557120566, "ENV_Test_proba_accuracy_strategy_23_epoch0": 0.6912990996197599, "ENV_Test_proba_accuracy_strategy_107": 0.8410913088510145, "ENV_Test_proba_accuracy_strategy_107_epoch0": 0.7825390939994643, "ENV_Test_proba_accuracy_strategy_43": 0.779770894486926, "ENV_Test_proba_accuracy_strategy_43_epoch0": 0.7187925559265905, "ENV_Test_proba_accuracy_strategy_17": 0.7528830969558513, "ENV_Test_proba_accuracy_strategy_17_epoch0": 0.6677919362766391, "ENV_Test_proba_accuracy_strategy_93": 0.7807923094449857, "ENV_Test_proba_accuracy_strategy_93_epoch0": 0.7176217243630183, "ENV_Test_proba_accuracy_per_mean_strategy": 0.7933166733269994, "ENV_Test_proba_accuracy_per_mean_strategy_epoch0": 0.723498423320014, "ENV_Test_proba_accuracy_per_mean_user": 0.792852052299642, "ENV_Test_proba_accuracy_per_mean_user_epoch0": 0.7209142492577278, "ENV_Test_proba_accuracy_per_mean_user_and_bot": 0.8177959132555094, "ENV_Test_proba_accuracy_per_mean_user_and_bot_epoch0": 0.7571412079415741, "ENV_Test_accuracy": 0.811264, "ENV_Test_accuracy_epoch0": 0.762368, "ENV_Test_accuracy_strategy_132": 0.8526912181303116, "ENV_Test_accuracy_strategy_132_epoch0": 0.8232294617563739, "ENV_Test_accuracy_strategy_23": 0.8156406527710454, "ENV_Test_accuracy_strategy_23_epoch0": 0.7558571659395702, "ENV_Test_accuracy_strategy_107": 0.8604269293924466, "ENV_Test_accuracy_strategy_107_epoch0": 0.8489326765188834, "ENV_Test_accuracy_strategy_43": 0.8085241730279898, "ENV_Test_accuracy_strategy_43_epoch0": 0.7786259541984732, "ENV_Test_accuracy_strategy_17": 0.7867513611615246, "ENV_Test_accuracy_strategy_17_epoch0": 0.7243647912885662, "ENV_Test_accuracy_strategy_93": 0.7948243992606284, "ENV_Test_accuracy_strategy_93_epoch0": 0.7828096118299446, "ENV_Test_accuracy_per_mean_strategy": 0.8198097889573243, "ENV_Test_accuracy_per_mean_strategy_epoch0": 0.785636610255302, "ENV_Test_accuracy_per_mean_user": 0.8238485351765386, "ENV_Test_accuracy_per_mean_user_epoch0": 0.7831552043639173, "ENV_Test_accuracy_per_mean_user_and_bot": 0.8453971546986901, "ENV_Test_accuracy_per_mean_user_and_bot_epoch0": 0.8228632371029647, "ENV_Train_TotalLoss_epoch1": 993.5790539741929, "ENV_Train_Right action_epoch1": 0.7970009922159956, "ENV_Train_Probability to choose the right action_epoch1": 0.7184952184516877, "ENV_Train_Weighted right action_epoch1": 0.7970009922159956, "ENV_Train_Weighted probability to choose the right action:_epoch1": 0.7184952184516877, "ENV_Test_TotalLoss_epoch1": 224.68862159363138, "ENV_Test_Right action_epoch1": 0.779776, "ENV_Test_Probability to choose the right action_epoch1": 0.7270020793164127, "ENV_Test_Weighted right action_epoch1": 0.8370577144869038, "ENV_Test_Weighted probability to choose the right action:_epoch1": 0.7804821517846103, "ENV_Test_proba_accuracy_epoch1": 0.7270020793164135, "ENV_Test_proba_accuracy_strategy_132_epoch1": 0.7811095908580854, "ENV_Test_proba_accuracy_strategy_23_epoch1": 0.7214032053055902, "ENV_Test_proba_accuracy_strategy_107_epoch1": 0.8174947115947229, "ENV_Test_proba_accuracy_strategy_43_epoch1": 0.7476857642693892, "ENV_Test_proba_accuracy_strategy_17_epoch1": 0.6897817234695418, "ENV_Test_proba_accuracy_strategy_93_epoch1": 0.7414144972012339, "ENV_Test_proba_accuracy_per_mean_strategy_epoch1": 0.7498149154497605, "ENV_Test_proba_accuracy_per_mean_user_epoch1": 0.7444130517466458, "ENV_Test_proba_accuracy_per_mean_user_and_bot_epoch1": 0.780482151784611, "ENV_Test_accuracy_epoch1": 0.779776, "ENV_Test_accuracy_strategy_132_epoch1": 0.8305949008498583, "ENV_Test_accuracy_strategy_23_epoch1": 0.7744385199547584, "ENV_Test_accuracy_strategy_107_epoch1": 0.8801313628899836, "ENV_Test_accuracy_strategy_43_epoch1": 0.80470737913486, "ENV_Test_accuracy_strategy_17_epoch1": 0.7413793103448276, "ENV_Test_accuracy_strategy_93_epoch1": 0.7911275415896488, "ENV_Test_accuracy_per_mean_strategy_epoch1": 0.8037298357939894, "ENV_Test_accuracy_per_mean_user_epoch1": 0.7986044587807315, "ENV_Test_accuracy_per_mean_user_and_bot_epoch1": 0.8370577144869032, "ENV_Train_TotalLoss_epoch2": 949.5049456407046, "ENV_Train_Right action_epoch2": 0.8073912557307391, "ENV_Train_Probability to choose the right action_epoch2": 0.732900691901315, "ENV_Train_Weighted right action_epoch2": 0.8073912557307391, "ENV_Train_Weighted probability to choose the right action:_epoch2": 0.732900691901315, "ENV_Test_TotalLoss_epoch2": 218.40582524310227, "ENV_Test_Right action_epoch2": 0.786304, "ENV_Test_Probability to choose the right action_epoch2": 0.7318644084546871, "ENV_Test_Weighted right action_epoch2": 0.8416365150566415, "ENV_Test_Weighted probability to choose the right action:_epoch2": 0.786668171132819, "ENV_Test_proba_accuracy_epoch2": 0.7318644084546866, "ENV_Test_proba_accuracy_strategy_132_epoch2": 0.7879341223869882, "ENV_Test_proba_accuracy_strategy_23_epoch2": 0.7253071767097053, "ENV_Test_proba_accuracy_strategy_107_epoch2": 0.8200313808584795, "ENV_Test_proba_accuracy_strategy_43_epoch2": 0.7524592591433362, "ENV_Test_proba_accuracy_strategy_17_epoch2": 0.6958877352405277, "ENV_Test_proba_accuracy_strategy_93_epoch2": 0.7449291461910293, "ENV_Test_proba_accuracy_per_mean_strategy_epoch2": 0.7544248034216777, "ENV_Test_proba_accuracy_per_mean_user_epoch2": 0.7501531346717049, "ENV_Test_proba_accuracy_per_mean_user_and_bot_epoch2": 0.7866681711328183, "ENV_Test_accuracy_epoch2": 0.786304, "ENV_Test_accuracy_strategy_132_epoch2": 0.8368271954674221, "ENV_Test_accuracy_strategy_23_epoch2": 0.7849410243981257, "ENV_Test_accuracy_strategy_107_epoch2": 0.8768472906403941, "ENV_Test_accuracy_strategy_43_epoch2": 0.8078880407124682, "ENV_Test_accuracy_strategy_17_epoch2": 0.7468239564428312, "ENV_Test_accuracy_strategy_93_epoch2": 0.7902033271719039, "ENV_Test_accuracy_per_mean_strategy_epoch2": 0.8072551391388575, "ENV_Test_accuracy_per_mean_user_epoch2": 0.806015548643168, "ENV_Test_accuracy_per_mean_user_and_bot_epoch2": 0.8416365150566417, "ENV_Train_TotalLoss_epoch3": 920.6391258873577, "ENV_Train_Right action_epoch3": 0.812049203242941, "ENV_Train_Probability to choose the right action_epoch3": 0.7410707294566109, "ENV_Train_Weighted right action_epoch3": 0.812049203242941, "ENV_Train_Weighted probability to choose the right action:_epoch3": 0.7410707294566109, "ENV_Test_TotalLoss_epoch3": 221.31597344250028, "ENV_Test_Right action_epoch3": 0.784192, "ENV_Test_Probability to choose the right action_epoch3": 0.7278833053137252, "ENV_Test_Weighted right action_epoch3": 0.834159532367332, "ENV_Test_Weighted probability to choose the right action:_epoch3": 0.7819592551717839, "ENV_Test_proba_accuracy_epoch3": 0.7278833053137257, "ENV_Test_proba_accuracy_strategy_132_epoch3": 0.7827018614709805, "ENV_Test_proba_accuracy_strategy_23_epoch3": 0.7208029096226195, "ENV_Test_proba_accuracy_strategy_107_epoch3": 0.8205661400179056, "ENV_Test_proba_accuracy_strategy_43_epoch3": 0.7492918008934408, "ENV_Test_proba_accuracy_strategy_17_epoch3": 0.6920426356138479, "ENV_Test_proba_accuracy_strategy_93_epoch3": 0.7417035344871135, "ENV_Test_proba_accuracy_per_mean_strategy_epoch3": 0.751184813684318, "ENV_Test_proba_accuracy_per_mean_user_epoch3": 0.7459819569428235, "ENV_Test_proba_accuracy_per_mean_user_and_bot_epoch3": 0.7819592551717844, "ENV_Test_accuracy_epoch3": 0.784192, "ENV_Test_accuracy_strategy_132_epoch3": 0.8254957507082153, "ENV_Test_accuracy_strategy_23_epoch3": 0.7817094845693974, "ENV_Test_accuracy_strategy_107_epoch3": 0.8752052545155994, "ENV_Test_accuracy_strategy_43_epoch3": 0.8021628498727735, "ENV_Test_accuracy_strategy_17_epoch3": 0.7509074410163339, "ENV_Test_accuracy_strategy_93_epoch3": 0.789279112754159, "ENV_Test_accuracy_per_mean_strategy_epoch3": 0.8041266489060798, "ENV_Test_accuracy_per_mean_user_epoch3": 0.8013795816214824, "ENV_Test_accuracy_per_mean_user_and_bot_epoch3": 0.8341595323673333, "ENV_Train_TotalLoss_epoch4": 896.5177464711485, "ENV_Train_Right action_epoch4": 0.8193852304337494, "ENV_Train_Probability to choose the right action_epoch4": 0.7486723015471345, "ENV_Train_Weighted right action_epoch4": 0.8193852304337494, "ENV_Train_Weighted probability to choose the right action:_epoch4": 0.7486723015471345, "ENV_Test_TotalLoss_epoch4": 212.22581461240443, "ENV_Test_Right action_epoch4": 0.791616, "ENV_Test_Probability to choose the right action_epoch4": 0.7410670843670084, "ENV_Test_Weighted right action_epoch4": 0.8404468907809216, "ENV_Test_Weighted probability to choose the right action:_epoch4": 0.7921679275740643, "ENV_Test_proba_accuracy_epoch4": 0.7410670843670082, "ENV_Test_proba_accuracy_strategy_132_epoch4": 0.7947551424323261, "ENV_Test_proba_accuracy_strategy_23_epoch4": 0.7384587757793335, "ENV_Test_proba_accuracy_strategy_107_epoch4": 0.826101392021439, "ENV_Test_proba_accuracy_strategy_43_epoch4": 0.7582788088250784, "ENV_Test_proba_accuracy_strategy_17_epoch4": 0.7035493609636885, "ENV_Test_proba_accuracy_strategy_93_epoch4": 0.748385753420642, "ENV_Test_proba_accuracy_per_mean_strategy_epoch4": 0.7615882055737512, "ENV_Test_proba_accuracy_per_mean_user_epoch4": 0.7579858485056281, "ENV_Test_proba_accuracy_per_mean_user_and_bot_epoch4": 0.7921679275740644, "ENV_Test_accuracy_epoch4": 0.791616, "ENV_Test_accuracy_strategy_132_epoch4": 0.8424929178470255, "ENV_Test_accuracy_strategy_23_epoch4": 0.7944740668928745, "ENV_Test_accuracy_strategy_107_epoch4": 0.8719211822660099, "ENV_Test_accuracy_strategy_43_epoch4": 0.8085241730279898, "ENV_Test_accuracy_strategy_17_epoch4": 0.7502268602540835, "ENV_Test_accuracy_strategy_93_epoch4": 0.7911275415896488, "ENV_Test_accuracy_per_mean_strategy_epoch4": 0.8097944569796054, "ENV_Test_accuracy_per_mean_user_epoch4": 0.8079138173447254, "ENV_Test_accuracy_per_mean_user_and_bot_epoch4": 0.8404468907809216, "ENV_Train_TotalLoss_epoch5": 875.5406795135141, "ENV_Train_Right action_epoch5": 0.824979032708974, "ENV_Train_Probability to choose the right action_epoch5": 0.7555207567083749, "ENV_Train_Weighted right action_epoch5": 0.824979032708974, "ENV_Train_Weighted probability to choose the right action:_epoch5": 0.7555207567083749, "ENV_Test_TotalLoss_epoch5": 210.33943066867107, "ENV_Test_Right action_epoch5": 0.796096, "ENV_Test_Probability to choose the right action_epoch5": 0.7522379670008863, "ENV_Test_Weighted right action_epoch5": 0.8463691315128173, "ENV_Test_Weighted probability to choose the right action:_epoch5": 0.8042664812186261, "ENV_Test_proba_accuracy_epoch5": 0.7522379670008863, "ENV_Test_proba_accuracy_strategy_132_epoch5": 0.8046048180547984, "ENV_Test_proba_accuracy_strategy_23_epoch5": 0.7490759632218891, "ENV_Test_proba_accuracy_strategy_107_epoch5": 0.8379233556666105, "ENV_Test_proba_accuracy_strategy_43_epoch5": 0.7700551747238192, "ENV_Test_proba_accuracy_strategy_17_epoch5": 0.7160825809331526, "ENV_Test_proba_accuracy_strategy_93_epoch5": 0.7580827348629505, "ENV_Test_proba_accuracy_per_mean_strategy_epoch5": 0.7726374379105367, "ENV_Test_proba_accuracy_per_mean_user_epoch5": 0.7695435242461882, "ENV_Test_proba_accuracy_per_mean_user_and_bot_epoch5": 0.8042664812186265, "ENV_Test_accuracy_epoch5": 0.796096, "ENV_Test_accuracy_strategy_132_epoch5": 0.8424929178470255, "ENV_Test_accuracy_strategy_23_epoch5": 0.7983519146873486, "ENV_Test_accuracy_strategy_107_epoch5": 0.8768472906403941, "ENV_Test_accuracy_strategy_43_epoch5": 0.8123409669211196, "ENV_Test_accuracy_strategy_17_epoch5": 0.7572595281306715, "ENV_Test_accuracy_strategy_93_epoch5": 0.7966728280961183, "ENV_Test_accuracy_per_mean_strategy_epoch5": 0.8139942410537797, "ENV_Test_accuracy_per_mean_user_epoch5": 0.8134752366868746, "ENV_Test_accuracy_per_mean_user_and_bot_epoch5": 0.8463691315128178, "ENV_Train_TotalLoss_epoch6": 856.8593864021882, "ENV_Train_Right action_epoch6": 0.8287386997163576, "ENV_Train_Probability to choose the right action_epoch6": 0.7608909625000204, "ENV_Train_Weighted right action_epoch6": 0.8287386997163576, "ENV_Train_Weighted probability to choose the right action:_epoch6": 0.7608909625000204, "ENV_Test_TotalLoss_epoch6": 214.18346854284874, "ENV_Test_Right action_epoch6": 0.798208, "ENV_Test_Probability to choose the right action_epoch6": 0.754947480977485, "ENV_Test_Weighted right action_epoch6": 0.8462225089408255, "ENV_Test_Weighted probability to choose the right action:_epoch6": 0.803389318369453, "ENV_Test_proba_accuracy_epoch6": 0.7549474809774848, "ENV_Test_proba_accuracy_strategy_132_epoch6": 0.8048763584143961, "ENV_Test_proba_accuracy_strategy_23_epoch6": 0.753909978357999, "ENV_Test_proba_accuracy_strategy_107_epoch6": 0.8343142159069714, "ENV_Test_proba_accuracy_strategy_43_epoch6": 0.7689604425173739, "ENV_Test_proba_accuracy_strategy_17_epoch6": 0.7189821153372891, "ENV_Test_proba_accuracy_strategy_93_epoch6": 0.760926454789932, "ENV_Test_proba_accuracy_per_mean_strategy_epoch6": 0.7736615942206603, "ENV_Test_proba_accuracy_per_mean_user_epoch6": 0.7712837100386934, "ENV_Test_proba_accuracy_per_mean_user_and_bot_epoch6": 0.8033893183694528, "ENV_Test_accuracy_epoch6": 0.798208, "ENV_Test_accuracy_strategy_132_epoch6": 0.8379603399433427, "ENV_Test_accuracy_strategy_23_epoch6": 0.8027144934561319, "ENV_Test_accuracy_strategy_107_epoch6": 0.8686371100164204, "ENV_Test_accuracy_strategy_43_epoch6": 0.8091603053435115, "ENV_Test_accuracy_strategy_17_epoch6": 0.7629310344827587, "ENV_Test_accuracy_strategy_93_epoch6": 0.7957486136783734, "ENV_Test_accuracy_per_mean_strategy_epoch6": 0.8128586494867563, "ENV_Test_accuracy_per_mean_user_epoch6": 0.8128944283806128, "ENV_Test_accuracy_per_mean_user_and_bot_epoch6": 0.8462225089408256, "ENV_Train_TotalLoss_epoch7": 843.2872849975528, "ENV_Train_Right action_epoch7": 0.8324433883142298, "ENV_Train_Probability to choose the right action_epoch7": 0.7655903171444185, "ENV_Train_Weighted right action_epoch7": 0.8324433883142298, "ENV_Train_Weighted probability to choose the right action:_epoch7": 0.7655903171444185, "ENV_Test_TotalLoss_epoch7": 209.0647406561287, "ENV_Test_Right action_epoch7": 0.806976, "ENV_Test_Probability to choose the right action_epoch7": 0.7587005137240853, "ENV_Test_Weighted right action_epoch7": 0.8506898318340729, "ENV_Test_Weighted probability to choose the right action:_epoch7": 0.8052025850745906, "ENV_Test_proba_accuracy_epoch7": 0.758700513724085, "ENV_Test_proba_accuracy_strategy_132_epoch7": 0.8073284086937716, "ENV_Test_proba_accuracy_strategy_23_epoch7": 0.757464651033161, "ENV_Test_proba_accuracy_strategy_107_epoch7": 0.8365858625210578, "ENV_Test_proba_accuracy_strategy_43_epoch7": 0.7688993932754898, "ENV_Test_proba_accuracy_strategy_17_epoch7": 0.7251241005567889, "ENV_Test_proba_accuracy_strategy_93_epoch7": 0.764579009788696, "ENV_Test_proba_accuracy_per_mean_strategy_epoch7": 0.7766635709781609, "ENV_Test_proba_accuracy_per_mean_user_epoch7": 0.773752667929033, "ENV_Test_proba_accuracy_per_mean_user_and_bot_epoch7": 0.8052025850745906, "ENV_Test_accuracy_epoch7": 0.806976, "ENV_Test_accuracy_strategy_132_epoch7": 0.851558073654391, "ENV_Test_accuracy_strategy_23_epoch7": 0.811278074002262, "ENV_Test_accuracy_strategy_107_epoch7": 0.8719211822660099, "ENV_Test_accuracy_strategy_43_epoch7": 0.8155216284987278, "ENV_Test_accuracy_strategy_17_epoch7": 0.7717785843920145, "ENV_Test_accuracy_strategy_93_epoch7": 0.8040665434380776, "ENV_Test_accuracy_per_mean_strategy_epoch7": 0.8210206810419137, "ENV_Test_accuracy_per_mean_user_epoch7": 0.8227156970642314, "ENV_Test_accuracy_per_mean_user_and_bot_epoch7": 0.8506898318340733, "ENV_Train_TotalLoss_epoch8": 828.0701097568648, "ENV_Train_Right action_epoch8": 0.8350456381655275, "ENV_Train_Probability to choose the right action_epoch8": 0.7696727612328095, "ENV_Train_Weighted right action_epoch8": 0.8350456381655275, "ENV_Train_Weighted probability to choose the right action:_epoch8": 0.7696727612328095, "ENV_Test_TotalLoss_epoch8": 211.8106516646386, "ENV_Test_Right action_epoch8": 0.809984, "ENV_Test_Probability to choose the right action_epoch8": 0.7658548780799104, "ENV_Test_Weighted right action_epoch8": 0.8526544923277394, "ENV_Test_Weighted probability to choose the right action:_epoch8": 0.8096642325550484, "ENV_Test_proba_accuracy_epoch8": 0.7658548780799109, "ENV_Test_proba_accuracy_strategy_132_epoch8": 0.8150409936776205, "ENV_Test_proba_accuracy_strategy_23_epoch8": 0.7656173085834793, "ENV_Test_proba_accuracy_strategy_107_epoch8": 0.8415492857667155, "ENV_Test_proba_accuracy_strategy_43_epoch8": 0.7774804043961969, "ENV_Test_proba_accuracy_strategy_17_epoch8": 0.7309731417133736, "ENV_Test_proba_accuracy_strategy_93_epoch8": 0.7695908261729705, "ENV_Test_proba_accuracy_per_mean_strategy_epoch8": 0.7833753267183927, "ENV_Test_proba_accuracy_per_mean_user_epoch8": 0.7798569598873288, "ENV_Test_proba_accuracy_per_mean_user_and_bot_epoch8": 0.8096642325550494, "ENV_Test_accuracy_epoch8": 0.809984, "ENV_Test_accuracy_strategy_132_epoch8": 0.853257790368272, "ENV_Test_accuracy_strategy_23_epoch8": 0.8130554209080627, "ENV_Test_accuracy_strategy_107_epoch8": 0.8784893267651889, "ENV_Test_accuracy_strategy_43_epoch8": 0.8282442748091603, "ENV_Test_accuracy_strategy_17_epoch8": 0.7733666061705989, "ENV_Test_accuracy_strategy_93_epoch8": 0.8059149722735675, "ENV_Test_accuracy_per_mean_strategy_epoch8": 0.8253880652158084, "ENV_Test_accuracy_per_mean_user_epoch8": 0.8221359280110715, "ENV_Test_accuracy_per_mean_user_and_bot_epoch8": 0.8526544923277399, "ENV_Train_TotalLoss_epoch9": 815.84859791333, "ENV_Train_Right action_epoch9": 0.8388936253476639, "ENV_Train_Probability to choose the right action_epoch9": 0.7736628572025561, "ENV_Train_Weighted right action_epoch9": 0.8388936253476639, "ENV_Train_Weighted probability to choose the right action:_epoch9": 0.7736628572025561, "ENV_Test_TotalLoss_epoch9": 206.2289809806491, "ENV_Test_Right action_epoch9": 0.809984, "ENV_Test_Probability to choose the right action_epoch9": 0.7671901600338661, "ENV_Test_Weighted right action_epoch9": 0.8492954135103019, "ENV_Test_Weighted probability to choose the right action:_epoch9": 0.8107718663154742, "ENV_Test_proba_accuracy_epoch9": 0.767190160033866, "ENV_Test_proba_accuracy_strategy_132_epoch9": 0.8111690929892611, "ENV_Test_proba_accuracy_strategy_23_epoch9": 0.7693975985486818, "ENV_Test_proba_accuracy_strategy_107_epoch9": 0.8407056498327596, "ENV_Test_proba_accuracy_strategy_43_epoch9": 0.7748625441687217, "ENV_Test_proba_accuracy_strategy_17_epoch9": 0.7334581610521899, "ENV_Test_proba_accuracy_strategy_93_epoch9": 0.7677207300239226, "ENV_Test_proba_accuracy_per_mean_strategy_epoch9": 0.7828856294359229, "ENV_Test_proba_accuracy_per_mean_user_epoch9": 0.7804682625303074, "ENV_Test_proba_accuracy_per_mean_user_and_bot_epoch9": 0.8107718663154738, "ENV_Test_accuracy_epoch9": 0.809984, "ENV_Test_accuracy_strategy_132_epoch9": 0.8481586402266289, "ENV_Test_accuracy_strategy_23_epoch9": 0.8170948456939732, "ENV_Test_accuracy_strategy_107_epoch9": 0.8620689655172413, "ENV_Test_accuracy_strategy_43_epoch9": 0.816793893129771, "ENV_Test_accuracy_strategy_17_epoch9": 0.7765426497277677, "ENV_Test_accuracy_strategy_93_epoch9": 0.8040665434380776, "ENV_Test_accuracy_per_mean_strategy_epoch9": 0.8207875896222432, "ENV_Test_accuracy_per_mean_user_epoch9": 0.8235015959392404, "ENV_Test_accuracy_per_mean_user_and_bot_epoch9": 0.8492954135103024, "ENV_Train_TotalLoss_epoch10": 800.5990588190939, "ENV_Train_Right action_epoch10": 0.8417668437237908, "ENV_Train_Probability to choose the right action_epoch10": 0.7782338644787044, "ENV_Train_Weighted right action_epoch10": 0.8417668437237908, "ENV_Train_Weighted probability to choose the right action:_epoch10": 0.7782338644787044, "ENV_Test_TotalLoss_epoch10": 210.22882115331183, "ENV_Test_Right action_epoch10": 0.812928, "ENV_Test_Probability to choose the right action_epoch10": 0.7685782666033323, "ENV_Test_Weighted right action_epoch10": 0.8481150199003809, "ENV_Test_Weighted probability to choose the right action:_epoch10": 0.8084033773473349, "ENV_Test_proba_accuracy_epoch10": 0.7685782666033336, "ENV_Test_proba_accuracy_strategy_132_epoch10": 0.8125450869493154, "ENV_Test_proba_accuracy_strategy_23_epoch10": 0.7696280474906131, "ENV_Test_proba_accuracy_strategy_107_epoch10": 0.83844026323038, "ENV_Test_proba_accuracy_strategy_43_epoch10": 0.7749428330686616, "ENV_Test_proba_accuracy_strategy_17_epoch10": 0.737778957243417, "ENV_Test_proba_accuracy_strategy_93_epoch10": 0.7677591995119428, "ENV_Test_proba_accuracy_per_mean_strategy_epoch10": 0.783515731249055, "ENV_Test_proba_accuracy_per_mean_user_epoch10": 0.7819536749435881, "ENV_Test_proba_accuracy_per_mean_user_and_bot_epoch10": 0.8084033773473353, "ENV_Test_accuracy_epoch10": 0.812928, "ENV_Test_accuracy_strategy_132_epoch10": 0.8481586402266289, "ENV_Test_accuracy_strategy_23_epoch10": 0.8158022297624818, "ENV_Test_accuracy_strategy_107_epoch10": 0.8702791461412152, "ENV_Test_accuracy_strategy_43_epoch10": 0.816793893129771, "ENV_Test_accuracy_strategy_17_epoch10": 0.7876588021778584, "ENV_Test_accuracy_strategy_93_epoch10": 0.8040665434380776, "ENV_Test_accuracy_per_mean_strategy_epoch10": 0.8237932091460056, "ENV_Test_accuracy_per_mean_user_epoch10": 0.8256808104899349, "ENV_Test_accuracy_per_mean_user_and_bot_epoch10": 0.8481150199003807, "ENV_Train_TotalLoss_epoch11": 789.6328738818714, "ENV_Train_Right action_epoch11": 0.8463097567794241, "ENV_Train_Probability to choose the right action_epoch11": 0.7816089203109428, "ENV_Train_Weighted right action_epoch11": 0.8463097567794241, "ENV_Train_Weighted probability to choose the right action:_epoch11": 0.7816089203109428, "ENV_Test_TotalLoss_epoch11": 213.02723907430178, "ENV_Test_Right action_epoch11": 0.812096, "ENV_Test_Probability to choose the right action_epoch11": 0.7758617485119045, "ENV_Test_Weighted right action_epoch11": 0.8513661776687858, "ENV_Test_Weighted probability to choose the right action:_epoch11": 0.8176009224210072, "ENV_Test_proba_accuracy_epoch11": 0.7758617485119045, "ENV_Test_proba_accuracy_strategy_132_epoch11": 0.8241142303252217, "ENV_Test_proba_accuracy_strategy_23_epoch11": 0.7800421373512476, "ENV_Test_proba_accuracy_strategy_107_epoch11": 0.8479918096547161, "ENV_Test_proba_accuracy_strategy_43_epoch11": 0.7837477234053201, "ENV_Test_proba_accuracy_strategy_17_epoch11": 0.7386032030611899, "ENV_Test_proba_accuracy_strategy_93_epoch11": 0.7729723322929843, "ENV_Test_proba_accuracy_per_mean_strategy_epoch11": 0.7912452393484467, "ENV_Test_proba_accuracy_per_mean_user_epoch11": 0.7891093098346734, "ENV_Test_proba_accuracy_per_mean_user_and_bot_epoch11": 0.8176009224210069, "ENV_Test_accuracy_epoch11": 0.812096, "ENV_Test_accuracy_strategy_132_epoch11": 0.8509915014164305, "ENV_Test_accuracy_strategy_23_epoch11": 0.8212958474713201, "ENV_Test_accuracy_strategy_107_epoch11": 0.8702791461412152, "ENV_Test_accuracy_strategy_43_epoch11": 0.8180661577608143, "ENV_Test_accuracy_strategy_17_epoch11": 0.7747277676950998, "ENV_Test_accuracy_strategy_93_epoch11": 0.8068391866913124, "ENV_Test_accuracy_per_mean_strategy_epoch11": 0.8236999345293654, "ENV_Test_accuracy_per_mean_user_epoch11": 0.8247502306732707, "ENV_Test_accuracy_per_mean_user_and_bot_epoch11": 0.8513661776687854, "ENV_Train_TotalLoss_epoch12": 775.3394190723711, "ENV_Train_Right action_epoch12": 0.8486267384163813, "ENV_Train_Probability to choose the right action_epoch12": 0.7863932800209685, "ENV_Train_Weighted right action_epoch12": 0.8486267384163813, "ENV_Train_Weighted probability to choose the right action:_epoch12": 0.7863932800209685, "ENV_Test_TotalLoss_epoch12": 213.3649119209481, "ENV_Test_Right action_epoch12": 0.8144, "ENV_Test_Probability to choose the right action_epoch12": 0.7773038833785576, "ENV_Test_Weighted right action_epoch12": 0.8536897865065372, "ENV_Test_Weighted probability to choose the right action:_epoch12": 0.818775495356224, "ENV_Test_proba_accuracy_epoch12": 0.7773038833785574, "ENV_Test_proba_accuracy_strategy_132_epoch12": 0.8238501295861139, "ENV_Test_proba_accuracy_strategy_23_epoch12": 0.7782556465493013, "ENV_Test_proba_accuracy_strategy_107_epoch12": 0.8493611046404539, "ENV_Test_proba_accuracy_strategy_43_epoch12": 0.7820576267045972, "ENV_Test_proba_accuracy_strategy_17_epoch12": 0.7451918087522319, "ENV_Test_proba_accuracy_strategy_93_epoch12": 0.7792906725428294, "ENV_Test_proba_accuracy_per_mean_strategy_epoch12": 0.7930011647959212, "ENV_Test_proba_accuracy_per_mean_user_epoch12": 0.7902533685981205, "ENV_Test_proba_accuracy_per_mean_user_and_bot_epoch12": 0.8187754953562241, "ENV_Test_accuracy_epoch12": 0.8144, "ENV_Test_accuracy_strategy_132_epoch12": 0.8521246458923513, "ENV_Test_accuracy_strategy_23_epoch12": 0.8166101147196639, "ENV_Test_accuracy_strategy_107_epoch12": 0.8735632183908046, "ENV_Test_accuracy_strategy_43_epoch12": 0.821882951653944, "ENV_Test_accuracy_strategy_17_epoch12": 0.786978221415608, "ENV_Test_accuracy_strategy_93_epoch12": 0.8077634011090573, "ENV_Test_accuracy_per_mean_strategy_epoch12": 0.8264870921969049, "ENV_Test_accuracy_per_mean_user_epoch12": 0.8269474502562608, "ENV_Test_accuracy_per_mean_user_and_bot_epoch12": 0.8536897865065369, "ENV_Train_TotalLoss_epoch13": 769.8934714994807, "ENV_Train_Right action_epoch13": 0.8484793425392744, "ENV_Train_Probability to choose the right action_epoch13": 0.7875952949224995, "ENV_Train_Weighted right action_epoch13": 0.8484793425392744, "ENV_Train_Weighted probability to choose the right action:_epoch13": 0.7875952949224995, "ENV_Test_TotalLoss_epoch13": 212.47110182059507, "ENV_Test_Right action_epoch13": 0.812288, "ENV_Test_Probability to choose the right action_epoch13": 0.7692473940585025, "ENV_Test_Weighted right action_epoch13": 0.8513907331733707, "ENV_Test_Weighted probability to choose the right action:_epoch13": 0.8119761872925291, "ENV_Test_proba_accuracy_epoch13": 0.7692473940585027, "ENV_Test_proba_accuracy_strategy_132_epoch13": 0.8175652828191411, "ENV_Test_proba_accuracy_strategy_23_epoch13": 0.7693782270335457, "ENV_Test_proba_accuracy_strategy_107_epoch13": 0.8431708502205858, "ENV_Test_proba_accuracy_strategy_43_epoch13": 0.7762103087770189, "ENV_Test_proba_accuracy_strategy_17_epoch13": 0.7373752485271869, "ENV_Test_proba_accuracy_strategy_93_epoch13": 0.7678024142218637, "ENV_Test_proba_accuracy_per_mean_strategy_epoch13": 0.7852503885998902, "ENV_Test_proba_accuracy_per_mean_user_epoch13": 0.7831992092789577, "ENV_Test_proba_accuracy_per_mean_user_and_bot_epoch13": 0.8119761872925291, "ENV_Test_accuracy_epoch13": 0.812288, "ENV_Test_accuracy_strategy_132_epoch13": 0.8521246458923513, "ENV_Test_accuracy_strategy_23_epoch13": 0.8191953465826466, "ENV_Test_accuracy_strategy_107_epoch13": 0.8686371100164204, "ENV_Test_accuracy_strategy_43_epoch13": 0.8199745547073791, "ENV_Test_accuracy_strategy_17_epoch13": 0.7788112522686026, "ENV_Test_accuracy_strategy_93_epoch13": 0.8012939001848429, "ENV_Test_accuracy_per_mean_strategy_epoch13": 0.8233394682753737, "ENV_Test_accuracy_per_mean_user_epoch13": 0.8255620129917575, "ENV_Test_accuracy_per_mean_user_and_bot_epoch13": 0.8513907331733703, "ENV_Train_TotalLoss_epoch14": 754.5164998935215, "ENV_Train_Right action_epoch14": 0.8519232919601923, "ENV_Train_Probability to choose the right action_epoch14": 0.7918971598808946, "ENV_Train_Weighted right action_epoch14": 0.8519232919601923, "ENV_Train_Weighted probability to choose the right action:_epoch14": 0.7918971598808946, "ENV_Test_TotalLoss_epoch14": 224.24045957781422, "ENV_Test_Right action_epoch14": 0.814272, "ENV_Test_Probability to choose the right action_epoch14": 0.7755479827176023, "ENV_Test_Weighted right action_epoch14": 0.8508275827800098, "ENV_Test_Weighted probability to choose the right action:_epoch14": 0.816079382666899, "ENV_Test_proba_accuracy_epoch14": 0.775547982717602, "ENV_Test_proba_accuracy_strategy_132_epoch14": 0.8202091276912825, "ENV_Test_proba_accuracy_strategy_23_epoch14": 0.7767123667953235, "ENV_Test_proba_accuracy_strategy_107_epoch14": 0.8517366024273071, "ENV_Test_proba_accuracy_strategy_43_epoch14": 0.7830524408169762, "ENV_Test_proba_accuracy_strategy_17_epoch14": 0.744164257106929, "ENV_Test_proba_accuracy_strategy_93_epoch14": 0.7701046287627512, "ENV_Test_proba_accuracy_per_mean_strategy_epoch14": 0.790996570600095, "ENV_Test_proba_accuracy_per_mean_user_epoch14": 0.7886771435429217, "ENV_Test_proba_accuracy_per_mean_user_and_bot_epoch14": 0.8160793826668994, "ENV_Test_accuracy_epoch14": 0.814272, "ENV_Test_accuracy_strategy_132_epoch14": 0.8498583569405099, "ENV_Test_accuracy_strategy_23_epoch14": 0.8182258846340281, "ENV_Test_accuracy_strategy_107_epoch14": 0.8784893267651889, "ENV_Test_accuracy_strategy_43_epoch14": 0.8193384223918575, "ENV_Test_accuracy_strategy_17_epoch14": 0.7885662431941923, "ENV_Test_accuracy_strategy_93_epoch14": 0.7948243992606284, "ENV_Test_accuracy_per_mean_strategy_epoch14": 0.8248837721977343, "ENV_Test_accuracy_per_mean_user_epoch14": 0.8280146043609253, "ENV_Test_accuracy_per_mean_user_and_bot_epoch14": 0.8508275827800105, "ENV_Train_TotalLoss_epoch15": 746.646393939072, "ENV_Train_Right action_epoch15": 0.8550441018185885, "ENV_Train_Probability to choose the right action_epoch15": 0.7950780810769136, "ENV_Train_Weighted right action_epoch15": 0.8550441018185885, "ENV_Train_Weighted probability to choose the right action:_epoch15": 0.7950780810769136, "ENV_Test_TotalLoss_epoch15": 221.8235141885787, "ENV_Test_Right action_epoch15": 0.811776, "ENV_Test_Probability to choose the right action_epoch15": 0.7778315995690688, "ENV_Test_Weighted right action_epoch15": 0.84895151009282, "ENV_Test_Weighted probability to choose the right action:_epoch15": 0.8174494585674502, "ENV_Test_proba_accuracy_epoch15": 0.7778315995690686, "ENV_Test_proba_accuracy_strategy_132_epoch15": 0.825020127127959, "ENV_Test_proba_accuracy_strategy_23_epoch15": 0.7809665974925115, "ENV_Test_proba_accuracy_strategy_107_epoch15": 0.8489940025446275, "ENV_Test_proba_accuracy_strategy_43_epoch15": 0.7789442864355403, "ENV_Test_proba_accuracy_strategy_17_epoch15": 0.7463586979609713, "ENV_Test_proba_accuracy_strategy_93_epoch15": 0.769472311059506, "ENV_Test_proba_accuracy_per_mean_strategy_epoch15": 0.7916260037701859, "ENV_Test_proba_accuracy_per_mean_user_epoch15": 0.7909611322350839, "ENV_Test_proba_accuracy_per_mean_user_and_bot_epoch15": 0.8174494585674498, "ENV_Test_accuracy_epoch15": 0.811776, "ENV_Test_accuracy_strategy_132_epoch15": 0.856657223796034, "ENV_Test_accuracy_strategy_23_epoch15": 0.8175795766682824, "ENV_Test_accuracy_strategy_107_epoch15": 0.8735632183908046, "ENV_Test_accuracy_strategy_43_epoch15": 0.8110687022900763, "ENV_Test_accuracy_strategy_17_epoch15": 0.7822141560798548, "ENV_Test_accuracy_strategy_93_epoch15": 0.7920517560073937, "ENV_Test_accuracy_per_mean_strategy_epoch15": 0.8221891055387411, "ENV_Test_accuracy_per_mean_user_epoch15": 0.8253969944535002, "ENV_Test_accuracy_per_mean_user_and_bot_epoch15": 0.8489515100928203, "ENV_Train_TotalLoss_epoch16": 738.6374643933087, "ENV_Train_Right action_epoch16": 0.8566116857701985, "ENV_Train_Probability to choose the right action_epoch16": 0.7978329792391473, "ENV_Train_Weighted right action_epoch16": 0.8566116857701985, "ENV_Train_Weighted probability to choose the right action:_epoch16": 0.7978329792391473, "ENV_Test_TotalLoss_epoch16": 218.41291778531894, "ENV_Test_Right action_epoch16": 0.811648, "ENV_Test_Probability to choose the right action_epoch16": 0.7684518060061929, "ENV_Test_Weighted right action_epoch16": 0.8504684918959042, "ENV_Test_Weighted probability to choose the right action:_epoch16": 0.8093403583322311, "ENV_Test_proba_accuracy_epoch16": 0.768451806006192, "ENV_Test_proba_accuracy_strategy_132_epoch16": 0.81715139551113, "ENV_Test_proba_accuracy_strategy_23_epoch16": 0.7700601507452802, "ENV_Test_proba_accuracy_strategy_107_epoch16": 0.8340600522847688, "ENV_Test_proba_accuracy_strategy_43_epoch16": 0.7733050270161387, "ENV_Test_proba_accuracy_strategy_17_epoch16": 0.7371846354325627, "ENV_Test_proba_accuracy_strategy_93_epoch16": 0.7632135263489235, "ENV_Test_proba_accuracy_per_mean_strategy_epoch16": 0.7824957978898007, "ENV_Test_proba_accuracy_per_mean_user_epoch16": 0.7813789213612032, "ENV_Test_proba_accuracy_per_mean_user_and_bot_epoch16": 0.8093403583322313, "ENV_Test_accuracy_epoch16": 0.811648, "ENV_Test_accuracy_strategy_132_epoch16": 0.8521246458923513, "ENV_Test_accuracy_strategy_23_epoch16": 0.8167716917111003, "ENV_Test_accuracy_strategy_107_epoch16": 0.8719211822660099, "ENV_Test_accuracy_strategy_43_epoch16": 0.8129770992366412, "ENV_Test_accuracy_strategy_17_epoch16": 0.7842558983666061, "ENV_Test_accuracy_strategy_93_epoch16": 0.7920517560073937, "ENV_Test_accuracy_per_mean_strategy_epoch16": 0.8216837122466837, "ENV_Test_accuracy_per_mean_user_epoch16": 0.8242669693195447, "ENV_Test_accuracy_per_mean_user_and_bot_epoch16": 0.850468491895904, "ENV_Train_TotalLoss_epoch17": 728.8843545195133, "ENV_Train_Right action_epoch17": 0.859003927817615, "ENV_Train_Probability to choose the right action_epoch17": 0.7995932256530766, "ENV_Train_Weighted right action_epoch17": 0.859003927817615, "ENV_Train_Weighted probability to choose the right action:_epoch17": 0.7995932256530766, "ENV_Test_TotalLoss_epoch17": 219.46452521112158, "ENV_Test_Right action_epoch17": 0.81696, "ENV_Test_Probability to choose the right action_epoch17": 0.7783067837601804, "ENV_Test_Weighted right action_epoch17": 0.8516988064734129, "ENV_Test_Weighted probability to choose the right action:_epoch17": 0.8172633321343035, "ENV_Test_proba_accuracy_epoch17": 0.7783067837601807, "ENV_Test_proba_accuracy_strategy_132_epoch17": 0.8224052845353294, "ENV_Test_proba_accuracy_strategy_23_epoch17": 0.7811242740298937, "ENV_Test_proba_accuracy_strategy_107_epoch17": 0.8482091977383936, "ENV_Test_proba_accuracy_strategy_43_epoch17": 0.7789803285311978, "ENV_Test_proba_accuracy_strategy_17_epoch17": 0.7482767504207648, "ENV_Test_proba_accuracy_strategy_93_epoch17": 0.7722732378451924, "ENV_Test_proba_accuracy_per_mean_strategy_epoch17": 0.7918781788501286, "ENV_Test_proba_accuracy_per_mean_user_epoch17": 0.7908313865474336, "ENV_Test_proba_accuracy_per_mean_user_and_bot_epoch17": 0.8172633321343034, "ENV_Test_accuracy_epoch17": 0.81696, "ENV_Test_accuracy_strategy_132_epoch17": 0.851558073654391, "ENV_Test_accuracy_strategy_23_epoch17": 0.8235579253514299, "ENV_Test_accuracy_strategy_107_epoch17": 0.8702791461412152, "ENV_Test_accuracy_strategy_43_epoch17": 0.811704834605598, "ENV_Test_accuracy_strategy_17_epoch17": 0.7915154264972777, "ENV_Test_accuracy_strategy_93_epoch17": 0.8040665434380776, "ENV_Test_accuracy_per_mean_strategy_epoch17": 0.825446991614665, "ENV_Test_accuracy_per_mean_user_epoch17": 0.8286404949730877, "ENV_Test_accuracy_per_mean_user_and_bot_epoch17": 0.8516988064734135, "ENV_Train_TotalLoss_epoch18": 723.5086049807835, "ENV_Train_Right action_epoch18": 0.8601693730959501, "ENV_Train_Probability to choose the right action_epoch18": 0.8019120234016888, "ENV_Train_Weighted right action_epoch18": 0.8601693730959501, "ENV_Train_Weighted probability to choose the right action:_epoch18": 0.8019120234016888, "ENV_Test_TotalLoss_epoch18": 227.8373306844716, "ENV_Test_Right action_epoch18": 0.81472, "ENV_Test_Probability to choose the right action_epoch18": 0.7817619032383506, "ENV_Test_Weighted right action_epoch18": 0.8517236691770426, "ENV_Test_Weighted probability to choose the right action:_epoch18": 0.822632141113889, "ENV_Test_proba_accuracy_epoch18": 0.7817619032383515, "ENV_Test_proba_accuracy_strategy_132_epoch18": 0.8255997596489042, "ENV_Test_proba_accuracy_strategy_23_epoch18": 0.7833223099852198, "ENV_Test_proba_accuracy_strategy_107_epoch18": 0.850859242126987, "ENV_Test_proba_accuracy_strategy_43_epoch18": 0.7863058587901819, "ENV_Test_proba_accuracy_strategy_17_epoch18": 0.7516606474955873, "ENV_Test_proba_accuracy_strategy_93_epoch18": 0.7784641064568862, "ENV_Test_proba_accuracy_per_mean_strategy_epoch18": 0.7960353207506278, "ENV_Test_proba_accuracy_per_mean_user_epoch18": 0.7949552727972062, "ENV_Test_proba_accuracy_per_mean_user_and_bot_epoch18": 0.8226321411138897, "ENV_Test_accuracy_epoch18": 0.81472, "ENV_Test_accuracy_strategy_132_epoch18": 0.851558073654391, "ENV_Test_accuracy_strategy_23_epoch18": 0.8180643076425917, "ENV_Test_accuracy_strategy_107_epoch18": 0.8653530377668309, "ENV_Test_accuracy_strategy_43_epoch18": 0.8136132315521628, "ENV_Test_accuracy_strategy_17_epoch18": 0.7894736842105263, "ENV_Test_accuracy_strategy_93_epoch18": 0.8114602587800369, "ENV_Test_accuracy_per_mean_strategy_epoch18": 0.8249204322677567, "ENV_Test_accuracy_per_mean_user_epoch18": 0.8275786268748135, "ENV_Test_accuracy_per_mean_user_and_bot_epoch18": 0.851723669177043, "ENV_Train_TotalLoss_epoch19": 716.1304211369468, "ENV_Train_Right action_epoch19": 0.8618255521386636, "ENV_Train_Probability to choose the right action_epoch19": 0.8042500544849452, "ENV_Train_Weighted right action_epoch19": 0.8618255521386636, "ENV_Train_Weighted probability to choose the right action:_epoch19": 0.8042500544849452, "ENV_Test_TotalLoss_epoch19": 227.38101987394043, "ENV_Test_Right action_epoch19": 0.812032, "ENV_Test_Probability to choose the right action_epoch19": 0.7772109835860849, "ENV_Test_Weighted right action_epoch19": 0.8493718246054146, "ENV_Test_Weighted probability to choose the right action:_epoch19": 0.8165094355354284, "ENV_Test_proba_accuracy_epoch19": 0.7772109835860846, "ENV_Test_proba_accuracy_strategy_132_epoch19": 0.8193484173842903, "ENV_Test_proba_accuracy_strategy_23_epoch19": 0.7782032752223298, "ENV_Test_proba_accuracy_strategy_107_epoch19": 0.8423337748125469, "ENV_Test_proba_accuracy_strategy_43_epoch19": 0.7801406656666324, "ENV_Test_proba_accuracy_strategy_17_epoch19": 0.748919541819631, "ENV_Test_proba_accuracy_strategy_93_epoch19": 0.7771458926696679, "ENV_Test_proba_accuracy_per_mean_strategy_epoch19": 0.7910152612625164, "ENV_Test_proba_accuracy_per_mean_user_epoch19": 0.789551953436088, "ENV_Test_proba_accuracy_per_mean_user_and_bot_epoch19": 0.8165094355354275, "ENV_Test_accuracy_epoch19": 0.812032, "ENV_Test_accuracy_strategy_132_epoch19": 0.8481586402266289, "ENV_Test_accuracy_strategy_23_epoch19": 0.8146711908224269, "ENV_Test_accuracy_strategy_107_epoch19": 0.8587848932676518, "ENV_Test_accuracy_strategy_43_epoch19": 0.8142493638676844, "ENV_Test_accuracy_strategy_17_epoch19": 0.7862976406533575, "ENV_Test_accuracy_strategy_93_epoch19": 0.8133086876155268, "ENV_Test_accuracy_per_mean_strategy_epoch19": 0.8225784027422126, "ENV_Test_accuracy_per_mean_user_epoch19": 0.8251492320215852, "ENV_Test_accuracy_per_mean_user_and_bot_epoch19": 0.8493718246054139, "ENV_Train_TotalLoss_epoch20": 699.5634637750267, "ENV_Train_Right action_epoch20": 0.8652082750908583, "ENV_Train_Probability to choose the right action_epoch20": 0.808522665068987, "ENV_Train_Weighted right action_epoch20": 0.8652082750908583, "ENV_Train_Weighted probability to choose the right action:_epoch20": 0.808522665068987, "ENV_Test_TotalLoss_epoch20": 221.9287545335, "ENV_Test_Right action_epoch20": 0.815616, "ENV_Test_Probability to choose the right action_epoch20": 0.7810164619053187, "ENV_Test_Weighted right action_epoch20": 0.8528905762517233, "ENV_Test_Weighted probability to choose the right action:_epoch20": 0.8225557500108094, "ENV_Test_proba_accuracy_epoch20": 0.781016461905318, "ENV_Test_proba_accuracy_strategy_132_epoch20": 0.8231965960813096, "ENV_Test_proba_accuracy_strategy_23_epoch20": 0.7831390374492656, "ENV_Test_proba_accuracy_strategy_107_epoch20": 0.8504522930906865, "ENV_Test_proba_accuracy_strategy_43_epoch20": 0.7887610942420596, "ENV_Test_proba_accuracy_strategy_17_epoch20": 0.7501022501840685, "ENV_Test_proba_accuracy_strategy_93_epoch20": 0.775678481480091, "ENV_Test_proba_accuracy_per_mean_strategy_epoch20": 0.7952216254212469, "ENV_Test_proba_accuracy_per_mean_user_epoch20": 0.7930898868941795, "ENV_Test_proba_accuracy_per_mean_user_and_bot_epoch20": 0.8225557500108104, "ENV_Test_accuracy_epoch20": 0.815616, "ENV_Test_accuracy_strategy_132_epoch20": 0.8492917847025496, "ENV_Test_accuracy_strategy_23_epoch20": 0.8224268864113751, "ENV_Test_accuracy_strategy_107_epoch20": 0.8719211822660099, "ENV_Test_accuracy_strategy_43_epoch20": 0.821882951653944, "ENV_Test_accuracy_strategy_17_epoch20": 0.7851633393829401, "ENV_Test_accuracy_strategy_93_epoch20": 0.8049907578558225, "ENV_Test_accuracy_per_mean_strategy_epoch20": 0.8259461503787735, "ENV_Test_accuracy_per_mean_user_epoch20": 0.8263486974199031, "ENV_Test_accuracy_per_mean_user_and_bot_epoch20": 0.8528905762517233, "ENV_Train_TotalLoss_epoch21": 702.0712831027151, "ENV_Train_Right action_epoch21": 0.8659361547492592, "ENV_Train_Probability to choose the right action_epoch21": 0.8087661485097771, "ENV_Train_Weighted right action_epoch21": 0.8659361547492592, "ENV_Train_Weighted probability to choose the right action:_epoch21": 0.8087661485097771, "ENV_Test_TotalLoss_epoch21": 225.9248075668529, "ENV_Test_Right action_epoch21": 0.81056, "ENV_Test_Probability to choose the right action_epoch21": 0.7757269308997763, "ENV_Test_Weighted right action_epoch21": 0.8488060919698263, "ENV_Test_Weighted probability to choose the right action:_epoch21": 0.8156633523895722, "ENV_Test_proba_accuracy_epoch21": 0.7757269308997767, "ENV_Test_proba_accuracy_strategy_132_epoch21": 0.8227886806469281, "ENV_Test_proba_accuracy_strategy_23_epoch21": 0.7759049473399373, "ENV_Test_proba_accuracy_strategy_107_epoch21": 0.8398174546732452, "ENV_Test_proba_accuracy_strategy_43_epoch21": 0.7772582018032852, "ENV_Test_proba_accuracy_strategy_17_epoch21": 0.7474756331672341, "ENV_Test_proba_accuracy_strategy_93_epoch21": 0.7747358971796433, "ENV_Test_proba_accuracy_per_mean_strategy_epoch21": 0.7896634691350455, "ENV_Test_proba_accuracy_per_mean_user_epoch21": 0.7891842586181937, "ENV_Test_proba_accuracy_per_mean_user_and_bot_epoch21": 0.8156633523895727, "ENV_Test_accuracy_epoch21": 0.81056, "ENV_Test_accuracy_strategy_132_epoch21": 0.8498583569405099, "ENV_Test_accuracy_strategy_23_epoch21": 0.811278074002262, "ENV_Test_accuracy_strategy_107_epoch21": 0.8604269293924466, "ENV_Test_accuracy_strategy_43_epoch21": 0.8078880407124682, "ENV_Test_accuracy_strategy_17_epoch21": 0.7901542649727767, "ENV_Test_accuracy_strategy_93_epoch21": 0.8012939001848429, "ENV_Test_accuracy_per_mean_strategy_epoch21": 0.8201499277008845, "ENV_Test_accuracy_per_mean_user_epoch21": 0.822827594367002, "ENV_Test_accuracy_per_mean_user_and_bot_epoch21": 0.8488060919698267, "ENV_Train_TotalLoss_epoch22": 692.8525860117892, "ENV_Train_Right action_epoch22": 0.8661587922840369, "ENV_Train_Probability to choose the right action_epoch22": 0.8109170620205715, "ENV_Train_Weighted right action_epoch22": 0.8661587922840369, "ENV_Train_Weighted probability to choose the right action:_epoch22": 0.8109170620205715, "ENV_Test_TotalLoss_epoch22": 217.7484276548453, "ENV_Test_Right action_epoch22": 0.813568, "ENV_Test_Probability to choose the right action_epoch22": 0.7733520768394091, "ENV_Test_Weighted right action_epoch22": 0.8527885163282599, "ENV_Test_Weighted probability to choose the right action:_epoch22": 0.8126161909417238, "ENV_Test_proba_accuracy_epoch22": 0.7733520768394091, "ENV_Test_proba_accuracy_strategy_132_epoch22": 0.8201613243158633, "ENV_Test_proba_accuracy_strategy_23_epoch22": 0.7744973212235404, "ENV_Test_proba_accuracy_strategy_107_epoch22": 0.8404156643512437, "ENV_Test_proba_accuracy_strategy_43_epoch22": 0.7744225886319707, "ENV_Test_proba_accuracy_strategy_17_epoch22": 0.7439838359526597, "ENV_Test_proba_accuracy_strategy_93_epoch22": 0.7707868247200447, "ENV_Test_proba_accuracy_per_mean_strategy_epoch22": 0.7873779265325539, "ENV_Test_proba_accuracy_per_mean_user_epoch22": 0.7858990954768073, "ENV_Test_proba_accuracy_per_mean_user_and_bot_epoch22": 0.8126161909417241, "ENV_Test_accuracy_epoch22": 0.813568, "ENV_Test_accuracy_strategy_132_epoch22": 0.8589235127478754, "ENV_Test_accuracy_strategy_23_epoch22": 0.8149943448052998, "ENV_Test_accuracy_strategy_107_epoch22": 0.8702791461412152, "ENV_Test_accuracy_strategy_43_epoch22": 0.8161577608142494, "ENV_Test_accuracy_strategy_17_epoch22": 0.7883393829401089, "ENV_Test_accuracy_strategy_93_epoch22": 0.7985212569316081, "ENV_Test_accuracy_per_mean_strategy_epoch22": 0.8245359007300594, "ENV_Test_accuracy_per_mean_user_epoch22": 0.827976363606223, "ENV_Test_accuracy_per_mean_user_and_bot_epoch22": 0.8527885163282595, "ENV_Train_TotalLoss_epoch23": 683.6941499023917, "ENV_Train_Right action_epoch23": 0.8693671027619367, "ENV_Train_Probability to choose the right action_epoch23": 0.8133732401235065, "ENV_Train_Weighted right action_epoch23": 0.8693671027619367, "ENV_Train_Weighted probability to choose the right action:_epoch23": 0.8133732401235065, "ENV_Test_TotalLoss_epoch23": 222.67389262944246, "ENV_Test_Right action_epoch23": 0.812224, "ENV_Test_Probability to choose the right action_epoch23": 0.7771466955745522, "ENV_Test_Weighted right action_epoch23": 0.8536919575816119, "ENV_Test_Weighted probability to choose the right action:_epoch23": 0.8148509592678804, "ENV_Test_proba_accuracy_epoch23": 0.7771466955745518, "ENV_Test_proba_accuracy_strategy_132_epoch23": 0.8197840010404656, "ENV_Test_proba_accuracy_strategy_23_epoch23": 0.7804339766369215, "ENV_Test_proba_accuracy_strategy_107_epoch23": 0.8437418643673337, "ENV_Test_proba_accuracy_strategy_43_epoch23": 0.7769090200818582, "ENV_Test_proba_accuracy_strategy_17_epoch23": 0.7468167982182647, "ENV_Test_proba_accuracy_strategy_93_epoch23": 0.7752165005504129, "ENV_Test_proba_accuracy_per_mean_strategy_epoch23": 0.7904836934825429, "ENV_Test_proba_accuracy_per_mean_user_epoch23": 0.788175519164519, "ENV_Test_proba_accuracy_per_mean_user_and_bot_epoch23": 0.8148509592678812, "ENV_Test_accuracy_epoch23": 0.812224, "ENV_Test_accuracy_strategy_132_epoch23": 0.8543909348441926, "ENV_Test_accuracy_strategy_23_epoch23": 0.8170948456939732, "ENV_Test_accuracy_strategy_107_epoch23": 0.8768472906403941, "ENV_Test_accuracy_strategy_43_epoch23": 0.8091603053435115, "ENV_Test_accuracy_strategy_17_epoch23": 0.7803992740471869, "ENV_Test_accuracy_strategy_93_epoch23": 0.8133086876155268, "ENV_Test_accuracy_per_mean_strategy_epoch23": 0.8252002230307975, "ENV_Test_accuracy_per_mean_user_epoch23": 0.8243426744234302, "ENV_Test_accuracy_per_mean_user_and_bot_epoch23": 0.8536919575816114, "ENV_Train_TotalLoss_epoch24": 679.7672593403812, "ENV_Train_Right action_epoch24": 0.8708117250730371, "ENV_Train_Probability to choose the right action_epoch24": 0.8155559434746825, "ENV_Train_Weighted right action_epoch24": 0.8708117250730371, "ENV_Train_Weighted probability to choose the right action:_epoch24": 0.8155559434746825, "ENV_Test_TotalLoss_epoch24": 232.33473821152222, "ENV_Test_Right action_epoch24": 0.811264, "ENV_Test_Probability to choose the right action_epoch24": 0.781215933493677, "ENV_Test_Weighted right action_epoch24": 0.8453971546986906, "ENV_Test_Weighted probability to choose the right action:_epoch24": 0.8177959132555089, "ENV_Test_proba_accuracy_epoch24": 0.781215933493677, "ENV_Test_proba_accuracy_strategy_132_epoch24": 0.8206689745111627, "ENV_Test_proba_accuracy_strategy_23_epoch24": 0.7846934557120566, "ENV_Test_proba_accuracy_strategy_107_epoch24": 0.8410913088510145, "ENV_Test_proba_accuracy_strategy_43_epoch24": 0.779770894486926, "ENV_Test_proba_accuracy_strategy_17_epoch24": 0.7528830969558513, "ENV_Test_proba_accuracy_strategy_93_epoch24": 0.7807923094449857, "ENV_Test_proba_accuracy_per_mean_strategy_epoch24": 0.7933166733269994, "ENV_Test_proba_accuracy_per_mean_user_epoch24": 0.792852052299642, "ENV_Test_proba_accuracy_per_mean_user_and_bot_epoch24": 0.8177959132555094, "ENV_Test_accuracy_epoch24": 0.811264, "ENV_Test_accuracy_strategy_132_epoch24": 0.8526912181303116, "ENV_Test_accuracy_strategy_23_epoch24": 0.8156406527710454, "ENV_Test_accuracy_strategy_107_epoch24": 0.8604269293924466, "ENV_Test_accuracy_strategy_43_epoch24": 0.8085241730279898, "ENV_Test_accuracy_strategy_17_epoch24": 0.7867513611615246, "ENV_Test_accuracy_strategy_93_epoch24": 0.7948243992606284, "ENV_Test_accuracy_per_mean_strategy_epoch24": 0.8198097889573243, "ENV_Test_accuracy_per_mean_user_epoch24": 0.8238485351765386, "ENV_Test_accuracy_per_mean_user_and_bot_epoch24": 0.8453971546986901, "_wandb": {"runtime": 2009}}