{"ENV_Train_TotalLoss": 1009.2152649749219, "ENV_Train_TotalLoss_epoch0": 1207.0596248091629, "ENV_Train_Right action": 0.790970086664803, "ENV_Train_Right action_epoch0": 0.7419318769480202, "ENV_Train_Probability to choose the right action": 0.7135312069078574, "ENV_Train_Probability to choose the right action_epoch0": 0.6456115811927546, "ENV_Train_Weighted right action": 0.790970086664803, "ENV_Train_Weighted right action_epoch0": 0.7419318769480202, "ENV_Train_Weighted probability to choose the right action:": 0.7135312069078574, "ENV_Train_Weighted probability to choose the right action:_epoch0": 0.6456115811927546, "_timestamp": 1720493231.6547637, "_runtime": 2644.5950787067413, "_step": 49, "ENV_Test_TotalLoss": 238.0041927933895, "ENV_Test_TotalLoss_epoch0": 259.225916491471, "ENV_Test_Right action": 0.765312, "ENV_Test_Right action_epoch0": 0.755968, "ENV_Test_Probability to choose the right action": 0.6936274383440881, "ENV_Test_Probability to choose the right action_epoch0": 0.7033291260368306, "ENV_Test_Weighted right action": 0.8238733101257599, "ENV_Test_Weighted right action_epoch0": 0.8097695582149425, "ENV_Test_Weighted probability to choose the right action:": 0.752149805316345, "ENV_Test_Weighted probability to choose the right action:_epoch0": 0.7542799612845976, "ENV_Test_proba_accuracy": 0.6936274383440886, "ENV_Test_proba_accuracy_epoch0": 0.7033291260368304, "ENV_Test_proba_accuracy_strategy_132": 0.7626766004065235, "ENV_Test_proba_accuracy_strategy_132_epoch0": 0.7556287589647002, "ENV_Test_proba_accuracy_strategy_23": 0.6802380210806932, "ENV_Test_proba_accuracy_strategy_23_epoch0": 0.6949996954876557, "ENV_Test_proba_accuracy_strategy_107": 0.803236415249682, "ENV_Test_proba_accuracy_strategy_107_epoch0": 0.7868885059589872, "ENV_Test_proba_accuracy_strategy_43": 0.716957867467008, "ENV_Test_proba_accuracy_strategy_43_epoch0": 0.7232869093096334, "ENV_Test_proba_accuracy_strategy_17": 0.6576382495299551, "ENV_Test_proba_accuracy_strategy_17_epoch0": 0.6709894237885151, "ENV_Test_proba_accuracy_strategy_93": 0.7086074523726641, "ENV_Test_proba_accuracy_strategy_93_epoch0": 0.7213828260223069, "ENV_Test_proba_accuracy_per_mean_strategy": 0.7215591010177542, "ENV_Test_proba_accuracy_per_mean_strategy_epoch0": 0.7255293532552995, "ENV_Test_proba_accuracy_per_mean_user": 0.7126309181133716, "ENV_Test_proba_accuracy_per_mean_user_epoch0": 0.7202754320109613, "ENV_Test_proba_accuracy_per_mean_user_and_bot": 0.7521498053163442, "ENV_Test_proba_accuracy_per_mean_user_and_bot_epoch0": 0.7542799612845977, "ENV_Test_accuracy": 0.765312, "ENV_Test_accuracy_epoch0": 0.755968, "ENV_Test_accuracy_strategy_132": 0.8271954674220963, "ENV_Test_accuracy_strategy_132_epoch0": 0.803399433427762, "ENV_Test_accuracy_strategy_23": 0.7556955889481338, "ENV_Test_accuracy_strategy_23_epoch0": 0.7498788172564227, "ENV_Test_accuracy_strategy_107": 0.8735632183908046, "ENV_Test_accuracy_strategy_107_epoch0": 0.8390804597701149, "ENV_Test_accuracy_strategy_43": 0.7830788804071247, "ENV_Test_accuracy_strategy_43_epoch0": 0.7735368956743003, "ENV_Test_accuracy_strategy_17": 0.7289019963702359, "ENV_Test_accuracy_strategy_17_epoch0": 0.7216424682395645, "ENV_Test_accuracy_strategy_93": 0.7809611829944547, "ENV_Test_accuracy_strategy_93_epoch0": 0.7809611829944547, "ENV_Test_accuracy_per_mean_strategy": 0.791566055755475, "ENV_Test_accuracy_per_mean_strategy_epoch0": 0.7780832095604365, "ENV_Test_accuracy_per_mean_user": 0.7822688182317653, "ENV_Test_accuracy_per_mean_user_epoch0": 0.7736311106056758, "ENV_Test_accuracy_per_mean_user_and_bot": 0.8238733101257597, "ENV_Test_accuracy_per_mean_user_and_bot_epoch0": 0.8097695582149422, "ENV_Train_TotalLoss_epoch1": 1054.2171222363665, "ENV_Train_Right action_epoch1": 0.782829271019678, "ENV_Train_Probability to choose the right action_epoch1": 0.7000201896236571, "ENV_Train_Weighted right action_epoch1": 0.782829271019678, "ENV_Train_Weighted probability to choose the right action:_epoch1": 0.7000201896236571, "ENV_Test_TotalLoss_epoch1": 234.06532664216755, "ENV_Test_Right action_epoch1": 0.764096, "ENV_Test_Probability to choose the right action_epoch1": 0.6993426712353623, "ENV_Test_Weighted right action_epoch1": 0.8264056978947038, "ENV_Test_Weighted probability to choose the right action:_epoch1": 0.7575466375549179, "ENV_Test_proba_accuracy_epoch1": 0.6993426712353621, "ENV_Test_proba_accuracy_strategy_132_epoch1": 0.7614878011038191, "ENV_Test_proba_accuracy_strategy_23_epoch1": 0.6889726347880882, "ENV_Test_proba_accuracy_strategy_107_epoch1": 0.7917949469565222, "ENV_Test_proba_accuracy_strategy_43_epoch1": 0.7246394569996542, "ENV_Test_proba_accuracy_strategy_17_epoch1": 0.6629982080093412, "ENV_Test_proba_accuracy_strategy_93_epoch1": 0.7165611667242698, "ENV_Test_proba_accuracy_per_mean_strategy_epoch1": 0.7244090357636157, "ENV_Test_proba_accuracy_per_mean_user_epoch1": 0.7177679739116645, "ENV_Test_proba_accuracy_per_mean_user_and_bot_epoch1": 0.757546637554919, "ENV_Test_accuracy_epoch1": 0.764096, "ENV_Test_accuracy_strategy_132_epoch1": 0.8254957507082153, "ENV_Test_accuracy_strategy_23_epoch1": 0.7574729358539344, "ENV_Test_accuracy_strategy_107_epoch1": 0.8587848932676518, "ENV_Test_accuracy_strategy_43_epoch1": 0.799618320610687, "ENV_Test_accuracy_strategy_17_epoch1": 0.7202813067150635, "ENV_Test_accuracy_strategy_93_epoch1": 0.7754158964879853, "ENV_Test_accuracy_per_mean_strategy_epoch1": 0.7895115172739229, "ENV_Test_accuracy_per_mean_user_epoch1": 0.7851555429433331, "ENV_Test_accuracy_per_mean_user_and_bot_epoch1": 0.8264056978947033, "ENV_Train_TotalLoss_epoch2": 1021.7281277782807, "ENV_Train_Right action_epoch2": 0.7894324853228962, "ENV_Train_Probability to choose the right action_epoch2": 0.7097822797105503, "ENV_Train_Weighted right action_epoch2": 0.7894324853228962, "ENV_Train_Weighted probability to choose the right action:_epoch2": 0.7097822797105503, "ENV_Test_TotalLoss_epoch2": 231.00517480790805, "ENV_Test_Right action_epoch2": 0.766016, "ENV_Test_Probability to choose the right action_epoch2": 0.714966614564409, "ENV_Test_Weighted right action_epoch2": 0.8248509995542472, "ENV_Test_Weighted probability to choose the right action:_epoch2": 0.7650071215254506, "ENV_Test_proba_accuracy_epoch2": 0.7149666145644092, "ENV_Test_proba_accuracy_strategy_132_epoch2": 0.7716687299944044, "ENV_Test_proba_accuracy_strategy_23_epoch2": 0.7094862668877383, "ENV_Test_proba_accuracy_strategy_107_epoch2": 0.7947545279350717, "ENV_Test_proba_accuracy_strategy_43_epoch2": 0.725063656039207, "ENV_Test_proba_accuracy_strategy_17_epoch2": 0.6826775121698693, "ENV_Test_proba_accuracy_strategy_93_epoch2": 0.7257851108222575, "ENV_Test_proba_accuracy_per_mean_strategy_epoch2": 0.7349059673080913, "ENV_Test_proba_accuracy_per_mean_user_epoch2": 0.7316180631884113, "ENV_Test_proba_accuracy_per_mean_user_and_bot_epoch2": 0.7650071215254507, "ENV_Test_accuracy_epoch2": 0.766016, "ENV_Test_accuracy_strategy_132_epoch2": 0.8328611898016998, "ENV_Test_accuracy_strategy_23_epoch2": 0.7577960898368072, "ENV_Test_accuracy_strategy_107_epoch2": 0.8669950738916257, "ENV_Test_accuracy_strategy_43_epoch2": 0.7741730279898219, "ENV_Test_accuracy_strategy_17_epoch2": 0.7307168784029038, "ENV_Test_accuracy_strategy_93_epoch2": 0.7791127541589649, "ENV_Test_accuracy_per_mean_strategy_epoch2": 0.7902758356803039, "ENV_Test_accuracy_per_mean_user_epoch2": 0.7856024301621162, "ENV_Test_accuracy_per_mean_user_and_bot_epoch2": 0.8248509995542473, "ENV_Train_TotalLoss_epoch3": 1004.6908448403937, "ENV_Train_Right action_epoch3": 0.7918786692759295, "ENV_Train_Probability to choose the right action_epoch3": 0.714810314954034, "ENV_Train_Weighted right action_epoch3": 0.7918786692759295, "ENV_Train_Weighted probability to choose the right action:_epoch3": 0.714810314954034, "ENV_Test_TotalLoss_epoch3": 227.35538039632033, "ENV_Test_Right action_epoch3": 0.774208, "ENV_Test_Probability to choose the right action_epoch3": 0.7194421068650487, "ENV_Test_Weighted right action_epoch3": 0.8274620754356519, "ENV_Test_Weighted probability to choose the right action:_epoch3": 0.7715483440095519, "ENV_Test_proba_accuracy_epoch3": 0.7194421068650484, "ENV_Test_proba_accuracy_strategy_132_epoch3": 0.7837184194836376, "ENV_Test_proba_accuracy_strategy_23_epoch3": 0.7105398758130305, "ENV_Test_proba_accuracy_strategy_107_epoch3": 0.8062027628225222, "ENV_Test_proba_accuracy_strategy_43_epoch3": 0.738035334276214, "ENV_Test_proba_accuracy_strategy_17_epoch3": 0.6853723428099342, "ENV_Test_proba_accuracy_strategy_93_epoch3": 0.7284642355116464, "ENV_Test_proba_accuracy_per_mean_strategy_epoch3": 0.7420554951194975, "ENV_Test_proba_accuracy_per_mean_user_epoch3": 0.7363125190806855, "ENV_Test_proba_accuracy_per_mean_user_and_bot_epoch3": 0.7715483440095514, "ENV_Test_accuracy_epoch3": 0.774208, "ENV_Test_accuracy_strategy_132_epoch3": 0.8385269121813032, "ENV_Test_accuracy_strategy_23_epoch3": 0.7665212473743739, "ENV_Test_accuracy_strategy_107_epoch3": 0.8571428571428571, "ENV_Test_accuracy_strategy_43_epoch3": 0.7958015267175572, "ENV_Test_accuracy_strategy_17_epoch3": 0.7393375680580763, "ENV_Test_accuracy_strategy_93_epoch3": 0.777264325323475, "ENV_Test_accuracy_per_mean_strategy_epoch3": 0.7957657394662738, "ENV_Test_accuracy_per_mean_user_epoch3": 0.7900718854254406, "ENV_Test_accuracy_per_mean_user_and_bot_epoch3": 0.827462075435652, "ENV_Train_TotalLoss_epoch4": 996.3418048396065, "ENV_Train_Right action_epoch4": 0.7950187286856376, "ENV_Train_Probability to choose the right action_epoch4": 0.7173640353763844, "ENV_Train_Weighted right action_epoch4": 0.7950187286856376, "ENV_Train_Weighted probability to choose the right action:_epoch4": 0.7173640353763844, "ENV_Test_TotalLoss_epoch4": 225.71805672091244, "ENV_Test_Right action_epoch4": 0.771968, "ENV_Test_Probability to choose the right action_epoch4": 0.7154782406372575, "ENV_Test_Weighted right action_epoch4": 0.8287588720904612, "ENV_Test_Weighted probability to choose the right action:_epoch4": 0.7729621373276816, "ENV_Test_proba_accuracy_epoch4": 0.7154782406372572, "ENV_Test_proba_accuracy_strategy_132_epoch4": 0.7826569298853681, "ENV_Test_proba_accuracy_strategy_23_epoch4": 0.704139491052849, "ENV_Test_proba_accuracy_strategy_107_epoch4": 0.8178084653994752, "ENV_Test_proba_accuracy_strategy_43_epoch4": 0.7401575976541613, "ENV_Test_proba_accuracy_strategy_17_epoch4": 0.6783484829644165, "ENV_Test_proba_accuracy_strategy_93_epoch4": 0.7285633149127692, "ENV_Test_proba_accuracy_per_mean_strategy_epoch4": 0.74194571364484, "ENV_Test_proba_accuracy_per_mean_user_epoch4": 0.7336068655151258, "ENV_Test_proba_accuracy_per_mean_user_and_bot_epoch4": 0.7729621373276812, "ENV_Test_accuracy_epoch4": 0.771968, "ENV_Test_accuracy_strategy_132_epoch4": 0.826628895184136, "ENV_Test_accuracy_strategy_23_epoch4": 0.764259169494264, "ENV_Test_accuracy_strategy_107_epoch4": 0.8604269293924466, "ENV_Test_accuracy_strategy_43_epoch4": 0.7907124681933843, "ENV_Test_accuracy_strategy_17_epoch4": 0.7370689655172413, "ENV_Test_accuracy_strategy_93_epoch4": 0.7920517560073937, "ENV_Test_accuracy_per_mean_strategy_epoch4": 0.795191363964811, "ENV_Test_accuracy_per_mean_user_epoch4": 0.790585174008257, "ENV_Test_accuracy_per_mean_user_and_bot_epoch4": 0.8287588720904604, "ENV_Train_TotalLoss_epoch5": 999.4372627351713, "ENV_Train_Right action_epoch5": 0.7955920785990804, "ENV_Train_Probability to choose the right action_epoch5": 0.7174583561589121, "ENV_Train_Weighted right action_epoch5": 0.7955920785990804, "ENV_Train_Weighted probability to choose the right action:_epoch5": 0.7174583561589121, "ENV_Test_TotalLoss_epoch5": 232.41040198773348, "ENV_Test_Right action_epoch5": 0.775872, "ENV_Test_Probability to choose the right action_epoch5": 0.7180527507236836, "ENV_Test_Weighted right action_epoch5": 0.8290098449948046, "ENV_Test_Weighted probability to choose the right action:_epoch5": 0.7677579851216372, "ENV_Test_proba_accuracy_epoch5": 0.7180527507236831, "ENV_Test_proba_accuracy_strategy_132_epoch5": 0.7724576821278494, "ENV_Test_proba_accuracy_strategy_23_epoch5": 0.7105466901907949, "ENV_Test_proba_accuracy_strategy_107_epoch5": 0.8048505672442531, "ENV_Test_proba_accuracy_strategy_43_epoch5": 0.7359914078566746, "ENV_Test_proba_accuracy_strategy_17_epoch5": 0.6864195876168239, "ENV_Test_proba_accuracy_strategy_93_epoch5": 0.7261949396429427, "ENV_Test_proba_accuracy_per_mean_strategy_epoch5": 0.7394101457798897, "ENV_Test_proba_accuracy_per_mean_user_epoch5": 0.7348878470769018, "ENV_Test_proba_accuracy_per_mean_user_and_bot_epoch5": 0.7677579851216375, "ENV_Test_accuracy_epoch5": 0.775872, "ENV_Test_accuracy_strategy_132_epoch5": 0.8288951841359773, "ENV_Test_accuracy_strategy_23_epoch5": 0.7686217482630473, "ENV_Test_accuracy_strategy_107_epoch5": 0.8768472906403941, "ENV_Test_accuracy_strategy_43_epoch5": 0.7938931297709924, "ENV_Test_accuracy_strategy_17_epoch5": 0.7431941923774955, "ENV_Test_accuracy_strategy_93_epoch5": 0.7809611829944547, "ENV_Test_accuracy_per_mean_strategy_epoch5": 0.7987354546970602, "ENV_Test_accuracy_per_mean_user_epoch5": 0.7940228199480338, "ENV_Test_accuracy_per_mean_user_and_bot_epoch5": 0.8290098449948042, "ENV_Train_TotalLoss_epoch6": 1002.3647076062889, "ENV_Train_Right action_epoch6": 0.7925290327990273, "ENV_Train_Probability to choose the right action_epoch6": 0.7158388294424105, "ENV_Train_Weighted right action_epoch6": 0.7925290327990273, "ENV_Train_Weighted probability to choose the right action:_epoch6": 0.7158388294424105, "ENV_Test_TotalLoss_epoch6": 228.32575812263676, "ENV_Test_Right action_epoch6": 0.77568, "ENV_Test_Probability to choose the right action_epoch6": 0.7092521337184119, "ENV_Test_Weighted right action_epoch6": 0.8318084315882639, "ENV_Test_Weighted probability to choose the right action:_epoch6": 0.7623990335316807, "ENV_Test_proba_accuracy_epoch6": 0.7092521337184122, "ENV_Test_proba_accuracy_strategy_132_epoch6": 0.7733699310534614, "ENV_Test_proba_accuracy_strategy_23_epoch6": 0.6976386004465601, "ENV_Test_proba_accuracy_strategy_107_epoch6": 0.8034937318943319, "ENV_Test_proba_accuracy_strategy_43_epoch6": 0.7284454495068614, "ENV_Test_proba_accuracy_strategy_17_epoch6": 0.6763848335274641, "ENV_Test_proba_accuracy_strategy_93_epoch6": 0.7240601546576477, "ENV_Test_proba_accuracy_per_mean_strategy_epoch6": 0.7338987835143879, "ENV_Test_proba_accuracy_per_mean_user_epoch6": 0.7261126059987268, "ENV_Test_proba_accuracy_per_mean_user_and_bot_epoch6": 0.7623990335316817, "ENV_Test_accuracy_epoch6": 0.77568, "ENV_Test_accuracy_strategy_132_epoch6": 0.830028328611898, "ENV_Test_accuracy_strategy_23_epoch6": 0.7626433995798998, "ENV_Test_accuracy_strategy_107_epoch6": 0.8817733990147784, "ENV_Test_accuracy_strategy_43_epoch6": 0.7913486005089059, "ENV_Test_accuracy_strategy_17_epoch6": 0.7447822141560798, "ENV_Test_accuracy_strategy_93_epoch6": 0.8049907578558225, "ENV_Test_accuracy_per_mean_strategy_epoch6": 0.8025944499545642, "ENV_Test_accuracy_per_mean_user_epoch6": 0.7934217671736703, "ENV_Test_accuracy_per_mean_user_and_bot_epoch6": 0.8318084315882632, "ENV_Train_TotalLoss_epoch7": 989.5810723959291, "ENV_Train_Right action_epoch7": 0.7971764048084987, "ENV_Train_Probability to choose the right action_epoch7": 0.7197478584221111, "ENV_Train_Weighted right action_epoch7": 0.7971764048084987, "ENV_Train_Weighted probability to choose the right action:_epoch7": 0.7197478584221111, "ENV_Test_TotalLoss_epoch7": 236.570491036641, "ENV_Test_Right action_epoch7": 0.759744, "ENV_Test_Probability to choose the right action_epoch7": 0.7060410466573152, "ENV_Test_Weighted right action_epoch7": 0.8140085302427542, "ENV_Test_Weighted probability to choose the right action:_epoch7": 0.7565397635929003, "ENV_Test_proba_accuracy_epoch7": 0.706041046657316, "ENV_Test_proba_accuracy_strategy_132_epoch7": 0.7638677620367422, "ENV_Test_proba_accuracy_strategy_23_epoch7": 0.7018401168196126, "ENV_Test_proba_accuracy_strategy_107_epoch7": 0.8014859777495964, "ENV_Test_proba_accuracy_strategy_43_epoch7": 0.7257593624485167, "ENV_Test_proba_accuracy_strategy_17_epoch7": 0.6659390526174969, "ENV_Test_proba_accuracy_strategy_93_epoch7": 0.7167451468323784, "ENV_Test_proba_accuracy_per_mean_strategy_epoch7": 0.7292729030840572, "ENV_Test_proba_accuracy_per_mean_user_epoch7": 0.7214685713692128, "ENV_Test_proba_accuracy_per_mean_user_and_bot_epoch7": 0.7565397635928998, "ENV_Test_accuracy_epoch7": 0.759744, "ENV_Test_accuracy_strategy_132_epoch7": 0.8226628895184136, "ENV_Test_accuracy_strategy_23_epoch7": 0.7545645500080789, "ENV_Test_accuracy_strategy_107_epoch7": 0.8505747126436781, "ENV_Test_accuracy_strategy_43_epoch7": 0.7849872773536896, "ENV_Test_accuracy_strategy_17_epoch7": 0.7184664246823956, "ENV_Test_accuracy_strategy_93_epoch7": 0.767097966728281, "ENV_Test_accuracy_per_mean_strategy_epoch7": 0.7830589701557562, "ENV_Test_accuracy_per_mean_user_epoch7": 0.777808418554335, "ENV_Test_accuracy_per_mean_user_and_bot_epoch7": 0.8140085302427545, "ENV_Train_TotalLoss_epoch8": 1002.1595381682696, "ENV_Train_Right action_epoch8": 0.7933771133156351, "ENV_Train_Probability to choose the right action_epoch8": 0.7166813935109995, "ENV_Train_Weighted right action_epoch8": 0.7933771133156351, "ENV_Train_Weighted probability to choose the right action:_epoch8": 0.7166813935109995, "ENV_Test_TotalLoss_epoch8": 228.00751879715986, "ENV_Test_Right action_epoch8": 0.76896, "ENV_Test_Probability to choose the right action_epoch8": 0.7174539619544418, "ENV_Test_Weighted right action_epoch8": 0.8287191908043354, "ENV_Test_Weighted probability to choose the right action:_epoch8": 0.7691563850187146, "ENV_Test_proba_accuracy_epoch8": 0.7174539619544421, "ENV_Test_proba_accuracy_strategy_132_epoch8": 0.7694209227309994, "ENV_Test_proba_accuracy_strategy_23_epoch8": 0.7127952014251127, "ENV_Test_proba_accuracy_strategy_107_epoch8": 0.7928920011470841, "ENV_Test_proba_accuracy_strategy_43_epoch8": 0.7351580843887014, "ENV_Test_proba_accuracy_strategy_17_epoch8": 0.6822039525481813, "ENV_Test_proba_accuracy_strategy_93_epoch8": 0.7347559751459549, "ENV_Test_proba_accuracy_per_mean_strategy_epoch8": 0.7378710228976724, "ENV_Test_proba_accuracy_per_mean_user_epoch8": 0.7341573816666032, "ENV_Test_proba_accuracy_per_mean_user_and_bot_epoch8": 0.7691563850187151, "ENV_Test_accuracy_epoch8": 0.76896, "ENV_Test_accuracy_strategy_132_epoch8": 0.8277620396600567, "ENV_Test_accuracy_strategy_23_epoch8": 0.7650670544514461, "ENV_Test_accuracy_strategy_107_epoch8": 0.8505747126436781, "ENV_Test_accuracy_strategy_43_epoch8": 0.787531806615776, "ENV_Test_accuracy_strategy_17_epoch8": 0.7273139745916516, "ENV_Test_accuracy_strategy_93_epoch8": 0.7920517560073937, "ENV_Test_accuracy_per_mean_strategy_epoch8": 0.7917168906616671, "ENV_Test_accuracy_per_mean_user_epoch8": 0.7889178885402404, "ENV_Test_accuracy_per_mean_user_and_bot_epoch8": 0.8287191908043354, "ENV_Train_TotalLoss_epoch9": 1001.9645030729697, "ENV_Train_Right action_epoch9": 0.7938635728263909, "ENV_Train_Probability to choose the right action_epoch9": 0.7161880417578494, "ENV_Train_Weighted right action_epoch9": 0.7938635728263909, "ENV_Train_Weighted probability to choose the right action:_epoch9": 0.7161880417578494, "ENV_Test_TotalLoss_epoch9": 228.098711961328, "ENV_Test_Right action_epoch9": 0.771008, "ENV_Test_Probability to choose the right action_epoch9": 0.7041627836217256, "ENV_Test_Weighted right action_epoch9": 0.8246999586657631, "ENV_Test_Weighted probability to choose the right action:_epoch9": 0.7622590275306209, "ENV_Test_proba_accuracy_epoch9": 0.7041627836217247, "ENV_Test_proba_accuracy_strategy_132_epoch9": 0.773416088053511, "ENV_Test_proba_accuracy_strategy_23_epoch9": 0.6923338761933181, "ENV_Test_proba_accuracy_strategy_107_epoch9": 0.793489327648736, "ENV_Test_proba_accuracy_strategy_43_epoch9": 0.7253785033002018, "ENV_Test_proba_accuracy_strategy_17_epoch9": 0.669755283392672, "ENV_Test_proba_accuracy_strategy_93_epoch9": 0.717928319772328, "ENV_Test_proba_accuracy_per_mean_strategy_epoch9": 0.7287168997267947, "ENV_Test_proba_accuracy_per_mean_user_epoch9": 0.7238281814015396, "ENV_Test_proba_accuracy_per_mean_user_and_bot_epoch9": 0.7622590275306206, "ENV_Test_accuracy_epoch9": 0.771008, "ENV_Test_accuracy_strategy_132_epoch9": 0.8379603399433427, "ENV_Test_accuracy_strategy_23_epoch9": 0.7647439004685733, "ENV_Test_accuracy_strategy_107_epoch9": 0.8571428571428571, "ENV_Test_accuracy_strategy_43_epoch9": 0.7900763358778626, "ENV_Test_accuracy_strategy_17_epoch9": 0.7300362976406534, "ENV_Test_accuracy_strategy_93_epoch9": 0.788354898336414, "ENV_Test_accuracy_per_mean_strategy_epoch9": 0.7947191049016173, "ENV_Test_accuracy_per_mean_user_epoch9": 0.789788898132718, "ENV_Test_accuracy_per_mean_user_and_bot_epoch9": 0.8246999586657626, "ENV_Train_TotalLoss_epoch10": 1004.7415453927939, "ENV_Train_Right action_epoch10": 0.7928012300810735, "ENV_Train_Probability to choose the right action_epoch10": 0.7155020062028475, "ENV_Train_Weighted right action_epoch10": 0.7928012300810735, "ENV_Train_Weighted probability to choose the right action:_epoch10": 0.7155020062028475, "ENV_Test_TotalLoss_epoch10": 228.55926565825766, "ENV_Test_Right action_epoch10": 0.772032, "ENV_Test_Probability to choose the right action_epoch10": 0.7171041895809055, "ENV_Test_Weighted right action_epoch10": 0.8257259985401703, "ENV_Test_Weighted probability to choose the right action:_epoch10": 0.770258918115005, "ENV_Test_proba_accuracy_epoch10": 0.717104189580906, "ENV_Test_proba_accuracy_strategy_132_epoch10": 0.7787562011601769, "ENV_Test_proba_accuracy_strategy_23_epoch10": 0.7096133734765329, "ENV_Test_proba_accuracy_strategy_107_epoch10": 0.8080898093913557, "ENV_Test_proba_accuracy_strategy_43_epoch10": 0.7357237865610744, "ENV_Test_proba_accuracy_strategy_17_epoch10": 0.6809561913856427, "ENV_Test_proba_accuracy_strategy_93_epoch10": 0.7283842150521489, "ENV_Test_proba_accuracy_per_mean_strategy_epoch10": 0.7402539295044885, "ENV_Test_proba_accuracy_per_mean_user_epoch10": 0.7342378948974091, "ENV_Test_proba_accuracy_per_mean_user_and_bot_epoch10": 0.770258918115006, "ENV_Test_accuracy_epoch10": 0.772032, "ENV_Test_accuracy_strategy_132_epoch10": 0.8334277620396601, "ENV_Test_accuracy_strategy_23_epoch10": 0.7629665535627727, "ENV_Test_accuracy_strategy_107_epoch10": 0.8555008210180624, "ENV_Test_accuracy_strategy_43_epoch10": 0.7932569974554707, "ENV_Test_accuracy_strategy_17_epoch10": 0.7370689655172413, "ENV_Test_accuracy_strategy_93_epoch10": 0.788354898336414, "ENV_Test_accuracy_per_mean_strategy_epoch10": 0.7950959996549369, "ENV_Test_accuracy_per_mean_user_epoch10": 0.7898734628438946, "ENV_Test_accuracy_per_mean_user_and_bot_epoch10": 0.8257259985401713, "ENV_Train_TotalLoss_epoch11": 1000.9723104939254, "ENV_Train_Right action_epoch11": 0.795166408073692, "ENV_Train_Probability to choose the right action_epoch11": 0.7167123879176008, "ENV_Train_Weighted right action_epoch11": 0.795166408073692, "ENV_Train_Weighted probability to choose the right action:_epoch11": 0.7167123879176008, "ENV_Test_TotalLoss_epoch11": 231.16037067948102, "ENV_Test_Right action_epoch11": 0.77152, "ENV_Test_Probability to choose the right action_epoch11": 0.7184835213929054, "ENV_Test_Weighted right action_epoch11": 0.8238321423578756, "ENV_Test_Weighted probability to choose the right action:_epoch11": 0.7683778041555507, "ENV_Test_proba_accuracy_epoch11": 0.7184835213929052, "ENV_Test_proba_accuracy_strategy_132_epoch11": 0.7794868625096977, "ENV_Test_proba_accuracy_strategy_23_epoch11": 0.7108851750621655, "ENV_Test_proba_accuracy_strategy_107_epoch11": 0.8145138505257838, "ENV_Test_proba_accuracy_strategy_43_epoch11": 0.7445026984425426, "ENV_Test_proba_accuracy_strategy_17_epoch11": 0.6813203628897483, "ENV_Test_proba_accuracy_strategy_93_epoch11": 0.7219824625091449, "ENV_Test_proba_accuracy_per_mean_strategy_epoch11": 0.7421152353231805, "ENV_Test_proba_accuracy_per_mean_user_epoch11": 0.7340330850865734, "ENV_Test_proba_accuracy_per_mean_user_and_bot_epoch11": 0.7683778041555522, "ENV_Test_accuracy_epoch11": 0.77152, "ENV_Test_accuracy_strategy_132_epoch11": 0.8277620396600567, "ENV_Test_accuracy_strategy_23_epoch11": 0.766198093391501, "ENV_Test_accuracy_strategy_107_epoch11": 0.8653530377668309, "ENV_Test_accuracy_strategy_43_epoch11": 0.8021628498727735, "ENV_Test_accuracy_strategy_17_epoch11": 0.7316243194192378, "ENV_Test_accuracy_strategy_93_epoch11": 0.7754158964879853, "ENV_Test_accuracy_per_mean_strategy_epoch11": 0.7947527060997309, "ENV_Test_accuracy_per_mean_user_epoch11": 0.7868683441601991, "ENV_Test_accuracy_per_mean_user_and_bot_epoch11": 0.8238321423578768, "ENV_Train_TotalLoss_epoch12": 1007.3451009229601, "ENV_Train_Right action_epoch12": 0.7932373899678636, "ENV_Train_Probability to choose the right action_epoch12": 0.7152206886687492, "ENV_Train_Weighted right action_epoch12": 0.7932373899678636, "ENV_Train_Weighted probability to choose the right action:_epoch12": 0.7152206886687492, "ENV_Test_TotalLoss_epoch12": 233.9331077116898, "ENV_Test_Right action_epoch12": 0.77056, "ENV_Test_Probability to choose the right action_epoch12": 0.7044091578066426, "ENV_Test_Weighted right action_epoch12": 0.8223735077986932, "ENV_Test_Weighted probability to choose the right action:_epoch12": 0.7559679236929998, "ENV_Test_proba_accuracy_epoch12": 0.7044091578066428, "ENV_Test_proba_accuracy_strategy_132_epoch12": 0.7631097955732249, "ENV_Test_proba_accuracy_strategy_23_epoch12": 0.6977732734523296, "ENV_Test_proba_accuracy_strategy_107_epoch12": 0.7936022351621285, "ENV_Test_proba_accuracy_strategy_43_epoch12": 0.7230592185133363, "ENV_Test_proba_accuracy_strategy_17_epoch12": 0.6685351596650696, "ENV_Test_proba_accuracy_strategy_93_epoch12": 0.7154618074170582, "ENV_Test_proba_accuracy_per_mean_strategy_epoch12": 0.7269235816305245, "ENV_Test_proba_accuracy_per_mean_user_epoch12": 0.7217216638939542, "ENV_Test_proba_accuracy_per_mean_user_and_bot_epoch12": 0.7559679236930003, "ENV_Test_accuracy_epoch12": 0.77056, "ENV_Test_accuracy_strategy_132_epoch12": 0.8277620396600567, "ENV_Test_accuracy_strategy_23_epoch12": 0.7663596703829375, "ENV_Test_accuracy_strategy_107_epoch12": 0.8505747126436781, "ENV_Test_accuracy_strategy_43_epoch12": 0.7830788804071247, "ENV_Test_accuracy_strategy_17_epoch12": 0.7366152450090744, "ENV_Test_accuracy_strategy_93_epoch12": 0.7763401109057301, "ENV_Test_accuracy_per_mean_strategy_epoch12": 0.7901217765014336, "ENV_Test_accuracy_per_mean_user_epoch12": 0.7897206020711216, "ENV_Test_accuracy_per_mean_user_and_bot_epoch12": 0.8223735077986933, "ENV_Train_TotalLoss_epoch13": 1008.3033344575416, "ENV_Train_Right action_epoch13": 0.79331451410045, "ENV_Train_Probability to choose the right action_epoch13": 0.7138239459499616, "ENV_Train_Weighted right action_epoch13": 0.79331451410045, "ENV_Train_Weighted probability to choose the right action:_epoch13": 0.7138239459499616, "ENV_Test_TotalLoss_epoch13": 240.23759826401502, "ENV_Test_Right action_epoch13": 0.76576, "ENV_Test_Probability to choose the right action_epoch13": 0.7117361543365242, "ENV_Test_Weighted right action_epoch13": 0.8209872556099794, "ENV_Test_Weighted probability to choose the right action:_epoch13": 0.7619896197272208, "ENV_Test_proba_accuracy_epoch13": 0.7117361543365249, "ENV_Test_proba_accuracy_strategy_132_epoch13": 0.7750690470129404, "ENV_Test_proba_accuracy_strategy_23_epoch13": 0.7026562030097965, "ENV_Test_proba_accuracy_strategy_107_epoch13": 0.8022526161803734, "ENV_Test_proba_accuracy_strategy_43_epoch13": 0.7303873037035447, "ENV_Test_proba_accuracy_strategy_17_epoch13": 0.6786745874735528, "ENV_Test_proba_accuracy_strategy_93_epoch13": 0.7170083519810452, "ENV_Test_proba_accuracy_per_mean_strategy_epoch13": 0.7343413515602087, "ENV_Test_proba_accuracy_per_mean_user_epoch13": 0.7271193711023372, "ENV_Test_proba_accuracy_per_mean_user_and_bot_epoch13": 0.761989619727221, "ENV_Test_accuracy_epoch13": 0.76576, "ENV_Test_accuracy_strategy_132_epoch13": 0.8311614730878187, "ENV_Test_accuracy_strategy_23_epoch13": 0.757311358862498, "ENV_Test_accuracy_strategy_107_epoch13": 0.8456486042692939, "ENV_Test_accuracy_strategy_43_epoch13": 0.787531806615776, "ENV_Test_accuracy_strategy_17_epoch13": 0.729355716878403, "ENV_Test_accuracy_strategy_93_epoch13": 0.7791127541589649, "ENV_Test_accuracy_per_mean_strategy_epoch13": 0.7883536189787924, "ENV_Test_accuracy_per_mean_user_epoch13": 0.7832606380120829, "ENV_Test_accuracy_per_mean_user_and_bot_epoch13": 0.8209872556099805, "ENV_Train_TotalLoss_epoch14": 1008.3869264081433, "ENV_Train_Right action_epoch14": 0.7935651590540617, "ENV_Train_Probability to choose the right action_epoch14": 0.7142525727258521, "ENV_Train_Weighted right action_epoch14": 0.7935651590540617, "ENV_Train_Weighted probability to choose the right action:_epoch14": 0.7142525727258521, "ENV_Test_TotalLoss_epoch14": 231.04807167066366, "ENV_Test_Right action_epoch14": 0.764224, "ENV_Test_Probability to choose the right action_epoch14": 0.7088263212146271, "ENV_Test_Weighted right action_epoch14": 0.8258759600053367, "ENV_Test_Weighted probability to choose the right action:_epoch14": 0.7624836455341465, "ENV_Test_proba_accuracy_epoch14": 0.7088263212146276, "ENV_Test_proba_accuracy_strategy_132_epoch14": 0.7699648609842955, "ENV_Test_proba_accuracy_strategy_23_epoch14": 0.701221878412812, "ENV_Test_proba_accuracy_strategy_107_epoch14": 0.799536351636804, "ENV_Test_proba_accuracy_strategy_43_epoch14": 0.7277103142125829, "ENV_Test_proba_accuracy_strategy_17_epoch14": 0.6737663891929422, "ENV_Test_proba_accuracy_strategy_93_epoch14": 0.7169321517494426, "ENV_Test_proba_accuracy_per_mean_strategy_epoch14": 0.7315219910314799, "ENV_Test_proba_accuracy_per_mean_user_epoch14": 0.726740614944793, "ENV_Test_proba_accuracy_per_mean_user_and_bot_epoch14": 0.7624836455341466, "ENV_Test_accuracy_epoch14": 0.764224, "ENV_Test_accuracy_strategy_132_epoch14": 0.830028328611898, "ENV_Test_accuracy_strategy_23_epoch14": 0.7547261269995152, "ENV_Test_accuracy_strategy_107_epoch14": 0.8784893267651889, "ENV_Test_accuracy_strategy_43_epoch14": 0.7868956743002544, "ENV_Test_accuracy_strategy_17_epoch14": 0.7250453720508166, "ENV_Test_accuracy_strategy_93_epoch14": 0.7735674676524954, "ENV_Test_accuracy_per_mean_strategy_epoch14": 0.7914587160633614, "ENV_Test_accuracy_per_mean_user_epoch14": 0.7851709948181, "ENV_Test_accuracy_per_mean_user_and_bot_epoch14": 0.8258759600053376, "ENV_Train_TotalLoss_epoch15": 1000.0189179079724, "ENV_Train_Right action_epoch15": 0.7950047520545648, "ENV_Train_Probability to choose the right action_epoch15": 0.7164116615877253, "ENV_Train_Weighted right action_epoch15": 0.7950047520545648, "ENV_Train_Weighted probability to choose the right action:_epoch15": 0.7164116615877253, "ENV_Test_TotalLoss_epoch15": 238.8912305992139, "ENV_Test_Right action_epoch15": 0.768896, "ENV_Test_Probability to choose the right action_epoch15": 0.716791982660758, "ENV_Test_Weighted right action_epoch15": 0.828444970986841, "ENV_Test_Weighted probability to choose the right action:_epoch15": 0.7742415560685187, "ENV_Test_proba_accuracy_epoch15": 0.7167919826607595, "ENV_Test_proba_accuracy_strategy_132_epoch15": 0.7851299557622203, "ENV_Test_proba_accuracy_strategy_23_epoch15": 0.7036210308896831, "ENV_Test_proba_accuracy_strategy_107_epoch15": 0.8182233506434109, "ENV_Test_proba_accuracy_strategy_43_epoch15": 0.7380030857411485, "ENV_Test_proba_accuracy_strategy_17_epoch15": 0.6828373483412598, "ENV_Test_proba_accuracy_strategy_93_epoch15": 0.7310756877658073, "ENV_Test_proba_accuracy_per_mean_strategy_epoch15": 0.7431484098572549, "ENV_Test_proba_accuracy_per_mean_user_epoch15": 0.7350569854906892, "ENV_Test_proba_accuracy_per_mean_user_and_bot_epoch15": 0.7742415560685191, "ENV_Test_accuracy_epoch15": 0.768896, "ENV_Test_accuracy_strategy_132_epoch15": 0.828328611898017, "ENV_Test_accuracy_strategy_23_epoch15": 0.7537566650508968, "ENV_Test_accuracy_strategy_107_epoch15": 0.8719211822660099, "ENV_Test_accuracy_strategy_43_epoch15": 0.7907124681933843, "ENV_Test_accuracy_strategy_17_epoch15": 0.7386569872958257, "ENV_Test_accuracy_strategy_93_epoch15": 0.7920517560073937, "ENV_Test_accuracy_per_mean_strategy_epoch15": 0.7959046117852545, "ENV_Test_accuracy_per_mean_user_epoch15": 0.7867261744016864, "ENV_Test_accuracy_per_mean_user_and_bot_epoch15": 0.8284449709868411, "ENV_Train_TotalLoss_epoch16": 1006.2975508596495, "ENV_Train_Right action_epoch16": 0.7929636721971401, "ENV_Train_Probability to choose the right action_epoch16": 0.7144661760956914, "ENV_Train_Weighted right action_epoch16": 0.7929636721971401, "ENV_Train_Weighted probability to choose the right action:_epoch16": 0.7144661760956914, "ENV_Test_TotalLoss_epoch16": 237.27169645675642, "ENV_Test_Right action_epoch16": 0.7712, "ENV_Test_Probability to choose the right action_epoch16": 0.7232832194550826, "ENV_Test_Weighted right action_epoch16": 0.8235585273455005, "ENV_Test_Weighted probability to choose the right action:_epoch16": 0.7745190928593574, "ENV_Test_proba_accuracy_epoch16": 0.723283219455084, "ENV_Test_proba_accuracy_strategy_132_epoch16": 0.7805079233234642, "ENV_Test_proba_accuracy_strategy_23_epoch16": 0.71443490028808, "ENV_Test_proba_accuracy_strategy_107_epoch16": 0.8144140980215614, "ENV_Test_proba_accuracy_strategy_43_epoch16": 0.7465697410179392, "ENV_Test_proba_accuracy_strategy_17_epoch16": 0.6893032411027081, "ENV_Test_proba_accuracy_strategy_93_epoch16": 0.7338555601485913, "ENV_Test_proba_accuracy_per_mean_strategy_epoch16": 0.7465142439837239, "ENV_Test_proba_accuracy_per_mean_user_epoch16": 0.7399388794333674, "ENV_Test_proba_accuracy_per_mean_user_and_bot_epoch16": 0.7745190928593575, "ENV_Test_accuracy_epoch16": 0.7712, "ENV_Test_accuracy_strategy_132_epoch16": 0.8260623229461757, "ENV_Test_accuracy_strategy_23_epoch16": 0.7615123606398448, "ENV_Test_accuracy_strategy_107_epoch16": 0.8719211822660099, "ENV_Test_accuracy_strategy_43_epoch16": 0.7951653944020356, "ENV_Test_accuracy_strategy_17_epoch16": 0.7363883847549909, "ENV_Test_accuracy_strategy_93_epoch16": 0.7874306839186691, "ENV_Test_accuracy_per_mean_strategy_epoch16": 0.796413388154621, "ENV_Test_accuracy_per_mean_user_epoch16": 0.78822595738466, "ENV_Test_accuracy_per_mean_user_and_bot_epoch16": 0.8235585273455015, "ENV_Train_TotalLoss_epoch17": 1012.5138662581546, "ENV_Train_Right action_epoch17": 0.7910650134891458, "ENV_Train_Probability to choose the right action_epoch17": 0.712779347837416, "ENV_Train_Weighted right action_epoch17": 0.7910650134891458, "ENV_Train_Weighted probability to choose the right action:_epoch17": 0.712779347837416, "ENV_Test_TotalLoss_epoch17": 238.35952931719902, "ENV_Test_Right action_epoch17": 0.769152, "ENV_Test_Probability to choose the right action_epoch17": 0.7124327225160838, "ENV_Test_Weighted right action_epoch17": 0.8201525969654618, "ENV_Test_Weighted probability to choose the right action:_epoch17": 0.7598108872392288, "ENV_Test_proba_accuracy_epoch17": 0.7124327225160831, "ENV_Test_proba_accuracy_strategy_132_epoch17": 0.7692397083063779, "ENV_Test_proba_accuracy_strategy_23_epoch17": 0.7050319325846724, "ENV_Test_proba_accuracy_strategy_107_epoch17": 0.8043637491215994, "ENV_Test_proba_accuracy_strategy_43_epoch17": 0.7260225232827895, "ENV_Test_proba_accuracy_strategy_17_epoch17": 0.6798230705071284, "ENV_Test_proba_accuracy_strategy_93_epoch17": 0.7234616901806694, "ENV_Test_proba_accuracy_per_mean_strategy_epoch17": 0.7346571123305395, "ENV_Test_proba_accuracy_per_mean_user_epoch17": 0.7271847151490782, "ENV_Test_proba_accuracy_per_mean_user_and_bot_epoch17": 0.7598108872392304, "ENV_Test_accuracy_epoch17": 0.769152, "ENV_Test_accuracy_strategy_132_epoch17": 0.8277620396600567, "ENV_Test_accuracy_strategy_23_epoch17": 0.7586039747939893, "ENV_Test_accuracy_strategy_107_epoch17": 0.8719211822660099, "ENV_Test_accuracy_strategy_43_epoch17": 0.787531806615776, "ENV_Test_accuracy_strategy_17_epoch17": 0.7370689655172413, "ENV_Test_accuracy_strategy_93_epoch17": 0.7800369685767098, "ENV_Test_accuracy_per_mean_strategy_epoch17": 0.7938208229049638, "ENV_Test_accuracy_per_mean_user_epoch17": 0.7851137481398971, "ENV_Test_accuracy_per_mean_user_and_bot_epoch17": 0.8201525969654617, "ENV_Train_TotalLoss_epoch18": 1009.6975250953253, "ENV_Train_Right action_epoch18": 0.7928879942969765, "ENV_Train_Probability to choose the right action_epoch18": 0.7136599976578523, "ENV_Train_Weighted right action_epoch18": 0.7928879942969765, "ENV_Train_Weighted probability to choose the right action:_epoch18": 0.7136599976578523, "ENV_Test_TotalLoss_epoch18": 233.4090739699977, "ENV_Test_Right action_epoch18": 0.77504, "ENV_Test_Probability to choose the right action_epoch18": 0.7072688991263667, "ENV_Test_Weighted right action_epoch18": 0.8303760784989499, "ENV_Test_Weighted probability to choose the right action:_epoch18": 0.7571771330213403, "ENV_Test_proba_accuracy_epoch18": 0.7072688991263669, "ENV_Test_proba_accuracy_strategy_132_epoch18": 0.7668314955646488, "ENV_Test_proba_accuracy_strategy_23_epoch18": 0.6988170316642838, "ENV_Test_proba_accuracy_strategy_107_epoch18": 0.7912417001691822, "ENV_Test_proba_accuracy_strategy_43_epoch18": 0.7273332557002277, "ENV_Test_proba_accuracy_strategy_17_epoch18": 0.6739553578119787, "ENV_Test_proba_accuracy_strategy_93_epoch18": 0.7177551382704559, "ENV_Test_proba_accuracy_per_mean_strategy_epoch18": 0.7293223298634629, "ENV_Test_proba_accuracy_per_mean_user_epoch18": 0.7226608539408663, "ENV_Test_proba_accuracy_per_mean_user_and_bot_epoch18": 0.7571771330213407, "ENV_Test_accuracy_epoch18": 0.77504, "ENV_Test_accuracy_strategy_132_epoch18": 0.8311614730878187, "ENV_Test_accuracy_strategy_23_epoch18": 0.7671675553401196, "ENV_Test_accuracy_strategy_107_epoch18": 0.8719211822660099, "ENV_Test_accuracy_strategy_43_epoch18": 0.7938931297709924, "ENV_Test_accuracy_strategy_17_epoch18": 0.7377495462794919, "ENV_Test_accuracy_strategy_93_epoch18": 0.7985212569316081, "ENV_Test_accuracy_per_mean_strategy_epoch18": 0.8000690239460068, "ENV_Test_accuracy_per_mean_user_epoch18": 0.7926644745797614, "ENV_Test_accuracy_per_mean_user_and_bot_epoch18": 0.8303760784989511, "ENV_Train_TotalLoss_epoch19": 1012.9721092797519, "ENV_Train_Right action_epoch19": 0.7928499552772809, "ENV_Train_Probability to choose the right action_epoch19": 0.7128483320139476, "ENV_Train_Weighted right action_epoch19": 0.7928499552772809, "ENV_Train_Weighted probability to choose the right action:_epoch19": 0.7128483320139476, "ENV_Test_TotalLoss_epoch19": 227.55780222708358, "ENV_Test_Right action_epoch19": 0.771264, "ENV_Test_Probability to choose the right action_epoch19": 0.7065240855840114, "ENV_Test_Weighted right action_epoch19": 0.8258072007801869, "ENV_Test_Weighted probability to choose the right action:_epoch19": 0.7607282599440643, "ENV_Test_proba_accuracy_epoch19": 0.7065240855840111, "ENV_Test_proba_accuracy_strategy_132_epoch19": 0.7710398185536987, "ENV_Test_proba_accuracy_strategy_23_epoch19": 0.6952144511479399, "ENV_Test_proba_accuracy_strategy_107_epoch19": 0.800202340547726, "ENV_Test_proba_accuracy_strategy_43_epoch19": 0.7266325893829978, "ENV_Test_proba_accuracy_strategy_17_epoch19": 0.6739353787932219, "ENV_Test_proba_accuracy_strategy_93_epoch19": 0.7167971476193511, "ENV_Test_proba_accuracy_per_mean_strategy_epoch19": 0.7306369543408225, "ENV_Test_proba_accuracy_per_mean_user_epoch19": 0.7239909187889768, "ENV_Test_proba_accuracy_per_mean_user_and_bot_epoch19": 0.7607282599440658, "ENV_Test_accuracy_epoch19": 0.771264, "ENV_Test_accuracy_strategy_132_epoch19": 0.8260623229461757, "ENV_Test_accuracy_strategy_23_epoch19": 0.7644207464857005, "ENV_Test_accuracy_strategy_107_epoch19": 0.8637110016420362, "ENV_Test_accuracy_strategy_43_epoch19": 0.8008905852417303, "ENV_Test_accuracy_strategy_17_epoch19": 0.7357078039927405, "ENV_Test_accuracy_strategy_93_epoch19": 0.7707948243992606, "ENV_Test_accuracy_per_mean_strategy_epoch19": 0.7935978807846072, "ENV_Test_accuracy_per_mean_user_epoch19": 0.7901701085753746, "ENV_Test_accuracy_per_mean_user_and_bot_epoch19": 0.8258072007801878, "ENV_Train_TotalLoss_epoch20": 1003.6169400423296, "ENV_Train_Right action_epoch20": 0.7942159041668414, "ENV_Train_Probability to choose the right action_epoch20": 0.7151045889806471, "ENV_Train_Weighted right action_epoch20": 0.7942159041668414, "ENV_Train_Weighted probability to choose the right action:_epoch20": 0.7151045889806471, "ENV_Test_TotalLoss_epoch20": 228.74391888907073, "ENV_Test_Right action_epoch20": 0.772736, "ENV_Test_Probability to choose the right action_epoch20": 0.7134117288045725, "ENV_Test_Weighted right action_epoch20": 0.8252706340792328, "ENV_Test_Weighted probability to choose the right action:_epoch20": 0.7626985013835269, "ENV_Test_proba_accuracy_epoch20": 0.7134117288045725, "ENV_Test_proba_accuracy_strategy_132_epoch20": 0.7745051093690393, "ENV_Test_proba_accuracy_strategy_23_epoch20": 0.7056713212604664, "ENV_Test_proba_accuracy_strategy_107_epoch20": 0.8086551480733158, "ENV_Test_proba_accuracy_strategy_43_epoch20": 0.7305997688152179, "ENV_Test_proba_accuracy_strategy_17_epoch20": 0.6788984476114239, "ENV_Test_proba_accuracy_strategy_93_epoch20": 0.7200543053870011, "ENV_Test_proba_accuracy_per_mean_strategy_epoch20": 0.7363973500860773, "ENV_Test_proba_accuracy_per_mean_user_epoch20": 0.728612872420416, "ENV_Test_proba_accuracy_per_mean_user_and_bot_epoch20": 0.7626985013835265, "ENV_Test_accuracy_epoch20": 0.772736, "ENV_Test_accuracy_strategy_132_epoch20": 0.8345609065155808, "ENV_Test_accuracy_strategy_23_epoch20": 0.7623202455970269, "ENV_Test_accuracy_strategy_107_epoch20": 0.8686371100164204, "ENV_Test_accuracy_strategy_43_epoch20": 0.7964376590330788, "ENV_Test_accuracy_strategy_17_epoch20": 0.7413793103448276, "ENV_Test_accuracy_strategy_93_epoch20": 0.7707948243992606, "ENV_Test_accuracy_per_mean_strategy_epoch20": 0.7956883426510325, "ENV_Test_accuracy_per_mean_user_epoch20": 0.7899648289905036, "ENV_Test_accuracy_per_mean_user_and_bot_epoch20": 0.8252706340792334, "ENV_Train_TotalLoss_epoch21": 1019.5967394641376, "ENV_Train_Right action_epoch21": 0.7918297182468694, "ENV_Train_Probability to choose the right action_epoch21": 0.7109632237312208, "ENV_Train_Weighted right action_epoch21": 0.7918297182468694, "ENV_Train_Weighted probability to choose the right action:_epoch21": 0.7109632237312208, "ENV_Test_TotalLoss_epoch21": 229.8659997869202, "ENV_Test_Right action_epoch21": 0.77056, "ENV_Test_Probability to choose the right action_epoch21": 0.7101532600925686, "ENV_Test_Weighted right action_epoch21": 0.826345432383964, "ENV_Test_Weighted probability to choose the right action:_epoch21": 0.7625372300541481, "ENV_Test_proba_accuracy_epoch21": 0.7101532600925679, "ENV_Test_proba_accuracy_strategy_132_epoch21": 0.7697522274177466, "ENV_Test_proba_accuracy_strategy_23_epoch21": 0.701949701425653, "ENV_Test_proba_accuracy_strategy_107_epoch21": 0.797893018927606, "ENV_Test_proba_accuracy_strategy_43_epoch21": 0.728022910364994, "ENV_Test_proba_accuracy_strategy_17_epoch21": 0.6757516924440837, "ENV_Test_proba_accuracy_strategy_93_epoch21": 0.7246607962259496, "ENV_Test_proba_accuracy_per_mean_strategy_epoch21": 0.7330050578010056, "ENV_Test_proba_accuracy_per_mean_user_epoch21": 0.7252872868872458, "ENV_Test_proba_accuracy_per_mean_user_and_bot_epoch21": 0.7625372300541471, "ENV_Test_accuracy_epoch21": 0.77056, "ENV_Test_accuracy_strategy_132_epoch21": 0.828328611898017, "ENV_Test_accuracy_strategy_23_epoch21": 0.7632897075456455, "ENV_Test_accuracy_strategy_107_epoch21": 0.8538587848932676, "ENV_Test_accuracy_strategy_43_epoch21": 0.7977099236641222, "ENV_Test_accuracy_strategy_17_epoch21": 0.7318511796733213, "ENV_Test_accuracy_strategy_93_epoch21": 0.789279112754159, "ENV_Test_accuracy_per_mean_strategy_epoch21": 0.7940528867380888, "ENV_Test_accuracy_per_mean_user_epoch21": 0.7863680155421809, "ENV_Test_accuracy_per_mean_user_and_bot_epoch21": 0.8263454323839644, "ENV_Train_TotalLoss_epoch22": 1001.4933930858587, "ENV_Train_Right action_epoch22": 0.7951334050790367, "ENV_Train_Probability to choose the right action_epoch22": 0.7160048002388756, "ENV_Train_Weighted right action_epoch22": 0.7951334050790367, "ENV_Train_Weighted probability to choose the right action:_epoch22": 0.7160048002388756, "ENV_Test_TotalLoss_epoch22": 229.44824079065125, "ENV_Test_Right action_epoch22": 0.762944, "ENV_Test_Probability to choose the right action_epoch22": 0.6950059970943987, "ENV_Test_Weighted right action_epoch22": 0.8256453540685639, "ENV_Test_Weighted probability to choose the right action:_epoch22": 0.7503656009730227, "ENV_Test_proba_accuracy_epoch22": 0.6950059970943988, "ENV_Test_proba_accuracy_strategy_132_epoch22": 0.7695818994688249, "ENV_Test_proba_accuracy_strategy_23_epoch22": 0.6823619175716794, "ENV_Test_proba_accuracy_strategy_107_epoch22": 0.7836452804100246, "ENV_Test_proba_accuracy_strategy_43_epoch22": 0.7185563962750259, "ENV_Test_proba_accuracy_strategy_17_epoch22": 0.6608427184812911, "ENV_Test_proba_accuracy_strategy_93_epoch22": 0.7007517656255142, "ENV_Test_proba_accuracy_per_mean_strategy_epoch22": 0.7192899963053933, "ENV_Test_proba_accuracy_per_mean_user_epoch22": 0.7134321257287186, "ENV_Test_proba_accuracy_per_mean_user_and_bot_epoch22": 0.7503656009730232, "ENV_Test_accuracy_epoch22": 0.762944, "ENV_Test_accuracy_strategy_132_epoch22": 0.8368271954674221, "ENV_Test_accuracy_strategy_23_epoch22": 0.7524640491194053, "ENV_Test_accuracy_strategy_107_epoch22": 0.8637110016420362, "ENV_Test_accuracy_strategy_43_epoch22": 0.7849872773536896, "ENV_Test_accuracy_strategy_17_epoch22": 0.7220961887477314, "ENV_Test_accuracy_strategy_93_epoch22": 0.7800369685767098, "ENV_Test_accuracy_per_mean_strategy_epoch22": 0.7900204468178323, "ENV_Test_accuracy_per_mean_user_epoch22": 0.7834166236214468, "ENV_Test_accuracy_per_mean_user_and_bot_epoch22": 0.8256453540685654, "ENV_Train_TotalLoss_epoch23": 1008.0321716720603, "ENV_Train_Right action_epoch23": 0.7922402828830591, "ENV_Train_Probability to choose the right action_epoch23": 0.7139231693554072, "ENV_Train_Weighted right action_epoch23": 0.7922402828830591, "ENV_Train_Weighted probability to choose the right action:_epoch23": 0.7139231693554072, "ENV_Test_TotalLoss_epoch23": 228.57306300765762, "ENV_Test_Right action_epoch23": 0.77248, "ENV_Test_Probability to choose the right action_epoch23": 0.70713804507702, "ENV_Test_Weighted right action_epoch23": 0.8278502514104152, "ENV_Test_Weighted probability to choose the right action:_epoch23": 0.7631186860846941, "ENV_Test_proba_accuracy_epoch23": 0.7071380450770205, "ENV_Test_proba_accuracy_strategy_132_epoch23": 0.7756444538724528, "ENV_Test_proba_accuracy_strategy_23_epoch23": 0.6933737651357221, "ENV_Test_proba_accuracy_strategy_107_epoch23": 0.8048835365696011, "ENV_Test_proba_accuracy_strategy_43_epoch23": 0.7327031170355697, "ENV_Test_proba_accuracy_strategy_17_epoch23": 0.6745781358688332, "ENV_Test_proba_accuracy_strategy_93_epoch23": 0.7146076378539383, "ENV_Test_proba_accuracy_per_mean_strategy_epoch23": 0.7326317743893528, "ENV_Test_proba_accuracy_per_mean_user_epoch23": 0.7265934512434724, "ENV_Test_proba_accuracy_per_mean_user_and_bot_epoch23": 0.7631186860846958, "ENV_Test_accuracy_epoch23": 0.77248, "ENV_Test_accuracy_strategy_132_epoch23": 0.8373937677053824, "ENV_Test_accuracy_strategy_23_epoch23": 0.7616739376312813, "ENV_Test_accuracy_strategy_107_epoch23": 0.8719211822660099, "ENV_Test_accuracy_strategy_43_epoch23": 0.7970737913486005, "ENV_Test_accuracy_strategy_17_epoch23": 0.7370689655172413, "ENV_Test_accuracy_strategy_93_epoch23": 0.7809611829944547, "ENV_Test_accuracy_per_mean_strategy_epoch23": 0.797682137910495, "ENV_Test_accuracy_per_mean_user_epoch23": 0.7916226963304058, "ENV_Test_accuracy_per_mean_user_and_bot_epoch23": 0.8278502514104149, "ENV_Train_TotalLoss_epoch24": 1009.2152649749219, "ENV_Train_Right action_epoch24": 0.790970086664803, "ENV_Train_Probability to choose the right action_epoch24": 0.7135312069078574, "ENV_Train_Weighted right action_epoch24": 0.790970086664803, "ENV_Train_Weighted probability to choose the right action:_epoch24": 0.7135312069078574, "ENV_Test_TotalLoss_epoch24": 238.0041927933895, "ENV_Test_Right action_epoch24": 0.765312, "ENV_Test_Probability to choose the right action_epoch24": 0.6936274383440881, "ENV_Test_Weighted right action_epoch24": 0.8238733101257599, "ENV_Test_Weighted probability to choose the right action:_epoch24": 0.752149805316345, "ENV_Test_proba_accuracy_epoch24": 0.6936274383440886, "ENV_Test_proba_accuracy_strategy_132_epoch24": 0.7626766004065235, "ENV_Test_proba_accuracy_strategy_23_epoch24": 0.6802380210806932, "ENV_Test_proba_accuracy_strategy_107_epoch24": 0.803236415249682, "ENV_Test_proba_accuracy_strategy_43_epoch24": 0.716957867467008, "ENV_Test_proba_accuracy_strategy_17_epoch24": 0.6576382495299551, "ENV_Test_proba_accuracy_strategy_93_epoch24": 0.7086074523726641, "ENV_Test_proba_accuracy_per_mean_strategy_epoch24": 0.7215591010177542, "ENV_Test_proba_accuracy_per_mean_user_epoch24": 0.7126309181133716, "ENV_Test_proba_accuracy_per_mean_user_and_bot_epoch24": 0.7521498053163442, "ENV_Test_accuracy_epoch24": 0.765312, "ENV_Test_accuracy_strategy_132_epoch24": 0.8271954674220963, "ENV_Test_accuracy_strategy_23_epoch24": 0.7556955889481338, "ENV_Test_accuracy_strategy_107_epoch24": 0.8735632183908046, "ENV_Test_accuracy_strategy_43_epoch24": 0.7830788804071247, "ENV_Test_accuracy_strategy_17_epoch24": 0.7289019963702359, "ENV_Test_accuracy_strategy_93_epoch24": 0.7809611829944547, "ENV_Test_accuracy_per_mean_strategy_epoch24": 0.791566055755475, "ENV_Test_accuracy_per_mean_user_epoch24": 0.7822688182317653, "ENV_Test_accuracy_per_mean_user_and_bot_epoch24": 0.8238733101257597, "_wandb": {"runtime": 2643}}