{"ENV_Train_TotalLoss": 509.27065492401726, "ENV_Train_TotalLoss_epoch0": 1088.5556932161924, "ENV_Train_Right action": 0.9056052558009505, "ENV_Train_Right action_epoch0": 0.7714369575244245, "ENV_Train_Probability to choose the right action": 0.8633108136272329, "ENV_Train_Probability to choose the right action_epoch0": 0.6833303392716564, "ENV_Train_Weighted right action": 0.9056052558009505, "ENV_Train_Weighted right action_epoch0": 0.7714369575244245, "ENV_Train_Weighted probability to choose the right action:": 0.8633108136272329, "ENV_Train_Weighted probability to choose the right action:_epoch0": 0.6833303392716564, "_timestamp": 1720400593.8325741, "_runtime": 2021.8151051998138, "_step": 49, "ENV_Test_TotalLoss": 224.12384797585798, "ENV_Test_TotalLoss_epoch0": 214.956803699704, "ENV_Test_Right action": 0.831232, "ENV_Test_Right action_epoch0": 0.794816, "ENV_Test_Probability to choose the right action": 0.807127811374361, "ENV_Test_Probability to choose the right action_epoch0": 0.7407023288493212, "ENV_Test_Weighted right action": 0.8656730382746924, "ENV_Test_Weighted right action_epoch0": 0.8409630485050541, "ENV_Test_Weighted probability to choose the right action:": 0.8389525351998348, "ENV_Test_Weighted probability to choose the right action:_epoch0": 0.7824036216173006, "ENV_Test_proba_accuracy": 0.8071278113743598, "ENV_Test_proba_accuracy_epoch0": 0.7407023288493226, "ENV_Test_proba_accuracy_strategy_132": 0.8363210591020828, "ENV_Test_proba_accuracy_strategy_132_epoch0": 0.7876618504046942, "ENV_Test_proba_accuracy_strategy_23": 0.8091327516952197, "ENV_Test_proba_accuracy_strategy_23_epoch0": 0.7394916601255308, "ENV_Test_proba_accuracy_strategy_107": 0.8662183053809979, "ENV_Test_proba_accuracy_strategy_107_epoch0": 0.8181058388830688, "ENV_Test_proba_accuracy_strategy_43": 0.8026943766764684, "ENV_Test_proba_accuracy_strategy_43_epoch0": 0.7456552969623552, "ENV_Test_proba_accuracy_strategy_17": 0.7854977002760185, "ENV_Test_proba_accuracy_strategy_17_epoch0": 0.7099084773081343, "ENV_Test_proba_accuracy_strategy_93": 0.8093404919023638, "ENV_Test_proba_accuracy_strategy_93_epoch0": 0.7457150527824444, "ENV_Test_proba_accuracy_per_mean_strategy": 0.8182007808388585, "ENV_Test_proba_accuracy_per_mean_strategy_epoch0": 0.7577563627443714, "ENV_Test_proba_accuracy_per_mean_user": 0.8157957352084094, "ENV_Test_proba_accuracy_per_mean_user_epoch0": 0.7540364116849015, "ENV_Test_proba_accuracy_per_mean_user_and_bot": 0.838952535199835, "ENV_Test_proba_accuracy_per_mean_user_and_bot_epoch0": 0.7824036216173013, "ENV_Test_accuracy": 0.831232, "ENV_Test_accuracy_epoch0": 0.794816, "ENV_Test_accuracy_strategy_132": 0.856657223796034, "ENV_Test_accuracy_strategy_132_epoch0": 0.8475920679886686, "ENV_Test_accuracy_strategy_23": 0.8338988528033608, "ENV_Test_accuracy_strategy_23_epoch0": 0.7930198739699467, "ENV_Test_accuracy_strategy_107": 0.896551724137931, "ENV_Test_accuracy_strategy_107_epoch0": 0.8817733990147784, "ENV_Test_accuracy_strategy_43": 0.8225190839694656, "ENV_Test_accuracy_strategy_43_epoch0": 0.80470737913486, "ENV_Test_accuracy_strategy_17": 0.809437386569873, "ENV_Test_accuracy_strategy_17_epoch0": 0.7590744101633394, "ENV_Test_accuracy_strategy_93": 0.8391866913123844, "ENV_Test_accuracy_strategy_93_epoch0": 0.8012939001848429, "ENV_Test_accuracy_per_mean_strategy": 0.8430418270981749, "ENV_Test_accuracy_per_mean_strategy_epoch0": 0.814576838409406, "ENV_Test_accuracy_per_mean_user": 0.8399359042364415, "ENV_Test_accuracy_per_mean_user_epoch0": 0.809328079863029, "ENV_Test_accuracy_per_mean_user_and_bot": 0.8656730382746911, "ENV_Test_accuracy_per_mean_user_and_bot_epoch0": 0.8409630485050543, "ENV_Train_TotalLoss_epoch1": 938.8282888373461, "ENV_Train_Right action_epoch1": 0.8112281976744186, "ENV_Train_Probability to choose the right action_epoch1": 0.7357480521890349, "ENV_Train_Weighted right action_epoch1": 0.8112281976744186, "ENV_Train_Weighted probability to choose the right action:_epoch1": 0.7357480521890349, "ENV_Test_TotalLoss_epoch1": 215.1351840948281, "ENV_Test_Right action_epoch1": 0.80448, "ENV_Test_Probability to choose the right action_epoch1": 0.7524188163033245, "ENV_Test_Weighted right action_epoch1": 0.8417161340115569, "ENV_Test_Weighted probability to choose the right action:_epoch1": 0.7898324889334681, "ENV_Test_proba_accuracy_epoch1": 0.7524188163033246, "ENV_Test_proba_accuracy_strategy_132_epoch1": 0.7937078535645344, "ENV_Test_proba_accuracy_strategy_23_epoch1": 0.7516806959708234, "ENV_Test_proba_accuracy_strategy_107_epoch1": 0.8298961533393953, "ENV_Test_proba_accuracy_strategy_43_epoch1": 0.757790336775941, "ENV_Test_proba_accuracy_strategy_17_epoch1": 0.7234352129027705, "ENV_Test_proba_accuracy_strategy_93_epoch1": 0.7559540023694402, "ENV_Test_proba_accuracy_per_mean_strategy_epoch1": 0.7687440424871507, "ENV_Test_proba_accuracy_per_mean_user_epoch1": 0.7641216230670256, "ENV_Test_proba_accuracy_per_mean_user_and_bot_epoch1": 0.7898324889334696, "ENV_Test_accuracy_epoch1": 0.80448, "ENV_Test_accuracy_strategy_132_epoch1": 0.8351274787535411, "ENV_Test_accuracy_strategy_23_epoch1": 0.805461302310551, "ENV_Test_accuracy_strategy_107_epoch1": 0.8817733990147784, "ENV_Test_accuracy_strategy_43_epoch1": 0.8053435114503816, "ENV_Test_accuracy_strategy_17_epoch1": 0.7788112522686026, "ENV_Test_accuracy_strategy_93_epoch1": 0.8086876155268022, "ENV_Test_accuracy_per_mean_strategy_epoch1": 0.8192007598874428, "ENV_Test_accuracy_per_mean_user_epoch1": 0.8150975384849292, "ENV_Test_accuracy_per_mean_user_and_bot_epoch1": 0.8417161340115564, "ENV_Train_TotalLoss_epoch2": 897.5797668975664, "ENV_Train_Right action_epoch2": 0.821917808219178, "ENV_Train_Probability to choose the right action_epoch2": 0.7487810741249682, "ENV_Train_Weighted right action_epoch2": 0.821917808219178, "ENV_Train_Weighted probability to choose the right action:_epoch2": 0.7487810741249682, "ENV_Test_TotalLoss_epoch2": 201.38692200689823, "ENV_Test_Right action_epoch2": 0.815808, "ENV_Test_Probability to choose the right action_epoch2": 0.759336993417026, "ENV_Test_Weighted right action_epoch2": 0.8563104389692552, "ENV_Test_Weighted probability to choose the right action:_epoch2": 0.7955109876277822, "ENV_Test_proba_accuracy_epoch2": 0.7593369934170258, "ENV_Test_proba_accuracy_strategy_132_epoch2": 0.8006595523551219, "ENV_Test_proba_accuracy_strategy_23_epoch2": 0.7618176473362297, "ENV_Test_proba_accuracy_strategy_107_epoch2": 0.8327781533770886, "ENV_Test_proba_accuracy_strategy_43_epoch2": 0.7570129037059838, "ENV_Test_proba_accuracy_strategy_17_epoch2": 0.7297345063064428, "ENV_Test_proba_accuracy_strategy_93_epoch2": 0.7603799529011638, "ENV_Test_proba_accuracy_per_mean_strategy_epoch2": 0.7737304526636718, "ENV_Test_proba_accuracy_per_mean_user_epoch2": 0.7703733329485762, "ENV_Test_proba_accuracy_per_mean_user_and_bot_epoch2": 0.795510987627781, "ENV_Test_accuracy_epoch2": 0.815808, "ENV_Test_accuracy_strategy_132_epoch2": 0.851558073654391, "ENV_Test_accuracy_strategy_23_epoch2": 0.8179027306511553, "ENV_Test_accuracy_strategy_107_epoch2": 0.9047619047619048, "ENV_Test_accuracy_strategy_43_epoch2": 0.8161577608142494, "ENV_Test_accuracy_strategy_17_epoch2": 0.7878856624319419, "ENV_Test_accuracy_strategy_93_epoch2": 0.8086876155268022, "ENV_Test_accuracy_per_mean_strategy_epoch2": 0.8311589579734074, "ENV_Test_accuracy_per_mean_user_epoch2": 0.8261665891810697, "ENV_Test_accuracy_per_mean_user_and_bot_epoch2": 0.8563104389692547, "ENV_Train_TotalLoss_epoch3": 855.247378885722, "ENV_Train_Right action_epoch3": 0.8306821358680458, "ENV_Train_Probability to choose the right action_epoch3": 0.7615059479831848, "ENV_Train_Weighted right action_epoch3": 0.8306821358680458, "ENV_Train_Weighted probability to choose the right action:_epoch3": 0.7615059479831848, "ENV_Test_TotalLoss_epoch3": 194.0423569962492, "ENV_Test_Right action_epoch3": 0.827072, "ENV_Test_Probability to choose the right action_epoch3": 0.7770166144688195, "ENV_Test_Weighted right action_epoch3": 0.863640786837443, "ENV_Test_Weighted probability to choose the right action:_epoch3": 0.8151818490544949, "ENV_Test_proba_accuracy_epoch3": 0.7770166144688193, "ENV_Test_proba_accuracy_strategy_132_epoch3": 0.8155808872677532, "ENV_Test_proba_accuracy_strategy_23_epoch3": 0.7792683056557769, "ENV_Test_proba_accuracy_strategy_107_epoch3": 0.8510053064928144, "ENV_Test_proba_accuracy_strategy_43_epoch3": 0.7801615142115746, "ENV_Test_proba_accuracy_strategy_17_epoch3": 0.7475233768192888, "ENV_Test_proba_accuracy_strategy_93_epoch3": 0.7751696990110624, "ENV_Test_proba_accuracy_per_mean_strategy_epoch3": 0.7914515149097117, "ENV_Test_proba_accuracy_per_mean_user_epoch3": 0.7873071922157057, "ENV_Test_proba_accuracy_per_mean_user_and_bot_epoch3": 0.8151818490544945, "ENV_Test_accuracy_epoch3": 0.827072, "ENV_Test_accuracy_strategy_132_epoch3": 0.8606232294617564, "ENV_Test_accuracy_strategy_23_epoch3": 0.8329293908547423, "ENV_Test_accuracy_strategy_107_epoch3": 0.8916256157635468, "ENV_Test_accuracy_strategy_43_epoch3": 0.8365139949109415, "ENV_Test_accuracy_strategy_17_epoch3": 0.7937840290381125, "ENV_Test_accuracy_strategy_93_epoch3": 0.8243992606284658, "ENV_Test_accuracy_per_mean_strategy_epoch3": 0.8399792534429277, "ENV_Test_accuracy_per_mean_user_epoch3": 0.8355509073469168, "ENV_Test_accuracy_per_mean_user_and_bot_epoch3": 0.8636407868374429, "ENV_Train_TotalLoss_epoch4": 819.2800169725722, "ENV_Train_Right action_epoch4": 0.8385699111086263, "ENV_Train_Probability to choose the right action_epoch4": 0.7722101697209803, "ENV_Train_Weighted right action_epoch4": 0.8385699111086263, "ENV_Train_Weighted probability to choose the right action:_epoch4": 0.7722101697209803, "ENV_Test_TotalLoss_epoch4": 193.02136940111654, "ENV_Test_Right action_epoch4": 0.825856, "ENV_Test_Probability to choose the right action_epoch4": 0.7749503641754296, "ENV_Test_Weighted right action_epoch4": 0.8586968119080625, "ENV_Test_Weighted probability to choose the right action:_epoch4": 0.8105383937730536, "ENV_Test_proba_accuracy_epoch4": 0.7749503641754292, "ENV_Test_proba_accuracy_strategy_132_epoch4": 0.8150262592841585, "ENV_Test_proba_accuracy_strategy_23_epoch4": 0.7779192032199278, "ENV_Test_proba_accuracy_strategy_107_epoch4": 0.8452503549639955, "ENV_Test_proba_accuracy_strategy_43_epoch4": 0.7747411037554026, "ENV_Test_proba_accuracy_strategy_17_epoch4": 0.7455879966726909, "ENV_Test_proba_accuracy_strategy_93_epoch4": 0.7729517313000185, "ENV_Test_proba_accuracy_per_mean_strategy_epoch4": 0.7885794415326989, "ENV_Test_proba_accuracy_per_mean_user_epoch4": 0.7850120860165634, "ENV_Test_proba_accuracy_per_mean_user_and_bot_epoch4": 0.810538393773054, "ENV_Test_accuracy_epoch4": 0.825856, "ENV_Test_accuracy_strategy_132_epoch4": 0.8572237960339943, "ENV_Test_accuracy_strategy_23_epoch4": 0.8330909678461788, "ENV_Test_accuracy_strategy_107_epoch4": 0.8916256157635468, "ENV_Test_accuracy_strategy_43_epoch4": 0.8231552162849872, "ENV_Test_accuracy_strategy_17_epoch4": 0.7987749546279492, "ENV_Test_accuracy_strategy_93_epoch4": 0.8105360443622921, "ENV_Test_accuracy_per_mean_strategy_epoch4": 0.8357344324864915, "ENV_Test_accuracy_per_mean_user_epoch4": 0.8341293117350851, "ENV_Test_accuracy_per_mean_user_and_bot_epoch4": 0.8586968119080622, "ENV_Train_TotalLoss_epoch5": 798.2138100975111, "ENV_Train_Right action_epoch5": 0.8436683297695414, "ENV_Train_Probability to choose the right action_epoch5": 0.7794049058297066, "ENV_Train_Weighted right action_epoch5": 0.8436683297695414, "ENV_Train_Weighted probability to choose the right action:_epoch5": 0.7794049058297066, "ENV_Test_TotalLoss_epoch5": 201.24384647310993, "ENV_Test_Right action_epoch5": 0.825792, "ENV_Test_Probability to choose the right action_epoch5": 0.7802530087601907, "ENV_Test_Weighted right action_epoch5": 0.8577509268642618, "ENV_Test_Weighted probability to choose the right action:_epoch5": 0.8166186898503989, "ENV_Test_proba_accuracy_epoch5": 0.7802530087601909, "ENV_Test_proba_accuracy_strategy_132_epoch5": 0.8202045376158345, "ENV_Test_proba_accuracy_strategy_23_epoch5": 0.7821299145053576, "ENV_Test_proba_accuracy_strategy_107_epoch5": 0.8473686699771406, "ENV_Test_proba_accuracy_strategy_43_epoch5": 0.7837787860408512, "ENV_Test_proba_accuracy_strategy_17_epoch5": 0.7516718053796779, "ENV_Test_proba_accuracy_strategy_93_epoch5": 0.7778864346824947, "ENV_Test_proba_accuracy_per_mean_strategy_epoch5": 0.7938400247002262, "ENV_Test_proba_accuracy_per_mean_user_epoch5": 0.7921219819980858, "ENV_Test_proba_accuracy_per_mean_user_and_bot_epoch5": 0.8166186898503998, "ENV_Test_accuracy_epoch5": 0.825792, "ENV_Test_accuracy_strategy_132_epoch5": 0.8538243626062323, "ENV_Test_accuracy_strategy_23_epoch5": 0.8316367749232509, "ENV_Test_accuracy_strategy_107_epoch5": 0.8883415435139573, "ENV_Test_accuracy_strategy_43_epoch5": 0.8269720101781171, "ENV_Test_accuracy_strategy_17_epoch5": 0.7987749546279492, "ENV_Test_accuracy_strategy_93_epoch5": 0.8197781885397413, "ENV_Test_accuracy_per_mean_strategy_epoch5": 0.8365546390648747, "ENV_Test_accuracy_per_mean_user_epoch5": 0.8351938168527375, "ENV_Test_accuracy_per_mean_user_and_bot_epoch5": 0.8577509268642618, "ENV_Train_TotalLoss_epoch6": 774.3523301628594, "ENV_Train_Right action_epoch6": 0.8496862640971533, "ENV_Train_Probability to choose the right action_epoch6": 0.7864205055442104, "ENV_Train_Weighted right action_epoch6": 0.8496862640971533, "ENV_Train_Weighted probability to choose the right action:_epoch6": 0.7864205055442104, "ENV_Test_TotalLoss_epoch6": 187.235445535265, "ENV_Test_Right action_epoch6": 0.825536, "ENV_Test_Probability to choose the right action_epoch6": 0.7833620834253379, "ENV_Test_Weighted right action_epoch6": 0.8598527076929589, "ENV_Test_Weighted probability to choose the right action:_epoch6": 0.8183097088247885, "ENV_Test_proba_accuracy_epoch6": 0.7833620834253385, "ENV_Test_proba_accuracy_strategy_132_epoch6": 0.8197138959620789, "ENV_Test_proba_accuracy_strategy_23_epoch6": 0.7852199992543408, "ENV_Test_proba_accuracy_strategy_107_epoch6": 0.8504641407792463, "ENV_Test_proba_accuracy_strategy_43_epoch6": 0.7821294239726196, "ENV_Test_proba_accuracy_strategy_17_epoch6": 0.7561914103537302, "ENV_Test_proba_accuracy_strategy_93_epoch6": 0.7881507381737224, "ENV_Test_proba_accuracy_per_mean_strategy_epoch6": 0.7969782680826231, "ENV_Test_proba_accuracy_per_mean_user_epoch6": 0.7943014339043094, "ENV_Test_proba_accuracy_per_mean_user_and_bot_epoch6": 0.8183097088247878, "ENV_Test_accuracy_epoch6": 0.825536, "ENV_Test_accuracy_strategy_132_epoch6": 0.8555240793201133, "ENV_Test_accuracy_strategy_23_epoch6": 0.8292131200517047, "ENV_Test_accuracy_strategy_107_epoch6": 0.8916256157635468, "ENV_Test_accuracy_strategy_43_epoch6": 0.8256997455470738, "ENV_Test_accuracy_strategy_17_epoch6": 0.7962794918330308, "ENV_Test_accuracy_strategy_93_epoch6": 0.8373382624768947, "ENV_Test_accuracy_per_mean_strategy_epoch6": 0.8392800524987273, "ENV_Test_accuracy_per_mean_user_epoch6": 0.8357555632285513, "ENV_Test_accuracy_per_mean_user_and_bot_epoch6": 0.8598527076929594, "ENV_Train_TotalLoss_epoch7": 750.1414894970076, "ENV_Train_Right action_epoch7": 0.8534805703103159, "ENV_Train_Probability to choose the right action_epoch7": 0.7935275128087239, "ENV_Train_Weighted right action_epoch7": 0.8534805703103159, "ENV_Train_Weighted probability to choose the right action:_epoch7": 0.7935275128087239, "ENV_Test_TotalLoss_epoch7": 188.25019775550996, "ENV_Test_Right action_epoch7": 0.83296, "ENV_Test_Probability to choose the right action_epoch7": 0.7887206288494173, "ENV_Test_Weighted right action_epoch7": 0.8639253619387207, "ENV_Test_Weighted probability to choose the right action:_epoch7": 0.8192643952921846, "ENV_Test_proba_accuracy_epoch7": 0.7887206288494176, "ENV_Test_proba_accuracy_strategy_132_epoch7": 0.8194870489209521, "ENV_Test_proba_accuracy_strategy_23_epoch7": 0.7940838730230818, "ENV_Test_proba_accuracy_strategy_107_epoch7": 0.8515458373524282, "ENV_Test_proba_accuracy_strategy_43_epoch7": 0.784946483483546, "ENV_Test_proba_accuracy_strategy_17_epoch7": 0.7607805089541682, "ENV_Test_proba_accuracy_strategy_93_epoch7": 0.7918043658346423, "ENV_Test_proba_accuracy_per_mean_strategy_epoch7": 0.8004413529281363, "ENV_Test_proba_accuracy_per_mean_user_epoch7": 0.7984566622151327, "ENV_Test_proba_accuracy_per_mean_user_and_bot_epoch7": 0.8192643952921853, "ENV_Test_accuracy_epoch7": 0.83296, "ENV_Test_accuracy_strategy_132_epoch7": 0.8577903682719547, "ENV_Test_accuracy_strategy_23_epoch7": 0.8400387784779447, "ENV_Test_accuracy_strategy_107_epoch7": 0.896551724137931, "ENV_Test_accuracy_strategy_43_epoch7": 0.8269720101781171, "ENV_Test_accuracy_strategy_17_epoch7": 0.8037658802177858, "ENV_Test_accuracy_strategy_93_epoch7": 0.8438077634011091, "ENV_Test_accuracy_per_mean_strategy_epoch7": 0.8448210874474738, "ENV_Test_accuracy_per_mean_user_epoch7": 0.8418900488525498, "ENV_Test_accuracy_per_mean_user_and_bot_epoch7": 0.8639253619387204, "ENV_Train_TotalLoss_epoch8": 727.1606301724108, "ENV_Train_Right action_epoch8": 0.8595780354897303, "ENV_Train_Probability to choose the right action_epoch8": 0.8006906933097838, "ENV_Train_Weighted right action_epoch8": 0.8595780354897303, "ENV_Train_Weighted probability to choose the right action:_epoch8": 0.8006906933097838, "ENV_Test_TotalLoss_epoch8": 183.43471103389828, "ENV_Test_Right action_epoch8": 0.835712, "ENV_Test_Probability to choose the right action_epoch8": 0.7900071741592243, "ENV_Test_Weighted right action_epoch8": 0.8698252554448687, "ENV_Test_Weighted probability to choose the right action:_epoch8": 0.8232774183893917, "ENV_Test_proba_accuracy_epoch8": 0.7900071741592246, "ENV_Test_proba_accuracy_strategy_132_epoch8": 0.8261674803784033, "ENV_Test_proba_accuracy_strategy_23_epoch8": 0.7937834619088505, "ENV_Test_proba_accuracy_strategy_107_epoch8": 0.8489089685669898, "ENV_Test_proba_accuracy_strategy_43_epoch8": 0.7877072216516092, "ENV_Test_proba_accuracy_strategy_17_epoch8": 0.7624014624494975, "ENV_Test_proba_accuracy_strategy_93_epoch8": 0.7920736477311622, "ENV_Test_proba_accuracy_per_mean_strategy_epoch8": 0.8018403737810854, "ENV_Test_proba_accuracy_per_mean_user_epoch8": 0.7997885284497712, "ENV_Test_proba_accuracy_per_mean_user_and_bot_epoch8": 0.8232774183893915, "ENV_Test_accuracy_epoch8": 0.835712, "ENV_Test_accuracy_strategy_132_epoch8": 0.8645892351274788, "ENV_Test_accuracy_strategy_23_epoch8": 0.8414929714008725, "ENV_Test_accuracy_strategy_107_epoch8": 0.896551724137931, "ENV_Test_accuracy_strategy_43_epoch8": 0.8295165394402035, "ENV_Test_accuracy_strategy_17_epoch8": 0.8083030852994555, "ENV_Test_accuracy_strategy_93_epoch8": 0.8419593345656192, "ENV_Test_accuracy_per_mean_strategy_epoch8": 0.8470688149952602, "ENV_Test_accuracy_per_mean_user_epoch8": 0.8437645130181542, "ENV_Test_accuracy_per_mean_user_and_bot_epoch8": 0.8698252554448687, "ENV_Train_TotalLoss_epoch9": 708.4198008353144, "ENV_Train_Right action_epoch9": 0.8647609728823036, "ENV_Train_Probability to choose the right action_epoch9": 0.8060659295541475, "ENV_Train_Weighted right action_epoch9": 0.8647609728823036, "ENV_Train_Weighted probability to choose the right action:_epoch9": 0.8060659295541475, "ENV_Test_TotalLoss_epoch9": 184.01207893401943, "ENV_Test_Right action_epoch9": 0.83808, "ENV_Test_Probability to choose the right action_epoch9": 0.7970536652083705, "ENV_Test_Weighted right action_epoch9": 0.8684597034088474, "ENV_Test_Weighted probability to choose the right action:_epoch9": 0.8289288246787188, "ENV_Test_proba_accuracy_epoch9": 0.7970536652083706, "ENV_Test_proba_accuracy_strategy_132_epoch9": 0.8308930678027892, "ENV_Test_proba_accuracy_strategy_23_epoch9": 0.8015292482894548, "ENV_Test_proba_accuracy_strategy_107_epoch9": 0.8525215129984574, "ENV_Test_proba_accuracy_strategy_43_epoch9": 0.7943389547487211, "ENV_Test_proba_accuracy_strategy_17_epoch9": 0.7700894042547445, "ENV_Test_proba_accuracy_strategy_93_epoch9": 0.7988282849440573, "ENV_Test_proba_accuracy_per_mean_strategy_epoch9": 0.8080334121730374, "ENV_Test_proba_accuracy_per_mean_user_epoch9": 0.8068974426505842, "ENV_Test_proba_accuracy_per_mean_user_and_bot_epoch9": 0.8289288246787185, "ENV_Test_accuracy_epoch9": 0.83808, "ENV_Test_accuracy_strategy_132_epoch9": 0.8651558073654391, "ENV_Test_accuracy_strategy_23_epoch9": 0.8461787041525287, "ENV_Test_accuracy_strategy_107_epoch9": 0.8899835796387521, "ENV_Test_accuracy_strategy_43_epoch9": 0.8307888040712468, "ENV_Test_accuracy_strategy_17_epoch9": 0.8114791288566243, "ENV_Test_accuracy_strategy_93_epoch9": 0.8373382624768947, "ENV_Test_accuracy_per_mean_strategy_epoch9": 0.8468207144269143, "ENV_Test_accuracy_per_mean_user_epoch9": 0.8469508626164339, "ENV_Test_accuracy_per_mean_user_and_bot_epoch9": 0.8684597034088469, "ENV_Train_TotalLoss_epoch10": 692.3958038976863, "ENV_Train_Right action_epoch10": 0.8687168017892088, "ENV_Train_Probability to choose the right action_epoch10": 0.8116429444808735, "ENV_Train_Weighted right action_epoch10": 0.8687168017892088, "ENV_Train_Weighted probability to choose the right action:_epoch10": 0.8116429444808735, "ENV_Test_TotalLoss_epoch10": 187.6763808223096, "ENV_Test_Right action_epoch10": 0.838208, "ENV_Test_Probability to choose the right action_epoch10": 0.801383819608098, "ENV_Test_Weighted right action_epoch10": 0.8699233337999406, "ENV_Test_Weighted probability to choose the right action:_epoch10": 0.8337235180383669, "ENV_Test_proba_accuracy_epoch10": 0.8013838196080982, "ENV_Test_proba_accuracy_strategy_132_epoch10": 0.8391030792088344, "ENV_Test_proba_accuracy_strategy_23_epoch10": 0.8066417504479536, "ENV_Test_proba_accuracy_strategy_107_epoch10": 0.8622109389925118, "ENV_Test_proba_accuracy_strategy_43_epoch10": 0.7959598067671381, "ENV_Test_proba_accuracy_strategy_17_epoch10": 0.7726251248298898, "ENV_Test_proba_accuracy_strategy_93_epoch10": 0.8005846808835688, "ENV_Test_proba_accuracy_per_mean_strategy_epoch10": 0.8128542301883162, "ENV_Test_proba_accuracy_per_mean_user_epoch10": 0.8106798565886293, "ENV_Test_proba_accuracy_per_mean_user_and_bot_epoch10": 0.8337235180383679, "ENV_Test_accuracy_epoch10": 0.838208, "ENV_Test_accuracy_strategy_132_epoch10": 0.8776203966005666, "ENV_Test_accuracy_strategy_23_epoch10": 0.8450476652124738, "ENV_Test_accuracy_strategy_107_epoch10": 0.8998357963875205, "ENV_Test_accuracy_strategy_43_epoch10": 0.8320610687022901, "ENV_Test_accuracy_strategy_17_epoch10": 0.8092105263157895, "ENV_Test_accuracy_strategy_93_epoch10": 0.8271719038817006, "ENV_Test_accuracy_per_mean_strategy_epoch10": 0.8484912261833902, "ENV_Test_accuracy_per_mean_user_epoch10": 0.8464195525077225, "ENV_Test_accuracy_per_mean_user_and_bot_epoch10": 0.8699233337999397, "ENV_Train_TotalLoss_epoch11": 672.1930111375025, "ENV_Train_Right action_epoch11": 0.8728002124655792, "ENV_Train_Probability to choose the right action_epoch11": 0.8172273692102799, "ENV_Train_Weighted right action_epoch11": 0.8728002124655792, "ENV_Train_Weighted probability to choose the right action:_epoch11": 0.8172273692102799, "ENV_Test_TotalLoss_epoch11": 185.9418354533691, "ENV_Test_Right action_epoch11": 0.837568, "ENV_Test_Probability to choose the right action_epoch11": 0.8010061655972136, "ENV_Test_Weighted right action_epoch11": 0.8678677353476706, "ENV_Test_Weighted probability to choose the right action:_epoch11": 0.8319638408088318, "ENV_Test_proba_accuracy_epoch11": 0.8010061655972132, "ENV_Test_proba_accuracy_strategy_132_epoch11": 0.8342716099508077, "ENV_Test_proba_accuracy_strategy_23_epoch11": 0.8051800414286631, "ENV_Test_proba_accuracy_strategy_107_epoch11": 0.8585689023814956, "ENV_Test_proba_accuracy_strategy_43_epoch11": 0.7957065694375791, "ENV_Test_proba_accuracy_strategy_17_epoch11": 0.7757383966596801, "ENV_Test_proba_accuracy_strategy_93_epoch11": 0.8011077895648899, "ENV_Test_proba_accuracy_per_mean_strategy_epoch11": 0.8117622182371859, "ENV_Test_proba_accuracy_per_mean_user_epoch11": 0.810895776827383, "ENV_Test_proba_accuracy_per_mean_user_and_bot_epoch11": 0.831963840808831, "ENV_Test_accuracy_epoch11": 0.837568, "ENV_Test_accuracy_strategy_132_epoch11": 0.8662889518413598, "ENV_Test_accuracy_strategy_23_epoch11": 0.8423008563580546, "ENV_Test_accuracy_strategy_107_epoch11": 0.8932676518883416, "ENV_Test_accuracy_strategy_43_epoch11": 0.8295165394402035, "ENV_Test_accuracy_strategy_17_epoch11": 0.8144283121597096, "ENV_Test_accuracy_strategy_93_epoch11": 0.8382624768946395, "ENV_Test_accuracy_per_mean_strategy_epoch11": 0.8473441314303848, "ENV_Test_accuracy_per_mean_user_epoch11": 0.8471348406002271, "ENV_Test_accuracy_per_mean_user_and_bot_epoch11": 0.8678677353476706, "ENV_Train_TotalLoss_epoch12": 659.6027354939432, "ENV_Train_Right action_epoch12": 0.876065390526757, "ENV_Train_Probability to choose the right action_epoch12": 0.8213122969433814, "ENV_Train_Weighted right action_epoch12": 0.876065390526757, "ENV_Train_Weighted probability to choose the right action:_epoch12": 0.8213122969433814, "ENV_Test_TotalLoss_epoch12": 182.7827338336013, "ENV_Test_Right action_epoch12": 0.837376, "ENV_Test_Probability to choose the right action_epoch12": 0.8016407806480673, "ENV_Test_Weighted right action_epoch12": 0.8704126081966925, "ENV_Test_Weighted probability to choose the right action:_epoch12": 0.8322580854673522, "ENV_Test_proba_accuracy_epoch12": 0.801640780648067, "ENV_Test_proba_accuracy_strategy_132_epoch12": 0.834004527167505, "ENV_Test_proba_accuracy_strategy_23_epoch12": 0.8054082792344347, "ENV_Test_proba_accuracy_strategy_107_epoch12": 0.8537654094558216, "ENV_Test_proba_accuracy_strategy_43_epoch12": 0.8004982997991524, "ENV_Test_proba_accuracy_strategy_17_epoch12": 0.7765796916747837, "ENV_Test_proba_accuracy_strategy_93_epoch12": 0.8017168432977596, "ENV_Test_proba_accuracy_per_mean_strategy_epoch12": 0.8119955084382428, "ENV_Test_proba_accuracy_per_mean_user_epoch12": 0.8106220140650796, "ENV_Test_proba_accuracy_per_mean_user_and_bot_epoch12": 0.8322580854673516, "ENV_Test_accuracy_epoch12": 0.837376, "ENV_Test_accuracy_strategy_132_epoch12": 0.8668555240793201, "ENV_Test_accuracy_strategy_23_epoch12": 0.8418161253837454, "ENV_Test_accuracy_strategy_107_epoch12": 0.8866995073891626, "ENV_Test_accuracy_strategy_43_epoch12": 0.8396946564885496, "ENV_Test_accuracy_strategy_17_epoch12": 0.8123865698729582, "ENV_Test_accuracy_strategy_93_epoch12": 0.8345656192236599, "ENV_Test_accuracy_per_mean_strategy_epoch12": 0.8470030004062327, "ENV_Test_accuracy_per_mean_user_epoch12": 0.8474675112944812, "ENV_Test_accuracy_per_mean_user_and_bot_epoch12": 0.8704126081966915, "ENV_Train_TotalLoss_epoch13": 639.9121684958307, "ENV_Train_Right action_epoch13": 0.8792308337292826, "ENV_Train_Probability to choose the right action_epoch13": 0.8262903593656352, "ENV_Train_Weighted right action_epoch13": 0.8792308337292826, "ENV_Train_Weighted probability to choose the right action:_epoch13": 0.8262903593656352, "ENV_Test_TotalLoss_epoch13": 197.20271334079413, "ENV_Test_Right action_epoch13": 0.833408, "ENV_Test_Probability to choose the right action_epoch13": 0.7972151323347885, "ENV_Test_Weighted right action_epoch13": 0.8638624627387024, "ENV_Test_Weighted probability to choose the right action:_epoch13": 0.8269339886401101, "ENV_Test_proba_accuracy_epoch13": 0.7972151323347879, "ENV_Test_proba_accuracy_strategy_132_epoch13": 0.8295490501749926, "ENV_Test_proba_accuracy_strategy_23_epoch13": 0.7984686509865904, "ENV_Test_proba_accuracy_strategy_107_epoch13": 0.846871162028685, "ENV_Test_proba_accuracy_strategy_43_epoch13": 0.796529782662169, "ENV_Test_proba_accuracy_strategy_17_epoch13": 0.7749703032652654, "ENV_Test_proba_accuracy_strategy_93_epoch13": 0.8009717517583204, "ENV_Test_proba_accuracy_per_mean_strategy_epoch13": 0.8078934501460037, "ENV_Test_proba_accuracy_per_mean_user_epoch13": 0.8072811288477004, "ENV_Test_proba_accuracy_per_mean_user_and_bot_epoch13": 0.8269339886401103, "ENV_Test_accuracy_epoch13": 0.833408, "ENV_Test_accuracy_strategy_132_epoch13": 0.8668555240793201, "ENV_Test_accuracy_strategy_23_epoch13": 0.833575698820488, "ENV_Test_accuracy_strategy_107_epoch13": 0.8834154351395731, "ENV_Test_accuracy_strategy_43_epoch13": 0.8307888040712468, "ENV_Test_accuracy_strategy_17_epoch13": 0.8123865698729582, "ENV_Test_accuracy_strategy_93_epoch13": 0.8391866913123844, "ENV_Test_accuracy_per_mean_strategy_epoch13": 0.8443681205493284, "ENV_Test_accuracy_per_mean_user_epoch13": 0.8434425594133936, "ENV_Test_accuracy_per_mean_user_and_bot_epoch13": 0.8638624627387019, "ENV_Train_TotalLoss_epoch14": 627.593223697095, "ENV_Train_Right action_epoch14": 0.8826522055123833, "ENV_Train_Probability to choose the right action_epoch14": 0.8303277116955934, "ENV_Train_Weighted right action_epoch14": 0.8826522055123833, "ENV_Train_Weighted probability to choose the right action:_epoch14": 0.8303277116955934, "ENV_Test_TotalLoss_epoch14": 193.76670641648673, "ENV_Test_Right action_epoch14": 0.838848, "ENV_Test_Probability to choose the right action_epoch14": 0.8051585922401262, "ENV_Test_Weighted right action_epoch14": 0.8684772943512769, "ENV_Test_Weighted probability to choose the right action:_epoch14": 0.8351109778911617, "ENV_Test_proba_accuracy_epoch14": 0.805158592240126, "ENV_Test_proba_accuracy_strategy_132_epoch14": 0.8371135098853304, "ENV_Test_proba_accuracy_strategy_23_epoch14": 0.8096593590169803, "ENV_Test_proba_accuracy_strategy_107_epoch14": 0.8506159852221553, "ENV_Test_proba_accuracy_strategy_43_epoch14": 0.8038456436175425, "ENV_Test_proba_accuracy_strategy_17_epoch14": 0.7808210299286629, "ENV_Test_proba_accuracy_strategy_93_epoch14": 0.802759980735355, "ENV_Test_proba_accuracy_per_mean_strategy_epoch14": 0.8141359180676712, "ENV_Test_proba_accuracy_per_mean_user_epoch14": 0.8138632218086143, "ENV_Test_proba_accuracy_per_mean_user_and_bot_epoch14": 0.8351109778911613, "ENV_Test_accuracy_epoch14": 0.838848, "ENV_Test_accuracy_strategy_132_epoch14": 0.8713881019830029, "ENV_Test_accuracy_strategy_23_epoch14": 0.8460171271610922, "ENV_Test_accuracy_strategy_107_epoch14": 0.8916256157635468, "ENV_Test_accuracy_strategy_43_epoch14": 0.833969465648855, "ENV_Test_accuracy_strategy_17_epoch14": 0.8126134301270418, "ENV_Test_accuracy_strategy_93_epoch14": 0.8290203327171903, "ENV_Test_accuracy_per_mean_strategy_epoch14": 0.8474390122334549, "ENV_Test_accuracy_per_mean_user_epoch14": 0.8459018809641344, "ENV_Test_accuracy_per_mean_user_and_bot_epoch14": 0.8684772943512764, "ENV_Train_TotalLoss_epoch15": 609.28641167631, "ENV_Train_Right action_epoch15": 0.8848046066976016, "ENV_Train_Probability to choose the right action_epoch15": 0.8347123486750486, "ENV_Train_Weighted right action_epoch15": 0.8848046066976016, "ENV_Train_Weighted probability to choose the right action:_epoch15": 0.8347123486750486, "ENV_Test_TotalLoss_epoch15": 203.46139670411512, "ENV_Test_Right action_epoch15": 0.837056, "ENV_Test_Probability to choose the right action_epoch15": 0.8074156750255427, "ENV_Test_Weighted right action_epoch15": 0.8677359757394582, "ENV_Test_Weighted probability to choose the right action:_epoch15": 0.838031633295269, "ENV_Test_proba_accuracy_epoch15": 0.8074156750255437, "ENV_Test_proba_accuracy_strategy_132_epoch15": 0.8390091841911318, "ENV_Test_proba_accuracy_strategy_23_epoch15": 0.8111759909542977, "ENV_Test_proba_accuracy_strategy_107_epoch15": 0.853137792319263, "ENV_Test_proba_accuracy_strategy_43_epoch15": 0.806381981579523, "ENV_Test_proba_accuracy_strategy_17_epoch15": 0.7847524011116488, "ENV_Test_proba_accuracy_strategy_93_epoch15": 0.8024662934334889, "ENV_Test_proba_accuracy_per_mean_strategy_epoch15": 0.8161539405982254, "ENV_Test_proba_accuracy_per_mean_user_epoch15": 0.8170676683007564, "ENV_Test_proba_accuracy_per_mean_user_and_bot_epoch15": 0.8380316332952701, "ENV_Test_accuracy_epoch15": 0.837056, "ENV_Test_accuracy_strategy_132_epoch15": 0.8685552407932011, "ENV_Test_accuracy_strategy_23_epoch15": 0.8416545483923089, "ENV_Test_accuracy_strategy_107_epoch15": 0.8883415435139573, "ENV_Test_accuracy_strategy_43_epoch15": 0.8333333333333334, "ENV_Test_accuracy_strategy_17_epoch15": 0.8142014519056261, "ENV_Test_accuracy_strategy_93_epoch15": 0.8290203327171903, "ENV_Test_accuracy_per_mean_strategy_epoch15": 0.8458510751092695, "ENV_Test_accuracy_per_mean_user_epoch15": 0.8460322611616531, "ENV_Test_accuracy_per_mean_user_and_bot_epoch15": 0.8677359757394578, "ENV_Train_TotalLoss_epoch16": 602.7795005112237, "ENV_Train_Right action_epoch16": 0.8864179584305942, "ENV_Train_Probability to choose the right action_epoch16": 0.8372763800224464, "ENV_Train_Weighted right action_epoch16": 0.8864179584305942, "ENV_Train_Weighted probability to choose the right action:_epoch16": 0.8372763800224464, "ENV_Test_TotalLoss_epoch16": 202.15329107806699, "ENV_Test_Right action_epoch16": 0.833728, "ENV_Test_Probability to choose the right action_epoch16": 0.8076611170687295, "ENV_Test_Weighted right action_epoch16": 0.8653401491650072, "ENV_Test_Weighted probability to choose the right action:_epoch16": 0.8399998183446882, "ENV_Test_proba_accuracy_epoch16": 0.8076611170687291, "ENV_Test_proba_accuracy_strategy_132_epoch16": 0.8378264187049761, "ENV_Test_proba_accuracy_strategy_23_epoch16": 0.8097363746110868, "ENV_Test_proba_accuracy_strategy_107_epoch16": 0.8623616427333317, "ENV_Test_proba_accuracy_strategy_43_epoch16": 0.8039790614162307, "ENV_Test_proba_accuracy_strategy_17_epoch16": 0.785718340324533, "ENV_Test_proba_accuracy_strategy_93_epoch16": 0.8105389404760984, "ENV_Test_proba_accuracy_per_mean_strategy_epoch16": 0.8183601297110429, "ENV_Test_proba_accuracy_per_mean_user_epoch16": 0.8168411848212551, "ENV_Test_proba_accuracy_per_mean_user_and_bot_epoch16": 0.8399998183446891, "ENV_Test_accuracy_epoch16": 0.833728, "ENV_Test_accuracy_strategy_132_epoch16": 0.8594900849858357, "ENV_Test_accuracy_strategy_23_epoch16": 0.8379382775892713, "ENV_Test_accuracy_strategy_107_epoch16": 0.8801313628899836, "ENV_Test_accuracy_strategy_43_epoch16": 0.8301526717557252, "ENV_Test_accuracy_strategy_17_epoch16": 0.8112522686025408, "ENV_Test_accuracy_strategy_93_epoch16": 0.8382624768946395, "ENV_Test_accuracy_per_mean_strategy_epoch16": 0.8428711904529993, "ENV_Test_accuracy_per_mean_user_epoch16": 0.8419642959242299, "ENV_Test_accuracy_per_mean_user_and_bot_epoch16": 0.8653401491650078, "ENV_Train_TotalLoss_epoch17": 588.0537279955304, "ENV_Train_Right action_epoch17": 0.8910803897174967, "ENV_Train_Probability to choose the right action_epoch17": 0.8413568091668157, "ENV_Train_Weighted right action_epoch17": 0.8910803897174967, "ENV_Train_Weighted probability to choose the right action:_epoch17": 0.8413568091668157, "ENV_Test_TotalLoss_epoch17": 217.9254187803932, "ENV_Test_Right action_epoch17": 0.829312, "ENV_Test_Probability to choose the right action_epoch17": 0.8052748939991987, "ENV_Test_Weighted right action_epoch17": 0.8554593942611487, "ENV_Test_Weighted probability to choose the right action:_epoch17": 0.8335922683464781, "ENV_Test_proba_accuracy_epoch17": 0.8052748939991985, "ENV_Test_proba_accuracy_strategy_132_epoch17": 0.8327038432129942, "ENV_Test_proba_accuracy_strategy_23_epoch17": 0.808309823123361, "ENV_Test_proba_accuracy_strategy_107_epoch17": 0.847225133544995, "ENV_Test_proba_accuracy_strategy_43_epoch17": 0.8022325563857448, "ENV_Test_proba_accuracy_strategy_17_epoch17": 0.7855931682550071, "ENV_Test_proba_accuracy_strategy_93_epoch17": 0.8041627259895534, "ENV_Test_proba_accuracy_per_mean_strategy_epoch17": 0.8133712084186094, "ENV_Test_proba_accuracy_per_mean_user_epoch17": 0.8148645830586592, "ENV_Test_proba_accuracy_per_mean_user_and_bot_epoch17": 0.8335922683464787, "ENV_Test_accuracy_epoch17": 0.829312, "ENV_Test_accuracy_strategy_132_epoch17": 0.8481586402266289, "ENV_Test_accuracy_strategy_23_epoch17": 0.8353530457262885, "ENV_Test_accuracy_strategy_107_epoch17": 0.8702791461412152, "ENV_Test_accuracy_strategy_43_epoch17": 0.8212468193384224, "ENV_Test_accuracy_strategy_17_epoch17": 0.8112522686025408, "ENV_Test_accuracy_strategy_93_epoch17": 0.8262476894639557, "ENV_Test_accuracy_per_mean_strategy_epoch17": 0.8354229349165085, "ENV_Test_accuracy_per_mean_user_epoch17": 0.8381491834477833, "ENV_Test_accuracy_per_mean_user_and_bot_epoch17": 0.855459394261148, "ENV_Train_TotalLoss_epoch18": 575.9361464918667, "ENV_Train_Right action_epoch18": 0.8925371465313596, "ENV_Train_Probability to choose the right action_epoch18": 0.8448762519793405, "ENV_Train_Weighted right action_epoch18": 0.8925371465313596, "ENV_Train_Weighted probability to choose the right action:_epoch18": 0.8448762519793405, "ENV_Test_TotalLoss_epoch18": 208.3763420869698, "ENV_Test_Right action_epoch18": 0.831488, "ENV_Test_Probability to choose the right action_epoch18": 0.8017473978806383, "ENV_Test_Weighted right action_epoch18": 0.8610278690755936, "ENV_Test_Weighted probability to choose the right action:_epoch18": 0.8313148466404434, "ENV_Test_proba_accuracy_epoch18": 0.8017473978806381, "ENV_Test_proba_accuracy_strategy_132_epoch18": 0.8329237622244884, "ENV_Test_proba_accuracy_strategy_23_epoch18": 0.8045928695014507, "ENV_Test_proba_accuracy_strategy_107_epoch18": 0.8517613505338149, "ENV_Test_proba_accuracy_strategy_43_epoch18": 0.7964631391158886, "ENV_Test_proba_accuracy_strategy_17_epoch18": 0.7806219216144679, "ENV_Test_proba_accuracy_strategy_93_epoch18": 0.8002063166103753, "ENV_Test_proba_accuracy_per_mean_strategy_epoch18": 0.8110948932667476, "ENV_Test_proba_accuracy_per_mean_user_epoch18": 0.8111134531457522, "ENV_Test_proba_accuracy_per_mean_user_and_bot_epoch18": 0.8313148466404439, "ENV_Test_accuracy_epoch18": 0.831488, "ENV_Test_accuracy_strategy_132_epoch18": 0.8611898016997167, "ENV_Test_accuracy_strategy_23_epoch18": 0.8340604297947972, "ENV_Test_accuracy_strategy_107_epoch18": 0.8883415435139573, "ENV_Test_accuracy_strategy_43_epoch18": 0.8256997455470738, "ENV_Test_accuracy_strategy_17_epoch18": 0.8105716878402904, "ENV_Test_accuracy_strategy_93_epoch18": 0.8299445471349353, "ENV_Test_accuracy_per_mean_strategy_epoch18": 0.8416346259217952, "ENV_Test_accuracy_per_mean_user_epoch18": 0.8399235170215887, "ENV_Test_accuracy_per_mean_user_and_bot_epoch18": 0.8610278690755925, "ENV_Train_TotalLoss_epoch19": 563.729195790622, "ENV_Train_Right action_epoch19": 0.894035107334526, "ENV_Train_Probability to choose the right action_epoch19": 0.8477238515927508, "ENV_Train_Weighted right action_epoch19": 0.894035107334526, "ENV_Train_Weighted probability to choose the right action:_epoch19": 0.8477238515927508, "ENV_Test_TotalLoss_epoch19": 201.696882473124, "ENV_Test_Right action_epoch19": 0.833792, "ENV_Test_Probability to choose the right action_epoch19": 0.8008978369099932, "ENV_Test_Weighted right action_epoch19": 0.8662817429817572, "ENV_Test_Weighted probability to choose the right action:_epoch19": 0.8346277917395495, "ENV_Test_proba_accuracy_epoch19": 0.8008978369099935, "ENV_Test_proba_accuracy_strategy_132_epoch19": 0.8380612440383016, "ENV_Test_proba_accuracy_strategy_23_epoch19": 0.8016298254289665, "ENV_Test_proba_accuracy_strategy_107_epoch19": 0.8521058051093215, "ENV_Test_proba_accuracy_strategy_43_epoch19": 0.7998709377949804, "ENV_Test_proba_accuracy_strategy_17_epoch19": 0.7770349002396072, "ENV_Test_proba_accuracy_strategy_93_epoch19": 0.8059743314507389, "ENV_Test_proba_accuracy_per_mean_strategy_epoch19": 0.8124461740103194, "ENV_Test_proba_accuracy_per_mean_user_epoch19": 0.8115041782996079, "ENV_Test_proba_accuracy_per_mean_user_and_bot_epoch19": 0.8346277917395493, "ENV_Test_accuracy_epoch19": 0.833792, "ENV_Test_accuracy_strategy_132_epoch19": 0.8668555240793201, "ENV_Test_accuracy_strategy_23_epoch19": 0.8356761997091614, "ENV_Test_accuracy_strategy_107_epoch19": 0.8866995073891626, "ENV_Test_accuracy_strategy_43_epoch19": 0.8307888040712468, "ENV_Test_accuracy_strategy_17_epoch19": 0.8103448275862069, "ENV_Test_accuracy_strategy_93_epoch19": 0.8391866913123844, "ENV_Test_accuracy_per_mean_strategy_epoch19": 0.8449252590245804, "ENV_Test_accuracy_per_mean_user_epoch19": 0.8435677925909424, "ENV_Test_accuracy_per_mean_user_and_bot_epoch19": 0.8662817429817562, "ENV_Train_TotalLoss_epoch20": 548.4850647075175, "ENV_Train_Right action_epoch20": 0.897499336045065, "ENV_Train_Probability to choose the right action_epoch20": 0.8518966393149284, "ENV_Train_Weighted right action_epoch20": 0.897499336045065, "ENV_Train_Weighted probability to choose the right action:_epoch20": 0.8518966393149284, "ENV_Test_TotalLoss_epoch20": 219.7185781341579, "ENV_Test_Right action_epoch20": 0.830272, "ENV_Test_Probability to choose the right action_epoch20": 0.8044357890697932, "ENV_Test_Weighted right action_epoch20": 0.8605556232359226, "ENV_Test_Weighted probability to choose the right action:_epoch20": 0.834012235673482, "ENV_Test_proba_accuracy_epoch20": 0.8044357890697926, "ENV_Test_proba_accuracy_strategy_132_epoch20": 0.834840276613783, "ENV_Test_proba_accuracy_strategy_23_epoch20": 0.8056613080343195, "ENV_Test_proba_accuracy_strategy_107_epoch20": 0.8600489341207939, "ENV_Test_proba_accuracy_strategy_43_epoch20": 0.801766228037766, "ENV_Test_proba_accuracy_strategy_17_epoch20": 0.7841483411518554, "ENV_Test_proba_accuracy_strategy_93_epoch20": 0.8030555281104145, "ENV_Test_proba_accuracy_per_mean_strategy_epoch20": 0.8149201026781555, "ENV_Test_proba_accuracy_per_mean_user_epoch20": 0.8126099434105561, "ENV_Test_proba_accuracy_per_mean_user_and_bot_epoch20": 0.8340122356734812, "ENV_Test_accuracy_epoch20": 0.830272, "ENV_Test_accuracy_strategy_132_epoch20": 0.860056657223796, "ENV_Test_accuracy_strategy_23_epoch20": 0.8321215058975602, "ENV_Test_accuracy_strategy_107_epoch20": 0.8916256157635468, "ENV_Test_accuracy_strategy_43_epoch20": 0.8282442748091603, "ENV_Test_accuracy_strategy_17_epoch20": 0.8107985480943739, "ENV_Test_accuracy_strategy_93_epoch20": 0.8188539741219963, "ENV_Test_accuracy_per_mean_strategy_epoch20": 0.8402834293184057, "ENV_Test_accuracy_per_mean_user_epoch20": 0.8374457592336748, "ENV_Test_accuracy_per_mean_user_and_bot_epoch20": 0.8605556232359219, "ENV_Train_TotalLoss_epoch21": 537.7624114538833, "ENV_Train_Right action_epoch21": 0.8993878577817531, "ENV_Train_Probability to choose the right action_epoch21": 0.8553763410400178, "ENV_Train_Weighted right action_epoch21": 0.8993878577817531, "ENV_Train_Weighted probability to choose the right action:_epoch21": 0.8553763410400178, "ENV_Test_TotalLoss_epoch21": 210.3182995269729, "ENV_Test_Right action_epoch21": 0.832704, "ENV_Test_Probability to choose the right action_epoch21": 0.8054555954385114, "ENV_Test_Weighted right action_epoch21": 0.864702242804753, "ENV_Test_Weighted probability to choose the right action:_epoch21": 0.836678214218117, "ENV_Test_proba_accuracy_epoch21": 0.8054555954385129, "ENV_Test_proba_accuracy_strategy_132_epoch21": 0.8364067758795409, "ENV_Test_proba_accuracy_strategy_23_epoch21": 0.8075893554761081, "ENV_Test_proba_accuracy_strategy_107_epoch21": 0.8631916223392444, "ENV_Test_proba_accuracy_strategy_43_epoch21": 0.7983396459949991, "ENV_Test_proba_accuracy_strategy_17_epoch21": 0.7846589957882688, "ENV_Test_proba_accuracy_strategy_93_epoch21": 0.8053278404013997, "ENV_Test_proba_accuracy_per_mean_strategy_epoch21": 0.8159190393132603, "ENV_Test_proba_accuracy_per_mean_user_epoch21": 0.8150107861712078, "ENV_Test_proba_accuracy_per_mean_user_and_bot_epoch21": 0.8366782142181172, "ENV_Test_accuracy_epoch21": 0.832704, "ENV_Test_accuracy_strategy_132_epoch21": 0.8589235127478754, "ENV_Test_accuracy_strategy_23_epoch21": 0.8364840846663435, "ENV_Test_accuracy_strategy_107_epoch21": 0.8949096880131363, "ENV_Test_accuracy_strategy_43_epoch21": 0.8256997455470738, "ENV_Test_accuracy_strategy_17_epoch21": 0.8101179673321234, "ENV_Test_accuracy_strategy_93_epoch21": 0.8354898336414048, "ENV_Test_accuracy_per_mean_strategy_epoch21": 0.8436041386579928, "ENV_Test_accuracy_per_mean_user_epoch21": 0.8420158308178444, "ENV_Test_accuracy_per_mean_user_and_bot_epoch21": 0.8647022428047522, "ENV_Train_TotalLoss_epoch22": 525.6786506519873, "ENV_Train_Right action_epoch22": 0.9020112091014549, "ENV_Train_Probability to choose the right action_epoch22": 0.8580685347452106, "ENV_Train_Weighted right action_epoch22": 0.9020112091014549, "ENV_Train_Weighted probability to choose the right action:_epoch22": 0.8580685347452106, "ENV_Test_TotalLoss_epoch22": 219.75878447326562, "ENV_Test_Right action_epoch22": 0.833472, "ENV_Test_Probability to choose the right action_epoch22": 0.807287089381275, "ENV_Test_Weighted right action_epoch22": 0.8633560125412874, "ENV_Test_Weighted probability to choose the right action:_epoch22": 0.8400841204698778, "ENV_Test_proba_accuracy_epoch22": 0.8072870893812757, "ENV_Test_proba_accuracy_strategy_132_epoch22": 0.8417247972477182, "ENV_Test_proba_accuracy_strategy_23_epoch22": 0.808292555183659, "ENV_Test_proba_accuracy_strategy_107_epoch22": 0.8676744308078713, "ENV_Test_proba_accuracy_strategy_43_epoch22": 0.8059346140561507, "ENV_Test_proba_accuracy_strategy_17_epoch22": 0.7843110085646808, "ENV_Test_proba_accuracy_strategy_93_epoch22": 0.8069390138606013, "ENV_Test_proba_accuracy_per_mean_strategy_epoch22": 0.8191460699534469, "ENV_Test_proba_accuracy_per_mean_user_epoch22": 0.8162273361623829, "ENV_Test_proba_accuracy_per_mean_user_and_bot_epoch22": 0.8400841204698778, "ENV_Test_accuracy_epoch22": 0.833472, "ENV_Test_accuracy_strategy_132_epoch22": 0.8640226628895185, "ENV_Test_accuracy_strategy_23_epoch22": 0.8377767005978348, "ENV_Test_accuracy_strategy_107_epoch22": 0.8899835796387521, "ENV_Test_accuracy_strategy_43_epoch22": 0.8282442748091603, "ENV_Test_accuracy_strategy_17_epoch22": 0.8096642468239564, "ENV_Test_accuracy_strategy_93_epoch22": 0.8317929759704251, "ENV_Test_accuracy_per_mean_strategy_epoch22": 0.8435807401216079, "ENV_Test_accuracy_per_mean_user_epoch22": 0.8413521147235453, "ENV_Test_accuracy_per_mean_user_and_bot_epoch22": 0.8633560125412866, "ENV_Train_TotalLoss_epoch23": 519.5010384731557, "ENV_Train_Right action_epoch23": 0.9039958629750241, "ENV_Train_Probability to choose the right action_epoch23": 0.8605564339062685, "ENV_Train_Weighted right action_epoch23": 0.9039958629750241, "ENV_Train_Weighted probability to choose the right action:_epoch23": 0.8605564339062685, "ENV_Test_TotalLoss_epoch23": 216.16823482726267, "ENV_Test_Right action_epoch23": 0.830208, "ENV_Test_Probability to choose the right action_epoch23": 0.8033257018526898, "ENV_Test_Weighted right action_epoch23": 0.8638310485510826, "ENV_Test_Weighted probability to choose the right action:_epoch23": 0.8349870908843223, "ENV_Test_proba_accuracy_epoch23": 0.8033257018526904, "ENV_Test_proba_accuracy_strategy_132_epoch23": 0.8343902910714224, "ENV_Test_proba_accuracy_strategy_23_epoch23": 0.8054878289938696, "ENV_Test_proba_accuracy_strategy_107_epoch23": 0.8610958466872439, "ENV_Test_proba_accuracy_strategy_43_epoch23": 0.7981182733740249, "ENV_Test_proba_accuracy_strategy_17_epoch23": 0.780306333969891, "ENV_Test_proba_accuracy_strategy_93_epoch23": 0.8091140827619108, "ENV_Test_proba_accuracy_per_mean_strategy_epoch23": 0.8147521094763936, "ENV_Test_proba_accuracy_per_mean_user_epoch23": 0.8126817574191977, "ENV_Test_proba_accuracy_per_mean_user_and_bot_epoch23": 0.8349870908843219, "ENV_Test_accuracy_epoch23": 0.830208, "ENV_Test_accuracy_strategy_132_epoch23": 0.8611898016997167, "ENV_Test_accuracy_strategy_23_epoch23": 0.8290515430602682, "ENV_Test_accuracy_strategy_107_epoch23": 0.8932676518883416, "ENV_Test_accuracy_strategy_43_epoch23": 0.8244274809160306, "ENV_Test_accuracy_strategy_17_epoch23": 0.8101179673321234, "ENV_Test_accuracy_strategy_93_epoch23": 0.8410351201478743, "ENV_Test_accuracy_per_mean_strategy_epoch23": 0.8431815941740591, "ENV_Test_accuracy_per_mean_user_epoch23": 0.8390944804479316, "ENV_Test_accuracy_per_mean_user_and_bot_epoch23": 0.8638310485510826, "ENV_Train_TotalLoss_epoch24": 509.27065492401726, "ENV_Train_Right action_epoch24": 0.9056052558009505, "ENV_Train_Probability to choose the right action_epoch24": 0.8633108136272329, "ENV_Train_Weighted right action_epoch24": 0.9056052558009505, "ENV_Train_Weighted probability to choose the right action:_epoch24": 0.8633108136272329, "ENV_Test_TotalLoss_epoch24": 224.12384797585798, "ENV_Test_Right action_epoch24": 0.831232, "ENV_Test_Probability to choose the right action_epoch24": 0.807127811374361, "ENV_Test_Weighted right action_epoch24": 0.8656730382746924, "ENV_Test_Weighted probability to choose the right action:_epoch24": 0.8389525351998348, "ENV_Test_proba_accuracy_epoch24": 0.8071278113743598, "ENV_Test_proba_accuracy_strategy_132_epoch24": 0.8363210591020828, "ENV_Test_proba_accuracy_strategy_23_epoch24": 0.8091327516952197, "ENV_Test_proba_accuracy_strategy_107_epoch24": 0.8662183053809979, "ENV_Test_proba_accuracy_strategy_43_epoch24": 0.8026943766764684, "ENV_Test_proba_accuracy_strategy_17_epoch24": 0.7854977002760185, "ENV_Test_proba_accuracy_strategy_93_epoch24": 0.8093404919023638, "ENV_Test_proba_accuracy_per_mean_strategy_epoch24": 0.8182007808388585, "ENV_Test_proba_accuracy_per_mean_user_epoch24": 0.8157957352084094, "ENV_Test_proba_accuracy_per_mean_user_and_bot_epoch24": 0.838952535199835, "ENV_Test_accuracy_epoch24": 0.831232, "ENV_Test_accuracy_strategy_132_epoch24": 0.856657223796034, "ENV_Test_accuracy_strategy_23_epoch24": 0.8338988528033608, "ENV_Test_accuracy_strategy_107_epoch24": 0.896551724137931, "ENV_Test_accuracy_strategy_43_epoch24": 0.8225190839694656, "ENV_Test_accuracy_strategy_17_epoch24": 0.809437386569873, "ENV_Test_accuracy_strategy_93_epoch24": 0.8391866913123844, "ENV_Test_accuracy_per_mean_strategy_epoch24": 0.8430418270981749, "ENV_Test_accuracy_per_mean_user_epoch24": 0.8399359042364415, "ENV_Test_accuracy_per_mean_user_and_bot_epoch24": 0.8656730382746911, "_wandb": {"runtime": 2021}}