{"ENV_Train_TotalLoss": 583.1217819134841, "ENV_Train_TotalLoss_epoch0": 1147.9268036916626, "ENV_Train_Right action": 0.8915258501404671, "ENV_Train_Right action_epoch0": 0.7528399167237212, "ENV_Train_Probability to choose the right action": 0.8438486117546133, "ENV_Train_Probability to choose the right action_epoch0": 0.6627713633009407, "ENV_Train_Weighted right action": 0.8915258501404671, "ENV_Train_Weighted right action_epoch0": 0.7528399167237212, "ENV_Train_Weighted probability to choose the right action:": 0.8438486117546133, "ENV_Train_Weighted probability to choose the right action:_epoch0": 0.6627713633009407, "_timestamp": 1720416731.7014964, "_runtime": 2006.6936774253845, "_step": 49, "ENV_Test_TotalLoss": 238.59007677484726, "ENV_Test_TotalLoss_epoch0": 232.7706446787158, "ENV_Test_Right action": 0.818112, "ENV_Test_Right action_epoch0": 0.772032, "ENV_Test_Probability to choose the right action": 0.7886479160985509, "ENV_Test_Probability to choose the right action_epoch0": 0.7128628287561214, "ENV_Test_Weighted right action": 0.844944405922115, "ENV_Test_Weighted right action_epoch0": 0.8237472027105983, "ENV_Test_Weighted probability to choose the right action:": 0.8168771233117809, "ENV_Test_Weighted probability to choose the right action:_epoch0": 0.7567131819382846, "ENV_Test_proba_accuracy": 0.7886479160985511, "ENV_Test_proba_accuracy_epoch0": 0.7128628287561216, "ENV_Test_proba_accuracy_strategy_132": 0.8209648018435648, "ENV_Test_proba_accuracy_strategy_132_epoch0": 0.7605961679908441, "ENV_Test_proba_accuracy_strategy_23": 0.7946884819831597, "ENV_Test_proba_accuracy_strategy_23_epoch0": 0.7115039820579295, "ENV_Test_proba_accuracy_strategy_107": 0.8417341537877856, "ENV_Test_proba_accuracy_strategy_107_epoch0": 0.7809416020630952, "ENV_Test_proba_accuracy_strategy_43": 0.7789806190678346, "ENV_Test_proba_accuracy_strategy_43_epoch0": 0.7243051901902068, "ENV_Test_proba_accuracy_strategy_17": 0.7643368761148099, "ENV_Test_proba_accuracy_strategy_17_epoch0": 0.6789689064146736, "ENV_Test_proba_accuracy_strategy_93": 0.7845870758287559, "ENV_Test_proba_accuracy_strategy_93_epoch0": 0.7259105210191524, "ENV_Test_proba_accuracy_per_mean_strategy": 0.7975486681043185, "ENV_Test_proba_accuracy_per_mean_strategy_epoch0": 0.7303710616226503, "ENV_Test_proba_accuracy_per_mean_user": 0.7981476588308368, "ENV_Test_proba_accuracy_per_mean_user_epoch0": 0.7277729065778823, "ENV_Test_proba_accuracy_per_mean_user_and_bot": 0.8168771233117817, "ENV_Test_proba_accuracy_per_mean_user_and_bot_epoch0": 0.7567131819382851, "ENV_Test_accuracy": 0.818112, "ENV_Test_accuracy_epoch0": 0.772032, "ENV_Test_accuracy_strategy_132": 0.8464589235127479, "ENV_Test_accuracy_strategy_132_epoch0": 0.8209631728045326, "ENV_Test_accuracy_strategy_23": 0.8259815802229763, "ENV_Test_accuracy_strategy_23_epoch0": 0.7712069801260301, "ENV_Test_accuracy_strategy_107": 0.8719211822660099, "ENV_Test_accuracy_strategy_107_epoch0": 0.8571428571428571, "ENV_Test_accuracy_strategy_43": 0.7989821882951654, "ENV_Test_accuracy_strategy_43_epoch0": 0.7856234096692112, "ENV_Test_accuracy_strategy_17": 0.7969600725952813, "ENV_Test_accuracy_strategy_17_epoch0": 0.7318511796733213, "ENV_Test_accuracy_strategy_93": 0.8105360443622921, "ENV_Test_accuracy_strategy_93_epoch0": 0.7929759704251387, "ENV_Test_accuracy_per_mean_strategy": 0.8251399985424123, "ENV_Test_accuracy_per_mean_strategy_epoch0": 0.7932939283068485, "ENV_Test_accuracy_per_mean_user": 0.8269926624028695, "ENV_Test_accuracy_per_mean_user_epoch0": 0.7905116785804575, "ENV_Test_accuracy_per_mean_user_and_bot": 0.8449444059221153, "ENV_Test_accuracy_per_mean_user_and_bot_epoch0": 0.8237472027105983, "ENV_Train_TotalLoss_epoch1": 977.2741921868591, "ENV_Train_Right action_epoch1": 0.800125803746156, "ENV_Train_Probability to choose the right action_epoch1": 0.7230712400689537, "ENV_Train_Weighted right action_epoch1": 0.800125803746156, "ENV_Train_Weighted probability to choose the right action:_epoch1": 0.7230712400689537, "ENV_Test_TotalLoss_epoch1": 220.20171727261243, "ENV_Test_Right action_epoch1": 0.788416, "ENV_Test_Probability to choose the right action_epoch1": 0.7313492156444193, "ENV_Test_Weighted right action_epoch1": 0.8372418972548981, "ENV_Test_Weighted probability to choose the right action:_epoch1": 0.7753111027190606, "ENV_Test_proba_accuracy_epoch1": 0.731349215644418, "ENV_Test_proba_accuracy_strategy_132_epoch1": 0.7783236292063148, "ENV_Test_proba_accuracy_strategy_23_epoch1": 0.7303510713512601, "ENV_Test_proba_accuracy_strategy_107_epoch1": 0.8015097110671, "ENV_Test_proba_accuracy_strategy_43_epoch1": 0.742020411567413, "ENV_Test_proba_accuracy_strategy_17_epoch1": 0.6982079744210224, "ENV_Test_proba_accuracy_strategy_93_epoch1": 0.7404540259059467, "ENV_Test_proba_accuracy_per_mean_strategy_epoch1": 0.7484778039198426, "ENV_Test_proba_accuracy_per_mean_user_epoch1": 0.7467147373107728, "ENV_Test_proba_accuracy_per_mean_user_and_bot_epoch1": 0.7753111027190602, "ENV_Test_accuracy_epoch1": 0.788416, "ENV_Test_accuracy_strategy_132_epoch1": 0.8345609065155808, "ENV_Test_accuracy_strategy_23_epoch1": 0.788495718209727, "ENV_Test_accuracy_strategy_107_epoch1": 0.8620689655172413, "ENV_Test_accuracy_strategy_43_epoch1": 0.8027989821882952, "ENV_Test_accuracy_strategy_17_epoch1": 0.7509074410163339, "ENV_Test_accuracy_strategy_93_epoch1": 0.8031423290203327, "ENV_Test_accuracy_per_mean_strategy_epoch1": 0.8069957237445852, "ENV_Test_accuracy_per_mean_user_epoch1": 0.8067497706084887, "ENV_Test_accuracy_per_mean_user_and_bot_epoch1": 0.8372418972548983, "ENV_Train_TotalLoss_epoch2": 927.4150030631339, "ENV_Train_Right action_epoch2": 0.8100356419036969, "ENV_Train_Probability to choose the right action_epoch2": 0.7377274922313255, "ENV_Train_Weighted right action_epoch2": 0.8100356419036969, "ENV_Train_Weighted probability to choose the right action:_epoch2": 0.7377274922313255, "ENV_Test_TotalLoss_epoch2": 219.05270205822123, "ENV_Test_Right action_epoch2": 0.796672, "ENV_Test_Probability to choose the right action_epoch2": 0.7405679507288944, "ENV_Test_Weighted right action_epoch2": 0.8391921457639745, "ENV_Test_Weighted probability to choose the right action:_epoch2": 0.7820360370891606, "ENV_Test_proba_accuracy_epoch2": 0.7405679507288951, "ENV_Test_proba_accuracy_strategy_132_epoch2": 0.7821360918997382, "ENV_Test_proba_accuracy_strategy_23_epoch2": 0.7417353368859706, "ENV_Test_proba_accuracy_strategy_107_epoch2": 0.8130314988734464, "ENV_Test_proba_accuracy_strategy_43_epoch2": 0.7488600895003273, "ENV_Test_proba_accuracy_strategy_17_epoch2": 0.7081705337617908, "ENV_Test_proba_accuracy_strategy_93_epoch2": 0.745234816652736, "ENV_Test_proba_accuracy_per_mean_strategy_epoch2": 0.756528061262335, "ENV_Test_proba_accuracy_per_mean_user_epoch2": 0.7549912301831733, "ENV_Test_proba_accuracy_per_mean_user_and_bot_epoch2": 0.7820360370891613, "ENV_Test_accuracy_epoch2": 0.796672, "ENV_Test_accuracy_strategy_132_epoch2": 0.831728045325779, "ENV_Test_accuracy_strategy_23_epoch2": 0.8028760704475683, "ENV_Test_accuracy_strategy_107_epoch2": 0.8653530377668309, "ENV_Test_accuracy_strategy_43_epoch2": 0.7964376590330788, "ENV_Test_accuracy_strategy_17_epoch2": 0.7638384754990926, "ENV_Test_accuracy_strategy_93_epoch2": 0.7994454713493531, "ENV_Test_accuracy_per_mean_strategy_epoch2": 0.8099464599036171, "ENV_Test_accuracy_per_mean_user_epoch2": 0.8118934015950308, "ENV_Test_accuracy_per_mean_user_and_bot_epoch2": 0.8391921457639744, "ENV_Train_TotalLoss_epoch3": 894.9564073786839, "ENV_Train_Right action_epoch3": 0.8192350154422349, "ENV_Train_Probability to choose the right action_epoch3": 0.7487969606549112, "ENV_Train_Weighted right action_epoch3": 0.8192350154422349, "ENV_Train_Weighted probability to choose the right action:_epoch3": 0.7487969606549112, "ENV_Test_TotalLoss_epoch3": 213.01287422988503, "ENV_Test_Right action_epoch3": 0.803904, "ENV_Test_Probability to choose the right action_epoch3": 0.7526724244359659, "ENV_Test_Weighted right action_epoch3": 0.8476809135638864, "ENV_Test_Weighted probability to choose the right action:_epoch3": 0.7957827764889922, "ENV_Test_proba_accuracy_epoch3": 0.7526724244359653, "ENV_Test_proba_accuracy_strategy_132_epoch3": 0.7980482670356288, "ENV_Test_proba_accuracy_strategy_23_epoch3": 0.7531679780463945, "ENV_Test_proba_accuracy_strategy_107_epoch3": 0.8223154017886165, "ENV_Test_proba_accuracy_strategy_43_epoch3": 0.7589663659536229, "ENV_Test_proba_accuracy_strategy_17_epoch3": 0.7203929118884812, "ENV_Test_proba_accuracy_strategy_93_epoch3": 0.7589812031350721, "ENV_Test_proba_accuracy_per_mean_strategy_epoch3": 0.7686453546413027, "ENV_Test_proba_accuracy_per_mean_user_epoch3": 0.7668391559161408, "ENV_Test_proba_accuracy_per_mean_user_and_bot_epoch3": 0.7957827764889933, "ENV_Test_accuracy_epoch3": 0.803904, "ENV_Test_accuracy_strategy_132_epoch3": 0.8413597733711048, "ENV_Test_accuracy_strategy_23_epoch3": 0.8069154952334787, "ENV_Test_accuracy_strategy_107_epoch3": 0.8653530377668309, "ENV_Test_accuracy_strategy_43_epoch3": 0.8097964376590331, "ENV_Test_accuracy_strategy_17_epoch3": 0.771551724137931, "ENV_Test_accuracy_strategy_93_epoch3": 0.8142329020332717, "ENV_Test_accuracy_per_mean_strategy_epoch3": 0.818201561700275, "ENV_Test_accuracy_per_mean_user_epoch3": 0.8179436823738542, "ENV_Test_accuracy_per_mean_user_and_bot_epoch3": 0.8476809135638868, "ENV_Train_TotalLoss_epoch4": 865.2976960431628, "ENV_Train_Right action_epoch4": 0.8276170510132774, "ENV_Train_Probability to choose the right action_epoch4": 0.7582282875630543, "ENV_Train_Weighted right action_epoch4": 0.8276170510132774, "ENV_Train_Weighted probability to choose the right action:_epoch4": 0.7582282875630543, "ENV_Test_TotalLoss_epoch4": 209.89434495572272, "ENV_Test_Right action_epoch4": 0.81184, "ENV_Test_Probability to choose the right action_epoch4": 0.7629373643327867, "ENV_Test_Weighted right action_epoch4": 0.8514640452105204, "ENV_Test_Weighted probability to choose the right action:_epoch4": 0.8051030903400764, "ENV_Test_proba_accuracy_epoch4": 0.7629373643327866, "ENV_Test_proba_accuracy_strategy_132_epoch4": 0.803810889630493, "ENV_Test_proba_accuracy_strategy_23_epoch4": 0.7631402601655528, "ENV_Test_proba_accuracy_strategy_107_epoch4": 0.8357878950192379, "ENV_Test_proba_accuracy_strategy_43_epoch4": 0.7686738337806817, "ENV_Test_proba_accuracy_strategy_17_epoch4": 0.7318291005591084, "ENV_Test_proba_accuracy_strategy_93_epoch4": 0.7724974651597657, "ENV_Test_proba_accuracy_per_mean_strategy_epoch4": 0.7792899073858065, "ENV_Test_proba_accuracy_per_mean_user_epoch4": 0.7770025267395043, "ENV_Test_proba_accuracy_per_mean_user_and_bot_epoch4": 0.8051030903400779, "ENV_Test_accuracy_epoch4": 0.81184, "ENV_Test_accuracy_strategy_132_epoch4": 0.8441926345609065, "ENV_Test_accuracy_strategy_23_epoch4": 0.8148327678138633, "ENV_Test_accuracy_strategy_107_epoch4": 0.8866995073891626, "ENV_Test_accuracy_strategy_43_epoch4": 0.8174300254452926, "ENV_Test_accuracy_strategy_17_epoch4": 0.778584392014519, "ENV_Test_accuracy_strategy_93_epoch4": 0.8271719038817006, "ENV_Test_accuracy_per_mean_strategy_epoch4": 0.8281518718509074, "ENV_Test_accuracy_per_mean_user_epoch4": 0.8247432676089207, "ENV_Test_accuracy_per_mean_user_and_bot_epoch4": 0.8514640452105217, "ENV_Train_TotalLoss_epoch5": 835.477890592345, "ENV_Train_Right action_epoch5": 0.8337689931366108, "ENV_Train_Probability to choose the right action_epoch5": 0.76711466343616, "ENV_Train_Weighted right action_epoch5": 0.8337689931366108, "ENV_Train_Weighted probability to choose the right action:_epoch5": 0.76711466343616, "ENV_Test_TotalLoss_epoch5": 204.43832369461305, "ENV_Test_Right action_epoch5": 0.818368, "ENV_Test_Probability to choose the right action_epoch5": 0.7718086507285085, "ENV_Test_Weighted right action_epoch5": 0.8556847660056522, "ENV_Test_Weighted probability to choose the right action:_epoch5": 0.8089663741319705, "ENV_Test_proba_accuracy_epoch5": 0.7718086507285075, "ENV_Test_proba_accuracy_strategy_132_epoch5": 0.8107481844929894, "ENV_Test_proba_accuracy_strategy_23_epoch5": 0.7752835689240887, "ENV_Test_proba_accuracy_strategy_107_epoch5": 0.833106898676228, "ENV_Test_proba_accuracy_strategy_43_epoch5": 0.7709046893748981, "ENV_Test_proba_accuracy_strategy_17_epoch5": 0.7420430340788216, "ENV_Test_proba_accuracy_strategy_93_epoch5": 0.7764876587070342, "ENV_Test_proba_accuracy_per_mean_strategy_epoch5": 0.7847623390423433, "ENV_Test_proba_accuracy_per_mean_user_epoch5": 0.7835909463540609, "ENV_Test_proba_accuracy_per_mean_user_and_bot_epoch5": 0.8089663741319707, "ENV_Test_accuracy_epoch5": 0.818368, "ENV_Test_accuracy_strategy_132_epoch5": 0.8509915014164305, "ENV_Test_accuracy_strategy_23_epoch5": 0.8227500403942478, "ENV_Test_accuracy_strategy_107_epoch5": 0.8834154351395731, "ENV_Test_accuracy_strategy_43_epoch5": 0.816793893129771, "ENV_Test_accuracy_strategy_17_epoch5": 0.7901542649727767, "ENV_Test_accuracy_strategy_93_epoch5": 0.8207024029574861, "ENV_Test_accuracy_per_mean_strategy_epoch5": 0.8308012563350475, "ENV_Test_accuracy_per_mean_user_epoch5": 0.8294944371343073, "ENV_Test_accuracy_per_mean_user_and_bot_epoch5": 0.8556847660056526, "ENV_Train_TotalLoss_epoch6": 811.7707859187161, "ENV_Train_Right action_epoch6": 0.83916142557652, "ENV_Train_Probability to choose the right action_epoch6": 0.7748566486707033, "ENV_Train_Weighted right action_epoch6": 0.83916142557652, "ENV_Train_Weighted probability to choose the right action:_epoch6": 0.7748566486707033, "ENV_Test_TotalLoss_epoch6": 200.7870776306944, "ENV_Test_Right action_epoch6": 0.8224, "ENV_Test_Probability to choose the right action_epoch6": 0.7740122276825067, "ENV_Test_Weighted right action_epoch6": 0.8567161651221677, "ENV_Test_Weighted probability to choose the right action:_epoch6": 0.8107508844728353, "ENV_Test_proba_accuracy_epoch6": 0.774012227682506, "ENV_Test_proba_accuracy_strategy_132_epoch6": 0.8086159445310225, "ENV_Test_proba_accuracy_strategy_23_epoch6": 0.7781984095753747, "ENV_Test_proba_accuracy_strategy_107_epoch6": 0.8359305083672612, "ENV_Test_proba_accuracy_strategy_43_epoch6": 0.7715677833375593, "ENV_Test_proba_accuracy_strategy_17_epoch6": 0.7460417947657985, "ENV_Test_proba_accuracy_strategy_93_epoch6": 0.7762712497689119, "ENV_Test_proba_accuracy_per_mean_strategy_epoch6": 0.7861042817243215, "ENV_Test_proba_accuracy_per_mean_user_epoch6": 0.7858124045699242, "ENV_Test_proba_accuracy_per_mean_user_and_bot_epoch6": 0.8107508844728345, "ENV_Test_accuracy_epoch6": 0.8224, "ENV_Test_accuracy_strategy_132_epoch6": 0.8509915014164305, "ENV_Test_accuracy_strategy_23_epoch6": 0.8287283890773954, "ENV_Test_accuracy_strategy_107_epoch6": 0.8801313628899836, "ENV_Test_accuracy_strategy_43_epoch6": 0.8193384223918575, "ENV_Test_accuracy_strategy_17_epoch6": 0.7958257713248639, "ENV_Test_accuracy_strategy_93_epoch6": 0.8197781885397413, "ENV_Test_accuracy_per_mean_strategy_epoch6": 0.8324656059400454, "ENV_Test_accuracy_per_mean_user_epoch6": 0.8338739761201059, "ENV_Test_accuracy_per_mean_user_and_bot_epoch6": 0.8567161651221676, "ENV_Train_TotalLoss_epoch7": 792.3892611463107, "ENV_Train_Right action_epoch7": 0.8460194554704534, "ENV_Train_Probability to choose the right action_epoch7": 0.7814730935726029, "ENV_Train_Weighted right action_epoch7": 0.8460194554704534, "ENV_Train_Weighted probability to choose the right action:_epoch7": 0.7814730935726029, "ENV_Test_TotalLoss_epoch7": 206.2126225129921, "ENV_Test_Right action_epoch7": 0.818368, "ENV_Test_Probability to choose the right action_epoch7": 0.7766097559020615, "ENV_Test_Weighted right action_epoch7": 0.8554873940133758, "ENV_Test_Weighted probability to choose the right action:_epoch7": 0.8177712379594966, "ENV_Test_proba_accuracy_epoch7": 0.7766097559020613, "ENV_Test_proba_accuracy_strategy_132_epoch7": 0.8143911438887083, "ENV_Test_proba_accuracy_strategy_23_epoch7": 0.7768721705019522, "ENV_Test_proba_accuracy_strategy_107_epoch7": 0.8406643128422006, "ENV_Test_proba_accuracy_strategy_43_epoch7": 0.7792635739002783, "ENV_Test_proba_accuracy_strategy_17_epoch7": 0.7489326945064463, "ENV_Test_proba_accuracy_strategy_93_epoch7": 0.7863243823410356, "ENV_Test_proba_accuracy_per_mean_strategy_epoch7": 0.7910747129967701, "ENV_Test_proba_accuracy_per_mean_user_epoch7": 0.79002840008842, "ENV_Test_proba_accuracy_per_mean_user_and_bot_epoch7": 0.8177712379594982, "ENV_Test_accuracy_epoch7": 0.818368, "ENV_Test_accuracy_strategy_132_epoch7": 0.8470254957507082, "ENV_Test_accuracy_strategy_23_epoch7": 0.8225884634028114, "ENV_Test_accuracy_strategy_107_epoch7": 0.8686371100164204, "ENV_Test_accuracy_strategy_43_epoch7": 0.8206106870229007, "ENV_Test_accuracy_strategy_17_epoch7": 0.7917422867513612, "ENV_Test_accuracy_strategy_93_epoch7": 0.8243992606284658, "ENV_Test_accuracy_per_mean_strategy_epoch7": 0.8291672172621114, "ENV_Test_accuracy_per_mean_user_epoch7": 0.8291945661534585, "ENV_Test_accuracy_per_mean_user_and_bot_epoch7": 0.8554873940133759, "ENV_Train_TotalLoss_epoch8": 765.208556123037, "ENV_Train_Right action_epoch8": 0.8503682790814686, "ENV_Train_Probability to choose the right action_epoch8": 0.7886492430938093, "ENV_Train_Weighted right action_epoch8": 0.8503682790814686, "ENV_Train_Weighted probability to choose the right action:_epoch8": 0.7886492430938093, "ENV_Test_TotalLoss_epoch8": 204.82704316197024, "ENV_Test_Right action_epoch8": 0.82496, "ENV_Test_Probability to choose the right action_epoch8": 0.7812956433712526, "ENV_Test_Weighted right action_epoch8": 0.8591549312001967, "ENV_Test_Weighted probability to choose the right action:_epoch8": 0.8189085305386722, "ENV_Test_proba_accuracy_epoch8": 0.7812956433712528, "ENV_Test_proba_accuracy_strategy_132_epoch8": 0.8172051930113777, "ENV_Test_proba_accuracy_strategy_23_epoch8": 0.7835244053102036, "ENV_Test_proba_accuracy_strategy_107_epoch8": 0.8428682606517358, "ENV_Test_proba_accuracy_strategy_43_epoch8": 0.7783007839620835, "ENV_Test_proba_accuracy_strategy_17_epoch8": 0.7543260814789148, "ENV_Test_proba_accuracy_strategy_93_epoch8": 0.7895376592065941, "ENV_Test_proba_accuracy_per_mean_strategy_epoch8": 0.794293730603485, "ENV_Test_proba_accuracy_per_mean_user_epoch8": 0.7933645430425571, "ENV_Test_proba_accuracy_per_mean_user_and_bot_epoch8": 0.8189085305386732, "ENV_Test_accuracy_epoch8": 0.82496, "ENV_Test_accuracy_strategy_132_epoch8": 0.853257790368272, "ENV_Test_accuracy_strategy_23_epoch8": 0.8287283890773954, "ENV_Test_accuracy_strategy_107_epoch8": 0.8866995073891626, "ENV_Test_accuracy_strategy_43_epoch8": 0.8155216284987278, "ENV_Test_accuracy_strategy_17_epoch8": 0.8030852994555354, "ENV_Test_accuracy_strategy_93_epoch8": 0.8253234750462107, "ENV_Test_accuracy_per_mean_strategy_epoch8": 0.8354360149725507, "ENV_Test_accuracy_per_mean_user_epoch8": 0.8357702246229071, "ENV_Test_accuracy_per_mean_user_and_bot_epoch8": 0.8591549312001974, "ENV_Train_TotalLoss_epoch9": 749.5093011460917, "ENV_Train_Right action_epoch9": 0.8548725259979872, "ENV_Train_Probability to choose the right action_epoch9": 0.7934086722111369, "ENV_Train_Weighted right action_epoch9": 0.8548725259979872, "ENV_Train_Weighted probability to choose the right action:_epoch9": 0.7934086722111369, "ENV_Test_TotalLoss_epoch9": 206.19566564510183, "ENV_Test_Right action_epoch9": 0.825728, "ENV_Test_Probability to choose the right action_epoch9": 0.7849393328099048, "ENV_Test_Weighted right action_epoch9": 0.8601384001909315, "ENV_Test_Weighted probability to choose the right action:_epoch9": 0.8210789636822546, "ENV_Test_proba_accuracy_epoch9": 0.7849393328099067, "ENV_Test_proba_accuracy_strategy_132_epoch9": 0.8192865729321739, "ENV_Test_proba_accuracy_strategy_23_epoch9": 0.786874418662025, "ENV_Test_proba_accuracy_strategy_107_epoch9": 0.8475133039629686, "ENV_Test_proba_accuracy_strategy_43_epoch9": 0.7842376624856816, "ENV_Test_proba_accuracy_strategy_17_epoch9": 0.7592693560819596, "ENV_Test_proba_accuracy_strategy_93_epoch9": 0.7882199331608261, "ENV_Test_proba_accuracy_per_mean_strategy_epoch9": 0.7975668745476058, "ENV_Test_proba_accuracy_per_mean_user_epoch9": 0.7965365362415329, "ENV_Test_proba_accuracy_per_mean_user_and_bot_epoch9": 0.8210789636822562, "ENV_Test_accuracy_epoch9": 0.825728, "ENV_Test_accuracy_strategy_132_epoch9": 0.8492917847025496, "ENV_Test_accuracy_strategy_23_epoch9": 0.8303441589917596, "ENV_Test_accuracy_strategy_107_epoch9": 0.8916256157635468, "ENV_Test_accuracy_strategy_43_epoch9": 0.8199745547073791, "ENV_Test_accuracy_strategy_17_epoch9": 0.8042196007259528, "ENV_Test_accuracy_strategy_93_epoch9": 0.8197781885397413, "ENV_Test_accuracy_per_mean_strategy_epoch9": 0.8358723172384884, "ENV_Test_accuracy_per_mean_user_epoch9": 0.8364915090657022, "ENV_Test_accuracy_per_mean_user_and_bot_epoch9": 0.8601384001909318, "ENV_Train_TotalLoss_epoch10": 736.4380824695656, "ENV_Train_Right action_epoch10": 0.8578875286488904, "ENV_Train_Probability to choose the right action_epoch10": 0.7981427203492822, "ENV_Train_Weighted right action_epoch10": 0.8578875286488904, "ENV_Train_Weighted probability to choose the right action:_epoch10": 0.7981427203492822, "ENV_Test_TotalLoss_epoch10": 209.0791851049172, "ENV_Test_Right action_epoch10": 0.825024, "ENV_Test_Probability to choose the right action_epoch10": 0.7854856545615567, "ENV_Test_Weighted right action_epoch10": 0.8589524733215524, "ENV_Test_Weighted probability to choose the right action:_epoch10": 0.8239823242954786, "ENV_Test_proba_accuracy_epoch10": 0.7854856545615566, "ENV_Test_proba_accuracy_strategy_132_epoch10": 0.8182259763401208, "ENV_Test_proba_accuracy_strategy_23_epoch10": 0.7859102530334747, "ENV_Test_proba_accuracy_strategy_107_epoch10": 0.8529208212537964, "ENV_Test_proba_accuracy_strategy_43_epoch10": 0.7831390478131246, "ENV_Test_proba_accuracy_strategy_17_epoch10": 0.7613186660932796, "ENV_Test_proba_accuracy_strategy_93_epoch10": 0.7935581375368433, "ENV_Test_proba_accuracy_per_mean_strategy_epoch10": 0.7991788170117733, "ENV_Test_proba_accuracy_per_mean_user_epoch10": 0.7982252744109598, "ENV_Test_proba_accuracy_per_mean_user_and_bot_epoch10": 0.8239823242954786, "ENV_Test_accuracy_epoch10": 0.825024, "ENV_Test_accuracy_strategy_132_epoch10": 0.8498583569405099, "ENV_Test_accuracy_strategy_23_epoch10": 0.8256584262401034, "ENV_Test_accuracy_strategy_107_epoch10": 0.8916256157635468, "ENV_Test_accuracy_strategy_43_epoch10": 0.8174300254452926, "ENV_Test_accuracy_strategy_17_epoch10": 0.8064882032667876, "ENV_Test_accuracy_strategy_93_epoch10": 0.8299445471349353, "ENV_Test_accuracy_per_mean_strategy_epoch10": 0.8368341957985294, "ENV_Test_accuracy_per_mean_user_epoch10": 0.8367707217522496, "ENV_Test_accuracy_per_mean_user_and_bot_epoch10": 0.858952473321553, "ENV_Train_TotalLoss_epoch11": 720.3537391687606, "ENV_Train_Right action_epoch11": 0.8615754458545313, "ENV_Train_Probability to choose the right action_epoch11": 0.8031931562208818, "ENV_Train_Weighted right action_epoch11": 0.8615754458545313, "ENV_Train_Weighted probability to choose the right action:_epoch11": 0.8031931562208818, "ENV_Test_TotalLoss_epoch11": 212.39797461398243, "ENV_Test_Right action_epoch11": 0.817152, "ENV_Test_Probability to choose the right action_epoch11": 0.7857346327062418, "ENV_Test_Weighted right action_epoch11": 0.8551656128108069, "ENV_Test_Weighted probability to choose the right action:_epoch11": 0.8244547149260075, "ENV_Test_proba_accuracy_epoch11": 0.785734632706241, "ENV_Test_proba_accuracy_strategy_132_epoch11": 0.8196744364448523, "ENV_Test_proba_accuracy_strategy_23_epoch11": 0.7846346529672986, "ENV_Test_proba_accuracy_strategy_107_epoch11": 0.8489293285256699, "ENV_Test_proba_accuracy_strategy_43_epoch11": 0.7880271310248922, "ENV_Test_proba_accuracy_strategy_17_epoch11": 0.7628222806320505, "ENV_Test_proba_accuracy_strategy_93_epoch11": 0.7911064366228266, "ENV_Test_proba_accuracy_per_mean_strategy_epoch11": 0.7991990443695984, "ENV_Test_proba_accuracy_per_mean_user_epoch11": 0.798706506702069, "ENV_Test_proba_accuracy_per_mean_user_and_bot_epoch11": 0.8244547149260086, "ENV_Test_accuracy_epoch11": 0.817152, "ENV_Test_accuracy_strategy_132_epoch11": 0.8487252124645892, "ENV_Test_accuracy_strategy_23_epoch11": 0.8146711908224269, "ENV_Test_accuracy_strategy_107_epoch11": 0.8817733990147784, "ENV_Test_accuracy_strategy_43_epoch11": 0.8199745547073791, "ENV_Test_accuracy_strategy_17_epoch11": 0.7987749546279492, "ENV_Test_accuracy_strategy_93_epoch11": 0.8142329020332717, "ENV_Test_accuracy_per_mean_strategy_epoch11": 0.8296920356117323, "ENV_Test_accuracy_per_mean_user_epoch11": 0.8296885718390414, "ENV_Test_accuracy_per_mean_user_and_bot_epoch11": 0.8551656128108079, "ENV_Train_TotalLoss_epoch12": 703.4282030611403, "ENV_Train_Right action_epoch12": 0.8643110725966511, "ENV_Train_Probability to choose the right action_epoch12": 0.8074242737263668, "ENV_Train_Weighted right action_epoch12": 0.8643110725966511, "ENV_Train_Weighted probability to choose the right action:_epoch12": 0.8074242737263668, "ENV_Test_TotalLoss_epoch12": 208.05786384216577, "ENV_Test_Right action_epoch12": 0.822656, "ENV_Test_Probability to choose the right action_epoch12": 0.7866666669086152, "ENV_Test_Weighted right action_epoch12": 0.8570959156199507, "ENV_Test_Weighted probability to choose the right action:_epoch12": 0.8214149245401444, "ENV_Test_proba_accuracy_epoch12": 0.786666666908616, "ENV_Test_proba_accuracy_strategy_132_epoch12": 0.8201932482641034, "ENV_Test_proba_accuracy_strategy_23_epoch12": 0.7881757077560283, "ENV_Test_proba_accuracy_strategy_107_epoch12": 0.847344811682337, "ENV_Test_proba_accuracy_strategy_43_epoch12": 0.7834521238540991, "ENV_Test_proba_accuracy_strategy_17_epoch12": 0.7627554634088366, "ENV_Test_proba_accuracy_strategy_93_epoch12": 0.7912757118665277, "ENV_Test_proba_accuracy_per_mean_strategy_epoch12": 0.798866177805322, "ENV_Test_proba_accuracy_per_mean_user_epoch12": 0.7992112521094782, "ENV_Test_proba_accuracy_per_mean_user_and_bot_epoch12": 0.8214149245401446, "ENV_Test_accuracy_epoch12": 0.822656, "ENV_Test_accuracy_strategy_132_epoch12": 0.8555240793201133, "ENV_Test_accuracy_strategy_23_epoch12": 0.8222653094199386, "ENV_Test_accuracy_strategy_107_epoch12": 0.8801313628899836, "ENV_Test_accuracy_strategy_43_epoch12": 0.8244274809160306, "ENV_Test_accuracy_strategy_17_epoch12": 0.8024047186932849, "ENV_Test_accuracy_strategy_93_epoch12": 0.8188539741219963, "ENV_Test_accuracy_per_mean_strategy_epoch12": 0.8339344875602245, "ENV_Test_accuracy_per_mean_user_epoch12": 0.8356126363582769, "ENV_Test_accuracy_per_mean_user_and_bot_epoch12": 0.8570959156199507, "ENV_Train_TotalLoss_epoch13": 689.2319828873684, "ENV_Train_Right action_epoch13": 0.8682397014216022, "ENV_Train_Probability to choose the right action_epoch13": 0.8124556673868809, "ENV_Train_Weighted right action_epoch13": 0.8682397014216022, "ENV_Train_Weighted probability to choose the right action:_epoch13": 0.8124556673868809, "ENV_Test_TotalLoss_epoch13": 205.70297131889868, "ENV_Test_Right action_epoch13": 0.825728, "ENV_Test_Probability to choose the right action_epoch13": 0.7847749540611211, "ENV_Test_Weighted right action_epoch13": 0.8572297473142272, "ENV_Test_Weighted probability to choose the right action:_epoch13": 0.8186667020078398, "ENV_Test_proba_accuracy_epoch13": 0.7847749540611222, "ENV_Test_proba_accuracy_strategy_132_epoch13": 0.8183161522658637, "ENV_Test_proba_accuracy_strategy_23_epoch13": 0.7880626396763315, "ENV_Test_proba_accuracy_strategy_107_epoch13": 0.8445176380012819, "ENV_Test_proba_accuracy_strategy_43_epoch13": 0.7828653829138367, "ENV_Test_proba_accuracy_strategy_17_epoch13": 0.759135588270827, "ENV_Test_proba_accuracy_strategy_93_epoch13": 0.7848573705340399, "ENV_Test_proba_accuracy_per_mean_strategy_epoch13": 0.7962924619436968, "ENV_Test_proba_accuracy_per_mean_user_epoch13": 0.7961694586479111, "ENV_Test_proba_accuracy_per_mean_user_and_bot_epoch13": 0.8186667020078394, "ENV_Test_accuracy_epoch13": 0.825728, "ENV_Test_accuracy_strategy_132_epoch13": 0.856657223796034, "ENV_Test_accuracy_strategy_23_epoch13": 0.8327678138633059, "ENV_Test_accuracy_strategy_107_epoch13": 0.8768472906403941, "ENV_Test_accuracy_strategy_43_epoch13": 0.8199745547073791, "ENV_Test_accuracy_strategy_17_epoch13": 0.8001361161524501, "ENV_Test_accuracy_strategy_93_epoch13": 0.8188539741219963, "ENV_Test_accuracy_per_mean_strategy_epoch13": 0.8342061622135933, "ENV_Test_accuracy_per_mean_user_epoch13": 0.836408692995804, "ENV_Test_accuracy_per_mean_user_and_bot_epoch13": 0.8572297473142282, "ENV_Train_TotalLoss_epoch14": 677.0147586136269, "ENV_Train_Right action_epoch14": 0.8715293788863271, "ENV_Train_Probability to choose the right action_epoch14": 0.8159460329942847, "ENV_Train_Weighted right action_epoch14": 0.8715293788863271, "ENV_Train_Weighted probability to choose the right action:_epoch14": 0.8159460329942847, "ENV_Test_TotalLoss_epoch14": 216.72037128449264, "ENV_Test_Right action_epoch14": 0.817216, "ENV_Test_Probability to choose the right action_epoch14": 0.78145430280225, "ENV_Test_Weighted right action_epoch14": 0.8569319078213138, "ENV_Test_Weighted probability to choose the right action:_epoch14": 0.8201966895333376, "ENV_Test_proba_accuracy_epoch14": 0.7814543028022505, "ENV_Test_proba_accuracy_strategy_132_epoch14": 0.8174605987942398, "ENV_Test_proba_accuracy_strategy_23_epoch14": 0.7798229425815848, "ENV_Test_proba_accuracy_strategy_107_epoch14": 0.8486023802817578, "ENV_Test_proba_accuracy_strategy_43_epoch14": 0.7843133307297713, "ENV_Test_proba_accuracy_strategy_17_epoch14": 0.7582060867319153, "ENV_Test_proba_accuracy_strategy_93_epoch14": 0.784814692202244, "ENV_Test_proba_accuracy_per_mean_strategy_epoch14": 0.7955366718869188, "ENV_Test_proba_accuracy_per_mean_user_epoch14": 0.7945876295248416, "ENV_Test_proba_accuracy_per_mean_user_and_bot_epoch14": 0.8201966895333369, "ENV_Test_accuracy_epoch14": 0.817216, "ENV_Test_accuracy_strategy_132_epoch14": 0.854957507082153, "ENV_Test_accuracy_strategy_23_epoch14": 0.8135401518823719, "ENV_Test_accuracy_strategy_107_epoch14": 0.8850574712643678, "ENV_Test_accuracy_strategy_43_epoch14": 0.8199745547073791, "ENV_Test_accuracy_strategy_17_epoch14": 0.7958257713248639, "ENV_Test_accuracy_strategy_93_epoch14": 0.821626617375231, "ENV_Test_accuracy_per_mean_strategy_epoch14": 0.8318303456060612, "ENV_Test_accuracy_per_mean_user_epoch14": 0.8308960128327675, "ENV_Test_accuracy_per_mean_user_and_bot_epoch14": 0.8569319078213143, "ENV_Train_TotalLoss_epoch15": 658.1841110294615, "ENV_Train_Right action_epoch15": 0.8747676092760592, "ENV_Train_Probability to choose the right action_epoch15": 0.820325349784498, "ENV_Train_Weighted right action_epoch15": 0.8747676092760592, "ENV_Train_Weighted probability to choose the right action:_epoch15": 0.820325349784498, "ENV_Test_TotalLoss_epoch15": 225.78343920718672, "ENV_Test_Right action_epoch15": 0.82112, "ENV_Test_Probability to choose the right action_epoch15": 0.7885568668634908, "ENV_Test_Weighted right action_epoch15": 0.8569647600631561, "ENV_Test_Weighted probability to choose the right action:_epoch15": 0.8243699638742773, "ENV_Test_proba_accuracy_epoch15": 0.7885568668634906, "ENV_Test_proba_accuracy_strategy_132_epoch15": 0.8255035057150747, "ENV_Test_proba_accuracy_strategy_23_epoch15": 0.7878257190288288, "ENV_Test_proba_accuracy_strategy_107_epoch15": 0.8412973785818532, "ENV_Test_proba_accuracy_strategy_43_epoch15": 0.7855417727473627, "ENV_Test_proba_accuracy_strategy_17_epoch15": 0.7674252196523003, "ENV_Test_proba_accuracy_strategy_93_epoch15": 0.7932549385794536, "ENV_Test_proba_accuracy_per_mean_strategy_epoch15": 0.8001414223841454, "ENV_Test_proba_accuracy_per_mean_user_epoch15": 0.8018846820119415, "ENV_Test_proba_accuracy_per_mean_user_and_bot_epoch15": 0.8243699638742774, "ENV_Test_accuracy_epoch15": 0.82112, "ENV_Test_accuracy_strategy_132_epoch15": 0.8583569405099151, "ENV_Test_accuracy_strategy_23_epoch15": 0.8201648085312652, "ENV_Test_accuracy_strategy_107_epoch15": 0.8735632183908046, "ENV_Test_accuracy_strategy_43_epoch15": 0.8097964376590331, "ENV_Test_accuracy_strategy_17_epoch15": 0.8017241379310345, "ENV_Test_accuracy_strategy_93_epoch15": 0.8317929759704251, "ENV_Test_accuracy_per_mean_strategy_epoch15": 0.8325664198320796, "ENV_Test_accuracy_per_mean_user_epoch15": 0.8350870365131589, "ENV_Test_accuracy_per_mean_user_and_bot_epoch15": 0.856964760063157, "ENV_Train_TotalLoss_epoch16": 653.7110719717193, "ENV_Train_Right action_epoch16": 0.8759033281614739, "ENV_Train_Probability to choose the right action_epoch16": 0.8225639933291148, "ENV_Train_Weighted right action_epoch16": 0.8759033281614739, "ENV_Train_Weighted probability to choose the right action:_epoch16": 0.8225639933291148, "ENV_Test_TotalLoss_epoch16": 214.79415805022512, "ENV_Test_Right action_epoch16": 0.822528, "ENV_Test_Probability to choose the right action_epoch16": 0.7821663938753837, "ENV_Test_Weighted right action_epoch16": 0.8541670576471755, "ENV_Test_Weighted probability to choose the right action:_epoch16": 0.8161945665099376, "ENV_Test_proba_accuracy_epoch16": 0.782166393875384, "ENV_Test_proba_accuracy_strategy_132_epoch16": 0.8161961290344184, "ENV_Test_proba_accuracy_strategy_23_epoch16": 0.7831782242926649, "ENV_Test_proba_accuracy_strategy_107_epoch16": 0.8350363501612179, "ENV_Test_proba_accuracy_strategy_43_epoch16": 0.7823328327743184, "ENV_Test_proba_accuracy_strategy_17_epoch16": 0.7591436662283821, "ENV_Test_proba_accuracy_strategy_93_epoch16": 0.7846618071217228, "ENV_Test_proba_accuracy_per_mean_strategy_epoch16": 0.7934248349354541, "ENV_Test_proba_accuracy_per_mean_user_epoch16": 0.7935103577916788, "ENV_Test_proba_accuracy_per_mean_user_and_bot_epoch16": 0.816194566509936, "ENV_Test_accuracy_epoch16": 0.822528, "ENV_Test_accuracy_strategy_132_epoch16": 0.8498583569405099, "ENV_Test_accuracy_strategy_23_epoch16": 0.8267894651801584, "ENV_Test_accuracy_strategy_107_epoch16": 0.8653530377668309, "ENV_Test_accuracy_strategy_43_epoch16": 0.823791348600509, "ENV_Test_accuracy_strategy_17_epoch16": 0.7994555353901996, "ENV_Test_accuracy_strategy_93_epoch16": 0.821626617375231, "ENV_Test_accuracy_per_mean_strategy_epoch16": 0.8311457268755732, "ENV_Test_accuracy_per_mean_user_epoch16": 0.832972516487311, "ENV_Test_accuracy_per_mean_user_and_bot_epoch16": 0.8541670576471767, "ENV_Train_TotalLoss_epoch17": 641.540889035884, "ENV_Train_Right action_epoch17": 0.8796880023483694, "ENV_Train_Probability to choose the right action_epoch17": 0.8258500043322609, "ENV_Train_Weighted right action_epoch17": 0.8796880023483694, "ENV_Train_Weighted probability to choose the right action:_epoch17": 0.8258500043322609, "ENV_Test_TotalLoss_epoch17": 226.54110381018089, "ENV_Test_Right action_epoch17": 0.82528, "ENV_Test_Probability to choose the right action_epoch17": 0.7942311621535848, "ENV_Test_Weighted right action_epoch17": 0.8582902126913534, "ENV_Test_Weighted probability to choose the right action:_epoch17": 0.8266266288000271, "ENV_Test_proba_accuracy_epoch17": 0.7942311621535854, "ENV_Test_proba_accuracy_strategy_132_epoch17": 0.8280471275824366, "ENV_Test_proba_accuracy_strategy_23_epoch17": 0.7982607693469571, "ENV_Test_proba_accuracy_strategy_107_epoch17": 0.8437130766621985, "ENV_Test_proba_accuracy_strategy_43_epoch17": 0.7940679074570629, "ENV_Test_proba_accuracy_strategy_17_epoch17": 0.7698335580249988, "ENV_Test_proba_accuracy_strategy_93_epoch17": 0.7878008216215142, "ENV_Test_proba_accuracy_per_mean_strategy_epoch17": 0.8036205434491946, "ENV_Test_proba_accuracy_per_mean_user_epoch17": 0.8051782088100273, "ENV_Test_proba_accuracy_per_mean_user_and_bot_epoch17": 0.8266266288000276, "ENV_Test_accuracy_epoch17": 0.82528, "ENV_Test_accuracy_strategy_132_epoch17": 0.8577903682719547, "ENV_Test_accuracy_strategy_23_epoch17": 0.8306673129746324, "ENV_Test_accuracy_strategy_107_epoch17": 0.8768472906403941, "ENV_Test_accuracy_strategy_43_epoch17": 0.8269720101781171, "ENV_Test_accuracy_strategy_17_epoch17": 0.8012704174228675, "ENV_Test_accuracy_strategy_93_epoch17": 0.8077634011090573, "ENV_Test_accuracy_per_mean_strategy_epoch17": 0.8335518000995039, "ENV_Test_accuracy_per_mean_user_epoch17": 0.836843819373532, "ENV_Test_accuracy_per_mean_user_and_bot_epoch17": 0.858290212691354, "ENV_Train_TotalLoss_epoch18": 632.6728010194918, "ENV_Train_Right action_epoch18": 0.8813310599284436, "ENV_Train_Probability to choose the right action_epoch18": 0.8291595973656456, "ENV_Train_Weighted right action_epoch18": 0.8813310599284436, "ENV_Train_Weighted probability to choose the right action:_epoch18": 0.8291595973656456, "ENV_Test_TotalLoss_epoch18": 233.13309240295624, "ENV_Test_Right action_epoch18": 0.81568, "ENV_Test_Probability to choose the right action_epoch18": 0.7856221473075784, "ENV_Test_Weighted right action_epoch18": 0.8476614701870839, "ENV_Test_Weighted probability to choose the right action:_epoch18": 0.8204834013469067, "ENV_Test_proba_accuracy_epoch18": 0.7856221473075785, "ENV_Test_proba_accuracy_strategy_132_epoch18": 0.8198063122829545, "ENV_Test_proba_accuracy_strategy_23_epoch18": 0.7876744886671319, "ENV_Test_proba_accuracy_strategy_107_epoch18": 0.8362866859774052, "ENV_Test_proba_accuracy_strategy_43_epoch18": 0.7831578618267607, "ENV_Test_proba_accuracy_strategy_17_epoch18": 0.7622254683044615, "ENV_Test_proba_accuracy_strategy_93_epoch18": 0.7885008182094694, "ENV_Test_proba_accuracy_per_mean_strategy_epoch18": 0.7962752725446972, "ENV_Test_proba_accuracy_per_mean_user_epoch18": 0.7974832920052797, "ENV_Test_proba_accuracy_per_mean_user_and_bot_epoch18": 0.8204834013469072, "ENV_Test_accuracy_epoch18": 0.81568, "ENV_Test_accuracy_strategy_132_epoch18": 0.8470254957507082, "ENV_Test_accuracy_strategy_23_epoch18": 0.8195185005655194, "ENV_Test_accuracy_strategy_107_epoch18": 0.8571428571428571, "ENV_Test_accuracy_strategy_43_epoch18": 0.8059796437659033, "ENV_Test_accuracy_strategy_17_epoch18": 0.79491833030853, "ENV_Test_accuracy_strategy_93_epoch18": 0.8179297597042514, "ENV_Test_accuracy_per_mean_strategy_epoch18": 0.8237524312062949, "ENV_Test_accuracy_per_mean_user_epoch18": 0.8256857505144534, "ENV_Test_accuracy_per_mean_user_and_bot_epoch18": 0.8476614701870836, "ENV_Train_TotalLoss_epoch19": 622.0340822226302, "ENV_Train_Right action_epoch19": 0.8838831422980151, "ENV_Train_Probability to choose the right action_epoch19": 0.8322966637918002, "ENV_Train_Weighted right action_epoch19": 0.8838831422980151, "ENV_Train_Weighted probability to choose the right action:_epoch19": 0.8322966637918002, "ENV_Test_TotalLoss_epoch19": 241.73374870582398, "ENV_Test_Right action_epoch19": 0.81664, "ENV_Test_Probability to choose the right action_epoch19": 0.7896955580374317, "ENV_Test_Weighted right action_epoch19": 0.8468532971025599, "ENV_Test_Weighted probability to choose the right action:_epoch19": 0.821370347668256, "ENV_Test_proba_accuracy_epoch19": 0.7896955580374329, "ENV_Test_proba_accuracy_strategy_132_epoch19": 0.8164318465385518, "ENV_Test_proba_accuracy_strategy_23_epoch19": 0.792245849145058, "ENV_Test_proba_accuracy_strategy_107_epoch19": 0.8436713672918296, "ENV_Test_proba_accuracy_strategy_43_epoch19": 0.7879797458145362, "ENV_Test_proba_accuracy_strategy_17_epoch19": 0.767546975047777, "ENV_Test_proba_accuracy_strategy_93_epoch19": 0.7938394045506486, "ENV_Test_proba_accuracy_per_mean_strategy_epoch19": 0.8002858647314004, "ENV_Test_proba_accuracy_per_mean_user_epoch19": 0.8003365828574354, "ENV_Test_proba_accuracy_per_mean_user_and_bot_epoch19": 0.8213703476682565, "ENV_Test_accuracy_epoch19": 0.81664, "ENV_Test_accuracy_strategy_132_epoch19": 0.8362606232294617, "ENV_Test_accuracy_strategy_23_epoch19": 0.818549038616901, "ENV_Test_accuracy_strategy_107_epoch19": 0.8686371100164204, "ENV_Test_accuracy_strategy_43_epoch19": 0.8136132315521628, "ENV_Test_accuracy_strategy_17_epoch19": 0.7978675136116152, "ENV_Test_accuracy_strategy_93_epoch19": 0.8253234750462107, "ENV_Test_accuracy_per_mean_strategy_epoch19": 0.8267084986787955, "ENV_Test_accuracy_per_mean_user_epoch19": 0.8269468180476304, "ENV_Test_accuracy_per_mean_user_and_bot_epoch19": 0.8468532971025597, "ENV_Train_TotalLoss_epoch20": 613.1766644715667, "ENV_Train_Right action_epoch20": 0.8850158632545528, "ENV_Train_Probability to choose the right action_epoch20": 0.8345708304283193, "ENV_Train_Weighted right action_epoch20": 0.8850158632545528, "ENV_Train_Weighted probability to choose the right action:_epoch20": 0.8345708304283193, "ENV_Test_TotalLoss_epoch20": 226.46586401872744, "ENV_Test_Right action_epoch20": 0.821248, "ENV_Test_Probability to choose the right action_epoch20": 0.7892200716140598, "ENV_Test_Weighted right action_epoch20": 0.8502390974451868, "ENV_Test_Weighted probability to choose the right action:_epoch20": 0.8220556204059928, "ENV_Test_proba_accuracy_epoch20": 0.7892200716140592, "ENV_Test_proba_accuracy_strategy_132_epoch20": 0.820895015460153, "ENV_Test_proba_accuracy_strategy_23_epoch20": 0.7923955772286523, "ENV_Test_proba_accuracy_strategy_107_epoch20": 0.8499835531377837, "ENV_Test_proba_accuracy_strategy_43_epoch20": 0.7810736866337625, "ENV_Test_proba_accuracy_strategy_17_epoch20": 0.7651972404357095, "ENV_Test_proba_accuracy_strategy_93_epoch20": 0.7948894954940716, "ENV_Test_proba_accuracy_per_mean_strategy_epoch20": 0.8007390947316887, "ENV_Test_proba_accuracy_per_mean_user_epoch20": 0.7997896323678523, "ENV_Test_proba_accuracy_per_mean_user_and_bot_epoch20": 0.8220556204059933, "ENV_Test_accuracy_epoch20": 0.821248, "ENV_Test_accuracy_strategy_132_epoch20": 0.8470254957507082, "ENV_Test_accuracy_strategy_23_epoch20": 0.8269510421715948, "ENV_Test_accuracy_strategy_107_epoch20": 0.8801313628899836, "ENV_Test_accuracy_strategy_43_epoch20": 0.7983460559796438, "ENV_Test_accuracy_strategy_17_epoch20": 0.8024047186932849, "ENV_Test_accuracy_strategy_93_epoch20": 0.8234750462107209, "ENV_Test_accuracy_per_mean_strategy_epoch20": 0.8297222869493227, "ENV_Test_accuracy_per_mean_user_epoch20": 0.8318235205806231, "ENV_Test_accuracy_per_mean_user_and_bot_epoch20": 0.8502390974451871, "ENV_Train_TotalLoss_epoch21": 602.922474901041, "ENV_Train_Right action_epoch21": 0.8870147293104894, "ENV_Train_Probability to choose the right action_epoch21": 0.837276871255486, "ENV_Train_Weighted right action_epoch21": 0.8870147293104894, "ENV_Train_Weighted probability to choose the right action:_epoch21": 0.837276871255486, "ENV_Test_TotalLoss_epoch21": 244.78231166622362, "ENV_Test_Right action_epoch21": 0.812032, "ENV_Test_Probability to choose the right action_epoch21": 0.7901749206621794, "ENV_Test_Weighted right action_epoch21": 0.8487953581467633, "ENV_Test_Weighted probability to choose the right action:_epoch21": 0.8271867844616955, "ENV_Test_proba_accuracy_epoch21": 0.7901749206621793, "ENV_Test_proba_accuracy_strategy_132_epoch21": 0.8238950669280156, "ENV_Test_proba_accuracy_strategy_23_epoch21": 0.791566669305151, "ENV_Test_proba_accuracy_strategy_107_epoch21": 0.8536335772359044, "ENV_Test_proba_accuracy_strategy_43_epoch21": 0.7910698721179242, "ENV_Test_proba_accuracy_strategy_17_epoch21": 0.7641929703219328, "ENV_Test_proba_accuracy_strategy_93_epoch21": 0.7960396720923327, "ENV_Test_proba_accuracy_per_mean_strategy_epoch21": 0.8033996380002102, "ENV_Test_proba_accuracy_per_mean_user_epoch21": 0.8015323669796951, "ENV_Test_proba_accuracy_per_mean_user_and_bot_epoch21": 0.8271867844616969, "ENV_Test_accuracy_epoch21": 0.812032, "ENV_Test_accuracy_strategy_132_epoch21": 0.8402266288951842, "ENV_Test_accuracy_strategy_23_epoch21": 0.8140248828566812, "ENV_Test_accuracy_strategy_107_epoch21": 0.8719211822660099, "ENV_Test_accuracy_strategy_43_epoch21": 0.80470737913486, "ENV_Test_accuracy_strategy_17_epoch21": 0.7910617059891107, "ENV_Test_accuracy_strategy_93_epoch21": 0.8170055452865065, "ENV_Test_accuracy_per_mean_strategy_epoch21": 0.8231578874047254, "ENV_Test_accuracy_per_mean_user_epoch21": 0.8236343607049155, "ENV_Test_accuracy_per_mean_user_and_bot_epoch21": 0.8487953581467644, "ENV_Train_TotalLoss_epoch22": 595.3093247086049, "ENV_Train_Right action_epoch22": 0.8885673949203953, "ENV_Train_Probability to choose the right action_epoch22": 0.8400099110664055, "ENV_Train_Weighted right action_epoch22": 0.8885673949203953, "ENV_Train_Weighted probability to choose the right action:_epoch22": 0.8400099110664055, "ENV_Test_TotalLoss_epoch22": 227.01938518399723, "ENV_Test_Right action_epoch22": 0.815232, "ENV_Test_Probability to choose the right action_epoch22": 0.7832462146611154, "ENV_Test_Weighted right action_epoch22": 0.8463703405221015, "ENV_Test_Weighted probability to choose the right action:_epoch22": 0.8136309114887245, "ENV_Test_proba_accuracy_epoch22": 0.7832462146611167, "ENV_Test_proba_accuracy_strategy_132_epoch22": 0.8146501028054822, "ENV_Test_proba_accuracy_strategy_23_epoch22": 0.7859961525006619, "ENV_Test_proba_accuracy_strategy_107_epoch22": 0.843743743294091, "ENV_Test_proba_accuracy_strategy_43_epoch22": 0.7763709299936837, "ENV_Test_proba_accuracy_strategy_17_epoch22": 0.7601991688755158, "ENV_Test_proba_accuracy_strategy_93_epoch22": 0.7861196920353323, "ENV_Test_proba_accuracy_per_mean_strategy_epoch22": 0.7945132982507945, "ENV_Test_proba_accuracy_per_mean_user_epoch22": 0.7935230565893715, "ENV_Test_proba_accuracy_per_mean_user_and_bot_epoch22": 0.8136309114887256, "ENV_Test_accuracy_epoch22": 0.815232, "ENV_Test_accuracy_strategy_132_epoch22": 0.8419263456090652, "ENV_Test_accuracy_strategy_23_epoch22": 0.8187106156083374, "ENV_Test_accuracy_strategy_107_epoch22": 0.8784893267651889, "ENV_Test_accuracy_strategy_43_epoch22": 0.80470737913486, "ENV_Test_accuracy_strategy_17_epoch22": 0.7924228675136116, "ENV_Test_accuracy_strategy_93_epoch22": 0.8243992606284658, "ENV_Test_accuracy_per_mean_strategy_epoch22": 0.8267759658765881, "ENV_Test_accuracy_per_mean_user_epoch22": 0.8255260811446757, "ENV_Test_accuracy_per_mean_user_and_bot_epoch22": 0.8463703405221027, "ENV_Train_TotalLoss_epoch23": 588.2002049200498, "ENV_Train_Right action_epoch23": 0.8908066860465116, "ENV_Train_Probability to choose the right action_epoch23": 0.842252223842613, "ENV_Train_Weighted right action_epoch23": 0.8908066860465116, "ENV_Train_Weighted probability to choose the right action:_epoch23": 0.842252223842613, "ENV_Test_TotalLoss_epoch23": 250.84685081537975, "ENV_Test_Right action_epoch23": 0.81792, "ENV_Test_Probability to choose the right action_epoch23": 0.7925652866696689, "ENV_Test_Weighted right action_epoch23": 0.8470879102085709, "ENV_Test_Weighted probability to choose the right action:_epoch23": 0.8247380067692589, "ENV_Test_proba_accuracy_epoch23": 0.7925652866696687, "ENV_Test_proba_accuracy_strategy_132_epoch23": 0.8248442913602522, "ENV_Test_proba_accuracy_strategy_23_epoch23": 0.7956183099250386, "ENV_Test_proba_accuracy_strategy_107_epoch23": 0.8494205593797247, "ENV_Test_proba_accuracy_strategy_43_epoch23": 0.7849191066218282, "ENV_Test_proba_accuracy_strategy_17_epoch23": 0.7690891574627793, "ENV_Test_proba_accuracy_strategy_93_epoch23": 0.797195700063742, "ENV_Test_proba_accuracy_per_mean_strategy_epoch23": 0.8035145208022275, "ENV_Test_proba_accuracy_per_mean_user_epoch23": 0.8033472645451019, "ENV_Test_proba_accuracy_per_mean_user_and_bot_epoch23": 0.8247380067692586, "ENV_Test_accuracy_epoch23": 0.81792, "ENV_Test_accuracy_strategy_132_epoch23": 0.8424929178470255, "ENV_Test_accuracy_strategy_23_epoch23": 0.824365810308612, "ENV_Test_accuracy_strategy_107_epoch23": 0.8719211822660099, "ENV_Test_accuracy_strategy_43_epoch23": 0.8002544529262087, "ENV_Test_accuracy_strategy_17_epoch23": 0.7967332123411979, "ENV_Test_accuracy_strategy_93_epoch23": 0.822550831792976, "ENV_Test_accuracy_per_mean_strategy_epoch23": 0.8263864012470051, "ENV_Test_accuracy_per_mean_user_epoch23": 0.8274416570563641, "ENV_Test_accuracy_per_mean_user_and_bot_epoch23": 0.8470879102085722, "ENV_Train_TotalLoss_epoch24": 583.1217819134841, "ENV_Train_Right action_epoch24": 0.8915258501404671, "ENV_Train_Probability to choose the right action_epoch24": 0.8438486117546133, "ENV_Train_Weighted right action_epoch24": 0.8915258501404671, "ENV_Train_Weighted probability to choose the right action:_epoch24": 0.8438486117546133, "ENV_Test_TotalLoss_epoch24": 238.59007677484726, "ENV_Test_Right action_epoch24": 0.818112, "ENV_Test_Probability to choose the right action_epoch24": 0.7886479160985509, "ENV_Test_Weighted right action_epoch24": 0.844944405922115, "ENV_Test_Weighted probability to choose the right action:_epoch24": 0.8168771233117809, "ENV_Test_proba_accuracy_epoch24": 0.7886479160985511, "ENV_Test_proba_accuracy_strategy_132_epoch24": 0.8209648018435648, "ENV_Test_proba_accuracy_strategy_23_epoch24": 0.7946884819831597, "ENV_Test_proba_accuracy_strategy_107_epoch24": 0.8417341537877856, "ENV_Test_proba_accuracy_strategy_43_epoch24": 0.7789806190678346, "ENV_Test_proba_accuracy_strategy_17_epoch24": 0.7643368761148099, "ENV_Test_proba_accuracy_strategy_93_epoch24": 0.7845870758287559, "ENV_Test_proba_accuracy_per_mean_strategy_epoch24": 0.7975486681043185, "ENV_Test_proba_accuracy_per_mean_user_epoch24": 0.7981476588308368, "ENV_Test_proba_accuracy_per_mean_user_and_bot_epoch24": 0.8168771233117817, "ENV_Test_accuracy_epoch24": 0.818112, "ENV_Test_accuracy_strategy_132_epoch24": 0.8464589235127479, "ENV_Test_accuracy_strategy_23_epoch24": 0.8259815802229763, "ENV_Test_accuracy_strategy_107_epoch24": 0.8719211822660099, "ENV_Test_accuracy_strategy_43_epoch24": 0.7989821882951654, "ENV_Test_accuracy_strategy_17_epoch24": 0.7969600725952813, "ENV_Test_accuracy_strategy_93_epoch24": 0.8105360443622921, "ENV_Test_accuracy_per_mean_strategy_epoch24": 0.8251399985424123, "ENV_Test_accuracy_per_mean_user_epoch24": 0.8269926624028695, "ENV_Test_accuracy_per_mean_user_and_bot_epoch24": 0.8449444059221153, "_wandb": {"runtime": 2005}}