{"ENV_Train_TotalLoss": 413.8501042277258, "ENV_Train_TotalLoss_epoch0": 942.5523103866619, "ENV_Train_Right action": 0.9205696954449523, "ENV_Train_Right action_epoch0": 0.807248948567117, "ENV_Train_Probability to choose the right action": 0.8858774731735936, "ENV_Train_Probability to choose the right action_epoch0": 0.7310103561909409, "ENV_Train_Weighted right action": 0.9205696954449523, "ENV_Train_Weighted right action_epoch0": 0.807248948567117, "ENV_Train_Weighted probability to choose the right action:": 0.8858774731735936, "ENV_Train_Weighted probability to choose the right action:_epoch0": 0.7310103561909409, "_timestamp": 1720439017.7682762, "_runtime": 2671.225738286972, "_step": 49, "ENV_Test_TotalLoss": 344.84188036066223, "ENV_Test_TotalLoss_epoch0": 184.71994538648713, "ENV_Test_Right action": 0.8384, "ENV_Test_Right action_epoch0": 0.825152, "ENV_Test_Probability to choose the right action": 0.8239574971138915, "ENV_Test_Probability to choose the right action_epoch0": 0.7671296547373618, "ENV_Test_Weighted right action": 0.8630339442141596, "ENV_Test_Weighted right action_epoch0": 0.8611100513468146, "ENV_Test_Weighted probability to choose the right action:": 0.8452051712936128, "ENV_Test_Weighted probability to choose the right action:_epoch0": 0.8055084462059788, "ENV_Test_proba_accuracy": 0.8239574971138914, "ENV_Test_proba_accuracy_epoch0": 0.7671296547373607, "ENV_Test_proba_accuracy_strategy_132": 0.8579122040770205, "ENV_Test_proba_accuracy_strategy_132_epoch0": 0.8184806833651568, "ENV_Test_proba_accuracy_strategy_23": 0.8371743937732977, "ENV_Test_proba_accuracy_strategy_23_epoch0": 0.7677907656050696, "ENV_Test_proba_accuracy_strategy_107": 0.8669828024101544, "ENV_Test_proba_accuracy_strategy_107_epoch0": 0.8432699638796691, "ENV_Test_proba_accuracy_strategy_43": 0.812708447446529, "ENV_Test_proba_accuracy_strategy_43_epoch0": 0.7699710914458987, "ENV_Test_proba_accuracy_strategy_17": 0.791681676784859, "ENV_Test_proba_accuracy_strategy_17_epoch0": 0.7332626040387638, "ENV_Test_proba_accuracy_strategy_93": 0.8165854822775284, "ENV_Test_proba_accuracy_strategy_93_epoch0": 0.7705710521658425, "ENV_Test_proba_accuracy_per_mean_strategy": 0.8305075011282316, "ENV_Test_proba_accuracy_per_mean_strategy_epoch0": 0.7838910267500668, "ENV_Test_proba_accuracy_per_mean_user": 0.8299327054901466, "ENV_Test_proba_accuracy_per_mean_user_epoch0": 0.7811741550603507, "ENV_Test_proba_accuracy_per_mean_user_and_bot": 0.8452051712936134, "ENV_Test_proba_accuracy_per_mean_user_and_bot_epoch0": 0.8055084462059799, "ENV_Test_accuracy": 0.8384, "ENV_Test_accuracy_epoch0": 0.825152, "ENV_Test_accuracy_strategy_132": 0.8708215297450425, "ENV_Test_accuracy_strategy_132_epoch0": 0.8657223796033995, "ENV_Test_accuracy_strategy_23": 0.8524802068185491, "ENV_Test_accuracy_strategy_23_epoch0": 0.832444659880433, "ENV_Test_accuracy_strategy_107": 0.8883415435139573, "ENV_Test_accuracy_strategy_107_epoch0": 0.8981937602627258, "ENV_Test_accuracy_strategy_43": 0.8244274809160306, "ENV_Test_accuracy_strategy_43_epoch0": 0.8212468193384224, "ENV_Test_accuracy_strategy_17": 0.8058076225045372, "ENV_Test_accuracy_strategy_17_epoch0": 0.786524500907441, "ENV_Test_accuracy_strategy_93": 0.8299445471349353, "ENV_Test_accuracy_strategy_93_epoch0": 0.8391866913123844, "ENV_Test_accuracy_per_mean_strategy": 0.8453038217721754, "ENV_Test_accuracy_per_mean_strategy_epoch0": 0.8405531352174677, "ENV_Test_accuracy_per_mean_user": 0.8447497111610996, "ENV_Test_accuracy_per_mean_user_epoch0": 0.8383997268798483, "ENV_Test_accuracy_per_mean_user_and_bot": 0.8630339442141594, "ENV_Test_accuracy_per_mean_user_and_bot_epoch0": 0.8611100513468145, "ENV_Train_TotalLoss_epoch1": 842.4787339390776, "ENV_Train_Right action_epoch1": 0.8293961420184512, "ENV_Train_Probability to choose the right action_epoch1": 0.7610116866922503, "ENV_Train_Weighted right action_epoch1": 0.8293961420184512, "ENV_Train_Weighted probability to choose the right action:_epoch1": 0.7610116866922503, "ENV_Test_TotalLoss_epoch1": 176.903522127398, "ENV_Test_Right action_epoch1": 0.842432, "ENV_Test_Probability to choose the right action_epoch1": 0.7766202673958994, "ENV_Test_Weighted right action_epoch1": 0.8666556029270127, "ENV_Test_Weighted probability to choose the right action:_epoch1": 0.8057103750075086, "ENV_Test_proba_accuracy_epoch1": 0.7766202673958996, "ENV_Test_proba_accuracy_strategy_132_epoch1": 0.8179639452410932, "ENV_Test_proba_accuracy_strategy_23_epoch1": 0.7823316897492342, "ENV_Test_proba_accuracy_strategy_107_epoch1": 0.8343669334463587, "ENV_Test_proba_accuracy_strategy_43_epoch1": 0.7684719544170694, "ENV_Test_proba_accuracy_strategy_17_epoch1": 0.7469096309781946, "ENV_Test_proba_accuracy_strategy_93_epoch1": 0.776884897123886, "ENV_Test_proba_accuracy_per_mean_strategy_epoch1": 0.7878215084926393, "ENV_Test_proba_accuracy_per_mean_user_epoch1": 0.7867852944235469, "ENV_Test_proba_accuracy_per_mean_user_and_bot_epoch1": 0.8057103750075094, "ENV_Test_accuracy_epoch1": 0.842432, "ENV_Test_accuracy_strategy_132_epoch1": 0.8719546742209632, "ENV_Test_accuracy_strategy_23_epoch1": 0.8573275165616416, "ENV_Test_accuracy_strategy_107_epoch1": 0.8981937602627258, "ENV_Test_accuracy_strategy_43_epoch1": 0.8320610687022901, "ENV_Test_accuracy_strategy_17_epoch1": 0.8049001814882033, "ENV_Test_accuracy_strategy_93_epoch1": 0.8456561922365989, "ENV_Test_accuracy_per_mean_strategy_epoch1": 0.851682232245404, "ENV_Test_accuracy_per_mean_user_epoch1": 0.8500922741193375, "ENV_Test_accuracy_per_mean_user_and_bot_epoch1": 0.8666556029270128, "ENV_Train_TotalLoss_epoch2": 806.5091654786391, "ENV_Train_Right action_epoch2": 0.8380739394786498, "ENV_Train_Probability to choose the right action_epoch2": 0.7714894429472591, "ENV_Train_Weighted right action_epoch2": 0.8380739394786498, "ENV_Train_Weighted probability to choose the right action:_epoch2": 0.7714894429472591, "ENV_Test_TotalLoss_epoch2": 182.30698121498352, "ENV_Test_Right action_epoch2": 0.841088, "ENV_Test_Probability to choose the right action_epoch2": 0.7839367328758219, "ENV_Test_Weighted right action_epoch2": 0.862892054597705, "ENV_Test_Weighted probability to choose the right action:_epoch2": 0.8068486508210747, "ENV_Test_proba_accuracy_epoch2": 0.7839367328758219, "ENV_Test_proba_accuracy_strategy_132_epoch2": 0.82019128571299, "ENV_Test_proba_accuracy_strategy_23_epoch2": 0.7927578982647522, "ENV_Test_proba_accuracy_strategy_107_epoch2": 0.8313830509169637, "ENV_Test_proba_accuracy_strategy_43_epoch2": 0.7682579629120779, "ENV_Test_proba_accuracy_strategy_17_epoch2": 0.7551627531067033, "ENV_Test_proba_accuracy_strategy_93_epoch2": 0.7876376969872204, "ENV_Test_proba_accuracy_per_mean_strategy_epoch2": 0.7925651079834513, "ENV_Test_proba_accuracy_per_mean_user_epoch2": 0.7903218744062135, "ENV_Test_proba_accuracy_per_mean_user_and_bot_epoch2": 0.806848650821074, "ENV_Test_accuracy_epoch2": 0.841088, "ENV_Test_accuracy_strategy_132_epoch2": 0.8685552407932011, "ENV_Test_accuracy_strategy_23_epoch2": 0.8542575537243496, "ENV_Test_accuracy_strategy_107_epoch2": 0.8949096880131363, "ENV_Test_accuracy_strategy_43_epoch2": 0.8256997455470738, "ENV_Test_accuracy_strategy_17_epoch2": 0.8051270417422868, "ENV_Test_accuracy_strategy_93_epoch2": 0.8595194085027726, "ENV_Test_accuracy_per_mean_strategy_epoch2": 0.8513447797204701, "ENV_Test_accuracy_per_mean_user_epoch2": 0.8446625067641766, "ENV_Test_accuracy_per_mean_user_and_bot_epoch2": 0.8628920545977056, "ENV_Train_TotalLoss_epoch3": 778.3903921286263, "ENV_Train_Right action_epoch3": 0.8443897871626815, "ENV_Train_Probability to choose the right action_epoch3": 0.7802549856377098, "ENV_Train_Weighted right action_epoch3": 0.8443897871626815, "ENV_Train_Weighted probability to choose the right action:_epoch3": 0.7802549856377098, "ENV_Test_TotalLoss_epoch3": 180.4116830912718, "ENV_Test_Right action_epoch3": 0.844288, "ENV_Test_Probability to choose the right action_epoch3": 0.7993217919335811, "ENV_Test_Weighted right action_epoch3": 0.8603893887839825, "ENV_Test_Weighted probability to choose the right action:_epoch3": 0.8245132526072968, "ENV_Test_proba_accuracy_epoch3": 0.7993217919335803, "ENV_Test_proba_accuracy_strategy_132_epoch3": 0.8373242562608655, "ENV_Test_proba_accuracy_strategy_23_epoch3": 0.8052320141627284, "ENV_Test_proba_accuracy_strategy_107_epoch3": 0.8536777872886088, "ENV_Test_proba_accuracy_strategy_43_epoch3": 0.7864142315584166, "ENV_Test_proba_accuracy_strategy_17_epoch3": 0.771637238258468, "ENV_Test_proba_accuracy_strategy_93_epoch3": 0.80446844759401, "ENV_Test_proba_accuracy_per_mean_strategy_epoch3": 0.8097923291871828, "ENV_Test_proba_accuracy_per_mean_user_epoch3": 0.8075920575034548, "ENV_Test_proba_accuracy_per_mean_user_and_bot_epoch3": 0.8245132526072956, "ENV_Test_accuracy_epoch3": 0.844288, "ENV_Test_accuracy_strategy_132_epoch3": 0.8668555240793201, "ENV_Test_accuracy_strategy_23_epoch3": 0.8565196316044595, "ENV_Test_accuracy_strategy_107_epoch3": 0.8949096880131363, "ENV_Test_accuracy_strategy_43_epoch3": 0.8212468193384224, "ENV_Test_accuracy_strategy_17_epoch3": 0.8185117967332124, "ENV_Test_accuracy_strategy_93_epoch3": 0.8475046210720887, "ENV_Test_accuracy_per_mean_strategy_epoch3": 0.8509246801401066, "ENV_Test_accuracy_per_mean_user_epoch3": 0.8497097236303854, "ENV_Test_accuracy_per_mean_user_and_bot_epoch3": 0.8603893887839821, "ENV_Train_TotalLoss_epoch4": 750.3112881210028, "ENV_Train_Right action_epoch4": 0.8485255066387142, "ENV_Train_Probability to choose the right action_epoch4": 0.7879953945847351, "ENV_Train_Weighted right action_epoch4": 0.8485255066387142, "ENV_Train_Weighted probability to choose the right action:_epoch4": 0.7879953945847351, "ENV_Test_TotalLoss_epoch4": 183.12380970117155, "ENV_Test_Right action_epoch4": 0.843968, "ENV_Test_Probability to choose the right action_epoch4": 0.7869487635752259, "ENV_Test_Weighted right action_epoch4": 0.8699082242912782, "ENV_Test_Weighted probability to choose the right action:_epoch4": 0.8088557507637848, "ENV_Test_proba_accuracy_epoch4": 0.7869487635752254, "ENV_Test_proba_accuracy_strategy_132_epoch4": 0.8209113095680517, "ENV_Test_proba_accuracy_strategy_23_epoch4": 0.7960944669896128, "ENV_Test_proba_accuracy_strategy_107_epoch4": 0.8270329127933171, "ENV_Test_proba_accuracy_strategy_43_epoch4": 0.7668086195714922, "ENV_Test_proba_accuracy_strategy_17_epoch4": 0.761763970344658, "ENV_Test_proba_accuracy_strategy_93_epoch4": 0.7885356175044403, "ENV_Test_proba_accuracy_per_mean_strategy_epoch4": 0.793524482795262, "ENV_Test_proba_accuracy_per_mean_user_epoch4": 0.7939137206314933, "ENV_Test_proba_accuracy_per_mean_user_and_bot_epoch4": 0.8088557507637845, "ENV_Test_accuracy_epoch4": 0.843968, "ENV_Test_accuracy_strategy_132_epoch4": 0.8730878186968839, "ENV_Test_accuracy_strategy_23_epoch4": 0.8534496687671675, "ENV_Test_accuracy_strategy_107_epoch4": 0.8998357963875205, "ENV_Test_accuracy_strategy_43_epoch4": 0.8225190839694656, "ENV_Test_accuracy_strategy_17_epoch4": 0.8146551724137931, "ENV_Test_accuracy_strategy_93_epoch4": 0.8613678373382625, "ENV_Test_accuracy_per_mean_strategy_epoch4": 0.8541525629288489, "ENV_Test_accuracy_per_mean_user_epoch4": 0.8500924413428721, "ENV_Test_accuracy_per_mean_user_and_bot_epoch4": 0.8699082242912785, "ENV_Train_TotalLoss_epoch5": 728.009126167897, "ENV_Train_Right action_epoch5": 0.8553516263856078, "ENV_Train_Probability to choose the right action_epoch5": 0.7952754925019972, "ENV_Train_Weighted right action_epoch5": 0.8553516263856078, "ENV_Train_Weighted probability to choose the right action:_epoch5": 0.7952754925019972, "ENV_Test_TotalLoss_epoch5": 181.40560735571577, "ENV_Test_Right action_epoch5": 0.852288, "ENV_Test_Probability to choose the right action_epoch5": 0.8046469589236533, "ENV_Test_Weighted right action_epoch5": 0.8741767373027101, "ENV_Test_Weighted probability to choose the right action:_epoch5": 0.8224935404063437, "ENV_Test_proba_accuracy_epoch5": 0.8046469589236527, "ENV_Test_proba_accuracy_strategy_132_epoch5": 0.8344080432817605, "ENV_Test_proba_accuracy_strategy_23_epoch5": 0.8141150997609973, "ENV_Test_proba_accuracy_strategy_107_epoch5": 0.84457943790604, "ENV_Test_proba_accuracy_strategy_43_epoch5": 0.7853999562661531, "ENV_Test_proba_accuracy_strategy_17_epoch5": 0.7798901088645448, "ENV_Test_proba_accuracy_strategy_93_epoch5": 0.8082874080950733, "ENV_Test_proba_accuracy_per_mean_strategy_epoch5": 0.811113342362428, "ENV_Test_proba_accuracy_per_mean_user_epoch5": 0.8083809419696689, "ENV_Test_proba_accuracy_per_mean_user_and_bot_epoch5": 0.8224935404063433, "ENV_Test_accuracy_epoch5": 0.852288, "ENV_Test_accuracy_strategy_132_epoch5": 0.886685552407932, "ENV_Test_accuracy_strategy_23_epoch5": 0.859428017450315, "ENV_Test_accuracy_strategy_107_epoch5": 0.8932676518883416, "ENV_Test_accuracy_strategy_43_epoch5": 0.8384223918575063, "ENV_Test_accuracy_strategy_17_epoch5": 0.8241833030852994, "ENV_Test_accuracy_strategy_93_epoch5": 0.866913123844732, "ENV_Test_accuracy_per_mean_strategy_epoch5": 0.861483340089021, "ENV_Test_accuracy_per_mean_user_epoch5": 0.8576216383187494, "ENV_Test_accuracy_per_mean_user_and_bot_epoch5": 0.87417673730271, "ENV_Train_TotalLoss_epoch6": 701.800633788817, "ENV_Train_Right action_epoch6": 0.8610062893081761, "ENV_Train_Probability to choose the right action_epoch6": 0.8032776064419193, "ENV_Train_Weighted right action_epoch6": 0.8610062893081761, "ENV_Train_Weighted probability to choose the right action:_epoch6": 0.8032776064419193, "ENV_Test_TotalLoss_epoch6": 180.57925297250407, "ENV_Test_Right action_epoch6": 0.852096, "ENV_Test_Probability to choose the right action_epoch6": 0.8108131204006146, "ENV_Test_Weighted right action_epoch6": 0.8760566946016367, "ENV_Test_Weighted probability to choose the right action:_epoch6": 0.8341271489949658, "ENV_Test_proba_accuracy_epoch6": 0.8108131204006138, "ENV_Test_proba_accuracy_strategy_132_epoch6": 0.8458786903548998, "ENV_Test_proba_accuracy_strategy_23_epoch6": 0.8192011824178881, "ENV_Test_proba_accuracy_strategy_107_epoch6": 0.8596305931566365, "ENV_Test_proba_accuracy_strategy_43_epoch6": 0.7946593956576337, "ENV_Test_proba_accuracy_strategy_17_epoch6": 0.783241713898739, "ENV_Test_proba_accuracy_strategy_93_epoch6": 0.8139500219288834, "ENV_Test_proba_accuracy_per_mean_strategy_epoch6": 0.8194269329024468, "ENV_Test_proba_accuracy_per_mean_user_epoch6": 0.8180455285571103, "ENV_Test_proba_accuracy_per_mean_user_and_bot_epoch6": 0.8341271489949652, "ENV_Test_accuracy_epoch6": 0.852096, "ENV_Test_accuracy_strategy_132_epoch6": 0.88328611898017, "ENV_Test_accuracy_strategy_23_epoch6": 0.8621748263047342, "ENV_Test_accuracy_strategy_107_epoch6": 0.8949096880131363, "ENV_Test_accuracy_strategy_43_epoch6": 0.833969465648855, "ENV_Test_accuracy_strategy_17_epoch6": 0.8237295825771325, "ENV_Test_accuracy_strategy_93_epoch6": 0.8613678373382625, "ENV_Test_accuracy_per_mean_strategy_epoch6": 0.859906253143715, "ENV_Test_accuracy_per_mean_user_epoch6": 0.8591815785195976, "ENV_Test_accuracy_per_mean_user_and_bot_epoch6": 0.8760566946016376, "ENV_Train_TotalLoss_epoch7": 679.273558532076, "ENV_Train_Right action_epoch7": 0.8656007156035109, "ENV_Train_Probability to choose the right action_epoch7": 0.8098428516918377, "ENV_Train_Weighted right action_epoch7": 0.8656007156035109, "ENV_Train_Weighted probability to choose the right action:_epoch7": 0.8098428516918377, "ENV_Test_TotalLoss_epoch7": 186.4510246500979, "ENV_Test_Right action_epoch7": 0.848, "ENV_Test_Probability to choose the right action_epoch7": 0.8106827560524547, "ENV_Test_Weighted right action_epoch7": 0.8674787531659897, "ENV_Test_Weighted probability to choose the right action:_epoch7": 0.8343885295122947, "ENV_Test_proba_accuracy_epoch7": 0.8106827560524555, "ENV_Test_proba_accuracy_strategy_132_epoch7": 0.8468695975566115, "ENV_Test_proba_accuracy_strategy_23_epoch7": 0.8184915827535872, "ENV_Test_proba_accuracy_strategy_107_epoch7": 0.8636922119124875, "ENV_Test_proba_accuracy_strategy_43_epoch7": 0.7987062031373787, "ENV_Test_proba_accuracy_strategy_17_epoch7": 0.7814726474585418, "ENV_Test_proba_accuracy_strategy_93_epoch7": 0.8135514598764612, "ENV_Test_proba_accuracy_per_mean_strategy_epoch7": 0.8204639504491779, "ENV_Test_proba_accuracy_per_mean_user_epoch7": 0.8179740864184376, "ENV_Test_proba_accuracy_per_mean_user_and_bot_epoch7": 0.8343885295122957, "ENV_Test_accuracy_epoch7": 0.848, "ENV_Test_accuracy_strategy_132_epoch7": 0.8747875354107649, "ENV_Test_accuracy_strategy_23_epoch7": 0.8581354015188237, "ENV_Test_accuracy_strategy_107_epoch7": 0.8949096880131363, "ENV_Test_accuracy_strategy_43_epoch7": 0.8288804071246819, "ENV_Test_accuracy_strategy_17_epoch7": 0.8225952813067151, "ENV_Test_accuracy_strategy_93_epoch7": 0.8512014787430684, "ENV_Test_accuracy_per_mean_strategy_epoch7": 0.855084965352865, "ENV_Test_accuracy_per_mean_user_epoch7": 0.8552003912808761, "ENV_Test_accuracy_per_mean_user_and_bot_epoch7": 0.8674787531659891, "ENV_Train_TotalLoss_epoch8": 656.2630395242957, "ENV_Train_Right action_epoch8": 0.8698654069239262, "ENV_Train_Probability to choose the right action_epoch8": 0.8157657350410499, "ENV_Train_Weighted right action_epoch8": 0.8698654069239262, "ENV_Train_Weighted probability to choose the right action:_epoch8": 0.8157657350410499, "ENV_Test_TotalLoss_epoch8": 182.7071388261107, "ENV_Test_Right action_epoch8": 0.8464, "ENV_Test_Probability to choose the right action_epoch8": 0.7994752509571045, "ENV_Test_Weighted right action_epoch8": 0.8694080726108332, "ENV_Test_Weighted probability to choose the right action:_epoch8": 0.8231475540833912, "ENV_Test_proba_accuracy_epoch8": 0.7994752509571056, "ENV_Test_proba_accuracy_strategy_132_epoch8": 0.8336127547877555, "ENV_Test_proba_accuracy_strategy_23_epoch8": 0.8060715953880464, "ENV_Test_proba_accuracy_strategy_107_epoch8": 0.8409720713840372, "ENV_Test_proba_accuracy_strategy_43_epoch8": 0.788395137612213, "ENV_Test_proba_accuracy_strategy_17_epoch8": 0.7745277808977321, "ENV_Test_proba_accuracy_strategy_93_epoch8": 0.8004339872008198, "ENV_Test_proba_accuracy_per_mean_strategy_epoch8": 0.8073355545451005, "ENV_Test_proba_accuracy_per_mean_user_epoch8": 0.8078418094877745, "ENV_Test_proba_accuracy_per_mean_user_and_bot_epoch8": 0.8231475540833899, "ENV_Test_accuracy_epoch8": 0.8464, "ENV_Test_accuracy_strategy_132_epoch8": 0.8719546742209632, "ENV_Test_accuracy_strategy_23_epoch8": 0.8542575537243496, "ENV_Test_accuracy_strategy_107_epoch8": 0.8801313628899836, "ENV_Test_accuracy_strategy_43_epoch8": 0.8358778625954199, "ENV_Test_accuracy_strategy_17_epoch8": 0.8216878402903811, "ENV_Test_accuracy_strategy_93_epoch8": 0.8567467652495379, "ENV_Test_accuracy_per_mean_strategy_epoch8": 0.8534426764951059, "ENV_Test_accuracy_per_mean_user_epoch8": 0.8546890844853112, "ENV_Test_accuracy_per_mean_user_and_bot_epoch8": 0.869408072610834, "ENV_Train_TotalLoss_epoch9": 635.2518037562053, "ENV_Train_Right action_epoch9": 0.8756709158000671, "ENV_Train_Probability to choose the right action_epoch9": 0.8219278563344521, "ENV_Train_Weighted right action_epoch9": 0.8756709158000671, "ENV_Train_Weighted probability to choose the right action:_epoch9": 0.8219278563344521, "ENV_Test_TotalLoss_epoch9": 180.3889548266696, "ENV_Test_Right action_epoch9": 0.850752, "ENV_Test_Probability to choose the right action_epoch9": 0.8061631206077972, "ENV_Test_Weighted right action_epoch9": 0.8706098319274073, "ENV_Test_Weighted probability to choose the right action:_epoch9": 0.8226930847599409, "ENV_Test_proba_accuracy_epoch9": 0.806163120607797, "ENV_Test_proba_accuracy_strategy_132_epoch9": 0.8363211013145208, "ENV_Test_proba_accuracy_strategy_23_epoch9": 0.8190408779423948, "ENV_Test_proba_accuracy_strategy_107_epoch9": 0.8460370485115204, "ENV_Test_proba_accuracy_strategy_43_epoch9": 0.7932380407766667, "ENV_Test_proba_accuracy_strategy_17_epoch9": 0.7757332523967853, "ENV_Test_proba_accuracy_strategy_93_epoch9": 0.803612830759475, "ENV_Test_proba_accuracy_per_mean_strategy_epoch9": 0.8123305252835604, "ENV_Test_proba_accuracy_per_mean_user_epoch9": 0.8108115295745828, "ENV_Test_proba_accuracy_per_mean_user_and_bot_epoch9": 0.8226930847599411, "ENV_Test_accuracy_epoch9": 0.850752, "ENV_Test_accuracy_strategy_132_epoch9": 0.8787535410764873, "ENV_Test_accuracy_strategy_23_epoch9": 0.8628211342704799, "ENV_Test_accuracy_strategy_107_epoch9": 0.8850574712643678, "ENV_Test_accuracy_strategy_43_epoch9": 0.8384223918575063, "ENV_Test_accuracy_strategy_17_epoch9": 0.8223684210526315, "ENV_Test_accuracy_strategy_93_epoch9": 0.8502772643253235, "ENV_Test_accuracy_per_mean_strategy_epoch9": 0.8562833706411328, "ENV_Test_accuracy_per_mean_user_epoch9": 0.8563532037907283, "ENV_Test_accuracy_per_mean_user_and_bot_epoch9": 0.8706098319274066, "ENV_Train_TotalLoss_epoch10": 618.9974497352616, "ENV_Train_Right action_epoch10": 0.8790318072558555, "ENV_Train_Probability to choose the right action_epoch10": 0.8269440856739011, "ENV_Train_Weighted right action_epoch10": 0.8790318072558555, "ENV_Train_Weighted probability to choose the right action:_epoch10": 0.8269440856739011, "ENV_Test_TotalLoss_epoch10": 193.70627142926483, "ENV_Test_Right action_epoch10": 0.846976, "ENV_Test_Probability to choose the right action_epoch10": 0.8150065840416515, "ENV_Test_Weighted right action_epoch10": 0.8690238268261192, "ENV_Test_Weighted probability to choose the right action:_epoch10": 0.8350204317993662, "ENV_Test_proba_accuracy_epoch10": 0.8150065840416512, "ENV_Test_proba_accuracy_strategy_132_epoch10": 0.8481636348537361, "ENV_Test_proba_accuracy_strategy_23_epoch10": 0.8259789713354846, "ENV_Test_proba_accuracy_strategy_107_epoch10": 0.858433357138206, "ENV_Test_proba_accuracy_strategy_43_epoch10": 0.8041540248481681, "ENV_Test_proba_accuracy_strategy_17_epoch10": 0.7839950737063518, "ENV_Test_proba_accuracy_strategy_93_epoch10": 0.8158215157879429, "ENV_Test_proba_accuracy_per_mean_strategy_epoch10": 0.8227577629449816, "ENV_Test_proba_accuracy_per_mean_user_epoch10": 0.8207146519391656, "ENV_Test_proba_accuracy_per_mean_user_and_bot_epoch10": 0.8350204317993655, "ENV_Test_accuracy_epoch10": 0.846976, "ENV_Test_accuracy_strategy_132_epoch10": 0.8764872521246458, "ENV_Test_accuracy_strategy_23_epoch10": 0.8595895944417515, "ENV_Test_accuracy_strategy_107_epoch10": 0.8850574712643678, "ENV_Test_accuracy_strategy_43_epoch10": 0.8333333333333334, "ENV_Test_accuracy_strategy_17_epoch10": 0.816470054446461, "ENV_Test_accuracy_strategy_93_epoch10": 0.8493530499075785, "ENV_Test_accuracy_per_mean_strategy_epoch10": 0.8533817925863563, "ENV_Test_accuracy_per_mean_user_epoch10": 0.8529067781575985, "ENV_Test_accuracy_per_mean_user_and_bot_epoch10": 0.8690238268261193, "ENV_Train_TotalLoss_epoch11": 606.5326219257144, "ENV_Train_Right action_epoch11": 0.8825962989880919, "ENV_Train_Probability to choose the right action_epoch11": 0.8319260855155585, "ENV_Train_Weighted right action_epoch11": 0.8825962989880919, "ENV_Train_Weighted probability to choose the right action:_epoch11": 0.8319260855155585, "ENV_Test_TotalLoss_epoch11": 207.07479981131235, "ENV_Test_Right action_epoch11": 0.846784, "ENV_Test_Probability to choose the right action_epoch11": 0.8209850304325309, "ENV_Test_Weighted right action_epoch11": 0.8709195768356737, "ENV_Test_Weighted probability to choose the right action:_epoch11": 0.8456611626064051, "ENV_Test_proba_accuracy_epoch11": 0.8209850304325311, "ENV_Test_proba_accuracy_strategy_132_epoch11": 0.858490569540395, "ENV_Test_proba_accuracy_strategy_23_epoch11": 0.8304178618095206, "ENV_Test_proba_accuracy_strategy_107_epoch11": 0.8632075130316006, "ENV_Test_proba_accuracy_strategy_43_epoch11": 0.8164302386561617, "ENV_Test_proba_accuracy_strategy_17_epoch11": 0.7887246692601839, "ENV_Test_proba_accuracy_strategy_93_epoch11": 0.8201285081587384, "ENV_Test_proba_accuracy_per_mean_strategy_epoch11": 0.8295665600761, "ENV_Test_proba_accuracy_per_mean_user_epoch11": 0.8289513590722475, "ENV_Test_proba_accuracy_per_mean_user_and_bot_epoch11": 0.8456611626064051, "ENV_Test_accuracy_epoch11": 0.846784, "ENV_Test_accuracy_strategy_132_epoch11": 0.8787535410764873, "ENV_Test_accuracy_strategy_23_epoch11": 0.8576506705445145, "ENV_Test_accuracy_strategy_107_epoch11": 0.8834154351395731, "ENV_Test_accuracy_strategy_43_epoch11": 0.8422391857506362, "ENV_Test_accuracy_strategy_17_epoch11": 0.8157894736842105, "ENV_Test_accuracy_strategy_93_epoch11": 0.844731977818854, "ENV_Test_accuracy_per_mean_strategy_epoch11": 0.8537633806690459, "ENV_Test_accuracy_per_mean_user_epoch11": 0.8532132332842705, "ENV_Test_accuracy_per_mean_user_and_bot_epoch11": 0.8709195768356743, "ENV_Train_TotalLoss_epoch12": 578.3703248824407, "ENV_Train_Right action_epoch12": 0.8870377100047522, "ENV_Train_Probability to choose the right action_epoch12": 0.8388073192675302, "ENV_Train_Weighted right action_epoch12": 0.8870377100047522, "ENV_Train_Weighted probability to choose the right action:_epoch12": 0.8388073192675302, "ENV_Test_TotalLoss_epoch12": 197.46957340743973, "ENV_Test_Right action_epoch12": 0.842368, "ENV_Test_Probability to choose the right action_epoch12": 0.815051637518453, "ENV_Test_Weighted right action_epoch12": 0.8656125792411773, "ENV_Test_Weighted probability to choose the right action:_epoch12": 0.8390033433632671, "ENV_Test_proba_accuracy_epoch12": 0.8150516375184516, "ENV_Test_proba_accuracy_strategy_132_epoch12": 0.8479731569028971, "ENV_Test_proba_accuracy_strategy_23_epoch12": 0.8254058731962789, "ENV_Test_proba_accuracy_strategy_107_epoch12": 0.8586394936405909, "ENV_Test_proba_accuracy_strategy_43_epoch12": 0.8090661150574033, "ENV_Test_proba_accuracy_strategy_17_epoch12": 0.783876982887953, "ENV_Test_proba_accuracy_strategy_93_epoch12": 0.8132894085147584, "ENV_Test_proba_accuracy_per_mean_strategy_epoch12": 0.823041838366647, "ENV_Test_proba_accuracy_per_mean_user_epoch12": 0.8224223035467487, "ENV_Test_proba_accuracy_per_mean_user_and_bot_epoch12": 0.839003343363267, "ENV_Test_accuracy_epoch12": 0.842368, "ENV_Test_accuracy_strategy_132_epoch12": 0.8702549575070821, "ENV_Test_accuracy_strategy_23_epoch12": 0.8547422846986589, "ENV_Test_accuracy_strategy_107_epoch12": 0.8817733990147784, "ENV_Test_accuracy_strategy_43_epoch12": 0.8377862595419847, "ENV_Test_accuracy_strategy_17_epoch12": 0.8126134301270418, "ENV_Test_accuracy_strategy_93_epoch12": 0.8317929759704251, "ENV_Test_accuracy_per_mean_strategy_epoch12": 0.8481605511433283, "ENV_Test_accuracy_per_mean_user_epoch12": 0.8494174392331671, "ENV_Test_accuracy_per_mean_user_and_bot_epoch12": 0.8656125792411772, "ENV_Train_TotalLoss_epoch13": 564.2782581055668, "ENV_Train_Right action_epoch13": 0.8905771676987377, "ENV_Train_Probability to choose the right action_epoch13": 0.8426774777082581, "ENV_Train_Weighted right action_epoch13": 0.8905771676987377, "ENV_Train_Weighted probability to choose the right action:_epoch13": 0.8426774777082581, "ENV_Test_TotalLoss_epoch13": 224.60562246766287, "ENV_Test_Right action_epoch13": 0.845952, "ENV_Test_Probability to choose the right action_epoch13": 0.8242504178859239, "ENV_Test_Weighted right action_epoch13": 0.865070842647121, "ENV_Test_Weighted probability to choose the right action:_epoch13": 0.8442665226071113, "ENV_Test_proba_accuracy_epoch13": 0.8242504178859236, "ENV_Test_proba_accuracy_strategy_132_epoch13": 0.8569930016903826, "ENV_Test_proba_accuracy_strategy_23_epoch13": 0.8354857980079899, "ENV_Test_proba_accuracy_strategy_107_epoch13": 0.8647385870209108, "ENV_Test_proba_accuracy_strategy_43_epoch13": 0.8140987366738206, "ENV_Test_proba_accuracy_strategy_17_epoch13": 0.7943151349381956, "ENV_Test_proba_accuracy_strategy_93_epoch13": 0.8204883542125984, "ENV_Test_proba_accuracy_per_mean_strategy_epoch13": 0.8310199354239831, "ENV_Test_proba_accuracy_per_mean_user_epoch13": 0.8301260499473524, "ENV_Test_proba_accuracy_per_mean_user_and_bot_epoch13": 0.8442665226071115, "ENV_Test_accuracy_epoch13": 0.845952, "ENV_Test_accuracy_strategy_132_epoch13": 0.8759206798866855, "ENV_Test_accuracy_strategy_23_epoch13": 0.8557117466472774, "ENV_Test_accuracy_strategy_107_epoch13": 0.8866995073891626, "ENV_Test_accuracy_strategy_43_epoch13": 0.8358778625954199, "ENV_Test_accuracy_strategy_17_epoch13": 0.8210072595281307, "ENV_Test_accuracy_strategy_93_epoch13": 0.8345656192236599, "ENV_Test_accuracy_per_mean_strategy_epoch13": 0.8516304458783893, "ENV_Test_accuracy_per_mean_user_epoch13": 0.8505118408385922, "ENV_Test_accuracy_per_mean_user_and_bot_epoch13": 0.865070842647121, "ENV_Train_TotalLoss_epoch14": 545.3985585470157, "ENV_Train_Right action_epoch14": 0.894138196045553, "ENV_Train_Probability to choose the right action_epoch14": 0.8484535642334736, "ENV_Train_Weighted right action_epoch14": 0.894138196045553, "ENV_Train_Weighted probability to choose the right action:_epoch14": 0.8484535642334736, "ENV_Test_TotalLoss_epoch14": 218.03979339986023, "ENV_Test_Right action_epoch14": 0.844736, "ENV_Test_Probability to choose the right action_epoch14": 0.8139586432815812, "ENV_Test_Weighted right action_epoch14": 0.8669990739128024, "ENV_Test_Weighted probability to choose the right action:_epoch14": 0.8345088499215453, "ENV_Test_proba_accuracy_epoch14": 0.8139586432815804, "ENV_Test_proba_accuracy_strategy_132_epoch14": 0.8470463842162654, "ENV_Test_proba_accuracy_strategy_23_epoch14": 0.826940442216511, "ENV_Test_proba_accuracy_strategy_107_epoch14": 0.8526940497233099, "ENV_Test_proba_accuracy_strategy_43_epoch14": 0.7995742643025697, "ENV_Test_proba_accuracy_strategy_17_epoch14": 0.782990631670379, "ENV_Test_proba_accuracy_strategy_93_epoch14": 0.8109874418547447, "ENV_Test_proba_accuracy_per_mean_strategy_epoch14": 0.8200388689972967, "ENV_Test_proba_accuracy_per_mean_user_epoch14": 0.8201081084082676, "ENV_Test_proba_accuracy_per_mean_user_and_bot_epoch14": 0.8345088499215461, "ENV_Test_accuracy_epoch14": 0.844736, "ENV_Test_accuracy_strategy_132_epoch14": 0.8753541076487252, "ENV_Test_accuracy_strategy_23_epoch14": 0.8607206333818064, "ENV_Test_accuracy_strategy_107_epoch14": 0.8735632183908046, "ENV_Test_accuracy_strategy_43_epoch14": 0.8333333333333334, "ENV_Test_accuracy_strategy_17_epoch14": 0.809437386569873, "ENV_Test_accuracy_strategy_93_epoch14": 0.8475046210720887, "ENV_Test_accuracy_per_mean_strategy_epoch14": 0.8499855500661052, "ENV_Test_accuracy_per_mean_user_epoch14": 0.8491544885947722, "ENV_Test_accuracy_per_mean_user_and_bot_epoch14": 0.8669990739128027, "ENV_Train_TotalLoss_epoch15": 531.0845548199569, "ENV_Train_Right action_epoch15": 0.8976781895190036, "ENV_Train_Probability to choose the right action_epoch15": 0.8525637807118256, "ENV_Train_Weighted right action_epoch15": 0.8976781895190036, "ENV_Train_Weighted probability to choose the right action:_epoch15": 0.8525637807118256, "ENV_Test_TotalLoss_epoch15": 216.61839888149197, "ENV_Test_Right action_epoch15": 0.844288, "ENV_Test_Probability to choose the right action_epoch15": 0.8153323954765999, "ENV_Test_Weighted right action_epoch15": 0.8655939694403002, "ENV_Test_Weighted probability to choose the right action:_epoch15": 0.8383084573161868, "ENV_Test_proba_accuracy_epoch15": 0.8153323954765992, "ENV_Test_proba_accuracy_strategy_132_epoch15": 0.8497208118931379, "ENV_Test_proba_accuracy_strategy_23_epoch15": 0.8269545138014602, "ENV_Test_proba_accuracy_strategy_107_epoch15": 0.8635502695476, "ENV_Test_proba_accuracy_strategy_43_epoch15": 0.8089751535207239, "ENV_Test_proba_accuracy_strategy_17_epoch15": 0.7816087801725229, "ENV_Test_proba_accuracy_strategy_93_epoch15": 0.8122434398555369, "ENV_Test_proba_accuracy_per_mean_strategy_epoch15": 0.8238421614651638, "ENV_Test_proba_accuracy_per_mean_user_epoch15": 0.8225545736978416, "ENV_Test_proba_accuracy_per_mean_user_and_bot_epoch15": 0.8383084573161859, "ENV_Test_accuracy_epoch15": 0.844288, "ENV_Test_accuracy_strategy_132_epoch15": 0.8696883852691218, "ENV_Test_accuracy_strategy_23_epoch15": 0.8571659395702051, "ENV_Test_accuracy_strategy_107_epoch15": 0.8866995073891626, "ENV_Test_accuracy_strategy_43_epoch15": 0.8377862595419847, "ENV_Test_accuracy_strategy_17_epoch15": 0.8144283121597096, "ENV_Test_accuracy_strategy_93_epoch15": 0.8364140480591498, "ENV_Test_accuracy_per_mean_strategy_epoch15": 0.8503637419982223, "ENV_Test_accuracy_per_mean_user_epoch15": 0.8510782512516638, "ENV_Test_accuracy_per_mean_user_and_bot_epoch15": 0.8655939694402999, "ENV_Train_TotalLoss_epoch16": 520.8231431319878, "ENV_Train_Right action_epoch16": 0.8999454858053424, "ENV_Train_Probability to choose the right action_epoch16": 0.8565506072394502, "ENV_Train_Weighted right action_epoch16": 0.8999454858053424, "ENV_Train_Weighted probability to choose the right action:_epoch16": 0.8565506072394502, "ENV_Test_TotalLoss_epoch16": 262.613053782659, "ENV_Test_Right action_epoch16": 0.841664, "ENV_Test_Probability to choose the right action_epoch16": 0.816117082855185, "ENV_Test_Weighted right action_epoch16": 0.8611334161644307, "ENV_Test_Weighted probability to choose the right action:_epoch16": 0.8360988755160945, "ENV_Test_proba_accuracy_epoch16": 0.8161170828551846, "ENV_Test_proba_accuracy_strategy_132_epoch16": 0.8511498584523189, "ENV_Test_proba_accuracy_strategy_23_epoch16": 0.8269648849379069, "ENV_Test_proba_accuracy_strategy_107_epoch16": 0.8595102475688388, "ENV_Test_proba_accuracy_strategy_43_epoch16": 0.8068622032240689, "ENV_Test_proba_accuracy_strategy_17_epoch16": 0.7865118124649769, "ENV_Test_proba_accuracy_strategy_93_epoch16": 0.806553653401047, "ENV_Test_proba_accuracy_per_mean_strategy_epoch16": 0.8229254433415262, "ENV_Test_proba_accuracy_per_mean_user_epoch16": 0.8230058092382948, "ENV_Test_proba_accuracy_per_mean_user_and_bot_epoch16": 0.8360988755160947, "ENV_Test_accuracy_epoch16": 0.841664, "ENV_Test_accuracy_strategy_132_epoch16": 0.8702549575070821, "ENV_Test_accuracy_strategy_23_epoch16": 0.8529649377928583, "ENV_Test_accuracy_strategy_107_epoch16": 0.8834154351395731, "ENV_Test_accuracy_strategy_43_epoch16": 0.8288804071246819, "ENV_Test_accuracy_strategy_17_epoch16": 0.8162431941923775, "ENV_Test_accuracy_strategy_93_epoch16": 0.8290203327171903, "ENV_Test_accuracy_per_mean_strategy_epoch16": 0.8467965440789605, "ENV_Test_accuracy_per_mean_user_epoch16": 0.8480766519916679, "ENV_Test_accuracy_per_mean_user_and_bot_epoch16": 0.8611334161644314, "ENV_Train_TotalLoss_epoch17": 494.1446224288876, "ENV_Train_Right action_epoch17": 0.903521156292372, "ENV_Train_Probability to choose the right action_epoch17": 0.8624730486751301, "ENV_Train_Weighted right action_epoch17": 0.903521156292372, "ENV_Train_Weighted probability to choose the right action:_epoch17": 0.8624730486751301, "ENV_Test_TotalLoss_epoch17": 220.50440400297865, "ENV_Test_Right action_epoch17": 0.842432, "ENV_Test_Probability to choose the right action_epoch17": 0.8145491308259217, "ENV_Test_Weighted right action_epoch17": 0.8608333789445952, "ENV_Test_Weighted probability to choose the right action:_epoch17": 0.8343239841108347, "ENV_Test_proba_accuracy_epoch17": 0.8145491308259216, "ENV_Test_proba_accuracy_strategy_132_epoch17": 0.8496678011013616, "ENV_Test_proba_accuracy_strategy_23_epoch17": 0.8261210846568144, "ENV_Test_proba_accuracy_strategy_107_epoch17": 0.8545804602706506, "ENV_Test_proba_accuracy_strategy_43_epoch17": 0.8038102123186834, "ENV_Test_proba_accuracy_strategy_17_epoch17": 0.7829023164625704, "ENV_Test_proba_accuracy_strategy_93_epoch17": 0.8130688930067406, "ENV_Test_proba_accuracy_per_mean_strategy_epoch17": 0.8216917946361368, "ENV_Test_proba_accuracy_per_mean_user_epoch17": 0.8207456206364442, "ENV_Test_proba_accuracy_per_mean_user_and_bot_epoch17": 0.8343239841108341, "ENV_Test_accuracy_epoch17": 0.842432, "ENV_Test_accuracy_strategy_132_epoch17": 0.8725212464589235, "ENV_Test_accuracy_strategy_23_epoch17": 0.8550654386815317, "ENV_Test_accuracy_strategy_107_epoch17": 0.8817733990147784, "ENV_Test_accuracy_strategy_43_epoch17": 0.8301526717557252, "ENV_Test_accuracy_strategy_17_epoch17": 0.8121597096188747, "ENV_Test_accuracy_strategy_93_epoch17": 0.8401109057301294, "ENV_Test_accuracy_per_mean_strategy_epoch17": 0.8486305618766604, "ENV_Test_accuracy_per_mean_user_epoch17": 0.8486211625556573, "ENV_Test_accuracy_per_mean_user_and_bot_epoch17": 0.8608333789445958, "ENV_Train_TotalLoss_epoch18": 501.0871099407663, "ENV_Train_Right action_epoch18": 0.9038321779964222, "ENV_Train_Probability to choose the right action_epoch18": 0.8623490230928157, "ENV_Train_Weighted right action_epoch18": 0.9038321779964222, "ENV_Train_Weighted probability to choose the right action:_epoch18": 0.8623490230928157, "ENV_Test_TotalLoss_epoch18": 241.15988283674733, "ENV_Test_Right action_epoch18": 0.844224, "ENV_Test_Probability to choose the right action_epoch18": 0.8161037983285541, "ENV_Test_Weighted right action_epoch18": 0.8593692501140452, "ENV_Test_Weighted probability to choose the right action:_epoch18": 0.8324015131900403, "ENV_Test_proba_accuracy_epoch18": 0.8161037983285527, "ENV_Test_proba_accuracy_strategy_132_epoch18": 0.8465643813407869, "ENV_Test_proba_accuracy_strategy_23_epoch18": 0.8297318907859293, "ENV_Test_proba_accuracy_strategy_107_epoch18": 0.850072101141781, "ENV_Test_proba_accuracy_strategy_43_epoch18": 0.8059308697699201, "ENV_Test_proba_accuracy_strategy_17_epoch18": 0.7853626078737205, "ENV_Test_proba_accuracy_strategy_93_epoch18": 0.8093617665083293, "ENV_Test_proba_accuracy_per_mean_strategy_epoch18": 0.8211706029034112, "ENV_Test_proba_accuracy_per_mean_user_epoch18": 0.8212836538327717, "ENV_Test_proba_accuracy_per_mean_user_and_bot_epoch18": 0.8324015131900402, "ENV_Test_accuracy_epoch18": 0.844224, "ENV_Test_accuracy_strategy_132_epoch18": 0.8696883852691218, "ENV_Test_accuracy_strategy_23_epoch18": 0.8570043625787688, "ENV_Test_accuracy_strategy_107_epoch18": 0.8735632183908046, "ENV_Test_accuracy_strategy_43_epoch18": 0.8352417302798982, "ENV_Test_accuracy_strategy_17_epoch18": 0.816016333938294, "ENV_Test_accuracy_strategy_93_epoch18": 0.8410351201478743, "ENV_Test_accuracy_per_mean_strategy_epoch18": 0.8487581917674603, "ENV_Test_accuracy_per_mean_user_epoch18": 0.8484033264901576, "ENV_Test_accuracy_per_mean_user_and_bot_epoch18": 0.859369250114045, "ENV_Train_TotalLoss_epoch19": 475.9074922990025, "ENV_Train_Right action_epoch19": 0.9086245457086944, "ENV_Train_Probability to choose the right action_epoch19": 0.8689662286730914, "ENV_Train_Weighted right action_epoch19": 0.9086245457086944, "ENV_Train_Weighted probability to choose the right action:_epoch19": 0.8689662286730914, "ENV_Test_TotalLoss_epoch19": 259.0439637954228, "ENV_Test_Right action_epoch19": 0.8448, "ENV_Test_Probability to choose the right action_epoch19": 0.8242331947582667, "ENV_Test_Weighted right action_epoch19": 0.8612488832190045, "ENV_Test_Weighted probability to choose the right action:_epoch19": 0.8409640492864658, "ENV_Test_proba_accuracy_epoch19": 0.8242331947582675, "ENV_Test_proba_accuracy_strategy_132_epoch19": 0.8523513810593759, "ENV_Test_proba_accuracy_strategy_23_epoch19": 0.8385153468431463, "ENV_Test_proba_accuracy_strategy_107_epoch19": 0.8615481794726907, "ENV_Test_proba_accuracy_strategy_43_epoch19": 0.812931645690961, "ENV_Test_proba_accuracy_strategy_17_epoch19": 0.7931599606656498, "ENV_Test_proba_accuracy_strategy_93_epoch19": 0.8186797633795323, "ENV_Test_proba_accuracy_per_mean_strategy_epoch19": 0.829531046185226, "ENV_Test_proba_accuracy_per_mean_user_epoch19": 0.8304016294734492, "ENV_Test_proba_accuracy_per_mean_user_and_bot_epoch19": 0.8409640492864658, "ENV_Test_accuracy_epoch19": 0.8448, "ENV_Test_accuracy_strategy_132_epoch19": 0.8640226628895185, "ENV_Test_accuracy_strategy_23_epoch19": 0.86055905639037, "ENV_Test_accuracy_strategy_107_epoch19": 0.8768472906403941, "ENV_Test_accuracy_strategy_43_epoch19": 0.8314249363867684, "ENV_Test_accuracy_strategy_17_epoch19": 0.8162431941923775, "ENV_Test_accuracy_strategy_93_epoch19": 0.8410351201478743, "ENV_Test_accuracy_per_mean_strategy_epoch19": 0.8483553767745504, "ENV_Test_accuracy_per_mean_user_epoch19": 0.8515935484646079, "ENV_Test_accuracy_per_mean_user_and_bot_epoch19": 0.8612488832190038, "ENV_Train_TotalLoss_epoch20": 458.28345411289894, "ENV_Train_Right action_epoch20": 0.911752784804819, "ENV_Train_Probability to choose the right action_epoch20": 0.8731987333153118, "ENV_Train_Weighted right action_epoch20": 0.911752784804819, "ENV_Train_Weighted probability to choose the right action:_epoch20": 0.8731987333153118, "ENV_Test_TotalLoss_epoch20": 282.95934923959436, "ENV_Test_Right action_epoch20": 0.837248, "ENV_Test_Probability to choose the right action_epoch20": 0.8201586081043719, "ENV_Test_Weighted right action_epoch20": 0.8556814013611698, "ENV_Test_Weighted probability to choose the right action:_epoch20": 0.8394427508357456, "ENV_Test_proba_accuracy_epoch20": 0.8201586081043724, "ENV_Test_proba_accuracy_strategy_132_epoch20": 0.8513340344562259, "ENV_Test_proba_accuracy_strategy_23_epoch20": 0.83268821440533, "ENV_Test_proba_accuracy_strategy_107_epoch20": 0.8600025425234687, "ENV_Test_proba_accuracy_strategy_43_epoch20": 0.8075961728725667, "ENV_Test_proba_accuracy_strategy_17_epoch20": 0.7894868966208284, "ENV_Test_proba_accuracy_strategy_93_epoch20": 0.8184152951977013, "ENV_Test_proba_accuracy_per_mean_strategy_epoch20": 0.8265871926793537, "ENV_Test_proba_accuracy_per_mean_user_epoch20": 0.8259601226358316, "ENV_Test_proba_accuracy_per_mean_user_and_bot_epoch20": 0.8394427508357462, "ENV_Test_accuracy_epoch20": 0.837248, "ENV_Test_accuracy_strategy_132_epoch20": 0.8662889518413598, "ENV_Test_accuracy_strategy_23_epoch20": 0.8524802068185491, "ENV_Test_accuracy_strategy_107_epoch20": 0.8735632183908046, "ENV_Test_accuracy_strategy_43_epoch20": 0.8225190839694656, "ENV_Test_accuracy_strategy_17_epoch20": 0.8053539019963702, "ENV_Test_accuracy_strategy_93_epoch20": 0.833641404805915, "ENV_Test_accuracy_per_mean_strategy_epoch20": 0.8423077946370774, "ENV_Test_accuracy_per_mean_user_epoch20": 0.8419100540708391, "ENV_Test_accuracy_per_mean_user_and_bot_epoch20": 0.8556814013611708, "ENV_Train_TotalLoss_epoch21": 451.8389362208416, "ENV_Train_Right action_epoch21": 0.9153553760585819, "ENV_Train_Probability to choose the right action_epoch21": 0.8763140092402387, "ENV_Train_Weighted right action_epoch21": 0.9153553760585819, "ENV_Train_Weighted probability to choose the right action:_epoch21": 0.8763140092402387, "ENV_Test_TotalLoss_epoch21": 275.3707118339835, "ENV_Test_Right action_epoch21": 0.834752, "ENV_Test_Probability to choose the right action_epoch21": 0.8113949522081584, "ENV_Test_Weighted right action_epoch21": 0.8510428349932158, "ENV_Test_Weighted probability to choose the right action:_epoch21": 0.8287102861802711, "ENV_Test_proba_accuracy_epoch21": 0.811394952208158, "ENV_Test_proba_accuracy_strategy_132_epoch21": 0.843466894395758, "ENV_Test_proba_accuracy_strategy_23_epoch21": 0.8255128004239995, "ENV_Test_proba_accuracy_strategy_107_epoch21": 0.8534250304459196, "ENV_Test_proba_accuracy_strategy_43_epoch21": 0.800061777896706, "ENV_Test_proba_accuracy_strategy_17_epoch21": 0.778937720921518, "ENV_Test_proba_accuracy_strategy_93_epoch21": 0.8033622048083047, "ENV_Test_proba_accuracy_per_mean_strategy_epoch21": 0.8174610714820342, "ENV_Test_proba_accuracy_per_mean_user_epoch21": 0.8169357197599374, "ENV_Test_proba_accuracy_per_mean_user_and_bot_epoch21": 0.8287102861802702, "ENV_Test_accuracy_epoch21": 0.834752, "ENV_Test_accuracy_strategy_132_epoch21": 0.8640226628895185, "ENV_Test_accuracy_strategy_23_epoch21": 0.8500565519470027, "ENV_Test_accuracy_strategy_107_epoch21": 0.8735632183908046, "ENV_Test_accuracy_strategy_43_epoch21": 0.821882951653944, "ENV_Test_accuracy_strategy_17_epoch21": 0.8044464609800362, "ENV_Test_accuracy_strategy_93_epoch21": 0.8197781885397413, "ENV_Test_accuracy_per_mean_strategy_epoch21": 0.8389583390668413, "ENV_Test_accuracy_per_mean_user_epoch21": 0.8390744080530199, "ENV_Test_accuracy_per_mean_user_and_bot_epoch21": 0.8510428349932161, "ENV_Train_TotalLoss_epoch22": 450.6418848790634, "ENV_Train_Right action_epoch22": 0.914147132413581, "ENV_Train_Probability to choose the right action_epoch22": 0.8770612443604219, "ENV_Train_Weighted right action_epoch22": 0.914147132413581, "ENV_Train_Weighted probability to choose the right action:_epoch22": 0.8770612443604219, "ENV_Test_TotalLoss_epoch22": 300.48792715497297, "ENV_Test_Right action_epoch22": 0.841472, "ENV_Test_Probability to choose the right action_epoch22": 0.8247563761664849, "ENV_Test_Weighted right action_epoch22": 0.8587244898519534, "ENV_Test_Weighted probability to choose the right action:_epoch22": 0.8429464828817472, "ENV_Test_proba_accuracy_epoch22": 0.8247563761664852, "ENV_Test_proba_accuracy_strategy_132_epoch22": 0.85914768215062, "ENV_Test_proba_accuracy_strategy_23_epoch22": 0.837924845788059, "ENV_Test_proba_accuracy_strategy_107_epoch22": 0.8648056273654364, "ENV_Test_proba_accuracy_strategy_43_epoch22": 0.8151740927134052, "ENV_Test_proba_accuracy_strategy_17_epoch22": 0.7921047045636271, "ENV_Test_proba_accuracy_strategy_93_epoch22": 0.8177338350237515, "ENV_Test_proba_accuracy_per_mean_strategy_epoch22": 0.8311484646008164, "ENV_Test_proba_accuracy_per_mean_user_epoch22": 0.8298230845681707, "ENV_Test_proba_accuracy_per_mean_user_and_bot_epoch22": 0.8429464828817472, "ENV_Test_accuracy_epoch22": 0.841472, "ENV_Test_accuracy_strategy_132_epoch22": 0.8702549575070821, "ENV_Test_accuracy_strategy_23_epoch22": 0.8558733236387138, "ENV_Test_accuracy_strategy_107_epoch22": 0.8752052545155994, "ENV_Test_accuracy_strategy_43_epoch22": 0.8352417302798982, "ENV_Test_accuracy_strategy_17_epoch22": 0.8083030852994555, "ENV_Test_accuracy_strategy_93_epoch22": 0.8373382624768947, "ENV_Test_accuracy_per_mean_strategy_epoch22": 0.8470361022862741, "ENV_Test_accuracy_per_mean_user_epoch22": 0.8452298818433993, "ENV_Test_accuracy_per_mean_user_and_bot_epoch22": 0.8587244898519542, "ENV_Train_TotalLoss_epoch23": 431.52005421485813, "ENV_Train_Right action_epoch23": 0.9172909212880143, "ENV_Train_Probability to choose the right action_epoch23": 0.8815639457453827, "ENV_Train_Weighted right action_epoch23": 0.9172909212880143, "ENV_Train_Weighted probability to choose the right action:_epoch23": 0.8815639457453827, "ENV_Test_TotalLoss_epoch23": 317.53862626478605, "ENV_Test_Right action_epoch23": 0.842688, "ENV_Test_Probability to choose the right action_epoch23": 0.8256711768695038, "ENV_Test_Weighted right action_epoch23": 0.8625842728546321, "ENV_Test_Weighted probability to choose the right action:_epoch23": 0.8427470019808779, "ENV_Test_proba_accuracy_epoch23": 0.8256711768695048, "ENV_Test_proba_accuracy_strategy_132_epoch23": 0.8560199508055322, "ENV_Test_proba_accuracy_strategy_23_epoch23": 0.8397372496967308, "ENV_Test_proba_accuracy_strategy_107_epoch23": 0.8625945381713361, "ENV_Test_proba_accuracy_strategy_43_epoch23": 0.8160859216098488, "ENV_Test_proba_accuracy_strategy_17_epoch23": 0.7937660829650078, "ENV_Test_proba_accuracy_strategy_93_epoch23": 0.8188309157249528, "ENV_Test_proba_accuracy_per_mean_strategy_epoch23": 0.8311724431622348, "ENV_Test_proba_accuracy_per_mean_user_epoch23": 0.8305857644895365, "ENV_Test_proba_accuracy_per_mean_user_and_bot_epoch23": 0.8427470019808784, "ENV_Test_accuracy_epoch23": 0.842688, "ENV_Test_accuracy_strategy_132_epoch23": 0.8651558073654391, "ENV_Test_accuracy_strategy_23_epoch23": 0.8589432864760058, "ENV_Test_accuracy_strategy_107_epoch23": 0.8817733990147784, "ENV_Test_accuracy_strategy_43_epoch23": 0.8314249363867684, "ENV_Test_accuracy_strategy_17_epoch23": 0.8117059891107078, "ENV_Test_accuracy_strategy_93_epoch23": 0.833641404805915, "ENV_Test_accuracy_per_mean_strategy_epoch23": 0.8471074705266024, "ENV_Test_accuracy_per_mean_user_epoch23": 0.8477306016986488, "ENV_Test_accuracy_per_mean_user_and_bot_epoch23": 0.8625842728546324, "ENV_Train_TotalLoss_epoch24": 413.8501042277258, "ENV_Train_Right action_epoch24": 0.9205696954449523, "ENV_Train_Probability to choose the right action_epoch24": 0.8858774731735936, "ENV_Train_Weighted right action_epoch24": 0.9205696954449523, "ENV_Train_Weighted probability to choose the right action:_epoch24": 0.8858774731735936, "ENV_Test_TotalLoss_epoch24": 344.84188036066223, "ENV_Test_Right action_epoch24": 0.8384, "ENV_Test_Probability to choose the right action_epoch24": 0.8239574971138915, "ENV_Test_Weighted right action_epoch24": 0.8630339442141596, "ENV_Test_Weighted probability to choose the right action:_epoch24": 0.8452051712936128, "ENV_Test_proba_accuracy_epoch24": 0.8239574971138914, "ENV_Test_proba_accuracy_strategy_132_epoch24": 0.8579122040770205, "ENV_Test_proba_accuracy_strategy_23_epoch24": 0.8371743937732977, "ENV_Test_proba_accuracy_strategy_107_epoch24": 0.8669828024101544, "ENV_Test_proba_accuracy_strategy_43_epoch24": 0.812708447446529, "ENV_Test_proba_accuracy_strategy_17_epoch24": 0.791681676784859, "ENV_Test_proba_accuracy_strategy_93_epoch24": 0.8165854822775284, "ENV_Test_proba_accuracy_per_mean_strategy_epoch24": 0.8305075011282316, "ENV_Test_proba_accuracy_per_mean_user_epoch24": 0.8299327054901466, "ENV_Test_proba_accuracy_per_mean_user_and_bot_epoch24": 0.8452051712936134, "ENV_Test_accuracy_epoch24": 0.8384, "ENV_Test_accuracy_strategy_132_epoch24": 0.8708215297450425, "ENV_Test_accuracy_strategy_23_epoch24": 0.8524802068185491, "ENV_Test_accuracy_strategy_107_epoch24": 0.8883415435139573, "ENV_Test_accuracy_strategy_43_epoch24": 0.8244274809160306, "ENV_Test_accuracy_strategy_17_epoch24": 0.8058076225045372, "ENV_Test_accuracy_strategy_93_epoch24": 0.8299445471349353, "ENV_Test_accuracy_per_mean_strategy_epoch24": 0.8453038217721754, "ENV_Test_accuracy_per_mean_user_epoch24": 0.8447497111610996, "ENV_Test_accuracy_per_mean_user_and_bot_epoch24": 0.8630339442141594, "_wandb": {"runtime": 2670}}