{"ENV_Train_TotalLoss": 684.3782005158228, "ENV_Train_TotalLoss_epoch0": 1064.6315233995272, "ENV_Train_Right action": 0.870350438222508, "ENV_Train_Right action_epoch0": 0.7765587219947169, "ENV_Train_Probability to choose the right action": 0.8137497337436816, "ENV_Train_Probability to choose the right action_epoch0": 0.6926531314175634, "ENV_Train_Weighted right action": 0.870350438222508, "ENV_Train_Weighted right action_epoch0": 0.7765587219947169, "ENV_Train_Weighted probability to choose the right action:": 0.8137497337436816, "ENV_Train_Weighted probability to choose the right action:_epoch0": 0.6926531314175634, "_timestamp": 1720473127.0411968, "_runtime": 2000.8838739395142, "_step": 49, "ENV_Test_TotalLoss": 202.76997309996972, "ENV_Test_TotalLoss_epoch0": 217.05583776937067, "ENV_Test_Right action": 0.830336, "ENV_Test_Right action_epoch0": 0.80032, "ENV_Test_Probability to choose the right action": 0.7860944853080502, "ENV_Test_Probability to choose the right action_epoch0": 0.735450023919992, "ENV_Test_Weighted right action": 0.8559947678713318, "ENV_Test_Weighted right action_epoch0": 0.8392947106793041, "ENV_Test_Weighted probability to choose the right action:": 0.8111174881271932, "ENV_Test_Weighted probability to choose the right action:_epoch0": 0.7748199012882956, "ENV_Test_proba_accuracy": 0.7860944853080505, "ENV_Test_proba_accuracy_epoch0": 0.7354500239199931, "ENV_Test_proba_accuracy_strategy_132": 0.8174074032069226, "ENV_Test_proba_accuracy_strategy_132_epoch0": 0.7817658386616371, "ENV_Test_proba_accuracy_strategy_23": 0.7936620435326434, "ENV_Test_proba_accuracy_strategy_23_epoch0": 0.7383827359074654, "ENV_Test_proba_accuracy_strategy_107": 0.8321386004091583, "ENV_Test_proba_accuracy_strategy_107_epoch0": 0.80990193596561, "ENV_Test_proba_accuracy_strategy_43": 0.7749359227365549, "ENV_Test_proba_accuracy_strategy_43_epoch0": 0.7353883129064114, "ENV_Test_proba_accuracy_strategy_17": 0.7601348582541039, "ENV_Test_proba_accuracy_strategy_17_epoch0": 0.7013506288067678, "ENV_Test_proba_accuracy_strategy_93": 0.7877834985946488, "ENV_Test_proba_accuracy_strategy_93_epoch0": 0.740226328381361, "ENV_Test_proba_accuracy_per_mean_strategy": 0.7943437211223386, "ENV_Test_proba_accuracy_per_mean_strategy_epoch0": 0.7511692967715421, "ENV_Test_proba_accuracy_per_mean_user": 0.7931235022593526, "ENV_Test_proba_accuracy_per_mean_user_epoch0": 0.7484520339689793, "ENV_Test_proba_accuracy_per_mean_user_and_bot": 0.8111174881271938, "ENV_Test_proba_accuracy_per_mean_user_and_bot_epoch0": 0.7748199012882951, "ENV_Test_accuracy": 0.830336, "ENV_Test_accuracy_epoch0": 0.80032, "ENV_Test_accuracy_strategy_132": 0.8583569405099151, "ENV_Test_accuracy_strategy_132_epoch0": 0.8362606232294617, "ENV_Test_accuracy_strategy_23": 0.8387461625464534, "ENV_Test_accuracy_strategy_23_epoch0": 0.8028760704475683, "ENV_Test_accuracy_strategy_107": 0.8752052545155994, "ENV_Test_accuracy_strategy_107_epoch0": 0.8686371100164204, "ENV_Test_accuracy_strategy_43": 0.8187022900763359, "ENV_Test_accuracy_strategy_43_epoch0": 0.7964376590330788, "ENV_Test_accuracy_strategy_17": 0.8055807622504537, "ENV_Test_accuracy_strategy_17_epoch0": 0.7713248638838476, "ENV_Test_accuracy_strategy_93": 0.8290203327171903, "ENV_Test_accuracy_strategy_93_epoch0": 0.8123844731977818, "ENV_Test_accuracy_per_mean_strategy": 0.8376019571026578, "ENV_Test_accuracy_per_mean_strategy_epoch0": 0.8146534666346933, "ENV_Test_accuracy_per_mean_user": 0.8371563958047504, "ENV_Test_accuracy_per_mean_user_epoch0": 0.8113872716147511, "ENV_Test_accuracy_per_mean_user_and_bot": 0.8559947678713321, "ENV_Test_accuracy_per_mean_user_and_bot_epoch0": 0.8392947106793044, "ENV_Train_TotalLoss_epoch1": 939.4202883491067, "ENV_Train_Right action_epoch1": 0.8116885839261009, "ENV_Train_Probability to choose the right action_epoch1": 0.7359409218773215, "ENV_Train_Weighted right action_epoch1": 0.8116885839261009, "ENV_Train_Weighted probability to choose the right action:_epoch1": 0.7359409218773215, "ENV_Test_TotalLoss_epoch1": 204.367800131615, "ENV_Test_Right action_epoch1": 0.809152, "ENV_Test_Probability to choose the right action_epoch1": 0.7520418129417228, "ENV_Test_Weighted right action_epoch1": 0.8477702382540301, "ENV_Test_Weighted probability to choose the right action:_epoch1": 0.7845563076481133, "ENV_Test_proba_accuracy_epoch1": 0.752041812941723, "ENV_Test_proba_accuracy_strategy_132_epoch1": 0.7886836422105116, "ENV_Test_proba_accuracy_strategy_23_epoch1": 0.7578599007417623, "ENV_Test_proba_accuracy_strategy_107_epoch1": 0.8242548029715198, "ENV_Test_proba_accuracy_strategy_43_epoch1": 0.7478704791300942, "ENV_Test_proba_accuracy_strategy_17_epoch1": 0.7203531734409686, "ENV_Test_proba_accuracy_strategy_93_epoch1": 0.7535040816008777, "ENV_Test_proba_accuracy_per_mean_strategy_epoch1": 0.765421013349289, "ENV_Test_proba_accuracy_per_mean_user_epoch1": 0.7595428469539416, "ENV_Test_proba_accuracy_per_mean_user_and_bot_epoch1": 0.7845563076481139, "ENV_Test_accuracy_epoch1": 0.809152, "ENV_Test_accuracy_strategy_132_epoch1": 0.8504249291784702, "ENV_Test_accuracy_strategy_23_epoch1": 0.8098238810793343, "ENV_Test_accuracy_strategy_107_epoch1": 0.8801313628899836, "ENV_Test_accuracy_strategy_43_epoch1": 0.8104325699745547, "ENV_Test_accuracy_strategy_17_epoch1": 0.77994555353902, "ENV_Test_accuracy_strategy_93_epoch1": 0.8151571164510166, "ENV_Test_accuracy_per_mean_strategy_epoch1": 0.8243192355187299, "ENV_Test_accuracy_per_mean_user_epoch1": 0.8169942043191031, "ENV_Test_accuracy_per_mean_user_and_bot_epoch1": 0.8477702382540296, "ENV_Train_TotalLoss_epoch2": 897.9976322978251, "ENV_Train_Right action_epoch2": 0.8208235491445823, "ENV_Train_Probability to choose the right action_epoch2": 0.7488724316147006, "ENV_Train_Weighted right action_epoch2": 0.8208235491445823, "ENV_Train_Weighted probability to choose the right action:_epoch2": 0.7488724316147006, "ENV_Test_TotalLoss_epoch2": 198.41826505333657, "ENV_Test_Right action_epoch2": 0.820416, "ENV_Test_Probability to choose the right action_epoch2": 0.7687809425928737, "ENV_Test_Weighted right action_epoch2": 0.852478677508277, "ENV_Test_Weighted probability to choose the right action:_epoch2": 0.8017768169215022, "ENV_Test_proba_accuracy_epoch2": 0.7687809425928733, "ENV_Test_proba_accuracy_strategy_132_epoch2": 0.8050683222175431, "ENV_Test_proba_accuracy_strategy_23_epoch2": 0.7733602424260637, "ENV_Test_proba_accuracy_strategy_107_epoch2": 0.8458919379436248, "ENV_Test_proba_accuracy_strategy_43_epoch2": 0.7662828713296569, "ENV_Test_proba_accuracy_strategy_17_epoch2": 0.7388075016226595, "ENV_Test_proba_accuracy_strategy_93_epoch2": 0.7657317632478772, "ENV_Test_proba_accuracy_per_mean_strategy_epoch2": 0.7825237731312374, "ENV_Test_proba_accuracy_per_mean_user_epoch2": 0.7786286160755472, "ENV_Test_proba_accuracy_per_mean_user_and_bot_epoch2": 0.8017768169215033, "ENV_Test_accuracy_epoch2": 0.820416, "ENV_Test_accuracy_strategy_132_epoch2": 0.8555240793201133, "ENV_Test_accuracy_strategy_23_epoch2": 0.8266278881887219, "ENV_Test_accuracy_strategy_107_epoch2": 0.8981937602627258, "ENV_Test_accuracy_strategy_43_epoch2": 0.8148854961832062, "ENV_Test_accuracy_strategy_17_epoch2": 0.7901542649727767, "ENV_Test_accuracy_strategy_93_epoch2": 0.8151571164510166, "ENV_Test_accuracy_per_mean_strategy_epoch2": 0.8334237675630934, "ENV_Test_accuracy_per_mean_user_epoch2": 0.8299314744950509, "ENV_Test_accuracy_per_mean_user_and_bot_epoch2": 0.8524786775082762, "ENV_Train_TotalLoss_epoch3": 865.0141840282112, "ENV_Train_Right action_epoch3": 0.8286692759295499, "ENV_Train_Probability to choose the right action_epoch3": 0.7585571866926344, "ENV_Train_Weighted right action_epoch3": 0.8286692759295499, "ENV_Train_Weighted probability to choose the right action:_epoch3": 0.7585571866926344, "ENV_Test_TotalLoss_epoch3": 191.85338603574124, "ENV_Test_Right action_epoch3": 0.823808, "ENV_Test_Probability to choose the right action_epoch3": 0.7718482281791275, "ENV_Test_Weighted right action_epoch3": 0.8537461750065776, "ENV_Test_Weighted probability to choose the right action:_epoch3": 0.801266218211778, "ENV_Test_proba_accuracy_epoch3": 0.7718482281791282, "ENV_Test_proba_accuracy_strategy_132_epoch3": 0.800495675244657, "ENV_Test_proba_accuracy_strategy_23_epoch3": 0.7771605471088339, "ENV_Test_proba_accuracy_strategy_107_epoch3": 0.840871493538852, "ENV_Test_proba_accuracy_strategy_43_epoch3": 0.7711848394264937, "ENV_Test_proba_accuracy_strategy_17_epoch3": 0.7437715653683282, "ENV_Test_proba_accuracy_strategy_93_epoch3": 0.7712280084549779, "ENV_Test_proba_accuracy_per_mean_strategy_epoch3": 0.7841186881903571, "ENV_Test_proba_accuracy_per_mean_user_epoch3": 0.7788354209881593, "ENV_Test_proba_accuracy_per_mean_user_and_bot_epoch3": 0.8012662182117779, "ENV_Test_accuracy_epoch3": 0.823808, "ENV_Test_accuracy_strategy_132_epoch3": 0.8396600566572238, "ENV_Test_accuracy_strategy_23_epoch3": 0.8311520439489417, "ENV_Test_accuracy_strategy_107_epoch3": 0.8949096880131363, "ENV_Test_accuracy_strategy_43_epoch3": 0.8187022900763359, "ENV_Test_accuracy_strategy_17_epoch3": 0.7987749546279492, "ENV_Test_accuracy_strategy_93_epoch3": 0.8253234750462107, "ENV_Test_accuracy_per_mean_strategy_epoch3": 0.8347537513949663, "ENV_Test_accuracy_per_mean_user_epoch3": 0.8302392454563607, "ENV_Test_accuracy_per_mean_user_and_bot_epoch3": 0.8537461750065771, "ENV_Train_TotalLoss_epoch4": 839.6971819343528, "ENV_Train_Right action_epoch4": 0.8354184430869875, "ENV_Train_Probability to choose the right action_epoch4": 0.7664796777765125, "ENV_Train_Weighted right action_epoch4": 0.8354184430869875, "ENV_Train_Weighted probability to choose the right action:_epoch4": 0.7664796777765125, "ENV_Test_TotalLoss_epoch4": 193.96939642386175, "ENV_Test_Right action_epoch4": 0.824192, "ENV_Test_Probability to choose the right action_epoch4": 0.7691212702025465, "ENV_Test_Weighted right action_epoch4": 0.8589969245008765, "ENV_Test_Weighted probability to choose the right action:_epoch4": 0.8010836033653282, "ENV_Test_proba_accuracy_epoch4": 0.7691212702025457, "ENV_Test_proba_accuracy_strategy_132_epoch4": 0.8076441565316431, "ENV_Test_proba_accuracy_strategy_23_epoch4": 0.7712149256112826, "ENV_Test_proba_accuracy_strategy_107_epoch4": 0.8404572423617004, "ENV_Test_proba_accuracy_strategy_43_epoch4": 0.771413842296589, "ENV_Test_proba_accuracy_strategy_17_epoch4": 0.7397278300573603, "ENV_Test_proba_accuracy_strategy_93_epoch4": 0.7705706473630702, "ENV_Test_proba_accuracy_per_mean_strategy_epoch4": 0.783504774036941, "ENV_Test_proba_accuracy_per_mean_user_epoch4": 0.7773402419497176, "ENV_Test_proba_accuracy_per_mean_user_and_bot_epoch4": 0.8010836033653289, "ENV_Test_accuracy_epoch4": 0.824192, "ENV_Test_accuracy_strategy_132_epoch4": 0.8555240793201133, "ENV_Test_accuracy_strategy_23_epoch4": 0.8306673129746324, "ENV_Test_accuracy_strategy_107_epoch4": 0.90311986863711, "ENV_Test_accuracy_strategy_43_epoch4": 0.8307888040712468, "ENV_Test_accuracy_strategy_17_epoch4": 0.7899274047186933, "ENV_Test_accuracy_strategy_93_epoch4": 0.821626617375231, "ENV_Test_accuracy_per_mean_strategy_epoch4": 0.8386090145161712, "ENV_Test_accuracy_per_mean_user_epoch4": 0.831768124140913, "ENV_Test_accuracy_per_mean_user_and_bot_epoch4": 0.858996924500876, "ENV_Train_TotalLoss_epoch5": 823.7026673583516, "ENV_Train_Right action_epoch5": 0.8367207156835337, "ENV_Train_Probability to choose the right action_epoch5": 0.7709889802683475, "ENV_Train_Weighted right action_epoch5": 0.8367207156835337, "ENV_Train_Weighted probability to choose the right action:_epoch5": 0.7709889802683475, "ENV_Test_TotalLoss_epoch5": 187.5424578287129, "ENV_Test_Right action_epoch5": 0.831936, "ENV_Test_Probability to choose the right action_epoch5": 0.7735034442409767, "ENV_Test_Weighted right action_epoch5": 0.8650113141903017, "ENV_Test_Weighted probability to choose the right action:_epoch5": 0.8072456934453416, "ENV_Test_proba_accuracy_epoch5": 0.7735034442409767, "ENV_Test_proba_accuracy_strategy_132_epoch5": 0.8085992077476872, "ENV_Test_proba_accuracy_strategy_23_epoch5": 0.7770483819736022, "ENV_Test_proba_accuracy_strategy_107_epoch5": 0.8448435948867181, "ENV_Test_proba_accuracy_strategy_43_epoch5": 0.7742439240538088, "ENV_Test_proba_accuracy_strategy_17_epoch5": 0.7446103945297821, "ENV_Test_proba_accuracy_strategy_93_epoch5": 0.7724560642976817, "ENV_Test_proba_accuracy_per_mean_strategy_epoch5": 0.78696692791488, "ENV_Test_proba_accuracy_per_mean_user_epoch5": 0.7824864412831672, "ENV_Test_proba_accuracy_per_mean_user_and_bot_epoch5": 0.8072456934453417, "ENV_Test_accuracy_epoch5": 0.831936, "ENV_Test_accuracy_strategy_132_epoch5": 0.8560906515580736, "ENV_Test_accuracy_strategy_23_epoch5": 0.8351914687348522, "ENV_Test_accuracy_strategy_107_epoch5": 0.8932676518883416, "ENV_Test_accuracy_strategy_43_epoch5": 0.8371501272264631, "ENV_Test_accuracy_strategy_17_epoch5": 0.8062613430127041, "ENV_Test_accuracy_strategy_93_epoch5": 0.8364140480591498, "ENV_Test_accuracy_per_mean_strategy_epoch5": 0.8440625484132639, "ENV_Test_accuracy_per_mean_user_epoch5": 0.8396294197486848, "ENV_Test_accuracy_per_mean_user_and_bot_epoch5": 0.8650113141903023, "ENV_Train_TotalLoss_epoch6": 803.5751102743874, "ENV_Train_Right action_epoch6": 0.8436054716427503, "ENV_Train_Probability to choose the right action_epoch6": 0.7774419100536962, "ENV_Train_Weighted right action_epoch6": 0.8436054716427503, "ENV_Train_Weighted probability to choose the right action:_epoch6": 0.7774419100536962, "ENV_Test_TotalLoss_epoch6": 185.95438862335934, "ENV_Test_Right action_epoch6": 0.833536, "ENV_Test_Probability to choose the right action_epoch6": 0.7850368270945097, "ENV_Test_Weighted right action_epoch6": 0.8680605982643409, "ENV_Test_Weighted probability to choose the right action:_epoch6": 0.8148418553714084, "ENV_Test_proba_accuracy_epoch6": 0.7850368270945107, "ENV_Test_proba_accuracy_strategy_132_epoch6": 0.8134575002018849, "ENV_Test_proba_accuracy_strategy_23_epoch6": 0.7899739692530509, "ENV_Test_proba_accuracy_strategy_107_epoch6": 0.8530270623989517, "ENV_Test_proba_accuracy_strategy_43_epoch6": 0.7802515957101417, "ENV_Test_proba_accuracy_strategy_17_epoch6": 0.7588307930604402, "ENV_Test_proba_accuracy_strategy_93_epoch6": 0.7858816215531863, "ENV_Test_proba_accuracy_per_mean_strategy_epoch6": 0.7969037570296092, "ENV_Test_proba_accuracy_per_mean_user_epoch6": 0.7926423338926265, "ENV_Test_proba_accuracy_per_mean_user_and_bot_epoch6": 0.8148418553714081, "ENV_Test_accuracy_epoch6": 0.833536, "ENV_Test_accuracy_strategy_132_epoch6": 0.8526912181303116, "ENV_Test_accuracy_strategy_23_epoch6": 0.8389077395378898, "ENV_Test_accuracy_strategy_107_epoch6": 0.9014778325123153, "ENV_Test_accuracy_strategy_43_epoch6": 0.8403307888040712, "ENV_Test_accuracy_strategy_17_epoch6": 0.8037658802177858, "ENV_Test_accuracy_strategy_93_epoch6": 0.844731977818854, "ENV_Test_accuracy_per_mean_strategy_epoch6": 0.8469842395035379, "ENV_Test_accuracy_per_mean_user_epoch6": 0.8417878916774377, "ENV_Test_accuracy_per_mean_user_and_bot_epoch6": 0.868060598264341, "ENV_Train_TotalLoss_epoch7": 790.549724360756, "ENV_Train_Right action_epoch7": 0.8465473860777187, "ENV_Train_Probability to choose the right action_epoch7": 0.7813715517701696, "ENV_Train_Weighted right action_epoch7": 0.8465473860777187, "ENV_Train_Weighted probability to choose the right action:_epoch7": 0.7813715517701696, "ENV_Test_TotalLoss_epoch7": 190.60520760584166, "ENV_Test_Right action_epoch7": 0.832192, "ENV_Test_Probability to choose the right action_epoch7": 0.7777995612196081, "ENV_Test_Weighted right action_epoch7": 0.861300291689414, "ENV_Test_Weighted probability to choose the right action:_epoch7": 0.8026050913132895, "ENV_Test_proba_accuracy_epoch7": 0.7777995612196092, "ENV_Test_proba_accuracy_strategy_132_epoch7": 0.8061496377456704, "ENV_Test_proba_accuracy_strategy_23_epoch7": 0.7846590344398425, "ENV_Test_proba_accuracy_strategy_107_epoch7": 0.8377435972992564, "ENV_Test_proba_accuracy_strategy_43_epoch7": 0.7689964868768855, "ENV_Test_proba_accuracy_strategy_17_epoch7": 0.7513974509281385, "ENV_Test_proba_accuracy_strategy_93_epoch7": 0.7789288146674265, "ENV_Test_proba_accuracy_per_mean_strategy_epoch7": 0.7879791703262033, "ENV_Test_proba_accuracy_per_mean_user_epoch7": 0.7828719897878815, "ENV_Test_proba_accuracy_per_mean_user_and_bot_epoch7": 0.80260509131329, "ENV_Test_accuracy_epoch7": 0.832192, "ENV_Test_accuracy_strategy_132_epoch7": 0.860056657223796, "ENV_Test_accuracy_strategy_23_epoch7": 0.8340604297947972, "ENV_Test_accuracy_strategy_107_epoch7": 0.8899835796387521, "ENV_Test_accuracy_strategy_43_epoch7": 0.8333333333333334, "ENV_Test_accuracy_strategy_17_epoch7": 0.8060344827586207, "ENV_Test_accuracy_strategy_93_epoch7": 0.8484288354898336, "ENV_Test_accuracy_per_mean_strategy_epoch7": 0.8453162197065222, "ENV_Test_accuracy_per_mean_user_epoch7": 0.8366718330923858, "ENV_Test_accuracy_per_mean_user_and_bot_epoch7": 0.8613002916894139, "ENV_Train_TotalLoss_epoch8": 778.0414626078654, "ENV_Train_Right action_epoch8": 0.8474860569463665, "ENV_Train_Probability to choose the right action_epoch8": 0.7851277545632735, "ENV_Train_Weighted right action_epoch8": 0.8474860569463665, "ENV_Train_Weighted probability to choose the right action:_epoch8": 0.7851277545632735, "ENV_Test_TotalLoss_epoch8": 193.37878737070866, "ENV_Test_Right action_epoch8": 0.834176, "ENV_Test_Probability to choose the right action_epoch8": 0.7884294159909132, "ENV_Test_Weighted right action_epoch8": 0.8619807920617064, "ENV_Test_Weighted probability to choose the right action:_epoch8": 0.8172907246731721, "ENV_Test_proba_accuracy_epoch8": 0.7884294159909125, "ENV_Test_proba_accuracy_strategy_132_epoch8": 0.814891454757909, "ENV_Test_proba_accuracy_strategy_23_epoch8": 0.7944234935701936, "ENV_Test_proba_accuracy_strategy_107_epoch8": 0.854807507893619, "ENV_Test_proba_accuracy_strategy_43_epoch8": 0.78197186332034, "ENV_Test_proba_accuracy_strategy_17_epoch8": 0.7623967515691232, "ENV_Test_proba_accuracy_strategy_93_epoch8": 0.7890543282263305, "ENV_Test_proba_accuracy_per_mean_strategy_epoch8": 0.7995908998895858, "ENV_Test_proba_accuracy_per_mean_user_epoch8": 0.7953855644094604, "ENV_Test_proba_accuracy_per_mean_user_and_bot_epoch8": 0.8172907246731724, "ENV_Test_accuracy_epoch8": 0.834176, "ENV_Test_accuracy_strategy_132_epoch8": 0.851558073654391, "ENV_Test_accuracy_strategy_23_epoch8": 0.8411698174179997, "ENV_Test_accuracy_strategy_107_epoch8": 0.8916256157635468, "ENV_Test_accuracy_strategy_43_epoch8": 0.8333333333333334, "ENV_Test_accuracy_strategy_17_epoch8": 0.8083030852994555, "ENV_Test_accuracy_strategy_93_epoch8": 0.8401109057301294, "ENV_Test_accuracy_per_mean_strategy_epoch8": 0.8443501385331427, "ENV_Test_accuracy_per_mean_user_epoch8": 0.8391983464616624, "ENV_Test_accuracy_per_mean_user_and_bot_epoch8": 0.8619807920617062, "ENV_Train_TotalLoss_epoch9": 765.3058433673918, "ENV_Train_Right action_epoch9": 0.8516820640400286, "ENV_Train_Probability to choose the right action_epoch9": 0.7891179944656184, "ENV_Train_Weighted right action_epoch9": 0.8516820640400286, "ENV_Train_Weighted probability to choose the right action:_epoch9": 0.7891179944656184, "ENV_Test_TotalLoss_epoch9": 185.6096427362555, "ENV_Test_Right action_epoch9": 0.8352, "ENV_Test_Probability to choose the right action_epoch9": 0.7775158681573847, "ENV_Test_Weighted right action_epoch9": 0.8669308057100539, "ENV_Test_Weighted probability to choose the right action:_epoch9": 0.8054795142269736, "ENV_Test_proba_accuracy_epoch9": 0.7775158681573839, "ENV_Test_proba_accuracy_strategy_132_epoch9": 0.8010155758768934, "ENV_Test_proba_accuracy_strategy_23_epoch9": 0.7827040383602516, "ENV_Test_proba_accuracy_strategy_107_epoch9": 0.8436609993913178, "ENV_Test_proba_accuracy_strategy_43_epoch9": 0.7711411200329206, "ENV_Test_proba_accuracy_strategy_17_epoch9": 0.7539399159071354, "ENV_Test_proba_accuracy_strategy_93_epoch9": 0.7775851353836362, "ENV_Test_proba_accuracy_per_mean_strategy_epoch9": 0.7883411308253591, "ENV_Test_proba_accuracy_per_mean_user_epoch9": 0.7837779885627156, "ENV_Test_proba_accuracy_per_mean_user_and_bot_epoch9": 0.805479514226973, "ENV_Test_accuracy_epoch9": 0.8352, "ENV_Test_accuracy_strategy_132_epoch9": 0.8543909348441926, "ENV_Test_accuracy_strategy_23_epoch9": 0.8390693165293263, "ENV_Test_accuracy_strategy_107_epoch9": 0.8981937602627258, "ENV_Test_accuracy_strategy_43_epoch9": 0.8320610687022901, "ENV_Test_accuracy_strategy_17_epoch9": 0.8151088929219601, "ENV_Test_accuracy_strategy_93_epoch9": 0.83271719038817, "ENV_Test_accuracy_per_mean_strategy_epoch9": 0.8452568606081109, "ENV_Test_accuracy_per_mean_user_epoch9": 0.8411734563555981, "ENV_Test_accuracy_per_mean_user_and_bot_epoch9": 0.8669308057100539, "ENV_Train_TotalLoss_epoch10": 758.7402763566923, "ENV_Train_Right action_epoch10": 0.8532289628180039, "ENV_Train_Probability to choose the right action_epoch10": 0.7913809987551275, "ENV_Train_Weighted right action_epoch10": 0.8532289628180039, "ENV_Train_Weighted probability to choose the right action:_epoch10": 0.7913809987551275, "ENV_Test_TotalLoss_epoch10": 191.6898805499445, "ENV_Test_Right action_epoch10": 0.831296, "ENV_Test_Probability to choose the right action_epoch10": 0.7842642419152047, "ENV_Test_Weighted right action_epoch10": 0.8622698513476887, "ENV_Test_Weighted probability to choose the right action:_epoch10": 0.8119612316089244, "ENV_Test_proba_accuracy_epoch10": 0.7842642419152043, "ENV_Test_proba_accuracy_strategy_132_epoch10": 0.8045201880833605, "ENV_Test_proba_accuracy_strategy_23_epoch10": 0.7896082772139562, "ENV_Test_proba_accuracy_strategy_107_epoch10": 0.8515347744367272, "ENV_Test_proba_accuracy_strategy_43_epoch10": 0.7785055979854454, "ENV_Test_proba_accuracy_strategy_17_epoch10": 0.7610613209575103, "ENV_Test_proba_accuracy_strategy_93_epoch10": 0.7856850645424847, "ENV_Test_proba_accuracy_per_mean_strategy_epoch10": 0.7951525372032474, "ENV_Test_proba_accuracy_per_mean_user_epoch10": 0.7911224176465045, "ENV_Test_proba_accuracy_per_mean_user_and_bot_epoch10": 0.8119612316089246, "ENV_Test_accuracy_epoch10": 0.831296, "ENV_Test_accuracy_strategy_132_epoch10": 0.8453257790368272, "ENV_Test_accuracy_strategy_23_epoch10": 0.8368072386492164, "ENV_Test_accuracy_strategy_107_epoch10": 0.9064039408866995, "ENV_Test_accuracy_strategy_43_epoch10": 0.8301526717557252, "ENV_Test_accuracy_strategy_17_epoch10": 0.8053539019963702, "ENV_Test_accuracy_strategy_93_epoch10": 0.8419593345656192, "ENV_Test_accuracy_per_mean_strategy_epoch10": 0.8443338111484096, "ENV_Test_accuracy_per_mean_user_epoch10": 0.8383975653115175, "ENV_Test_accuracy_per_mean_user_and_bot_epoch10": 0.8622698513476879, "ENV_Train_TotalLoss_epoch11": 746.0103049917404, "ENV_Train_Right action_epoch11": 0.8543611965334079, "ENV_Train_Probability to choose the right action_epoch11": 0.7946102816244199, "ENV_Train_Weighted right action_epoch11": 0.8543611965334079, "ENV_Train_Weighted probability to choose the right action:_epoch11": 0.7946102816244199, "ENV_Test_TotalLoss_epoch11": 189.53346048532669, "ENV_Test_Right action_epoch11": 0.835648, "ENV_Test_Probability to choose the right action_epoch11": 0.7858161484163845, "ENV_Test_Weighted right action_epoch11": 0.8636409154171282, "ENV_Test_Weighted probability to choose the right action:_epoch11": 0.8129378696526136, "ENV_Test_proba_accuracy_epoch11": 0.7858161484163849, "ENV_Test_proba_accuracy_strategy_132_epoch11": 0.8121565271299364, "ENV_Test_proba_accuracy_strategy_23_epoch11": 0.7924159157270727, "ENV_Test_proba_accuracy_strategy_107_epoch11": 0.850336968980708, "ENV_Test_proba_accuracy_strategy_43_epoch11": 0.7767913151231608, "ENV_Test_proba_accuracy_strategy_17_epoch11": 0.7601792193868092, "ENV_Test_proba_accuracy_strategy_93_epoch11": 0.7863380643686783, "ENV_Test_proba_accuracy_per_mean_strategy_epoch11": 0.7963696684527276, "ENV_Test_proba_accuracy_per_mean_user_epoch11": 0.7914440342480888, "ENV_Test_proba_accuracy_per_mean_user_and_bot_epoch11": 0.8129378696526134, "ENV_Test_accuracy_epoch11": 0.835648, "ENV_Test_accuracy_strategy_132_epoch11": 0.8623229461756374, "ENV_Test_accuracy_strategy_23_epoch11": 0.8395540475036355, "ENV_Test_accuracy_strategy_107_epoch11": 0.90311986863711, "ENV_Test_accuracy_strategy_43_epoch11": 0.8352417302798982, "ENV_Test_accuracy_strategy_17_epoch11": 0.8114791288566243, "ENV_Test_accuracy_strategy_93_epoch11": 0.8308687615526802, "ENV_Test_accuracy_per_mean_strategy_epoch11": 0.8470977471675977, "ENV_Test_accuracy_per_mean_user_epoch11": 0.840103499493542, "ENV_Test_accuracy_per_mean_user_and_bot_epoch11": 0.8636409154171282, "ENV_Train_TotalLoss_epoch12": 738.5855855890601, "ENV_Train_Right action_epoch12": 0.8587182891886226, "ENV_Train_Probability to choose the right action_epoch12": 0.7973744538874923, "ENV_Train_Weighted right action_epoch12": 0.8587182891886226, "ENV_Train_Weighted probability to choose the right action:_epoch12": 0.7973744538874923, "ENV_Test_TotalLoss_epoch12": 196.09319850453616, "ENV_Test_Right action_epoch12": 0.835136, "ENV_Test_Probability to choose the right action_epoch12": 0.7925165370856464, "ENV_Test_Weighted right action_epoch12": 0.8618897628161933, "ENV_Test_Weighted probability to choose the right action:_epoch12": 0.8207559731919871, "ENV_Test_proba_accuracy_epoch12": 0.792516537085647, "ENV_Test_proba_accuracy_strategy_132_epoch12": 0.8170250550554929, "ENV_Test_proba_accuracy_strategy_23_epoch12": 0.7986800940150932, "ENV_Test_proba_accuracy_strategy_107_epoch12": 0.8556942460286986, "ENV_Test_proba_accuracy_strategy_43_epoch12": 0.785559975782572, "ENV_Test_proba_accuracy_strategy_17_epoch12": 0.7677917802262411, "ENV_Test_proba_accuracy_strategy_93_epoch12": 0.792556675537825, "ENV_Test_proba_accuracy_per_mean_strategy_epoch12": 0.8028846377743205, "ENV_Test_proba_accuracy_per_mean_user_epoch12": 0.7983779324476518, "ENV_Test_proba_accuracy_per_mean_user_and_bot_epoch12": 0.8207559731919879, "ENV_Test_accuracy_epoch12": 0.835136, "ENV_Test_accuracy_strategy_132_epoch12": 0.8521246458923513, "ENV_Test_accuracy_strategy_23_epoch12": 0.8426240103409275, "ENV_Test_accuracy_strategy_107_epoch12": 0.8932676518883416, "ENV_Test_accuracy_strategy_43_epoch12": 0.8320610687022901, "ENV_Test_accuracy_strategy_17_epoch12": 0.8121597096188747, "ENV_Test_accuracy_strategy_93_epoch12": 0.8299445471349353, "ENV_Test_accuracy_per_mean_strategy_epoch12": 0.8436969389296199, "ENV_Test_accuracy_per_mean_user_epoch12": 0.8386942893211863, "ENV_Test_accuracy_per_mean_user_and_bot_epoch12": 0.8618897628161928, "ENV_Train_TotalLoss_epoch13": 729.6322310286948, "ENV_Train_Right action_epoch13": 0.860233689271538, "ENV_Train_Probability to choose the right action_epoch13": 0.8005042094973585, "ENV_Train_Weighted right action_epoch13": 0.860233689271538, "ENV_Train_Weighted probability to choose the right action:_epoch13": 0.8005042094973585, "ENV_Test_TotalLoss_epoch13": 192.53504987440922, "ENV_Test_Right action_epoch13": 0.834368, "ENV_Test_Probability to choose the right action_epoch13": 0.7895462038042007, "ENV_Test_Weighted right action_epoch13": 0.8644623356850031, "ENV_Test_Weighted probability to choose the right action:_epoch13": 0.8187187027329178, "ENV_Test_proba_accuracy_epoch13": 0.7895462038042007, "ENV_Test_proba_accuracy_strategy_132_epoch13": 0.8161129548737853, "ENV_Test_proba_accuracy_strategy_23_epoch13": 0.7943246978624952, "ENV_Test_proba_accuracy_strategy_107_epoch13": 0.8498654465315253, "ENV_Test_proba_accuracy_strategy_43_epoch13": 0.7852787048173346, "ENV_Test_proba_accuracy_strategy_17_epoch13": 0.764968543406105, "ENV_Test_proba_accuracy_strategy_93_epoch13": 0.7912541532095784, "ENV_Test_proba_accuracy_per_mean_strategy_epoch13": 0.8003007501168039, "ENV_Test_proba_accuracy_per_mean_user_epoch13": 0.7970040785536656, "ENV_Test_proba_accuracy_per_mean_user_and_bot_epoch13": 0.8187187027329177, "ENV_Test_accuracy_epoch13": 0.834368, "ENV_Test_accuracy_strategy_132_epoch13": 0.8521246458923513, "ENV_Test_accuracy_strategy_23_epoch13": 0.8402003554693812, "ENV_Test_accuracy_strategy_107_epoch13": 0.8949096880131363, "ENV_Test_accuracy_strategy_43_epoch13": 0.8307888040712468, "ENV_Test_accuracy_strategy_17_epoch13": 0.8112522686025408, "ENV_Test_accuracy_strategy_93_epoch13": 0.8373382624768947, "ENV_Test_accuracy_per_mean_strategy_epoch13": 0.8444356707542585, "ENV_Test_accuracy_per_mean_user_epoch13": 0.8405077224386549, "ENV_Test_accuracy_per_mean_user_and_bot_epoch13": 0.8644623356850025, "ENV_Train_TotalLoss_epoch14": 721.877825365972, "ENV_Train_Right action_epoch14": 0.8609527004360953, "ENV_Train_Probability to choose the right action_epoch14": 0.8021839865255286, "ENV_Train_Weighted right action_epoch14": 0.8609527004360953, "ENV_Train_Weighted probability to choose the right action:_epoch14": 0.8021839865255286, "ENV_Test_TotalLoss_epoch14": 193.0481672273621, "ENV_Test_Right action_epoch14": 0.834368, "ENV_Test_Probability to choose the right action_epoch14": 0.792532208646073, "ENV_Test_Weighted right action_epoch14": 0.8634692583130157, "ENV_Test_Weighted probability to choose the right action:_epoch14": 0.821289138177125, "ENV_Test_proba_accuracy_epoch14": 0.7925322086460725, "ENV_Test_proba_accuracy_strategy_132_epoch14": 0.8182675570538941, "ENV_Test_proba_accuracy_strategy_23_epoch14": 0.7951541029473201, "ENV_Test_proba_accuracy_strategy_107_epoch14": 0.8595732444727421, "ENV_Test_proba_accuracy_strategy_43_epoch14": 0.7866238036886439, "ENV_Test_proba_accuracy_strategy_17_epoch14": 0.7702382658552719, "ENV_Test_proba_accuracy_strategy_93_epoch14": 0.7972289996130392, "ENV_Test_proba_accuracy_per_mean_strategy_epoch14": 0.8045143289384852, "ENV_Test_proba_accuracy_per_mean_user_epoch14": 0.7988703122627451, "ENV_Test_proba_accuracy_per_mean_user_and_bot_epoch14": 0.8212891381771252, "ENV_Test_accuracy_epoch14": 0.834368, "ENV_Test_accuracy_strategy_132_epoch14": 0.8560906515580736, "ENV_Test_accuracy_strategy_23_epoch14": 0.8361609306834706, "ENV_Test_accuracy_strategy_107_epoch14": 0.8998357963875205, "ENV_Test_accuracy_strategy_43_epoch14": 0.8282442748091603, "ENV_Test_accuracy_strategy_17_epoch14": 0.8135208711433757, "ENV_Test_accuracy_strategy_93_epoch14": 0.8456561922365989, "ENV_Test_accuracy_per_mean_strategy_epoch14": 0.8465847861363667, "ENV_Test_accuracy_per_mean_user_epoch14": 0.8391364116495846, "ENV_Test_accuracy_per_mean_user_and_bot_epoch14": 0.8634692583130158, "ENV_Train_TotalLoss_epoch15": 717.1871177082413, "ENV_Train_Right action_epoch15": 0.8641020981562504, "ENV_Train_Probability to choose the right action_epoch15": 0.8043569782805275, "ENV_Train_Weighted right action_epoch15": 0.8641020981562504, "ENV_Train_Weighted probability to choose the right action:_epoch15": 0.8043569782805275, "ENV_Test_TotalLoss_epoch15": 195.58036865345187, "ENV_Test_Right action_epoch15": 0.83232, "ENV_Test_Probability to choose the right action_epoch15": 0.7934980611091932, "ENV_Test_Weighted right action_epoch15": 0.860181703329472, "ENV_Test_Weighted probability to choose the right action:_epoch15": 0.8212260640262093, "ENV_Test_proba_accuracy_epoch15": 0.7934980611091941, "ENV_Test_proba_accuracy_strategy_132_epoch15": 0.8240370939171833, "ENV_Test_proba_accuracy_strategy_23_epoch15": 0.7998297645695048, "ENV_Test_proba_accuracy_strategy_107_epoch15": 0.8530676549286018, "ENV_Test_proba_accuracy_strategy_43_epoch15": 0.7840782474155374, "ENV_Test_proba_accuracy_strategy_17_epoch15": 0.7678880578918246, "ENV_Test_proba_accuracy_strategy_93_epoch15": 0.7919552265903473, "ENV_Test_proba_accuracy_per_mean_strategy_epoch15": 0.8034760075521666, "ENV_Test_proba_accuracy_per_mean_user_epoch15": 0.7991485062694825, "ENV_Test_proba_accuracy_per_mean_user_and_bot_epoch15": 0.8212260640262101, "ENV_Test_accuracy_epoch15": 0.83232, "ENV_Test_accuracy_strategy_132_epoch15": 0.860056657223796, "ENV_Test_accuracy_strategy_23_epoch15": 0.8372919696235256, "ENV_Test_accuracy_strategy_107_epoch15": 0.8883415435139573, "ENV_Test_accuracy_strategy_43_epoch15": 0.8155216284987278, "ENV_Test_accuracy_strategy_17_epoch15": 0.8123865698729582, "ENV_Test_accuracy_strategy_93_epoch15": 0.83271719038817, "ENV_Test_accuracy_per_mean_strategy_epoch15": 0.8410525931868559, "ENV_Test_accuracy_per_mean_user_epoch15": 0.8374258990776016, "ENV_Test_accuracy_per_mean_user_and_bot_epoch15": 0.8601817033294703, "ENV_Train_TotalLoss_epoch16": 709.7855070825548, "ENV_Train_Right action_epoch16": 0.8643835616438356, "ENV_Train_Probability to choose the right action_epoch16": 0.8063064177517448, "ENV_Train_Weighted right action_epoch16": 0.8643835616438356, "ENV_Train_Weighted probability to choose the right action:_epoch16": 0.8063064177517448, "ENV_Test_TotalLoss_epoch16": 193.95993846528398, "ENV_Test_Right action_epoch16": 0.83968, "ENV_Test_Probability to choose the right action_epoch16": 0.7926804661661655, "ENV_Test_Weighted right action_epoch16": 0.8687979203968578, "ENV_Test_Weighted probability to choose the right action:_epoch16": 0.8199116308821153, "ENV_Test_proba_accuracy_epoch16": 0.792680466166164, "ENV_Test_proba_accuracy_strategy_132_epoch16": 0.8205286537425788, "ENV_Test_proba_accuracy_strategy_23_epoch16": 0.8001823895480497, "ENV_Test_proba_accuracy_strategy_107_epoch16": 0.851955252415332, "ENV_Test_proba_accuracy_strategy_43_epoch16": 0.7822720103663608, "ENV_Test_proba_accuracy_strategy_17_epoch16": 0.7674539559529212, "ENV_Test_proba_accuracy_strategy_93_epoch16": 0.7888733957675149, "ENV_Test_proba_accuracy_per_mean_strategy_epoch16": 0.8018776096321263, "ENV_Test_proba_accuracy_per_mean_user_epoch16": 0.7999990401560166, "ENV_Test_proba_accuracy_per_mean_user_and_bot_epoch16": 0.819911630882116, "ENV_Test_accuracy_epoch16": 0.83968, "ENV_Test_accuracy_strategy_132_epoch16": 0.8611898016997167, "ENV_Test_accuracy_strategy_23_epoch16": 0.8461787041525287, "ENV_Test_accuracy_strategy_107_epoch16": 0.9014778325123153, "ENV_Test_accuracy_strategy_43_epoch16": 0.8352417302798982, "ENV_Test_accuracy_strategy_17_epoch16": 0.816470054446461, "ENV_Test_accuracy_strategy_93_epoch16": 0.833641404805915, "ENV_Test_accuracy_per_mean_strategy_epoch16": 0.8490332546494725, "ENV_Test_accuracy_per_mean_user_epoch16": 0.8459932729857681, "ENV_Test_accuracy_per_mean_user_and_bot_epoch16": 0.8687979203968571, "ENV_Train_TotalLoss_epoch17": 703.3902966772196, "ENV_Train_Right action_epoch17": 0.8638542933422793, "ENV_Train_Probability to choose the right action_epoch17": 0.8072762953673738, "ENV_Train_Weighted right action_epoch17": 0.8638542933422793, "ENV_Train_Weighted probability to choose the right action:_epoch17": 0.8072762953673738, "ENV_Test_TotalLoss_epoch17": 195.01122845937172, "ENV_Test_Right action_epoch17": 0.834176, "ENV_Test_Probability to choose the right action_epoch17": 0.7944549260509672, "ENV_Test_Weighted right action_epoch17": 0.8611435188040455, "ENV_Test_Weighted probability to choose the right action:_epoch17": 0.8211974871361818, "ENV_Test_proba_accuracy_epoch17": 0.7944549260509682, "ENV_Test_proba_accuracy_strategy_132_epoch17": 0.8223485257893586, "ENV_Test_proba_accuracy_strategy_23_epoch17": 0.7998515274549661, "ENV_Test_proba_accuracy_strategy_107_epoch17": 0.8571811552059622, "ENV_Test_proba_accuracy_strategy_43_epoch17": 0.7833212918890278, "ENV_Test_proba_accuracy_strategy_17_epoch17": 0.7693758375169489, "ENV_Test_proba_accuracy_strategy_93_epoch17": 0.8011265082852886, "ENV_Test_proba_accuracy_per_mean_strategy_epoch17": 0.805534141023592, "ENV_Test_proba_accuracy_per_mean_user_epoch17": 0.8016136423181235, "ENV_Test_proba_accuracy_per_mean_user_and_bot_epoch17": 0.8211974871361809, "ENV_Test_accuracy_epoch17": 0.834176, "ENV_Test_accuracy_strategy_132_epoch17": 0.8611898016997167, "ENV_Test_accuracy_strategy_23_epoch17": 0.8372919696235256, "ENV_Test_accuracy_strategy_107_epoch17": 0.8916256157635468, "ENV_Test_accuracy_strategy_43_epoch17": 0.821882951653944, "ENV_Test_accuracy_strategy_17_epoch17": 0.8123865698729582, "ENV_Test_accuracy_strategy_93_epoch17": 0.8465804066543438, "ENV_Test_accuracy_per_mean_strategy_epoch17": 0.8451595525446726, "ENV_Test_accuracy_per_mean_user_epoch17": 0.8404788787243026, "ENV_Test_accuracy_per_mean_user_and_bot_epoch17": 0.861143518804046, "ENV_Train_TotalLoss_epoch18": 698.5000016425141, "ENV_Train_Right action_epoch18": 0.867827496576204, "ENV_Train_Probability to choose the right action_epoch18": 0.8096946194592368, "ENV_Train_Weighted right action_epoch18": 0.867827496576204, "ENV_Train_Weighted probability to choose the right action:_epoch18": 0.8096946194592368, "ENV_Test_TotalLoss_epoch18": 193.71777479341756, "ENV_Test_Right action_epoch18": 0.838208, "ENV_Test_Probability to choose the right action_epoch18": 0.7959197021924004, "ENV_Test_Weighted right action_epoch18": 0.8647499886450204, "ENV_Test_Weighted probability to choose the right action:_epoch18": 0.8206023997452262, "ENV_Test_proba_accuracy_epoch18": 0.7959197021924012, "ENV_Test_proba_accuracy_strategy_132_epoch18": 0.8228206217272722, "ENV_Test_proba_accuracy_strategy_23_epoch18": 0.8015371540600421, "ENV_Test_proba_accuracy_strategy_107_epoch18": 0.8445779957117436, "ENV_Test_proba_accuracy_strategy_43_epoch18": 0.7867718888809878, "ENV_Test_proba_accuracy_strategy_17_epoch18": 0.7720442030478641, "ENV_Test_proba_accuracy_strategy_93_epoch18": 0.8030769382492435, "ENV_Test_proba_accuracy_per_mean_strategy_epoch18": 0.8051381336128589, "ENV_Test_proba_accuracy_per_mean_user_epoch18": 0.8019280559213875, "ENV_Test_proba_accuracy_per_mean_user_and_bot_epoch18": 0.8206023997452261, "ENV_Test_accuracy_epoch18": 0.838208, "ENV_Test_accuracy_strategy_132_epoch18": 0.8594900849858357, "ENV_Test_accuracy_strategy_23_epoch18": 0.8400387784779447, "ENV_Test_accuracy_strategy_107_epoch18": 0.8866995073891626, "ENV_Test_accuracy_strategy_43_epoch18": 0.8288804071246819, "ENV_Test_accuracy_strategy_17_epoch18": 0.8203266787658802, "ENV_Test_accuracy_strategy_93_epoch18": 0.8521256931608133, "ENV_Test_accuracy_per_mean_strategy_epoch18": 0.8479268583173863, "ENV_Test_accuracy_per_mean_user_epoch18": 0.8433670595356336, "ENV_Test_accuracy_per_mean_user_and_bot_epoch18": 0.8647499886450202, "ENV_Train_TotalLoss_epoch19": 701.6583960575227, "ENV_Train_Right action_epoch19": 0.8657114900754822, "ENV_Train_Probability to choose the right action_epoch19": 0.8084281795950498, "ENV_Train_Weighted right action_epoch19": 0.8657114900754822, "ENV_Train_Weighted probability to choose the right action:_epoch19": 0.8084281795950498, "ENV_Test_TotalLoss_epoch19": 192.3588943738722, "ENV_Test_Right action_epoch19": 0.83872, "ENV_Test_Probability to choose the right action_epoch19": 0.7899355757113122, "ENV_Test_Weighted right action_epoch19": 0.8671882469982305, "ENV_Test_Weighted probability to choose the right action:_epoch19": 0.8118927033901353, "ENV_Test_proba_accuracy_epoch19": 0.7899355757113122, "ENV_Test_proba_accuracy_strategy_132_epoch19": 0.8135079329355854, "ENV_Test_proba_accuracy_strategy_23_epoch19": 0.7979585364370219, "ENV_Test_proba_accuracy_strategy_107_epoch19": 0.8379034998198402, "ENV_Test_proba_accuracy_strategy_43_epoch19": 0.7820738722255464, "ENV_Test_proba_accuracy_strategy_17_epoch19": 0.7658659969809936, "ENV_Test_proba_accuracy_strategy_93_epoch19": 0.7880737649058741, "ENV_Test_proba_accuracy_per_mean_strategy_epoch19": 0.7975639338841436, "ENV_Test_proba_accuracy_per_mean_user_epoch19": 0.7947220960499627, "ENV_Test_proba_accuracy_per_mean_user_and_bot_epoch19": 0.8118927033901374, "ENV_Test_accuracy_epoch19": 0.83872, "ENV_Test_accuracy_strategy_132_epoch19": 0.8611898016997167, "ENV_Test_accuracy_strategy_23_epoch19": 0.8440782032638552, "ENV_Test_accuracy_strategy_107_epoch19": 0.8932676518883416, "ENV_Test_accuracy_strategy_43_epoch19": 0.839058524173028, "ENV_Test_accuracy_strategy_17_epoch19": 0.8148820326678766, "ENV_Test_accuracy_strategy_93_epoch19": 0.8373382624768947, "ENV_Test_accuracy_per_mean_strategy_epoch19": 0.8483024126949522, "ENV_Test_accuracy_per_mean_user_epoch19": 0.8445744649251623, "ENV_Test_accuracy_per_mean_user_and_bot_epoch19": 0.8671882469982304, "ENV_Train_TotalLoss_epoch20": 695.5884908493204, "ENV_Train_Right action_epoch20": 0.8669555493430249, "ENV_Train_Probability to choose the right action_epoch20": 0.8098201185098535, "ENV_Train_Weighted right action_epoch20": 0.8669555493430249, "ENV_Train_Weighted probability to choose the right action:_epoch20": 0.8098201185098535, "ENV_Test_TotalLoss_epoch20": 198.3991264660557, "ENV_Test_Right action_epoch20": 0.834304, "ENV_Test_Probability to choose the right action_epoch20": 0.7941091697241986, "ENV_Test_Weighted right action_epoch20": 0.8612019482305284, "ENV_Test_Weighted probability to choose the right action:_epoch20": 0.8194844916264389, "ENV_Test_proba_accuracy_epoch20": 0.7941091697241984, "ENV_Test_proba_accuracy_strategy_132_epoch20": 0.8219929795506371, "ENV_Test_proba_accuracy_strategy_23_epoch20": 0.8004382799328316, "ENV_Test_proba_accuracy_strategy_107_epoch20": 0.845018987545999, "ENV_Test_proba_accuracy_strategy_43_epoch20": 0.7892655453631711, "ENV_Test_proba_accuracy_strategy_17_epoch20": 0.7700253501677554, "ENV_Test_proba_accuracy_strategy_93_epoch20": 0.7889204337001348, "ENV_Test_proba_accuracy_per_mean_strategy_epoch20": 0.8026102627100881, "ENV_Test_proba_accuracy_per_mean_user_epoch20": 0.801078505282122, "ENV_Test_proba_accuracy_per_mean_user_and_bot_epoch20": 0.8194844916264393, "ENV_Test_accuracy_epoch20": 0.834304, "ENV_Test_accuracy_strategy_132_epoch20": 0.8589235127478754, "ENV_Test_accuracy_strategy_23_epoch20": 0.8402003554693812, "ENV_Test_accuracy_strategy_107_epoch20": 0.8866995073891626, "ENV_Test_accuracy_strategy_43_epoch20": 0.8295165394402035, "ENV_Test_accuracy_strategy_17_epoch20": 0.8107985480943739, "ENV_Test_accuracy_strategy_93_epoch20": 0.833641404805915, "ENV_Test_accuracy_per_mean_strategy_epoch20": 0.8432966446578186, "ENV_Test_accuracy_per_mean_user_epoch20": 0.8413408646884563, "ENV_Test_accuracy_per_mean_user_and_bot_epoch20": 0.8612019482305286, "ENV_Train_TotalLoss_epoch21": 688.0539381825653, "ENV_Train_Right action_epoch21": 0.8703947000614972, "ENV_Train_Probability to choose the right action_epoch21": 0.8133240649004322, "ENV_Train_Weighted right action_epoch21": 0.8703947000614972, "ENV_Train_Weighted probability to choose the right action:_epoch21": 0.8133240649004322, "ENV_Test_TotalLoss_epoch21": 199.05017650751282, "ENV_Test_Right action_epoch21": 0.834048, "ENV_Test_Probability to choose the right action_epoch21": 0.7876848540061696, "ENV_Test_Weighted right action_epoch21": 0.8593091242234825, "ENV_Test_Weighted probability to choose the right action:_epoch21": 0.8114690278295847, "ENV_Test_proba_accuracy_epoch21": 0.7876848540061689, "ENV_Test_proba_accuracy_strategy_132_epoch21": 0.8157392692844763, "ENV_Test_proba_accuracy_strategy_23_epoch21": 0.7923781441524809, "ENV_Test_proba_accuracy_strategy_107_epoch21": 0.8377482407596631, "ENV_Test_proba_accuracy_strategy_43_epoch21": 0.7779262306603805, "ENV_Test_proba_accuracy_strategy_17_epoch21": 0.7653368866509408, "ENV_Test_proba_accuracy_strategy_93_epoch21": 0.7921201384671748, "ENV_Test_proba_accuracy_per_mean_strategy_epoch21": 0.796874818329186, "ENV_Test_proba_accuracy_per_mean_user_epoch21": 0.7941706339346769, "ENV_Test_proba_accuracy_per_mean_user_and_bot_epoch21": 0.8114690278295863, "ENV_Test_accuracy_epoch21": 0.834048, "ENV_Test_accuracy_strategy_132_epoch21": 0.860056657223796, "ENV_Test_accuracy_strategy_23_epoch21": 0.8376151236063984, "ENV_Test_accuracy_strategy_107_epoch21": 0.8866995073891626, "ENV_Test_accuracy_strategy_43_epoch21": 0.8225190839694656, "ENV_Test_accuracy_strategy_17_epoch21": 0.8135208711433757, "ENV_Test_accuracy_strategy_93_epoch21": 0.8419593345656192, "ENV_Test_accuracy_per_mean_strategy_epoch21": 0.8437284296496363, "ENV_Test_accuracy_per_mean_user_epoch21": 0.838787838644545, "ENV_Test_accuracy_per_mean_user_and_bot_epoch21": 0.8593091242234822, "ENV_Train_TotalLoss_epoch22": 689.6546438878313, "ENV_Train_Right action_epoch22": 0.8693178641319541, "ENV_Train_Probability to choose the right action_epoch22": 0.8116752374330767, "ENV_Train_Weighted right action_epoch22": 0.8693178641319541, "ENV_Train_Weighted probability to choose the right action:_epoch22": 0.8116752374330767, "ENV_Test_TotalLoss_epoch22": 197.6125206279602, "ENV_Test_Right action_epoch22": 0.83104, "ENV_Test_Probability to choose the right action_epoch22": 0.786905931219482, "ENV_Test_Weighted right action_epoch22": 0.8594474650659507, "ENV_Test_Weighted probability to choose the right action:_epoch22": 0.8155662728170096, "ENV_Test_proba_accuracy_epoch22": 0.7869059312194824, "ENV_Test_proba_accuracy_strategy_132_epoch22": 0.8174801892671113, "ENV_Test_proba_accuracy_strategy_23_epoch22": 0.7908795792896531, "ENV_Test_proba_accuracy_strategy_107_epoch22": 0.8420280414501475, "ENV_Test_proba_accuracy_strategy_43_epoch22": 0.7795307341722412, "ENV_Test_proba_accuracy_strategy_17_epoch22": 0.7636260340155042, "ENV_Test_proba_accuracy_strategy_93_epoch22": 0.7888336189667758, "ENV_Test_proba_accuracy_per_mean_strategy_epoch22": 0.7970630328602387, "ENV_Test_proba_accuracy_per_mean_user_epoch22": 0.7946365382208053, "ENV_Test_proba_accuracy_per_mean_user_and_bot_epoch22": 0.8155662728170087, "ENV_Test_accuracy_epoch22": 0.83104, "ENV_Test_accuracy_strategy_132_epoch22": 0.8521246458923513, "ENV_Test_accuracy_strategy_23_epoch22": 0.8347067377605429, "ENV_Test_accuracy_strategy_107_epoch22": 0.8850574712643678, "ENV_Test_accuracy_strategy_43_epoch22": 0.8187022900763359, "ENV_Test_accuracy_strategy_17_epoch22": 0.8121597096188747, "ENV_Test_accuracy_strategy_93_epoch22": 0.8401109057301294, "ENV_Test_accuracy_per_mean_strategy_epoch22": 0.8404769600571003, "ENV_Test_accuracy_per_mean_user_epoch22": 0.8385972291689261, "ENV_Test_accuracy_per_mean_user_and_bot_epoch22": 0.8594474650659507, "ENV_Train_TotalLoss_epoch23": 686.3809460156787, "ENV_Train_Right action_epoch23": 0.8691714189869172, "ENV_Train_Probability to choose the right action_epoch23": 0.8125480754745619, "ENV_Train_Weighted right action_epoch23": 0.8691714189869172, "ENV_Train_Weighted probability to choose the right action:_epoch23": 0.8125480754745619, "ENV_Test_TotalLoss_epoch23": 194.3655068407369, "ENV_Test_Right action_epoch23": 0.836608, "ENV_Test_Probability to choose the right action_epoch23": 0.7896439005333472, "ENV_Test_Weighted right action_epoch23": 0.8658653879441429, "ENV_Test_Weighted probability to choose the right action:_epoch23": 0.8165538777306685, "ENV_Test_proba_accuracy_epoch23": 0.7896439005333474, "ENV_Test_proba_accuracy_strategy_132_epoch23": 0.819982702947787, "ENV_Test_proba_accuracy_strategy_23_epoch23": 0.7938553555550718, "ENV_Test_proba_accuracy_strategy_107_epoch23": 0.8420555333784614, "ENV_Test_proba_accuracy_strategy_43_epoch23": 0.7817091773378101, "ENV_Test_proba_accuracy_strategy_17_epoch23": 0.765860354173208, "ENV_Test_proba_accuracy_strategy_93_epoch23": 0.7949857595215795, "ENV_Test_proba_accuracy_per_mean_strategy_epoch23": 0.799741480485653, "ENV_Test_proba_accuracy_per_mean_user_epoch23": 0.7978611816625851, "ENV_Test_proba_accuracy_per_mean_user_and_bot_epoch23": 0.8165538777306679, "ENV_Test_accuracy_epoch23": 0.836608, "ENV_Test_accuracy_strategy_132_epoch23": 0.8674220963172804, "ENV_Test_accuracy_strategy_23_epoch23": 0.8382614315721442, "ENV_Test_accuracy_strategy_107_epoch23": 0.8899835796387521, "ENV_Test_accuracy_strategy_43_epoch23": 0.8295165394402035, "ENV_Test_accuracy_strategy_17_epoch23": 0.8148820326678766, "ENV_Test_accuracy_strategy_93_epoch23": 0.8456561922365989, "ENV_Test_accuracy_per_mean_strategy_epoch23": 0.8476203119788094, "ENV_Test_accuracy_per_mean_user_epoch23": 0.8443695292306624, "ENV_Test_accuracy_per_mean_user_and_bot_epoch23": 0.8658653879441428, "ENV_Train_TotalLoss_epoch24": 684.3782005158228, "ENV_Train_Right action_epoch24": 0.870350438222508, "ENV_Train_Probability to choose the right action_epoch24": 0.8137497337436816, "ENV_Train_Weighted right action_epoch24": 0.870350438222508, "ENV_Train_Weighted probability to choose the right action:_epoch24": 0.8137497337436816, "ENV_Test_TotalLoss_epoch24": 202.76997309996972, "ENV_Test_Right action_epoch24": 0.830336, "ENV_Test_Probability to choose the right action_epoch24": 0.7860944853080502, "ENV_Test_Weighted right action_epoch24": 0.8559947678713318, "ENV_Test_Weighted probability to choose the right action:_epoch24": 0.8111174881271932, "ENV_Test_proba_accuracy_epoch24": 0.7860944853080505, "ENV_Test_proba_accuracy_strategy_132_epoch24": 0.8174074032069226, "ENV_Test_proba_accuracy_strategy_23_epoch24": 0.7936620435326434, "ENV_Test_proba_accuracy_strategy_107_epoch24": 0.8321386004091583, "ENV_Test_proba_accuracy_strategy_43_epoch24": 0.7749359227365549, "ENV_Test_proba_accuracy_strategy_17_epoch24": 0.7601348582541039, "ENV_Test_proba_accuracy_strategy_93_epoch24": 0.7877834985946488, "ENV_Test_proba_accuracy_per_mean_strategy_epoch24": 0.7943437211223386, "ENV_Test_proba_accuracy_per_mean_user_epoch24": 0.7931235022593526, "ENV_Test_proba_accuracy_per_mean_user_and_bot_epoch24": 0.8111174881271938, "ENV_Test_accuracy_epoch24": 0.830336, "ENV_Test_accuracy_strategy_132_epoch24": 0.8583569405099151, "ENV_Test_accuracy_strategy_23_epoch24": 0.8387461625464534, "ENV_Test_accuracy_strategy_107_epoch24": 0.8752052545155994, "ENV_Test_accuracy_strategy_43_epoch24": 0.8187022900763359, "ENV_Test_accuracy_strategy_17_epoch24": 0.8055807622504537, "ENV_Test_accuracy_strategy_93_epoch24": 0.8290203327171903, "ENV_Test_accuracy_per_mean_strategy_epoch24": 0.8376019571026578, "ENV_Test_accuracy_per_mean_user_epoch24": 0.8371563958047504, "ENV_Test_accuracy_per_mean_user_and_bot_epoch24": 0.8559947678713321, "_wandb": {"runtime": 2000}}