{"ENV_Train_TotalLoss": 602.6801779582335, "ENV_Train_TotalLoss_epoch0": 1151.773828371089, "ENV_Train_Right action": 0.8858524720781672, "ENV_Train_Right action_epoch0": 0.7516946428321849, "ENV_Train_Probability to choose the right action": 0.8374687128673945, "ENV_Train_Probability to choose the right action_epoch0": 0.6611681621152219, "ENV_Train_Weighted right action": 0.8858524720781672, "ENV_Train_Weighted right action_epoch0": 0.7516946428321849, "ENV_Train_Weighted probability to choose the right action:": 0.8374687128673945, "ENV_Train_Weighted probability to choose the right action:_epoch0": 0.6611681621152219, "_timestamp": 1720420977.5747383, "_runtime": 2203.4177882671356, "_step": 49, "ENV_Test_TotalLoss": 236.4698541314023, "ENV_Test_TotalLoss_epoch0": 237.48971257033503, "ENV_Test_Right action": 0.819328, "ENV_Test_Right action_epoch0": 0.77152, "ENV_Test_Probability to choose the right action": 0.7893372991405393, "ENV_Test_Probability to choose the right action_epoch0": 0.7113466730208129, "ENV_Test_Weighted right action": 0.8516249845647317, "ENV_Test_Weighted right action_epoch0": 0.8242104342630945, "ENV_Test_Weighted probability to choose the right action:": 0.8203891706541305, "ENV_Test_Weighted probability to choose the right action:_epoch0": 0.7564325577576775, "ENV_Test_proba_accuracy": 0.7893372991405385, "ENV_Test_proba_accuracy_epoch0": 0.7113466730208117, "ENV_Test_proba_accuracy_strategy_132": 0.8192264858316168, "ENV_Test_proba_accuracy_strategy_132_epoch0": 0.7640932480081193, "ENV_Test_proba_accuracy_strategy_23": 0.7916892838977094, "ENV_Test_proba_accuracy_strategy_23_epoch0": 0.707647945278559, "ENV_Test_proba_accuracy_strategy_107": 0.850906227551498, "ENV_Test_proba_accuracy_strategy_107_epoch0": 0.7860682875550207, "ENV_Test_proba_accuracy_strategy_43": 0.7880780526553361, "ENV_Test_proba_accuracy_strategy_43_epoch0": 0.7188331498377399, "ENV_Test_proba_accuracy_strategy_17": 0.7672899130712213, "ENV_Test_proba_accuracy_strategy_17_epoch0": 0.6790584684679456, "ENV_Test_proba_accuracy_strategy_93": 0.7841229624438014, "ENV_Test_proba_accuracy_strategy_93_epoch0": 0.7250674881831887, "ENV_Test_proba_accuracy_per_mean_strategy": 0.8002188209085306, "ENV_Test_proba_accuracy_per_mean_strategy_epoch0": 0.7301280978884289, "ENV_Test_proba_accuracy_per_mean_user": 0.7996712331383288, "ENV_Test_proba_accuracy_per_mean_user_epoch0": 0.7267004110288926, "ENV_Test_proba_accuracy_per_mean_user_and_bot": 0.8203891706541317, "ENV_Test_proba_accuracy_per_mean_user_and_bot_epoch0": 0.7564325577576769, "ENV_Test_accuracy": 0.819328, "ENV_Test_accuracy_epoch0": 0.77152, "ENV_Test_accuracy_strategy_132": 0.8481586402266289, "ENV_Test_accuracy_strategy_132_epoch0": 0.8339943342776204, "ENV_Test_accuracy_strategy_23": 0.8264663111972855, "ENV_Test_accuracy_strategy_23_epoch0": 0.7655517854257554, "ENV_Test_accuracy_strategy_107": 0.8817733990147784, "ENV_Test_accuracy_strategy_107_epoch0": 0.8604269293924466, "ENV_Test_accuracy_strategy_43": 0.806615776081425, "ENV_Test_accuracy_strategy_43_epoch0": 0.787531806615776, "ENV_Test_accuracy_strategy_17": 0.79491833030853, "ENV_Test_accuracy_strategy_17_epoch0": 0.7311705989110708, "ENV_Test_accuracy_strategy_93": 0.8142329020332717, "ENV_Test_accuracy_strategy_93_epoch0": 0.7948243992606284, "ENV_Test_accuracy_per_mean_strategy": 0.8286942264769865, "ENV_Test_accuracy_per_mean_strategy_epoch0": 0.7955833089805496, "ENV_Test_accuracy_per_mean_user": 0.829427612091972, "ENV_Test_accuracy_per_mean_user_epoch0": 0.7891126138957362, "ENV_Test_accuracy_per_mean_user_and_bot": 0.8516249845647316, "ENV_Test_accuracy_per_mean_user_and_bot_epoch0": 0.8242104342630939, "ENV_Train_TotalLoss_epoch1": 986.7676208659898, "ENV_Train_Right action_epoch1": 0.7977696102407871, "ENV_Train_Probability to choose the right action_epoch1": 0.719566692825256, "ENV_Train_Weighted right action_epoch1": 0.7977696102407871, "ENV_Train_Weighted probability to choose the right action:_epoch1": 0.719566692825256, "ENV_Test_TotalLoss_epoch1": 225.46692839236817, "ENV_Test_Right action_epoch1": 0.786624, "ENV_Test_Probability to choose the right action_epoch1": 0.7308425921336025, "ENV_Test_Weighted right action_epoch1": 0.8353107679946493, "ENV_Test_Weighted probability to choose the right action:_epoch1": 0.773983471766003, "ENV_Test_proba_accuracy_epoch1": 0.7308425921336019, "ENV_Test_proba_accuracy_strategy_132_epoch1": 0.7800268164551764, "ENV_Test_proba_accuracy_strategy_23_epoch1": 0.7298961187498512, "ENV_Test_proba_accuracy_strategy_107_epoch1": 0.8028506279625159, "ENV_Test_proba_accuracy_strategy_43_epoch1": 0.7372380786261252, "ENV_Test_proba_accuracy_strategy_17_epoch1": 0.6970881504173323, "ENV_Test_proba_accuracy_strategy_93_epoch1": 0.7437174057599555, "ENV_Test_proba_accuracy_per_mean_strategy_epoch1": 0.7484695329951595, "ENV_Test_proba_accuracy_per_mean_user_epoch1": 0.7452700431772696, "ENV_Test_proba_accuracy_per_mean_user_and_bot_epoch1": 0.7739834717660034, "ENV_Test_accuracy_epoch1": 0.786624, "ENV_Test_accuracy_strategy_132_epoch1": 0.8424929178470255, "ENV_Test_accuracy_strategy_23_epoch1": 0.785425755372435, "ENV_Test_accuracy_strategy_107_epoch1": 0.8620689655172413, "ENV_Test_accuracy_strategy_43_epoch1": 0.7938931297709924, "ENV_Test_accuracy_strategy_17_epoch1": 0.7481851179673321, "ENV_Test_accuracy_strategy_93_epoch1": 0.8059149722735675, "ENV_Test_accuracy_per_mean_strategy_epoch1": 0.8063301431247657, "ENV_Test_accuracy_per_mean_user_epoch1": 0.8023911227656153, "ENV_Test_accuracy_per_mean_user_and_bot_epoch1": 0.8353107679946495, "ENV_Train_TotalLoss_epoch2": 941.3935388669574, "ENV_Train_Right action_epoch2": 0.8095158224309515, "ENV_Train_Probability to choose the right action_epoch2": 0.7346561097931071, "ENV_Train_Weighted right action_epoch2": 0.8095158224309515, "ENV_Train_Weighted probability to choose the right action:_epoch2": 0.7346561097931071, "ENV_Test_TotalLoss_epoch2": 213.31478239665546, "ENV_Test_Right action_epoch2": 0.796288, "ENV_Test_Probability to choose the right action_epoch2": 0.7375993736338321, "ENV_Test_Weighted right action_epoch2": 0.8438475016158968, "ENV_Test_Weighted probability to choose the right action:_epoch2": 0.7829331972340318, "ENV_Test_proba_accuracy_epoch2": 0.7375993736338319, "ENV_Test_proba_accuracy_strategy_132_epoch2": 0.7864869324090672, "ENV_Test_proba_accuracy_strategy_23_epoch2": 0.7371567213670248, "ENV_Test_proba_accuracy_strategy_107_epoch2": 0.8040203574925983, "ENV_Test_proba_accuracy_strategy_43_epoch2": 0.7480700036748104, "ENV_Test_proba_accuracy_strategy_17_epoch2": 0.7029240164505111, "ENV_Test_proba_accuracy_strategy_93_epoch2": 0.7490520524791652, "ENV_Test_proba_accuracy_per_mean_strategy_epoch2": 0.7546183473121961, "ENV_Test_proba_accuracy_per_mean_user_epoch2": 0.7522692559939723, "ENV_Test_proba_accuracy_per_mean_user_and_bot_epoch2": 0.7829331972340329, "ENV_Test_accuracy_epoch2": 0.796288, "ENV_Test_accuracy_strategy_132_epoch2": 0.8390934844192635, "ENV_Test_accuracy_strategy_23_epoch2": 0.7989982226530942, "ENV_Test_accuracy_strategy_107_epoch2": 0.8653530377668309, "ENV_Test_accuracy_strategy_43_epoch2": 0.8040712468193384, "ENV_Test_accuracy_strategy_17_epoch2": 0.7593012704174229, "ENV_Test_accuracy_strategy_93_epoch2": 0.8114602587800369, "ENV_Test_accuracy_per_mean_strategy_epoch2": 0.8130462534759978, "ENV_Test_accuracy_per_mean_user_epoch2": 0.811045305828598, "ENV_Test_accuracy_per_mean_user_and_bot_epoch2": 0.843847501615898, "ENV_Train_TotalLoss_epoch3": 903.2797252146497, "ENV_Train_Right action_epoch3": 0.8180318702823596, "ENV_Train_Probability to choose the right action_epoch3": 0.745993531291055, "ENV_Train_Weighted right action_epoch3": 0.8180318702823596, "ENV_Train_Weighted probability to choose the right action:_epoch3": 0.745993531291055, "ENV_Test_TotalLoss_epoch3": 215.78625369032108, "ENV_Test_Right action_epoch3": 0.803584, "ENV_Test_Probability to choose the right action_epoch3": 0.7491713140430593, "ENV_Test_Weighted right action_epoch3": 0.8433684205591534, "ENV_Test_Weighted probability to choose the right action:_epoch3": 0.79229484467387, "ENV_Test_proba_accuracy_epoch3": 0.749171314043059, "ENV_Test_proba_accuracy_strategy_132_epoch3": 0.7940737199747521, "ENV_Test_proba_accuracy_strategy_23_epoch3": 0.7483485487200147, "ENV_Test_proba_accuracy_strategy_107_epoch3": 0.8211562379525456, "ENV_Test_proba_accuracy_strategy_43_epoch3": 0.7592182193977495, "ENV_Test_proba_accuracy_strategy_17_epoch3": 0.7158571818039325, "ENV_Test_proba_accuracy_strategy_93_epoch3": 0.7612373853429673, "ENV_Test_proba_accuracy_per_mean_strategy_epoch3": 0.766648548865327, "ENV_Test_proba_accuracy_per_mean_user_epoch3": 0.7636830404745837, "ENV_Test_proba_accuracy_per_mean_user_and_bot_epoch3": 0.7922948446738701, "ENV_Test_accuracy_epoch3": 0.803584, "ENV_Test_accuracy_strategy_132_epoch3": 0.8351274787535411, "ENV_Test_accuracy_strategy_23_epoch3": 0.8090159961221522, "ENV_Test_accuracy_strategy_107_epoch3": 0.8784893267651889, "ENV_Test_accuracy_strategy_43_epoch3": 0.80470737913486, "ENV_Test_accuracy_strategy_17_epoch3": 0.7708711433756806, "ENV_Test_accuracy_strategy_93_epoch3": 0.8105360443622921, "ENV_Test_accuracy_per_mean_strategy_epoch3": 0.8181245614189524, "ENV_Test_accuracy_per_mean_user_epoch3": 0.8169793332303874, "ENV_Test_accuracy_per_mean_user_and_bot_epoch3": 0.8433684205591542, "ENV_Train_TotalLoss_epoch4": 871.6889758932181, "ENV_Train_Right action_epoch4": 0.8264023819175554, "ENV_Train_Probability to choose the right action_epoch4": 0.7561338468122905, "ENV_Train_Weighted right action_epoch4": 0.8264023819175554, "ENV_Train_Weighted probability to choose the right action:_epoch4": 0.7561338468122905, "ENV_Test_TotalLoss_epoch4": 205.13138408686527, "ENV_Test_Right action_epoch4": 0.80896, "ENV_Test_Probability to choose the right action_epoch4": 0.755812034104316, "ENV_Test_Weighted right action_epoch4": 0.8487764398928227, "ENV_Test_Weighted probability to choose the right action:_epoch4": 0.7978858439403771, "ENV_Test_proba_accuracy_epoch4": 0.7558120341043171, "ENV_Test_proba_accuracy_strategy_132_epoch4": 0.8042846459876939, "ENV_Test_proba_accuracy_strategy_23_epoch4": 0.7558171627868686, "ENV_Test_proba_accuracy_strategy_107_epoch4": 0.8242816147044534, "ENV_Test_proba_accuracy_strategy_43_epoch4": 0.7585313979726025, "ENV_Test_proba_accuracy_strategy_17_epoch4": 0.7237823783476022, "ENV_Test_proba_accuracy_strategy_93_epoch4": 0.7647103766169768, "ENV_Test_proba_accuracy_per_mean_strategy_epoch4": 0.771901262736033, "ENV_Test_proba_accuracy_per_mean_user_epoch4": 0.7699309423876594, "ENV_Test_proba_accuracy_per_mean_user_and_bot_epoch4": 0.7978858439403778, "ENV_Test_accuracy_epoch4": 0.80896, "ENV_Test_accuracy_strategy_132_epoch4": 0.8475920679886686, "ENV_Test_accuracy_strategy_23_epoch4": 0.814348036839554, "ENV_Test_accuracy_strategy_107_epoch4": 0.8768472906403941, "ENV_Test_accuracy_strategy_43_epoch4": 0.8021628498727735, "ENV_Test_accuracy_strategy_17_epoch4": 0.7760889292196007, "ENV_Test_accuracy_strategy_93_epoch4": 0.8207024029574861, "ENV_Test_accuracy_per_mean_strategy_epoch4": 0.8229569295864129, "ENV_Test_accuracy_per_mean_user_epoch4": 0.8209331714569171, "ENV_Test_accuracy_per_mean_user_and_bot_epoch4": 0.8487764398928237, "ENV_Train_TotalLoss_epoch5": 847.5096544644324, "ENV_Train_Right action_epoch5": 0.8333100363433045, "ENV_Train_Probability to choose the right action_epoch5": 0.764378518737176, "ENV_Train_Weighted right action_epoch5": 0.8333100363433045, "ENV_Train_Weighted probability to choose the right action:_epoch5": 0.764378518737176, "ENV_Test_TotalLoss_epoch5": 205.85394277947688, "ENV_Test_Right action_epoch5": 0.814528, "ENV_Test_Probability to choose the right action_epoch5": 0.7675764695282149, "ENV_Test_Weighted right action_epoch5": 0.8564906963385323, "ENV_Test_Weighted probability to choose the right action:_epoch5": 0.811611601048938, "ENV_Test_proba_accuracy_epoch5": 0.7675764695282148, "ENV_Test_proba_accuracy_strategy_132_epoch5": 0.8108834985263497, "ENV_Test_proba_accuracy_strategy_23_epoch5": 0.7687073819619493, "ENV_Test_proba_accuracy_strategy_107_epoch5": 0.8425489434874625, "ENV_Test_proba_accuracy_strategy_43_epoch5": 0.771474647906611, "ENV_Test_proba_accuracy_strategy_17_epoch5": 0.7345294694364114, "ENV_Test_proba_accuracy_strategy_93_epoch5": 0.7772334751830751, "ENV_Test_proba_accuracy_per_mean_strategy_epoch5": 0.7842295694169765, "ENV_Test_proba_accuracy_per_mean_user_epoch5": 0.7815053798173096, "ENV_Test_proba_accuracy_per_mean_user_and_bot_epoch5": 0.8116116010489379, "ENV_Test_accuracy_epoch5": 0.814528, "ENV_Test_accuracy_strategy_132_epoch5": 0.8475920679886686, "ENV_Test_accuracy_strategy_23_epoch5": 0.8214574244627565, "ENV_Test_accuracy_strategy_107_epoch5": 0.8866995073891626, "ENV_Test_accuracy_strategy_43_epoch5": 0.8091603053435115, "ENV_Test_accuracy_strategy_17_epoch5": 0.7806261343012704, "ENV_Test_accuracy_strategy_93_epoch5": 0.8262476894639557, "ENV_Test_accuracy_per_mean_strategy_epoch5": 0.8286305214915543, "ENV_Test_accuracy_per_mean_user_epoch5": 0.8276029859223628, "ENV_Test_accuracy_per_mean_user_and_bot_epoch5": 0.8564906963385325, "ENV_Train_TotalLoss_epoch6": 822.1965318256499, "ENV_Train_Right action_epoch6": 0.8386871410806355, "ENV_Train_Probability to choose the right action_epoch6": 0.772128184933566, "ENV_Train_Weighted right action_epoch6": 0.8386871410806355, "ENV_Train_Weighted probability to choose the right action:_epoch6": 0.772128184933566, "ENV_Test_TotalLoss_epoch6": 202.1865805057535, "ENV_Test_Right action_epoch6": 0.820032, "ENV_Test_Probability to choose the right action_epoch6": 0.7724165857977134, "ENV_Test_Weighted right action_epoch6": 0.8580011841858031, "ENV_Test_Weighted probability to choose the right action:_epoch6": 0.8095430410058883, "ENV_Test_proba_accuracy_epoch6": 0.7724165857977139, "ENV_Test_proba_accuracy_strategy_132_epoch6": 0.8088600414331898, "ENV_Test_proba_accuracy_strategy_23_epoch6": 0.7761084889078189, "ENV_Test_proba_accuracy_strategy_107_epoch6": 0.8389418484604211, "ENV_Test_proba_accuracy_strategy_43_epoch6": 0.7745456385598571, "ENV_Test_proba_accuracy_strategy_17_epoch6": 0.7408456665672144, "ENV_Test_proba_accuracy_strategy_93_epoch6": 0.7799322683479086, "ENV_Test_proba_accuracy_per_mean_strategy_epoch6": 0.7865389920460683, "ENV_Test_proba_accuracy_per_mean_user_epoch6": 0.7841182271053654, "ENV_Test_proba_accuracy_per_mean_user_and_bot_epoch6": 0.8095430410058883, "ENV_Test_accuracy_epoch6": 0.820032, "ENV_Test_accuracy_strategy_132_epoch6": 0.8492917847025496, "ENV_Test_accuracy_strategy_23_epoch6": 0.8282436581030861, "ENV_Test_accuracy_strategy_107_epoch6": 0.8850574712643678, "ENV_Test_accuracy_strategy_43_epoch6": 0.8199745547073791, "ENV_Test_accuracy_strategy_17_epoch6": 0.786070780399274, "ENV_Test_accuracy_strategy_93_epoch6": 0.8271719038817006, "ENV_Test_accuracy_per_mean_strategy_epoch6": 0.8326350255097262, "ENV_Test_accuracy_per_mean_user_epoch6": 0.8315015683935912, "ENV_Test_accuracy_per_mean_user_and_bot_epoch6": 0.8580011841858035, "ENV_Train_TotalLoss_epoch7": 801.9881583014892, "ENV_Train_Right action_epoch7": 0.8424797316186748, "ENV_Train_Probability to choose the right action_epoch7": 0.7780775948607489, "ENV_Train_Weighted right action_epoch7": 0.8424797316186748, "ENV_Train_Weighted probability to choose the right action:_epoch7": 0.7780775948607489, "ENV_Test_TotalLoss_epoch7": 205.89531582648056, "ENV_Test_Right action_epoch7": 0.817984, "ENV_Test_Probability to choose the right action_epoch7": 0.7728218498238487, "ENV_Test_Weighted right action_epoch7": 0.8563587946064144, "ENV_Test_Weighted probability to choose the right action:_epoch7": 0.8082200073131053, "ENV_Test_proba_accuracy_epoch7": 0.7728218498238495, "ENV_Test_proba_accuracy_strategy_132_epoch7": 0.8076359942915883, "ENV_Test_proba_accuracy_strategy_23_epoch7": 0.7767772698332106, "ENV_Test_proba_accuracy_strategy_107_epoch7": 0.8304893256243326, "ENV_Test_proba_accuracy_strategy_43_epoch7": 0.7717222586454757, "ENV_Test_proba_accuracy_strategy_17_epoch7": 0.7444270382163692, "ENV_Test_proba_accuracy_strategy_93_epoch7": 0.7782251166558146, "ENV_Test_proba_accuracy_per_mean_strategy_epoch7": 0.7848795005444652, "ENV_Test_proba_accuracy_per_mean_user_epoch7": 0.7848616174947736, "ENV_Test_proba_accuracy_per_mean_user_and_bot_epoch7": 0.808220007313106, "ENV_Test_accuracy_epoch7": 0.817984, "ENV_Test_accuracy_strategy_132_epoch7": 0.8481586402266289, "ENV_Test_accuracy_strategy_23_epoch7": 0.8253352722572306, "ENV_Test_accuracy_strategy_107_epoch7": 0.8768472906403941, "ENV_Test_accuracy_strategy_43_epoch7": 0.8136132315521628, "ENV_Test_accuracy_strategy_17_epoch7": 0.7878856624319419, "ENV_Test_accuracy_strategy_93_epoch7": 0.822550831792976, "ENV_Test_accuracy_per_mean_strategy_epoch7": 0.829065154816889, "ENV_Test_accuracy_per_mean_user_epoch7": 0.8312732062126211, "ENV_Test_accuracy_per_mean_user_and_bot_epoch7": 0.8563587946064152, "ENV_Train_TotalLoss_epoch8": 784.3978479562778, "ENV_Train_Right action_epoch8": 0.8458925651025286, "ENV_Train_Probability to choose the right action_epoch8": 0.7832474322714056, "ENV_Train_Weighted right action_epoch8": 0.8458925651025286, "ENV_Train_Weighted probability to choose the right action:_epoch8": 0.7832474322714056, "ENV_Test_TotalLoss_epoch8": 204.43311622386042, "ENV_Test_Right action_epoch8": 0.821696, "ENV_Test_Probability to choose the right action_epoch8": 0.7770271329554391, "ENV_Test_Weighted right action_epoch8": 0.8556961770854664, "ENV_Test_Weighted probability to choose the right action:_epoch8": 0.8151646031759475, "ENV_Test_proba_accuracy_epoch8": 0.7770271329554403, "ENV_Test_proba_accuracy_strategy_132_epoch8": 0.8167538773159178, "ENV_Test_proba_accuracy_strategy_23_epoch8": 0.7795892089726942, "ENV_Test_proba_accuracy_strategy_107_epoch8": 0.8460556898199448, "ENV_Test_proba_accuracy_strategy_43_epoch8": 0.7778144909125987, "ENV_Test_proba_accuracy_strategy_17_epoch8": 0.7466091189634064, "ENV_Test_proba_accuracy_strategy_93_epoch8": 0.7814930253498223, "ENV_Test_proba_accuracy_per_mean_strategy_epoch8": 0.791385901889064, "ENV_Test_proba_accuracy_per_mean_user_epoch8": 0.7893489181856949, "ENV_Test_proba_accuracy_per_mean_user_and_bot_epoch8": 0.815164603175948, "ENV_Test_accuracy_epoch8": 0.821696, "ENV_Test_accuracy_strategy_132_epoch8": 0.8543909348441926, "ENV_Test_accuracy_strategy_23_epoch8": 0.8277589271287769, "ENV_Test_accuracy_strategy_107_epoch8": 0.8866995073891626, "ENV_Test_accuracy_strategy_43_epoch8": 0.823791348600509, "ENV_Test_accuracy_strategy_17_epoch8": 0.7901542649727767, "ENV_Test_accuracy_strategy_93_epoch8": 0.822550831792976, "ENV_Test_accuracy_per_mean_strategy_epoch8": 0.8342243024547322, "ENV_Test_accuracy_per_mean_user_epoch8": 0.8316437564582377, "ENV_Test_accuracy_per_mean_user_and_bot_epoch8": 0.8556961770854669, "ENV_Train_TotalLoss_epoch9": 768.2696051793173, "ENV_Train_Right action_epoch9": 0.8499070567023997, "ENV_Train_Probability to choose the right action_epoch9": 0.7877095368070642, "ENV_Train_Weighted right action_epoch9": 0.8499070567023997, "ENV_Train_Weighted probability to choose the right action:_epoch9": 0.7877095368070642, "ENV_Test_TotalLoss_epoch9": 203.54169238676423, "ENV_Test_Right action_epoch9": 0.820352, "ENV_Test_Probability to choose the right action_epoch9": 0.7726823280111854, "ENV_Test_Weighted right action_epoch9": 0.8559363462474586, "ENV_Test_Weighted probability to choose the right action:_epoch9": 0.8093564857912665, "ENV_Test_proba_accuracy_epoch9": 0.7726823280111856, "ENV_Test_proba_accuracy_strategy_132_epoch9": 0.8094359147162716, "ENV_Test_proba_accuracy_strategy_23_epoch9": 0.7766866452975468, "ENV_Test_proba_accuracy_strategy_107_epoch9": 0.8396619104484044, "ENV_Test_proba_accuracy_strategy_43_epoch9": 0.7749128045970801, "ENV_Test_proba_accuracy_strategy_17_epoch9": 0.7419305994179929, "ENV_Test_proba_accuracy_strategy_93_epoch9": 0.7741647166634366, "ENV_Test_proba_accuracy_per_mean_strategy_epoch9": 0.7861320985234554, "ENV_Test_proba_accuracy_per_mean_user_epoch9": 0.7840714999377589, "ENV_Test_proba_accuracy_per_mean_user_and_bot_epoch9": 0.8093564857912664, "ENV_Test_accuracy_epoch9": 0.820352, "ENV_Test_accuracy_strategy_132_epoch9": 0.8504249291784702, "ENV_Test_accuracy_strategy_23_epoch9": 0.8288899660688318, "ENV_Test_accuracy_strategy_107_epoch9": 0.8817733990147784, "ENV_Test_accuracy_strategy_43_epoch9": 0.816793893129771, "ENV_Test_accuracy_strategy_17_epoch9": 0.7906079854809437, "ENV_Test_accuracy_strategy_93_epoch9": 0.8142329020332717, "ENV_Test_accuracy_per_mean_strategy_epoch9": 0.8304538458176779, "ENV_Test_accuracy_per_mean_user_epoch9": 0.8315841350263921, "ENV_Test_accuracy_per_mean_user_and_bot_epoch9": 0.855936346247459, "ENV_Train_TotalLoss_epoch10": 755.6142990222014, "ENV_Train_Right action_epoch10": 0.8535923958624546, "ENV_Train_Probability to choose the right action_epoch10": 0.7919724318359196, "ENV_Train_Weighted right action_epoch10": 0.8535923958624546, "ENV_Train_Weighted probability to choose the right action:_epoch10": 0.7919724318359196, "ENV_Test_TotalLoss_epoch10": 209.32485018116455, "ENV_Test_Right action_epoch10": 0.823936, "ENV_Test_Probability to choose the right action_epoch10": 0.7845521549673137, "ENV_Test_Weighted right action_epoch10": 0.8557238370342486, "ENV_Test_Weighted probability to choose the right action:_epoch10": 0.8189660691764666, "ENV_Test_proba_accuracy_epoch10": 0.7845521549673137, "ENV_Test_proba_accuracy_strategy_132_epoch10": 0.8171849696693986, "ENV_Test_proba_accuracy_strategy_23_epoch10": 0.7886855587881887, "ENV_Test_proba_accuracy_strategy_107_epoch10": 0.8475988893496992, "ENV_Test_proba_accuracy_strategy_43_epoch10": 0.7821988068565144, "ENV_Test_proba_accuracy_strategy_17_epoch10": 0.7561466935995124, "ENV_Test_proba_accuracy_strategy_93_epoch10": 0.7913328587602867, "ENV_Test_proba_accuracy_per_mean_strategy_epoch10": 0.7971912961705999, "ENV_Test_proba_accuracy_per_mean_user_epoch10": 0.7958840355611508, "ENV_Test_proba_accuracy_per_mean_user_and_bot_epoch10": 0.8189660691764675, "ENV_Test_accuracy_epoch10": 0.823936, "ENV_Test_accuracy_strategy_132_epoch10": 0.8464589235127479, "ENV_Test_accuracy_strategy_23_epoch10": 0.8327678138633059, "ENV_Test_accuracy_strategy_107_epoch10": 0.8850574712643678, "ENV_Test_accuracy_strategy_43_epoch10": 0.8199745547073791, "ENV_Test_accuracy_strategy_17_epoch10": 0.7942377495462795, "ENV_Test_accuracy_strategy_93_epoch10": 0.8290203327171903, "ENV_Test_accuracy_per_mean_strategy_epoch10": 0.8345861409352118, "ENV_Test_accuracy_per_mean_user_epoch10": 0.8345574819715251, "ENV_Test_accuracy_per_mean_user_and_bot_epoch10": 0.8557238370342491, "ENV_Train_TotalLoss_epoch11": 737.7605943202179, "ENV_Train_Right action_epoch11": 0.8583310036343305, "ENV_Train_Probability to choose the right action_epoch11": 0.7976212067135594, "ENV_Train_Weighted right action_epoch11": 0.8583310036343305, "ENV_Train_Weighted probability to choose the right action:_epoch11": 0.7976212067135594, "ENV_Test_TotalLoss_epoch11": 209.3865630541432, "ENV_Test_Right action_epoch11": 0.825536, "ENV_Test_Probability to choose the right action_epoch11": 0.7838652069301569, "ENV_Test_Weighted right action_epoch11": 0.8563670483975686, "ENV_Test_Weighted probability to choose the right action:_epoch11": 0.8175292201570716, "ENV_Test_proba_accuracy_epoch11": 0.7838652069301569, "ENV_Test_proba_accuracy_strategy_132_epoch11": 0.8204026020090361, "ENV_Test_proba_accuracy_strategy_23_epoch11": 0.7869058616163227, "ENV_Test_proba_accuracy_strategy_107_epoch11": 0.8389763134573861, "ENV_Test_proba_accuracy_strategy_43_epoch11": 0.7833677779386373, "ENV_Test_proba_accuracy_strategy_17_epoch11": 0.7573250669908883, "ENV_Test_proba_accuracy_strategy_93_epoch11": 0.7846980324245931, "ENV_Test_proba_accuracy_per_mean_strategy_epoch11": 0.7952792757394772, "ENV_Test_proba_accuracy_per_mean_user_epoch11": 0.7961433947165707, "ENV_Test_proba_accuracy_per_mean_user_and_bot_epoch11": 0.8175292201570721, "ENV_Test_accuracy_epoch11": 0.825536, "ENV_Test_accuracy_strategy_132_epoch11": 0.8538243626062323, "ENV_Test_accuracy_strategy_23_epoch11": 0.8340604297947972, "ENV_Test_accuracy_strategy_107_epoch11": 0.8735632183908046, "ENV_Test_accuracy_strategy_43_epoch11": 0.8206106870229007, "ENV_Test_accuracy_strategy_17_epoch11": 0.7983212341197822, "ENV_Test_accuracy_strategy_93_epoch11": 0.821626617375231, "ENV_Test_accuracy_per_mean_strategy_epoch11": 0.8336677582182914, "ENV_Test_accuracy_per_mean_user_epoch11": 0.8376464620449043, "ENV_Test_accuracy_per_mean_user_and_bot_epoch11": 0.8563670483975685, "ENV_Train_TotalLoss_epoch12": 722.1138732614613, "ENV_Train_Right action_epoch12": 0.861471800964428, "ENV_Train_Probability to choose the right action_epoch12": 0.8020544539798772, "ENV_Train_Weighted right action_epoch12": 0.861471800964428, "ENV_Train_Weighted probability to choose the right action:_epoch12": 0.8020544539798772, "ENV_Test_TotalLoss_epoch12": 215.32167740198662, "ENV_Test_Right action_epoch12": 0.823744, "ENV_Test_Probability to choose the right action_epoch12": 0.7858625706495029, "ENV_Test_Weighted right action_epoch12": 0.8584292971837726, "ENV_Test_Weighted probability to choose the right action:_epoch12": 0.8192622336431918, "ENV_Test_proba_accuracy_epoch12": 0.7858625706495033, "ENV_Test_proba_accuracy_strategy_132_epoch12": 0.8199731521733838, "ENV_Test_proba_accuracy_strategy_23_epoch12": 0.7917687218614692, "ENV_Test_proba_accuracy_strategy_107_epoch12": 0.8460694642772864, "ENV_Test_proba_accuracy_strategy_43_epoch12": 0.7849423522013532, "ENV_Test_proba_accuracy_strategy_17_epoch12": 0.7556502090724451, "ENV_Test_proba_accuracy_strategy_93_epoch12": 0.7869700833780966, "ENV_Test_proba_accuracy_per_mean_strategy_epoch12": 0.7975623304940057, "ENV_Test_proba_accuracy_per_mean_user_epoch12": 0.7967049042598662, "ENV_Test_proba_accuracy_per_mean_user_and_bot_epoch12": 0.8192622336431934, "ENV_Test_accuracy_epoch12": 0.823744, "ENV_Test_accuracy_strategy_132_epoch12": 0.8504249291784702, "ENV_Test_accuracy_strategy_23_epoch12": 0.8329293908547423, "ENV_Test_accuracy_strategy_107_epoch12": 0.8834154351395731, "ENV_Test_accuracy_strategy_43_epoch12": 0.8225190839694656, "ENV_Test_accuracy_strategy_17_epoch12": 0.7919691470054446, "ENV_Test_accuracy_strategy_93_epoch12": 0.8253234750462107, "ENV_Test_accuracy_per_mean_strategy_epoch12": 0.8344302435323178, "ENV_Test_accuracy_per_mean_user_epoch12": 0.8348322402251731, "ENV_Test_accuracy_per_mean_user_and_bot_epoch12": 0.8584292971837731, "ENV_Train_TotalLoss_epoch13": 707.4229277500267, "ENV_Train_Right action_epoch13": 0.8648599541566501, "ENV_Train_Probability to choose the right action_epoch13": 0.8064433282080276, "ENV_Train_Weighted right action_epoch13": 0.8648599541566501, "ENV_Train_Weighted probability to choose the right action:_epoch13": 0.8064433282080276, "ENV_Test_TotalLoss_epoch13": 214.07791850153737, "ENV_Test_Right action_epoch13": 0.822976, "ENV_Test_Probability to choose the right action_epoch13": 0.7850015571803762, "ENV_Test_Weighted right action_epoch13": 0.8573530638816277, "ENV_Test_Weighted probability to choose the right action:_epoch13": 0.8215257549631875, "ENV_Test_proba_accuracy_epoch13": 0.7850015571803766, "ENV_Test_proba_accuracy_strategy_132_epoch13": 0.823845523837296, "ENV_Test_proba_accuracy_strategy_23_epoch13": 0.7878919506298819, "ENV_Test_proba_accuracy_strategy_107_epoch13": 0.847229165591535, "ENV_Test_proba_accuracy_strategy_43_epoch13": 0.7833542469487744, "ENV_Test_proba_accuracy_strategy_17_epoch13": 0.7563669142605356, "ENV_Test_proba_accuracy_strategy_93_epoch13": 0.789129300196912, "ENV_Test_proba_accuracy_per_mean_strategy_epoch13": 0.7979695169108224, "ENV_Test_proba_accuracy_per_mean_user_epoch13": 0.7970530082626168, "ENV_Test_proba_accuracy_per_mean_user_and_bot_epoch13": 0.8215257549631877, "ENV_Test_accuracy_epoch13": 0.822976, "ENV_Test_accuracy_strategy_132_epoch13": 0.8498583569405099, "ENV_Test_accuracy_strategy_23_epoch13": 0.8313136209403781, "ENV_Test_accuracy_strategy_107_epoch13": 0.8817733990147784, "ENV_Test_accuracy_strategy_43_epoch13": 0.8123409669211196, "ENV_Test_accuracy_strategy_17_epoch13": 0.7937840290381125, "ENV_Test_accuracy_strategy_93_epoch13": 0.83271719038817, "ENV_Test_accuracy_per_mean_strategy_epoch13": 0.8336312605405115, "ENV_Test_accuracy_per_mean_user_epoch13": 0.8338636861546693, "ENV_Test_accuracy_per_mean_user_and_bot_epoch13": 0.8573530638816278, "ENV_Train_TotalLoss_epoch14": 696.5181966802023, "ENV_Train_Right action_epoch14": 0.8663340042491334, "ENV_Train_Probability to choose the right action_epoch14": 0.8096861853327653, "ENV_Train_Weighted right action_epoch14": 0.8663340042491334, "ENV_Train_Weighted probability to choose the right action:_epoch14": 0.8096861853327653, "ENV_Test_TotalLoss_epoch14": 221.350046150745, "ENV_Test_Right action_epoch14": 0.821056, "ENV_Test_Probability to choose the right action_epoch14": 0.7832875686804365, "ENV_Test_Weighted right action_epoch14": 0.8493705188471107, "ENV_Test_Weighted probability to choose the right action:_epoch14": 0.8162361060532561, "ENV_Test_proba_accuracy_epoch14": 0.7832875686804366, "ENV_Test_proba_accuracy_strategy_132_epoch14": 0.8147448672935551, "ENV_Test_proba_accuracy_strategy_23_epoch14": 0.7872186714536673, "ENV_Test_proba_accuracy_strategy_107_epoch14": 0.8479702496872554, "ENV_Test_proba_accuracy_strategy_43_epoch14": 0.7800253055798076, "ENV_Test_proba_accuracy_strategy_17_epoch14": 0.7576308402732259, "ENV_Test_proba_accuracy_strategy_93_epoch14": 0.7823445525661513, "ENV_Test_proba_accuracy_per_mean_strategy_epoch14": 0.7949890811422771, "ENV_Test_proba_accuracy_per_mean_user_epoch14": 0.7947752528007566, "ENV_Test_proba_accuracy_per_mean_user_and_bot_epoch14": 0.816236106053255, "ENV_Test_accuracy_epoch14": 0.821056, "ENV_Test_accuracy_strategy_132_epoch14": 0.8424929178470255, "ENV_Test_accuracy_strategy_23_epoch14": 0.830505735983196, "ENV_Test_accuracy_strategy_107_epoch14": 0.8834154351395731, "ENV_Test_accuracy_strategy_43_epoch14": 0.8072519083969466, "ENV_Test_accuracy_strategy_17_epoch14": 0.7955989110707804, "ENV_Test_accuracy_strategy_93_epoch14": 0.8207024029574861, "ENV_Test_accuracy_per_mean_strategy_epoch14": 0.8299945518991679, "ENV_Test_accuracy_per_mean_user_epoch14": 0.8298439956916073, "ENV_Test_accuracy_per_mean_user_and_bot_epoch14": 0.849370518847111, "ENV_Train_TotalLoss_epoch15": 689.6661497997213, "ENV_Train_Right action_epoch15": 0.8694697996896797, "ENV_Train_Probability to choose the right action_epoch15": 0.8126104037647183, "ENV_Train_Weighted right action_epoch15": 0.8694697996896797, "ENV_Train_Weighted probability to choose the right action:_epoch15": 0.8126104037647183, "ENV_Test_TotalLoss_epoch15": 209.25771709536957, "ENV_Test_Right action_epoch15": 0.826688, "ENV_Test_Probability to choose the right action_epoch15": 0.7817498607947734, "ENV_Test_Weighted right action_epoch15": 0.8566459948161741, "ENV_Test_Weighted probability to choose the right action:_epoch15": 0.8144548510707963, "ENV_Test_proba_accuracy_epoch15": 0.7817498607947734, "ENV_Test_proba_accuracy_strategy_132_epoch15": 0.816535379219872, "ENV_Test_proba_accuracy_strategy_23_epoch15": 0.7852389067535598, "ENV_Test_proba_accuracy_strategy_107_epoch15": 0.8406782676807983, "ENV_Test_proba_accuracy_strategy_43_epoch15": 0.7748608745251393, "ENV_Test_proba_accuracy_strategy_17_epoch15": 0.7578970767515765, "ENV_Test_proba_accuracy_strategy_93_epoch15": 0.7790650301343833, "ENV_Test_proba_accuracy_per_mean_strategy_epoch15": 0.7923792558442216, "ENV_Test_proba_accuracy_per_mean_user_epoch15": 0.7922460224349517, "ENV_Test_proba_accuracy_per_mean_user_and_bot_epoch15": 0.8144548510707966, "ENV_Test_accuracy_epoch15": 0.826688, "ENV_Test_accuracy_strategy_132_epoch15": 0.8538243626062323, "ENV_Test_accuracy_strategy_23_epoch15": 0.8359993536920343, "ENV_Test_accuracy_strategy_107_epoch15": 0.8784893267651889, "ENV_Test_accuracy_strategy_43_epoch15": 0.8129770992366412, "ENV_Test_accuracy_strategy_17_epoch15": 0.8021778584392014, "ENV_Test_accuracy_strategy_93_epoch15": 0.8197781885397413, "ENV_Test_accuracy_per_mean_strategy_epoch15": 0.83387436487984, "ENV_Test_accuracy_per_mean_user_epoch15": 0.8353234868839994, "ENV_Test_accuracy_per_mean_user_and_bot_epoch15": 0.856645994816174, "ENV_Train_TotalLoss_epoch16": 675.8175347305593, "ENV_Train_Right action_epoch16": 0.8716382443388314, "ENV_Train_Probability to choose the right action_epoch16": 0.8162840028317678, "ENV_Train_Weighted right action_epoch16": 0.8716382443388314, "ENV_Train_Weighted probability to choose the right action:_epoch16": 0.8162840028317678, "ENV_Test_TotalLoss_epoch16": 218.67939352112398, "ENV_Test_Right action_epoch16": 0.822784, "ENV_Test_Probability to choose the right action_epoch16": 0.7867557042323599, "ENV_Test_Weighted right action_epoch16": 0.8573303922061987, "ENV_Test_Weighted probability to choose the right action:_epoch16": 0.82090976230369, "ENV_Test_proba_accuracy_epoch16": 0.786755704232359, "ENV_Test_proba_accuracy_strategy_132_epoch16": 0.8211578693981875, "ENV_Test_proba_accuracy_strategy_23_epoch16": 0.7899809880041472, "ENV_Test_proba_accuracy_strategy_107_epoch16": 0.8519614574747961, "ENV_Test_proba_accuracy_strategy_43_epoch16": 0.7844197484726612, "ENV_Test_proba_accuracy_strategy_17_epoch16": 0.7623512496300386, "ENV_Test_proba_accuracy_strategy_93_epoch16": 0.7783042733962625, "ENV_Test_proba_accuracy_per_mean_strategy_epoch16": 0.7980292643960155, "ENV_Test_proba_accuracy_per_mean_user_epoch16": 0.798304858653046, "ENV_Test_proba_accuracy_per_mean_user_and_bot_epoch16": 0.8209097623036893, "ENV_Test_accuracy_epoch16": 0.822784, "ENV_Test_accuracy_strategy_132_epoch16": 0.8441926345609065, "ENV_Test_accuracy_strategy_23_epoch16": 0.8300210050088868, "ENV_Test_accuracy_strategy_107_epoch16": 0.8850574712643678, "ENV_Test_accuracy_strategy_43_epoch16": 0.8148854961832062, "ENV_Test_accuracy_strategy_17_epoch16": 0.7992286751361162, "ENV_Test_accuracy_strategy_93_epoch16": 0.8188539741219963, "ENV_Test_accuracy_per_mean_strategy_epoch16": 0.8320398760459132, "ENV_Test_accuracy_per_mean_user_epoch16": 0.8323782472887876, "ENV_Test_accuracy_per_mean_user_and_bot_epoch16": 0.8573303922061992, "ENV_Train_TotalLoss_epoch17": 661.491659137807, "ENV_Train_Right action_epoch17": 0.8741560783327044, "ENV_Train_Probability to choose the right action_epoch17": 0.8200322507475519, "ENV_Train_Weighted right action_epoch17": 0.8741560783327044, "ENV_Train_Weighted probability to choose the right action:_epoch17": 0.8200322507475519, "ENV_Test_TotalLoss_epoch17": 209.09509310560378, "ENV_Test_Right action_epoch17": 0.825024, "ENV_Test_Probability to choose the right action_epoch17": 0.7849980770005683, "ENV_Test_Weighted right action_epoch17": 0.853208413734684, "ENV_Test_Weighted probability to choose the right action:_epoch17": 0.8146906631412252, "ENV_Test_proba_accuracy_epoch17": 0.7849980770005689, "ENV_Test_proba_accuracy_strategy_132_epoch17": 0.8126582568965683, "ENV_Test_proba_accuracy_strategy_23_epoch17": 0.7904084361392993, "ENV_Test_proba_accuracy_strategy_107_epoch17": 0.8410942672884834, "ENV_Test_proba_accuracy_strategy_43_epoch17": 0.7834054428612143, "ENV_Test_proba_accuracy_strategy_17_epoch17": 0.7603883951699753, "ENV_Test_proba_accuracy_strategy_93_epoch17": 0.779929304602177, "ENV_Test_proba_accuracy_per_mean_strategy_epoch17": 0.7946473504929529, "ENV_Test_proba_accuracy_per_mean_user_epoch17": 0.7945975190352025, "ENV_Test_proba_accuracy_per_mean_user_and_bot_epoch17": 0.8146906631412251, "ENV_Test_accuracy_epoch17": 0.825024, "ENV_Test_accuracy_strategy_132_epoch17": 0.8470254957507082, "ENV_Test_accuracy_strategy_23_epoch17": 0.8353530457262885, "ENV_Test_accuracy_strategy_107_epoch17": 0.8801313628899836, "ENV_Test_accuracy_strategy_43_epoch17": 0.8180661577608143, "ENV_Test_accuracy_strategy_17_epoch17": 0.7974137931034483, "ENV_Test_accuracy_strategy_93_epoch17": 0.821626617375231, "ENV_Test_accuracy_per_mean_strategy_epoch17": 0.8332694121010791, "ENV_Test_accuracy_per_mean_user_epoch17": 0.8331738728797287, "ENV_Test_accuracy_per_mean_user_and_bot_epoch17": 0.8532084137346845, "ENV_Train_TotalLoss_epoch18": 656.0091888077478, "ENV_Train_Right action_epoch18": 0.8754995947343414, "ENV_Train_Probability to choose the right action_epoch18": 0.8223214382317403, "ENV_Train_Weighted right action_epoch18": 0.8754995947343414, "ENV_Train_Weighted probability to choose the right action:_epoch18": 0.8223214382317403, "ENV_Test_TotalLoss_epoch18": 223.29076136377202, "ENV_Test_Right action_epoch18": 0.824448, "ENV_Test_Probability to choose the right action_epoch18": 0.7915279005185597, "ENV_Test_Weighted right action_epoch18": 0.8546102263359043, "ENV_Test_Weighted probability to choose the right action:_epoch18": 0.8221079554892478, "ENV_Test_proba_accuracy_epoch18": 0.7915279005185601, "ENV_Test_proba_accuracy_strategy_132_epoch18": 0.8202552331778883, "ENV_Test_proba_accuracy_strategy_23_epoch18": 0.7973100404687471, "ENV_Test_proba_accuracy_strategy_107_epoch18": 0.8510293095401275, "ENV_Test_proba_accuracy_strategy_43_epoch18": 0.7923920943800502, "ENV_Test_proba_accuracy_strategy_17_epoch18": 0.7654210851390885, "ENV_Test_proba_accuracy_strategy_93_epoch18": 0.783204947702381, "ENV_Test_proba_accuracy_per_mean_strategy_epoch18": 0.8016021184013803, "ENV_Test_proba_accuracy_per_mean_user_epoch18": 0.8015218863367011, "ENV_Test_proba_accuracy_per_mean_user_and_bot_epoch18": 0.8221079554892479, "ENV_Test_accuracy_epoch18": 0.824448, "ENV_Test_accuracy_strategy_132_epoch18": 0.8419263456090652, "ENV_Test_accuracy_strategy_23_epoch18": 0.8350298917434157, "ENV_Test_accuracy_strategy_107_epoch18": 0.8866995073891626, "ENV_Test_accuracy_strategy_43_epoch18": 0.8225190839694656, "ENV_Test_accuracy_strategy_17_epoch18": 0.7978675136116152, "ENV_Test_accuracy_strategy_93_epoch18": 0.8114602587800369, "ENV_Test_accuracy_per_mean_strategy_epoch18": 0.8325837668504601, "ENV_Test_accuracy_per_mean_user_epoch18": 0.8329503355392043, "ENV_Test_accuracy_per_mean_user_and_bot_epoch18": 0.8546102263359046, "ENV_Train_TotalLoss_epoch19": 647.5380721006652, "ENV_Train_Right action_epoch19": 0.8764327648867767, "ENV_Train_Probability to choose the right action_epoch19": 0.8241430447052788, "ENV_Train_Weighted right action_epoch19": 0.8764327648867767, "ENV_Train_Weighted probability to choose the right action:_epoch19": 0.8241430447052788, "ENV_Test_TotalLoss_epoch19": 222.65863824631091, "ENV_Test_Right action_epoch19": 0.821184, "ENV_Test_Probability to choose the right action_epoch19": 0.7844655519032991, "ENV_Test_Weighted right action_epoch19": 0.8506476706861851, "ENV_Test_Weighted probability to choose the right action:_epoch19": 0.8148330679315903, "ENV_Test_proba_accuracy_epoch19": 0.7844655519032998, "ENV_Test_proba_accuracy_strategy_132_epoch19": 0.8153644927355606, "ENV_Test_proba_accuracy_strategy_23_epoch19": 0.7895680173446364, "ENV_Test_proba_accuracy_strategy_107_epoch19": 0.842648479894433, "ENV_Test_proba_accuracy_strategy_43_epoch19": 0.7803745032118978, "ENV_Test_proba_accuracy_strategy_17_epoch19": 0.7601945707462044, "ENV_Test_proba_accuracy_strategy_93_epoch19": 0.77695022949238, "ENV_Test_proba_accuracy_per_mean_strategy_epoch19": 0.7941833822375187, "ENV_Test_proba_accuracy_per_mean_user_epoch19": 0.7945488621982263, "ENV_Test_proba_accuracy_per_mean_user_and_bot_epoch19": 0.8148330679315908, "ENV_Test_accuracy_epoch19": 0.821184, "ENV_Test_accuracy_strategy_132_epoch19": 0.8441926345609065, "ENV_Test_accuracy_strategy_23_epoch19": 0.827435773145904, "ENV_Test_accuracy_strategy_107_epoch19": 0.8784893267651889, "ENV_Test_accuracy_strategy_43_epoch19": 0.8110687022900763, "ENV_Test_accuracy_strategy_17_epoch19": 0.8003629764065335, "ENV_Test_accuracy_strategy_93_epoch19": 0.8151571164510166, "ENV_Test_accuracy_per_mean_strategy_epoch19": 0.8294510882699376, "ENV_Test_accuracy_per_mean_user_epoch19": 0.8306021139380398, "ENV_Test_accuracy_per_mean_user_and_bot_epoch19": 0.8506476706861856, "ENV_Train_TotalLoss_epoch20": 633.1880747594223, "ENV_Train_Right action_epoch20": 0.8796337713167459, "ENV_Train_Probability to choose the right action_epoch20": 0.8278567845627943, "ENV_Train_Weighted right action_epoch20": 0.8796337713167459, "ENV_Train_Weighted probability to choose the right action:_epoch20": 0.8278567845627943, "ENV_Test_TotalLoss_epoch20": 227.6356630250596, "ENV_Test_Right action_epoch20": 0.823168, "ENV_Test_Probability to choose the right action_epoch20": 0.7942689803495472, "ENV_Test_Weighted right action_epoch20": 0.8539149831813766, "ENV_Test_Weighted probability to choose the right action:_epoch20": 0.8248546827438912, "ENV_Test_proba_accuracy_epoch20": 0.7942689803495478, "ENV_Test_proba_accuracy_strategy_132_epoch20": 0.8272061587544504, "ENV_Test_proba_accuracy_strategy_23_epoch20": 0.7985450730011625, "ENV_Test_proba_accuracy_strategy_107_epoch20": 0.8485947069116361, "ENV_Test_proba_accuracy_strategy_43_epoch20": 0.7915752347210157, "ENV_Test_proba_accuracy_strategy_17_epoch20": 0.7697431254094539, "ENV_Test_proba_accuracy_strategy_93_epoch20": 0.7893348878561819, "ENV_Test_proba_accuracy_per_mean_strategy_epoch20": 0.8041665311089833, "ENV_Test_proba_accuracy_per_mean_user_epoch20": 0.803950174982899, "ENV_Test_proba_accuracy_per_mean_user_and_bot_epoch20": 0.8248546827438907, "ENV_Test_accuracy_epoch20": 0.823168, "ENV_Test_accuracy_strategy_132_epoch20": 0.8521246458923513, "ENV_Test_accuracy_strategy_23_epoch20": 0.8301825820003231, "ENV_Test_accuracy_strategy_107_epoch20": 0.8801313628899836, "ENV_Test_accuracy_strategy_43_epoch20": 0.8129770992366412, "ENV_Test_accuracy_strategy_17_epoch20": 0.8003629764065335, "ENV_Test_accuracy_strategy_93_epoch20": 0.8114602587800369, "ENV_Test_accuracy_per_mean_strategy_epoch20": 0.8312064875343115, "ENV_Test_accuracy_per_mean_user_epoch20": 0.8326400702353097, "ENV_Test_accuracy_per_mean_user_and_bot_epoch20": 0.8539149831813769, "ENV_Train_TotalLoss_epoch21": 628.6958222982302, "ENV_Train_Right action_epoch21": 0.8807374070554034, "ENV_Train_Probability to choose the right action_epoch21": 0.8301582976414384, "ENV_Train_Weighted right action_epoch21": 0.8807374070554034, "ENV_Train_Weighted probability to choose the right action:_epoch21": 0.8301582976414384, "ENV_Test_TotalLoss_epoch21": 228.41676249504658, "ENV_Test_Right action_epoch21": 0.820992, "ENV_Test_Probability to choose the right action_epoch21": 0.7861902639314133, "ENV_Test_Weighted right action_epoch21": 0.8520309901666336, "ENV_Test_Weighted probability to choose the right action:_epoch21": 0.816514920044184, "ENV_Test_proba_accuracy_epoch21": 0.7861902639314132, "ENV_Test_proba_accuracy_strategy_132_epoch21": 0.8171269821879368, "ENV_Test_proba_accuracy_strategy_23_epoch21": 0.79007705359211, "ENV_Test_proba_accuracy_strategy_107_epoch21": 0.8420719964553791, "ENV_Test_proba_accuracy_strategy_43_epoch21": 0.7827659870185618, "ENV_Test_proba_accuracy_strategy_17_epoch21": 0.7635289359843009, "ENV_Test_proba_accuracy_strategy_93_epoch21": 0.7793358026171433, "ENV_Test_proba_accuracy_per_mean_strategy_epoch21": 0.7958177929759053, "ENV_Test_proba_accuracy_per_mean_user_epoch21": 0.796426512514917, "ENV_Test_proba_accuracy_per_mean_user_and_bot_epoch21": 0.8165149200441845, "ENV_Test_accuracy_epoch21": 0.820992, "ENV_Test_accuracy_strategy_132_epoch21": 0.8464589235127479, "ENV_Test_accuracy_strategy_23_epoch21": 0.8267894651801584, "ENV_Test_accuracy_strategy_107_epoch21": 0.8752052545155994, "ENV_Test_accuracy_strategy_43_epoch21": 0.8199745547073791, "ENV_Test_accuracy_strategy_17_epoch21": 0.7971869328493648, "ENV_Test_accuracy_strategy_93_epoch21": 0.8142329020332717, "ENV_Test_accuracy_per_mean_strategy_epoch21": 0.829974672133087, "ENV_Test_accuracy_per_mean_user_epoch21": 0.8299742660598389, "ENV_Test_accuracy_per_mean_user_and_bot_epoch21": 0.8520309901666334, "ENV_Train_TotalLoss_epoch22": 620.5033359743576, "ENV_Train_Right action_epoch22": 0.8831283198210791, "ENV_Train_Probability to choose the right action_epoch22": 0.8320932392393411, "ENV_Train_Weighted right action_epoch22": 0.8831283198210791, "ENV_Train_Weighted probability to choose the right action:_epoch22": 0.8320932392393411, "ENV_Test_TotalLoss_epoch22": 228.39898258274897, "ENV_Test_Right action_epoch22": 0.8208, "ENV_Test_Probability to choose the right action_epoch22": 0.7847747814376989, "ENV_Test_Weighted right action_epoch22": 0.8492515631373664, "ENV_Test_Weighted probability to choose the right action:_epoch22": 0.8143406368725529, "ENV_Test_proba_accuracy_epoch22": 0.7847747814376984, "ENV_Test_proba_accuracy_strategy_132_epoch22": 0.8138282185314243, "ENV_Test_proba_accuracy_strategy_23_epoch22": 0.7912608072911383, "ENV_Test_proba_accuracy_strategy_107_epoch22": 0.8413346298709962, "ENV_Test_proba_accuracy_strategy_43_epoch22": 0.7791852372022942, "ENV_Test_proba_accuracy_strategy_17_epoch22": 0.7607974986854206, "ENV_Test_proba_accuracy_strategy_93_epoch22": 0.7742501490318324, "ENV_Test_proba_accuracy_per_mean_strategy_epoch22": 0.7934427567688509, "ENV_Test_proba_accuracy_per_mean_user_epoch22": 0.795087534382903, "ENV_Test_proba_accuracy_per_mean_user_and_bot_epoch22": 0.8143406368725531, "ENV_Test_accuracy_epoch22": 0.8208, "ENV_Test_accuracy_strategy_132_epoch22": 0.8430594900849858, "ENV_Test_accuracy_strategy_23_epoch22": 0.8326062368718694, "ENV_Test_accuracy_strategy_107_epoch22": 0.8801313628899836, "ENV_Test_accuracy_strategy_43_epoch22": 0.8053435114503816, "ENV_Test_accuracy_strategy_17_epoch22": 0.7958257713248639, "ENV_Test_accuracy_strategy_93_epoch22": 0.8077634011090573, "ENV_Test_accuracy_per_mean_strategy_epoch22": 0.8274549622885236, "ENV_Test_accuracy_per_mean_user_epoch22": 0.8292889429932474, "ENV_Test_accuracy_per_mean_user_and_bot_epoch22": 0.8492515631373669, "ENV_Train_TotalLoss_epoch23": 612.6502875278419, "ENV_Train_Right action_epoch23": 0.8854271497260428, "ENV_Train_Probability to choose the right action_epoch23": 0.8343642272249021, "ENV_Train_Weighted right action_epoch23": 0.8854271497260428, "ENV_Train_Weighted probability to choose the right action:_epoch23": 0.8343642272249021, "ENV_Test_TotalLoss_epoch23": 227.10063550774103, "ENV_Test_Right action_epoch23": 0.819392, "ENV_Test_Probability to choose the right action_epoch23": 0.7872302667351656, "ENV_Test_Weighted right action_epoch23": 0.849730553269496, "ENV_Test_Weighted probability to choose the right action:_epoch23": 0.8161809702356468, "ENV_Test_proba_accuracy_epoch23": 0.7872302667351656, "ENV_Test_proba_accuracy_strategy_132_epoch23": 0.8178798447764749, "ENV_Test_proba_accuracy_strategy_23_epoch23": 0.7907457961399699, "ENV_Test_proba_accuracy_strategy_107_epoch23": 0.8374399101875736, "ENV_Test_proba_accuracy_strategy_43_epoch23": 0.7835724889133199, "ENV_Test_proba_accuracy_strategy_17_epoch23": 0.765471966848377, "ENV_Test_proba_accuracy_strategy_93_epoch23": 0.7828206762038759, "ENV_Test_proba_accuracy_per_mean_strategy_epoch23": 0.7963217805115986, "ENV_Test_proba_accuracy_per_mean_user_epoch23": 0.7974399238624484, "ENV_Test_proba_accuracy_per_mean_user_and_bot_epoch23": 0.8161809702356468, "ENV_Test_accuracy_epoch23": 0.819392, "ENV_Test_accuracy_strategy_132_epoch23": 0.8458923512747876, "ENV_Test_accuracy_strategy_23_epoch23": 0.8261431572144127, "ENV_Test_accuracy_strategy_107_epoch23": 0.8735632183908046, "ENV_Test_accuracy_strategy_43_epoch23": 0.8129770992366412, "ENV_Test_accuracy_strategy_17_epoch23": 0.7946914700544465, "ENV_Test_accuracy_strategy_93_epoch23": 0.8170055452865065, "ENV_Test_accuracy_per_mean_strategy_epoch23": 0.8283788069096, "ENV_Test_accuracy_per_mean_user_epoch23": 0.8273803873589217, "ENV_Test_accuracy_per_mean_user_and_bot_epoch23": 0.8497305532694971, "ENV_Train_TotalLoss_epoch24": 602.6801779582335, "ENV_Train_Right action_epoch24": 0.8858524720781672, "ENV_Train_Probability to choose the right action_epoch24": 0.8374687128673945, "ENV_Train_Weighted right action_epoch24": 0.8858524720781672, "ENV_Train_Weighted probability to choose the right action:_epoch24": 0.8374687128673945, "ENV_Test_TotalLoss_epoch24": 236.4698541314023, "ENV_Test_Right action_epoch24": 0.819328, "ENV_Test_Probability to choose the right action_epoch24": 0.7893372991405393, "ENV_Test_Weighted right action_epoch24": 0.8516249845647317, "ENV_Test_Weighted probability to choose the right action:_epoch24": 0.8203891706541305, "ENV_Test_proba_accuracy_epoch24": 0.7893372991405385, "ENV_Test_proba_accuracy_strategy_132_epoch24": 0.8192264858316168, "ENV_Test_proba_accuracy_strategy_23_epoch24": 0.7916892838977094, "ENV_Test_proba_accuracy_strategy_107_epoch24": 0.850906227551498, "ENV_Test_proba_accuracy_strategy_43_epoch24": 0.7880780526553361, "ENV_Test_proba_accuracy_strategy_17_epoch24": 0.7672899130712213, "ENV_Test_proba_accuracy_strategy_93_epoch24": 0.7841229624438014, "ENV_Test_proba_accuracy_per_mean_strategy_epoch24": 0.8002188209085306, "ENV_Test_proba_accuracy_per_mean_user_epoch24": 0.7996712331383288, "ENV_Test_proba_accuracy_per_mean_user_and_bot_epoch24": 0.8203891706541317, "ENV_Test_accuracy_epoch24": 0.819328, "ENV_Test_accuracy_strategy_132_epoch24": 0.8481586402266289, "ENV_Test_accuracy_strategy_23_epoch24": 0.8264663111972855, "ENV_Test_accuracy_strategy_107_epoch24": 0.8817733990147784, "ENV_Test_accuracy_strategy_43_epoch24": 0.806615776081425, "ENV_Test_accuracy_strategy_17_epoch24": 0.79491833030853, "ENV_Test_accuracy_strategy_93_epoch24": 0.8142329020332717, "ENV_Test_accuracy_per_mean_strategy_epoch24": 0.8286942264769865, "ENV_Test_accuracy_per_mean_user_epoch24": 0.829427612091972, "ENV_Test_accuracy_per_mean_user_and_bot_epoch24": 0.8516249845647316, "_wandb": {"runtime": 2202}}