{"ENV_Train_TotalLoss": 594.6303713611002, "ENV_Train_TotalLoss_epoch0": 1158.044045801755, "ENV_Train_Right action": 0.8869694047269627, "ENV_Train_Right action_epoch0": 0.7509256801128981, "ENV_Train_Probability to choose the right action": 0.8394441448561676, "ENV_Train_Probability to choose the right action_epoch0": 0.6596284635790448, "ENV_Train_Weighted right action": 0.8869694047269627, "ENV_Train_Weighted right action_epoch0": 0.7509256801128981, "ENV_Train_Weighted probability to choose the right action:": 0.8394441448561676, "ENV_Train_Weighted probability to choose the right action:_epoch0": 0.6596284635790448, "_timestamp": 1720423500.0676546, "_runtime": 2504.20987868309, "_step": 49, "ENV_Test_TotalLoss": 248.9111364524001, "ENV_Test_TotalLoss_epoch0": 238.12823516609075, "ENV_Test_Right action": 0.81536, "ENV_Test_Right action_epoch0": 0.771776, "ENV_Test_Probability to choose the right action": 0.7904287512948975, "ENV_Test_Probability to choose the right action_epoch0": 0.7120845845307748, "ENV_Test_Weighted right action": 0.8482497663730934, "ENV_Test_Weighted right action_epoch0": 0.8236126494610904, "ENV_Test_Weighted probability to choose the right action:": 0.8220185246374407, "ENV_Test_Weighted probability to choose the right action:_epoch0": 0.7579523250181073, "ENV_Test_proba_accuracy": 0.7904287512948982, "ENV_Test_proba_accuracy_epoch0": 0.7120845845307754, "ENV_Test_proba_accuracy_strategy_132": 0.8231508111837929, "ENV_Test_proba_accuracy_strategy_132_epoch0": 0.7646599102013546, "ENV_Test_proba_accuracy_strategy_23": 0.7949334013284227, "ENV_Test_proba_accuracy_strategy_23_epoch0": 0.7070722800930015, "ENV_Test_proba_accuracy_strategy_107": 0.8444239619399241, "ENV_Test_proba_accuracy_strategy_107_epoch0": 0.7829326672288196, "ENV_Test_proba_accuracy_strategy_43": 0.7844349258135649, "ENV_Test_proba_accuracy_strategy_43_epoch0": 0.7205611625782419, "ENV_Test_proba_accuracy_strategy_17": 0.7656300090770769, "ENV_Test_proba_accuracy_strategy_17_epoch0": 0.6810874544395545, "ENV_Test_proba_accuracy_strategy_93": 0.7906305547224491, "ENV_Test_proba_accuracy_strategy_93_epoch0": 0.7290803227425912, "ENV_Test_proba_accuracy_per_mean_strategy": 0.8005339440108717, "ENV_Test_proba_accuracy_per_mean_strategy_epoch0": 0.7308989662139272, "ENV_Test_proba_accuracy_per_mean_user": 0.8006639814501622, "ENV_Test_proba_accuracy_per_mean_user_epoch0": 0.7277753684030387, "ENV_Test_proba_accuracy_per_mean_user_and_bot": 0.822018524637441, "ENV_Test_proba_accuracy_per_mean_user_and_bot_epoch0": 0.7579523250181087, "ENV_Test_accuracy": 0.81536, "ENV_Test_accuracy_epoch0": 0.771776, "ENV_Test_accuracy_strategy_132": 0.8413597733711048, "ENV_Test_accuracy_strategy_132_epoch0": 0.8249291784702549, "ENV_Test_accuracy_strategy_23": 0.8191953465826466, "ENV_Test_accuracy_strategy_23_epoch0": 0.7699143641945387, "ENV_Test_accuracy_strategy_107": 0.8768472906403941, "ENV_Test_accuracy_strategy_107_epoch0": 0.8571428571428571, "ENV_Test_accuracy_strategy_43": 0.8085241730279898, "ENV_Test_accuracy_strategy_43_epoch0": 0.7868956743002544, "ENV_Test_accuracy_strategy_17": 0.7924228675136116, "ENV_Test_accuracy_strategy_17_epoch0": 0.7325317604355717, "ENV_Test_accuracy_strategy_93": 0.8197781885397413, "ENV_Test_accuracy_strategy_93_epoch0": 0.7855822550831792, "ENV_Test_accuracy_per_mean_strategy": 0.8263546066125813, "ENV_Test_accuracy_per_mean_strategy_epoch0": 0.7928326816044428, "ENV_Test_accuracy_per_mean_user": 0.8258727243217685, "ENV_Test_accuracy_per_mean_user_epoch0": 0.7898249097361896, "ENV_Test_accuracy_per_mean_user_and_bot": 0.8482497663730929, "ENV_Test_accuracy_per_mean_user_and_bot_epoch0": 0.8236126494610909, "ENV_Train_TotalLoss_epoch1": 982.4333091398798, "ENV_Train_Right action_epoch1": 0.7993010902991333, "ENV_Train_Probability to choose the right action_epoch1": 0.721600901800792, "ENV_Train_Weighted right action_epoch1": 0.7993010902991333, "ENV_Train_Weighted probability to choose the right action:_epoch1": 0.721600901800792, "ENV_Test_TotalLoss_epoch1": 222.1488791490785, "ENV_Test_Right action_epoch1": 0.7888, "ENV_Test_Probability to choose the right action_epoch1": 0.7224190132925035, "ENV_Test_Weighted right action_epoch1": 0.8360345327367259, "ENV_Test_Weighted probability to choose the right action:_epoch1": 0.7644538641685008, "ENV_Test_proba_accuracy_epoch1": 0.7224190132925047, "ENV_Test_proba_accuracy_strategy_132_epoch1": 0.7696172149892735, "ENV_Test_proba_accuracy_strategy_23_epoch1": 0.7199297110370185, "ENV_Test_proba_accuracy_strategy_107_epoch1": 0.7940184566516069, "ENV_Test_proba_accuracy_strategy_43_epoch1": 0.7312838095988021, "ENV_Test_proba_accuracy_strategy_17_epoch1": 0.6903357597213432, "ENV_Test_proba_accuracy_strategy_93_epoch1": 0.7371925129291925, "ENV_Test_proba_accuracy_per_mean_strategy_epoch1": 0.7403962441545394, "ENV_Test_proba_accuracy_per_mean_user_epoch1": 0.736798323746469, "ENV_Test_proba_accuracy_per_mean_user_and_bot_epoch1": 0.7644538641685011, "ENV_Test_accuracy_epoch1": 0.7888, "ENV_Test_accuracy_strategy_132_epoch1": 0.8373937677053824, "ENV_Test_accuracy_strategy_23_epoch1": 0.7880109872354176, "ENV_Test_accuracy_strategy_107_epoch1": 0.8702791461412152, "ENV_Test_accuracy_strategy_43_epoch1": 0.7983460559796438, "ENV_Test_accuracy_strategy_17_epoch1": 0.7515880217785844, "ENV_Test_accuracy_strategy_93_epoch1": 0.8059149722735675, "ENV_Test_accuracy_per_mean_strategy_epoch1": 0.8085888251856351, "ENV_Test_accuracy_per_mean_user_epoch1": 0.8055066429514124, "ENV_Test_accuracy_per_mean_user_and_bot_epoch1": 0.8360345327367265, "ENV_Train_TotalLoss_epoch2": 930.3466604629651, "ENV_Train_Right action_epoch2": 0.811069955971766, "ENV_Train_Probability to choose the right action_epoch2": 0.7374156834259685, "ENV_Train_Weighted right action_epoch2": 0.811069955971766, "ENV_Train_Weighted probability to choose the right action:_epoch2": 0.7374156834259685, "ENV_Test_TotalLoss_epoch2": 219.96361033721183, "ENV_Test_Right action_epoch2": 0.7968, "ENV_Test_Probability to choose the right action_epoch2": 0.7450606084038257, "ENV_Test_Weighted right action_epoch2": 0.8387720655797662, "ENV_Test_Weighted probability to choose the right action:_epoch2": 0.7876515472161466, "ENV_Test_proba_accuracy_epoch2": 0.7450606084038255, "ENV_Test_proba_accuracy_strategy_132_epoch2": 0.7914843364174861, "ENV_Test_proba_accuracy_strategy_23_epoch2": 0.7449627647984054, "ENV_Test_proba_accuracy_strategy_107_epoch2": 0.8166943965057111, "ENV_Test_proba_accuracy_strategy_43_epoch2": 0.7533075857390449, "ENV_Test_proba_accuracy_strategy_17_epoch2": 0.711796977402879, "ENV_Test_proba_accuracy_strategy_93_epoch2": 0.7531054644638927, "ENV_Test_proba_accuracy_per_mean_strategy_epoch2": 0.7618919208879033, "ENV_Test_proba_accuracy_per_mean_user_epoch2": 0.7597939643663545, "ENV_Test_proba_accuracy_per_mean_user_and_bot_epoch2": 0.7876515472161473, "ENV_Test_accuracy_epoch2": 0.7968, "ENV_Test_accuracy_strategy_132_epoch2": 0.8396600566572238, "ENV_Test_accuracy_strategy_23_epoch2": 0.8017450315075133, "ENV_Test_accuracy_strategy_107_epoch2": 0.8604269293924466, "ENV_Test_accuracy_strategy_43_epoch2": 0.8021628498727735, "ENV_Test_accuracy_strategy_17_epoch2": 0.7624773139745916, "ENV_Test_accuracy_strategy_93_epoch2": 0.7948243992606284, "ENV_Test_accuracy_per_mean_strategy_epoch2": 0.8102160967775296, "ENV_Test_accuracy_per_mean_user_epoch2": 0.8121059737069404, "ENV_Test_accuracy_per_mean_user_and_bot_epoch2": 0.8387720655797661, "ENV_Train_TotalLoss_epoch3": 897.6450392704253, "ENV_Train_Right action_epoch3": 0.818228824573417, "ENV_Train_Probability to choose the right action_epoch3": 0.7483434516466506, "ENV_Train_Weighted right action_epoch3": 0.818228824573417, "ENV_Train_Weighted probability to choose the right action:_epoch3": 0.7483434516466506, "ENV_Test_TotalLoss_epoch3": 214.87671028338954, "ENV_Test_Right action_epoch3": 0.806208, "ENV_Test_Probability to choose the right action_epoch3": 0.7523026933716963, "ENV_Test_Weighted right action_epoch3": 0.8422566309670343, "ENV_Test_Weighted probability to choose the right action:_epoch3": 0.7928313892020491, "ENV_Test_proba_accuracy_epoch3": 0.7523026933716971, "ENV_Test_proba_accuracy_strategy_132_epoch3": 0.7966801103488957, "ENV_Test_proba_accuracy_strategy_23_epoch3": 0.7549850788913535, "ENV_Test_proba_accuracy_strategy_107_epoch3": 0.8207500672026735, "ENV_Test_proba_accuracy_strategy_43_epoch3": 0.7587499610879924, "ENV_Test_proba_accuracy_strategy_17_epoch3": 0.7179264128361261, "ENV_Test_proba_accuracy_strategy_93_epoch3": 0.7567238247412047, "ENV_Test_proba_accuracy_per_mean_strategy_epoch3": 0.7676359091847077, "ENV_Test_proba_accuracy_per_mean_user_epoch3": 0.7648515364802155, "ENV_Test_proba_accuracy_per_mean_user_and_bot_epoch3": 0.7928313892020491, "ENV_Test_accuracy_epoch3": 0.806208, "ENV_Test_accuracy_strategy_132_epoch3": 0.8402266288951842, "ENV_Test_accuracy_strategy_23_epoch3": 0.8130554209080627, "ENV_Test_accuracy_strategy_107_epoch3": 0.8587848932676518, "ENV_Test_accuracy_strategy_43_epoch3": 0.8097964376590331, "ENV_Test_accuracy_strategy_17_epoch3": 0.7747277676950998, "ENV_Test_accuracy_strategy_93_epoch3": 0.8049907578558225, "ENV_Test_accuracy_per_mean_strategy_epoch3": 0.8169303177134757, "ENV_Test_accuracy_per_mean_user_epoch3": 0.8154317619641871, "ENV_Test_accuracy_per_mean_user_and_bot_epoch3": 0.8422566309670353, "ENV_Train_TotalLoss_epoch4": 868.053197794058, "ENV_Train_Right action_epoch4": 0.826219426974144, "ENV_Train_Probability to choose the right action_epoch4": 0.7573674333235887, "ENV_Train_Weighted right action_epoch4": 0.826219426974144, "ENV_Train_Weighted probability to choose the right action:_epoch4": 0.7573674333235887, "ENV_Test_TotalLoss_epoch4": 215.76724086682142, "ENV_Test_Right action_epoch4": 0.809792, "ENV_Test_Probability to choose the right action_epoch4": 0.7614705342759462, "ENV_Test_Weighted right action_epoch4": 0.8447932759678234, "ENV_Test_Weighted probability to choose the right action:_epoch4": 0.8007315305436089, "ENV_Test_proba_accuracy_epoch4": 0.7614705342759466, "ENV_Test_proba_accuracy_strategy_132_epoch4": 0.8050207933578396, "ENV_Test_proba_accuracy_strategy_23_epoch4": 0.7640365664145699, "ENV_Test_proba_accuracy_strategy_107_epoch4": 0.8268217665671155, "ENV_Test_proba_accuracy_strategy_43_epoch4": 0.7651069994479845, "ENV_Test_proba_accuracy_strategy_17_epoch4": 0.7281751186200783, "ENV_Test_proba_accuracy_strategy_93_epoch4": 0.7693294883515671, "ENV_Test_proba_accuracy_per_mean_strategy_epoch4": 0.7764151221265259, "ENV_Test_proba_accuracy_per_mean_user_epoch4": 0.7737085324528308, "ENV_Test_proba_accuracy_per_mean_user_and_bot_epoch4": 0.8007315305436082, "ENV_Test_accuracy_epoch4": 0.809792, "ENV_Test_accuracy_strategy_132_epoch4": 0.8413597733711048, "ENV_Test_accuracy_strategy_23_epoch4": 0.8148327678138633, "ENV_Test_accuracy_strategy_107_epoch4": 0.8669950738916257, "ENV_Test_accuracy_strategy_43_epoch4": 0.8104325699745547, "ENV_Test_accuracy_strategy_17_epoch4": 0.7806261343012704, "ENV_Test_accuracy_strategy_93_epoch4": 0.8151571164510166, "ENV_Test_accuracy_per_mean_strategy_epoch4": 0.8215672393005725, "ENV_Test_accuracy_per_mean_user_epoch4": 0.819688302495277, "ENV_Test_accuracy_per_mean_user_and_bot_epoch4": 0.8447932759678248, "ENV_Train_TotalLoss_epoch5": 842.595079069609, "ENV_Train_Right action_epoch5": 0.8327905058779127, "ENV_Train_Probability to choose the right action_epoch5": 0.765355049368338, "ENV_Train_Weighted right action_epoch5": 0.8327905058779127, "ENV_Train_Weighted probability to choose the right action:_epoch5": 0.765355049368338, "ENV_Test_TotalLoss_epoch5": 209.21316718175268, "ENV_Test_Right action_epoch5": 0.819136, "ENV_Test_Probability to choose the right action_epoch5": 0.7694247471123268, "ENV_Test_Weighted right action_epoch5": 0.8526054912069472, "ENV_Test_Weighted probability to choose the right action:_epoch5": 0.8048893488776848, "ENV_Test_proba_accuracy_epoch5": 0.7694247471123268, "ENV_Test_proba_accuracy_strategy_132_epoch5": 0.8082134996142145, "ENV_Test_proba_accuracy_strategy_23_epoch5": 0.7734843361670464, "ENV_Test_proba_accuracy_strategy_107_epoch5": 0.8284205659490659, "ENV_Test_proba_accuracy_strategy_43_epoch5": 0.764292731096074, "ENV_Test_proba_accuracy_strategy_17_epoch5": 0.7404056148268743, "ENV_Test_proba_accuracy_strategy_93_epoch5": 0.7754029964605343, "ENV_Test_proba_accuracy_per_mean_strategy_epoch5": 0.7817032906856349, "ENV_Test_proba_accuracy_per_mean_user_epoch5": 0.7805526311517755, "ENV_Test_proba_accuracy_per_mean_user_and_bot_epoch5": 0.8048893488776842, "ENV_Test_accuracy_epoch5": 0.819136, "ENV_Test_accuracy_strategy_132_epoch5": 0.8441926345609065, "ENV_Test_accuracy_strategy_23_epoch5": 0.8248505412829213, "ENV_Test_accuracy_strategy_107_epoch5": 0.8735632183908046, "ENV_Test_accuracy_strategy_43_epoch5": 0.8072519083969466, "ENV_Test_accuracy_strategy_17_epoch5": 0.7960526315789473, "ENV_Test_accuracy_strategy_93_epoch5": 0.8262476894639557, "ENV_Test_accuracy_per_mean_strategy_epoch5": 0.828693103945747, "ENV_Test_accuracy_per_mean_user_epoch5": 0.8290393361090852, "ENV_Test_accuracy_per_mean_user_and_bot_epoch5": 0.852605491206948, "ENV_Train_TotalLoss_epoch6": 820.0232138344305, "ENV_Train_Right action_epoch6": 0.8369671558350804, "ENV_Train_Probability to choose the right action_epoch6": 0.7720469710795755, "ENV_Train_Weighted right action_epoch6": 0.8369671558350804, "ENV_Train_Weighted probability to choose the right action:_epoch6": 0.7720469710795755, "ENV_Test_TotalLoss_epoch6": 206.8542923778458, "ENV_Test_Right action_epoch6": 0.820352, "ENV_Test_Probability to choose the right action_epoch6": 0.7695907711377376, "ENV_Test_Weighted right action_epoch6": 0.8524615421898335, "ENV_Test_Weighted probability to choose the right action:_epoch6": 0.8051321455220004, "ENV_Test_proba_accuracy_epoch6": 0.7695907711377378, "ENV_Test_proba_accuracy_strategy_132_epoch6": 0.8079924686160751, "ENV_Test_proba_accuracy_strategy_23_epoch6": 0.773229504365285, "ENV_Test_proba_accuracy_strategy_107_epoch6": 0.8259275496903896, "ENV_Test_proba_accuracy_strategy_43_epoch6": 0.7664103513573666, "ENV_Test_proba_accuracy_strategy_17_epoch6": 0.7407083170231564, "ENV_Test_proba_accuracy_strategy_93_epoch6": 0.776712086755759, "ENV_Test_proba_accuracy_per_mean_strategy_epoch6": 0.7818300463013386, "ENV_Test_proba_accuracy_per_mean_user_epoch6": 0.7808813823199099, "ENV_Test_proba_accuracy_per_mean_user_and_bot_epoch6": 0.805132145522001, "ENV_Test_accuracy_epoch6": 0.820352, "ENV_Test_accuracy_strategy_132_epoch6": 0.851558073654391, "ENV_Test_accuracy_strategy_23_epoch6": 0.8259815802229763, "ENV_Test_accuracy_strategy_107_epoch6": 0.8752052545155994, "ENV_Test_accuracy_strategy_43_epoch6": 0.811704834605598, "ENV_Test_accuracy_strategy_17_epoch6": 0.7958257713248639, "ENV_Test_accuracy_strategy_93_epoch6": 0.8188539741219963, "ENV_Test_accuracy_per_mean_strategy_epoch6": 0.829854914740904, "ENV_Test_accuracy_per_mean_user_epoch6": 0.8307027567864426, "ENV_Test_accuracy_per_mean_user_and_bot_epoch6": 0.8524615421898323, "ENV_Train_TotalLoss_epoch7": 802.3060907344938, "ENV_Train_Right action_epoch7": 0.8406244758763348, "ENV_Train_Probability to choose the right action_epoch7": 0.778020219586571, "ENV_Train_Weighted right action_epoch7": 0.8406244758763348, "ENV_Train_Weighted probability to choose the right action:_epoch7": 0.778020219586571, "ENV_Test_TotalLoss_epoch7": 211.78298849761964, "ENV_Test_Right action_epoch7": 0.820544, "ENV_Test_Probability to choose the right action_epoch7": 0.7738667806769337, "ENV_Test_Weighted right action_epoch7": 0.8551999296576809, "ENV_Test_Weighted probability to choose the right action:_epoch7": 0.8124171275232819, "ENV_Test_proba_accuracy_epoch7": 0.7738667806769335, "ENV_Test_proba_accuracy_strategy_132_epoch7": 0.8158774342926525, "ENV_Test_proba_accuracy_strategy_23_epoch7": 0.7756983853148952, "ENV_Test_proba_accuracy_strategy_107_epoch7": 0.8360976298799492, "ENV_Test_proba_accuracy_strategy_43_epoch7": 0.7702541521652825, "ENV_Test_proba_accuracy_strategy_17_epoch7": 0.7456246534508648, "ENV_Test_proba_accuracy_strategy_93_epoch7": 0.78013956896908, "ENV_Test_proba_accuracy_per_mean_strategy_epoch7": 0.7872819706787874, "ENV_Test_proba_accuracy_per_mean_user_epoch7": 0.7866496598097518, "ENV_Test_proba_accuracy_per_mean_user_and_bot_epoch7": 0.8124171275232829, "ENV_Test_accuracy_epoch7": 0.820544, "ENV_Test_accuracy_strategy_132_epoch7": 0.8509915014164305, "ENV_Test_accuracy_strategy_23_epoch7": 0.8246889642914849, "ENV_Test_accuracy_strategy_107_epoch7": 0.8784893267651889, "ENV_Test_accuracy_strategy_43_epoch7": 0.811704834605598, "ENV_Test_accuracy_strategy_17_epoch7": 0.7971869328493648, "ENV_Test_accuracy_strategy_93_epoch7": 0.822550831792976, "ENV_Test_accuracy_per_mean_strategy_epoch7": 0.8309353986201738, "ENV_Test_accuracy_per_mean_user_epoch7": 0.8312119500653684, "ENV_Test_accuracy_per_mean_user_and_bot_epoch7": 0.8551999296576804, "ENV_Train_TotalLoss_epoch8": 777.9733118612303, "ENV_Train_Right action_epoch8": 0.8452668800402522, "ENV_Train_Probability to choose the right action_epoch8": 0.7843292675641974, "ENV_Train_Weighted right action_epoch8": 0.8452668800402522, "ENV_Train_Weighted probability to choose the right action:_epoch8": 0.7843292675641974, "ENV_Test_TotalLoss_epoch8": 206.80065283064116, "ENV_Test_Right action_epoch8": 0.822272, "ENV_Test_Probability to choose the right action_epoch8": 0.7791209570648434, "ENV_Test_Weighted right action_epoch8": 0.8553872990470137, "ENV_Test_Weighted probability to choose the right action:_epoch8": 0.8167688214618983, "ENV_Test_proba_accuracy_epoch8": 0.779120957064843, "ENV_Test_proba_accuracy_strategy_132_epoch8": 0.8164364062119198, "ENV_Test_proba_accuracy_strategy_23_epoch8": 0.7817644322976434, "ENV_Test_proba_accuracy_strategy_107_epoch8": 0.8436437492835549, "ENV_Test_proba_accuracy_strategy_43_epoch8": 0.7811749990897316, "ENV_Test_proba_accuracy_strategy_17_epoch8": 0.7492043542221135, "ENV_Test_proba_accuracy_strategy_93_epoch8": 0.7857076620981501, "ENV_Test_proba_accuracy_per_mean_strategy_epoch8": 0.7929886005338522, "ENV_Test_proba_accuracy_per_mean_user_epoch8": 0.7906672444893874, "ENV_Test_proba_accuracy_per_mean_user_and_bot_epoch8": 0.8167688214618986, "ENV_Test_accuracy_epoch8": 0.822272, "ENV_Test_accuracy_strategy_132_epoch8": 0.8441926345609065, "ENV_Test_accuracy_strategy_23_epoch8": 0.8275973501373405, "ENV_Test_accuracy_strategy_107_epoch8": 0.8817733990147784, "ENV_Test_accuracy_strategy_43_epoch8": 0.8180661577608143, "ENV_Test_accuracy_strategy_17_epoch8": 0.7994555353901996, "ENV_Test_accuracy_strategy_93_epoch8": 0.821626617375231, "ENV_Test_accuracy_per_mean_strategy_epoch8": 0.8321186157065451, "ENV_Test_accuracy_per_mean_user_epoch8": 0.832065869264181, "ENV_Test_accuracy_per_mean_user_and_bot_epoch8": 0.8553872990470142, "ENV_Train_TotalLoss_epoch9": 757.967034802911, "ENV_Train_Right action_epoch9": 0.8509308956725931, "ENV_Train_Probability to choose the right action_epoch9": 0.7905115072478796, "ENV_Train_Weighted right action_epoch9": 0.8509308956725931, "ENV_Train_Weighted probability to choose the right action:_epoch9": 0.7905115072478796, "ENV_Test_TotalLoss_epoch9": 213.3807935583245, "ENV_Test_Right action_epoch9": 0.8224, "ENV_Test_Probability to choose the right action_epoch9": 0.7818012804686454, "ENV_Test_Weighted right action_epoch9": 0.8520499300429509, "ENV_Test_Weighted probability to choose the right action:_epoch9": 0.8163810330105582, "ENV_Test_proba_accuracy_epoch9": 0.781801280468645, "ENV_Test_proba_accuracy_strategy_132_epoch9": 0.8148099472903774, "ENV_Test_proba_accuracy_strategy_23_epoch9": 0.7858189952226604, "ENV_Test_proba_accuracy_strategy_107_epoch9": 0.8470331377693081, "ENV_Test_proba_accuracy_strategy_43_epoch9": 0.7789546828500764, "ENV_Test_proba_accuracy_strategy_17_epoch9": 0.7540255124484131, "ENV_Test_proba_accuracy_strategy_93_epoch9": 0.7855520219108922, "ENV_Test_proba_accuracy_per_mean_strategy_epoch9": 0.7943657162486213, "ENV_Test_proba_accuracy_per_mean_user_epoch9": 0.7928959918691392, "ENV_Test_proba_accuracy_per_mean_user_and_bot_epoch9": 0.8163810330105581, "ENV_Test_accuracy_epoch9": 0.8224, "ENV_Test_accuracy_strategy_132_epoch9": 0.8424929178470255, "ENV_Test_accuracy_strategy_23_epoch9": 0.8290515430602682, "ENV_Test_accuracy_strategy_107_epoch9": 0.8801313628899836, "ENV_Test_accuracy_strategy_43_epoch9": 0.8155216284987278, "ENV_Test_accuracy_strategy_17_epoch9": 0.7980943738656987, "ENV_Test_accuracy_strategy_93_epoch9": 0.8280961182994455, "ENV_Test_accuracy_per_mean_strategy_epoch9": 0.8322313240768583, "ENV_Test_accuracy_per_mean_user_epoch9": 0.8319738928769415, "ENV_Test_accuracy_per_mean_user_and_bot_epoch9": 0.8520499300429513, "ENV_Train_TotalLoss_epoch10": 747.5670939323476, "ENV_Train_Right action_epoch10": 0.8532338308457711, "ENV_Train_Probability to choose the right action_epoch10": 0.793984903460358, "ENV_Train_Weighted right action_epoch10": 0.8532338308457711, "ENV_Train_Weighted probability to choose the right action:_epoch10": 0.793984903460358, "ENV_Test_TotalLoss_epoch10": 224.4583751577338, "ENV_Test_Right action_epoch10": 0.820736, "ENV_Test_Probability to choose the right action_epoch10": 0.7847334348493998, "ENV_Test_Weighted right action_epoch10": 0.8516432581702856, "ENV_Test_Weighted probability to choose the right action:_epoch10": 0.8217598175124499, "ENV_Test_proba_accuracy_epoch10": 0.7847334348493995, "ENV_Test_proba_accuracy_strategy_132_epoch10": 0.8197402086518424, "ENV_Test_proba_accuracy_strategy_23_epoch10": 0.7886955277013105, "ENV_Test_proba_accuracy_strategy_107_epoch10": 0.8529973655576562, "ENV_Test_proba_accuracy_strategy_43_epoch10": 0.7823721174647131, "ENV_Test_proba_accuracy_strategy_17_epoch10": 0.7554084828510682, "ENV_Test_proba_accuracy_strategy_93_epoch10": 0.789442581905087, "ENV_Test_proba_accuracy_per_mean_strategy_epoch10": 0.7981093806886128, "ENV_Test_proba_accuracy_per_mean_user_epoch10": 0.796268328371158, "ENV_Test_proba_accuracy_per_mean_user_and_bot_epoch10": 0.82175981751245, "ENV_Test_accuracy_epoch10": 0.820736, "ENV_Test_accuracy_strategy_132_epoch10": 0.8436260623229461, "ENV_Test_accuracy_strategy_23_epoch10": 0.827435773145904, "ENV_Test_accuracy_strategy_107_epoch10": 0.8752052545155994, "ENV_Test_accuracy_strategy_43_epoch10": 0.8129770992366412, "ENV_Test_accuracy_strategy_17_epoch10": 0.7951451905626135, "ENV_Test_accuracy_strategy_93_epoch10": 0.8299445471349353, "ENV_Test_accuracy_per_mean_strategy_epoch10": 0.8307223211531066, "ENV_Test_accuracy_per_mean_user_epoch10": 0.8294672145334543, "ENV_Test_accuracy_per_mean_user_and_bot_epoch10": 0.8516432581702854, "ENV_Train_TotalLoss_epoch11": 735.489285783829, "ENV_Train_Right action_epoch11": 0.8568513445519093, "ENV_Train_Probability to choose the right action_epoch11": 0.7984672529052985, "ENV_Train_Weighted right action_epoch11": 0.8568513445519093, "ENV_Train_Weighted probability to choose the right action:_epoch11": 0.7984672529052985, "ENV_Test_TotalLoss_epoch11": 222.86501811207916, "ENV_Test_Right action_epoch11": 0.818176, "ENV_Test_Probability to choose the right action_epoch11": 0.7835941520069499, "ENV_Test_Weighted right action_epoch11": 0.8505704532864923, "ENV_Test_Weighted probability to choose the right action:_epoch11": 0.8198772636229805, "ENV_Test_proba_accuracy_epoch11": 0.783594152006949, "ENV_Test_proba_accuracy_strategy_132_epoch11": 0.8183654857441843, "ENV_Test_proba_accuracy_strategy_23_epoch11": 0.7880762274519975, "ENV_Test_proba_accuracy_strategy_107_epoch11": 0.8465928404572026, "ENV_Test_proba_accuracy_strategy_43_epoch11": 0.7825620522805115, "ENV_Test_proba_accuracy_strategy_17_epoch11": 0.7541502485828704, "ENV_Test_proba_accuracy_strategy_93_epoch11": 0.7872300270730019, "ENV_Test_proba_accuracy_per_mean_strategy_epoch11": 0.7961628135982948, "ENV_Test_proba_accuracy_per_mean_user_epoch11": 0.7948689632906938, "ENV_Test_proba_accuracy_per_mean_user_and_bot_epoch11": 0.8198772636229804, "ENV_Test_accuracy_epoch11": 0.818176, "ENV_Test_accuracy_strategy_132_epoch11": 0.8441926345609065, "ENV_Test_accuracy_strategy_23_epoch11": 0.8269510421715948, "ENV_Test_accuracy_strategy_107_epoch11": 0.8784893267651889, "ENV_Test_accuracy_strategy_43_epoch11": 0.8142493638676844, "ENV_Test_accuracy_strategy_17_epoch11": 0.7883393829401089, "ENV_Test_accuracy_strategy_93_epoch11": 0.8188539741219963, "ENV_Test_accuracy_per_mean_strategy_epoch11": 0.8285126207379133, "ENV_Test_accuracy_per_mean_user_epoch11": 0.8281915219180995, "ENV_Test_accuracy_per_mean_user_and_bot_epoch11": 0.8505704532864925, "ENV_Train_TotalLoss_epoch12": 718.0090775030852, "ENV_Train_Right action_epoch12": 0.8611662426970061, "ENV_Train_Probability to choose the right action_epoch12": 0.8031050119723786, "ENV_Train_Weighted right action_epoch12": 0.8611662426970061, "ENV_Train_Weighted probability to choose the right action:_epoch12": 0.8031050119723786, "ENV_Test_TotalLoss_epoch12": 216.74560542537273, "ENV_Test_Right action_epoch12": 0.8192, "ENV_Test_Probability to choose the right action_epoch12": 0.7804427143431217, "ENV_Test_Weighted right action_epoch12": 0.8510892160677126, "ENV_Test_Weighted probability to choose the right action:_epoch12": 0.8168326363258279, "ENV_Test_proba_accuracy_epoch12": 0.7804427143431221, "ENV_Test_proba_accuracy_strategy_132_epoch12": 0.8163431436090948, "ENV_Test_proba_accuracy_strategy_23_epoch12": 0.7823061078127304, "ENV_Test_proba_accuracy_strategy_107_epoch12": 0.843591294544035, "ENV_Test_proba_accuracy_strategy_43_epoch12": 0.7784473550379984, "ENV_Test_proba_accuracy_strategy_17_epoch12": 0.7538315132065155, "ENV_Test_proba_accuracy_strategy_93_epoch12": 0.7869903984998794, "ENV_Test_proba_accuracy_per_mean_strategy_epoch12": 0.7935849687850424, "ENV_Test_proba_accuracy_per_mean_user_epoch12": 0.7918917151367424, "ENV_Test_proba_accuracy_per_mean_user_and_bot_epoch12": 0.816832636325828, "ENV_Test_accuracy_epoch12": 0.8192, "ENV_Test_accuracy_strategy_132_epoch12": 0.8481586402266289, "ENV_Test_accuracy_strategy_23_epoch12": 0.8212958474713201, "ENV_Test_accuracy_strategy_107_epoch12": 0.8784893267651889, "ENV_Test_accuracy_strategy_43_epoch12": 0.8104325699745547, "ENV_Test_accuracy_strategy_17_epoch12": 0.7971869328493648, "ENV_Test_accuracy_strategy_93_epoch12": 0.8290203327171903, "ENV_Test_accuracy_per_mean_strategy_epoch12": 0.8307639416673748, "ENV_Test_accuracy_per_mean_user_epoch12": 0.8292382382758038, "ENV_Test_accuracy_per_mean_user_and_bot_epoch12": 0.8510892160677126, "ENV_Train_TotalLoss_epoch13": 706.8092098432019, "ENV_Train_Right action_epoch13": 0.8624386698164638, "ENV_Train_Probability to choose the right action_epoch13": 0.8066946646136065, "ENV_Train_Weighted right action_epoch13": 0.8624386698164638, "ENV_Train_Weighted probability to choose the right action:_epoch13": 0.8066946646136065, "ENV_Test_TotalLoss_epoch13": 220.6621657458071, "ENV_Test_Right action_epoch13": 0.820864, "ENV_Test_Probability to choose the right action_epoch13": 0.7836950042072838, "ENV_Test_Weighted right action_epoch13": 0.8510123006907669, "ENV_Test_Weighted probability to choose the right action:_epoch13": 0.817380215544158, "ENV_Test_proba_accuracy_epoch13": 0.783695004207284, "ENV_Test_proba_accuracy_strategy_132_epoch13": 0.8167118575009583, "ENV_Test_proba_accuracy_strategy_23_epoch13": 0.7881142010818799, "ENV_Test_proba_accuracy_strategy_107_epoch13": 0.8441864679739765, "ENV_Test_proba_accuracy_strategy_43_epoch13": 0.7762803837816052, "ENV_Test_proba_accuracy_strategy_17_epoch13": 0.7579138250471176, "ENV_Test_proba_accuracy_strategy_93_epoch13": 0.7863149340529909, "ENV_Test_proba_accuracy_per_mean_strategy_epoch13": 0.7949202782397546, "ENV_Test_proba_accuracy_per_mean_user_epoch13": 0.7941844918696924, "ENV_Test_proba_accuracy_per_mean_user_and_bot_epoch13": 0.8173802155441579, "ENV_Test_accuracy_epoch13": 0.820864, "ENV_Test_accuracy_strategy_132_epoch13": 0.8453257790368272, "ENV_Test_accuracy_strategy_23_epoch13": 0.8279205041202132, "ENV_Test_accuracy_strategy_107_epoch13": 0.8801313628899836, "ENV_Test_accuracy_strategy_43_epoch13": 0.8085241730279898, "ENV_Test_accuracy_strategy_17_epoch13": 0.7976406533575318, "ENV_Test_accuracy_strategy_93_epoch13": 0.8197781885397413, "ENV_Test_accuracy_per_mean_strategy_epoch13": 0.8298867768287144, "ENV_Test_accuracy_per_mean_user_epoch13": 0.8291016032336456, "ENV_Test_accuracy_per_mean_user_and_bot_epoch13": 0.8510123006907666, "ENV_Train_TotalLoss_epoch14": 692.9077913786334, "ENV_Train_Right action_epoch14": 0.8667365332215469, "ENV_Train_Probability to choose the right action_epoch14": 0.8109881295036747, "ENV_Train_Weighted right action_epoch14": 0.8667365332215469, "ENV_Train_Weighted probability to choose the right action:_epoch14": 0.8109881295036747, "ENV_Test_TotalLoss_epoch14": 223.81051916013487, "ENV_Test_Right action_epoch14": 0.815936, "ENV_Test_Probability to choose the right action_epoch14": 0.7790836380675293, "ENV_Test_Weighted right action_epoch14": 0.8513864528566283, "ENV_Test_Weighted probability to choose the right action:_epoch14": 0.814152701802362, "ENV_Test_proba_accuracy_epoch14": 0.7790836380675307, "ENV_Test_proba_accuracy_strategy_132_epoch14": 0.8167351079230861, "ENV_Test_proba_accuracy_strategy_23_epoch14": 0.7798507900538164, "ENV_Test_proba_accuracy_strategy_107_epoch14": 0.8407187997638037, "ENV_Test_proba_accuracy_strategy_43_epoch14": 0.7764539869382757, "ENV_Test_proba_accuracy_strategy_17_epoch14": 0.7544845470975698, "ENV_Test_proba_accuracy_strategy_93_epoch14": 0.7826215707473535, "ENV_Test_proba_accuracy_per_mean_strategy_epoch14": 0.7918108004206509, "ENV_Test_proba_accuracy_per_mean_user_epoch14": 0.791586359759218, "ENV_Test_proba_accuracy_per_mean_user_and_bot_epoch14": 0.814152701802363, "ENV_Test_accuracy_epoch14": 0.815936, "ENV_Test_accuracy_strategy_132_epoch14": 0.8481586402266289, "ENV_Test_accuracy_strategy_23_epoch14": 0.8140248828566812, "ENV_Test_accuracy_strategy_107_epoch14": 0.8801313628899836, "ENV_Test_accuracy_strategy_43_epoch14": 0.816793893129771, "ENV_Test_accuracy_strategy_17_epoch14": 0.7951451905626135, "ENV_Test_accuracy_strategy_93_epoch14": 0.821626617375231, "ENV_Test_accuracy_per_mean_strategy_epoch14": 0.8293134311734849, "ENV_Test_accuracy_per_mean_user_epoch14": 0.828144013736725, "ENV_Test_accuracy_per_mean_user_and_bot_epoch14": 0.8513864528566282, "ENV_Train_TotalLoss_epoch15": 678.3660576228577, "ENV_Train_Right action_epoch15": 0.8694558213002698, "ENV_Train_Probability to choose the right action_epoch15": 0.8143238926736783, "ENV_Train_Weighted right action_epoch15": 0.8694558213002698, "ENV_Train_Weighted probability to choose the right action:_epoch15": 0.8143238926736783, "ENV_Test_TotalLoss_epoch15": 222.97756459102735, "ENV_Test_Right action_epoch15": 0.822336, "ENV_Test_Probability to choose the right action_epoch15": 0.7877459714926963, "ENV_Test_Weighted right action_epoch15": 0.8525915058343998, "ENV_Test_Weighted probability to choose the right action:_epoch15": 0.8192273271781998, "ENV_Test_proba_accuracy_epoch15": 0.7877459714926967, "ENV_Test_proba_accuracy_strategy_132_epoch15": 0.81923191664474, "ENV_Test_proba_accuracy_strategy_23_epoch15": 0.7923219860119446, "ENV_Test_proba_accuracy_strategy_107_epoch15": 0.8445720341034928, "ENV_Test_proba_accuracy_strategy_43_epoch15": 0.7835703135459777, "ENV_Test_proba_accuracy_strategy_17_epoch15": 0.7625328514302959, "ENV_Test_proba_accuracy_strategy_93_epoch15": 0.7870092324394146, "ENV_Test_proba_accuracy_per_mean_strategy_epoch15": 0.798206389029311, "ENV_Test_proba_accuracy_per_mean_user_epoch15": 0.7976844003546854, "ENV_Test_proba_accuracy_per_mean_user_and_bot_epoch15": 0.8192273271782001, "ENV_Test_accuracy_epoch15": 0.822336, "ENV_Test_accuracy_strategy_132_epoch15": 0.8487252124645892, "ENV_Test_accuracy_strategy_23_epoch15": 0.8272741961544676, "ENV_Test_accuracy_strategy_107_epoch15": 0.8735632183908046, "ENV_Test_accuracy_strategy_43_epoch15": 0.8123409669211196, "ENV_Test_accuracy_strategy_17_epoch15": 0.800589836660617, "ENV_Test_accuracy_strategy_93_epoch15": 0.8253234750462107, "ENV_Test_accuracy_per_mean_strategy_epoch15": 0.8313028176063014, "ENV_Test_accuracy_per_mean_user_epoch15": 0.8321013938697546, "ENV_Test_accuracy_per_mean_user_and_bot_epoch15": 0.8525915058343998, "ENV_Train_TotalLoss_epoch16": 667.052410715848, "ENV_Train_Right action_epoch16": 0.8705637326847542, "ENV_Train_Probability to choose the right action_epoch16": 0.817655518926351, "ENV_Train_Weighted right action_epoch16": 0.8705637326847542, "ENV_Train_Weighted probability to choose the right action:_epoch16": 0.817655518926351, "ENV_Test_TotalLoss_epoch16": 219.45054160419886, "ENV_Test_Right action_epoch16": 0.822464, "ENV_Test_Probability to choose the right action_epoch16": 0.7879859267614523, "ENV_Test_Weighted right action_epoch16": 0.8540255549503207, "ENV_Test_Weighted probability to choose the right action:_epoch16": 0.8197204369672612, "ENV_Test_proba_accuracy_epoch16": 0.7879859267614528, "ENV_Test_proba_accuracy_strategy_132_epoch16": 0.8208150011281515, "ENV_Test_proba_accuracy_strategy_23_epoch16": 0.7925706654787634, "ENV_Test_proba_accuracy_strategy_107_epoch16": 0.8469757835144108, "ENV_Test_proba_accuracy_strategy_43_epoch16": 0.7793220721535401, "ENV_Test_proba_accuracy_strategy_17_epoch16": 0.7627291986203736, "ENV_Test_proba_accuracy_strategy_93_epoch16": 0.790488838173935, "ENV_Test_proba_accuracy_per_mean_strategy_epoch16": 0.7988169265115291, "ENV_Test_proba_accuracy_per_mean_user_epoch16": 0.7979513039159023, "ENV_Test_proba_accuracy_per_mean_user_and_bot_epoch16": 0.819720436967262, "ENV_Test_accuracy_epoch16": 0.822464, "ENV_Test_accuracy_strategy_132_epoch16": 0.854957507082153, "ENV_Test_accuracy_strategy_23_epoch16": 0.8269510421715948, "ENV_Test_accuracy_strategy_107_epoch16": 0.8834154351395731, "ENV_Test_accuracy_strategy_43_epoch16": 0.8174300254452926, "ENV_Test_accuracy_strategy_17_epoch16": 0.7967332123411979, "ENV_Test_accuracy_strategy_93_epoch16": 0.821626617375231, "ENV_Test_accuracy_per_mean_strategy_epoch16": 0.8335189732591738, "ENV_Test_accuracy_per_mean_user_epoch16": 0.8317329089377277, "ENV_Test_accuracy_per_mean_user_and_bot_epoch16": 0.8540255549503207, "ENV_Train_TotalLoss_epoch17": 657.1925506405904, "ENV_Train_Right action_epoch17": 0.8736213813444414, "ENV_Train_Probability to choose the right action_epoch17": 0.8209260825743163, "ENV_Train_Weighted right action_epoch17": 0.8736213813444414, "ENV_Train_Weighted probability to choose the right action:_epoch17": 0.8209260825743163, "ENV_Test_TotalLoss_epoch17": 232.91129452557712, "ENV_Test_Right action_epoch17": 0.819584, "ENV_Test_Probability to choose the right action_epoch17": 0.7878882545278718, "ENV_Test_Weighted right action_epoch17": 0.8536830579371429, "ENV_Test_Weighted probability to choose the right action:_epoch17": 0.8195479602161881, "ENV_Test_proba_accuracy_epoch17": 0.7878882545278717, "ENV_Test_proba_accuracy_strategy_132_epoch17": 0.8203820767647249, "ENV_Test_proba_accuracy_strategy_23_epoch17": 0.7919738555703671, "ENV_Test_proba_accuracy_strategy_107_epoch17": 0.843990612750161, "ENV_Test_proba_accuracy_strategy_43_epoch17": 0.782542214767563, "ENV_Test_proba_accuracy_strategy_17_epoch17": 0.7634980158175521, "ENV_Test_proba_accuracy_strategy_93_epoch17": 0.787067949057328, "ENV_Test_proba_accuracy_per_mean_strategy_epoch17": 0.7982424541212828, "ENV_Test_proba_accuracy_per_mean_user_epoch17": 0.7983535078981301, "ENV_Test_proba_accuracy_per_mean_user_and_bot_epoch17": 0.8195479602161871, "ENV_Test_accuracy_epoch17": 0.819584, "ENV_Test_accuracy_strategy_132_epoch17": 0.8492917847025496, "ENV_Test_accuracy_strategy_23_epoch17": 0.8240426563257393, "ENV_Test_accuracy_strategy_107_epoch17": 0.8801313628899836, "ENV_Test_accuracy_strategy_43_epoch17": 0.8148854961832062, "ENV_Test_accuracy_strategy_17_epoch17": 0.794010889292196, "ENV_Test_accuracy_strategy_93_epoch17": 0.822550831792976, "ENV_Test_accuracy_per_mean_strategy_epoch17": 0.8308188368644419, "ENV_Test_accuracy_per_mean_user_epoch17": 0.829244418316947, "ENV_Test_accuracy_per_mean_user_and_bot_epoch17": 0.8536830579371426, "ENV_Train_TotalLoss_epoch18": 648.233647656674, "ENV_Train_Right action_epoch18": 0.8760761404293381, "ENV_Train_Probability to choose the right action_epoch18": 0.8237302966811753, "ENV_Train_Weighted right action_epoch18": 0.8760761404293381, "ENV_Train_Weighted probability to choose the right action:_epoch18": 0.8237302966811753, "ENV_Test_TotalLoss_epoch18": 227.41071518530111, "ENV_Test_Right action_epoch18": 0.822464, "ENV_Test_Probability to choose the right action_epoch18": 0.7876403975881162, "ENV_Test_Weighted right action_epoch18": 0.8542454851849082, "ENV_Test_Weighted probability to choose the right action:_epoch18": 0.8219423602789397, "ENV_Test_proba_accuracy_epoch18": 0.7876403975881165, "ENV_Test_proba_accuracy_strategy_132_epoch18": 0.8219135706585486, "ENV_Test_proba_accuracy_strategy_23_epoch18": 0.7918730371123682, "ENV_Test_proba_accuracy_strategy_107_epoch18": 0.8463450886846691, "ENV_Test_proba_accuracy_strategy_43_epoch18": 0.7822757424186046, "ENV_Test_proba_accuracy_strategy_17_epoch18": 0.7615651983618229, "ENV_Test_proba_accuracy_strategy_93_epoch18": 0.7885032467131333, "ENV_Test_proba_accuracy_per_mean_strategy_epoch18": 0.798745980658191, "ENV_Test_proba_accuracy_per_mean_user_epoch18": 0.7979888315416933, "ENV_Test_proba_accuracy_per_mean_user_and_bot_epoch18": 0.8219423602789402, "ENV_Test_accuracy_epoch18": 0.822464, "ENV_Test_accuracy_strategy_132_epoch18": 0.8481586402266289, "ENV_Test_accuracy_strategy_23_epoch18": 0.8279205041202132, "ENV_Test_accuracy_strategy_107_epoch18": 0.8850574712643678, "ENV_Test_accuracy_strategy_43_epoch18": 0.8129770992366412, "ENV_Test_accuracy_strategy_17_epoch18": 0.7987749546279492, "ENV_Test_accuracy_strategy_93_epoch18": 0.8243992606284658, "ENV_Test_accuracy_per_mean_strategy_epoch18": 0.8328813216840443, "ENV_Test_accuracy_per_mean_user_epoch18": 0.8309092817485155, "ENV_Test_accuracy_per_mean_user_and_bot_epoch18": 0.854245485184908, "ENV_Train_TotalLoss_epoch19": 644.0608033757006, "ENV_Train_Right action_epoch19": 0.8779563880346659, "ENV_Train_Probability to choose the right action_epoch19": 0.82584613646286, "ENV_Train_Weighted right action_epoch19": 0.8779563880346659, "ENV_Train_Weighted probability to choose the right action:_epoch19": 0.82584613646286, "ENV_Test_TotalLoss_epoch19": 233.9487396408091, "ENV_Test_Right action_epoch19": 0.816192, "ENV_Test_Probability to choose the right action_epoch19": 0.7828982205210683, "ENV_Test_Weighted right action_epoch19": 0.8495254341167147, "ENV_Test_Weighted probability to choose the right action:_epoch19": 0.8168978959125808, "ENV_Test_proba_accuracy_epoch19": 0.782898220521068, "ENV_Test_proba_accuracy_strategy_132_epoch19": 0.8169327862258706, "ENV_Test_proba_accuracy_strategy_23_epoch19": 0.788114914526598, "ENV_Test_proba_accuracy_strategy_107_epoch19": 0.8428099389377263, "ENV_Test_proba_accuracy_strategy_43_epoch19": 0.7781394421077892, "ENV_Test_proba_accuracy_strategy_17_epoch19": 0.7552610470516768, "ENV_Test_proba_accuracy_strategy_93_epoch19": 0.7833252964303127, "ENV_Test_proba_accuracy_per_mean_strategy_epoch19": 0.7940972375466622, "ENV_Test_proba_accuracy_per_mean_user_epoch19": 0.7938480222136635, "ENV_Test_proba_accuracy_per_mean_user_and_bot_epoch19": 0.8168978959125807, "ENV_Test_accuracy_epoch19": 0.816192, "ENV_Test_accuracy_strategy_132_epoch19": 0.8436260623229461, "ENV_Test_accuracy_strategy_23_epoch19": 0.8235579253514299, "ENV_Test_accuracy_strategy_107_epoch19": 0.8719211822660099, "ENV_Test_accuracy_strategy_43_epoch19": 0.8104325699745547, "ENV_Test_accuracy_strategy_17_epoch19": 0.7899274047186933, "ENV_Test_accuracy_strategy_93_epoch19": 0.8133086876155268, "ENV_Test_accuracy_per_mean_strategy_epoch19": 0.8254623053748601, "ENV_Test_accuracy_per_mean_user_epoch19": 0.8260390044505711, "ENV_Test_accuracy_per_mean_user_and_bot_epoch19": 0.8495254341167146, "ENV_Train_TotalLoss_epoch20": 626.8725101152179, "ENV_Train_Right action_epoch20": 0.8800122992634418, "ENV_Train_Probability to choose the right action_epoch20": 0.8300102616575044, "ENV_Train_Weighted right action_epoch20": 0.8800122992634418, "ENV_Train_Weighted probability to choose the right action:_epoch20": 0.8300102616575044, "ENV_Test_TotalLoss_epoch20": 234.72883480430616, "ENV_Test_Right action_epoch20": 0.818496, "ENV_Test_Probability to choose the right action_epoch20": 0.7908596558750053, "ENV_Test_Weighted right action_epoch20": 0.8546918474867384, "ENV_Test_Weighted probability to choose the right action:_epoch20": 0.8246644304720392, "ENV_Test_proba_accuracy_epoch20": 0.7908596558750066, "ENV_Test_proba_accuracy_strategy_132_epoch20": 0.8232819304685672, "ENV_Test_proba_accuracy_strategy_23_epoch20": 0.7967800083132021, "ENV_Test_proba_accuracy_strategy_107_epoch20": 0.8476883179735044, "ENV_Test_proba_accuracy_strategy_43_epoch20": 0.7850542184423587, "ENV_Test_proba_accuracy_strategy_17_epoch20": 0.7628069610825418, "ENV_Test_proba_accuracy_strategy_93_epoch20": 0.7948406125974588, "ENV_Test_proba_accuracy_per_mean_strategy_epoch20": 0.8017420081462721, "ENV_Test_proba_accuracy_per_mean_user_epoch20": 0.8013074793244612, "ENV_Test_proba_accuracy_per_mean_user_and_bot_epoch20": 0.8246644304720397, "ENV_Test_accuracy_epoch20": 0.818496, "ENV_Test_accuracy_strategy_132_epoch20": 0.8475920679886686, "ENV_Test_accuracy_strategy_23_epoch20": 0.8250121182743577, "ENV_Test_accuracy_strategy_107_epoch20": 0.8702791461412152, "ENV_Test_accuracy_strategy_43_epoch20": 0.8155216284987278, "ENV_Test_accuracy_strategy_17_epoch20": 0.7901542649727767, "ENV_Test_accuracy_strategy_93_epoch20": 0.8243992606284658, "ENV_Test_accuracy_per_mean_strategy_epoch20": 0.8288264144173687, "ENV_Test_accuracy_per_mean_user_epoch20": 0.8296855756690729, "ENV_Test_accuracy_per_mean_user_and_bot_epoch20": 0.8546918474867384, "ENV_Train_TotalLoss_epoch21": 621.6246932021868, "ENV_Train_Right action_epoch21": 0.8804466307051623, "ENV_Train_Probability to choose the right action_epoch21": 0.8308747070552576, "ENV_Train_Weighted right action_epoch21": 0.8804466307051623, "ENV_Train_Weighted probability to choose the right action:_epoch21": 0.8308747070552576, "ENV_Test_TotalLoss_epoch21": 237.61480304314094, "ENV_Test_Right action_epoch21": 0.817152, "ENV_Test_Probability to choose the right action_epoch21": 0.7900574073361806, "ENV_Test_Weighted right action_epoch21": 0.8494714857285622, "ENV_Test_Weighted probability to choose the right action:_epoch21": 0.8249754841150057, "ENV_Test_proba_accuracy_epoch21": 0.7900574073361813, "ENV_Test_proba_accuracy_strategy_132_epoch21": 0.8228564765688793, "ENV_Test_proba_accuracy_strategy_23_epoch21": 0.7942683596612651, "ENV_Test_proba_accuracy_strategy_107_epoch21": 0.8536059564895597, "ENV_Test_proba_accuracy_strategy_43_epoch21": 0.7851092713305401, "ENV_Test_proba_accuracy_strategy_17_epoch21": 0.7637862866820705, "ENV_Test_proba_accuracy_strategy_93_epoch21": 0.7909155977928609, "ENV_Test_proba_accuracy_per_mean_strategy_epoch21": 0.8017569914208625, "ENV_Test_proba_accuracy_per_mean_user_epoch21": 0.80033438433911, "ENV_Test_proba_accuracy_per_mean_user_and_bot_epoch21": 0.8249754841150051, "ENV_Test_accuracy_epoch21": 0.817152, "ENV_Test_accuracy_strategy_132_epoch21": 0.8424929178470255, "ENV_Test_accuracy_strategy_23_epoch21": 0.8224268864113751, "ENV_Test_accuracy_strategy_107_epoch21": 0.8752052545155994, "ENV_Test_accuracy_strategy_43_epoch21": 0.8110687022900763, "ENV_Test_accuracy_strategy_17_epoch21": 0.794010889292196, "ENV_Test_accuracy_strategy_93_epoch21": 0.8160813308687616, "ENV_Test_accuracy_per_mean_strategy_epoch21": 0.8268809968708389, "ENV_Test_accuracy_per_mean_user_epoch21": 0.8257364690050482, "ENV_Test_accuracy_per_mean_user_and_bot_epoch21": 0.8494714857285626, "ENV_Train_TotalLoss_epoch22": 611.6526754551428, "ENV_Train_Right action_epoch22": 0.8850030052697054, "ENV_Train_Probability to choose the right action_epoch22": 0.8348617413890521, "ENV_Train_Weighted right action_epoch22": 0.8850030052697054, "ENV_Train_Weighted probability to choose the right action:_epoch22": 0.8348617413890521, "ENV_Test_TotalLoss_epoch22": 228.21482829259267, "ENV_Test_Right action_epoch22": 0.813952, "ENV_Test_Probability to choose the right action_epoch22": 0.7819281359121477, "ENV_Test_Weighted right action_epoch22": 0.8504217183286317, "ENV_Test_Weighted probability to choose the right action:_epoch22": 0.8169029177429445, "ENV_Test_proba_accuracy_epoch22": 0.7819281359121466, "ENV_Test_proba_accuracy_strategy_132_epoch22": 0.819891695218231, "ENV_Test_proba_accuracy_strategy_23_epoch22": 0.7857200616565039, "ENV_Test_proba_accuracy_strategy_107_epoch22": 0.8424501012520377, "ENV_Test_proba_accuracy_strategy_43_epoch22": 0.7734477050851207, "ENV_Test_proba_accuracy_strategy_17_epoch22": 0.7547834256227576, "ENV_Test_proba_accuracy_strategy_93_epoch22": 0.7871530275171855, "ENV_Test_proba_accuracy_per_mean_strategy_epoch22": 0.7939076693919729, "ENV_Test_proba_accuracy_per_mean_user_epoch22": 0.7929597916129852, "ENV_Test_proba_accuracy_per_mean_user_and_bot_epoch22": 0.8169029177429447, "ENV_Test_accuracy_epoch22": 0.813952, "ENV_Test_accuracy_strategy_132_epoch22": 0.8487252124645892, "ENV_Test_accuracy_strategy_23_epoch22": 0.8190337695912102, "ENV_Test_accuracy_strategy_107_epoch22": 0.8834154351395731, "ENV_Test_accuracy_strategy_43_epoch22": 0.80470737913486, "ENV_Test_accuracy_strategy_17_epoch22": 0.7856170598911071, "ENV_Test_accuracy_strategy_93_epoch22": 0.8179297597042514, "ENV_Test_accuracy_per_mean_strategy_epoch22": 0.8265714359875985, "ENV_Test_accuracy_per_mean_user_epoch22": 0.8246071541424652, "ENV_Test_accuracy_per_mean_user_and_bot_epoch22": 0.8504217183286314, "ENV_Train_TotalLoss_epoch23": 605.8800932000461, "ENV_Train_Right action_epoch23": 0.885803331842576, "ENV_Train_Probability to choose the right action_epoch23": 0.836241749459333, "ENV_Train_Weighted right action_epoch23": 0.885803331842576, "ENV_Train_Weighted probability to choose the right action:_epoch23": 0.836241749459333, "ENV_Test_TotalLoss_epoch23": 233.6057515333626, "ENV_Test_Right action_epoch23": 0.819584, "ENV_Test_Probability to choose the right action_epoch23": 0.7908905777668305, "ENV_Test_Weighted right action_epoch23": 0.8554322649677752, "ENV_Test_Weighted probability to choose the right action:_epoch23": 0.8242206038876654, "ENV_Test_proba_accuracy_epoch23": 0.7908905777668309, "ENV_Test_proba_accuracy_strategy_132_epoch23": 0.8223596334434737, "ENV_Test_proba_accuracy_strategy_23_epoch23": 0.7973904111716288, "ENV_Test_proba_accuracy_strategy_107_epoch23": 0.8433936982909336, "ENV_Test_proba_accuracy_strategy_43_epoch23": 0.7809827368355836, "ENV_Test_proba_accuracy_strategy_17_epoch23": 0.7646951291020915, "ENV_Test_proba_accuracy_strategy_93_epoch23": 0.793940403134062, "ENV_Test_proba_accuracy_per_mean_strategy_epoch23": 0.8004603353296288, "ENV_Test_proba_accuracy_per_mean_user_epoch23": 0.8010359576395942, "ENV_Test_proba_accuracy_per_mean_user_and_bot_epoch23": 0.824220603887664, "ENV_Test_accuracy_epoch23": 0.819584, "ENV_Test_accuracy_strategy_132_epoch23": 0.8453257790368272, "ENV_Test_accuracy_strategy_23_epoch23": 0.827435773145904, "ENV_Test_accuracy_strategy_107_epoch23": 0.8768472906403941, "ENV_Test_accuracy_strategy_43_epoch23": 0.8091603053435115, "ENV_Test_accuracy_strategy_17_epoch23": 0.7919691470054446, "ENV_Test_accuracy_strategy_93_epoch23": 0.8280961182994455, "ENV_Test_accuracy_per_mean_strategy_epoch23": 0.8298057355785877, "ENV_Test_accuracy_per_mean_user_epoch23": 0.8297383528309726, "ENV_Test_accuracy_per_mean_user_and_bot_epoch23": 0.8554322649677758, "ENV_Train_TotalLoss_epoch24": 594.6303713611002, "ENV_Train_Right action_epoch24": 0.8869694047269627, "ENV_Train_Probability to choose the right action_epoch24": 0.8394441448561676, "ENV_Train_Weighted right action_epoch24": 0.8869694047269627, "ENV_Train_Weighted probability to choose the right action:_epoch24": 0.8394441448561676, "ENV_Test_TotalLoss_epoch24": 248.9111364524001, "ENV_Test_Right action_epoch24": 0.81536, "ENV_Test_Probability to choose the right action_epoch24": 0.7904287512948975, "ENV_Test_Weighted right action_epoch24": 0.8482497663730934, "ENV_Test_Weighted probability to choose the right action:_epoch24": 0.8220185246374407, "ENV_Test_proba_accuracy_epoch24": 0.7904287512948982, "ENV_Test_proba_accuracy_strategy_132_epoch24": 0.8231508111837929, "ENV_Test_proba_accuracy_strategy_23_epoch24": 0.7949334013284227, "ENV_Test_proba_accuracy_strategy_107_epoch24": 0.8444239619399241, "ENV_Test_proba_accuracy_strategy_43_epoch24": 0.7844349258135649, "ENV_Test_proba_accuracy_strategy_17_epoch24": 0.7656300090770769, "ENV_Test_proba_accuracy_strategy_93_epoch24": 0.7906305547224491, "ENV_Test_proba_accuracy_per_mean_strategy_epoch24": 0.8005339440108717, "ENV_Test_proba_accuracy_per_mean_user_epoch24": 0.8006639814501622, "ENV_Test_proba_accuracy_per_mean_user_and_bot_epoch24": 0.822018524637441, "ENV_Test_accuracy_epoch24": 0.81536, "ENV_Test_accuracy_strategy_132_epoch24": 0.8413597733711048, "ENV_Test_accuracy_strategy_23_epoch24": 0.8191953465826466, "ENV_Test_accuracy_strategy_107_epoch24": 0.8768472906403941, "ENV_Test_accuracy_strategy_43_epoch24": 0.8085241730279898, "ENV_Test_accuracy_strategy_17_epoch24": 0.7924228675136116, "ENV_Test_accuracy_strategy_93_epoch24": 0.8197781885397413, "ENV_Test_accuracy_per_mean_strategy_epoch24": 0.8263546066125813, "ENV_Test_accuracy_per_mean_user_epoch24": 0.8258727243217685, "ENV_Test_accuracy_per_mean_user_and_bot_epoch24": 0.8482497663730929, "_wandb": {"runtime": 2503}}