{"ENV_Train_TotalLoss": 678.9823689635336, "ENV_Train_TotalLoss_epoch0": 1082.8941156935284, "ENV_Train_Right action": 0.8693737769080235, "ENV_Train_Right action_epoch0": 0.7746096971221714, "ENV_Train_Probability to choose the right action": 0.8151161277041389, "ENV_Train_Probability to choose the right action_epoch0": 0.6867403661542185, "ENV_Train_Weighted right action": 0.8693737769080235, "ENV_Train_Weighted right action_epoch0": 0.7746096971221714, "ENV_Train_Weighted probability to choose the right action:": 0.8151161277041389, "ENV_Train_Weighted probability to choose the right action:_epoch0": 0.6867403661542185, "_timestamp": 1720477259.86646, "_runtime": 2095.0057940483093, "_step": 49, "ENV_Test_TotalLoss": 196.802205699252, "ENV_Test_TotalLoss_epoch0": 228.2023418705254, "ENV_Test_Right action": 0.830976, "ENV_Test_Right action_epoch0": 0.793856, "ENV_Test_Probability to choose the right action": 0.7906685025670284, "ENV_Test_Probability to choose the right action_epoch0": 0.7342298251409493, "ENV_Test_Weighted right action": 0.8608945860468203, "ENV_Test_Weighted right action_epoch0": 0.8324547338134102, "ENV_Test_Weighted probability to choose the right action:": 0.8186446735577353, "ENV_Test_Weighted probability to choose the right action:_epoch0": 0.7707328992063784, "ENV_Test_proba_accuracy": 0.7906685025670284, "ENV_Test_proba_accuracy_epoch0": 0.7342298251409493, "ENV_Test_proba_accuracy_strategy_132": 0.8189990016974108, "ENV_Test_proba_accuracy_strategy_132_epoch0": 0.7737517460959584, "ENV_Test_proba_accuracy_strategy_23": 0.7947505571899317, "ENV_Test_proba_accuracy_strategy_23_epoch0": 0.7342891154462564, "ENV_Test_proba_accuracy_strategy_107": 0.8508336380130844, "ENV_Test_proba_accuracy_strategy_107_epoch0": 0.8111352088271568, "ENV_Test_proba_accuracy_strategy_43": 0.7868799484064931, "ENV_Test_proba_accuracy_strategy_43_epoch0": 0.7369284787592966, "ENV_Test_proba_accuracy_strategy_17": 0.7655605642628788, "ENV_Test_proba_accuracy_strategy_17_epoch0": 0.7039141430480528, "ENV_Test_proba_accuracy_strategy_93": 0.795034181561605, "ENV_Test_proba_accuracy_strategy_93_epoch0": 0.7457184816357814, "ENV_Test_proba_accuracy_per_mean_strategy": 0.8020096485219006, "ENV_Test_proba_accuracy_per_mean_strategy_epoch0": 0.750956195635417, "ENV_Test_proba_accuracy_per_mean_user": 0.7974353838314753, "ENV_Test_proba_accuracy_per_mean_user_epoch0": 0.7448049442085242, "ENV_Test_proba_accuracy_per_mean_user_and_bot": 0.8186446735577368, "ENV_Test_proba_accuracy_per_mean_user_and_bot_epoch0": 0.7707328992063792, "ENV_Test_accuracy": 0.830976, "ENV_Test_accuracy_epoch0": 0.793856, "ENV_Test_accuracy_strategy_132": 0.8555240793201133, "ENV_Test_accuracy_strategy_132_epoch0": 0.8356940509915014, "ENV_Test_accuracy_strategy_23": 0.8348683147519793, "ENV_Test_accuracy_strategy_23_epoch0": 0.7954435288414929, "ENV_Test_accuracy_strategy_107": 0.8932676518883416, "ENV_Test_accuracy_strategy_107_epoch0": 0.8686371100164204, "ENV_Test_accuracy_strategy_43": 0.8276081424936387, "ENV_Test_accuracy_strategy_43_epoch0": 0.787531806615776, "ENV_Test_accuracy_strategy_17": 0.8051270417422868, "ENV_Test_accuracy_strategy_17_epoch0": 0.765426497277677, "ENV_Test_accuracy_strategy_93": 0.8438077634011091, "ENV_Test_accuracy_strategy_93_epoch0": 0.7994454713493531, "ENV_Test_accuracy_per_mean_strategy": 0.8433671655995781, "ENV_Test_accuracy_per_mean_strategy_epoch0": 0.8086964108487035, "ENV_Test_accuracy_per_mean_user": 0.8368378507420106, "ENV_Test_accuracy_per_mean_user_epoch0": 0.8051153529562864, "ENV_Test_accuracy_per_mean_user_and_bot": 0.8608945860468203, "ENV_Test_accuracy_per_mean_user_and_bot_epoch0": 0.8324547338134098, "ENV_Train_TotalLoss_epoch1": 950.846042905163, "ENV_Train_Right action_epoch1": 0.8089221824686941, "ENV_Train_Probability to choose the right action_epoch1": 0.7320843188828586, "ENV_Train_Weighted right action_epoch1": 0.8089221824686941, "ENV_Train_Weighted probability to choose the right action:_epoch1": 0.7320843188828586, "ENV_Test_TotalLoss_epoch1": 211.54890417383777, "ENV_Test_Right action_epoch1": 0.805952, "ENV_Test_Probability to choose the right action_epoch1": 0.7537908197071989, "ENV_Test_Weighted right action_epoch1": 0.8452688831401834, "ENV_Test_Weighted probability to choose the right action:_epoch1": 0.791427346036768, "ENV_Test_proba_accuracy_epoch1": 0.7537908197071992, "ENV_Test_proba_accuracy_strategy_132_epoch1": 0.7943645204762302, "ENV_Test_proba_accuracy_strategy_23_epoch1": 0.7536841075877269, "ENV_Test_proba_accuracy_strategy_107_epoch1": 0.8343268289558168, "ENV_Test_proba_accuracy_strategy_43_epoch1": 0.7574435498897921, "ENV_Test_proba_accuracy_strategy_17_epoch1": 0.724203993339672, "ENV_Test_proba_accuracy_strategy_93_epoch1": 0.7581143581533102, "ENV_Test_proba_accuracy_per_mean_strategy_epoch1": 0.7703562264004247, "ENV_Test_proba_accuracy_per_mean_user_epoch1": 0.7650036770346829, "ENV_Test_proba_accuracy_per_mean_user_and_bot_epoch1": 0.7914273460367677, "ENV_Test_accuracy_epoch1": 0.805952, "ENV_Test_accuracy_strategy_132_epoch1": 0.8390934844192635, "ENV_Test_accuracy_strategy_23_epoch1": 0.8070770722249152, "ENV_Test_accuracy_strategy_107_epoch1": 0.8916256157635468, "ENV_Test_accuracy_strategy_43_epoch1": 0.7983460559796438, "ENV_Test_accuracy_strategy_17_epoch1": 0.7803992740471869, "ENV_Test_accuracy_strategy_93_epoch1": 0.8123844731977818, "ENV_Test_accuracy_per_mean_strategy_epoch1": 0.8214876626053899, "ENV_Test_accuracy_per_mean_user_epoch1": 0.8170464646409955, "ENV_Test_accuracy_per_mean_user_and_bot_epoch1": 0.8452688831401838, "ENV_Train_TotalLoss_epoch2": 911.188978184496, "ENV_Train_Right action_epoch2": 0.8157674028515516, "ENV_Train_Probability to choose the right action_epoch2": 0.7440960363048232, "ENV_Train_Weighted right action_epoch2": 0.8157674028515516, "ENV_Train_Weighted probability to choose the right action:_epoch2": 0.7440960363048232, "ENV_Test_TotalLoss_epoch2": 205.9340039045852, "ENV_Test_Right action_epoch2": 0.8096, "ENV_Test_Probability to choose the right action_epoch2": 0.758990386808632, "ENV_Test_Weighted right action_epoch2": 0.8493666764154765, "ENV_Test_Weighted probability to choose the right action:_epoch2": 0.7891672531900773, "ENV_Test_proba_accuracy_epoch2": 0.7589903868086315, "ENV_Test_proba_accuracy_strategy_132_epoch2": 0.7937068404059923, "ENV_Test_proba_accuracy_strategy_23_epoch2": 0.7636999687457223, "ENV_Test_proba_accuracy_strategy_107_epoch2": 0.8222665096946068, "ENV_Test_proba_accuracy_strategy_43_epoch2": 0.7530020149060273, "ENV_Test_proba_accuracy_strategy_17_epoch2": 0.7308353056640751, "ENV_Test_proba_accuracy_strategy_93_epoch2": 0.7632085164486897, "ENV_Test_proba_accuracy_per_mean_strategy_epoch2": 0.7711198593108524, "ENV_Test_proba_accuracy_per_mean_user_epoch2": 0.7676231633643464, "ENV_Test_proba_accuracy_per_mean_user_and_bot_epoch2": 0.7891672531900767, "ENV_Test_accuracy_epoch2": 0.8096, "ENV_Test_accuracy_strategy_132_epoch2": 0.851558073654391, "ENV_Test_accuracy_strategy_23_epoch2": 0.8099854580707707, "ENV_Test_accuracy_strategy_107_epoch2": 0.8916256157635468, "ENV_Test_accuracy_strategy_43_epoch2": 0.8085241730279898, "ENV_Test_accuracy_strategy_17_epoch2": 0.7801724137931034, "ENV_Test_accuracy_strategy_93_epoch2": 0.8142329020332717, "ENV_Test_accuracy_per_mean_strategy_epoch2": 0.8260164393905122, "ENV_Test_accuracy_per_mean_user_epoch2": 0.8210789333371128, "ENV_Test_accuracy_per_mean_user_and_bot_epoch2": 0.8493666764154759, "ENV_Train_TotalLoss_epoch3": 878.8322778507304, "ENV_Train_Right action_epoch3": 0.8251607492311993, "ENV_Train_Probability to choose the right action_epoch3": 0.7539530971352498, "ENV_Train_Weighted right action_epoch3": 0.8251607492311993, "ENV_Train_Weighted probability to choose the right action:_epoch3": 0.7539530971352498, "ENV_Test_TotalLoss_epoch3": 196.72008069257663, "ENV_Test_Right action_epoch3": 0.815936, "ENV_Test_Probability to choose the right action_epoch3": 0.7655357560533331, "ENV_Test_Weighted right action_epoch3": 0.854045737325116, "ENV_Test_Weighted probability to choose the right action:_epoch3": 0.8001196227388884, "ENV_Test_proba_accuracy_epoch3": 0.7655357560533325, "ENV_Test_proba_accuracy_strategy_132_epoch3": 0.8020636929654219, "ENV_Test_proba_accuracy_strategy_23_epoch3": 0.7673693212920764, "ENV_Test_proba_accuracy_strategy_107_epoch3": 0.8338387199726782, "ENV_Test_proba_accuracy_strategy_43_epoch3": 0.7655869180728463, "ENV_Test_proba_accuracy_strategy_17_epoch3": 0.7376032465445778, "ENV_Test_proba_accuracy_strategy_93_epoch3": 0.7707389226712731, "ENV_Test_proba_accuracy_per_mean_strategy_epoch3": 0.7795334702531456, "ENV_Test_proba_accuracy_per_mean_user_epoch3": 0.7756415509568557, "ENV_Test_proba_accuracy_per_mean_user_and_bot_epoch3": 0.8001196227388891, "ENV_Test_accuracy_epoch3": 0.815936, "ENV_Test_accuracy_strategy_132_epoch3": 0.8509915014164305, "ENV_Test_accuracy_strategy_23_epoch3": 0.8182258846340281, "ENV_Test_accuracy_strategy_107_epoch3": 0.8883415435139573, "ENV_Test_accuracy_strategy_43_epoch3": 0.8148854961832062, "ENV_Test_accuracy_strategy_17_epoch3": 0.7858439201451906, "ENV_Test_accuracy_strategy_93_epoch3": 0.8290203327171903, "ENV_Test_accuracy_per_mean_strategy_epoch3": 0.8312181131016673, "ENV_Test_accuracy_per_mean_user_epoch3": 0.8261848796514075, "ENV_Test_accuracy_per_mean_user_and_bot_epoch3": 0.8540457373251159, "ENV_Train_TotalLoss_epoch4": 850.9657407768876, "ENV_Train_Right action_epoch4": 0.8305752781349584, "ENV_Train_Probability to choose the right action_epoch4": 0.7621337600689309, "ENV_Train_Weighted right action_epoch4": 0.8305752781349584, "ENV_Train_Weighted probability to choose the right action:_epoch4": 0.7621337600689309, "ENV_Test_TotalLoss_epoch4": 201.1539493292124, "ENV_Test_Right action_epoch4": 0.819968, "ENV_Test_Probability to choose the right action_epoch4": 0.7611149272186459, "ENV_Test_Weighted right action_epoch4": 0.8524227083673614, "ENV_Test_Weighted probability to choose the right action:_epoch4": 0.7930346492883774, "ENV_Test_proba_accuracy_epoch4": 0.7611149272186468, "ENV_Test_proba_accuracy_strategy_132_epoch4": 0.7964720686965339, "ENV_Test_proba_accuracy_strategy_23_epoch4": 0.7637825421022356, "ENV_Test_proba_accuracy_strategy_107_epoch4": 0.8348374455103134, "ENV_Test_proba_accuracy_strategy_43_epoch4": 0.7579668387500927, "ENV_Test_proba_accuracy_strategy_17_epoch4": 0.733528857205377, "ENV_Test_proba_accuracy_strategy_93_epoch4": 0.7636435361173854, "ENV_Test_proba_accuracy_per_mean_strategy_epoch4": 0.7750385480636562, "ENV_Test_proba_accuracy_per_mean_user_epoch4": 0.7693593183055977, "ENV_Test_proba_accuracy_per_mean_user_and_bot_epoch4": 0.793034649288377, "ENV_Test_accuracy_epoch4": 0.819968, "ENV_Test_accuracy_strategy_132_epoch4": 0.8504249291784702, "ENV_Test_accuracy_strategy_23_epoch4": 0.8238810793343028, "ENV_Test_accuracy_strategy_107_epoch4": 0.8866995073891626, "ENV_Test_accuracy_strategy_43_epoch4": 0.8078880407124682, "ENV_Test_accuracy_strategy_17_epoch4": 0.7953720508166969, "ENV_Test_accuracy_strategy_93_epoch4": 0.8280961182994455, "ENV_Test_accuracy_per_mean_strategy_epoch4": 0.8320602876217578, "ENV_Test_accuracy_per_mean_user_epoch4": 0.8263955395407423, "ENV_Test_accuracy_per_mean_user_and_bot_epoch4": 0.8524227083673607, "ENV_Train_TotalLoss_epoch5": 836.8160891050486, "ENV_Train_Right action_epoch5": 0.8348217405280002, "ENV_Train_Probability to choose the right action_epoch5": 0.7674586322377412, "ENV_Train_Weighted right action_epoch5": 0.8348217405280002, "ENV_Train_Weighted probability to choose the right action:_epoch5": 0.7674586322377412, "ENV_Test_TotalLoss_epoch5": 192.0496067612004, "ENV_Test_Right action_epoch5": 0.823488, "ENV_Test_Probability to choose the right action_epoch5": 0.772251788227799, "ENV_Test_Weighted right action_epoch5": 0.8576366786246153, "ENV_Test_Weighted probability to choose the right action:_epoch5": 0.8073169057938935, "ENV_Test_proba_accuracy_epoch5": 0.7722517882277986, "ENV_Test_proba_accuracy_strategy_132_epoch5": 0.8092968178225531, "ENV_Test_proba_accuracy_strategy_23_epoch5": 0.773885289345118, "ENV_Test_proba_accuracy_strategy_107_epoch5": 0.8499857803524238, "ENV_Test_proba_accuracy_strategy_43_epoch5": 0.7707724115505807, "ENV_Test_proba_accuracy_strategy_17_epoch5": 0.7431965897948228, "ENV_Test_proba_accuracy_strategy_93_epoch5": 0.7792450211071101, "ENV_Test_proba_accuracy_per_mean_strategy_epoch5": 0.7877303183287682, "ENV_Test_proba_accuracy_per_mean_user_epoch5": 0.7811354380785472, "ENV_Test_proba_accuracy_per_mean_user_and_bot_epoch5": 0.8073169057938928, "ENV_Test_accuracy_epoch5": 0.823488, "ENV_Test_accuracy_strategy_132_epoch5": 0.8589235127478754, "ENV_Test_accuracy_strategy_23_epoch5": 0.8279205041202132, "ENV_Test_accuracy_strategy_107_epoch5": 0.8981937602627258, "ENV_Test_accuracy_strategy_43_epoch5": 0.816793893129771, "ENV_Test_accuracy_strategy_17_epoch5": 0.7937840290381125, "ENV_Test_accuracy_strategy_93_epoch5": 0.8290203327171903, "ENV_Test_accuracy_per_mean_strategy_epoch5": 0.8374393386693146, "ENV_Test_accuracy_per_mean_user_epoch5": 0.8302439967089533, "ENV_Test_accuracy_per_mean_user_and_bot_epoch5": 0.8576366786246169, "ENV_Train_TotalLoss_epoch6": 818.6692257092142, "ENV_Train_Right action_epoch6": 0.8394566569308384, "ENV_Train_Probability to choose the right action_epoch6": 0.7726216278128152, "ENV_Train_Weighted right action_epoch6": 0.8394566569308384, "ENV_Train_Weighted probability to choose the right action:_epoch6": 0.7726216278128152, "ENV_Test_TotalLoss_epoch6": 190.5477661128646, "ENV_Test_Right action_epoch6": 0.825536, "ENV_Test_Probability to choose the right action_epoch6": 0.7765136051687629, "ENV_Test_Weighted right action_epoch6": 0.8628533689226725, "ENV_Test_Weighted probability to choose the right action:_epoch6": 0.809402171920105, "ENV_Test_proba_accuracy_epoch6": 0.7765136051687633, "ENV_Test_proba_accuracy_strategy_132_epoch6": 0.8090427767536474, "ENV_Test_proba_accuracy_strategy_23_epoch6": 0.7794497075211264, "ENV_Test_proba_accuracy_strategy_107_epoch6": 0.8445431296573911, "ENV_Test_proba_accuracy_strategy_43_epoch6": 0.7732261993157152, "ENV_Test_proba_accuracy_strategy_17_epoch6": 0.7497178804777401, "ENV_Test_proba_accuracy_strategy_93_epoch6": 0.7823064431718614, "ENV_Test_proba_accuracy_per_mean_strategy_epoch6": 0.7897143561495802, "ENV_Test_proba_accuracy_per_mean_user_epoch6": 0.7842421778230219, "ENV_Test_proba_accuracy_per_mean_user_and_bot_epoch6": 0.8094021719201058, "ENV_Test_accuracy_epoch6": 0.825536, "ENV_Test_accuracy_strategy_132_epoch6": 0.854957507082153, "ENV_Test_accuracy_strategy_23_epoch6": 0.8264663111972855, "ENV_Test_accuracy_strategy_107_epoch6": 0.8866995073891626, "ENV_Test_accuracy_strategy_43_epoch6": 0.8295165394402035, "ENV_Test_accuracy_strategy_17_epoch6": 0.7994555353901996, "ENV_Test_accuracy_strategy_93_epoch6": 0.8382624768946395, "ENV_Test_accuracy_per_mean_strategy_epoch6": 0.8392263128989407, "ENV_Test_accuracy_per_mean_user_epoch6": 0.8338291711285228, "ENV_Test_accuracy_per_mean_user_and_bot_epoch6": 0.8628533689226728, "ENV_Train_TotalLoss_epoch7": 800.7146278791781, "ENV_Train_Right action_epoch7": 0.8426614481409002, "ENV_Train_Probability to choose the right action_epoch7": 0.7780072206321705, "ENV_Train_Weighted right action_epoch7": 0.8426614481409002, "ENV_Train_Weighted probability to choose the right action:_epoch7": 0.7780072206321705, "ENV_Test_TotalLoss_epoch7": 189.4577144459409, "ENV_Test_Right action_epoch7": 0.829184, "ENV_Test_Probability to choose the right action_epoch7": 0.7796705011336804, "ENV_Test_Weighted right action_epoch7": 0.8630975411269514, "ENV_Test_Weighted probability to choose the right action:_epoch7": 0.8110100593237438, "ENV_Test_proba_accuracy_epoch7": 0.7796705011336809, "ENV_Test_proba_accuracy_strategy_132_epoch7": 0.8100362436826564, "ENV_Test_proba_accuracy_strategy_23_epoch7": 0.7841922578022964, "ENV_Test_proba_accuracy_strategy_107_epoch7": 0.8470752481710798, "ENV_Test_proba_accuracy_strategy_43_epoch7": 0.7771922369561052, "ENV_Test_proba_accuracy_strategy_17_epoch7": 0.7506172744335458, "ENV_Test_proba_accuracy_strategy_93_epoch7": 0.7882955251767154, "ENV_Test_proba_accuracy_per_mean_strategy_epoch7": 0.7929014643703999, "ENV_Test_proba_accuracy_per_mean_user_epoch7": 0.7867883504866022, "ENV_Test_proba_accuracy_per_mean_user_and_bot_epoch7": 0.811010059323744, "ENV_Test_accuracy_epoch7": 0.829184, "ENV_Test_accuracy_strategy_132_epoch7": 0.8594900849858357, "ENV_Test_accuracy_strategy_23_epoch7": 0.8356761997091614, "ENV_Test_accuracy_strategy_107_epoch7": 0.8883415435139573, "ENV_Test_accuracy_strategy_43_epoch7": 0.8320610687022901, "ENV_Test_accuracy_strategy_17_epoch7": 0.79491833030853, "ENV_Test_accuracy_strategy_93_epoch7": 0.844731977818854, "ENV_Test_accuracy_per_mean_strategy_epoch7": 0.8425365341731047, "ENV_Test_accuracy_per_mean_user_epoch7": 0.8354653931520402, "ENV_Test_accuracy_per_mean_user_and_bot_epoch7": 0.8630975411269511, "ENV_Train_TotalLoss_epoch8": 783.4131871065574, "ENV_Train_Right action_epoch8": 0.8471007405337432, "ENV_Train_Probability to choose the right action_epoch8": 0.7833814852215137, "ENV_Train_Weighted right action_epoch8": 0.8471007405337432, "ENV_Train_Weighted probability to choose the right action:_epoch8": 0.7833814852215137, "ENV_Test_TotalLoss_epoch8": 189.01904149231999, "ENV_Test_Right action_epoch8": 0.825984, "ENV_Test_Probability to choose the right action_epoch8": 0.7794608810394469, "ENV_Test_Weighted right action_epoch8": 0.860119648877486, "ENV_Test_Weighted probability to choose the right action:_epoch8": 0.8118076769699306, "ENV_Test_proba_accuracy_epoch8": 0.7794608810394477, "ENV_Test_proba_accuracy_strategy_132_epoch8": 0.8087782583041355, "ENV_Test_proba_accuracy_strategy_23_epoch8": 0.784487936850948, "ENV_Test_proba_accuracy_strategy_107_epoch8": 0.8429810065406548, "ENV_Test_proba_accuracy_strategy_43_epoch8": 0.7784557914094468, "ENV_Test_proba_accuracy_strategy_17_epoch8": 0.7500325496348531, "ENV_Test_proba_accuracy_strategy_93_epoch8": 0.7884800215293065, "ENV_Test_proba_accuracy_per_mean_strategy_epoch8": 0.7922025940448908, "ENV_Test_proba_accuracy_per_mean_user_epoch8": 0.787189610217868, "ENV_Test_proba_accuracy_per_mean_user_and_bot_epoch8": 0.8118076769699301, "ENV_Test_accuracy_epoch8": 0.825984, "ENV_Test_accuracy_strategy_132_epoch8": 0.853257790368272, "ENV_Test_accuracy_strategy_23_epoch8": 0.8311520439489417, "ENV_Test_accuracy_strategy_107_epoch8": 0.8817733990147784, "ENV_Test_accuracy_strategy_43_epoch8": 0.8371501272264631, "ENV_Test_accuracy_strategy_17_epoch8": 0.794010889292196, "ENV_Test_accuracy_strategy_93_epoch8": 0.8345656192236599, "ENV_Test_accuracy_per_mean_strategy_epoch8": 0.8386516448457185, "ENV_Test_accuracy_per_mean_user_epoch8": 0.8332741911634801, "ENV_Test_accuracy_per_mean_user_and_bot_epoch8": 0.860119648877486, "ENV_Train_TotalLoss_epoch9": 770.3104293650509, "ENV_Train_Right action_epoch9": 0.850545149566676, "ENV_Train_Probability to choose the right action_epoch9": 0.7873461094616535, "ENV_Train_Weighted right action_epoch9": 0.850545149566676, "ENV_Train_Weighted probability to choose the right action:_epoch9": 0.7873461094616535, "ENV_Test_TotalLoss_epoch9": 193.1748654238489, "ENV_Test_Right action_epoch9": 0.832576, "ENV_Test_Probability to choose the right action_epoch9": 0.7834822915979415, "ENV_Test_Weighted right action_epoch9": 0.8617396862166639, "ENV_Test_Weighted probability to choose the right action:_epoch9": 0.8125409953893915, "ENV_Test_proba_accuracy_epoch9": 0.7834822915979411, "ENV_Test_proba_accuracy_strategy_132_epoch9": 0.8082701218714093, "ENV_Test_proba_accuracy_strategy_23_epoch9": 0.7880147171825889, "ENV_Test_proba_accuracy_strategy_107_epoch9": 0.8454448066777452, "ENV_Test_proba_accuracy_strategy_43_epoch9": 0.7833809668435245, "ENV_Test_proba_accuracy_strategy_17_epoch9": 0.7575875289690892, "ENV_Test_proba_accuracy_strategy_93_epoch9": 0.787887580065839, "ENV_Test_proba_accuracy_per_mean_strategy_epoch9": 0.7950976202683661, "ENV_Test_proba_accuracy_per_mean_user_epoch9": 0.7900614552695504, "ENV_Test_proba_accuracy_per_mean_user_and_bot_epoch9": 0.8125409953893924, "ENV_Test_accuracy_epoch9": 0.832576, "ENV_Test_accuracy_strategy_132_epoch9": 0.8487252124645892, "ENV_Test_accuracy_strategy_23_epoch9": 0.8374535466149621, "ENV_Test_accuracy_strategy_107_epoch9": 0.8883415435139573, "ENV_Test_accuracy_strategy_43_epoch9": 0.8358778625954199, "ENV_Test_accuracy_strategy_17_epoch9": 0.8069419237749547, "ENV_Test_accuracy_strategy_93_epoch9": 0.8465804066543438, "ENV_Test_accuracy_per_mean_strategy_epoch9": 0.8439867492697045, "ENV_Test_accuracy_per_mean_user_epoch9": 0.8367793304673845, "ENV_Test_accuracy_per_mean_user_and_bot_epoch9": 0.861739686216664, "ENV_Train_TotalLoss_epoch10": 763.8423905604375, "ENV_Train_Right action_epoch10": 0.8510763209393346, "ENV_Train_Probability to choose the right action_epoch10": 0.7890188154692283, "ENV_Train_Weighted right action_epoch10": 0.8510763209393346, "ENV_Train_Weighted probability to choose the right action:_epoch10": 0.7890188154692283, "ENV_Test_TotalLoss_epoch10": 191.3935316720621, "ENV_Test_Right action_epoch10": 0.833344, "ENV_Test_Probability to choose the right action_epoch10": 0.7895621870550252, "ENV_Test_Weighted right action_epoch10": 0.8652906836601822, "ENV_Test_Weighted probability to choose the right action:_epoch10": 0.8205447145338234, "ENV_Test_proba_accuracy_epoch10": 0.7895621870550257, "ENV_Test_proba_accuracy_strategy_132_epoch10": 0.8193444070779963, "ENV_Test_proba_accuracy_strategy_23_epoch10": 0.794209960496015, "ENV_Test_proba_accuracy_strategy_107_epoch10": 0.8599077007143927, "ENV_Test_proba_accuracy_strategy_43_epoch10": 0.7862008239106196, "ENV_Test_proba_accuracy_strategy_17_epoch10": 0.7629973919085103, "ENV_Test_proba_accuracy_strategy_93_epoch10": 0.7879083736386369, "ENV_Test_proba_accuracy_per_mean_strategy_epoch10": 0.801761442957695, "ENV_Test_proba_accuracy_per_mean_user_epoch10": 0.7964795885124579, "ENV_Test_proba_accuracy_per_mean_user_and_bot_epoch10": 0.8205447145338217, "ENV_Test_accuracy_epoch10": 0.833344, "ENV_Test_accuracy_strategy_132_epoch10": 0.8589235127478754, "ENV_Test_accuracy_strategy_23_epoch10": 0.835514622717725, "ENV_Test_accuracy_strategy_107_epoch10": 0.8981937602627258, "ENV_Test_accuracy_strategy_43_epoch10": 0.8314249363867684, "ENV_Test_accuracy_strategy_17_epoch10": 0.8110254083484574, "ENV_Test_accuracy_strategy_93_epoch10": 0.8364140480591498, "ENV_Test_accuracy_per_mean_strategy_epoch10": 0.8452493814204503, "ENV_Test_accuracy_per_mean_user_epoch10": 0.8381161307594786, "ENV_Test_accuracy_per_mean_user_and_bot_epoch10": 0.8652906836601815, "ENV_Train_TotalLoss_epoch11": 748.8557693812007, "ENV_Train_Right action_epoch11": 0.8554674941641855, "ENV_Train_Probability to choose the right action_epoch11": 0.7939462149458197, "ENV_Train_Weighted right action_epoch11": 0.8554674941641855, "ENV_Train_Weighted probability to choose the right action:_epoch11": 0.7939462149458197, "ENV_Test_TotalLoss_epoch11": 190.4518586592507, "ENV_Test_Right action_epoch11": 0.833344, "ENV_Test_Probability to choose the right action_epoch11": 0.7833110288297546, "ENV_Test_Weighted right action_epoch11": 0.8622747394656322, "ENV_Test_Weighted probability to choose the right action:_epoch11": 0.8098235865901817, "ENV_Test_proba_accuracy_epoch11": 0.7833110288297555, "ENV_Test_proba_accuracy_strategy_132_epoch11": 0.8086509990493627, "ENV_Test_proba_accuracy_strategy_23_epoch11": 0.7892372476394474, "ENV_Test_proba_accuracy_strategy_107_epoch11": 0.8431384915689882, "ENV_Test_proba_accuracy_strategy_43_epoch11": 0.7766002505991362, "ENV_Test_proba_accuracy_strategy_17_epoch11": 0.7589226307982997, "ENV_Test_proba_accuracy_strategy_93_epoch11": 0.7835107159297633, "ENV_Test_proba_accuracy_per_mean_strategy_epoch11": 0.7933433892641663, "ENV_Test_proba_accuracy_per_mean_user_epoch11": 0.7906580731082448, "ENV_Test_proba_accuracy_per_mean_user_and_bot_epoch11": 0.809823586590181, "ENV_Test_accuracy_epoch11": 0.833344, "ENV_Test_accuracy_strategy_132_epoch11": 0.8509915014164305, "ENV_Test_accuracy_strategy_23_epoch11": 0.8368072386492164, "ENV_Test_accuracy_strategy_107_epoch11": 0.8981937602627258, "ENV_Test_accuracy_strategy_43_epoch11": 0.8288804071246819, "ENV_Test_accuracy_strategy_17_epoch11": 0.8128402903811253, "ENV_Test_accuracy_strategy_93_epoch11": 0.8382624768946395, "ENV_Test_accuracy_per_mean_strategy_epoch11": 0.8443292791214699, "ENV_Test_accuracy_per_mean_user_epoch11": 0.8402061547654491, "ENV_Test_accuracy_per_mean_user_and_bot_epoch11": 0.8622747394656317, "ENV_Train_TotalLoss_epoch12": 744.4611859673869, "ENV_Train_Right action_epoch12": 0.8550090820176052, "ENV_Train_Probability to choose the right action_epoch12": 0.7949459402886466, "ENV_Train_Weighted right action_epoch12": 0.8550090820176052, "ENV_Train_Weighted probability to choose the right action:_epoch12": 0.7949459402886466, "ENV_Test_TotalLoss_epoch12": 193.98320292326585, "ENV_Test_Right action_epoch12": 0.831424, "ENV_Test_Probability to choose the right action_epoch12": 0.7922176543038129, "ENV_Test_Weighted right action_epoch12": 0.8628778350058373, "ENV_Test_Weighted probability to choose the right action:_epoch12": 0.8231557704467404, "ENV_Test_proba_accuracy_epoch12": 0.7922176543038136, "ENV_Test_proba_accuracy_strategy_132_epoch12": 0.8232563254167685, "ENV_Test_proba_accuracy_strategy_23_epoch12": 0.7964059165640778, "ENV_Test_proba_accuracy_strategy_107_epoch12": 0.8575526149913995, "ENV_Test_proba_accuracy_strategy_43_epoch12": 0.7904244680995629, "ENV_Test_proba_accuracy_strategy_17_epoch12": 0.7655600479554043, "ENV_Test_proba_accuracy_strategy_93_epoch12": 0.7920625866466866, "ENV_Test_proba_accuracy_per_mean_strategy_epoch12": 0.8042103266123165, "ENV_Test_proba_accuracy_per_mean_user_epoch12": 0.8011898445717321, "ENV_Test_proba_accuracy_per_mean_user_and_bot_epoch12": 0.823155770446742, "ENV_Test_accuracy_epoch12": 0.831424, "ENV_Test_accuracy_strategy_132_epoch12": 0.8583569405099151, "ENV_Test_accuracy_strategy_23_epoch12": 0.8372919696235256, "ENV_Test_accuracy_strategy_107_epoch12": 0.896551724137931, "ENV_Test_accuracy_strategy_43_epoch12": 0.8276081424936387, "ENV_Test_accuracy_strategy_17_epoch12": 0.8060344827586207, "ENV_Test_accuracy_strategy_93_epoch12": 0.8262476894639557, "ENV_Test_accuracy_per_mean_strategy_epoch12": 0.8420151581645977, "ENV_Test_accuracy_per_mean_user_epoch12": 0.8403716340254502, "ENV_Test_accuracy_per_mean_user_and_bot_epoch12": 0.8628778350058367, "ENV_Train_TotalLoss_epoch13": 728.4417581722985, "ENV_Train_Right action_epoch13": 0.8586321585287459, "ENV_Train_Probability to choose the right action_epoch13": 0.7994538963603873, "ENV_Train_Weighted right action_epoch13": 0.8586321585287459, "ENV_Train_Weighted probability to choose the right action:_epoch13": 0.7994538963603873, "ENV_Test_TotalLoss_epoch13": 188.03428965411823, "ENV_Test_Right action_epoch13": 0.830464, "ENV_Test_Probability to choose the right action_epoch13": 0.7801790806089446, "ENV_Test_Weighted right action_epoch13": 0.8621294785209721, "ENV_Test_Weighted probability to choose the right action:_epoch13": 0.8110776425444242, "ENV_Test_proba_accuracy_epoch13": 0.7801790806089446, "ENV_Test_proba_accuracy_strategy_132_epoch13": 0.8098089631866603, "ENV_Test_proba_accuracy_strategy_23_epoch13": 0.785776788793141, "ENV_Test_proba_accuracy_strategy_107_epoch13": 0.848484216123564, "ENV_Test_proba_accuracy_strategy_43_epoch13": 0.7785817158563478, "ENV_Test_proba_accuracy_strategy_17_epoch13": 0.7511801590289753, "ENV_Test_proba_accuracy_strategy_93_epoch13": 0.7818422206140507, "ENV_Test_proba_accuracy_per_mean_strategy_epoch13": 0.7926123439337899, "ENV_Test_proba_accuracy_per_mean_user_epoch13": 0.7886262817914887, "ENV_Test_proba_accuracy_per_mean_user_and_bot_epoch13": 0.8110776425444253, "ENV_Test_accuracy_epoch13": 0.830464, "ENV_Test_accuracy_strategy_132_epoch13": 0.854957507082153, "ENV_Test_accuracy_strategy_23_epoch13": 0.83664566165778, "ENV_Test_accuracy_strategy_107_epoch13": 0.896551724137931, "ENV_Test_accuracy_strategy_43_epoch13": 0.8352417302798982, "ENV_Test_accuracy_strategy_17_epoch13": 0.7990018148820327, "ENV_Test_accuracy_strategy_93_epoch13": 0.8391866913123844, "ENV_Test_accuracy_per_mean_strategy_epoch13": 0.8435975215586966, "ENV_Test_accuracy_per_mean_user_epoch13": 0.8373519886303625, "ENV_Test_accuracy_per_mean_user_and_bot_epoch13": 0.8621294785209713, "ENV_Train_TotalLoss_epoch14": 723.2946261792397, "ENV_Train_Right action_epoch14": 0.8610722871359088, "ENV_Train_Probability to choose the right action_epoch14": 0.8016311424655836, "ENV_Train_Weighted right action_epoch14": 0.8610722871359088, "ENV_Train_Weighted probability to choose the right action:_epoch14": 0.8016311424655836, "ENV_Test_TotalLoss_epoch14": 187.48847342862427, "ENV_Test_Right action_epoch14": 0.83552, "ENV_Test_Probability to choose the right action_epoch14": 0.7876356617564222, "ENV_Test_Weighted right action_epoch14": 0.865073787083766, "ENV_Test_Weighted probability to choose the right action:_epoch14": 0.8163959132866677, "ENV_Test_proba_accuracy_epoch14": 0.7876356617564226, "ENV_Test_proba_accuracy_strategy_132_epoch14": 0.8144298108076886, "ENV_Test_proba_accuracy_strategy_23_epoch14": 0.7927234115155798, "ENV_Test_proba_accuracy_strategy_107_epoch14": 0.8518242525998491, "ENV_Test_proba_accuracy_strategy_43_epoch14": 0.7792751879200153, "ENV_Test_proba_accuracy_strategy_17_epoch14": 0.7629077827988597, "ENV_Test_proba_accuracy_strategy_93_epoch14": 0.7915844114396144, "ENV_Test_proba_accuracy_per_mean_strategy_epoch14": 0.798790809513601, "ENV_Test_proba_accuracy_per_mean_user_epoch14": 0.7950120108278745, "ENV_Test_proba_accuracy_per_mean_user_and_bot_epoch14": 0.8163959132866683, "ENV_Test_accuracy_epoch14": 0.83552, "ENV_Test_accuracy_strategy_132_epoch14": 0.8555240793201133, "ENV_Test_accuracy_strategy_23_epoch14": 0.842462433349491, "ENV_Test_accuracy_strategy_107_epoch14": 0.896551724137931, "ENV_Test_accuracy_strategy_43_epoch14": 0.8295165394402035, "ENV_Test_accuracy_strategy_17_epoch14": 0.8098911070780399, "ENV_Test_accuracy_strategy_93_epoch14": 0.8419593345656192, "ENV_Test_accuracy_per_mean_strategy_epoch14": 0.8459842029818997, "ENV_Test_accuracy_per_mean_user_epoch14": 0.8418291986860894, "ENV_Test_accuracy_per_mean_user_and_bot_epoch14": 0.8650737870837658, "ENV_Train_TotalLoss_epoch15": 714.4071209398671, "ENV_Train_Right action_epoch15": 0.860960474087326, "ENV_Train_Probability to choose the right action_epoch15": 0.8031629072041722, "ENV_Train_Weighted right action_epoch15": 0.860960474087326, "ENV_Train_Weighted probability to choose the right action:_epoch15": 0.8031629072041722, "ENV_Test_TotalLoss_epoch15": 196.7521350883926, "ENV_Test_Right action_epoch15": 0.836096, "ENV_Test_Probability to choose the right action_epoch15": 0.7978289887498762, "ENV_Test_Weighted right action_epoch15": 0.8679374359515994, "ENV_Test_Weighted probability to choose the right action:_epoch15": 0.8275738548932653, "ENV_Test_proba_accuracy_epoch15": 0.7978289887498758, "ENV_Test_proba_accuracy_strategy_132_epoch15": 0.8235412689703756, "ENV_Test_proba_accuracy_strategy_23_epoch15": 0.8021179171786156, "ENV_Test_proba_accuracy_strategy_107_epoch15": 0.8538477022483503, "ENV_Test_proba_accuracy_strategy_43_epoch15": 0.7971939958892863, "ENV_Test_proba_accuracy_strategy_17_epoch15": 0.77402911634402, "ENV_Test_proba_accuracy_strategy_93_epoch15": 0.7977054186820719, "ENV_Test_proba_accuracy_per_mean_strategy_epoch15": 0.8080725698854532, "ENV_Test_proba_accuracy_per_mean_user_epoch15": 0.8068579151942922, "ENV_Test_proba_accuracy_per_mean_user_and_bot_epoch15": 0.8275738548932655, "ENV_Test_accuracy_epoch15": 0.836096, "ENV_Test_accuracy_strategy_132_epoch15": 0.854957507082153, "ENV_Test_accuracy_strategy_23_epoch15": 0.8421392793666181, "ENV_Test_accuracy_strategy_107_epoch15": 0.8916256157635468, "ENV_Test_accuracy_strategy_43_epoch15": 0.8365139949109415, "ENV_Test_accuracy_strategy_17_epoch15": 0.8107985480943739, "ENV_Test_accuracy_strategy_93_epoch15": 0.8419593345656192, "ENV_Test_accuracy_per_mean_strategy_epoch15": 0.8463323799638754, "ENV_Test_accuracy_per_mean_user_epoch15": 0.8440106546090405, "ENV_Test_accuracy_per_mean_user_and_bot_epoch15": 0.8679374359515989, "ENV_Train_TotalLoss_epoch16": 707.0096168933405, "ENV_Train_Right action_epoch16": 0.8640537858350922, "ENV_Train_Probability to choose the right action_epoch16": 0.8067917855180424, "ENV_Train_Weighted right action_epoch16": 0.8640537858350922, "ENV_Train_Weighted probability to choose the right action:_epoch16": 0.8067917855180424, "ENV_Test_TotalLoss_epoch16": 194.52733044189839, "ENV_Test_Right action_epoch16": 0.834944, "ENV_Test_Probability to choose the right action_epoch16": 0.7894091472032105, "ENV_Test_Weighted right action_epoch16": 0.8670095627918749, "ENV_Test_Weighted probability to choose the right action:_epoch16": 0.8195339500544329, "ENV_Test_proba_accuracy_epoch16": 0.7894091472032103, "ENV_Test_proba_accuracy_strategy_132_epoch16": 0.8166968794801118, "ENV_Test_proba_accuracy_strategy_23_epoch16": 0.7926795462775721, "ENV_Test_proba_accuracy_strategy_107_epoch16": 0.847355997181039, "ENV_Test_proba_accuracy_strategy_43_epoch16": 0.7845114614022799, "ENV_Test_proba_accuracy_strategy_17_epoch16": 0.7672350540809986, "ENV_Test_proba_accuracy_strategy_93_epoch16": 0.79102613942624, "ENV_Test_proba_accuracy_per_mean_strategy_epoch16": 0.7999175129747068, "ENV_Test_proba_accuracy_per_mean_user_epoch16": 0.7995002534237736, "ENV_Test_proba_accuracy_per_mean_user_and_bot_epoch16": 0.8195339500544333, "ENV_Test_accuracy_epoch16": 0.834944, "ENV_Test_accuracy_strategy_132_epoch16": 0.856657223796034, "ENV_Test_accuracy_strategy_23_epoch16": 0.8382614315721442, "ENV_Test_accuracy_strategy_107_epoch16": 0.8899835796387521, "ENV_Test_accuracy_strategy_43_epoch16": 0.8307888040712468, "ENV_Test_accuracy_strategy_17_epoch16": 0.8148820326678766, "ENV_Test_accuracy_strategy_93_epoch16": 0.8373382624768947, "ENV_Test_accuracy_per_mean_strategy_epoch16": 0.844651889037158, "ENV_Test_accuracy_per_mean_user_epoch16": 0.8459858147727802, "ENV_Test_accuracy_per_mean_user_and_bot_epoch16": 0.8670095627918757, "ENV_Train_TotalLoss_epoch17": 701.540451044109, "ENV_Train_Right action_epoch17": 0.8644795146703197, "ENV_Train_Probability to choose the right action_epoch17": 0.8075218104562341, "ENV_Train_Weighted right action_epoch17": 0.8644795146703197, "ENV_Train_Weighted probability to choose the right action:_epoch17": 0.8075218104562341, "ENV_Test_TotalLoss_epoch17": 196.2601561756201, "ENV_Test_Right action_epoch17": 0.831872, "ENV_Test_Probability to choose the right action_epoch17": 0.7906817256914419, "ENV_Test_Weighted right action_epoch17": 0.8580706484557726, "ENV_Test_Weighted probability to choose the right action:_epoch17": 0.8174187010304699, "ENV_Test_proba_accuracy_epoch17": 0.7906817256914423, "ENV_Test_proba_accuracy_strategy_132_epoch17": 0.8131413562918837, "ENV_Test_proba_accuracy_strategy_23_epoch17": 0.7957501413609205, "ENV_Test_proba_accuracy_strategy_107_epoch17": 0.85044551483937, "ENV_Test_proba_accuracy_strategy_43_epoch17": 0.7815982402094247, "ENV_Test_proba_accuracy_strategy_17_epoch17": 0.7679715432257792, "ENV_Test_proba_accuracy_strategy_93_epoch17": 0.7971326529623372, "ENV_Test_proba_accuracy_per_mean_strategy_epoch17": 0.8010065748149525, "ENV_Test_proba_accuracy_per_mean_user_epoch17": 0.7980995244555255, "ENV_Test_proba_accuracy_per_mean_user_and_bot_epoch17": 0.8174187010304719, "ENV_Test_accuracy_epoch17": 0.831872, "ENV_Test_accuracy_strategy_132_epoch17": 0.8509915014164305, "ENV_Test_accuracy_strategy_23_epoch17": 0.8372919696235256, "ENV_Test_accuracy_strategy_107_epoch17": 0.8932676518883416, "ENV_Test_accuracy_strategy_43_epoch17": 0.8148854961832062, "ENV_Test_accuracy_strategy_17_epoch17": 0.8128402903811253, "ENV_Test_accuracy_strategy_93_epoch17": 0.8373382624768947, "ENV_Test_accuracy_per_mean_strategy_epoch17": 0.8411025286615873, "ENV_Test_accuracy_per_mean_user_epoch17": 0.8396755046552105, "ENV_Test_accuracy_per_mean_user_and_bot_epoch17": 0.8580706484557727, "ENV_Train_TotalLoss_epoch18": 699.7881094190187, "ENV_Train_Right action_epoch18": 0.8650564012244727, "ENV_Train_Probability to choose the right action_epoch18": 0.8083065139523361, "ENV_Train_Weighted right action_epoch18": 0.8650564012244727, "ENV_Train_Weighted probability to choose the right action:_epoch18": 0.8083065139523361, "ENV_Test_TotalLoss_epoch18": 195.90949814425625, "ENV_Test_Right action_epoch18": 0.830592, "ENV_Test_Probability to choose the right action_epoch18": 0.7888826783763826, "ENV_Test_Weighted right action_epoch18": 0.8588612071009311, "ENV_Test_Weighted probability to choose the right action:_epoch18": 0.8177127529445981, "ENV_Test_proba_accuracy_epoch18": 0.7888826783763823, "ENV_Test_proba_accuracy_strategy_132_epoch18": 0.8141453673691458, "ENV_Test_proba_accuracy_strategy_23_epoch18": 0.7944026527293508, "ENV_Test_proba_accuracy_strategy_107_epoch18": 0.8480673470049125, "ENV_Test_proba_accuracy_strategy_43_epoch18": 0.7865806800013568, "ENV_Test_proba_accuracy_strategy_17_epoch18": 0.7635426847670017, "ENV_Test_proba_accuracy_strategy_93_epoch18": 0.7893653056759787, "ENV_Test_proba_accuracy_per_mean_strategy_epoch18": 0.7993506729246245, "ENV_Test_proba_accuracy_per_mean_user_epoch18": 0.7980588207661159, "ENV_Test_proba_accuracy_per_mean_user_and_bot_epoch18": 0.8177127529445979, "ENV_Test_accuracy_epoch18": 0.830592, "ENV_Test_accuracy_strategy_132_epoch18": 0.8470254957507082, "ENV_Test_accuracy_strategy_23_epoch18": 0.8364840846663435, "ENV_Test_accuracy_strategy_107_epoch18": 0.8850574712643678, "ENV_Test_accuracy_strategy_43_epoch18": 0.8225190839694656, "ENV_Test_accuracy_strategy_17_epoch18": 0.8083030852994555, "ENV_Test_accuracy_strategy_93_epoch18": 0.8419593345656192, "ENV_Test_accuracy_per_mean_strategy_epoch18": 0.84022475925266, "ENV_Test_accuracy_per_mean_user_epoch18": 0.838761758840872, "ENV_Test_accuracy_per_mean_user_and_bot_epoch18": 0.8588612071009312, "ENV_Train_TotalLoss_epoch19": 692.0021623136694, "ENV_Train_Right action_epoch19": 0.8666703935599285, "ENV_Train_Probability to choose the right action_epoch19": 0.8103628610932592, "ENV_Train_Weighted right action_epoch19": 0.8666703935599285, "ENV_Train_Weighted probability to choose the right action:_epoch19": 0.8103628610932592, "ENV_Test_TotalLoss_epoch19": 193.56585176876203, "ENV_Test_Right action_epoch19": 0.835264, "ENV_Test_Probability to choose the right action_epoch19": 0.7918168043954191, "ENV_Test_Weighted right action_epoch19": 0.8614452014305033, "ENV_Test_Weighted probability to choose the right action:_epoch19": 0.8176857247480784, "ENV_Test_proba_accuracy_epoch19": 0.7918168043954201, "ENV_Test_proba_accuracy_strategy_132_epoch19": 0.813910159948763, "ENV_Test_proba_accuracy_strategy_23_epoch19": 0.7960150259910538, "ENV_Test_proba_accuracy_strategy_107_epoch19": 0.848604245383932, "ENV_Test_proba_accuracy_strategy_43_epoch19": 0.7862847442933498, "ENV_Test_proba_accuracy_strategy_17_epoch19": 0.7704771658896823, "ENV_Test_proba_accuracy_strategy_93_epoch19": 0.794774667098485, "ENV_Test_proba_accuracy_per_mean_strategy_epoch19": 0.8016776681008775, "ENV_Test_proba_accuracy_per_mean_user_epoch19": 0.7993442363576557, "ENV_Test_proba_accuracy_per_mean_user_and_bot_epoch19": 0.8176857247480789, "ENV_Test_accuracy_epoch19": 0.835264, "ENV_Test_accuracy_strategy_132_epoch19": 0.851558073654391, "ENV_Test_accuracy_strategy_23_epoch19": 0.8421392793666181, "ENV_Test_accuracy_strategy_107_epoch19": 0.9014778325123153, "ENV_Test_accuracy_strategy_43_epoch19": 0.821882951653944, "ENV_Test_accuracy_strategy_17_epoch19": 0.815562613430127, "ENV_Test_accuracy_strategy_93_epoch19": 0.8317929759704251, "ENV_Test_accuracy_per_mean_strategy_epoch19": 0.8440689544313034, "ENV_Test_accuracy_per_mean_user_epoch19": 0.8425345291375497, "ENV_Test_accuracy_per_mean_user_and_bot_epoch19": 0.8614452014305032, "ENV_Train_TotalLoss_epoch20": 685.3314393498122, "ENV_Train_Right action_epoch20": 0.8669993430340643, "ENV_Train_Probability to choose the right action_epoch20": 0.8116305062961257, "ENV_Train_Weighted right action_epoch20": 0.8669993430340643, "ENV_Train_Weighted probability to choose the right action:_epoch20": 0.8116305062961257, "ENV_Test_TotalLoss_epoch20": 197.69806899768105, "ENV_Test_Right action_epoch20": 0.829952, "ENV_Test_Probability to choose the right action_epoch20": 0.7934112047597939, "ENV_Test_Weighted right action_epoch20": 0.8575080342585191, "ENV_Test_Weighted probability to choose the right action:_epoch20": 0.8199412880161001, "ENV_Test_proba_accuracy_epoch20": 0.7934112047597939, "ENV_Test_proba_accuracy_strategy_132_epoch20": 0.8135451841989946, "ENV_Test_proba_accuracy_strategy_23_epoch20": 0.7987771017281484, "ENV_Test_proba_accuracy_strategy_107_epoch20": 0.8451785679409308, "ENV_Test_proba_accuracy_strategy_43_epoch20": 0.7878939501945866, "ENV_Test_proba_accuracy_strategy_17_epoch20": 0.7714854626091766, "ENV_Test_proba_accuracy_strategy_93_epoch20": 0.7980779897429527, "ENV_Test_proba_accuracy_per_mean_strategy_epoch20": 0.8024930427357982, "ENV_Test_proba_accuracy_per_mean_user_epoch20": 0.8012612343010567, "ENV_Test_proba_accuracy_per_mean_user_and_bot_epoch20": 0.8199412880160999, "ENV_Test_accuracy_epoch20": 0.829952, "ENV_Test_accuracy_strategy_132_epoch20": 0.8453257790368272, "ENV_Test_accuracy_strategy_23_epoch20": 0.8364840846663435, "ENV_Test_accuracy_strategy_107_epoch20": 0.8834154351395731, "ENV_Test_accuracy_strategy_43_epoch20": 0.8174300254452926, "ENV_Test_accuracy_strategy_17_epoch20": 0.8098911070780399, "ENV_Test_accuracy_strategy_93_epoch20": 0.8373382624768947, "ENV_Test_accuracy_per_mean_strategy_epoch20": 0.8383141156404951, "ENV_Test_accuracy_per_mean_user_epoch20": 0.839136745795003, "ENV_Test_accuracy_per_mean_user_and_bot_epoch20": 0.8575080342585194, "ENV_Train_TotalLoss_epoch21": 678.272947459706, "ENV_Train_Right action_epoch21": 0.8698289355992844, "ENV_Train_Probability to choose the right action_epoch21": 0.8141380141297296, "ENV_Train_Weighted right action_epoch21": 0.8698289355992844, "ENV_Train_Weighted probability to choose the right action:_epoch21": 0.8141380141297296, "ENV_Test_TotalLoss_epoch21": 186.4777727092365, "ENV_Test_Right action_epoch21": 0.834368, "ENV_Test_Probability to choose the right action_epoch21": 0.7900119726898392, "ENV_Test_Weighted right action_epoch21": 0.8676753780926787, "ENV_Test_Weighted probability to choose the right action:_epoch21": 0.823681189450107, "ENV_Test_proba_accuracy_epoch21": 0.790011972689839, "ENV_Test_proba_accuracy_strategy_132_epoch21": 0.8209750012185323, "ENV_Test_proba_accuracy_strategy_23_epoch21": 0.7934206554027632, "ENV_Test_proba_accuracy_strategy_107_epoch21": 0.8532763104598713, "ENV_Test_proba_accuracy_strategy_43_epoch21": 0.7906762185655241, "ENV_Test_proba_accuracy_strategy_17_epoch21": 0.7635826834537042, "ENV_Test_proba_accuracy_strategy_93_epoch21": 0.7911044385594549, "ENV_Test_proba_accuracy_per_mean_strategy_epoch21": 0.8021725512766417, "ENV_Test_proba_accuracy_per_mean_user_epoch21": 0.7999863575907936, "ENV_Test_proba_accuracy_per_mean_user_and_bot_epoch21": 0.8236811894501075, "ENV_Test_accuracy_epoch21": 0.834368, "ENV_Test_accuracy_strategy_132_epoch21": 0.854957507082153, "ENV_Test_accuracy_strategy_23_epoch21": 0.8363225076749071, "ENV_Test_accuracy_strategy_107_epoch21": 0.8998357963875205, "ENV_Test_accuracy_strategy_43_epoch21": 0.8384223918575063, "ENV_Test_accuracy_strategy_17_epoch21": 0.8112522686025408, "ENV_Test_accuracy_strategy_93_epoch21": 0.8410351201478743, "ENV_Test_accuracy_per_mean_strategy_epoch21": 0.8469709319587504, "ENV_Test_accuracy_per_mean_user_epoch21": 0.8437054777796807, "ENV_Test_accuracy_per_mean_user_and_bot_epoch21": 0.867675378092679, "ENV_Train_TotalLoss_epoch22": 678.4771842084064, "ENV_Train_Right action_epoch22": 0.8685935512725544, "ENV_Train_Probability to choose the right action_epoch22": 0.81387634363968, "ENV_Train_Weighted right action_epoch22": 0.8685935512725544, "ENV_Train_Weighted probability to choose the right action:_epoch22": 0.81387634363968, "ENV_Test_TotalLoss_epoch22": 193.42230008645387, "ENV_Test_Right action_epoch22": 0.832064, "ENV_Test_Probability to choose the right action_epoch22": 0.7912143170265927, "ENV_Test_Weighted right action_epoch22": 0.8618686506078941, "ENV_Test_Weighted probability to choose the right action:_epoch22": 0.8222757062856221, "ENV_Test_proba_accuracy_epoch22": 0.7912143170265931, "ENV_Test_proba_accuracy_strategy_132_epoch22": 0.8166263550159921, "ENV_Test_proba_accuracy_strategy_23_epoch22": 0.7949221789447272, "ENV_Test_proba_accuracy_strategy_107_epoch22": 0.8499945614175557, "ENV_Test_proba_accuracy_strategy_43_epoch22": 0.7870865443212747, "ENV_Test_proba_accuracy_strategy_17_epoch22": 0.7672979218457294, "ENV_Test_proba_accuracy_strategy_93_epoch22": 0.7988991186470085, "ENV_Test_proba_accuracy_per_mean_strategy_epoch22": 0.8024711133653812, "ENV_Test_proba_accuracy_per_mean_user_epoch22": 0.7993421677531327, "ENV_Test_proba_accuracy_per_mean_user_and_bot_epoch22": 0.8222757062856222, "ENV_Test_accuracy_epoch22": 0.832064, "ENV_Test_accuracy_strategy_132_epoch22": 0.8475920679886686, "ENV_Test_accuracy_strategy_23_epoch22": 0.8351914687348522, "ENV_Test_accuracy_strategy_107_epoch22": 0.8981937602627258, "ENV_Test_accuracy_strategy_43_epoch22": 0.821882951653944, "ENV_Test_accuracy_strategy_17_epoch22": 0.8130671506352087, "ENV_Test_accuracy_strategy_93_epoch22": 0.8438077634011091, "ENV_Test_accuracy_per_mean_strategy_epoch22": 0.8432891937794181, "ENV_Test_accuracy_per_mean_user_epoch22": 0.8393718538306094, "ENV_Test_accuracy_per_mean_user_and_bot_epoch22": 0.8618686506078939, "ENV_Train_TotalLoss_epoch23": 677.1857104318499, "ENV_Train_Right action_epoch23": 0.8696557603879859, "ENV_Train_Probability to choose the right action_epoch23": 0.8146264805895211, "ENV_Train_Weighted right action_epoch23": 0.8696557603879859, "ENV_Train_Weighted probability to choose the right action:_epoch23": 0.8146264805895211, "ENV_Test_TotalLoss_epoch23": 190.4573788729601, "ENV_Test_Right action_epoch23": 0.833472, "ENV_Test_Probability to choose the right action_epoch23": 0.7890800150263059, "ENV_Test_Weighted right action_epoch23": 0.8618365220052812, "ENV_Test_Weighted probability to choose the right action:_epoch23": 0.8185058309475607, "ENV_Test_proba_accuracy_epoch23": 0.789080015026307, "ENV_Test_proba_accuracy_strategy_132_epoch23": 0.815979282995557, "ENV_Test_proba_accuracy_strategy_23_epoch23": 0.7935876098381904, "ENV_Test_proba_accuracy_strategy_107_epoch23": 0.8516559637914587, "ENV_Test_proba_accuracy_strategy_43_epoch23": 0.785370686647877, "ENV_Test_proba_accuracy_strategy_17_epoch23": 0.7629913415137626, "ENV_Test_proba_accuracy_strategy_93_epoch23": 0.795869730368022, "ENV_Test_proba_accuracy_per_mean_strategy_epoch23": 0.8009091025258113, "ENV_Test_proba_accuracy_per_mean_user_epoch23": 0.7973112033062975, "ENV_Test_proba_accuracy_per_mean_user_and_bot_epoch23": 0.8185058309475621, "ENV_Test_accuracy_epoch23": 0.833472, "ENV_Test_accuracy_strategy_132_epoch23": 0.8543909348441926, "ENV_Test_accuracy_strategy_23_epoch23": 0.841331394409436, "ENV_Test_accuracy_strategy_107_epoch23": 0.8949096880131363, "ENV_Test_accuracy_strategy_43_epoch23": 0.8276081424936387, "ENV_Test_accuracy_strategy_17_epoch23": 0.8055807622504537, "ENV_Test_accuracy_strategy_93_epoch23": 0.8419593345656192, "ENV_Test_accuracy_per_mean_strategy_epoch23": 0.8442967094294128, "ENV_Test_accuracy_per_mean_user_epoch23": 0.8399224615265491, "ENV_Test_accuracy_per_mean_user_and_bot_epoch23": 0.8618365220052805, "ENV_Train_TotalLoss_epoch24": 678.9823689635336, "ENV_Train_Right action_epoch24": 0.8693737769080235, "ENV_Train_Probability to choose the right action_epoch24": 0.8151161277041389, "ENV_Train_Weighted right action_epoch24": 0.8693737769080235, "ENV_Train_Weighted probability to choose the right action:_epoch24": 0.8151161277041389, "ENV_Test_TotalLoss_epoch24": 196.802205699252, "ENV_Test_Right action_epoch24": 0.830976, "ENV_Test_Probability to choose the right action_epoch24": 0.7906685025670284, "ENV_Test_Weighted right action_epoch24": 0.8608945860468203, "ENV_Test_Weighted probability to choose the right action:_epoch24": 0.8186446735577353, "ENV_Test_proba_accuracy_epoch24": 0.7906685025670284, "ENV_Test_proba_accuracy_strategy_132_epoch24": 0.8189990016974108, "ENV_Test_proba_accuracy_strategy_23_epoch24": 0.7947505571899317, "ENV_Test_proba_accuracy_strategy_107_epoch24": 0.8508336380130844, "ENV_Test_proba_accuracy_strategy_43_epoch24": 0.7868799484064931, "ENV_Test_proba_accuracy_strategy_17_epoch24": 0.7655605642628788, "ENV_Test_proba_accuracy_strategy_93_epoch24": 0.795034181561605, "ENV_Test_proba_accuracy_per_mean_strategy_epoch24": 0.8020096485219006, "ENV_Test_proba_accuracy_per_mean_user_epoch24": 0.7974353838314753, "ENV_Test_proba_accuracy_per_mean_user_and_bot_epoch24": 0.8186446735577368, "ENV_Test_accuracy_epoch24": 0.830976, "ENV_Test_accuracy_strategy_132_epoch24": 0.8555240793201133, "ENV_Test_accuracy_strategy_23_epoch24": 0.8348683147519793, "ENV_Test_accuracy_strategy_107_epoch24": 0.8932676518883416, "ENV_Test_accuracy_strategy_43_epoch24": 0.8276081424936387, "ENV_Test_accuracy_strategy_17_epoch24": 0.8051270417422868, "ENV_Test_accuracy_strategy_93_epoch24": 0.8438077634011091, "ENV_Test_accuracy_per_mean_strategy_epoch24": 0.8433671655995781, "ENV_Test_accuracy_per_mean_user_epoch24": 0.8368378507420106, "ENV_Test_accuracy_per_mean_user_and_bot_epoch24": 0.8608945860468203, "_wandb": {"runtime": 2094}}