{"ENV_Train_TotalLoss": 859.4848790838719, "ENV_Train_TotalLoss_epoch0": 1144.5573474532796, "ENV_Train_Right action": 0.831467427006024, "ENV_Train_Right action_epoch0": 0.7541812796042979, "ENV_Train_Probability to choose the right action": 0.761757279119684, "ENV_Train_Probability to choose the right action_epoch0": 0.6656896619799102, "ENV_Train_Weighted right action": 0.831467427006024, "ENV_Train_Weighted right action_epoch0": 0.7541812796042979, "ENV_Train_Weighted probability to choose the right action:": 0.761757279119684, "ENV_Train_Weighted probability to choose the right action:_epoch0": 0.6656896619799102, "_timestamp": 1720510291.433543, "_runtime": 3983.9092919826508, "_step": 49, "ENV_Test_TotalLoss": 226.9032297920868, "ENV_Test_TotalLoss_epoch0": 243.494960627782, "ENV_Test_Right action": 0.804416, "ENV_Test_Right action_epoch0": 0.76896, "ENV_Test_Probability to choose the right action": 0.7597943819446333, "ENV_Test_Probability to choose the right action_epoch0": 0.712972724521542, "ENV_Test_Weighted right action": 0.8422197690419615, "ENV_Test_Weighted right action_epoch0": 0.8191446715790828, "ENV_Test_Weighted probability to choose the right action:": 0.7953367782897334, "ENV_Test_Weighted probability to choose the right action:_epoch0": 0.7547805939974689, "ENV_Test_proba_accuracy": 0.7597943819446342, "ENV_Test_proba_accuracy_epoch0": 0.7129727245215428, "ENV_Test_proba_accuracy_strategy_132": 0.8000628789362555, "ENV_Test_proba_accuracy_strategy_132_epoch0": 0.7587529279693498, "ENV_Test_proba_accuracy_strategy_23": 0.7659638078360913, "ENV_Test_proba_accuracy_strategy_23_epoch0": 0.7103176293574668, "ENV_Test_proba_accuracy_strategy_107": 0.826103932962986, "ENV_Test_proba_accuracy_strategy_107_epoch0": 0.7812927878175573, "ENV_Test_proba_accuracy_strategy_43": 0.7637402745416384, "ENV_Test_proba_accuracy_strategy_43_epoch0": 0.7208190685644712, "ENV_Test_proba_accuracy_strategy_17": 0.7235109995750162, "ENV_Test_proba_accuracy_strategy_17_epoch0": 0.6831207298484409, "ENV_Test_proba_accuracy_strategy_93": 0.7635792393569901, "ENV_Test_proba_accuracy_strategy_93_epoch0": 0.7252430997723406, "ENV_Test_proba_accuracy_per_mean_strategy": 0.7738268555348297, "ENV_Test_proba_accuracy_per_mean_strategy_epoch0": 0.7299243738882711, "ENV_Test_proba_accuracy_per_mean_user": 0.7699951879819988, "ENV_Test_proba_accuracy_per_mean_user_epoch0": 0.7265915923373673, "ENV_Test_proba_accuracy_per_mean_user_and_bot": 0.7953367782897338, "ENV_Test_proba_accuracy_per_mean_user_and_bot_epoch0": 0.7547805939974691, "ENV_Test_accuracy": 0.804416, "ENV_Test_accuracy_epoch0": 0.76896, "ENV_Test_accuracy_strategy_132": 0.8402266288951842, "ENV_Test_accuracy_strategy_132_epoch0": 0.8249291784702549, "ENV_Test_accuracy_strategy_23": 0.8106317660365164, "ENV_Test_accuracy_strategy_23_epoch0": 0.7670059783486831, "ENV_Test_accuracy_strategy_107": 0.8719211822660099, "ENV_Test_accuracy_strategy_107_epoch0": 0.8538587848932676, "ENV_Test_accuracy_strategy_43": 0.8097964376590331, "ENV_Test_accuracy_strategy_43_epoch0": 0.7849872773536896, "ENV_Test_accuracy_strategy_17": 0.7699637023593466, "ENV_Test_accuracy_strategy_17_epoch0": 0.7300362976406534, "ENV_Test_accuracy_strategy_93": 0.8049907578558225, "ENV_Test_accuracy_strategy_93_epoch0": 0.7763401109057301, "ENV_Test_accuracy_per_mean_strategy": 0.8179217458453188, "ENV_Test_accuracy_per_mean_strategy_epoch0": 0.7895262712687131, "ENV_Test_accuracy_per_mean_user": 0.8142439715631223, "ENV_Test_accuracy_per_mean_user_epoch0": 0.7854231855575563, "ENV_Test_accuracy_per_mean_user_and_bot": 0.8422197690419626, "ENV_Test_accuracy_per_mean_user_and_bot_epoch0": 0.819144671579083, "ENV_Train_TotalLoss_epoch1": 1007.9275613229087, "ENV_Train_Right action_epoch1": 0.7911098686049762, "ENV_Train_Probability to choose the right action_epoch1": 0.7134805116214233, "ENV_Train_Weighted right action_epoch1": 0.7911098686049762, "ENV_Train_Weighted probability to choose the right action:_epoch1": 0.7134805116214233, "ENV_Test_TotalLoss_epoch1": 225.42975345284847, "ENV_Test_Right action_epoch1": 0.78048, "ENV_Test_Probability to choose the right action_epoch1": 0.7220092869640211, "ENV_Test_Weighted right action_epoch1": 0.8305399138359584, "ENV_Test_Weighted probability to choose the right action:_epoch1": 0.7678656726171647, "ENV_Test_proba_accuracy_epoch1": 0.7220092869640209, "ENV_Test_proba_accuracy_strategy_132_epoch1": 0.7683468533425801, "ENV_Test_proba_accuracy_strategy_23_epoch1": 0.7197797600724851, "ENV_Test_proba_accuracy_strategy_107_epoch1": 0.7960918941312246, "ENV_Test_proba_accuracy_strategy_43_epoch1": 0.7326288668431061, "ENV_Test_proba_accuracy_strategy_17_epoch1": 0.6892670383662256, "ENV_Test_proba_accuracy_strategy_93_epoch1": 0.735438382858559, "ENV_Test_proba_accuracy_per_mean_strategy_epoch1": 0.74025879926903, "ENV_Test_proba_accuracy_per_mean_user_epoch1": 0.7363601689317857, "ENV_Test_proba_accuracy_per_mean_user_and_bot_epoch1": 0.7678656726171649, "ENV_Test_accuracy_epoch1": 0.78048, "ENV_Test_accuracy_strategy_132_epoch1": 0.8277620396600567, "ENV_Test_accuracy_strategy_23_epoch1": 0.782355792535143, "ENV_Test_accuracy_strategy_107_epoch1": 0.8555008210180624, "ENV_Test_accuracy_strategy_43_epoch1": 0.8040712468193384, "ENV_Test_accuracy_strategy_17_epoch1": 0.7372958257713249, "ENV_Test_accuracy_strategy_93_epoch1": 0.7920517560073937, "ENV_Test_accuracy_per_mean_strategy_epoch1": 0.7998395803018865, "ENV_Test_accuracy_per_mean_user_epoch1": 0.7953569029159919, "ENV_Test_accuracy_per_mean_user_and_bot_epoch1": 0.8305399138359589, "ENV_Train_TotalLoss_epoch2": 964.7254407103059, "ENV_Train_Right action_epoch2": 0.8036340764553778, "ENV_Train_Probability to choose the right action_epoch2": 0.7263813720657152, "ENV_Train_Weighted right action_epoch2": 0.8036340764553778, "ENV_Train_Weighted probability to choose the right action:_epoch2": 0.7263813720657152, "ENV_Test_TotalLoss_epoch2": 225.87925703539727, "ENV_Test_Right action_epoch2": 0.787072, "ENV_Test_Probability to choose the right action_epoch2": 0.7340083895138573, "ENV_Test_Weighted right action_epoch2": 0.8343212454801855, "ENV_Test_Weighted probability to choose the right action:_epoch2": 0.7821862661698642, "ENV_Test_proba_accuracy_epoch2": 0.7340083895138569, "ENV_Test_proba_accuracy_strategy_132_epoch2": 0.785482202965209, "ENV_Test_proba_accuracy_strategy_23_epoch2": 0.7308026016214485, "ENV_Test_proba_accuracy_strategy_107_epoch2": 0.817029524516285, "ENV_Test_proba_accuracy_strategy_43_epoch2": 0.7458545656763848, "ENV_Test_proba_accuracy_strategy_17_epoch2": 0.6990598097630412, "ENV_Test_proba_accuracy_strategy_93_epoch2": 0.746818574284747, "ENV_Test_proba_accuracy_per_mean_strategy_epoch2": 0.754174546471186, "ENV_Test_proba_accuracy_per_mean_user_epoch2": 0.7500159098739203, "ENV_Test_proba_accuracy_per_mean_user_and_bot_epoch2": 0.7821862661698644, "ENV_Test_accuracy_epoch2": 0.787072, "ENV_Test_accuracy_strategy_132_epoch2": 0.8305949008498583, "ENV_Test_accuracy_strategy_23_epoch2": 0.7863952173210534, "ENV_Test_accuracy_strategy_107_epoch2": 0.8653530377668309, "ENV_Test_accuracy_strategy_43_epoch2": 0.7958015267175572, "ENV_Test_accuracy_strategy_17_epoch2": 0.7524954627949183, "ENV_Test_accuracy_strategy_93_epoch2": 0.8040665434380776, "ENV_Test_accuracy_per_mean_strategy_epoch2": 0.8057844481480494, "ENV_Test_accuracy_per_mean_user_epoch2": 0.8025784170947841, "ENV_Test_accuracy_per_mean_user_and_bot_epoch2": 0.8343212454801858, "ENV_Train_TotalLoss_epoch3": 951.0888695826283, "ENV_Train_Right action_epoch3": 0.8067834034406137, "ENV_Train_Probability to choose the right action_epoch3": 0.7317275992138768, "ENV_Train_Weighted right action_epoch3": 0.8067834034406137, "ENV_Train_Weighted probability to choose the right action:_epoch3": 0.7317275992138768, "ENV_Test_TotalLoss_epoch3": 224.50482997470618, "ENV_Test_Right action_epoch3": 0.792832, "ENV_Test_Probability to choose the right action_epoch3": 0.7438624209883428, "ENV_Test_Weighted right action_epoch3": 0.834287900890823, "ENV_Test_Weighted probability to choose the right action:_epoch3": 0.7859248839159237, "ENV_Test_proba_accuracy_epoch3": 0.7438624209883437, "ENV_Test_proba_accuracy_strategy_132_epoch3": 0.7872003768254293, "ENV_Test_proba_accuracy_strategy_23_epoch3": 0.7469680977914109, "ENV_Test_proba_accuracy_strategy_107_epoch3": 0.8149351510408299, "ENV_Test_proba_accuracy_strategy_43_epoch3": 0.7485361302195669, "ENV_Test_proba_accuracy_strategy_17_epoch3": 0.7086201882767518, "ENV_Test_proba_accuracy_strategy_93_epoch3": 0.752184853975967, "ENV_Test_proba_accuracy_per_mean_strategy_epoch3": 0.759740799688326, "ENV_Test_proba_accuracy_per_mean_user_epoch3": 0.7566831750645205, "ENV_Test_proba_accuracy_per_mean_user_and_bot_epoch3": 0.7859248839159235, "ENV_Test_accuracy_epoch3": 0.792832, "ENV_Test_accuracy_strategy_132_epoch3": 0.8288951841359773, "ENV_Test_accuracy_strategy_23_epoch3": 0.8022297624818225, "ENV_Test_accuracy_strategy_107_epoch3": 0.8637110016420362, "ENV_Test_accuracy_strategy_43_epoch3": 0.7970737913486005, "ENV_Test_accuracy_strategy_17_epoch3": 0.7509074410163339, "ENV_Test_accuracy_strategy_93_epoch3": 0.8049907578558225, "ENV_Test_accuracy_per_mean_strategy_epoch3": 0.8079679897467654, "ENV_Test_accuracy_per_mean_user_epoch3": 0.8034658882641581, "ENV_Test_accuracy_per_mean_user_and_bot_epoch3": 0.8342879008908233, "ENV_Train_TotalLoss_epoch4": 932.9181308208416, "ENV_Train_Right action_epoch4": 0.813738644304682, "ENV_Train_Probability to choose the right action_epoch4": 0.7378926992454838, "ENV_Train_Weighted right action_epoch4": 0.813738644304682, "ENV_Train_Weighted probability to choose the right action:_epoch4": 0.7378926992454838, "ENV_Test_TotalLoss_epoch4": 218.05996804887593, "ENV_Test_Right action_epoch4": 0.79616, "ENV_Test_Probability to choose the right action_epoch4": 0.7359150143399278, "ENV_Test_Weighted right action_epoch4": 0.8415338653305474, "ENV_Test_Weighted probability to choose the right action:_epoch4": 0.7790774659768614, "ENV_Test_proba_accuracy_epoch4": 0.7359150143399288, "ENV_Test_proba_accuracy_strategy_132_epoch4": 0.7795340941980826, "ENV_Test_proba_accuracy_strategy_23_epoch4": 0.738137825020709, "ENV_Test_proba_accuracy_strategy_107_epoch4": 0.8110752502716922, "ENV_Test_proba_accuracy_strategy_43_epoch4": 0.74392568229278, "ENV_Test_proba_accuracy_strategy_17_epoch4": 0.6994998359626254, "ENV_Test_proba_accuracy_strategy_93_epoch4": 0.7464585460680574, "ENV_Test_proba_accuracy_per_mean_strategy_epoch4": 0.7531052056356579, "ENV_Test_proba_accuracy_per_mean_user_epoch4": 0.7502150602629108, "ENV_Test_proba_accuracy_per_mean_user_and_bot_epoch4": 0.7790774659768606, "ENV_Test_accuracy_epoch4": 0.79616, "ENV_Test_accuracy_strategy_132_epoch4": 0.8288951841359773, "ENV_Test_accuracy_strategy_23_epoch4": 0.7989982226530942, "ENV_Test_accuracy_strategy_107_epoch4": 0.8752052545155994, "ENV_Test_accuracy_strategy_43_epoch4": 0.8040712468193384, "ENV_Test_accuracy_strategy_17_epoch4": 0.7604355716878403, "ENV_Test_accuracy_strategy_93_epoch4": 0.8160813308687616, "ENV_Test_accuracy_per_mean_strategy_epoch4": 0.813947801780102, "ENV_Test_accuracy_per_mean_user_epoch4": 0.8112552562859605, "ENV_Test_accuracy_per_mean_user_and_bot_epoch4": 0.8415338653305471, "ENV_Train_TotalLoss_epoch5": 912.9757533454, "ENV_Train_Right action_epoch5": 0.8179734131033423, "ENV_Train_Probability to choose the right action_epoch5": 0.7440467894387519, "ENV_Train_Weighted right action_epoch5": 0.8179734131033423, "ENV_Train_Weighted probability to choose the right action:_epoch5": 0.7440467894387519, "ENV_Test_TotalLoss_epoch5": 221.393542976111, "ENV_Test_Right action_epoch5": 0.800256, "ENV_Test_Probability to choose the right action_epoch5": 0.7508014146621531, "ENV_Test_Weighted right action_epoch5": 0.8387284417095341, "ENV_Test_Weighted probability to choose the right action:_epoch5": 0.790762970858054, "ENV_Test_proba_accuracy_epoch5": 0.7508014146621523, "ENV_Test_proba_accuracy_strategy_132_epoch5": 0.7924605498500442, "ENV_Test_proba_accuracy_strategy_23_epoch5": 0.7539217898382384, "ENV_Test_proba_accuracy_strategy_107_epoch5": 0.8213176083833318, "ENV_Test_proba_accuracy_strategy_43_epoch5": 0.7600990491468088, "ENV_Test_proba_accuracy_strategy_17_epoch5": 0.7171276908466863, "ENV_Test_proba_accuracy_strategy_93_epoch5": 0.7489836287296826, "ENV_Test_proba_accuracy_per_mean_strategy_epoch5": 0.7656517194657986, "ENV_Test_proba_accuracy_per_mean_user_epoch5": 0.7642888585212526, "ENV_Test_proba_accuracy_per_mean_user_and_bot_epoch5": 0.7907629708580538, "ENV_Test_accuracy_epoch5": 0.800256, "ENV_Test_accuracy_strategy_132_epoch5": 0.8351274787535411, "ENV_Test_accuracy_strategy_23_epoch5": 0.8049765713362417, "ENV_Test_accuracy_strategy_107_epoch5": 0.8669950738916257, "ENV_Test_accuracy_strategy_43_epoch5": 0.8040712468193384, "ENV_Test_accuracy_strategy_17_epoch5": 0.7710980036297641, "ENV_Test_accuracy_strategy_93_epoch5": 0.7920517560073937, "ENV_Test_accuracy_per_mean_strategy_epoch5": 0.8123866884063173, "ENV_Test_accuracy_per_mean_user_epoch5": 0.8126334315326176, "ENV_Test_accuracy_per_mean_user_and_bot_epoch5": 0.8387284417095349, "ENV_Train_TotalLoss_epoch6": 901.9956632713075, "ENV_Train_Right action_epoch6": 0.8211879804332635, "ENV_Train_Probability to choose the right action_epoch6": 0.7475159284032198, "ENV_Train_Weighted right action_epoch6": 0.8211879804332635, "ENV_Train_Weighted probability to choose the right action:_epoch6": 0.7475159284032198, "ENV_Test_TotalLoss_epoch6": 218.09599843337674, "ENV_Test_Right action_epoch6": 0.79744, "ENV_Test_Probability to choose the right action_epoch6": 0.7469653754596896, "ENV_Test_Weighted right action_epoch6": 0.8414620492852566, "ENV_Test_Weighted probability to choose the right action:_epoch6": 0.787711441748305, "ENV_Test_proba_accuracy_epoch6": 0.7469653754596894, "ENV_Test_proba_accuracy_strategy_132_epoch6": 0.7893997634299782, "ENV_Test_proba_accuracy_strategy_23_epoch6": 0.7505697932083467, "ENV_Test_proba_accuracy_strategy_107_epoch6": 0.8208201591323732, "ENV_Test_proba_accuracy_strategy_43_epoch6": 0.7605611876245041, "ENV_Test_proba_accuracy_strategy_17_epoch6": 0.709274534780891, "ENV_Test_proba_accuracy_strategy_93_epoch6": 0.7493559572696633, "ENV_Test_proba_accuracy_per_mean_strategy_epoch6": 0.7633302325742929, "ENV_Test_proba_accuracy_per_mean_user_epoch6": 0.7593389594507632, "ENV_Test_proba_accuracy_per_mean_user_and_bot_epoch6": 0.7877114417483057, "ENV_Test_accuracy_epoch6": 0.79744, "ENV_Test_accuracy_strategy_132_epoch6": 0.8345609065155808, "ENV_Test_accuracy_strategy_23_epoch6": 0.8012603005332041, "ENV_Test_accuracy_strategy_107_epoch6": 0.8768472906403941, "ENV_Test_accuracy_strategy_43_epoch6": 0.8180661577608143, "ENV_Test_accuracy_strategy_17_epoch6": 0.7593012704174229, "ENV_Test_accuracy_strategy_93_epoch6": 0.7957486136783734, "ENV_Test_accuracy_per_mean_strategy_epoch6": 0.8142974232576315, "ENV_Test_accuracy_per_mean_user_epoch6": 0.8105940121678177, "ENV_Test_accuracy_per_mean_user_and_bot_epoch6": 0.841462049285256, "ENV_Train_TotalLoss_epoch7": 893.6781271777264, "ENV_Train_Right action_epoch7": 0.8219237435008665, "ENV_Train_Probability to choose the right action_epoch7": 0.7501194293332926, "ENV_Train_Weighted right action_epoch7": 0.8219237435008665, "ENV_Train_Weighted probability to choose the right action:_epoch7": 0.7501194293332926, "ENV_Test_TotalLoss_epoch7": 217.58320137126853, "ENV_Test_Right action_epoch7": 0.803008, "ENV_Test_Probability to choose the right action_epoch7": 0.7513135314896903, "ENV_Test_Weighted right action_epoch7": 0.84218085042845, "ENV_Test_Weighted probability to choose the right action:_epoch7": 0.7942233903697555, "ENV_Test_proba_accuracy_epoch7": 0.7513135314896906, "ENV_Test_proba_accuracy_strategy_132_epoch7": 0.7977132120983788, "ENV_Test_proba_accuracy_strategy_23_epoch7": 0.750932754302361, "ENV_Test_proba_accuracy_strategy_107_epoch7": 0.8242538818491303, "ENV_Test_proba_accuracy_strategy_43_epoch7": 0.7651425154296182, "ENV_Test_proba_accuracy_strategy_17_epoch7": 0.7160703816779553, "ENV_Test_proba_accuracy_strategy_93_epoch7": 0.7602351229737139, "ENV_Test_proba_accuracy_per_mean_strategy_epoch7": 0.7690579780551929, "ENV_Test_proba_accuracy_per_mean_user_epoch7": 0.7650069506613755, "ENV_Test_proba_accuracy_per_mean_user_and_bot_epoch7": 0.7942233903697551, "ENV_Test_accuracy_epoch7": 0.803008, "ENV_Test_accuracy_strategy_132_epoch7": 0.8396600566572238, "ENV_Test_accuracy_strategy_23_epoch7": 0.8027144934561319, "ENV_Test_accuracy_strategy_107_epoch7": 0.8686371100164204, "ENV_Test_accuracy_strategy_43_epoch7": 0.8174300254452926, "ENV_Test_accuracy_strategy_17_epoch7": 0.7740471869328494, "ENV_Test_accuracy_strategy_93_epoch7": 0.8049907578558225, "ENV_Test_accuracy_per_mean_strategy_epoch7": 0.8179132717272902, "ENV_Test_accuracy_per_mean_user_epoch7": 0.8159314540059027, "ENV_Test_accuracy_per_mean_user_and_bot_epoch7": 0.8421808504284508, "ENV_Train_TotalLoss_epoch8": 886.417867913609, "ENV_Train_Right action_epoch8": 0.822680959901606, "ENV_Train_Probability to choose the right action_epoch8": 0.7519056661776642, "ENV_Train_Weighted right action_epoch8": 0.822680959901606, "ENV_Train_Weighted probability to choose the right action:_epoch8": 0.7519056661776642, "ENV_Test_TotalLoss_epoch8": 215.36281331741512, "ENV_Test_Right action_epoch8": 0.803712, "ENV_Test_Probability to choose the right action_epoch8": 0.7453296073365112, "ENV_Test_Weighted right action_epoch8": 0.8436340912265075, "ENV_Test_Weighted probability to choose the right action:_epoch8": 0.791346656190893, "ENV_Test_proba_accuracy_epoch8": 0.745329607336511, "ENV_Test_proba_accuracy_strategy_132_epoch8": 0.7936985931905381, "ENV_Test_proba_accuracy_strategy_23_epoch8": 0.7439190087794784, "ENV_Test_proba_accuracy_strategy_107_epoch8": 0.8277270593795399, "ENV_Test_proba_accuracy_strategy_43_epoch8": 0.7607527428695277, "ENV_Test_proba_accuracy_strategy_17_epoch8": 0.710298154302445, "ENV_Test_proba_accuracy_strategy_93_epoch8": 0.7484279086850996, "ENV_Test_proba_accuracy_per_mean_strategy_epoch8": 0.7641372445344382, "ENV_Test_proba_accuracy_per_mean_user_epoch8": 0.7603177099298868, "ENV_Test_proba_accuracy_per_mean_user_and_bot_epoch8": 0.7913466561908925, "ENV_Test_accuracy_epoch8": 0.803712, "ENV_Test_accuracy_strategy_132_epoch8": 0.8345609065155808, "ENV_Test_accuracy_strategy_23_epoch8": 0.8083696881564065, "ENV_Test_accuracy_strategy_107_epoch8": 0.8702791461412152, "ENV_Test_accuracy_strategy_43_epoch8": 0.8180661577608143, "ENV_Test_accuracy_strategy_17_epoch8": 0.7724591651542649, "ENV_Test_accuracy_strategy_93_epoch8": 0.7957486136783734, "ENV_Test_accuracy_per_mean_strategy_epoch8": 0.8165806129011092, "ENV_Test_accuracy_per_mean_user_epoch8": 0.8170616182842034, "ENV_Test_accuracy_per_mean_user_and_bot_epoch8": 0.8436340912265077, "ENV_Train_TotalLoss_epoch9": 876.0780629161842, "ENV_Train_Right action_epoch9": 0.8266940623951694, "ENV_Train_Probability to choose the right action_epoch9": 0.7557221949500535, "ENV_Train_Weighted right action_epoch9": 0.8266940623951694, "ENV_Train_Weighted probability to choose the right action:_epoch9": 0.7557221949500535, "ENV_Test_TotalLoss_epoch9": 214.38412429962906, "ENV_Test_Right action_epoch9": 0.809536, "ENV_Test_Probability to choose the right action_epoch9": 0.7536391426447545, "ENV_Test_Weighted right action_epoch9": 0.8475207101021734, "ENV_Test_Weighted probability to choose the right action:_epoch9": 0.7935236085441589, "ENV_Test_proba_accuracy_epoch9": 0.7536391426447547, "ENV_Test_proba_accuracy_strategy_132_epoch9": 0.7952792042853307, "ENV_Test_proba_accuracy_strategy_23_epoch9": 0.7549778715873087, "ENV_Test_proba_accuracy_strategy_107_epoch9": 0.8198373312049767, "ENV_Test_proba_accuracy_strategy_43_epoch9": 0.7652275443185653, "ENV_Test_proba_accuracy_strategy_17_epoch9": 0.7196232169240463, "ENV_Test_proba_accuracy_strategy_93_epoch9": 0.7625397286811637, "ENV_Test_proba_accuracy_per_mean_strategy_epoch9": 0.7695808161668986, "ENV_Test_proba_accuracy_per_mean_user_epoch9": 0.7657536523862146, "ENV_Test_proba_accuracy_per_mean_user_and_bot_epoch9": 0.7935236085441594, "ENV_Test_accuracy_epoch9": 0.809536, "ENV_Test_accuracy_strategy_132_epoch9": 0.8430594900849858, "ENV_Test_accuracy_strategy_23_epoch9": 0.8083696881564065, "ENV_Test_accuracy_strategy_107_epoch9": 0.8719211822660099, "ENV_Test_accuracy_strategy_43_epoch9": 0.8231552162849872, "ENV_Test_accuracy_strategy_17_epoch9": 0.7810798548094374, "ENV_Test_accuracy_strategy_93_epoch9": 0.822550831792976, "ENV_Test_accuracy_per_mean_strategy_epoch9": 0.8250227105658006, "ENV_Test_accuracy_per_mean_user_epoch9": 0.8201951863962422, "ENV_Test_accuracy_per_mean_user_and_bot_epoch9": 0.8475207101021738, "ENV_Train_TotalLoss_epoch10": 872.0859531588716, "ENV_Train_Right action_epoch10": 0.8280507574487115, "ENV_Train_Probability to choose the right action_epoch10": 0.7571864551835815, "ENV_Train_Weighted right action_epoch10": 0.8280507574487115, "ENV_Train_Weighted probability to choose the right action:_epoch10": 0.7571864551835815, "ENV_Test_TotalLoss_epoch10": 216.48822954519582, "ENV_Test_Right action_epoch10": 0.801728, "ENV_Test_Probability to choose the right action_epoch10": 0.7523305605517867, "ENV_Test_Weighted right action_epoch10": 0.8404518371330253, "ENV_Test_Weighted probability to choose the right action:_epoch10": 0.796552131958637, "ENV_Test_proba_accuracy_epoch10": 0.7523305605517864, "ENV_Test_proba_accuracy_strategy_132_epoch10": 0.8016943967538298, "ENV_Test_proba_accuracy_strategy_23_epoch10": 0.752335601785596, "ENV_Test_proba_accuracy_strategy_107_epoch10": 0.8287252793681398, "ENV_Test_proba_accuracy_strategy_43_epoch10": 0.7659340956875972, "ENV_Test_proba_accuracy_strategy_17_epoch10": 0.7144481765966532, "ENV_Test_proba_accuracy_strategy_93_epoch10": 0.763345381613634, "ENV_Test_proba_accuracy_per_mean_strategy_epoch10": 0.7710804886342416, "ENV_Test_proba_accuracy_per_mean_user_epoch10": 0.7657392476969, "ENV_Test_proba_accuracy_per_mean_user_and_bot_epoch10": 0.7965521319586368, "ENV_Test_accuracy_epoch10": 0.801728, "ENV_Test_accuracy_strategy_132_epoch10": 0.8362606232294617, "ENV_Test_accuracy_strategy_23_epoch10": 0.8019066084989498, "ENV_Test_accuracy_strategy_107_epoch10": 0.8686371100164204, "ENV_Test_accuracy_strategy_43_epoch10": 0.8136132315521628, "ENV_Test_accuracy_strategy_17_epoch10": 0.7726860254083484, "ENV_Test_accuracy_strategy_93_epoch10": 0.8077634011090573, "ENV_Test_accuracy_per_mean_strategy_epoch10": 0.8168111666357335, "ENV_Test_accuracy_per_mean_user_epoch10": 0.8123210901194153, "ENV_Test_accuracy_per_mean_user_and_bot_epoch10": 0.8404518371330256, "ENV_Train_TotalLoss_epoch11": 869.9903947196756, "ENV_Train_Right action_epoch11": 0.8290797786101638, "ENV_Train_Probability to choose the right action_epoch11": 0.7582656938230176, "ENV_Train_Weighted right action_epoch11": 0.8290797786101638, "ENV_Train_Weighted probability to choose the right action:_epoch11": 0.7582656938230176, "ENV_Test_TotalLoss_epoch11": 220.0400954655151, "ENV_Test_Right action_epoch11": 0.803968, "ENV_Test_Probability to choose the right action_epoch11": 0.7554186763568188, "ENV_Test_Weighted right action_epoch11": 0.8400702166505735, "ENV_Test_Weighted probability to choose the right action:_epoch11": 0.7951974013207488, "ENV_Test_proba_accuracy_epoch11": 0.7554186763568197, "ENV_Test_proba_accuracy_strategy_132_epoch11": 0.7984680934648732, "ENV_Test_proba_accuracy_strategy_23_epoch11": 0.75737670505065, "ENV_Test_proba_accuracy_strategy_107_epoch11": 0.8174099346294087, "ENV_Test_proba_accuracy_strategy_43_epoch11": 0.7648714976938159, "ENV_Test_proba_accuracy_strategy_17_epoch11": 0.7214442103735157, "ENV_Test_proba_accuracy_strategy_93_epoch11": 0.7637795579120964, "ENV_Test_proba_accuracy_per_mean_strategy_epoch11": 0.7705583331873932, "ENV_Test_proba_accuracy_per_mean_user_epoch11": 0.7676104469152293, "ENV_Test_proba_accuracy_per_mean_user_and_bot_epoch11": 0.79519740132075, "ENV_Test_accuracy_epoch11": 0.803968, "ENV_Test_accuracy_strategy_132_epoch11": 0.8385269121813032, "ENV_Test_accuracy_strategy_23_epoch11": 0.8103086120536436, "ENV_Test_accuracy_strategy_107_epoch11": 0.8571428571428571, "ENV_Test_accuracy_strategy_43_epoch11": 0.8059796437659033, "ENV_Test_accuracy_strategy_17_epoch11": 0.7710980036297641, "ENV_Test_accuracy_strategy_93_epoch11": 0.8123844731977818, "ENV_Test_accuracy_per_mean_strategy_epoch11": 0.8159067503285421, "ENV_Test_accuracy_per_mean_user_epoch11": 0.8145638765708104, "ENV_Test_accuracy_per_mean_user_and_bot_epoch11": 0.8400702166505734, "ENV_Train_TotalLoss_epoch12": 869.3706239105164, "ENV_Train_Right action_epoch12": 0.8289492075028653, "ENV_Train_Probability to choose the right action_epoch12": 0.7583929721307536, "ENV_Train_Weighted right action_epoch12": 0.8289492075028653, "ENV_Train_Weighted probability to choose the right action:_epoch12": 0.7583929721307536, "ENV_Test_TotalLoss_epoch12": 215.5708401358958, "ENV_Test_Right action_epoch12": 0.806464, "ENV_Test_Probability to choose the right action_epoch12": 0.7511682592580062, "ENV_Test_Weighted right action_epoch12": 0.8456629069678487, "ENV_Test_Weighted probability to choose the right action:_epoch12": 0.7913088938357692, "ENV_Test_proba_accuracy_epoch12": 0.7511682592580059, "ENV_Test_proba_accuracy_strategy_132_epoch12": 0.7943636231146131, "ENV_Test_proba_accuracy_strategy_23_epoch12": 0.7510534957414389, "ENV_Test_proba_accuracy_strategy_107_epoch12": 0.8199768920302676, "ENV_Test_proba_accuracy_strategy_43_epoch12": 0.7589400615311678, "ENV_Test_proba_accuracy_strategy_17_epoch12": 0.7194020732440034, "ENV_Test_proba_accuracy_strategy_93_epoch12": 0.7607561258154244, "ENV_Test_proba_accuracy_per_mean_strategy_epoch12": 0.7674153785794858, "ENV_Test_proba_accuracy_per_mean_user_epoch12": 0.7623389107441378, "ENV_Test_proba_accuracy_per_mean_user_and_bot_epoch12": 0.7913088938357702, "ENV_Test_accuracy_epoch12": 0.806464, "ENV_Test_accuracy_strategy_132_epoch12": 0.8379603399433427, "ENV_Test_accuracy_strategy_23_epoch12": 0.8074002262077881, "ENV_Test_accuracy_strategy_107_epoch12": 0.8620689655172413, "ENV_Test_accuracy_strategy_43_epoch12": 0.8148854961832062, "ENV_Test_accuracy_strategy_17_epoch12": 0.779491833030853, "ENV_Test_accuracy_strategy_93_epoch12": 0.8160813308687616, "ENV_Test_accuracy_per_mean_strategy_epoch12": 0.8196480319585321, "ENV_Test_accuracy_per_mean_user_epoch12": 0.8157171140364243, "ENV_Test_accuracy_per_mean_user_and_bot_epoch12": 0.8456629069678492, "ENV_Train_TotalLoss_epoch13": 870.7244586411565, "ENV_Train_Right action_epoch13": 0.8292260165783698, "ENV_Train_Probability to choose the right action_epoch13": 0.7583201421672128, "ENV_Train_Weighted right action_epoch13": 0.8292260165783698, "ENV_Train_Weighted probability to choose the right action:_epoch13": 0.7583201421672128, "ENV_Test_TotalLoss_epoch13": 216.67839440426275, "ENV_Test_Right action_epoch13": 0.806848, "ENV_Test_Probability to choose the right action_epoch13": 0.758932837217945, "ENV_Test_Weighted right action_epoch13": 0.8461872877879767, "ENV_Test_Weighted probability to choose the right action:_epoch13": 0.7971616704872677, "ENV_Test_proba_accuracy_epoch13": 0.758932837217944, "ENV_Test_proba_accuracy_strategy_132_epoch13": 0.7988214327656327, "ENV_Test_proba_accuracy_strategy_23_epoch13": 0.760353750929451, "ENV_Test_proba_accuracy_strategy_107_epoch13": 0.8269788028395563, "ENV_Test_proba_accuracy_strategy_43_epoch13": 0.7623690670535795, "ENV_Test_proba_accuracy_strategy_17_epoch13": 0.7297983211744551, "ENV_Test_proba_accuracy_strategy_93_epoch13": 0.761137822663723, "ENV_Test_proba_accuracy_per_mean_strategy_epoch13": 0.7732431995710662, "ENV_Test_proba_accuracy_per_mean_user_epoch13": 0.7704536165514085, "ENV_Test_proba_accuracy_per_mean_user_and_bot_epoch13": 0.7971616704872694, "ENV_Test_accuracy_epoch13": 0.806848, "ENV_Test_accuracy_strategy_132_epoch13": 0.8419263456090652, "ENV_Test_accuracy_strategy_23_epoch13": 0.8082081111649702, "ENV_Test_accuracy_strategy_107_epoch13": 0.8702791461412152, "ENV_Test_accuracy_strategy_43_epoch13": 0.8053435114503816, "ENV_Test_accuracy_strategy_17_epoch13": 0.7822141560798548, "ENV_Test_accuracy_strategy_93_epoch13": 0.8086876155268022, "ENV_Test_accuracy_per_mean_strategy_epoch13": 0.8194431476620481, "ENV_Test_accuracy_per_mean_user_epoch13": 0.8175673542409753, "ENV_Test_accuracy_per_mean_user_and_bot_epoch13": 0.8461872877879767, "ENV_Train_TotalLoss_epoch14": 866.1808758908617, "ENV_Train_Right action_epoch14": 0.830070565220429, "ENV_Train_Probability to choose the right action_epoch14": 0.7596220575547178, "ENV_Train_Weighted right action_epoch14": 0.830070565220429, "ENV_Train_Weighted probability to choose the right action:_epoch14": 0.7596220575547178, "ENV_Test_TotalLoss_epoch14": 218.25188551346844, "ENV_Test_Right action_epoch14": 0.803008, "ENV_Test_Probability to choose the right action_epoch14": 0.7478608396321768, "ENV_Test_Weighted right action_epoch14": 0.8378386315379466, "ENV_Test_Weighted probability to choose the right action:_epoch14": 0.7856311314507014, "ENV_Test_proba_accuracy_epoch14": 0.7478608396321765, "ENV_Test_proba_accuracy_strategy_132_epoch14": 0.7918816047153645, "ENV_Test_proba_accuracy_strategy_23_epoch14": 0.7487593248470225, "ENV_Test_proba_accuracy_strategy_107_epoch14": 0.8182298455493935, "ENV_Test_proba_accuracy_strategy_43_epoch14": 0.7562916021823743, "ENV_Test_proba_accuracy_strategy_17_epoch14": 0.7153448819777862, "ENV_Test_proba_accuracy_strategy_93_epoch14": 0.7515254261770455, "ENV_Test_proba_accuracy_per_mean_strategy_epoch14": 0.7636721142414977, "ENV_Test_proba_accuracy_per_mean_user_epoch14": 0.7591896348018004, "ENV_Test_proba_accuracy_per_mean_user_and_bot_epoch14": 0.7856311314507016, "ENV_Test_accuracy_epoch14": 0.803008, "ENV_Test_accuracy_strategy_132_epoch14": 0.8430594900849858, "ENV_Test_accuracy_strategy_23_epoch14": 0.8059460332848603, "ENV_Test_accuracy_strategy_107_epoch14": 0.8637110016420362, "ENV_Test_accuracy_strategy_43_epoch14": 0.8053435114503816, "ENV_Test_accuracy_strategy_17_epoch14": 0.7722323049001815, "ENV_Test_accuracy_strategy_93_epoch14": 0.8086876155268022, "ENV_Test_accuracy_per_mean_strategy_epoch14": 0.8164966594815413, "ENV_Test_accuracy_per_mean_user_epoch14": 0.8127689315870423, "ENV_Test_accuracy_per_mean_user_and_bot_epoch14": 0.8378386315379468, "ENV_Train_TotalLoss_epoch15": 852.5561810055267, "ENV_Train_Right action_epoch15": 0.8325249164791233, "ENV_Train_Probability to choose the right action_epoch15": 0.7628234787672735, "ENV_Train_Weighted right action_epoch15": 0.8325249164791233, "ENV_Train_Weighted probability to choose the right action:_epoch15": 0.7628234787672735, "ENV_Test_TotalLoss_epoch15": 214.69474522683842, "ENV_Test_Right action_epoch15": 0.806528, "ENV_Test_Probability to choose the right action_epoch15": 0.7587106644085627, "ENV_Test_Weighted right action_epoch15": 0.8444793007886299, "ENV_Test_Weighted probability to choose the right action:_epoch15": 0.7992913717697216, "ENV_Test_proba_accuracy_epoch15": 0.7587106644085634, "ENV_Test_proba_accuracy_strategy_132_epoch15": 0.804173536994711, "ENV_Test_proba_accuracy_strategy_23_epoch15": 0.7572154058593268, "ENV_Test_proba_accuracy_strategy_107_epoch15": 0.8304991158438286, "ENV_Test_proba_accuracy_strategy_43_epoch15": 0.764405241115148, "ENV_Test_proba_accuracy_strategy_17_epoch15": 0.7297401459197284, "ENV_Test_proba_accuracy_strategy_93_epoch15": 0.7624474380117348, "ENV_Test_proba_accuracy_per_mean_strategy_epoch15": 0.774746813957413, "ENV_Test_proba_accuracy_per_mean_user_epoch15": 0.770575353463661, "ENV_Test_proba_accuracy_per_mean_user_and_bot_epoch15": 0.7992913717697206, "ENV_Test_accuracy_epoch15": 0.806528, "ENV_Test_accuracy_strategy_132_epoch15": 0.8419263456090652, "ENV_Test_accuracy_strategy_23_epoch15": 0.8057844562934238, "ENV_Test_accuracy_strategy_107_epoch15": 0.8719211822660099, "ENV_Test_accuracy_strategy_43_epoch15": 0.8040712468193384, "ENV_Test_accuracy_strategy_17_epoch15": 0.7862976406533575, "ENV_Test_accuracy_strategy_93_epoch15": 0.8022181146025879, "ENV_Test_accuracy_per_mean_strategy_epoch15": 0.8187031643739636, "ENV_Test_accuracy_per_mean_user_epoch15": 0.816646797007539, "ENV_Test_accuracy_per_mean_user_and_bot_epoch15": 0.8444793007886301, "ENV_Train_TotalLoss_epoch16": 853.4104039999685, "ENV_Train_Right action_epoch16": 0.8320263904614137, "ENV_Train_Probability to choose the right action_epoch16": 0.7628622450754315, "ENV_Train_Weighted right action_epoch16": 0.8320263904614137, "ENV_Train_Weighted probability to choose the right action:_epoch16": 0.7628622450754315, "ENV_Test_TotalLoss_epoch16": 214.10698279027494, "ENV_Test_Right action_epoch16": 0.80736, "ENV_Test_Probability to choose the right action_epoch16": 0.748009482350883, "ENV_Test_Weighted right action_epoch16": 0.8426602685937722, "ENV_Test_Weighted probability to choose the right action:_epoch16": 0.785366064010229, "ENV_Test_proba_accuracy_epoch16": 0.7480094823508845, "ENV_Test_proba_accuracy_strategy_132_epoch16": 0.7918094672935077, "ENV_Test_proba_accuracy_strategy_23_epoch16": 0.749306663083071, "ENV_Test_proba_accuracy_strategy_107_epoch16": 0.8116759332142343, "ENV_Test_proba_accuracy_strategy_43_epoch16": 0.7513498787343628, "ENV_Test_proba_accuracy_strategy_17_epoch16": 0.7173432999966891, "ENV_Test_proba_accuracy_strategy_93_epoch16": 0.7533859473707122, "ENV_Test_proba_accuracy_per_mean_strategy_epoch16": 0.7624785316154296, "ENV_Test_proba_accuracy_per_mean_user_epoch16": 0.7583145394402964, "ENV_Test_proba_accuracy_per_mean_user_and_bot_epoch16": 0.7853660640102289, "ENV_Test_accuracy_epoch16": 0.80736, "ENV_Test_accuracy_strategy_132_epoch16": 0.8339943342776204, "ENV_Test_accuracy_strategy_23_epoch16": 0.8114396509936985, "ENV_Test_accuracy_strategy_107_epoch16": 0.8686371100164204, "ENV_Test_accuracy_strategy_43_epoch16": 0.8085241730279898, "ENV_Test_accuracy_strategy_17_epoch16": 0.780852994555354, "ENV_Test_accuracy_strategy_93_epoch16": 0.8123844731977818, "ENV_Test_accuracy_per_mean_strategy_epoch16": 0.8193054560114775, "ENV_Test_accuracy_per_mean_user_epoch16": 0.8155777579078608, "ENV_Test_accuracy_per_mean_user_and_bot_epoch16": 0.8426602685937726, "ENV_Train_TotalLoss_epoch17": 852.5996154927223, "ENV_Train_Right action_epoch17": 0.8324550245320734, "ENV_Train_Probability to choose the right action_epoch17": 0.7632740391299836, "ENV_Train_Weighted right action_epoch17": 0.8324550245320734, "ENV_Train_Weighted probability to choose the right action:_epoch17": 0.7632740391299836, "ENV_Test_TotalLoss_epoch17": 214.26043041251575, "ENV_Test_Right action_epoch17": 0.806336, "ENV_Test_Probability to choose the right action_epoch17": 0.7541418215574182, "ENV_Test_Weighted right action_epoch17": 0.8471636621712084, "ENV_Test_Weighted probability to choose the right action:_epoch17": 0.7914916114659013, "ENV_Test_proba_accuracy_epoch17": 0.7541418215574182, "ENV_Test_proba_accuracy_strategy_132_epoch17": 0.7980743247694395, "ENV_Test_proba_accuracy_strategy_23_epoch17": 0.7549264507481716, "ENV_Test_proba_accuracy_strategy_107_epoch17": 0.8139993147812995, "ENV_Test_proba_accuracy_strategy_43_epoch17": 0.7572248740281053, "ENV_Test_proba_accuracy_strategy_17_epoch17": 0.7227352703075386, "ENV_Test_proba_accuracy_strategy_93_epoch17": 0.7677678546640867, "ENV_Test_proba_accuracy_per_mean_strategy_epoch17": 0.7691213482164402, "ENV_Test_proba_accuracy_per_mean_user_epoch17": 0.7666296270800146, "ENV_Test_proba_accuracy_per_mean_user_and_bot_epoch17": 0.7914916114659002, "ENV_Test_accuracy_epoch17": 0.806336, "ENV_Test_accuracy_strategy_132_epoch17": 0.8487252124645892, "ENV_Test_accuracy_strategy_23_epoch17": 0.8061076102762966, "ENV_Test_accuracy_strategy_107_epoch17": 0.8669950738916257, "ENV_Test_accuracy_strategy_43_epoch17": 0.811704834605598, "ENV_Test_accuracy_strategy_17_epoch17": 0.7745009074410163, "ENV_Test_accuracy_strategy_93_epoch17": 0.8262476894639557, "ENV_Test_accuracy_per_mean_strategy_epoch17": 0.8223802213571801, "ENV_Test_accuracy_per_mean_user_epoch17": 0.8188196666738374, "ENV_Test_accuracy_per_mean_user_and_bot_epoch17": 0.8471636621712083, "ENV_Train_TotalLoss_epoch18": 856.6822407109172, "ENV_Train_Right action_epoch18": 0.8310878801431127, "ENV_Train_Probability to choose the right action_epoch18": 0.7619751728044524, "ENV_Train_Weighted right action_epoch18": 0.8310878801431127, "ENV_Train_Weighted probability to choose the right action:_epoch18": 0.7619751728044524, "ENV_Test_TotalLoss_epoch18": 215.74466149370744, "ENV_Test_Right action_epoch18": 0.808576, "ENV_Test_Probability to choose the right action_epoch18": 0.761666157010457, "ENV_Test_Weighted right action_epoch18": 0.8504107901883231, "ENV_Test_Weighted probability to choose the right action:_epoch18": 0.7994701670977966, "ENV_Test_proba_accuracy_epoch18": 0.7616661570104573, "ENV_Test_proba_accuracy_strategy_132_epoch18": 0.8014131205403856, "ENV_Test_proba_accuracy_strategy_23_epoch18": 0.7652879699624212, "ENV_Test_proba_accuracy_strategy_107_epoch18": 0.8266443016305982, "ENV_Test_proba_accuracy_strategy_43_epoch18": 0.7624417429049904, "ENV_Test_proba_accuracy_strategy_17_epoch18": 0.7298936368493637, "ENV_Test_proba_accuracy_strategy_93_epoch18": 0.7678524479348574, "ENV_Test_proba_accuracy_per_mean_strategy_epoch18": 0.7755888699704361, "ENV_Test_proba_accuracy_per_mean_user_epoch18": 0.7721707891333301, "ENV_Test_proba_accuracy_per_mean_user_and_bot_epoch18": 0.7994701670977966, "ENV_Test_accuracy_epoch18": 0.808576, "ENV_Test_accuracy_strategy_132_epoch18": 0.8413597733711048, "ENV_Test_accuracy_strategy_23_epoch18": 0.8107933430279528, "ENV_Test_accuracy_strategy_107_epoch18": 0.8752052545155994, "ENV_Test_accuracy_strategy_43_epoch18": 0.811704834605598, "ENV_Test_accuracy_strategy_17_epoch18": 0.7801724137931034, "ENV_Test_accuracy_strategy_93_epoch18": 0.8160813308687616, "ENV_Test_accuracy_per_mean_strategy_epoch18": 0.8225528250303532, "ENV_Test_accuracy_per_mean_user_epoch18": 0.819434031037505, "ENV_Test_accuracy_per_mean_user_and_bot_epoch18": 0.8504107901883238, "ENV_Train_TotalLoss_epoch19": 861.6104798986579, "ENV_Train_Right action_epoch19": 0.8303746155996645, "ENV_Train_Probability to choose the right action_epoch19": 0.7609285816615993, "ENV_Train_Weighted right action_epoch19": 0.8303746155996645, "ENV_Train_Weighted probability to choose the right action:_epoch19": 0.7609285816615993, "ENV_Test_TotalLoss_epoch19": 222.3119083313039, "ENV_Test_Right action_epoch19": 0.803008, "ENV_Test_Probability to choose the right action_epoch19": 0.7525070745624775, "ENV_Test_Weighted right action_epoch19": 0.8385774849992852, "ENV_Test_Weighted probability to choose the right action:_epoch19": 0.7870640735363967, "ENV_Test_proba_accuracy_epoch19": 0.7525070745624777, "ENV_Test_proba_accuracy_strategy_132_epoch19": 0.7927637615347928, "ENV_Test_proba_accuracy_strategy_23_epoch19": 0.7546522364027719, "ENV_Test_proba_accuracy_strategy_107_epoch19": 0.8181355913998504, "ENV_Test_proba_accuracy_strategy_43_epoch19": 0.7586553171282578, "ENV_Test_proba_accuracy_strategy_17_epoch19": 0.7227639299989235, "ENV_Test_proba_accuracy_strategy_93_epoch19": 0.7498689211734411, "ENV_Test_proba_accuracy_per_mean_strategy_epoch19": 0.7661399596063396, "ENV_Test_proba_accuracy_per_mean_user_epoch19": 0.7636968964076991, "ENV_Test_proba_accuracy_per_mean_user_and_bot_epoch19": 0.7870640735363968, "ENV_Test_accuracy_epoch19": 0.803008, "ENV_Test_accuracy_strategy_132_epoch19": 0.8419263456090652, "ENV_Test_accuracy_strategy_23_epoch19": 0.8052997253191145, "ENV_Test_accuracy_strategy_107_epoch19": 0.8752052545155994, "ENV_Test_accuracy_strategy_43_epoch19": 0.8059796437659033, "ENV_Test_accuracy_strategy_17_epoch19": 0.7754083484573503, "ENV_Test_accuracy_strategy_93_epoch19": 0.7939001848428835, "ENV_Test_accuracy_per_mean_strategy_epoch19": 0.8162865837516526, "ENV_Test_accuracy_per_mean_user_epoch19": 0.8147761323749582, "ENV_Test_accuracy_per_mean_user_and_bot_epoch19": 0.8385774849992857, "ENV_Train_TotalLoss_epoch20": 861.1225457318058, "ENV_Train_Right action_epoch20": 0.830172329452543, "ENV_Train_Probability to choose the right action_epoch20": 0.7605662113902021, "ENV_Train_Weighted right action_epoch20": 0.830172329452543, "ENV_Train_Weighted probability to choose the right action:_epoch20": 0.7605662113902021, "ENV_Test_TotalLoss_epoch20": 216.3098623443652, "ENV_Test_Right action_epoch20": 0.807296, "ENV_Test_Probability to choose the right action_epoch20": 0.7586772827253998, "ENV_Test_Weighted right action_epoch20": 0.842674548077511, "ENV_Test_Weighted probability to choose the right action:_epoch20": 0.7932197644508907, "ENV_Test_proba_accuracy_epoch20": 0.7586772827254007, "ENV_Test_proba_accuracy_strategy_132_epoch20": 0.7963604920109095, "ENV_Test_proba_accuracy_strategy_23_epoch20": 0.7625934038582368, "ENV_Test_proba_accuracy_strategy_107_epoch20": 0.8209477462358146, "ENV_Test_proba_accuracy_strategy_43_epoch20": 0.7654565367384649, "ENV_Test_proba_accuracy_strategy_17_epoch20": 0.7259120878872821, "ENV_Test_proba_accuracy_strategy_93_epoch20": 0.7633922006366767, "ENV_Test_proba_accuracy_per_mean_strategy_epoch20": 0.7724437445612308, "ENV_Test_proba_accuracy_per_mean_user_epoch20": 0.7687479730421531, "ENV_Test_proba_accuracy_per_mean_user_and_bot_epoch20": 0.7932197644508922, "ENV_Test_accuracy_epoch20": 0.807296, "ENV_Test_accuracy_strategy_132_epoch20": 0.8373937677053824, "ENV_Test_accuracy_strategy_23_epoch20": 0.8130554209080627, "ENV_Test_accuracy_strategy_107_epoch20": 0.8702791461412152, "ENV_Test_accuracy_strategy_43_epoch20": 0.8085241730279898, "ENV_Test_accuracy_strategy_17_epoch20": 0.7779038112522686, "ENV_Test_accuracy_strategy_93_epoch20": 0.8077634011090573, "ENV_Test_accuracy_per_mean_strategy_epoch20": 0.8191532866906627, "ENV_Test_accuracy_per_mean_user_epoch20": 0.8187444002765315, "ENV_Test_accuracy_per_mean_user_and_bot_epoch20": 0.8426745480775116, "ENV_Train_TotalLoss_epoch21": 851.2256563393769, "ENV_Train_Right action_epoch21": 0.8326672070208782, "ENV_Train_Probability to choose the right action_epoch21": 0.7637308330439005, "ENV_Train_Weighted right action_epoch21": 0.8326672070208782, "ENV_Train_Weighted probability to choose the right action:_epoch21": 0.7637308330439005, "ENV_Test_TotalLoss_epoch21": 220.88369423697952, "ENV_Test_Right action_epoch21": 0.804864, "ENV_Test_Probability to choose the right action_epoch21": 0.7606876950330825, "ENV_Test_Weighted right action_epoch21": 0.838891638234889, "ENV_Test_Weighted probability to choose the right action:_epoch21": 0.797012785745278, "ENV_Test_proba_accuracy_epoch21": 0.760687695033082, "ENV_Test_proba_accuracy_strategy_132_epoch21": 0.8019648897420929, "ENV_Test_proba_accuracy_strategy_23_epoch21": 0.7623503289567196, "ENV_Test_proba_accuracy_strategy_107_epoch21": 0.8305998324700631, "ENV_Test_proba_accuracy_strategy_43_epoch21": 0.7726168200467467, "ENV_Test_proba_accuracy_strategy_17_epoch21": 0.7278191437882038, "ENV_Test_proba_accuracy_strategy_93_epoch21": 0.761067739073769, "ENV_Test_proba_accuracy_per_mean_strategy_epoch21": 0.7760697923462659, "ENV_Test_proba_accuracy_per_mean_user_epoch21": 0.7705844005363857, "ENV_Test_proba_accuracy_per_mean_user_and_bot_epoch21": 0.797012785745278, "ENV_Test_accuracy_epoch21": 0.804864, "ENV_Test_accuracy_strategy_132_epoch21": 0.8413597733711048, "ENV_Test_accuracy_strategy_23_epoch21": 0.8082081111649702, "ENV_Test_accuracy_strategy_107_epoch21": 0.8637110016420362, "ENV_Test_accuracy_strategy_43_epoch21": 0.8129770992366412, "ENV_Test_accuracy_strategy_17_epoch21": 0.7745009074410163, "ENV_Test_accuracy_strategy_93_epoch21": 0.8049907578558225, "ENV_Test_accuracy_per_mean_strategy_epoch21": 0.8176246084519319, "ENV_Test_accuracy_per_mean_user_epoch21": 0.8141370561564241, "ENV_Test_accuracy_per_mean_user_and_bot_epoch21": 0.8388916382348893, "ENV_Train_TotalLoss_epoch22": 852.9811614796065, "ENV_Train_Right action_epoch22": 0.8326274444025105, "ENV_Train_Probability to choose the right action_epoch22": 0.7639491113001947, "ENV_Train_Weighted right action_epoch22": 0.8326274444025105, "ENV_Train_Weighted probability to choose the right action:_epoch22": 0.7639491113001947, "ENV_Test_TotalLoss_epoch22": 217.17358964045732, "ENV_Test_Right action_epoch22": 0.799872, "ENV_Test_Probability to choose the right action_epoch22": 0.7441032597495646, "ENV_Test_Weighted right action_epoch22": 0.8342518819332978, "ENV_Test_Weighted probability to choose the right action:_epoch22": 0.7773923684921127, "ENV_Test_proba_accuracy_epoch22": 0.7441032597495653, "ENV_Test_proba_accuracy_strategy_132_epoch22": 0.7814816363773487, "ENV_Test_proba_accuracy_strategy_23_epoch22": 0.7463461250140688, "ENV_Test_proba_accuracy_strategy_107_epoch22": 0.8075722009767076, "ENV_Test_proba_accuracy_strategy_43_epoch22": 0.748931778918252, "ENV_Test_proba_accuracy_strategy_17_epoch22": 0.7151560628953291, "ENV_Test_proba_accuracy_strategy_93_epoch22": 0.7454917057042049, "ENV_Test_proba_accuracy_per_mean_strategy_epoch22": 0.7574965849809852, "ENV_Test_proba_accuracy_per_mean_user_epoch22": 0.7536135216221708, "ENV_Test_proba_accuracy_per_mean_user_and_bot_epoch22": 0.7773923684921128, "ENV_Test_accuracy_epoch22": 0.799872, "ENV_Test_accuracy_strategy_132_epoch22": 0.8379603399433427, "ENV_Test_accuracy_strategy_23_epoch22": 0.8006139925674584, "ENV_Test_accuracy_strategy_107_epoch22": 0.8604269293924466, "ENV_Test_accuracy_strategy_43_epoch22": 0.8015267175572519, "ENV_Test_accuracy_strategy_17_epoch22": 0.7758620689655172, "ENV_Test_accuracy_strategy_93_epoch22": 0.7948243992606284, "ENV_Test_accuracy_per_mean_strategy_epoch22": 0.8118690746144409, "ENV_Test_accuracy_per_mean_user_epoch22": 0.8092119974700762, "ENV_Test_accuracy_per_mean_user_and_bot_epoch22": 0.8342518819332978, "ENV_Train_TotalLoss_epoch23": 855.9192338886672, "ENV_Train_Right action_epoch23": 0.8317447450805009, "ENV_Train_Probability to choose the right action_epoch23": 0.7624353025090224, "ENV_Train_Weighted right action_epoch23": 0.8317447450805009, "ENV_Train_Weighted probability to choose the right action:_epoch23": 0.7624353025090224, "ENV_Test_TotalLoss_epoch23": 215.99702188982772, "ENV_Test_Right action_epoch23": 0.807936, "ENV_Test_Probability to choose the right action_epoch23": 0.753683697232544, "ENV_Test_Weighted right action_epoch23": 0.8406860858150748, "ENV_Test_Weighted probability to choose the right action:_epoch23": 0.7902871481707147, "ENV_Test_proba_accuracy_epoch23": 0.7536836972325447, "ENV_Test_proba_accuracy_strategy_132_epoch23": 0.796716665711569, "ENV_Test_proba_accuracy_strategy_23_epoch23": 0.7560725366448893, "ENV_Test_proba_accuracy_strategy_107_epoch23": 0.8215039048986902, "ENV_Test_proba_accuracy_strategy_43_epoch23": 0.7639409766377485, "ENV_Test_proba_accuracy_strategy_17_epoch23": 0.7205085774068447, "ENV_Test_proba_accuracy_strategy_93_epoch23": 0.7519011297737126, "ENV_Test_proba_accuracy_per_mean_strategy_epoch23": 0.7684406318455759, "ENV_Test_proba_accuracy_per_mean_user_epoch23": 0.7644210635286005, "ENV_Test_proba_accuracy_per_mean_user_and_bot_epoch23": 0.7902871481707147, "ENV_Test_accuracy_epoch23": 0.807936, "ENV_Test_accuracy_strategy_132_epoch23": 0.8413597733711048, "ENV_Test_accuracy_strategy_23_epoch23": 0.8116012279851349, "ENV_Test_accuracy_strategy_107_epoch23": 0.8637110016420362, "ENV_Test_accuracy_strategy_43_epoch23": 0.8129770992366412, "ENV_Test_accuracy_strategy_17_epoch23": 0.780852994555354, "ENV_Test_accuracy_strategy_93_epoch23": 0.8040665434380776, "ENV_Test_accuracy_per_mean_strategy_epoch23": 0.8190947733713915, "ENV_Test_accuracy_per_mean_user_epoch23": 0.817037242784732, "ENV_Test_accuracy_per_mean_user_and_bot_epoch23": 0.8406860858150754, "ENV_Train_TotalLoss_epoch24": 859.4848790838719, "ENV_Train_Right action_epoch24": 0.831467427006024, "ENV_Train_Probability to choose the right action_epoch24": 0.761757279119684, "ENV_Train_Weighted right action_epoch24": 0.831467427006024, "ENV_Train_Weighted probability to choose the right action:_epoch24": 0.761757279119684, "ENV_Test_TotalLoss_epoch24": 226.9032297920868, "ENV_Test_Right action_epoch24": 0.804416, "ENV_Test_Probability to choose the right action_epoch24": 0.7597943819446333, "ENV_Test_Weighted right action_epoch24": 0.8422197690419615, "ENV_Test_Weighted probability to choose the right action:_epoch24": 0.7953367782897334, "ENV_Test_proba_accuracy_epoch24": 0.7597943819446342, "ENV_Test_proba_accuracy_strategy_132_epoch24": 0.8000628789362555, "ENV_Test_proba_accuracy_strategy_23_epoch24": 0.7659638078360913, "ENV_Test_proba_accuracy_strategy_107_epoch24": 0.826103932962986, "ENV_Test_proba_accuracy_strategy_43_epoch24": 0.7637402745416384, "ENV_Test_proba_accuracy_strategy_17_epoch24": 0.7235109995750162, "ENV_Test_proba_accuracy_strategy_93_epoch24": 0.7635792393569901, "ENV_Test_proba_accuracy_per_mean_strategy_epoch24": 0.7738268555348297, "ENV_Test_proba_accuracy_per_mean_user_epoch24": 0.7699951879819988, "ENV_Test_proba_accuracy_per_mean_user_and_bot_epoch24": 0.7953367782897338, "ENV_Test_accuracy_epoch24": 0.804416, "ENV_Test_accuracy_strategy_132_epoch24": 0.8402266288951842, "ENV_Test_accuracy_strategy_23_epoch24": 0.8106317660365164, "ENV_Test_accuracy_strategy_107_epoch24": 0.8719211822660099, "ENV_Test_accuracy_strategy_43_epoch24": 0.8097964376590331, "ENV_Test_accuracy_strategy_17_epoch24": 0.7699637023593466, "ENV_Test_accuracy_strategy_93_epoch24": 0.8049907578558225, "ENV_Test_accuracy_per_mean_strategy_epoch24": 0.8179217458453188, "ENV_Test_accuracy_per_mean_user_epoch24": 0.8142439715631223, "ENV_Test_accuracy_per_mean_user_and_bot_epoch24": 0.8422197690419626, "_wandb": {"runtime": 3982}}