{"ENV_Train_TotalLoss": 848.5988523955904, "ENV_Train_TotalLoss_epoch0": 1140.2764275849893, "ENV_Train_Right action": 0.8317561050615748, "ENV_Train_Right action_epoch0": 0.7573550993025758, "ENV_Train_Probability to choose the right action": 0.7644833902264424, "ENV_Train_Probability to choose the right action_epoch0": 0.6678795226898026, "ENV_Train_Weighted right action": 0.8317561050615748, "ENV_Train_Weighted right action_epoch0": 0.7573550993025758, "ENV_Train_Weighted probability to choose the right action:": 0.7644833902264424, "ENV_Train_Weighted probability to choose the right action:_epoch0": 0.6678795226898026, "_timestamp": 1720506286.8518224, "_runtime": 4025.859140396118, "_step": 49, "ENV_Test_TotalLoss": 221.42608401853587, "ENV_Test_TotalLoss_epoch0": 240.30669363283073, "ENV_Test_Right action": 0.806912, "ENV_Test_Right action_epoch0": 0.771392, "ENV_Test_Probability to choose the right action": 0.7438489751385452, "ENV_Test_Probability to choose the right action_epoch0": 0.7116611253134502, "ENV_Test_Weighted right action": 0.842959179225011, "ENV_Test_Weighted right action_epoch0": 0.8215337802478664, "ENV_Test_Weighted probability to choose the right action:": 0.7859066650100619, "ENV_Test_Weighted probability to choose the right action:_epoch0": 0.7531274902232172, "ENV_Test_proba_accuracy": 0.7438489751385448, "ENV_Test_proba_accuracy_epoch0": 0.7116611253134505, "ENV_Test_proba_accuracy_strategy_132": 0.7887015854667575, "ENV_Test_proba_accuracy_strategy_132_epoch0": 0.7549103837177825, "ENV_Test_proba_accuracy_strategy_23": 0.7449607844385896, "ENV_Test_proba_accuracy_strategy_23_epoch0": 0.7096821739121819, "ENV_Test_proba_accuracy_strategy_107": 0.8152071616342772, "ENV_Test_proba_accuracy_strategy_107_epoch0": 0.7747815247083892, "ENV_Test_proba_accuracy_strategy_43": 0.7542142124528474, "ENV_Test_proba_accuracy_strategy_43_epoch0": 0.7189993834720594, "ENV_Test_proba_accuracy_strategy_17": 0.7098602190218031, "ENV_Test_proba_accuracy_strategy_17_epoch0": 0.6837014640074986, "ENV_Test_proba_accuracy_strategy_93": 0.7475692185224081, "ENV_Test_proba_accuracy_strategy_93_epoch0": 0.7201481041661213, "ENV_Test_proba_accuracy_per_mean_strategy": 0.7600855302561138, "ENV_Test_proba_accuracy_per_mean_strategy_epoch0": 0.7270371723306721, "ENV_Test_proba_accuracy_per_mean_user": 0.7568934144647432, "ENV_Test_proba_accuracy_per_mean_user_epoch0": 0.7265915912938472, "ENV_Test_proba_accuracy_per_mean_user_and_bot": 0.785906665010062, "ENV_Test_proba_accuracy_per_mean_user_and_bot_epoch0": 0.7531274902232173, "ENV_Test_accuracy": 0.806912, "ENV_Test_accuracy_epoch0": 0.771392, "ENV_Test_accuracy_strategy_132": 0.8356940509915014, "ENV_Test_accuracy_strategy_132_epoch0": 0.8169971671388102, "ENV_Test_accuracy_strategy_23": 0.8125706899337535, "ENV_Test_accuracy_strategy_23_epoch0": 0.7645823234771368, "ENV_Test_accuracy_strategy_107": 0.8669950738916257, "ENV_Test_accuracy_strategy_107_epoch0": 0.8555008210180624, "ENV_Test_accuracy_strategy_43": 0.8110687022900763, "ENV_Test_accuracy_strategy_43_epoch0": 0.7970737913486005, "ENV_Test_accuracy_strategy_17": 0.7767695099818511, "ENV_Test_accuracy_strategy_17_epoch0": 0.7366152450090744, "ENV_Test_accuracy_strategy_93": 0.8105360443622921, "ENV_Test_accuracy_strategy_93_epoch0": 0.7929759704251387, "ENV_Test_accuracy_per_mean_strategy": 0.8189390119085166, "ENV_Test_accuracy_per_mean_strategy_epoch0": 0.7939575530694705, "ENV_Test_accuracy_per_mean_user": 0.8161985842598156, "ENV_Test_accuracy_per_mean_user_epoch0": 0.7885445542709929, "ENV_Test_accuracy_per_mean_user_and_bot": 0.8429591792250105, "ENV_Test_accuracy_per_mean_user_and_bot_epoch0": 0.8215337802478668, "ENV_Train_TotalLoss_epoch1": 1004.3121713621435, "ENV_Train_Right action_epoch1": 0.794541414536663, "ENV_Train_Probability to choose the right action_epoch1": 0.7148402922500384, "ENV_Train_Weighted right action_epoch1": 0.794541414536663, "ENV_Train_Weighted probability to choose the right action:_epoch1": 0.7148402922500384, "ENV_Test_TotalLoss_epoch1": 229.8734251050807, "ENV_Test_Right action_epoch1": 0.778944, "ENV_Test_Probability to choose the right action_epoch1": 0.7337061873188114, "ENV_Test_Weighted right action_epoch1": 0.8318570407573328, "ENV_Test_Weighted probability to choose the right action:_epoch1": 0.7770849783173538, "ENV_Test_proba_accuracy_epoch1": 0.7337061873188119, "ENV_Test_proba_accuracy_strategy_132_epoch1": 0.7798942244164546, "ENV_Test_proba_accuracy_strategy_23_epoch1": 0.7346757639042668, "ENV_Test_proba_accuracy_strategy_107_epoch1": 0.8066859356357784, "ENV_Test_proba_accuracy_strategy_43_epoch1": 0.7410188587103044, "ENV_Test_proba_accuracy_strategy_17_epoch1": 0.6973072902507765, "ENV_Test_proba_accuracy_strategy_93_epoch1": 0.7494026357094972, "ENV_Test_proba_accuracy_per_mean_strategy_epoch1": 0.7514974514378464, "ENV_Test_proba_accuracy_per_mean_user_epoch1": 0.747467058019928, "ENV_Test_proba_accuracy_per_mean_user_and_bot_epoch1": 0.7770849783173532, "ENV_Test_accuracy_epoch1": 0.778944, "ENV_Test_accuracy_strategy_132_epoch1": 0.8271954674220963, "ENV_Test_accuracy_strategy_23_epoch1": 0.7783163677492325, "ENV_Test_accuracy_strategy_107_epoch1": 0.8604269293924466, "ENV_Test_accuracy_strategy_43_epoch1": 0.7926208651399491, "ENV_Test_accuracy_strategy_17_epoch1": 0.7411524500907442, "ENV_Test_accuracy_strategy_93_epoch1": 0.7920517560073937, "ENV_Test_accuracy_per_mean_strategy_epoch1": 0.7986273059669772, "ENV_Test_accuracy_per_mean_user_epoch1": 0.7970598758466108, "ENV_Test_accuracy_per_mean_user_and_bot_epoch1": 0.8318570407573334, "ENV_Train_TotalLoss_epoch2": 973.2135394500776, "ENV_Train_Right action_epoch2": 0.800710052555071, "ENV_Train_Probability to choose the right action_epoch2": 0.7247423290110127, "ENV_Train_Weighted right action_epoch2": 0.800710052555071, "ENV_Train_Weighted probability to choose the right action:_epoch2": 0.7247423290110127, "ENV_Test_TotalLoss_epoch2": 222.48501770059644, "ENV_Test_Right action_epoch2": 0.78912, "ENV_Test_Probability to choose the right action_epoch2": 0.7382237793884581, "ENV_Test_Weighted right action_epoch2": 0.8325542572809607, "ENV_Test_Weighted probability to choose the right action:_epoch2": 0.7831014488311445, "ENV_Test_proba_accuracy_epoch2": 0.7382237793884585, "ENV_Test_proba_accuracy_strategy_132_epoch2": 0.7851831728400338, "ENV_Test_proba_accuracy_strategy_23_epoch2": 0.7368959378519438, "ENV_Test_proba_accuracy_strategy_107_epoch2": 0.8124094063472197, "ENV_Test_proba_accuracy_strategy_43_epoch2": 0.756914518520784, "ENV_Test_proba_accuracy_strategy_17_epoch2": 0.7001749256445443, "ENV_Test_proba_accuracy_strategy_93_epoch2": 0.7553154063724982, "ENV_Test_proba_accuracy_per_mean_strategy_epoch2": 0.7578155612628373, "ENV_Test_proba_accuracy_per_mean_user_epoch2": 0.7521863980857934, "ENV_Test_proba_accuracy_per_mean_user_and_bot_epoch2": 0.7831014488311453, "ENV_Test_accuracy_epoch2": 0.78912, "ENV_Test_accuracy_strategy_132_epoch2": 0.8271954674220963, "ENV_Test_accuracy_strategy_23_epoch2": 0.7917272580384553, "ENV_Test_accuracy_strategy_107_epoch2": 0.8555008210180624, "ENV_Test_accuracy_strategy_43_epoch2": 0.8161577608142494, "ENV_Test_accuracy_strategy_17_epoch2": 0.7481851179673321, "ENV_Test_accuracy_strategy_93_epoch2": 0.8022181146025879, "ENV_Test_accuracy_per_mean_strategy_epoch2": 0.8068307566437972, "ENV_Test_accuracy_per_mean_user_epoch2": 0.8015423550900561, "ENV_Test_accuracy_per_mean_user_and_bot_epoch2": 0.8325542572809616, "ENV_Train_TotalLoss_epoch3": 941.7678310304848, "ENV_Train_Right action_epoch3": 0.8097148448420464, "ENV_Train_Probability to choose the right action_epoch3": 0.734980284285, "ENV_Train_Weighted right action_epoch3": 0.8097148448420464, "ENV_Train_Weighted probability to choose the right action:_epoch3": 0.734980284285, "ENV_Test_TotalLoss_epoch3": 223.40616145843174, "ENV_Test_Right action_epoch3": 0.79456, "ENV_Test_Probability to choose the right action_epoch3": 0.7373416225130522, "ENV_Test_Weighted right action_epoch3": 0.8408782716262659, "ENV_Test_Weighted probability to choose the right action:_epoch3": 0.7859908539793032, "ENV_Test_proba_accuracy_epoch3": 0.7373416225130528, "ENV_Test_proba_accuracy_strategy_132_epoch3": 0.7892535798059298, "ENV_Test_proba_accuracy_strategy_23_epoch3": 0.7346678886755161, "ENV_Test_proba_accuracy_strategy_107_epoch3": 0.8211515461943387, "ENV_Test_proba_accuracy_strategy_43_epoch3": 0.7486650579310352, "ENV_Test_proba_accuracy_strategy_17_epoch3": 0.700459255669291, "ENV_Test_proba_accuracy_strategy_93_epoch3": 0.7545873925194454, "ENV_Test_proba_accuracy_per_mean_strategy_epoch3": 0.7581307867992594, "ENV_Test_proba_accuracy_per_mean_user_epoch3": 0.7534047708177152, "ENV_Test_proba_accuracy_per_mean_user_and_bot_epoch3": 0.7859908539793036, "ENV_Test_accuracy_epoch3": 0.79456, "ENV_Test_accuracy_strategy_132_epoch3": 0.8413597733711048, "ENV_Test_accuracy_strategy_23_epoch3": 0.7991597996445307, "ENV_Test_accuracy_strategy_107_epoch3": 0.8768472906403941, "ENV_Test_accuracy_strategy_43_epoch3": 0.8021628498727735, "ENV_Test_accuracy_strategy_17_epoch3": 0.7522686025408348, "ENV_Test_accuracy_strategy_93_epoch3": 0.8068391866913124, "ENV_Test_accuracy_per_mean_strategy_epoch3": 0.8131062504601584, "ENV_Test_accuracy_per_mean_user_epoch3": 0.8092046970788652, "ENV_Test_accuracy_per_mean_user_and_bot_epoch3": 0.8408782716262663, "ENV_Train_TotalLoss_epoch4": 924.6707757295889, "ENV_Train_Right action_epoch4": 0.8143949454143894, "ENV_Train_Probability to choose the right action_epoch4": 0.740502687092219, "ENV_Train_Weighted right action_epoch4": 0.8143949454143894, "ENV_Train_Weighted probability to choose the right action:_epoch4": 0.740502687092219, "ENV_Test_TotalLoss_epoch4": 216.65554337460264, "ENV_Test_Right action_epoch4": 0.800512, "ENV_Test_Probability to choose the right action_epoch4": 0.7388682605609035, "ENV_Test_Weighted right action_epoch4": 0.8423672578124677, "ENV_Test_Weighted probability to choose the right action:_epoch4": 0.7782156772369749, "ENV_Test_proba_accuracy_epoch4": 0.7388682605609048, "ENV_Test_proba_accuracy_strategy_132_epoch4": 0.7807078248581983, "ENV_Test_proba_accuracy_strategy_23_epoch4": 0.7423664429510611, "ENV_Test_proba_accuracy_strategy_107_epoch4": 0.8033401945064212, "ENV_Test_proba_accuracy_strategy_43_epoch4": 0.7457503136088192, "ENV_Test_proba_accuracy_strategy_17_epoch4": 0.7035147643064205, "ENV_Test_proba_accuracy_strategy_93_epoch4": 0.7483499006054748, "ENV_Test_proba_accuracy_per_mean_strategy_epoch4": 0.7540049068060659, "ENV_Test_proba_accuracy_per_mean_user_epoch4": 0.751705771709425, "ENV_Test_proba_accuracy_per_mean_user_and_bot_epoch4": 0.7782156772369753, "ENV_Test_accuracy_epoch4": 0.800512, "ENV_Test_accuracy_strategy_132_epoch4": 0.8334277620396601, "ENV_Test_accuracy_strategy_23_epoch4": 0.8061076102762966, "ENV_Test_accuracy_strategy_107_epoch4": 0.8735632183908046, "ENV_Test_accuracy_strategy_43_epoch4": 0.8027989821882952, "ENV_Test_accuracy_strategy_17_epoch4": 0.7656533575317604, "ENV_Test_accuracy_strategy_93_epoch4": 0.8123844731977818, "ENV_Test_accuracy_per_mean_strategy_epoch4": 0.8156559006040999, "ENV_Test_accuracy_per_mean_user_epoch4": 0.8134270275154912, "ENV_Test_accuracy_per_mean_user_and_bot_epoch4": 0.842367257812468, "ENV_Train_TotalLoss_epoch5": 917.304662757175, "ENV_Train_Right action_epoch5": 0.8182834777746715, "ENV_Train_Probability to choose the right action_epoch5": 0.7433976470211552, "ENV_Train_Weighted right action_epoch5": 0.8182834777746715, "ENV_Train_Weighted probability to choose the right action:_epoch5": 0.7433976470211552, "ENV_Test_TotalLoss_epoch5": 220.95176282246808, "ENV_Test_Right action_epoch5": 0.799424, "ENV_Test_Probability to choose the right action_epoch5": 0.7509861137389006, "ENV_Test_Weighted right action_epoch5": 0.843362879248352, "ENV_Test_Weighted probability to choose the right action:_epoch5": 0.7935861100065035, "ENV_Test_proba_accuracy_epoch5": 0.7509861137389002, "ENV_Test_proba_accuracy_strategy_132_epoch5": 0.7944846883276776, "ENV_Test_proba_accuracy_strategy_23_epoch5": 0.7522215955130539, "ENV_Test_proba_accuracy_strategy_107_epoch5": 0.8237018324759691, "ENV_Test_proba_accuracy_strategy_43_epoch5": 0.7594186909412769, "ENV_Test_proba_accuracy_strategy_17_epoch5": 0.7153928577977413, "ENV_Test_proba_accuracy_strategy_93_epoch5": 0.7647881537261365, "ENV_Test_proba_accuracy_per_mean_strategy_epoch5": 0.7683346364636425, "ENV_Test_proba_accuracy_per_mean_user_epoch5": 0.7637533007995844, "ENV_Test_proba_accuracy_per_mean_user_and_bot_epoch5": 0.7935861100065024, "ENV_Test_accuracy_epoch5": 0.799424, "ENV_Test_accuracy_strategy_132_epoch5": 0.8362606232294617, "ENV_Test_accuracy_strategy_23_epoch5": 0.7996445306188399, "ENV_Test_accuracy_strategy_107_epoch5": 0.8752052545155994, "ENV_Test_accuracy_strategy_43_epoch5": 0.8078880407124682, "ENV_Test_accuracy_strategy_17_epoch5": 0.7656533575317604, "ENV_Test_accuracy_strategy_93_epoch5": 0.8207024029574861, "ENV_Test_accuracy_per_mean_strategy_epoch5": 0.8175590349276026, "ENV_Test_accuracy_per_mean_user_epoch5": 0.810598710533681, "ENV_Test_accuracy_per_mean_user_and_bot_epoch5": 0.8433628792483523, "ENV_Train_TotalLoss_epoch6": 902.3867333936757, "ENV_Train_Right action_epoch6": 0.8199220332825665, "ENV_Train_Probability to choose the right action_epoch6": 0.7474490181470858, "ENV_Train_Weighted right action_epoch6": 0.8199220332825665, "ENV_Train_Weighted probability to choose the right action:_epoch6": 0.7474490181470858, "ENV_Test_TotalLoss_epoch6": 217.90244842100466, "ENV_Test_Right action_epoch6": 0.798912, "ENV_Test_Probability to choose the right action_epoch6": 0.7546573547294886, "ENV_Test_Weighted right action_epoch6": 0.843262982380047, "ENV_Test_Weighted probability to choose the right action:_epoch6": 0.795065013836605, "ENV_Test_proba_accuracy_epoch6": 0.7546573547294888, "ENV_Test_proba_accuracy_strategy_132_epoch6": 0.7932117007910486, "ENV_Test_proba_accuracy_strategy_23_epoch6": 0.7572233685270513, "ENV_Test_proba_accuracy_strategy_107_epoch6": 0.8268146225880432, "ENV_Test_proba_accuracy_strategy_43_epoch6": 0.762403329565932, "ENV_Test_proba_accuracy_strategy_17_epoch6": 0.7201521304180329, "ENV_Test_proba_accuracy_strategy_93_epoch6": 0.7657933066743898, "ENV_Test_proba_accuracy_per_mean_strategy_epoch6": 0.7709330764274163, "ENV_Test_proba_accuracy_per_mean_user_epoch6": 0.7658421108066824, "ENV_Test_proba_accuracy_per_mean_user_and_bot_epoch6": 0.7950650138366046, "ENV_Test_accuracy_epoch6": 0.798912, "ENV_Test_accuracy_strategy_132_epoch6": 0.8351274787535411, "ENV_Test_accuracy_strategy_23_epoch6": 0.7983519146873486, "ENV_Test_accuracy_strategy_107_epoch6": 0.8784893267651889, "ENV_Test_accuracy_strategy_43_epoch6": 0.8085241730279898, "ENV_Test_accuracy_strategy_17_epoch6": 0.7670145190562614, "ENV_Test_accuracy_strategy_93_epoch6": 0.8142329020332717, "ENV_Test_accuracy_per_mean_strategy_epoch6": 0.8169567190539335, "ENV_Test_accuracy_per_mean_user_epoch6": 0.8093232665164314, "ENV_Test_accuracy_per_mean_user_and_bot_epoch6": 0.8432629823800479, "ENV_Train_TotalLoss_epoch7": 892.7340195364744, "ENV_Train_Right action_epoch7": 0.8229941291585127, "ENV_Train_Probability to choose the right action_epoch7": 0.7506305588473419, "ENV_Train_Weighted right action_epoch7": 0.8229941291585127, "ENV_Train_Weighted probability to choose the right action:_epoch7": 0.7506305588473419, "ENV_Test_TotalLoss_epoch7": 217.6788154386541, "ENV_Test_Right action_epoch7": 0.8064, "ENV_Test_Probability to choose the right action_epoch7": 0.7554692946159651, "ENV_Test_Weighted right action_epoch7": 0.8451632300638238, "ENV_Test_Weighted probability to choose the right action:_epoch7": 0.7946358553107751, "ENV_Test_proba_accuracy_epoch7": 0.7554692946159645, "ENV_Test_proba_accuracy_strategy_132_epoch7": 0.7929161993699236, "ENV_Test_proba_accuracy_strategy_23_epoch7": 0.7568025865179978, "ENV_Test_proba_accuracy_strategy_107_epoch7": 0.8247409897615152, "ENV_Test_proba_accuracy_strategy_43_epoch7": 0.7611815389980429, "ENV_Test_proba_accuracy_strategy_17_epoch7": 0.7249964677830608, "ENV_Test_proba_accuracy_strategy_93_epoch7": 0.7636140078273785, "ENV_Test_proba_accuracy_per_mean_strategy_epoch7": 0.7707086317096531, "ENV_Test_proba_accuracy_per_mean_user_epoch7": 0.7659788896547951, "ENV_Test_proba_accuracy_per_mean_user_and_bot_epoch7": 0.7946358553107751, "ENV_Test_accuracy_epoch7": 0.8064, "ENV_Test_accuracy_strategy_132_epoch7": 0.8379603399433427, "ENV_Test_accuracy_strategy_23_epoch7": 0.8103086120536436, "ENV_Test_accuracy_strategy_107_epoch7": 0.8686371100164204, "ENV_Test_accuracy_strategy_43_epoch7": 0.811704834605598, "ENV_Test_accuracy_strategy_17_epoch7": 0.7758620689655172, "ENV_Test_accuracy_strategy_93_epoch7": 0.8142329020332717, "ENV_Test_accuracy_per_mean_strategy_epoch7": 0.8197843112696322, "ENV_Test_accuracy_per_mean_user_epoch7": 0.8147880666323005, "ENV_Test_accuracy_per_mean_user_and_bot_epoch7": 0.8451632300638242, "ENV_Train_TotalLoss_epoch8": 882.0720123279382, "ENV_Train_Right action_epoch8": 0.8250933031408563, "ENV_Train_Probability to choose the right action_epoch8": 0.7536826840196119, "ENV_Train_Weighted right action_epoch8": 0.8250933031408563, "ENV_Train_Weighted probability to choose the right action:_epoch8": 0.7536826840196119, "ENV_Test_TotalLoss_epoch8": 218.37121040629307, "ENV_Test_Right action_epoch8": 0.8048, "ENV_Test_Probability to choose the right action_epoch8": 0.7518450743067011, "ENV_Test_Weighted right action_epoch8": 0.8439279506909274, "ENV_Test_Weighted probability to choose the right action:_epoch8": 0.7922186961162904, "ENV_Test_proba_accuracy_epoch8": 0.7518450743067007, "ENV_Test_proba_accuracy_strategy_132_epoch8": 0.793224576910024, "ENV_Test_proba_accuracy_strategy_23_epoch8": 0.7544685935760702, "ENV_Test_proba_accuracy_strategy_107_epoch8": 0.8188059396499224, "ENV_Test_proba_accuracy_strategy_43_epoch8": 0.7605639548467527, "ENV_Test_proba_accuracy_strategy_17_epoch8": 0.7167502828967742, "ENV_Test_proba_accuracy_strategy_93_epoch8": 0.7619567290931876, "ENV_Test_proba_accuracy_per_mean_strategy_epoch8": 0.7676283461621218, "ENV_Test_proba_accuracy_per_mean_user_epoch8": 0.7637411052774038, "ENV_Test_proba_accuracy_per_mean_user_and_bot_epoch8": 0.7922186961162914, "ENV_Test_accuracy_epoch8": 0.8048, "ENV_Test_accuracy_strategy_132_epoch8": 0.8305949008498583, "ENV_Test_accuracy_strategy_23_epoch8": 0.8114396509936985, "ENV_Test_accuracy_strategy_107_epoch8": 0.8620689655172413, "ENV_Test_accuracy_strategy_43_epoch8": 0.8034351145038168, "ENV_Test_accuracy_strategy_17_epoch8": 0.7731397459165155, "ENV_Test_accuracy_strategy_93_epoch8": 0.8234750462107209, "ENV_Test_accuracy_per_mean_strategy_epoch8": 0.8173589039986419, "ENV_Test_accuracy_per_mean_user_epoch8": 0.8143421758466429, "ENV_Test_accuracy_per_mean_user_and_bot_epoch8": 0.8439279506909282, "ENV_Train_TotalLoss_epoch9": 875.695600035139, "ENV_Train_Right action_epoch9": 0.8248892367468448, "ENV_Train_Probability to choose the right action_epoch9": 0.7555099916503191, "ENV_Train_Weighted right action_epoch9": 0.8248892367468448, "ENV_Train_Weighted probability to choose the right action:_epoch9": 0.7555099916503191, "ENV_Test_TotalLoss_epoch9": 211.62283485851572, "ENV_Test_Right action_epoch9": 0.802688, "ENV_Test_Probability to choose the right action_epoch9": 0.7476188501488034, "ENV_Test_Weighted right action_epoch9": 0.8478273877058289, "ENV_Test_Weighted probability to choose the right action:_epoch9": 0.7908937949437511, "ENV_Test_proba_accuracy_epoch9": 0.7476188501488034, "ENV_Test_proba_accuracy_strategy_132_epoch9": 0.7871852829600194, "ENV_Test_proba_accuracy_strategy_23_epoch9": 0.7475983175998743, "ENV_Test_proba_accuracy_strategy_107_epoch9": 0.8165413353623696, "ENV_Test_proba_accuracy_strategy_43_epoch9": 0.7541145591389862, "ENV_Test_proba_accuracy_strategy_17_epoch9": 0.7160484565665165, "ENV_Test_proba_accuracy_strategy_93_epoch9": 0.7635796347297801, "ENV_Test_proba_accuracy_per_mean_strategy_epoch9": 0.7641779310595909, "ENV_Test_proba_accuracy_per_mean_user_epoch9": 0.7604162747863361, "ENV_Test_proba_accuracy_per_mean_user_and_bot_epoch9": 0.7908937949437513, "ENV_Test_accuracy_epoch9": 0.802688, "ENV_Test_accuracy_strategy_132_epoch9": 0.8328611898016998, "ENV_Test_accuracy_strategy_23_epoch9": 0.805461302310551, "ENV_Test_accuracy_strategy_107_epoch9": 0.8768472906403941, "ENV_Test_accuracy_strategy_43_epoch9": 0.8059796437659033, "ENV_Test_accuracy_strategy_17_epoch9": 0.771551724137931, "ENV_Test_accuracy_strategy_93_epoch9": 0.8179297597042514, "ENV_Test_accuracy_per_mean_strategy_epoch9": 0.8184384850601218, "ENV_Test_accuracy_per_mean_user_epoch9": 0.8135268879172793, "ENV_Test_accuracy_per_mean_user_and_bot_epoch9": 0.8478273877058292, "ENV_Train_TotalLoss_epoch10": 870.0936811964677, "ENV_Train_Right action_epoch10": 0.8280682135868046, "ENV_Train_Probability to choose the right action_epoch10": 0.7574639206653584, "ENV_Train_Weighted right action_epoch10": 0.8280682135868046, "ENV_Train_Weighted probability to choose the right action:_epoch10": 0.7574639206653584, "ENV_Test_TotalLoss_epoch10": 224.23847034009046, "ENV_Test_Right action_epoch10": 0.807744, "ENV_Test_Probability to choose the right action_epoch10": 0.7614965074483483, "ENV_Test_Weighted right action_epoch10": 0.8476713414476837, "ENV_Test_Weighted probability to choose the right action:_epoch10": 0.8022643196943307, "ENV_Test_proba_accuracy_epoch10": 0.7614965074483484, "ENV_Test_proba_accuracy_strategy_132_epoch10": 0.8029640227692643, "ENV_Test_proba_accuracy_strategy_23_epoch10": 0.7640334963569643, "ENV_Test_proba_accuracy_strategy_107_epoch10": 0.8336510183911295, "ENV_Test_proba_accuracy_strategy_43_epoch10": 0.7660626956223199, "ENV_Test_proba_accuracy_strategy_17_epoch10": 0.7265163479091123, "ENV_Test_proba_accuracy_strategy_93_epoch10": 0.7746026159312271, "ENV_Test_proba_accuracy_per_mean_strategy_epoch10": 0.7779716994966696, "ENV_Test_proba_accuracy_per_mean_user_epoch10": 0.7736527822750299, "ENV_Test_proba_accuracy_per_mean_user_and_bot_epoch10": 0.8022643196943321, "ENV_Test_accuracy_epoch10": 0.807744, "ENV_Test_accuracy_strategy_132_epoch10": 0.8430594900849858, "ENV_Test_accuracy_strategy_23_epoch10": 0.8117628049765714, "ENV_Test_accuracy_strategy_107_epoch10": 0.8801313628899836, "ENV_Test_accuracy_strategy_43_epoch10": 0.8123409669211196, "ENV_Test_accuracy_strategy_17_epoch10": 0.7754083484573503, "ENV_Test_accuracy_strategy_93_epoch10": 0.8114602587800369, "ENV_Test_accuracy_per_mean_strategy_epoch10": 0.8223605386850079, "ENV_Test_accuracy_per_mean_user_epoch10": 0.8188213175490979, "ENV_Test_accuracy_per_mean_user_and_bot_epoch10": 0.8476713414476835, "ENV_Train_TotalLoss_epoch11": 871.4618949743151, "ENV_Train_Right action_epoch11": 0.827117696393626, "ENV_Train_Probability to choose the right action_epoch11": 0.7571252670287019, "ENV_Train_Weighted right action_epoch11": 0.827117696393626, "ENV_Train_Weighted probability to choose the right action:_epoch11": 0.7571252670287019, "ENV_Test_TotalLoss_epoch11": 218.36332473940445, "ENV_Test_Right action_epoch11": 0.807488, "ENV_Test_Probability to choose the right action_epoch11": 0.7594830653623221, "ENV_Test_Weighted right action_epoch11": 0.8477500384636935, "ENV_Test_Weighted probability to choose the right action:_epoch11": 0.8007772383238636, "ENV_Test_proba_accuracy_epoch11": 0.7594830653623226, "ENV_Test_proba_accuracy_strategy_132_epoch11": 0.8038167289824513, "ENV_Test_proba_accuracy_strategy_23_epoch11": 0.7608770155358832, "ENV_Test_proba_accuracy_strategy_107_epoch11": 0.8285061057394605, "ENV_Test_proba_accuracy_strategy_43_epoch11": 0.7624594813075827, "ENV_Test_proba_accuracy_strategy_17_epoch11": 0.7269308287295958, "ENV_Test_proba_accuracy_strategy_93_epoch11": 0.7686329985487735, "ENV_Test_proba_accuracy_per_mean_strategy_epoch11": 0.7752038598072911, "ENV_Test_proba_accuracy_per_mean_user_epoch11": 0.7728033198404167, "ENV_Test_proba_accuracy_per_mean_user_and_bot_epoch11": 0.800777238323864, "ENV_Test_accuracy_epoch11": 0.807488, "ENV_Test_accuracy_strategy_132_epoch11": 0.8447592067988668, "ENV_Test_accuracy_strategy_23_epoch11": 0.8130554209080627, "ENV_Test_accuracy_strategy_107_epoch11": 0.8719211822660099, "ENV_Test_accuracy_strategy_43_epoch11": 0.8110687022900763, "ENV_Test_accuracy_strategy_17_epoch11": 0.772005444646098, "ENV_Test_accuracy_strategy_93_epoch11": 0.8179297597042514, "ENV_Test_accuracy_per_mean_strategy_epoch11": 0.8217899527688942, "ENV_Test_accuracy_per_mean_user_epoch11": 0.817939060330712, "ENV_Test_accuracy_per_mean_user_and_bot_epoch11": 0.8477500384636931, "ENV_Train_TotalLoss_epoch12": 864.8183829750342, "ENV_Train_Right action_epoch12": 0.8293801104200154, "ENV_Train_Probability to choose the right action_epoch12": 0.7597322960388095, "ENV_Train_Weighted right action_epoch12": 0.8293801104200154, "ENV_Train_Weighted probability to choose the right action:_epoch12": 0.7597322960388095, "ENV_Test_TotalLoss_epoch12": 212.22650893263406, "ENV_Test_Right action_epoch12": 0.809024, "ENV_Test_Probability to choose the right action_epoch12": 0.7530741699547012, "ENV_Test_Weighted right action_epoch12": 0.8476039656109546, "ENV_Test_Weighted probability to choose the right action:_epoch12": 0.7918265981847056, "ENV_Test_proba_accuracy_epoch12": 0.7530741699547013, "ENV_Test_proba_accuracy_strategy_132_epoch12": 0.7948984170963511, "ENV_Test_proba_accuracy_strategy_23_epoch12": 0.7553465186180519, "ENV_Test_proba_accuracy_strategy_107_epoch12": 0.8226357674394288, "ENV_Test_proba_accuracy_strategy_43_epoch12": 0.7514743305143136, "ENV_Test_proba_accuracy_strategy_17_epoch12": 0.7223489168089846, "ENV_Test_proba_accuracy_strategy_93_epoch12": 0.7601956935368827, "ENV_Test_proba_accuracy_per_mean_strategy_epoch12": 0.7678166073356687, "ENV_Test_proba_accuracy_per_mean_user_epoch12": 0.7650929798938538, "ENV_Test_proba_accuracy_per_mean_user_and_bot_epoch12": 0.791826598184706, "ENV_Test_accuracy_epoch12": 0.809024, "ENV_Test_accuracy_strategy_132_epoch12": 0.8413597733711048, "ENV_Test_accuracy_strategy_23_epoch12": 0.8140248828566812, "ENV_Test_accuracy_strategy_107_epoch12": 0.8801313628899836, "ENV_Test_accuracy_strategy_43_epoch12": 0.7983460559796438, "ENV_Test_accuracy_strategy_17_epoch12": 0.780852994555354, "ENV_Test_accuracy_strategy_93_epoch12": 0.8179297597042514, "ENV_Test_accuracy_per_mean_strategy_epoch12": 0.822107471559503, "ENV_Test_accuracy_per_mean_user_epoch12": 0.8199442728119966, "ENV_Test_accuracy_per_mean_user_and_bot_epoch12": 0.8476039656109542, "ENV_Train_TotalLoss_epoch13": 867.4045727753218, "ENV_Train_Right action_epoch13": 0.8278498350757534, "ENV_Train_Probability to choose the right action_epoch13": 0.7581680600481829, "ENV_Train_Weighted right action_epoch13": 0.8278498350757534, "ENV_Train_Weighted probability to choose the right action:_epoch13": 0.7581680600481829, "ENV_Test_TotalLoss_epoch13": 223.94199605347129, "ENV_Test_Right action_epoch13": 0.8064, "ENV_Test_Probability to choose the right action_epoch13": 0.7485567494912707, "ENV_Test_Weighted right action_epoch13": 0.8391369789430313, "ENV_Test_Weighted probability to choose the right action:_epoch13": 0.7855128402621055, "ENV_Test_proba_accuracy_epoch13": 0.7485567494912707, "ENV_Test_proba_accuracy_strategy_132_epoch13": 0.7914430434240806, "ENV_Test_proba_accuracy_strategy_23_epoch13": 0.750061062139755, "ENV_Test_proba_accuracy_strategy_107_epoch13": 0.8125392539220287, "ENV_Test_proba_accuracy_strategy_43_epoch13": 0.7453228997712897, "ENV_Test_proba_accuracy_strategy_17_epoch13": 0.7187804483911616, "ENV_Test_proba_accuracy_strategy_93_epoch13": 0.7599871580290547, "ENV_Test_proba_accuracy_per_mean_strategy_epoch13": 0.7630223109462285, "ENV_Test_proba_accuracy_per_mean_user_epoch13": 0.7600080120911574, "ENV_Test_proba_accuracy_per_mean_user_and_bot_epoch13": 0.7855128402621048, "ENV_Test_accuracy_epoch13": 0.8064, "ENV_Test_accuracy_strategy_132_epoch13": 0.8402266288951842, "ENV_Test_accuracy_strategy_23_epoch13": 0.8132169978994991, "ENV_Test_accuracy_strategy_107_epoch13": 0.8620689655172413, "ENV_Test_accuracy_strategy_43_epoch13": 0.7951653944020356, "ENV_Test_accuracy_strategy_17_epoch13": 0.7776769509981851, "ENV_Test_accuracy_strategy_93_epoch13": 0.8142329020332717, "ENV_Test_accuracy_per_mean_strategy_epoch13": 0.8170979732909028, "ENV_Test_accuracy_per_mean_user_epoch13": 0.816064177247578, "ENV_Test_accuracy_per_mean_user_and_bot_epoch13": 0.839136978943032, "ENV_Train_TotalLoss_epoch14": 865.0946270978629, "ENV_Train_Right action_epoch14": 0.8279939617577994, "ENV_Train_Probability to choose the right action_epoch14": 0.7586583714599924, "ENV_Train_Weighted right action_epoch14": 0.8279939617577994, "ENV_Train_Weighted probability to choose the right action:_epoch14": 0.7586583714599924, "ENV_Test_TotalLoss_epoch14": 221.2338390247427, "ENV_Test_Right action_epoch14": 0.803776, "ENV_Test_Probability to choose the right action_epoch14": 0.7544034110174582, "ENV_Test_Weighted right action_epoch14": 0.8430850986218547, "ENV_Test_Weighted probability to choose the right action:_epoch14": 0.7949312542902366, "ENV_Test_proba_accuracy_epoch14": 0.7544034110174583, "ENV_Test_proba_accuracy_strategy_132_epoch14": 0.7966723982234869, "ENV_Test_proba_accuracy_strategy_23_epoch14": 0.7552988372983211, "ENV_Test_proba_accuracy_strategy_107_epoch14": 0.8241583948029289, "ENV_Test_proba_accuracy_strategy_43_epoch14": 0.7559547219386706, "ENV_Test_proba_accuracy_strategy_17_epoch14": 0.7240348241210508, "ENV_Test_proba_accuracy_strategy_93_epoch14": 0.7625353236560608, "ENV_Test_proba_accuracy_per_mean_strategy_epoch14": 0.7697757500067532, "ENV_Test_proba_accuracy_per_mean_user_epoch14": 0.7667632055885822, "ENV_Test_proba_accuracy_per_mean_user_and_bot_epoch14": 0.794931254290237, "ENV_Test_accuracy_epoch14": 0.803776, "ENV_Test_accuracy_strategy_132_epoch14": 0.8379603399433427, "ENV_Test_accuracy_strategy_23_epoch14": 0.8057844562934238, "ENV_Test_accuracy_strategy_107_epoch14": 0.8669950738916257, "ENV_Test_accuracy_strategy_43_epoch14": 0.8034351145038168, "ENV_Test_accuracy_strategy_17_epoch14": 0.7754083484573503, "ENV_Test_accuracy_strategy_93_epoch14": 0.8170055452865065, "ENV_Test_accuracy_per_mean_strategy_epoch14": 0.8177648130626776, "ENV_Test_accuracy_per_mean_user_epoch14": 0.8126038356171513, "ENV_Test_accuracy_per_mean_user_and_bot_epoch14": 0.8430850986218553, "ENV_Train_TotalLoss_epoch15": 864.253196027552, "ENV_Train_Right action_epoch15": 0.8288346216748906, "ENV_Train_Probability to choose the right action_epoch15": 0.7598651464231668, "ENV_Train_Weighted right action_epoch15": 0.8288346216748906, "ENV_Train_Weighted probability to choose the right action:_epoch15": 0.7598651464231668, "ENV_Test_TotalLoss_epoch15": 217.4539293419809, "ENV_Test_Right action_epoch15": 0.801536, "ENV_Test_Probability to choose the right action_epoch15": 0.7507103450367106, "ENV_Test_Weighted right action_epoch15": 0.8426435524787282, "ENV_Test_Weighted probability to choose the right action:_epoch15": 0.7905706367214508, "ENV_Test_proba_accuracy_epoch15": 0.7507103450367115, "ENV_Test_proba_accuracy_strategy_132_epoch15": 0.7970341279291013, "ENV_Test_proba_accuracy_strategy_23_epoch15": 0.7518900610481641, "ENV_Test_proba_accuracy_strategy_107_epoch15": 0.8112119757629137, "ENV_Test_proba_accuracy_strategy_43_epoch15": 0.7532785758661619, "ENV_Test_proba_accuracy_strategy_17_epoch15": 0.7193608231173462, "ENV_Test_proba_accuracy_strategy_93_epoch15": 0.7583288306600579, "ENV_Test_proba_accuracy_per_mean_strategy_epoch15": 0.7651840657306243, "ENV_Test_proba_accuracy_per_mean_user_epoch15": 0.7633350462971314, "ENV_Test_proba_accuracy_per_mean_user_and_bot_epoch15": 0.7905706367214513, "ENV_Test_accuracy_epoch15": 0.801536, "ENV_Test_accuracy_strategy_132_epoch15": 0.8481586402266289, "ENV_Test_accuracy_strategy_23_epoch15": 0.8044918403619324, "ENV_Test_accuracy_strategy_107_epoch15": 0.8637110016420362, "ENV_Test_accuracy_strategy_43_epoch15": 0.7989821882951654, "ENV_Test_accuracy_strategy_17_epoch15": 0.770644283121597, "ENV_Test_accuracy_strategy_93_epoch15": 0.8031423290203327, "ENV_Test_accuracy_per_mean_strategy_epoch15": 0.8148550471112821, "ENV_Test_accuracy_per_mean_user_epoch15": 0.8117536182374704, "ENV_Test_accuracy_per_mean_user_and_bot_epoch15": 0.8426435524787294, "ENV_Train_TotalLoss_epoch16": 864.1732806042609, "ENV_Train_Right action_epoch16": 0.8293402292423819, "ENV_Train_Probability to choose the right action_epoch16": 0.7599013282924585, "ENV_Train_Weighted right action_epoch16": 0.8293402292423819, "ENV_Train_Weighted probability to choose the right action:_epoch16": 0.7599013282924585, "ENV_Test_TotalLoss_epoch16": 220.4168330469296, "ENV_Test_Right action_epoch16": 0.804224, "ENV_Test_Probability to choose the right action_epoch16": 0.7532298183264257, "ENV_Test_Weighted right action_epoch16": 0.8397368561679052, "ENV_Test_Weighted probability to choose the right action:_epoch16": 0.7924285534462102, "ENV_Test_proba_accuracy_epoch16": 0.7532298183264254, "ENV_Test_proba_accuracy_strategy_132_epoch16": 0.7973843761530898, "ENV_Test_proba_accuracy_strategy_23_epoch16": 0.7544951554992992, "ENV_Test_proba_accuracy_strategy_107_epoch16": 0.8176707843991358, "ENV_Test_proba_accuracy_strategy_43_epoch16": 0.7549680232864514, "ENV_Test_proba_accuracy_strategy_17_epoch16": 0.7230143055704316, "ENV_Test_proba_accuracy_strategy_93_epoch16": 0.7582658694964818, "ENV_Test_proba_accuracy_per_mean_strategy_epoch16": 0.7676330857341482, "ENV_Test_proba_accuracy_per_mean_user_epoch16": 0.7661677772397087, "ENV_Test_proba_accuracy_per_mean_user_and_bot_epoch16": 0.7924285534462104, "ENV_Test_accuracy_epoch16": 0.804224, "ENV_Test_accuracy_strategy_132_epoch16": 0.8447592067988668, "ENV_Test_accuracy_strategy_23_epoch16": 0.8082081111649702, "ENV_Test_accuracy_strategy_107_epoch16": 0.8686371100164204, "ENV_Test_accuracy_strategy_43_epoch16": 0.7958015267175572, "ENV_Test_accuracy_strategy_17_epoch16": 0.7758620689655172, "ENV_Test_accuracy_strategy_93_epoch16": 0.8068391866913124, "ENV_Test_accuracy_per_mean_strategy_epoch16": 0.8166845350591073, "ENV_Test_accuracy_per_mean_user_epoch16": 0.8151266840702219, "ENV_Test_accuracy_per_mean_user_and_bot_epoch16": 0.839736856167905, "ENV_Train_TotalLoss_epoch17": 864.7184218185388, "ENV_Train_Right action_epoch17": 0.8297060426888078, "ENV_Train_Probability to choose the right action_epoch17": 0.7595938506945215, "ENV_Train_Weighted right action_epoch17": 0.8297060426888078, "ENV_Train_Weighted probability to choose the right action:_epoch17": 0.7595938506945215, "ENV_Test_TotalLoss_epoch17": 216.7390706151891, "ENV_Test_Right action_epoch17": 0.806528, "ENV_Test_Probability to choose the right action_epoch17": 0.7509285171755091, "ENV_Test_Weighted right action_epoch17": 0.8452975880169805, "ENV_Test_Weighted probability to choose the right action:_epoch17": 0.7901285858440403, "ENV_Test_proba_accuracy_epoch17": 0.7509285171755099, "ENV_Test_proba_accuracy_strategy_132_epoch17": 0.7925471782341592, "ENV_Test_proba_accuracy_strategy_23_epoch17": 0.7529044585168295, "ENV_Test_proba_accuracy_strategy_107_epoch17": 0.8164942666436581, "ENV_Test_proba_accuracy_strategy_43_epoch17": 0.7531641179471072, "ENV_Test_proba_accuracy_strategy_17_epoch17": 0.7190869922570254, "ENV_Test_proba_accuracy_strategy_93_epoch17": 0.7613051329534051, "ENV_Test_proba_accuracy_per_mean_strategy_epoch17": 0.7659170244253642, "ENV_Test_proba_accuracy_per_mean_user_epoch17": 0.7628573704247926, "ENV_Test_proba_accuracy_per_mean_user_and_bot_epoch17": 0.7901285858440403, "ENV_Test_accuracy_epoch17": 0.806528, "ENV_Test_accuracy_strategy_132_epoch17": 0.8402266288951842, "ENV_Test_accuracy_strategy_23_epoch17": 0.8088544191307158, "ENV_Test_accuracy_strategy_107_epoch17": 0.8735632183908046, "ENV_Test_accuracy_strategy_43_epoch17": 0.8097964376590331, "ENV_Test_accuracy_strategy_17_epoch17": 0.7760889292196007, "ENV_Test_accuracy_strategy_93_epoch17": 0.8197781885397413, "ENV_Test_accuracy_per_mean_strategy_epoch17": 0.8213846369725134, "ENV_Test_accuracy_per_mean_user_epoch17": 0.8171201248230759, "ENV_Test_accuracy_per_mean_user_and_bot_epoch17": 0.8452975880169811, "ENV_Train_TotalLoss_epoch18": 867.7667411257198, "ENV_Train_Right action_epoch18": 0.8290757148047737, "ENV_Train_Probability to choose the right action_epoch18": 0.758812953226454, "ENV_Train_Weighted right action_epoch18": 0.8290757148047737, "ENV_Train_Weighted probability to choose the right action:_epoch18": 0.758812953226454, "ENV_Test_TotalLoss_epoch18": 219.28403235250386, "ENV_Test_Right action_epoch18": 0.80064, "ENV_Test_Probability to choose the right action_epoch18": 0.7487094256677378, "ENV_Test_Weighted right action_epoch18": 0.8441625099768012, "ENV_Test_Weighted probability to choose the right action:_epoch18": 0.7927291963308062, "ENV_Test_proba_accuracy_epoch18": 0.7487094256677382, "ENV_Test_proba_accuracy_strategy_132_epoch18": 0.7979436935066752, "ENV_Test_proba_accuracy_strategy_23_epoch18": 0.747832492097247, "ENV_Test_proba_accuracy_strategy_107_epoch18": 0.8155467482719173, "ENV_Test_proba_accuracy_strategy_43_epoch18": 0.751711483711616, "ENV_Test_proba_accuracy_strategy_17_epoch18": 0.7173024371815799, "ENV_Test_proba_accuracy_strategy_93_epoch18": 0.7593819761927924, "ENV_Test_proba_accuracy_per_mean_strategy_epoch18": 0.764953138493638, "ENV_Test_proba_accuracy_per_mean_user_epoch18": 0.7632420330724, "ENV_Test_proba_accuracy_per_mean_user_and_bot_epoch18": 0.7927291963308063, "ENV_Test_accuracy_epoch18": 0.80064, "ENV_Test_accuracy_strategy_132_epoch18": 0.8464589235127479, "ENV_Test_accuracy_strategy_23_epoch18": 0.8009371465503312, "ENV_Test_accuracy_strategy_107_epoch18": 0.8604269293924466, "ENV_Test_accuracy_strategy_43_epoch18": 0.8097964376590331, "ENV_Test_accuracy_strategy_17_epoch18": 0.7701905626134301, "ENV_Test_accuracy_strategy_93_epoch18": 0.8012939001848429, "ENV_Test_accuracy_per_mean_strategy_epoch18": 0.814850649985472, "ENV_Test_accuracy_per_mean_user_epoch18": 0.8157978305916072, "ENV_Test_accuracy_per_mean_user_and_bot_epoch18": 0.8441625099768019, "ENV_Train_TotalLoss_epoch19": 858.2778222101305, "ENV_Train_Right action_epoch19": 0.8294520547945206, "ENV_Train_Probability to choose the right action_epoch19": 0.7610511810983065, "ENV_Train_Weighted right action_epoch19": 0.8294520547945206, "ENV_Train_Weighted probability to choose the right action:_epoch19": 0.7610511810983065, "ENV_Test_TotalLoss_epoch19": 220.7738766983855, "ENV_Test_Right action_epoch19": 0.80512, "ENV_Test_Probability to choose the right action_epoch19": 0.7507895071547106, "ENV_Test_Weighted right action_epoch19": 0.8387587710395932, "ENV_Test_Weighted probability to choose the right action:_epoch19": 0.7876405388886618, "ENV_Test_proba_accuracy_epoch19": 0.7507895071547113, "ENV_Test_proba_accuracy_strategy_132_epoch19": 0.7879527241984269, "ENV_Test_proba_accuracy_strategy_23_epoch19": 0.7543968182210433, "ENV_Test_proba_accuracy_strategy_107_epoch19": 0.8174781530482177, "ENV_Test_proba_accuracy_strategy_43_epoch19": 0.7521666395757982, "ENV_Test_proba_accuracy_strategy_17_epoch19": 0.7196509398563946, "ENV_Test_proba_accuracy_strategy_93_epoch19": 0.756854055088352, "ENV_Test_proba_accuracy_per_mean_strategy_epoch19": 0.7647498883313721, "ENV_Test_proba_accuracy_per_mean_user_epoch19": 0.7629123902157045, "ENV_Test_proba_accuracy_per_mean_user_and_bot_epoch19": 0.7876405388886629, "ENV_Test_accuracy_epoch19": 0.80512, "ENV_Test_accuracy_strategy_132_epoch19": 0.8322946175637393, "ENV_Test_accuracy_strategy_23_epoch19": 0.8141864598481177, "ENV_Test_accuracy_strategy_107_epoch19": 0.8637110016420362, "ENV_Test_accuracy_strategy_43_epoch19": 0.8059796437659033, "ENV_Test_accuracy_strategy_17_epoch19": 0.772912885662432, "ENV_Test_accuracy_strategy_93_epoch19": 0.8059149722735675, "ENV_Test_accuracy_per_mean_strategy_epoch19": 0.8158332634592993, "ENV_Test_accuracy_per_mean_user_epoch19": 0.8154182915834064, "ENV_Test_accuracy_per_mean_user_and_bot_epoch19": 0.8387587710395927, "ENV_Train_TotalLoss_epoch20": 849.9504889163857, "ENV_Train_Right action_epoch20": 0.8323175845680738, "ENV_Train_Probability to choose the right action_epoch20": 0.7633361698280804, "ENV_Train_Weighted right action_epoch20": 0.8323175845680738, "ENV_Train_Weighted probability to choose the right action:_epoch20": 0.7633361698280804, "ENV_Test_TotalLoss_epoch20": 223.091507785196, "ENV_Test_Right action_epoch20": 0.804736, "ENV_Test_Probability to choose the right action_epoch20": 0.7594469626636696, "ENV_Test_Weighted right action_epoch20": 0.8404862241754819, "ENV_Test_Weighted probability to choose the right action:_epoch20": 0.7980073193552232, "ENV_Test_proba_accuracy_epoch20": 0.7594469626636694, "ENV_Test_proba_accuracy_strategy_132_epoch20": 0.7996742837219603, "ENV_Test_proba_accuracy_strategy_23_epoch20": 0.7631544848876084, "ENV_Test_proba_accuracy_strategy_107_epoch20": 0.8205281090848119, "ENV_Test_proba_accuracy_strategy_43_epoch20": 0.7629568273015733, "ENV_Test_proba_accuracy_strategy_17_epoch20": 0.7281253800399504, "ENV_Test_proba_accuracy_strategy_93_epoch20": 0.7607432049115898, "ENV_Test_proba_accuracy_per_mean_strategy_epoch20": 0.7725303816579157, "ENV_Test_proba_accuracy_per_mean_user_epoch20": 0.7718424027473345, "ENV_Test_proba_accuracy_per_mean_user_and_bot_epoch20": 0.7980073193552235, "ENV_Test_accuracy_epoch20": 0.804736, "ENV_Test_accuracy_strategy_132_epoch20": 0.8294617563739377, "ENV_Test_accuracy_strategy_23_epoch20": 0.8120859589594441, "ENV_Test_accuracy_strategy_107_epoch20": 0.8604269293924466, "ENV_Test_accuracy_strategy_43_epoch20": 0.8015267175572519, "ENV_Test_accuracy_strategy_17_epoch20": 0.7767695099818511, "ENV_Test_accuracy_strategy_93_epoch20": 0.8096118299445472, "ENV_Test_accuracy_per_mean_strategy_epoch20": 0.8149804503682465, "ENV_Test_accuracy_per_mean_user_epoch20": 0.815539384887379, "ENV_Test_accuracy_per_mean_user_and_bot_epoch20": 0.8404862241754814, "ENV_Train_TotalLoss_epoch21": 867.5666902996217, "ENV_Train_Right action_epoch21": 0.8307290210767596, "ENV_Train_Probability to choose the right action_epoch21": 0.75962806185905, "ENV_Train_Weighted right action_epoch21": 0.8307290210767596, "ENV_Train_Weighted probability to choose the right action:_epoch21": 0.75962806185905, "ENV_Test_TotalLoss_epoch21": 217.4140880194071, "ENV_Test_Right action_epoch21": 0.80736, "ENV_Test_Probability to choose the right action_epoch21": 0.751703781921182, "ENV_Test_Weighted right action_epoch21": 0.8421155359228104, "ENV_Test_Weighted probability to choose the right action:_epoch21": 0.7895173023919078, "ENV_Test_proba_accuracy_epoch21": 0.751703781921182, "ENV_Test_proba_accuracy_strategy_132_epoch21": 0.7947313260203525, "ENV_Test_proba_accuracy_strategy_23_epoch21": 0.7534648788176839, "ENV_Test_proba_accuracy_strategy_107_epoch21": 0.8105055431071884, "ENV_Test_proba_accuracy_strategy_43_epoch21": 0.7557449574681844, "ENV_Test_proba_accuracy_strategy_17_epoch21": 0.7209620158165042, "ENV_Test_proba_accuracy_strategy_93_epoch21": 0.7577145586677331, "ENV_Test_proba_accuracy_per_mean_strategy_epoch21": 0.7655205466496078, "ENV_Test_proba_accuracy_per_mean_user_epoch21": 0.763356223765603, "ENV_Test_proba_accuracy_per_mean_user_and_bot_epoch21": 0.7895173023919072, "ENV_Test_accuracy_epoch21": 0.80736, "ENV_Test_accuracy_strategy_132_epoch21": 0.8379603399433427, "ENV_Test_accuracy_strategy_23_epoch21": 0.812409112942317, "ENV_Test_accuracy_strategy_107_epoch21": 0.8735632183908046, "ENV_Test_accuracy_strategy_43_epoch21": 0.8085241730279898, "ENV_Test_accuracy_strategy_17_epoch21": 0.7767695099818511, "ENV_Test_accuracy_strategy_93_epoch21": 0.8142329020332717, "ENV_Test_accuracy_per_mean_strategy_epoch21": 0.8205765427199295, "ENV_Test_accuracy_per_mean_user_epoch21": 0.8160725165998773, "ENV_Test_accuracy_per_mean_user_and_bot_epoch21": 0.8421155359228099, "ENV_Train_TotalLoss_epoch22": 853.6366862761957, "ENV_Train_Right action_epoch22": 0.8314788929270338, "ENV_Train_Probability to choose the right action_epoch22": 0.7629222173429229, "ENV_Train_Weighted right action_epoch22": 0.8314788929270338, "ENV_Train_Weighted probability to choose the right action:_epoch22": 0.7629222173429229, "ENV_Test_TotalLoss_epoch22": 211.79128886742788, "ENV_Test_Right action_epoch22": 0.807488, "ENV_Test_Probability to choose the right action_epoch22": 0.7476947427747926, "ENV_Test_Weighted right action_epoch22": 0.8442325151956359, "ENV_Test_Weighted probability to choose the right action:_epoch22": 0.7855767290015175, "ENV_Test_proba_accuracy_epoch22": 0.747694742774793, "ENV_Test_proba_accuracy_strategy_132_epoch22": 0.7919395659897698, "ENV_Test_proba_accuracy_strategy_23_epoch22": 0.7486633828464775, "ENV_Test_proba_accuracy_strategy_107_epoch22": 0.8059137309292262, "ENV_Test_proba_accuracy_strategy_43_epoch22": 0.7509214773616091, "ENV_Test_proba_accuracy_strategy_17_epoch22": 0.7171173875555501, "ENV_Test_proba_accuracy_strategy_93_epoch22": 0.7570941557801634, "ENV_Test_proba_accuracy_per_mean_strategy_epoch22": 0.7619416167437993, "ENV_Test_proba_accuracy_per_mean_user_epoch22": 0.7590431317666013, "ENV_Test_proba_accuracy_per_mean_user_and_bot_epoch22": 0.7855767290015168, "ENV_Test_accuracy_epoch22": 0.807488, "ENV_Test_accuracy_strategy_132_epoch22": 0.8470254957507082, "ENV_Test_accuracy_strategy_23_epoch22": 0.8117628049765714, "ENV_Test_accuracy_strategy_107_epoch22": 0.8735632183908046, "ENV_Test_accuracy_strategy_43_epoch22": 0.8002544529262087, "ENV_Test_accuracy_strategy_17_epoch22": 0.7765426497277677, "ENV_Test_accuracy_strategy_93_epoch22": 0.8179297597042514, "ENV_Test_accuracy_per_mean_strategy_epoch22": 0.8211797302460521, "ENV_Test_accuracy_per_mean_user_epoch22": 0.8174715789370491, "ENV_Test_accuracy_per_mean_user_and_bot_epoch22": 0.8442325151956365, "ENV_Train_TotalLoss_epoch23": 853.9514783681315, "ENV_Train_Right action_epoch23": 0.8303002348205301, "ENV_Train_Probability to choose the right action_epoch23": 0.7626242224460855, "ENV_Train_Weighted right action_epoch23": 0.8303002348205301, "ENV_Train_Weighted probability to choose the right action:_epoch23": 0.7626242224460855, "ENV_Test_TotalLoss_epoch23": 215.13616286007422, "ENV_Test_Right action_epoch23": 0.80832, "ENV_Test_Probability to choose the right action_epoch23": 0.7535813709510785, "ENV_Test_Weighted right action_epoch23": 0.8444181386026036, "ENV_Test_Weighted probability to choose the right action:_epoch23": 0.7928663106517339, "ENV_Test_proba_accuracy_epoch23": 0.753581370951079, "ENV_Test_proba_accuracy_strategy_132_epoch23": 0.7964020857062539, "ENV_Test_proba_accuracy_strategy_23_epoch23": 0.7545914056813892, "ENV_Test_proba_accuracy_strategy_107_epoch23": 0.8166139754460756, "ENV_Test_proba_accuracy_strategy_43_epoch23": 0.758964757300705, "ENV_Test_proba_accuracy_strategy_17_epoch23": 0.7236944982846265, "ENV_Test_proba_accuracy_strategy_93_epoch23": 0.7564114344870178, "ENV_Test_proba_accuracy_per_mean_strategy_epoch23": 0.767779692817678, "ENV_Test_proba_accuracy_per_mean_user_epoch23": 0.7656080879453415, "ENV_Test_proba_accuracy_per_mean_user_and_bot_epoch23": 0.7928663106517339, "ENV_Test_accuracy_epoch23": 0.80832, "ENV_Test_accuracy_strategy_132_epoch23": 0.8447592067988668, "ENV_Test_accuracy_strategy_23_epoch23": 0.8128938439166262, "ENV_Test_accuracy_strategy_107_epoch23": 0.8604269293924466, "ENV_Test_accuracy_strategy_43_epoch23": 0.8053435114503816, "ENV_Test_accuracy_strategy_17_epoch23": 0.7797186932849365, "ENV_Test_accuracy_strategy_93_epoch23": 0.8142329020332717, "ENV_Test_accuracy_per_mean_strategy_epoch23": 0.8195625144794216, "ENV_Test_accuracy_per_mean_user_epoch23": 0.8186199711255038, "ENV_Test_accuracy_per_mean_user_and_bot_epoch23": 0.8444181386026043, "ENV_Train_TotalLoss_epoch24": 848.5988523955904, "ENV_Train_Right action_epoch24": 0.8317561050615748, "ENV_Train_Probability to choose the right action_epoch24": 0.7644833902264424, "ENV_Train_Weighted right action_epoch24": 0.8317561050615748, "ENV_Train_Weighted probability to choose the right action:_epoch24": 0.7644833902264424, "ENV_Test_TotalLoss_epoch24": 221.42608401853587, "ENV_Test_Right action_epoch24": 0.806912, "ENV_Test_Probability to choose the right action_epoch24": 0.7438489751385452, "ENV_Test_Weighted right action_epoch24": 0.842959179225011, "ENV_Test_Weighted probability to choose the right action:_epoch24": 0.7859066650100619, "ENV_Test_proba_accuracy_epoch24": 0.7438489751385448, "ENV_Test_proba_accuracy_strategy_132_epoch24": 0.7887015854667575, "ENV_Test_proba_accuracy_strategy_23_epoch24": 0.7449607844385896, "ENV_Test_proba_accuracy_strategy_107_epoch24": 0.8152071616342772, "ENV_Test_proba_accuracy_strategy_43_epoch24": 0.7542142124528474, "ENV_Test_proba_accuracy_strategy_17_epoch24": 0.7098602190218031, "ENV_Test_proba_accuracy_strategy_93_epoch24": 0.7475692185224081, "ENV_Test_proba_accuracy_per_mean_strategy_epoch24": 0.7600855302561138, "ENV_Test_proba_accuracy_per_mean_user_epoch24": 0.7568934144647432, "ENV_Test_proba_accuracy_per_mean_user_and_bot_epoch24": 0.785906665010062, "ENV_Test_accuracy_epoch24": 0.806912, "ENV_Test_accuracy_strategy_132_epoch24": 0.8356940509915014, "ENV_Test_accuracy_strategy_23_epoch24": 0.8125706899337535, "ENV_Test_accuracy_strategy_107_epoch24": 0.8669950738916257, "ENV_Test_accuracy_strategy_43_epoch24": 0.8110687022900763, "ENV_Test_accuracy_strategy_17_epoch24": 0.7767695099818511, "ENV_Test_accuracy_strategy_93_epoch24": 0.8105360443622921, "ENV_Test_accuracy_per_mean_strategy_epoch24": 0.8189390119085166, "ENV_Test_accuracy_per_mean_user_epoch24": 0.8161985842598156, "ENV_Test_accuracy_per_mean_user_and_bot_epoch24": 0.8429591792250105, "_wandb": {"runtime": 4025}}