{"ENV_Train_TotalLoss": 514.562203259958, "ENV_Train_TotalLoss_epoch0": 1073.4054860502565, "ENV_Train_Right action": 0.9036888969652916, "ENV_Train_Right action_epoch0": 0.7750352905002167, "ENV_Train_Probability to choose the right action": 0.8611664022568195, "ENV_Train_Probability to choose the right action_epoch0": 0.6883764102295978, "ENV_Train_Weighted right action": 0.9036888969652916, "ENV_Train_Weighted right action_epoch0": 0.7750352905002167, "ENV_Train_Weighted probability to choose the right action:": 0.8611664022568195, "ENV_Train_Weighted probability to choose the right action:_epoch0": 0.6883764102295978, "_timestamp": 1720396545.4188948, "_runtime": 1980.5401186943054, "_step": 49, "ENV_Test_TotalLoss": 222.5963435735037, "ENV_Test_TotalLoss_epoch0": 218.16810476505526, "ENV_Test_Right action": 0.836672, "ENV_Test_Right action_epoch0": 0.796672, "ENV_Test_Probability to choose the right action": 0.8093198116931336, "ENV_Test_Probability to choose the right action_epoch0": 0.746814522360289, "ENV_Test_Weighted right action": 0.864710220855873, "ENV_Test_Weighted right action_epoch0": 0.8415577890140477, "ENV_Test_Weighted probability to choose the right action:": 0.8386444012110141, "ENV_Test_Weighted probability to choose the right action:_epoch0": 0.7870512344675898, "ENV_Test_proba_accuracy": 0.8093198116931333, "ENV_Test_proba_accuracy_epoch0": 0.7468145223602897, "ENV_Test_proba_accuracy_strategy_132": 0.8451601376207997, "ENV_Test_proba_accuracy_strategy_132_epoch0": 0.7893175433947858, "ENV_Test_proba_accuracy_strategy_23": 0.8090591511908495, "ENV_Test_proba_accuracy_strategy_23_epoch0": 0.7467130381662326, "ENV_Test_proba_accuracy_strategy_107": 0.8579754148195774, "ENV_Test_proba_accuracy_strategy_107_epoch0": 0.8267764610441344, "ENV_Test_proba_accuracy_strategy_43": 0.8082696857224447, "ENV_Test_proba_accuracy_strategy_43_epoch0": 0.7519541656537752, "ENV_Test_proba_accuracy_strategy_17": 0.7883270251175061, "ENV_Test_proba_accuracy_strategy_17_epoch0": 0.7154728219091401, "ENV_Test_proba_accuracy_strategy_93": 0.812010007195523, "ENV_Test_proba_accuracy_strategy_93_epoch0": 0.7532730521421562, "ENV_Test_proba_accuracy_per_mean_strategy": 0.8201335702777834, "ENV_Test_proba_accuracy_per_mean_strategy_epoch0": 0.7639178470517041, "ENV_Test_proba_accuracy_per_mean_user": 0.8182904979868262, "ENV_Test_proba_accuracy_per_mean_user_epoch0": 0.7590682224271673, "ENV_Test_proba_accuracy_per_mean_user_and_bot": 0.8386444012110146, "ENV_Test_proba_accuracy_per_mean_user_and_bot_epoch0": 0.7870512344675904, "ENV_Test_accuracy": 0.836672, "ENV_Test_accuracy_epoch0": 0.796672, "ENV_Test_accuracy_strategy_132": 0.8708215297450425, "ENV_Test_accuracy_strategy_132_epoch0": 0.8368271954674221, "ENV_Test_accuracy_strategy_23": 0.8343835837776701, "ENV_Test_accuracy_strategy_23_epoch0": 0.7988366456616578, "ENV_Test_accuracy_strategy_107": 0.8850574712643678, "ENV_Test_accuracy_strategy_107_epoch0": 0.8735632183908046, "ENV_Test_accuracy_strategy_43": 0.8326972010178118, "ENV_Test_accuracy_strategy_43_epoch0": 0.8078880407124682, "ENV_Test_accuracy_strategy_17": 0.8203266787658802, "ENV_Test_accuracy_strategy_17_epoch0": 0.7615698729582577, "ENV_Test_accuracy_strategy_93": 0.8391866913123844, "ENV_Test_accuracy_strategy_93_epoch0": 0.8022181146025879, "ENV_Test_accuracy_per_mean_strategy": 0.8470788593138595, "ENV_Test_accuracy_per_mean_strategy_epoch0": 0.8134838479655331, "ENV_Test_accuracy_per_mean_user": 0.8458757393556013, "ENV_Test_accuracy_per_mean_user_epoch0": 0.8103875778090475, "ENV_Test_accuracy_per_mean_user_and_bot": 0.8647102208558728, "ENV_Test_accuracy_per_mean_user_and_bot_epoch0": 0.8415577890140477, "ENV_Train_TotalLoss_epoch1": 938.5812729145306, "ENV_Train_Right action_epoch1": 0.8131279958634375, "ENV_Train_Probability to choose the right action_epoch1": 0.7363733031549037, "ENV_Train_Weighted right action_epoch1": 0.8131279958634375, "ENV_Train_Weighted probability to choose the right action:_epoch1": 0.7363733031549037, "ENV_Test_TotalLoss_epoch1": 205.00709621009347, "ENV_Test_Right action_epoch1": 0.813632, "ENV_Test_Probability to choose the right action_epoch1": 0.7593581457116156, "ENV_Test_Weighted right action_epoch1": 0.8533283706530606, "ENV_Test_Weighted probability to choose the right action:_epoch1": 0.794251541541379, "ENV_Test_proba_accuracy_epoch1": 0.7593581457116162, "ENV_Test_proba_accuracy_strategy_132_epoch1": 0.7995886842268746, "ENV_Test_proba_accuracy_strategy_23_epoch1": 0.7613613994728595, "ENV_Test_proba_accuracy_strategy_107_epoch1": 0.8343098267789565, "ENV_Test_proba_accuracy_strategy_43_epoch1": 0.760823115307127, "ENV_Test_proba_accuracy_strategy_17_epoch1": 0.7290861686444867, "ENV_Test_proba_accuracy_strategy_93_epoch1": 0.7612854386228814, "ENV_Test_proba_accuracy_per_mean_strategy_epoch1": 0.7744091055088642, "ENV_Test_proba_accuracy_per_mean_user_epoch1": 0.769054639933025, "ENV_Test_proba_accuracy_per_mean_user_and_bot_epoch1": 0.7942515415413798, "ENV_Test_accuracy_epoch1": 0.813632, "ENV_Test_accuracy_strategy_132_epoch1": 0.8458923512747876, "ENV_Test_accuracy_strategy_23_epoch1": 0.8180643076425917, "ENV_Test_accuracy_strategy_107_epoch1": 0.8916256157635468, "ENV_Test_accuracy_strategy_43_epoch1": 0.8136132315521628, "ENV_Test_accuracy_strategy_17_epoch1": 0.7817604355716878, "ENV_Test_accuracy_strategy_93_epoch1": 0.821626617375231, "ENV_Test_accuracy_per_mean_strategy_epoch1": 0.8287637598633347, "ENV_Test_accuracy_per_mean_user_epoch1": 0.8229764038611727, "ENV_Test_accuracy_per_mean_user_and_bot_epoch1": 0.8533283706530594, "ENV_Train_TotalLoss_epoch2": 895.8441377175131, "ENV_Train_Right action_epoch2": 0.8222212903947221, "ENV_Train_Probability to choose the right action_epoch2": 0.7494464713121901, "ENV_Train_Weighted right action_epoch2": 0.8222212903947221, "ENV_Train_Weighted probability to choose the right action:_epoch2": 0.7494464713121901, "ENV_Test_TotalLoss_epoch2": 197.7950927070105, "ENV_Test_Right action_epoch2": 0.818176, "ENV_Test_Probability to choose the right action_epoch2": 0.760745495490437, "ENV_Test_Weighted right action_epoch2": 0.8559656997893572, "ENV_Test_Weighted probability to choose the right action:_epoch2": 0.7969706784456905, "ENV_Test_proba_accuracy_epoch2": 0.7607454954904374, "ENV_Test_proba_accuracy_strategy_132_epoch2": 0.8041487739681878, "ENV_Test_proba_accuracy_strategy_23_epoch2": 0.7622571746011595, "ENV_Test_proba_accuracy_strategy_107_epoch2": 0.8335957768075533, "ENV_Test_proba_accuracy_strategy_43_epoch2": 0.7614471618537374, "ENV_Test_proba_accuracy_strategy_17_epoch2": 0.7316121420960685, "ENV_Test_proba_accuracy_strategy_93_epoch2": 0.7579621427988077, "ENV_Test_proba_accuracy_per_mean_strategy_epoch2": 0.7751705286875857, "ENV_Test_proba_accuracy_per_mean_user_epoch2": 0.7701159769373, "ENV_Test_proba_accuracy_per_mean_user_and_bot_epoch2": 0.7969706784456906, "ENV_Test_accuracy_epoch2": 0.818176, "ENV_Test_accuracy_strategy_132_epoch2": 0.854957507082153, "ENV_Test_accuracy_strategy_23_epoch2": 0.8201648085312652, "ENV_Test_accuracy_strategy_107_epoch2": 0.8883415435139573, "ENV_Test_accuracy_strategy_43_epoch2": 0.8199745547073791, "ENV_Test_accuracy_strategy_17_epoch2": 0.7915154264972777, "ENV_Test_accuracy_strategy_93_epoch2": 0.8133086876155268, "ENV_Test_accuracy_per_mean_strategy_epoch2": 0.8313770879912599, "ENV_Test_accuracy_per_mean_user_epoch2": 0.8261748123585063, "ENV_Test_accuracy_per_mean_user_and_bot_epoch2": 0.855965699789358, "ENV_Train_TotalLoss_epoch3": 855.956823170062, "ENV_Train_Right action_epoch3": 0.8294380766005032, "ENV_Train_Probability to choose the right action_epoch3": 0.7608419695826287, "ENV_Train_Weighted right action_epoch3": 0.8294380766005032, "ENV_Train_Weighted probability to choose the right action:_epoch3": 0.7608419695826287, "ENV_Test_TotalLoss_epoch3": 197.0010612343394, "ENV_Test_Right action_epoch3": 0.823808, "ENV_Test_Probability to choose the right action_epoch3": 0.7689304821655722, "ENV_Test_Weighted right action_epoch3": 0.8522797908052284, "ENV_Test_Weighted probability to choose the right action:_epoch3": 0.799625572503679, "ENV_Test_proba_accuracy_epoch3": 0.7689304821655732, "ENV_Test_proba_accuracy_strategy_132_epoch3": 0.8014002079743191, "ENV_Test_proba_accuracy_strategy_23_epoch3": 0.7728242431692396, "ENV_Test_proba_accuracy_strategy_107_epoch3": 0.8405245512274366, "ENV_Test_proba_accuracy_strategy_43_epoch3": 0.7656165926504511, "ENV_Test_proba_accuracy_strategy_17_epoch3": 0.7425327032375632, "ENV_Test_proba_accuracy_strategy_93_epoch3": 0.7657534977567358, "ENV_Test_proba_accuracy_per_mean_strategy_epoch3": 0.7814419660026242, "ENV_Test_proba_accuracy_per_mean_user_epoch3": 0.7772380804822312, "ENV_Test_proba_accuracy_per_mean_user_and_bot_epoch3": 0.7996255725036785, "ENV_Test_accuracy_epoch3": 0.823808, "ENV_Test_accuracy_strategy_132_epoch3": 0.8464589235127479, "ENV_Test_accuracy_strategy_23_epoch3": 0.8327678138633059, "ENV_Test_accuracy_strategy_107_epoch3": 0.896551724137931, "ENV_Test_accuracy_strategy_43_epoch3": 0.816793893129771, "ENV_Test_accuracy_strategy_17_epoch3": 0.7974137931034483, "ENV_Test_accuracy_strategy_93_epoch3": 0.8123844731977818, "ENV_Test_accuracy_per_mean_strategy_epoch3": 0.8337284368241643, "ENV_Test_accuracy_per_mean_user_epoch3": 0.8297211161313133, "ENV_Test_accuracy_per_mean_user_and_bot_epoch3": 0.8522797908052288, "ENV_Train_TotalLoss_epoch4": 828.3698702564787, "ENV_Train_Right action_epoch4": 0.8373195040467437, "ENV_Train_Probability to choose the right action_epoch4": 0.7696392850447851, "ENV_Train_Weighted right action_epoch4": 0.8373195040467437, "ENV_Train_Weighted probability to choose the right action:_epoch4": 0.7696392850447851, "ENV_Test_TotalLoss_epoch4": 192.27158755046804, "ENV_Test_Right action_epoch4": 0.828544, "ENV_Test_Probability to choose the right action_epoch4": 0.7765594024224711, "ENV_Test_Weighted right action_epoch4": 0.8613877380102788, "ENV_Test_Weighted probability to choose the right action:_epoch4": 0.8080143455767687, "ENV_Test_proba_accuracy_epoch4": 0.7765594024224703, "ENV_Test_proba_accuracy_strategy_132_epoch4": 0.8133472272013814, "ENV_Test_proba_accuracy_strategy_23_epoch4": 0.778434375969802, "ENV_Test_proba_accuracy_strategy_107_epoch4": 0.8460200327006634, "ENV_Test_proba_accuracy_strategy_43_epoch4": 0.7722776606156699, "ENV_Test_proba_accuracy_strategy_17_epoch4": 0.7516814491418984, "ENV_Test_proba_accuracy_strategy_93_epoch4": 0.7743012419071459, "ENV_Test_proba_accuracy_per_mean_strategy_epoch4": 0.7893436645894267, "ENV_Test_proba_accuracy_per_mean_user_epoch4": 0.7847503820924039, "ENV_Test_proba_accuracy_per_mean_user_and_bot_epoch4": 0.8080143455767688, "ENV_Test_accuracy_epoch4": 0.828544, "ENV_Test_accuracy_strategy_132_epoch4": 0.8628895184135977, "ENV_Test_accuracy_strategy_23_epoch4": 0.8311520439489417, "ENV_Test_accuracy_strategy_107_epoch4": 0.9080459770114943, "ENV_Test_accuracy_strategy_43_epoch4": 0.8263358778625954, "ENV_Test_accuracy_strategy_17_epoch4": 0.8026315789473685, "ENV_Test_accuracy_strategy_93_epoch4": 0.821626617375231, "ENV_Test_accuracy_per_mean_strategy_epoch4": 0.8421136022598713, "ENV_Test_accuracy_per_mean_user_epoch4": 0.8357090078601545, "ENV_Test_accuracy_per_mean_user_and_bot_epoch4": 0.861387738010279, "ENV_Train_TotalLoss_epoch5": 799.1464630812059, "ENV_Train_Right action_epoch5": 0.8429130556332122, "ENV_Train_Probability to choose the right action_epoch5": 0.77823946424616, "ENV_Train_Weighted right action_epoch5": 0.8429130556332122, "ENV_Train_Weighted probability to choose the right action:_epoch5": 0.77823946424616, "ENV_Test_TotalLoss_epoch5": 188.90169038094024, "ENV_Test_Right action_epoch5": 0.833408, "ENV_Test_Probability to choose the right action_epoch5": 0.7816975217986671, "ENV_Test_Weighted right action_epoch5": 0.8631467573483937, "ENV_Test_Weighted probability to choose the right action:_epoch5": 0.8145903879199339, "ENV_Test_proba_accuracy_epoch5": 0.7816975217986679, "ENV_Test_proba_accuracy_strategy_132_epoch5": 0.8195137850809632, "ENV_Test_proba_accuracy_strategy_23_epoch5": 0.7824616377623798, "ENV_Test_proba_accuracy_strategy_107_epoch5": 0.8485294959860018, "ENV_Test_proba_accuracy_strategy_43_epoch5": 0.7779071161154316, "ENV_Test_proba_accuracy_strategy_17_epoch5": 0.7579117081752831, "ENV_Test_proba_accuracy_strategy_93_epoch5": 0.7804321738441191, "ENV_Test_proba_accuracy_per_mean_strategy_epoch5": 0.7944593194940297, "ENV_Test_proba_accuracy_per_mean_user_epoch5": 0.7906555643618555, "ENV_Test_proba_accuracy_per_mean_user_and_bot_epoch5": 0.8145903879199339, "ENV_Test_accuracy_epoch5": 0.833408, "ENV_Test_accuracy_strategy_132_epoch5": 0.8583569405099151, "ENV_Test_accuracy_strategy_23_epoch5": 0.8368072386492164, "ENV_Test_accuracy_strategy_107_epoch5": 0.896551724137931, "ENV_Test_accuracy_strategy_43_epoch5": 0.8282442748091603, "ENV_Test_accuracy_strategy_17_epoch5": 0.8119328493647913, "ENV_Test_accuracy_strategy_93_epoch5": 0.83271719038817, "ENV_Test_accuracy_per_mean_strategy_epoch5": 0.8441017029765306, "ENV_Test_accuracy_per_mean_user_epoch5": 0.8392257566271966, "ENV_Test_accuracy_per_mean_user_and_bot_epoch5": 0.8631467573483942, "ENV_Train_TotalLoss_epoch6": 772.1112120336196, "ENV_Train_Right action_epoch6": 0.8499769453254901, "ENV_Train_Probability to choose the right action_epoch6": 0.7863423469104597, "ENV_Train_Weighted right action_epoch6": 0.8499769453254901, "ENV_Train_Weighted probability to choose the right action:_epoch6": 0.7863423469104597, "ENV_Test_TotalLoss_epoch6": 190.25462699092628, "ENV_Test_Right action_epoch6": 0.833856, "ENV_Test_Probability to choose the right action_epoch6": 0.7904162005636324, "ENV_Test_Weighted right action_epoch6": 0.8634256965003518, "ENV_Test_Weighted probability to choose the right action:_epoch6": 0.8185423865587864, "ENV_Test_proba_accuracy_epoch6": 0.7904162005636325, "ENV_Test_proba_accuracy_strategy_132_epoch6": 0.8195163901719155, "ENV_Test_proba_accuracy_strategy_23_epoch6": 0.7950516351073273, "ENV_Test_proba_accuracy_strategy_107_epoch6": 0.8492876375402202, "ENV_Test_proba_accuracy_strategy_43_epoch6": 0.784046840585539, "ENV_Test_proba_accuracy_strategy_17_epoch6": 0.7673840659153417, "ENV_Test_proba_accuracy_strategy_93_epoch6": 0.7863820409027643, "ENV_Test_proba_accuracy_per_mean_strategy_epoch6": 0.8002781017038513, "ENV_Test_proba_accuracy_per_mean_user_epoch6": 0.7971396890743753, "ENV_Test_proba_accuracy_per_mean_user_and_bot_epoch6": 0.8185423865587866, "ENV_Test_accuracy_epoch6": 0.833856, "ENV_Test_accuracy_strategy_132_epoch6": 0.8589235127478754, "ENV_Test_accuracy_strategy_23_epoch6": 0.8402003554693812, "ENV_Test_accuracy_strategy_107_epoch6": 0.8899835796387521, "ENV_Test_accuracy_strategy_43_epoch6": 0.8333333333333334, "ENV_Test_accuracy_strategy_17_epoch6": 0.8092105263157895, "ENV_Test_accuracy_strategy_93_epoch6": 0.8262476894639557, "ENV_Test_accuracy_per_mean_strategy_epoch6": 0.8429831661615145, "ENV_Test_accuracy_per_mean_user_epoch6": 0.8410802525233757, "ENV_Test_accuracy_per_mean_user_and_bot_epoch6": 0.8634256965003512, "ENV_Train_TotalLoss_epoch7": 752.3681141024897, "ENV_Train_Right action_epoch7": 0.8548644115180318, "ENV_Train_Probability to choose the right action_epoch7": 0.7923672333908416, "ENV_Train_Weighted right action_epoch7": 0.8548644115180318, "ENV_Train_Weighted probability to choose the right action:_epoch7": 0.7923672333908416, "ENV_Test_TotalLoss_epoch7": 189.47953783592243, "ENV_Test_Right action_epoch7": 0.835456, "ENV_Test_Probability to choose the right action_epoch7": 0.7944022897548133, "ENV_Test_Weighted right action_epoch7": 0.8637430630733983, "ENV_Test_Weighted probability to choose the right action:_epoch7": 0.8235695584269698, "ENV_Test_proba_accuracy_epoch7": 0.7944022897548142, "ENV_Test_proba_accuracy_strategy_132_epoch7": 0.825776152526495, "ENV_Test_proba_accuracy_strategy_23_epoch7": 0.7990594055203526, "ENV_Test_proba_accuracy_strategy_107_epoch7": 0.8542119822171065, "ENV_Test_proba_accuracy_strategy_43_epoch7": 0.7863407993693295, "ENV_Test_proba_accuracy_strategy_17_epoch7": 0.7698572895085443, "ENV_Test_proba_accuracy_strategy_93_epoch7": 0.7946288738556184, "ENV_Test_proba_accuracy_per_mean_strategy_epoch7": 0.8049790838329076, "ENV_Test_proba_accuracy_per_mean_user_epoch7": 0.8020903713436002, "ENV_Test_proba_accuracy_per_mean_user_and_bot_epoch7": 0.8235695584269707, "ENV_Test_accuracy_epoch7": 0.835456, "ENV_Test_accuracy_strategy_132_epoch7": 0.861756373937677, "ENV_Test_accuracy_strategy_23_epoch7": 0.8450476652124738, "ENV_Test_accuracy_strategy_107_epoch7": 0.8916256157635468, "ENV_Test_accuracy_strategy_43_epoch7": 0.8269720101781171, "ENV_Test_accuracy_strategy_17_epoch7": 0.8069419237749547, "ENV_Test_accuracy_strategy_93_epoch7": 0.8345656192236599, "ENV_Test_accuracy_per_mean_strategy_epoch7": 0.8444848680150715, "ENV_Test_accuracy_per_mean_user_epoch7": 0.843006871143125, "ENV_Test_accuracy_per_mean_user_and_bot_epoch7": 0.8637430630733985, "ENV_Train_TotalLoss_epoch8": 726.7883943137796, "ENV_Train_Right action_epoch8": 0.860793111642275, "ENV_Train_Probability to choose the right action_epoch8": 0.7999392491706314, "ENV_Train_Weighted right action_epoch8": 0.860793111642275, "ENV_Train_Weighted probability to choose the right action:_epoch8": 0.7999392491706314, "ENV_Test_TotalLoss_epoch8": 186.98495061552245, "ENV_Test_Right action_epoch8": 0.83872, "ENV_Test_Probability to choose the right action_epoch8": 0.7969791674825453, "ENV_Test_Weighted right action_epoch8": 0.8680194781650389, "ENV_Test_Weighted probability to choose the right action:_epoch8": 0.8285437563580167, "ENV_Test_proba_accuracy_epoch8": 0.7969791674825449, "ENV_Test_proba_accuracy_strategy_132_epoch8": 0.8297015986715778, "ENV_Test_proba_accuracy_strategy_23_epoch8": 0.8003085693578389, "ENV_Test_proba_accuracy_strategy_107_epoch8": 0.8562080221610159, "ENV_Test_proba_accuracy_strategy_43_epoch8": 0.7911051940637794, "ENV_Test_proba_accuracy_strategy_17_epoch8": 0.7730821674639773, "ENV_Test_proba_accuracy_strategy_93_epoch8": 0.7971092326785879, "ENV_Test_proba_accuracy_per_mean_strategy_epoch8": 0.8079191307327963, "ENV_Test_proba_accuracy_per_mean_user_epoch8": 0.8051323918228146, "ENV_Test_proba_accuracy_per_mean_user_and_bot_epoch8": 0.828543756358017, "ENV_Test_accuracy_epoch8": 0.83872, "ENV_Test_accuracy_strategy_132_epoch8": 0.8628895184135977, "ENV_Test_accuracy_strategy_23_epoch8": 0.8453708191953466, "ENV_Test_accuracy_strategy_107_epoch8": 0.8949096880131363, "ENV_Test_accuracy_strategy_43_epoch8": 0.8352417302798982, "ENV_Test_accuracy_strategy_17_epoch8": 0.8132940108892922, "ENV_Test_accuracy_strategy_93_epoch8": 0.8382624768946395, "ENV_Test_accuracy_per_mean_strategy_epoch8": 0.8483280406143184, "ENV_Test_accuracy_per_mean_user_epoch8": 0.845317906567857, "ENV_Test_accuracy_per_mean_user_and_bot_epoch8": 0.86801947816504, "ENV_Train_TotalLoss_epoch9": 708.7079113628278, "ENV_Train_Right action_epoch9": 0.8626954953947644, "ENV_Train_Probability to choose the right action_epoch9": 0.8048808015336214, "ENV_Train_Weighted right action_epoch9": 0.8626954953947644, "ENV_Train_Weighted probability to choose the right action:_epoch9": 0.8048808015336214, "ENV_Test_TotalLoss_epoch9": 183.64892614792922, "ENV_Test_Right action_epoch9": 0.836352, "ENV_Test_Probability to choose the right action_epoch9": 0.789240456992434, "ENV_Test_Weighted right action_epoch9": 0.8599647981052424, "ENV_Test_Weighted probability to choose the right action:_epoch9": 0.8170801083875615, "ENV_Test_proba_accuracy_epoch9": 0.7892404569924338, "ENV_Test_proba_accuracy_strategy_132_epoch9": 0.8204874916186347, "ENV_Test_proba_accuracy_strategy_23_epoch9": 0.7934473807253664, "ENV_Test_proba_accuracy_strategy_107_epoch9": 0.8478144002868787, "ENV_Test_proba_accuracy_strategy_43_epoch9": 0.7814235489690127, "ENV_Test_proba_accuracy_strategy_17_epoch9": 0.7651983645651449, "ENV_Test_proba_accuracy_strategy_93_epoch9": 0.7905403869994831, "ENV_Test_proba_accuracy_per_mean_strategy_epoch9": 0.7998185955274201, "ENV_Test_proba_accuracy_per_mean_user_epoch9": 0.7970339274313222, "ENV_Test_proba_accuracy_per_mean_user_and_bot_epoch9": 0.8170801083875623, "ENV_Test_accuracy_epoch9": 0.836352, "ENV_Test_accuracy_strategy_132_epoch9": 0.8583569405099151, "ENV_Test_accuracy_strategy_23_epoch9": 0.842462433349491, "ENV_Test_accuracy_strategy_107_epoch9": 0.8899835796387521, "ENV_Test_accuracy_strategy_43_epoch9": 0.8307888040712468, "ENV_Test_accuracy_strategy_17_epoch9": 0.8135208711433757, "ENV_Test_accuracy_strategy_93_epoch9": 0.8364140480591498, "ENV_Test_accuracy_per_mean_strategy_epoch9": 0.8452544461286551, "ENV_Test_accuracy_per_mean_user_epoch9": 0.8409228520804338, "ENV_Test_accuracy_per_mean_user_and_bot_epoch9": 0.8599647981052421, "ENV_Train_TotalLoss_epoch10": 693.1763103931539, "ENV_Train_Right action_epoch10": 0.8680738048644115, "ENV_Train_Probability to choose the right action_epoch10": 0.8098239380132489, "ENV_Train_Weighted right action_epoch10": 0.8680738048644115, "ENV_Train_Weighted probability to choose the right action:_epoch10": 0.8098239380132489, "ENV_Test_TotalLoss_epoch10": 191.81165311270104, "ENV_Test_Right action_epoch10": 0.838848, "ENV_Test_Probability to choose the right action_epoch10": 0.8020531941603881, "ENV_Test_Weighted right action_epoch10": 0.8623350925934515, "ENV_Test_Weighted probability to choose the right action:_epoch10": 0.830619897827644, "ENV_Test_proba_accuracy_epoch10": 0.8020531941603879, "ENV_Test_proba_accuracy_strategy_132_epoch10": 0.8325044025692081, "ENV_Test_proba_accuracy_strategy_23_epoch10": 0.8069619846125148, "ENV_Test_proba_accuracy_strategy_107_epoch10": 0.8551278705379293, "ENV_Test_proba_accuracy_strategy_43_epoch10": 0.7957424241297032, "ENV_Test_proba_accuracy_strategy_17_epoch10": 0.7781420981964688, "ENV_Test_proba_accuracy_strategy_93_epoch10": 0.8010100117514112, "ENV_Test_proba_accuracy_per_mean_strategy_epoch10": 0.8115814652995392, "ENV_Test_proba_accuracy_per_mean_user_epoch10": 0.8100393456976421, "ENV_Test_proba_accuracy_per_mean_user_and_bot_epoch10": 0.8306198978276436, "ENV_Test_accuracy_epoch10": 0.838848, "ENV_Test_accuracy_strategy_132_epoch10": 0.8594900849858357, "ENV_Test_accuracy_strategy_23_epoch10": 0.8476328970754564, "ENV_Test_accuracy_strategy_107_epoch10": 0.8834154351395731, "ENV_Test_accuracy_strategy_43_epoch10": 0.8377862595419847, "ENV_Test_accuracy_strategy_17_epoch10": 0.8151088929219601, "ENV_Test_accuracy_strategy_93_epoch10": 0.8280961182994455, "ENV_Test_accuracy_per_mean_strategy_epoch10": 0.8452549479940425, "ENV_Test_accuracy_per_mean_user_epoch10": 0.8454499015258083, "ENV_Test_accuracy_per_mean_user_and_bot_epoch10": 0.8623350925934514, "ENV_Train_TotalLoss_epoch11": 674.8947049346036, "ENV_Train_Right action_epoch11": 0.8711909421302768, "ENV_Train_Probability to choose the right action_epoch11": 0.8153148188637864, "ENV_Train_Weighted right action_epoch11": 0.8711909421302768, "ENV_Train_Weighted probability to choose the right action:_epoch11": 0.8153148188637864, "ENV_Test_TotalLoss_epoch11": 183.36825472956136, "ENV_Test_Right action_epoch11": 0.83872, "ENV_Test_Probability to choose the right action_epoch11": 0.7960823992298982, "ENV_Test_Weighted right action_epoch11": 0.8644397907007646, "ENV_Test_Weighted probability to choose the right action:_epoch11": 0.8239758100819472, "ENV_Test_proba_accuracy_epoch11": 0.7960823992298991, "ENV_Test_proba_accuracy_strategy_132_epoch11": 0.8265866068831217, "ENV_Test_proba_accuracy_strategy_23_epoch11": 0.7977503298710559, "ENV_Test_proba_accuracy_strategy_107_epoch11": 0.8507863052837997, "ENV_Test_proba_accuracy_strategy_43_epoch11": 0.7904628340201312, "ENV_Test_proba_accuracy_strategy_17_epoch11": 0.7755268639470543, "ENV_Test_proba_accuracy_strategy_93_epoch11": 0.7978987837064713, "ENV_Test_proba_accuracy_per_mean_strategy_epoch11": 0.8065019539519388, "ENV_Test_proba_accuracy_per_mean_user_epoch11": 0.8041091899062198, "ENV_Test_proba_accuracy_per_mean_user_and_bot_epoch11": 0.8239758100819468, "ENV_Test_accuracy_epoch11": 0.83872, "ENV_Test_accuracy_strategy_132_epoch11": 0.8640226628895185, "ENV_Test_accuracy_strategy_23_epoch11": 0.8395540475036355, "ENV_Test_accuracy_strategy_107_epoch11": 0.8916256157635468, "ENV_Test_accuracy_strategy_43_epoch11": 0.839058524173028, "ENV_Test_accuracy_strategy_17_epoch11": 0.8196460980036298, "ENV_Test_accuracy_strategy_93_epoch11": 0.8401109057301294, "ENV_Test_accuracy_per_mean_strategy_epoch11": 0.849002975677248, "ENV_Test_accuracy_per_mean_user_epoch11": 0.8464091930488873, "ENV_Test_accuracy_per_mean_user_and_bot_epoch11": 0.8644397907007645, "ENV_Train_TotalLoss_epoch12": 659.8777318419496, "ENV_Train_Right action_epoch12": 0.8748899294150535, "ENV_Train_Probability to choose the right action_epoch12": 0.8197348139369895, "ENV_Train_Weighted right action_epoch12": 0.8748899294150535, "ENV_Train_Weighted probability to choose the right action:_epoch12": 0.8197348139369895, "ENV_Test_TotalLoss_epoch12": 192.19907775328718, "ENV_Test_Right action_epoch12": 0.837952, "ENV_Test_Probability to choose the right action_epoch12": 0.8028822505822156, "ENV_Test_Weighted right action_epoch12": 0.8671463278038584, "ENV_Test_Weighted probability to choose the right action:_epoch12": 0.8360532590064776, "ENV_Test_proba_accuracy_epoch12": 0.802882250582215, "ENV_Test_proba_accuracy_strategy_132_epoch12": 0.838475448609544, "ENV_Test_proba_accuracy_strategy_23_epoch12": 0.8046914635412608, "ENV_Test_proba_accuracy_strategy_107_epoch12": 0.8582376090638302, "ENV_Test_proba_accuracy_strategy_43_epoch12": 0.8010355063316327, "ENV_Test_proba_accuracy_strategy_17_epoch12": 0.7793421057486061, "ENV_Test_proba_accuracy_strategy_93_epoch12": 0.8019001928663075, "ENV_Test_proba_accuracy_per_mean_strategy_epoch12": 0.8139470543601969, "ENV_Test_proba_accuracy_per_mean_user_epoch12": 0.8118229457862078, "ENV_Test_proba_accuracy_per_mean_user_and_bot_epoch12": 0.8360532590064766, "ENV_Test_accuracy_epoch12": 0.837952, "ENV_Test_accuracy_strategy_132_epoch12": 0.8668555240793201, "ENV_Test_accuracy_strategy_23_epoch12": 0.8410082404265633, "ENV_Test_accuracy_strategy_107_epoch12": 0.8850574712643678, "ENV_Test_accuracy_strategy_43_epoch12": 0.8377862595419847, "ENV_Test_accuracy_strategy_17_epoch12": 0.816016333938294, "ENV_Test_accuracy_strategy_93_epoch12": 0.8364140480591498, "ENV_Test_accuracy_per_mean_strategy_epoch12": 0.84718964621828, "ENV_Test_accuracy_per_mean_user_epoch12": 0.8444325513817023, "ENV_Test_accuracy_per_mean_user_and_bot_epoch12": 0.8671463278038584, "ENV_Train_TotalLoss_epoch13": 644.6564286314261, "ENV_Train_Right action_epoch13": 0.8784312629283837, "ENV_Train_Probability to choose the right action_epoch13": 0.8243793296796204, "ENV_Train_Weighted right action_epoch13": 0.8784312629283837, "ENV_Train_Weighted probability to choose the right action:_epoch13": 0.8243793296796204, "ENV_Test_TotalLoss_epoch13": 192.1697683192135, "ENV_Test_Right action_epoch13": 0.838912, "ENV_Test_Probability to choose the right action_epoch13": 0.7966861260776869, "ENV_Test_Weighted right action_epoch13": 0.8689073997220811, "ENV_Test_Weighted probability to choose the right action:_epoch13": 0.828076733180435, "ENV_Test_proba_accuracy_epoch13": 0.7966861260776867, "ENV_Test_proba_accuracy_strategy_132_epoch13": 0.8332644409389535, "ENV_Test_proba_accuracy_strategy_23_epoch13": 0.7981798180339115, "ENV_Test_proba_accuracy_strategy_107_epoch13": 0.8457792972547896, "ENV_Test_proba_accuracy_strategy_43_epoch13": 0.7903798122960137, "ENV_Test_proba_accuracy_strategy_17_epoch13": 0.7760208578426934, "ENV_Test_proba_accuracy_strategy_93_epoch13": 0.7941936132778482, "ENV_Test_proba_accuracy_per_mean_strategy_epoch13": 0.8063029732740349, "ENV_Test_proba_accuracy_per_mean_user_epoch13": 0.8061185192939474, "ENV_Test_proba_accuracy_per_mean_user_and_bot_epoch13": 0.8280767331804348, "ENV_Test_accuracy_epoch13": 0.838912, "ENV_Test_accuracy_strategy_132_epoch13": 0.8674220963172804, "ENV_Test_accuracy_strategy_23_epoch13": 0.8392308935207626, "ENV_Test_accuracy_strategy_107_epoch13": 0.8866995073891626, "ENV_Test_accuracy_strategy_43_epoch13": 0.8377862595419847, "ENV_Test_accuracy_strategy_17_epoch13": 0.822141560798548, "ENV_Test_accuracy_strategy_93_epoch13": 0.833641404805915, "ENV_Test_accuracy_per_mean_strategy_epoch13": 0.8478202870622756, "ENV_Test_accuracy_per_mean_user_epoch13": 0.8470261682371, "ENV_Test_accuracy_per_mean_user_and_bot_epoch13": 0.8689073997220809, "ENV_Train_TotalLoss_epoch14": 628.7590649449272, "ENV_Train_Right action_epoch14": 0.8803952812255396, "ENV_Train_Probability to choose the right action_epoch14": 0.8286141740463332, "ENV_Train_Weighted right action_epoch14": 0.8803952812255396, "ENV_Train_Weighted probability to choose the right action:_epoch14": 0.8286141740463332, "ENV_Test_TotalLoss_epoch14": 191.36253296599338, "ENV_Test_Right action_epoch14": 0.839168, "ENV_Test_Probability to choose the right action_epoch14": 0.8010910971063208, "ENV_Test_Weighted right action_epoch14": 0.8665240753603457, "ENV_Test_Weighted probability to choose the right action:_epoch14": 0.8293012897138149, "ENV_Test_proba_accuracy_epoch14": 0.80109109710632, "ENV_Test_proba_accuracy_strategy_132_epoch14": 0.8308728363661535, "ENV_Test_proba_accuracy_strategy_23_epoch14": 0.8037620871376362, "ENV_Test_proba_accuracy_strategy_107_epoch14": 0.8485807579328379, "ENV_Test_proba_accuracy_strategy_43_epoch14": 0.7964633763793938, "ENV_Test_proba_accuracy_strategy_17_epoch14": 0.7801999142440507, "ENV_Test_proba_accuracy_strategy_93_epoch14": 0.8023354413751178, "ENV_Test_proba_accuracy_per_mean_strategy_epoch14": 0.8103690689058648, "ENV_Test_proba_accuracy_per_mean_user_epoch14": 0.8091722030626417, "ENV_Test_proba_accuracy_per_mean_user_and_bot_epoch14": 0.8293012897138144, "ENV_Test_accuracy_epoch14": 0.839168, "ENV_Test_accuracy_strategy_132_epoch14": 0.8577903682719547, "ENV_Test_accuracy_strategy_23_epoch14": 0.840523509452254, "ENV_Test_accuracy_strategy_107_epoch14": 0.8850574712643678, "ENV_Test_accuracy_strategy_43_epoch14": 0.8346055979643766, "ENV_Test_accuracy_strategy_17_epoch14": 0.8241833030852994, "ENV_Test_accuracy_strategy_93_epoch14": 0.8428835489833642, "ENV_Test_accuracy_per_mean_strategy_epoch14": 0.8475072998369361, "ENV_Test_accuracy_per_mean_user_epoch14": 0.8467729863779049, "ENV_Test_accuracy_per_mean_user_and_bot_epoch14": 0.8665240753603451, "ENV_Train_TotalLoss_epoch15": 620.3012118830602, "ENV_Train_Right action_epoch15": 0.8830428158067627, "ENV_Train_Probability to choose the right action_epoch15": 0.8315297670107578, "ENV_Train_Weighted right action_epoch15": 0.8830428158067627, "ENV_Train_Weighted probability to choose the right action:_epoch15": 0.8315297670107578, "ENV_Test_TotalLoss_epoch15": 193.12474226467626, "ENV_Test_Right action_epoch15": 0.839808, "ENV_Test_Probability to choose the right action_epoch15": 0.8047182144031961, "ENV_Test_Weighted right action_epoch15": 0.8690565412704265, "ENV_Test_Weighted probability to choose the right action:_epoch15": 0.8350455606462726, "ENV_Test_proba_accuracy_epoch15": 0.8047182144031961, "ENV_Test_proba_accuracy_strategy_132_epoch15": 0.8448867981708955, "ENV_Test_proba_accuracy_strategy_23_epoch15": 0.804264856308229, "ENV_Test_proba_accuracy_strategy_107_epoch15": 0.852049615588202, "ENV_Test_proba_accuracy_strategy_43_epoch15": 0.8015258363979694, "ENV_Test_proba_accuracy_strategy_17_epoch15": 0.7828635480757516, "ENV_Test_proba_accuracy_strategy_93_epoch15": 0.8088191820313715, "ENV_Test_proba_accuracy_per_mean_strategy_epoch15": 0.8157349727620699, "ENV_Test_proba_accuracy_per_mean_user_epoch15": 0.8134170891127327, "ENV_Test_proba_accuracy_per_mean_user_and_bot_epoch15": 0.8350455606462727, "ENV_Test_accuracy_epoch15": 0.839808, "ENV_Test_accuracy_strategy_132_epoch15": 0.8787535410764873, "ENV_Test_accuracy_strategy_23_epoch15": 0.8379382775892713, "ENV_Test_accuracy_strategy_107_epoch15": 0.8899835796387521, "ENV_Test_accuracy_strategy_43_epoch15": 0.839058524173028, "ENV_Test_accuracy_strategy_17_epoch15": 0.8185117967332124, "ENV_Test_accuracy_strategy_93_epoch15": 0.8465804066543438, "ENV_Test_accuracy_per_mean_strategy_epoch15": 0.8518043543108491, "ENV_Test_accuracy_per_mean_user_epoch15": 0.8463429544466468, "ENV_Test_accuracy_per_mean_user_and_bot_epoch15": 0.869056541270427, "ENV_Train_TotalLoss_epoch16": 604.8294061084398, "ENV_Train_Right action_epoch16": 0.8861336315348057, "ENV_Train_Probability to choose the right action_epoch16": 0.8357158906711111, "ENV_Train_Weighted right action_epoch16": 0.8861336315348057, "ENV_Train_Weighted probability to choose the right action:_epoch16": 0.8357158906711111, "ENV_Test_TotalLoss_epoch16": 197.0794363564463, "ENV_Test_Right action_epoch16": 0.839808, "ENV_Test_Probability to choose the right action_epoch16": 0.8017392454099815, "ENV_Test_Weighted right action_epoch16": 0.8646687826683724, "ENV_Test_Weighted probability to choose the right action:_epoch16": 0.8288027769336763, "ENV_Test_proba_accuracy_epoch16": 0.8017392454099823, "ENV_Test_proba_accuracy_strategy_132_epoch16": 0.8322685141763255, "ENV_Test_proba_accuracy_strategy_23_epoch16": 0.8031138405382239, "ENV_Test_proba_accuracy_strategy_107_epoch16": 0.8470024157767049, "ENV_Test_proba_accuracy_strategy_43_epoch16": 0.7968024391961528, "ENV_Test_proba_accuracy_strategy_17_epoch16": 0.782654700141126, "ENV_Test_proba_accuracy_strategy_93_epoch16": 0.8035216257599287, "ENV_Test_proba_accuracy_per_mean_strategy_epoch16": 0.810893922598077, "ENV_Test_proba_accuracy_per_mean_user_epoch16": 0.8102314064264687, "ENV_Test_proba_accuracy_per_mean_user_and_bot_epoch16": 0.8288027769336771, "ENV_Test_accuracy_epoch16": 0.839808, "ENV_Test_accuracy_strategy_132_epoch16": 0.8611898016997167, "ENV_Test_accuracy_strategy_23_epoch16": 0.8437550492809824, "ENV_Test_accuracy_strategy_107_epoch16": 0.8834154351395731, "ENV_Test_accuracy_strategy_43_epoch16": 0.8269720101781171, "ENV_Test_accuracy_strategy_17_epoch16": 0.8212341197822142, "ENV_Test_accuracy_strategy_93_epoch16": 0.8521256931608133, "ENV_Test_accuracy_per_mean_strategy_epoch16": 0.8481153515402361, "ENV_Test_accuracy_per_mean_user_epoch16": 0.8459221403754258, "ENV_Test_accuracy_per_mean_user_and_bot_epoch16": 0.8646687826683722, "ENV_Train_TotalLoss_epoch17": 592.0268347759089, "ENV_Train_Right action_epoch17": 0.8878125829943668, "ENV_Train_Probability to choose the right action_epoch17": 0.8388089575606407, "ENV_Train_Weighted right action_epoch17": 0.8878125829943668, "ENV_Train_Weighted probability to choose the right action:_epoch17": 0.8388089575606407, "ENV_Test_TotalLoss_epoch17": 190.53124374224478, "ENV_Test_Right action_epoch17": 0.8384, "ENV_Test_Probability to choose the right action_epoch17": 0.8027438162370081, "ENV_Test_Weighted right action_epoch17": 0.8683552485521597, "ENV_Test_Weighted probability to choose the right action:_epoch17": 0.83103961627357, "ENV_Test_proba_accuracy_epoch17": 0.8027438162370086, "ENV_Test_proba_accuracy_strategy_132_epoch17": 0.8364373593498122, "ENV_Test_proba_accuracy_strategy_23_epoch17": 0.803174201030536, "ENV_Test_proba_accuracy_strategy_107_epoch17": 0.8496703572251308, "ENV_Test_proba_accuracy_strategy_43_epoch17": 0.8020547361175425, "ENV_Test_proba_accuracy_strategy_17_epoch17": 0.7817576640724299, "ENV_Test_proba_accuracy_strategy_93_epoch17": 0.8054047904941803, "ENV_Test_proba_accuracy_per_mean_strategy_epoch17": 0.8130831847149387, "ENV_Test_proba_accuracy_per_mean_user_epoch17": 0.8110144850706075, "ENV_Test_proba_accuracy_per_mean_user_and_bot_epoch17": 0.8310396162735701, "ENV_Test_accuracy_epoch17": 0.8384, "ENV_Test_accuracy_strategy_132_epoch17": 0.8662889518413598, "ENV_Test_accuracy_strategy_23_epoch17": 0.8361609306834706, "ENV_Test_accuracy_strategy_107_epoch17": 0.8883415435139573, "ENV_Test_accuracy_strategy_43_epoch17": 0.8422391857506362, "ENV_Test_accuracy_strategy_17_epoch17": 0.8191923774954628, "ENV_Test_accuracy_strategy_93_epoch17": 0.8502772643253235, "ENV_Test_accuracy_per_mean_strategy_epoch17": 0.8504167089350348, "ENV_Test_accuracy_per_mean_user_epoch17": 0.8462298651672734, "ENV_Test_accuracy_per_mean_user_and_bot_epoch17": 0.8683552485521597, "ENV_Train_TotalLoss_epoch18": 581.7259644422819, "ENV_Train_Right action_epoch18": 0.8913888034880796, "ENV_Train_Probability to choose the right action_epoch18": 0.8427281524482897, "ENV_Train_Weighted right action_epoch18": 0.8913888034880796, "ENV_Train_Weighted probability to choose the right action:_epoch18": 0.8427281524482897, "ENV_Test_TotalLoss_epoch18": 197.26116784177276, "ENV_Test_Right action_epoch18": 0.842368, "ENV_Test_Probability to choose the right action_epoch18": 0.8081098261943992, "ENV_Test_Weighted right action_epoch18": 0.8712374538366111, "ENV_Test_Weighted probability to choose the right action:_epoch18": 0.8371130415203101, "ENV_Test_proba_accuracy_epoch18": 0.8081098261943997, "ENV_Test_proba_accuracy_strategy_132_epoch18": 0.8396435222020827, "ENV_Test_proba_accuracy_strategy_23_epoch18": 0.8103737654173327, "ENV_Test_proba_accuracy_strategy_107_epoch18": 0.8540517964338004, "ENV_Test_proba_accuracy_strategy_43_epoch18": 0.8073386904122895, "ENV_Test_proba_accuracy_strategy_17_epoch18": 0.7855665307789318, "ENV_Test_proba_accuracy_strategy_93_epoch18": 0.8108232443651681, "ENV_Test_proba_accuracy_per_mean_strategy_epoch18": 0.8179662582682677, "ENV_Test_proba_accuracy_per_mean_user_epoch18": 0.8158665434509592, "ENV_Test_proba_accuracy_per_mean_user_and_bot_epoch18": 0.8371130415203105, "ENV_Test_accuracy_epoch18": 0.842368, "ENV_Test_accuracy_strategy_132_epoch18": 0.8679886685552408, "ENV_Test_accuracy_strategy_23_epoch18": 0.8437550492809824, "ENV_Test_accuracy_strategy_107_epoch18": 0.8850574712643678, "ENV_Test_accuracy_strategy_43_epoch18": 0.8466921119592875, "ENV_Test_accuracy_strategy_17_epoch18": 0.823049001814882, "ENV_Test_accuracy_strategy_93_epoch18": 0.8410351201478743, "ENV_Test_accuracy_per_mean_strategy_epoch18": 0.8512629038371058, "ENV_Test_accuracy_per_mean_user_epoch18": 0.8496874546076236, "ENV_Test_accuracy_per_mean_user_and_bot_epoch18": 0.8712374538366108, "ENV_Train_TotalLoss_epoch19": 568.1569540522972, "ENV_Train_Right action_epoch19": 0.8936399217221135, "ENV_Train_Probability to choose the right action_epoch19": 0.8462221047149637, "ENV_Train_Weighted right action_epoch19": 0.8936399217221135, "ENV_Train_Weighted probability to choose the right action:_epoch19": 0.8462221047149637, "ENV_Test_TotalLoss_epoch19": 208.30663266276557, "ENV_Test_Right action_epoch19": 0.83616, "ENV_Test_Probability to choose the right action_epoch19": 0.8049402182137446, "ENV_Test_Weighted right action_epoch19": 0.8642874071136722, "ENV_Test_Weighted probability to choose the right action:_epoch19": 0.835082427674061, "ENV_Test_proba_accuracy_epoch19": 0.8049402182137445, "ENV_Test_proba_accuracy_strategy_132_epoch19": 0.840947311266646, "ENV_Test_proba_accuracy_strategy_23_epoch19": 0.805325583059049, "ENV_Test_proba_accuracy_strategy_107_epoch19": 0.8502157334513402, "ENV_Test_proba_accuracy_strategy_43_epoch19": 0.8055561682176338, "ENV_Test_proba_accuracy_strategy_17_epoch19": 0.7844153408861004, "ENV_Test_proba_accuracy_strategy_93_epoch19": 0.8012387901254665, "ENV_Test_proba_accuracy_per_mean_strategy_epoch19": 0.8146164878343728, "ENV_Test_proba_accuracy_per_mean_user_epoch19": 0.8149821065641057, "ENV_Test_proba_accuracy_per_mean_user_and_bot_epoch19": 0.8350824276740612, "ENV_Test_accuracy_epoch19": 0.83616, "ENV_Test_accuracy_strategy_132_epoch19": 0.8708215297450425, "ENV_Test_accuracy_strategy_23_epoch19": 0.8350298917434157, "ENV_Test_accuracy_strategy_107_epoch19": 0.8768472906403941, "ENV_Test_accuracy_strategy_43_epoch19": 0.8326972010178118, "ENV_Test_accuracy_strategy_17_epoch19": 0.8210072595281307, "ENV_Test_accuracy_strategy_93_epoch19": 0.8299445471349353, "ENV_Test_accuracy_per_mean_strategy_epoch19": 0.8443912866349551, "ENV_Test_accuracy_per_mean_user_epoch19": 0.8452178354484634, "ENV_Test_accuracy_per_mean_user_and_bot_epoch19": 0.8642874071136727, "ENV_Train_TotalLoss_epoch20": 556.2162875374701, "ENV_Train_Right action_epoch20": 0.8954431087503495, "ENV_Train_Probability to choose the right action_epoch20": 0.8493265583110359, "ENV_Train_Weighted right action_epoch20": 0.8954431087503495, "ENV_Train_Weighted probability to choose the right action:_epoch20": 0.8493265583110359, "ENV_Test_TotalLoss_epoch20": 200.9450644042475, "ENV_Test_Right action_epoch20": 0.838976, "ENV_Test_Probability to choose the right action_epoch20": 0.8064684042840287, "ENV_Test_Weighted right action_epoch20": 0.8684221614313549, "ENV_Test_Weighted probability to choose the right action:_epoch20": 0.8354433139984498, "ENV_Test_proba_accuracy_epoch20": 0.8064684042840295, "ENV_Test_proba_accuracy_strategy_132_epoch20": 0.8407911110875158, "ENV_Test_proba_accuracy_strategy_23_epoch20": 0.8068570042115445, "ENV_Test_proba_accuracy_strategy_107_epoch20": 0.8524688947738871, "ENV_Test_proba_accuracy_strategy_43_epoch20": 0.8073533644391053, "ENV_Test_proba_accuracy_strategy_17_epoch20": 0.7850983991426509, "ENV_Test_proba_accuracy_strategy_93_epoch20": 0.8081402195627276, "ENV_Test_proba_accuracy_per_mean_strategy_epoch20": 0.8167848322029051, "ENV_Test_proba_accuracy_per_mean_user_epoch20": 0.8146317706845208, "ENV_Test_proba_accuracy_per_mean_user_and_bot_epoch20": 0.8354433139984503, "ENV_Test_accuracy_epoch20": 0.838976, "ENV_Test_accuracy_strategy_132_epoch20": 0.8713881019830029, "ENV_Test_accuracy_strategy_23_epoch20": 0.8395540475036355, "ENV_Test_accuracy_strategy_107_epoch20": 0.8801313628899836, "ENV_Test_accuracy_strategy_43_epoch20": 0.8435114503816794, "ENV_Test_accuracy_strategy_17_epoch20": 0.8185117967332124, "ENV_Test_accuracy_strategy_93_epoch20": 0.8364140480591498, "ENV_Test_accuracy_per_mean_strategy_epoch20": 0.8482518012584439, "ENV_Test_accuracy_per_mean_user_epoch20": 0.8471425310019302, "ENV_Test_accuracy_per_mean_user_and_bot_epoch20": 0.868422161431355, "ENV_Train_TotalLoss_epoch21": 548.5167224214241, "ENV_Train_Right action_epoch21": 0.8974255045563817, "ENV_Train_Probability to choose the right action_epoch21": 0.8522229143767768, "ENV_Train_Weighted right action_epoch21": 0.8974255045563817, "ENV_Train_Weighted probability to choose the right action:_epoch21": 0.8522229143767768, "ENV_Test_TotalLoss_epoch21": 205.2806968012475, "ENV_Test_Right action_epoch21": 0.834048, "ENV_Test_Probability to choose the right action_epoch21": 0.8007917393003481, "ENV_Test_Weighted right action_epoch21": 0.867490943560298, "ENV_Test_Weighted probability to choose the right action:_epoch21": 0.8328026596827416, "ENV_Test_proba_accuracy_epoch21": 0.8007917393003486, "ENV_Test_proba_accuracy_strategy_132_epoch21": 0.836290673204014, "ENV_Test_proba_accuracy_strategy_23_epoch21": 0.7972986797089754, "ENV_Test_proba_accuracy_strategy_107_epoch21": 0.8507754368150638, "ENV_Test_proba_accuracy_strategy_43_epoch21": 0.8077464405142977, "ENV_Test_proba_accuracy_strategy_17_epoch21": 0.7812948770265091, "ENV_Test_proba_accuracy_strategy_93_epoch21": 0.8040562811481634, "ENV_Test_proba_accuracy_per_mean_strategy_epoch21": 0.812910398069504, "ENV_Test_proba_accuracy_per_mean_user_epoch21": 0.811698516727263, "ENV_Test_proba_accuracy_per_mean_user_and_bot_epoch21": 0.8328026596827414, "ENV_Test_accuracy_epoch21": 0.834048, "ENV_Test_accuracy_strategy_132_epoch21": 0.8713881019830029, "ENV_Test_accuracy_strategy_23_epoch21": 0.8272741961544676, "ENV_Test_accuracy_strategy_107_epoch21": 0.8817733990147784, "ENV_Test_accuracy_strategy_43_epoch21": 0.8422391857506362, "ENV_Test_accuracy_strategy_17_epoch21": 0.8185117967332124, "ENV_Test_accuracy_strategy_93_epoch21": 0.8364140480591498, "ENV_Test_accuracy_per_mean_strategy_epoch21": 0.846266787949208, "ENV_Test_accuracy_per_mean_user_epoch21": 0.8457291304174465, "ENV_Test_accuracy_per_mean_user_and_bot_epoch21": 0.8674909435602972, "ENV_Train_TotalLoss_epoch22": 536.3054171175445, "ENV_Train_Right action_epoch22": 0.8997763488957227, "ENV_Train_Probability to choose the right action_epoch22": 0.8551275724650409, "ENV_Train_Weighted right action_epoch22": 0.8997763488957227, "ENV_Train_Weighted probability to choose the right action:_epoch22": 0.8551275724650409, "ENV_Test_TotalLoss_epoch22": 216.83030433911534, "ENV_Test_Right action_epoch22": 0.832576, "ENV_Test_Probability to choose the right action_epoch22": 0.8046571081084661, "ENV_Test_Weighted right action_epoch22": 0.8578192936401076, "ENV_Test_Weighted probability to choose the right action:_epoch22": 0.8337058670614538, "ENV_Test_proba_accuracy_epoch22": 0.8046571081084669, "ENV_Test_proba_accuracy_strategy_132_epoch22": 0.8385187285617159, "ENV_Test_proba_accuracy_strategy_23_epoch22": 0.8037754205463675, "ENV_Test_proba_accuracy_strategy_107_epoch22": 0.8500843226294942, "ENV_Test_proba_accuracy_strategy_43_epoch22": 0.8081158540071492, "ENV_Test_proba_accuracy_strategy_17_epoch22": 0.7837704763248581, "ENV_Test_proba_accuracy_strategy_93_epoch22": 0.8089611329956787, "ENV_Test_proba_accuracy_per_mean_strategy_epoch22": 0.8155376558442108, "ENV_Test_proba_accuracy_per_mean_user_epoch22": 0.8144927195175791, "ENV_Test_proba_accuracy_per_mean_user_and_bot_epoch22": 0.8337058670614534, "ENV_Test_accuracy_epoch22": 0.832576, "ENV_Test_accuracy_strategy_132_epoch22": 0.863456090651558, "ENV_Test_accuracy_strategy_23_epoch22": 0.8329293908547423, "ENV_Test_accuracy_strategy_107_epoch22": 0.8752052545155994, "ENV_Test_accuracy_strategy_43_epoch22": 0.8320610687022901, "ENV_Test_accuracy_strategy_17_epoch22": 0.8130671506352087, "ENV_Test_accuracy_strategy_93_epoch22": 0.8364140480591498, "ENV_Test_accuracy_per_mean_strategy_epoch22": 0.8421888339030913, "ENV_Test_accuracy_per_mean_user_epoch22": 0.840680953529458, "ENV_Test_accuracy_per_mean_user_and_bot_epoch22": 0.8578192936401078, "ENV_Train_TotalLoss_epoch23": 522.500668626471, "ENV_Train_Right action_epoch23": 0.903080621715308, "ENV_Train_Probability to choose the right action_epoch23": 0.8589332402442053, "ENV_Train_Weighted right action_epoch23": 0.903080621715308, "ENV_Train_Weighted probability to choose the right action:_epoch23": 0.8589332402442053, "ENV_Test_TotalLoss_epoch23": 219.71166357177145, "ENV_Test_Right action_epoch23": 0.833792, "ENV_Test_Probability to choose the right action_epoch23": 0.8053416405244598, "ENV_Test_Weighted right action_epoch23": 0.8656327366622404, "ENV_Test_Weighted probability to choose the right action:_epoch23": 0.8375008312722947, "ENV_Test_proba_accuracy_epoch23": 0.8053416405244598, "ENV_Test_proba_accuracy_strategy_132_epoch23": 0.8455813518353472, "ENV_Test_proba_accuracy_strategy_23_epoch23": 0.803498152302271, "ENV_Test_proba_accuracy_strategy_107_epoch23": 0.8587056366283876, "ENV_Test_proba_accuracy_strategy_43_epoch23": 0.8055230885388234, "ENV_Test_proba_accuracy_strategy_17_epoch23": 0.784633756393021, "ENV_Test_proba_accuracy_strategy_93_epoch23": 0.8043090171315956, "ENV_Test_proba_accuracy_per_mean_strategy_epoch23": 0.8170418338049078, "ENV_Test_proba_accuracy_per_mean_user_epoch23": 0.8150368330952273, "ENV_Test_proba_accuracy_per_mean_user_and_bot_epoch23": 0.8375008312722966, "ENV_Test_accuracy_epoch23": 0.833792, "ENV_Test_accuracy_strategy_132_epoch23": 0.8730878186968839, "ENV_Test_accuracy_strategy_23_epoch23": 0.829374697043141, "ENV_Test_accuracy_strategy_107_epoch23": 0.8866995073891626, "ENV_Test_accuracy_strategy_43_epoch23": 0.8346055979643766, "ENV_Test_accuracy_strategy_17_epoch23": 0.8162431941923775, "ENV_Test_accuracy_strategy_93_epoch23": 0.8354898336414048, "ENV_Test_accuracy_per_mean_strategy_epoch23": 0.8459167748212243, "ENV_Test_accuracy_per_mean_user_epoch23": 0.8427749814912365, "ENV_Test_accuracy_per_mean_user_and_bot_epoch23": 0.8656327366622397, "ENV_Train_TotalLoss_epoch24": 514.562203259958, "ENV_Train_Right action_epoch24": 0.9036888969652916, "ENV_Train_Probability to choose the right action_epoch24": 0.8611664022568195, "ENV_Train_Weighted right action_epoch24": 0.9036888969652916, "ENV_Train_Weighted probability to choose the right action:_epoch24": 0.8611664022568195, "ENV_Test_TotalLoss_epoch24": 222.5963435735037, "ENV_Test_Right action_epoch24": 0.836672, "ENV_Test_Probability to choose the right action_epoch24": 0.8093198116931336, "ENV_Test_Weighted right action_epoch24": 0.864710220855873, "ENV_Test_Weighted probability to choose the right action:_epoch24": 0.8386444012110141, "ENV_Test_proba_accuracy_epoch24": 0.8093198116931333, "ENV_Test_proba_accuracy_strategy_132_epoch24": 0.8451601376207997, "ENV_Test_proba_accuracy_strategy_23_epoch24": 0.8090591511908495, "ENV_Test_proba_accuracy_strategy_107_epoch24": 0.8579754148195774, "ENV_Test_proba_accuracy_strategy_43_epoch24": 0.8082696857224447, "ENV_Test_proba_accuracy_strategy_17_epoch24": 0.7883270251175061, "ENV_Test_proba_accuracy_strategy_93_epoch24": 0.812010007195523, "ENV_Test_proba_accuracy_per_mean_strategy_epoch24": 0.8201335702777834, "ENV_Test_proba_accuracy_per_mean_user_epoch24": 0.8182904979868262, "ENV_Test_proba_accuracy_per_mean_user_and_bot_epoch24": 0.8386444012110146, "ENV_Test_accuracy_epoch24": 0.836672, "ENV_Test_accuracy_strategy_132_epoch24": 0.8708215297450425, "ENV_Test_accuracy_strategy_23_epoch24": 0.8343835837776701, "ENV_Test_accuracy_strategy_107_epoch24": 0.8850574712643678, "ENV_Test_accuracy_strategy_43_epoch24": 0.8326972010178118, "ENV_Test_accuracy_strategy_17_epoch24": 0.8203266787658802, "ENV_Test_accuracy_strategy_93_epoch24": 0.8391866913123844, "ENV_Test_accuracy_per_mean_strategy_epoch24": 0.8470788593138595, "ENV_Test_accuracy_per_mean_user_epoch24": 0.8458757393556013, "ENV_Test_accuracy_per_mean_user_and_bot_epoch24": 0.8647102208558728, "_wandb": {"runtime": 1979}}