{"ENV_Train_TotalLoss": 382.5083695151763, "ENV_Train_TotalLoss_epoch0": 1024.2012840209322, "ENV_Train_Right action": 0.92699189264747, "ENV_Train_Right action_epoch0": 0.7880134736606706, "ENV_Train_Probability to choose the right action": 0.8956752476442037, "ENV_Train_Probability to choose the right action_epoch0": 0.7062523292160964, "ENV_Train_Weighted right action": 0.92699189264747, "ENV_Train_Weighted right action_epoch0": 0.7880134736606706, "ENV_Train_Weighted probability to choose the right action:": 0.8956752476442037, "ENV_Train_Weighted probability to choose the right action:_epoch0": 0.7062523292160964, "_timestamp": 1720471105.0126204, "_runtime": 2519.0470373630524, "_step": 49, "ENV_Test_TotalLoss": 538.3506535491493, "ENV_Test_TotalLoss_epoch0": 210.7784482094554, "ENV_Test_Right action": 0.792448, "ENV_Test_Right action_epoch0": 0.802688, "ENV_Test_Probability to choose the right action": 0.7811990798677864, "ENV_Test_Probability to choose the right action_epoch0": 0.7453133316962713, "ENV_Test_Weighted right action": 0.8207860908995478, "ENV_Test_Weighted right action_epoch0": 0.8351884038376889, "ENV_Test_Weighted probability to choose the right action:": 0.8098809709569581, "ENV_Test_Weighted probability to choose the right action:_epoch0": 0.774892397065084, "ENV_Test_proba_accuracy": 0.7811990798677865, "ENV_Test_proba_accuracy_epoch0": 0.7453133316962712, "ENV_Test_proba_accuracy_strategy_132": 0.8108799140834684, "ENV_Test_proba_accuracy_strategy_132_epoch0": 0.7867484857808743, "ENV_Test_proba_accuracy_strategy_23": 0.7907485462442148, "ENV_Test_proba_accuracy_strategy_23_epoch0": 0.7484030471383649, "ENV_Test_proba_accuracy_strategy_107": 0.8332432370710401, "ENV_Test_proba_accuracy_strategy_107_epoch0": 0.8024847700304448, "ENV_Test_proba_accuracy_strategy_43": 0.7804446015781361, "ENV_Test_proba_accuracy_strategy_43_epoch0": 0.745202651371906, "ENV_Test_proba_accuracy_strategy_17": 0.7530193790292016, "ENV_Test_proba_accuracy_strategy_17_epoch0": 0.716362369438653, "ENV_Test_proba_accuracy_strategy_93": 0.7647655767593191, "ENV_Test_proba_accuracy_strategy_93_epoch0": 0.7459761129583149, "ENV_Test_proba_accuracy_per_mean_strategy": 0.7888502091275633, "ENV_Test_proba_accuracy_per_mean_strategy_epoch0": 0.7575295727864263, "ENV_Test_proba_accuracy_per_mean_user": 0.7914555062970382, "ENV_Test_proba_accuracy_per_mean_user_epoch0": 0.7562130348112337, "ENV_Test_proba_accuracy_per_mean_user_and_bot": 0.8098809709569591, "ENV_Test_proba_accuracy_per_mean_user_and_bot_epoch0": 0.7748923970650846, "ENV_Test_accuracy": 0.792448, "ENV_Test_accuracy_epoch0": 0.802688, "ENV_Test_accuracy_strategy_132": 0.8186968838526912, "ENV_Test_accuracy_strategy_132_epoch0": 0.8481586402266289, "ENV_Test_accuracy_strategy_23": 0.8030376474390046, "ENV_Test_accuracy_strategy_23_epoch0": 0.8088544191307158, "ENV_Test_accuracy_strategy_107": 0.8407224958949097, "ENV_Test_accuracy_strategy_107_epoch0": 0.8653530377668309, "ENV_Test_accuracy_strategy_43": 0.7913486005089059, "ENV_Test_accuracy_strategy_43_epoch0": 0.7983460559796438, "ENV_Test_accuracy_strategy_17": 0.7647459165154264, "ENV_Test_accuracy_strategy_17_epoch0": 0.7690562613430127, "ENV_Test_accuracy_strategy_93": 0.7763401109057301, "ENV_Test_accuracy_strategy_93_epoch0": 0.8012939001848429, "ENV_Test_accuracy_per_mean_strategy": 0.7991486091861114, "ENV_Test_accuracy_per_mean_strategy_epoch0": 0.8151770524386125, "ENV_Test_accuracy_per_mean_user": 0.80351905794981, "ENV_Test_accuracy_per_mean_user_epoch0": 0.8164394931481388, "ENV_Test_accuracy_per_mean_user_and_bot": 0.820786090899548, "ENV_Test_accuracy_per_mean_user_and_bot_epoch0": 0.8351884038376898, "ENV_Train_TotalLoss_epoch1": 901.8332950843218, "ENV_Train_Right action_epoch1": 0.8128354203935599, "ENV_Train_Probability to choose the right action_epoch1": 0.742665898216081, "ENV_Train_Weighted right action_epoch1": 0.8128354203935599, "ENV_Train_Weighted probability to choose the right action:_epoch1": 0.742665898216081, "ENV_Test_TotalLoss_epoch1": 207.45551251348974, "ENV_Test_Right action_epoch1": 0.809024, "ENV_Test_Probability to choose the right action_epoch1": 0.7501377172798903, "ENV_Test_Weighted right action_epoch1": 0.8395380735773803, "ENV_Test_Weighted probability to choose the right action:_epoch1": 0.778775421869368, "ENV_Test_proba_accuracy_epoch1": 0.7501377172798904, "ENV_Test_proba_accuracy_strategy_132_epoch1": 0.7909468497002055, "ENV_Test_proba_accuracy_strategy_23_epoch1": 0.754918655868619, "ENV_Test_proba_accuracy_strategy_107_epoch1": 0.8000882008760993, "ENV_Test_proba_accuracy_strategy_43_epoch1": 0.7478744659789694, "ENV_Test_proba_accuracy_strategy_17_epoch1": 0.7213476513194749, "ENV_Test_proba_accuracy_strategy_93_epoch1": 0.7486841587225626, "ENV_Test_proba_accuracy_per_mean_strategy_epoch1": 0.7606433304109884, "ENV_Test_proba_accuracy_per_mean_user_epoch1": 0.7611108619485693, "ENV_Test_proba_accuracy_per_mean_user_and_bot_epoch1": 0.7787754218693679, "ENV_Test_accuracy_epoch1": 0.809024, "ENV_Test_accuracy_strategy_132_epoch1": 0.8441926345609065, "ENV_Test_accuracy_strategy_23_epoch1": 0.8149943448052998, "ENV_Test_accuracy_strategy_107_epoch1": 0.8620689655172413, "ENV_Test_accuracy_strategy_43_epoch1": 0.8110687022900763, "ENV_Test_accuracy_strategy_17_epoch1": 0.7767695099818511, "ENV_Test_accuracy_strategy_93_epoch1": 0.8160813308687616, "ENV_Test_accuracy_per_mean_strategy_epoch1": 0.820862581337356, "ENV_Test_accuracy_per_mean_user_epoch1": 0.8198181169484772, "ENV_Test_accuracy_per_mean_user_and_bot_epoch1": 0.8395380735773808, "ENV_Train_TotalLoss_epoch2": 864.7125932207247, "ENV_Train_Right action_epoch2": 0.8227005870841487, "ENV_Train_Probability to choose the right action_epoch2": 0.7538533148956373, "ENV_Train_Weighted right action_epoch2": 0.8227005870841487, "ENV_Train_Weighted probability to choose the right action:_epoch2": 0.7538533148956373, "ENV_Test_TotalLoss_epoch2": 218.15714629596292, "ENV_Test_Right action_epoch2": 0.815616, "ENV_Test_Probability to choose the right action_epoch2": 0.7762356344021162, "ENV_Test_Weighted right action_epoch2": 0.8444815814547703, "ENV_Test_Weighted probability to choose the right action:_epoch2": 0.7997386183077057, "ENV_Test_proba_accuracy_epoch2": 0.7762356344021161, "ENV_Test_proba_accuracy_strategy_132_epoch2": 0.816895089533776, "ENV_Test_proba_accuracy_strategy_23_epoch2": 0.7831792158957106, "ENV_Test_proba_accuracy_strategy_107_epoch2": 0.8251182941031046, "ENV_Test_proba_accuracy_strategy_43_epoch2": 0.7649846667163203, "ENV_Test_proba_accuracy_strategy_17_epoch2": 0.748426148982216, "ENV_Test_proba_accuracy_strategy_93_epoch2": 0.7723201344056753, "ENV_Test_proba_accuracy_per_mean_strategy_epoch2": 0.7851539249394671, "ENV_Test_proba_accuracy_per_mean_user_epoch2": 0.7860506146723627, "ENV_Test_proba_accuracy_per_mean_user_and_bot_epoch2": 0.7997386183077064, "ENV_Test_accuracy_epoch2": 0.815616, "ENV_Test_accuracy_strategy_132_epoch2": 0.8583569405099151, "ENV_Test_accuracy_strategy_23_epoch2": 0.8230731943771207, "ENV_Test_accuracy_strategy_107_epoch2": 0.8669950738916257, "ENV_Test_accuracy_strategy_43_epoch2": 0.8097964376590331, "ENV_Test_accuracy_strategy_17_epoch2": 0.7819872958257713, "ENV_Test_accuracy_strategy_93_epoch2": 0.8197781885397413, "ENV_Test_accuracy_per_mean_strategy_epoch2": 0.8266645218005344, "ENV_Test_accuracy_per_mean_user_epoch2": 0.8273356635522883, "ENV_Test_accuracy_per_mean_user_and_bot_epoch2": 0.8444815814547706, "ENV_Train_TotalLoss_epoch3": 830.6955847242516, "ENV_Train_Right action_epoch3": 0.8286692759295499, "ENV_Train_Probability to choose the right action_epoch3": 0.7637158590987915, "ENV_Train_Weighted right action_epoch3": 0.8286692759295499, "ENV_Train_Weighted probability to choose the right action:_epoch3": 0.7637158590987915, "ENV_Test_TotalLoss_epoch3": 203.50564215725396, "ENV_Test_Right action_epoch3": 0.814848, "ENV_Test_Probability to choose the right action_epoch3": 0.7701841101730518, "ENV_Test_Weighted right action_epoch3": 0.8477798523633494, "ENV_Test_Weighted probability to choose the right action:_epoch3": 0.8014793445429539, "ENV_Test_proba_accuracy_epoch3": 0.7701841101730514, "ENV_Test_proba_accuracy_strategy_132_epoch3": 0.815118574758347, "ENV_Test_proba_accuracy_strategy_23_epoch3": 0.7746570407844119, "ENV_Test_proba_accuracy_strategy_107_epoch3": 0.829294996862481, "ENV_Test_proba_accuracy_strategy_43_epoch3": 0.7641058757931175, "ENV_Test_proba_accuracy_strategy_17_epoch3": 0.7408936595735074, "ENV_Test_proba_accuracy_strategy_93_epoch3": 0.766188235078253, "ENV_Test_proba_accuracy_per_mean_strategy_epoch3": 0.7817097304750197, "ENV_Test_proba_accuracy_per_mean_user_epoch3": 0.7818187040623799, "ENV_Test_proba_accuracy_per_mean_user_and_bot_epoch3": 0.8014793445429536, "ENV_Test_accuracy_epoch3": 0.814848, "ENV_Test_accuracy_strategy_132_epoch3": 0.8509915014164305, "ENV_Test_accuracy_strategy_23_epoch3": 0.8227500403942478, "ENV_Test_accuracy_strategy_107_epoch3": 0.8866995073891626, "ENV_Test_accuracy_strategy_43_epoch3": 0.8123409669211196, "ENV_Test_accuracy_strategy_17_epoch3": 0.7813067150635209, "ENV_Test_accuracy_strategy_93_epoch3": 0.8105360443622921, "ENV_Test_accuracy_per_mean_strategy_epoch3": 0.8274374625911288, "ENV_Test_accuracy_per_mean_user_epoch3": 0.8262020313966515, "ENV_Test_accuracy_per_mean_user_and_bot_epoch3": 0.8477798523633502, "ENV_Train_TotalLoss_epoch4": 797.1238559304804, "ENV_Train_Right action_epoch4": 0.8362078604573153, "ENV_Train_Probability to choose the right action_epoch4": 0.7736480129632821, "ENV_Train_Weighted right action_epoch4": 0.8362078604573153, "ENV_Train_Weighted probability to choose the right action:_epoch4": 0.7736480129632821, "ENV_Test_TotalLoss_epoch4": 222.57874952399015, "ENV_Test_Right action_epoch4": 0.810624, "ENV_Test_Probability to choose the right action_epoch4": 0.7789408730880598, "ENV_Test_Weighted right action_epoch4": 0.8439588385664993, "ENV_Test_Weighted probability to choose the right action:_epoch4": 0.8117274418342444, "ENV_Test_proba_accuracy_epoch4": 0.7789408730880594, "ENV_Test_proba_accuracy_strategy_132_epoch4": 0.8214866955578615, "ENV_Test_proba_accuracy_strategy_23_epoch4": 0.7824510831426553, "ENV_Test_proba_accuracy_strategy_107_epoch4": 0.8405631046841826, "ENV_Test_proba_accuracy_strategy_43_epoch4": 0.7773209323864215, "ENV_Test_proba_accuracy_strategy_17_epoch4": 0.7489427281645861, "ENV_Test_proba_accuracy_strategy_93_epoch4": 0.7793404700164424, "ENV_Test_proba_accuracy_per_mean_strategy_epoch4": 0.7916841689920249, "ENV_Test_proba_accuracy_per_mean_user_epoch4": 0.7913716129664784, "ENV_Test_proba_accuracy_per_mean_user_and_bot_epoch4": 0.8117274418342438, "ENV_Test_accuracy_epoch4": 0.810624, "ENV_Test_accuracy_strategy_132_epoch4": 0.8441926345609065, "ENV_Test_accuracy_strategy_23_epoch4": 0.818549038616901, "ENV_Test_accuracy_strategy_107_epoch4": 0.8817733990147784, "ENV_Test_accuracy_strategy_43_epoch4": 0.8091603053435115, "ENV_Test_accuracy_strategy_17_epoch4": 0.7776769509981851, "ENV_Test_accuracy_strategy_93_epoch4": 0.8068391866913124, "ENV_Test_accuracy_per_mean_strategy_epoch4": 0.8230319192042658, "ENV_Test_accuracy_per_mean_user_epoch4": 0.8229418609519327, "ENV_Test_accuracy_per_mean_user_and_bot_epoch4": 0.8439588385664996, "ENV_Train_TotalLoss_epoch5": 771.7651354971986, "ENV_Train_Right action_epoch5": 0.8424664234902799, "ENV_Train_Probability to choose the right action_epoch5": 0.7817459227259507, "ENV_Train_Weighted right action_epoch5": 0.8424664234902799, "ENV_Train_Weighted probability to choose the right action:_epoch5": 0.7817459227259507, "ENV_Test_TotalLoss_epoch5": 218.5137445679705, "ENV_Test_Right action_epoch5": 0.808064, "ENV_Test_Probability to choose the right action_epoch5": 0.7696619942037267, "ENV_Test_Weighted right action_epoch5": 0.8439173599752775, "ENV_Test_Weighted probability to choose the right action:_epoch5": 0.8006506724530023, "ENV_Test_proba_accuracy_epoch5": 0.7696619942037269, "ENV_Test_proba_accuracy_strategy_132_epoch5": 0.8118083057063133, "ENV_Test_proba_accuracy_strategy_23_epoch5": 0.7735496778517634, "ENV_Test_proba_accuracy_strategy_107_epoch5": 0.823534555378688, "ENV_Test_proba_accuracy_strategy_43_epoch5": 0.7659320934945909, "ENV_Test_proba_accuracy_strategy_17_epoch5": 0.7412469514873599, "ENV_Test_proba_accuracy_strategy_93_epoch5": 0.769532057561577, "ENV_Test_proba_accuracy_per_mean_strategy_epoch5": 0.7809339402467156, "ENV_Test_proba_accuracy_per_mean_user_epoch5": 0.7809292430988205, "ENV_Test_proba_accuracy_per_mean_user_and_bot_epoch5": 0.8006506724530026, "ENV_Test_accuracy_epoch5": 0.808064, "ENV_Test_accuracy_strategy_132_epoch5": 0.8447592067988668, "ENV_Test_accuracy_strategy_23_epoch5": 0.8127322669251899, "ENV_Test_accuracy_strategy_107_epoch5": 0.8735632183908046, "ENV_Test_accuracy_strategy_43_epoch5": 0.8078880407124682, "ENV_Test_accuracy_strategy_17_epoch5": 0.7765426497277677, "ENV_Test_accuracy_strategy_93_epoch5": 0.8133086876155268, "ENV_Test_accuracy_per_mean_strategy_epoch5": 0.8214656783617706, "ENV_Test_accuracy_per_mean_user_epoch5": 0.8202113665149678, "ENV_Test_accuracy_per_mean_user_and_bot_epoch5": 0.843917359975278, "ENV_Train_TotalLoss_epoch6": 738.969020559427, "ENV_Train_Right action_epoch6": 0.8491132942968542, "ENV_Train_Probability to choose the right action_epoch6": 0.7909172038260672, "ENV_Train_Weighted right action_epoch6": 0.8491132942968542, "ENV_Train_Weighted probability to choose the right action:_epoch6": 0.7909172038260672, "ENV_Test_TotalLoss_epoch6": 235.67007465609424, "ENV_Test_Right action_epoch6": 0.810176, "ENV_Test_Probability to choose the right action_epoch6": 0.7751855730135955, "ENV_Test_Weighted right action_epoch6": 0.8420006803523508, "ENV_Test_Weighted probability to choose the right action:_epoch6": 0.806509312097648, "ENV_Test_proba_accuracy_epoch6": 0.7751855730135958, "ENV_Test_proba_accuracy_strategy_132_epoch6": 0.8201334930616787, "ENV_Test_proba_accuracy_strategy_23_epoch6": 0.7784454830446386, "ENV_Test_proba_accuracy_strategy_107_epoch6": 0.8347420749220519, "ENV_Test_proba_accuracy_strategy_43_epoch6": 0.7714906997057308, "ENV_Test_proba_accuracy_strategy_17_epoch6": 0.7466411209737723, "ENV_Test_proba_accuracy_strategy_93_epoch6": 0.7713535154371302, "ENV_Test_proba_accuracy_per_mean_strategy_epoch6": 0.7871343978575004, "ENV_Test_proba_accuracy_per_mean_user_epoch6": 0.7875099784541668, "ENV_Test_proba_accuracy_per_mean_user_and_bot_epoch6": 0.8065093120976485, "ENV_Test_accuracy_epoch6": 0.810176, "ENV_Test_accuracy_strategy_132_epoch6": 0.851558073654391, "ENV_Test_accuracy_strategy_23_epoch6": 0.8153174987881726, "ENV_Test_accuracy_strategy_107_epoch6": 0.8801313628899836, "ENV_Test_accuracy_strategy_43_epoch6": 0.8027989821882952, "ENV_Test_accuracy_strategy_17_epoch6": 0.779491833030853, "ENV_Test_accuracy_strategy_93_epoch6": 0.8096118299445472, "ENV_Test_accuracy_per_mean_strategy_epoch6": 0.8231515967493738, "ENV_Test_accuracy_per_mean_user_epoch6": 0.8205950225601829, "ENV_Test_accuracy_per_mean_user_and_bot_epoch6": 0.8420006803523514, "ENV_Train_TotalLoss_epoch7": 714.7699713266918, "ENV_Train_Right action_epoch7": 0.8563880346659212, "ENV_Train_Probability to choose the right action_epoch7": 0.7990996966473712, "ENV_Train_Weighted right action_epoch7": 0.8563880346659212, "ENV_Train_Weighted probability to choose the right action:_epoch7": 0.7990996966473712, "ENV_Test_TotalLoss_epoch7": 254.09243267699307, "ENV_Test_Right action_epoch7": 0.809216, "ENV_Test_Probability to choose the right action_epoch7": 0.774778203037142, "ENV_Test_Weighted right action_epoch7": 0.8377185300913639, "ENV_Test_Weighted probability to choose the right action:_epoch7": 0.8027576749408499, "ENV_Test_proba_accuracy_epoch7": 0.7747782030371413, "ENV_Test_proba_accuracy_strategy_132_epoch7": 0.8130054083764753, "ENV_Test_proba_accuracy_strategy_23_epoch7": 0.7812007178471791, "ENV_Test_proba_accuracy_strategy_107_epoch7": 0.8246272870788236, "ENV_Test_proba_accuracy_strategy_43_epoch7": 0.7753329368397046, "ENV_Test_proba_accuracy_strategy_17_epoch7": 0.7448505778621355, "ENV_Test_proba_accuracy_strategy_93_epoch7": 0.7687438929347028, "ENV_Test_proba_accuracy_per_mean_strategy_epoch7": 0.7846268034898368, "ENV_Test_proba_accuracy_per_mean_user_epoch7": 0.7858263249889138, "ENV_Test_proba_accuracy_per_mean_user_and_bot_epoch7": 0.8027576749408497, "ENV_Test_accuracy_epoch7": 0.809216, "ENV_Test_accuracy_strategy_132_epoch7": 0.8402266288951842, "ENV_Test_accuracy_strategy_23_epoch7": 0.8182258846340281, "ENV_Test_accuracy_strategy_107_epoch7": 0.8669950738916257, "ENV_Test_accuracy_strategy_43_epoch7": 0.8110687022900763, "ENV_Test_accuracy_strategy_17_epoch7": 0.7749546279491834, "ENV_Test_accuracy_strategy_93_epoch7": 0.8114602587800369, "ENV_Test_accuracy_per_mean_strategy_epoch7": 0.8204885294066891, "ENV_Test_accuracy_per_mean_user_epoch7": 0.8181664754517108, "ENV_Test_accuracy_per_mean_user_and_bot_epoch7": 0.8377185300913641, "ENV_Train_TotalLoss_epoch8": 686.8457359475939, "ENV_Train_Right action_epoch8": 0.8616599133715244, "ENV_Train_Probability to choose the right action_epoch8": 0.8067096635170962, "ENV_Train_Weighted right action_epoch8": 0.8616599133715244, "ENV_Train_Weighted probability to choose the right action:_epoch8": 0.8067096635170962, "ENV_Test_TotalLoss_epoch8": 236.5900778123423, "ENV_Test_Right action_epoch8": 0.80032, "ENV_Test_Probability to choose the right action_epoch8": 0.7685789711893181, "ENV_Test_Weighted right action_epoch8": 0.8330498823617363, "ENV_Test_Weighted probability to choose the right action:_epoch8": 0.8030555006037852, "ENV_Test_proba_accuracy_epoch8": 0.7685789711893185, "ENV_Test_proba_accuracy_strategy_132_epoch8": 0.8115988583539608, "ENV_Test_proba_accuracy_strategy_23_epoch8": 0.7731073468071291, "ENV_Test_proba_accuracy_strategy_107_epoch8": 0.8236922639675174, "ENV_Test_proba_accuracy_strategy_43_epoch8": 0.7674187663550851, "ENV_Test_proba_accuracy_strategy_17_epoch8": 0.7378919809166083, "ENV_Test_proba_accuracy_strategy_93_epoch8": 0.7681832986157271, "ENV_Test_proba_accuracy_per_mean_strategy_epoch8": 0.7803154191693379, "ENV_Test_proba_accuracy_per_mean_user_epoch8": 0.7811735899973223, "ENV_Test_proba_accuracy_per_mean_user_and_bot_epoch8": 0.8030555006037844, "ENV_Test_accuracy_epoch8": 0.80032, "ENV_Test_accuracy_strategy_132_epoch8": 0.8345609065155808, "ENV_Test_accuracy_strategy_23_epoch8": 0.8078849571820973, "ENV_Test_accuracy_strategy_107_epoch8": 0.8505747126436781, "ENV_Test_accuracy_strategy_43_epoch8": 0.8021628498727735, "ENV_Test_accuracy_strategy_17_epoch8": 0.7690562613430127, "ENV_Test_accuracy_strategy_93_epoch8": 0.7975970425138632, "ENV_Test_accuracy_per_mean_strategy_epoch8": 0.8103061216785009, "ENV_Test_accuracy_per_mean_user_epoch8": 0.8108868205343231, "ENV_Test_accuracy_per_mean_user_and_bot_epoch8": 0.8330498823617374, "ENV_Train_TotalLoss_epoch9": 660.2759913280685, "ENV_Train_Right action_epoch9": 0.8675566116857703, "ENV_Train_Probability to choose the right action_epoch9": 0.8150082286498499, "ENV_Train_Weighted right action_epoch9": 0.8675566116857703, "ENV_Train_Weighted probability to choose the right action:_epoch9": 0.8150082286498499, "ENV_Test_TotalLoss_epoch9": 257.8526198711815, "ENV_Test_Right action_epoch9": 0.8032, "ENV_Test_Probability to choose the right action_epoch9": 0.7675948497787437, "ENV_Test_Weighted right action_epoch9": 0.8355790431883757, "ENV_Test_Weighted probability to choose the right action:_epoch9": 0.7991518443968143, "ENV_Test_proba_accuracy_epoch9": 0.767594849778742, "ENV_Test_proba_accuracy_strategy_132_epoch9": 0.8112459935095931, "ENV_Test_proba_accuracy_strategy_23_epoch9": 0.7718036526462163, "ENV_Test_proba_accuracy_strategy_107_epoch9": 0.8240374599891928, "ENV_Test_proba_accuracy_strategy_43_epoch9": 0.7685938588004768, "ENV_Test_proba_accuracy_strategy_17_epoch9": 0.736245290173631, "ENV_Test_proba_accuracy_strategy_93_epoch9": 0.7668114092124267, "ENV_Test_proba_accuracy_per_mean_strategy_epoch9": 0.7797896107219228, "ENV_Test_proba_accuracy_per_mean_user_epoch9": 0.779669335265336, "ENV_Test_proba_accuracy_per_mean_user_and_bot_epoch9": 0.7991518443968155, "ENV_Test_accuracy_epoch9": 0.8032, "ENV_Test_accuracy_strategy_132_epoch9": 0.8453257790368272, "ENV_Test_accuracy_strategy_23_epoch9": 0.8078849571820973, "ENV_Test_accuracy_strategy_107_epoch9": 0.8587848932676518, "ENV_Test_accuracy_strategy_43_epoch9": 0.806615776081425, "ENV_Test_accuracy_strategy_17_epoch9": 0.7701905626134301, "ENV_Test_accuracy_strategy_93_epoch9": 0.8059149722735675, "ENV_Test_accuracy_per_mean_strategy_epoch9": 0.8157861567424997, "ENV_Test_accuracy_per_mean_user_epoch9": 0.8145732972276196, "ENV_Test_accuracy_per_mean_user_and_bot_epoch9": 0.8355790431883765, "ENV_Train_TotalLoss_epoch10": 641.8938578177251, "ENV_Train_Right action_epoch10": 0.8708554654738607, "ENV_Train_Probability to choose the right action_epoch10": 0.8201457821364254, "ENV_Train_Weighted right action_epoch10": 0.8708554654738607, "ENV_Train_Weighted probability to choose the right action:_epoch10": 0.8201457821364254, "ENV_Test_TotalLoss_epoch10": 269.79216984222774, "ENV_Test_Right action_epoch10": 0.807936, "ENV_Test_Probability to choose the right action_epoch10": 0.7842969482223925, "ENV_Test_Weighted right action_epoch10": 0.8445110410649083, "ENV_Test_Weighted probability to choose the right action:_epoch10": 0.8135982295004612, "ENV_Test_proba_accuracy_epoch10": 0.784296948222392, "ENV_Test_proba_accuracy_strategy_132_epoch10": 0.821871558227136, "ENV_Test_proba_accuracy_strategy_23_epoch10": 0.7917319128702746, "ENV_Test_proba_accuracy_strategy_107_epoch10": 0.8351084839429453, "ENV_Test_proba_accuracy_strategy_43_epoch10": 0.7790110119975623, "ENV_Test_proba_accuracy_strategy_17_epoch10": 0.7558736078028564, "ENV_Test_proba_accuracy_strategy_93_epoch10": 0.7753516323229568, "ENV_Test_proba_accuracy_per_mean_strategy_epoch10": 0.7931580345272886, "ENV_Test_proba_accuracy_per_mean_user_epoch10": 0.7944863433142287, "ENV_Test_proba_accuracy_per_mean_user_and_bot_epoch10": 0.8135982295004618, "ENV_Test_accuracy_epoch10": 0.807936, "ENV_Test_accuracy_strategy_132_epoch10": 0.8470254957507082, "ENV_Test_accuracy_strategy_23_epoch10": 0.8133785748909356, "ENV_Test_accuracy_strategy_107_epoch10": 0.8784893267651889, "ENV_Test_accuracy_strategy_43_epoch10": 0.8053435114503816, "ENV_Test_accuracy_strategy_17_epoch10": 0.7767695099818511, "ENV_Test_accuracy_strategy_93_epoch10": 0.8040665434380776, "ENV_Test_accuracy_per_mean_strategy_epoch10": 0.8208454937128572, "ENV_Test_accuracy_per_mean_user_epoch10": 0.8186590711460554, "ENV_Test_accuracy_per_mean_user_and_bot_epoch10": 0.8445110410649079, "ENV_Train_TotalLoss_epoch11": 607.9955233086905, "ENV_Train_Right action_epoch11": 0.8794257838162732, "ENV_Train_Probability to choose the right action_epoch11": 0.8295919812253058, "ENV_Train_Weighted right action_epoch11": 0.8794257838162732, "ENV_Train_Weighted probability to choose the right action:_epoch11": 0.8295919812253058, "ENV_Test_TotalLoss_epoch11": 276.03680263843245, "ENV_Test_Right action_epoch11": 0.805568, "ENV_Test_Probability to choose the right action_epoch11": 0.7809995416918382, "ENV_Test_Weighted right action_epoch11": 0.8371627367031762, "ENV_Test_Weighted probability to choose the right action:_epoch11": 0.8100556393214187, "ENV_Test_proba_accuracy_epoch11": 0.780999541691837, "ENV_Test_proba_accuracy_strategy_132_epoch11": 0.8180857923120881, "ENV_Test_proba_accuracy_strategy_23_epoch11": 0.788061701029606, "ENV_Test_proba_accuracy_strategy_107_epoch11": 0.8319350374725822, "ENV_Test_proba_accuracy_strategy_43_epoch11": 0.7725351026209116, "ENV_Test_proba_accuracy_strategy_17_epoch11": 0.7548764405921201, "ENV_Test_proba_accuracy_strategy_93_epoch11": 0.7701604238086376, "ENV_Test_proba_accuracy_per_mean_strategy_epoch11": 0.7892757496393243, "ENV_Test_proba_accuracy_per_mean_user_epoch11": 0.7917740969503336, "ENV_Test_proba_accuracy_per_mean_user_and_bot_epoch11": 0.8100556393214192, "ENV_Test_accuracy_epoch11": 0.805568, "ENV_Test_accuracy_strategy_132_epoch11": 0.8413597733711048, "ENV_Test_accuracy_strategy_23_epoch11": 0.8132169978994991, "ENV_Test_accuracy_strategy_107_epoch11": 0.8620689655172413, "ENV_Test_accuracy_strategy_43_epoch11": 0.8008905852417303, "ENV_Test_accuracy_strategy_17_epoch11": 0.7767695099818511, "ENV_Test_accuracy_strategy_93_epoch11": 0.7957486136783734, "ENV_Test_accuracy_per_mean_strategy_epoch11": 0.8150090742816333, "ENV_Test_accuracy_per_mean_user_epoch11": 0.8155550286181161, "ENV_Test_accuracy_per_mean_user_and_bot_epoch11": 0.8371627367031765, "ENV_Train_TotalLoss_epoch12": 587.1866168901239, "ENV_Train_Right action_epoch12": 0.8821154114852592, "ENV_Train_Probability to choose the right action_epoch12": 0.8353957084980822, "ENV_Train_Weighted right action_epoch12": 0.8821154114852592, "ENV_Train_Weighted probability to choose the right action:_epoch12": 0.8353957084980822, "ENV_Test_TotalLoss_epoch12": 303.7386746273077, "ENV_Test_Right action_epoch12": 0.802048, "ENV_Test_Probability to choose the right action_epoch12": 0.7817908722938226, "ENV_Test_Weighted right action_epoch12": 0.8343313524729469, "ENV_Test_Weighted probability to choose the right action:_epoch12": 0.8128707917246673, "ENV_Test_proba_accuracy_epoch12": 0.781790872293822, "ENV_Test_proba_accuracy_strategy_132_epoch12": 0.8229402210688694, "ENV_Test_proba_accuracy_strategy_23_epoch12": 0.7886431053349554, "ENV_Test_proba_accuracy_strategy_107_epoch12": 0.8329081016088005, "ENV_Test_proba_accuracy_strategy_43_epoch12": 0.7760456231801119, "ENV_Test_proba_accuracy_strategy_17_epoch12": 0.7520817568043731, "ENV_Test_proba_accuracy_strategy_93_epoch12": 0.7760809362049944, "ENV_Test_proba_accuracy_per_mean_strategy_epoch12": 0.7914499573670174, "ENV_Test_proba_accuracy_per_mean_user_epoch12": 0.7932667038017961, "ENV_Test_proba_accuracy_per_mean_user_and_bot_epoch12": 0.8128707917246667, "ENV_Test_accuracy_epoch12": 0.802048, "ENV_Test_accuracy_strategy_132_epoch12": 0.8492917847025496, "ENV_Test_accuracy_strategy_23_epoch12": 0.8096623040878979, "ENV_Test_accuracy_strategy_107_epoch12": 0.8522167487684729, "ENV_Test_accuracy_strategy_43_epoch12": 0.7951653944020356, "ENV_Test_accuracy_strategy_17_epoch12": 0.770644283121597, "ENV_Test_accuracy_strategy_93_epoch12": 0.7911275415896488, "ENV_Test_accuracy_per_mean_strategy_epoch12": 0.8113513427787004, "ENV_Test_accuracy_per_mean_user_epoch12": 0.8130939327237732, "ENV_Test_accuracy_per_mean_user_and_bot_epoch12": 0.8343313524729468, "ENV_Train_TotalLoss_epoch13": 566.8395971777318, "ENV_Train_Right action_epoch13": 0.8878951340171609, "ENV_Train_Probability to choose the right action_epoch13": 0.8420210447167673, "ENV_Train_Weighted right action_epoch13": 0.8878951340171609, "ENV_Train_Weighted probability to choose the right action:_epoch13": 0.8420210447167673, "ENV_Test_TotalLoss_epoch13": 351.98286944086743, "ENV_Test_Right action_epoch13": 0.803008, "ENV_Test_Probability to choose the right action_epoch13": 0.7871238192358658, "ENV_Test_Weighted right action_epoch13": 0.8301530263518835, "ENV_Test_Weighted probability to choose the right action:_epoch13": 0.8136608225861601, "ENV_Test_proba_accuracy_epoch13": 0.7871238192358659, "ENV_Test_proba_accuracy_strategy_132_epoch13": 0.8242359681528608, "ENV_Test_proba_accuracy_strategy_23_epoch13": 0.797068349490025, "ENV_Test_proba_accuracy_strategy_107_epoch13": 0.8315482107418192, "ENV_Test_proba_accuracy_strategy_43_epoch13": 0.7806700773099595, "ENV_Test_proba_accuracy_strategy_17_epoch13": 0.7562606886084565, "ENV_Test_proba_accuracy_strategy_93_epoch13": 0.7798094635099271, "ENV_Test_proba_accuracy_per_mean_strategy_epoch13": 0.7949321263021747, "ENV_Test_proba_accuracy_per_mean_user_epoch13": 0.7966222505476639, "ENV_Test_proba_accuracy_per_mean_user_and_bot_epoch13": 0.8136608225861606, "ENV_Test_accuracy_epoch13": 0.803008, "ENV_Test_accuracy_strategy_132_epoch13": 0.8396600566572238, "ENV_Test_accuracy_strategy_23_epoch13": 0.815479075779609, "ENV_Test_accuracy_strategy_107_epoch13": 0.8489326765188834, "ENV_Test_accuracy_strategy_43_epoch13": 0.7932569974554707, "ENV_Test_accuracy_strategy_17_epoch13": 0.7697368421052632, "ENV_Test_accuracy_strategy_93_epoch13": 0.7957486136783734, "ENV_Test_accuracy_per_mean_strategy_epoch13": 0.8104690436991372, "ENV_Test_accuracy_per_mean_user_epoch13": 0.8113338976018011, "ENV_Test_accuracy_per_mean_user_and_bot_epoch13": 0.8301530263518836, "ENV_Train_TotalLoss_epoch14": 550.0592145725068, "ENV_Train_Right action_epoch14": 0.8915553195057864, "ENV_Train_Probability to choose the right action_epoch14": 0.8474707040021356, "ENV_Train_Weighted right action_epoch14": 0.8915553195057864, "ENV_Train_Weighted probability to choose the right action:_epoch14": 0.8474707040021356, "ENV_Test_TotalLoss_epoch14": 285.5951770698634, "ENV_Test_Right action_epoch14": 0.802496, "ENV_Test_Probability to choose the right action_epoch14": 0.7803237414559285, "ENV_Test_Weighted right action_epoch14": 0.837210670814378, "ENV_Test_Weighted probability to choose the right action:_epoch14": 0.8125646618716584, "ENV_Test_proba_accuracy_epoch14": 0.7803237414559291, "ENV_Test_proba_accuracy_strategy_132_epoch14": 0.8176123477318975, "ENV_Test_proba_accuracy_strategy_23_epoch14": 0.7873702611856549, "ENV_Test_proba_accuracy_strategy_107_epoch14": 0.8400256832083148, "ENV_Test_proba_accuracy_strategy_43_epoch14": 0.7766005122500061, "ENV_Test_proba_accuracy_strategy_17_epoch14": 0.7499694246173434, "ENV_Test_proba_accuracy_strategy_93_epoch14": 0.7746591959149297, "ENV_Test_proba_accuracy_per_mean_strategy_epoch14": 0.7910395708180243, "ENV_Test_proba_accuracy_per_mean_user_epoch14": 0.7909351433363127, "ENV_Test_proba_accuracy_per_mean_user_and_bot_epoch14": 0.8125646618716579, "ENV_Test_accuracy_epoch14": 0.802496, "ENV_Test_accuracy_strategy_132_epoch14": 0.8373937677053824, "ENV_Test_accuracy_strategy_23_epoch14": 0.81047018904508, "ENV_Test_accuracy_strategy_107_epoch14": 0.8752052545155994, "ENV_Test_accuracy_strategy_43_epoch14": 0.7958015267175572, "ENV_Test_accuracy_strategy_17_epoch14": 0.771551724137931, "ENV_Test_accuracy_strategy_93_epoch14": 0.7948243992606284, "ENV_Test_accuracy_per_mean_strategy_epoch14": 0.814207810230363, "ENV_Test_accuracy_per_mean_user_epoch14": 0.8137136458433247, "ENV_Test_accuracy_per_mean_user_and_bot_epoch14": 0.8372106708143785, "ENV_Train_TotalLoss_epoch15": 533.0496779856003, "ENV_Train_Right action_epoch15": 0.8950215240118522, "ENV_Train_Probability to choose the right action_epoch15": 0.8519361170121789, "ENV_Train_Weighted right action_epoch15": 0.8950215240118522, "ENV_Train_Weighted probability to choose the right action:_epoch15": 0.8519361170121789, "ENV_Test_TotalLoss_epoch15": 379.94566902937294, "ENV_Test_Right action_epoch15": 0.799104, "ENV_Test_Probability to choose the right action_epoch15": 0.7888039032172631, "ENV_Test_Weighted right action_epoch15": 0.8329535765011723, "ENV_Test_Weighted probability to choose the right action:_epoch15": 0.8208458708146469, "ENV_Test_proba_accuracy_epoch15": 0.7888039032172639, "ENV_Test_proba_accuracy_strategy_132_epoch15": 0.8224567888866955, "ENV_Test_proba_accuracy_strategy_23_epoch15": 0.7966868763468784, "ENV_Test_proba_accuracy_strategy_107_epoch15": 0.8517775646497034, "ENV_Test_proba_accuracy_strategy_43_epoch15": 0.7840698719371092, "ENV_Test_proba_accuracy_strategy_17_epoch15": 0.7588592583248994, "ENV_Test_proba_accuracy_strategy_93_epoch15": 0.7822437074130669, "ENV_Test_proba_accuracy_per_mean_strategy_epoch15": 0.7993490112597255, "ENV_Test_proba_accuracy_per_mean_user_epoch15": 0.7987529615052344, "ENV_Test_proba_accuracy_per_mean_user_and_bot_epoch15": 0.8208458708146475, "ENV_Test_accuracy_epoch15": 0.799104, "ENV_Test_accuracy_strategy_132_epoch15": 0.8322946175637393, "ENV_Test_accuracy_strategy_23_epoch15": 0.8077233801906608, "ENV_Test_accuracy_strategy_107_epoch15": 0.8637110016420362, "ENV_Test_accuracy_strategy_43_epoch15": 0.7913486005089059, "ENV_Test_accuracy_strategy_17_epoch15": 0.7686025408348457, "ENV_Test_accuracy_strategy_93_epoch15": 0.7948243992606284, "ENV_Test_accuracy_per_mean_strategy_epoch15": 0.8097507566668026, "ENV_Test_accuracy_per_mean_user_epoch15": 0.8091387598345613, "ENV_Test_accuracy_per_mean_user_and_bot_epoch15": 0.8329535765011723, "ENV_Train_TotalLoss_epoch16": 499.437850987886, "ENV_Train_Right action_epoch16": 0.9046307814880561, "ENV_Train_Probability to choose the right action_epoch16": 0.8621545329557749, "ENV_Train_Weighted right action_epoch16": 0.9046307814880561, "ENV_Train_Weighted probability to choose the right action:_epoch16": 0.8621545329557749, "ENV_Test_TotalLoss_epoch16": 325.95564696976936, "ENV_Test_Right action_epoch16": 0.7984, "ENV_Test_Probability to choose the right action_epoch16": 0.7798692243531123, "ENV_Test_Weighted right action_epoch16": 0.8277299466558313, "ENV_Test_Weighted probability to choose the right action:_epoch16": 0.8096866283543233, "ENV_Test_proba_accuracy_epoch16": 0.7798692243531127, "ENV_Test_proba_accuracy_strategy_132_epoch16": 0.813540684589684, "ENV_Test_proba_accuracy_strategy_23_epoch16": 0.7880675681404367, "ENV_Test_proba_accuracy_strategy_107_epoch16": 0.8397511014285212, "ENV_Test_proba_accuracy_strategy_43_epoch16": 0.7747135226826296, "ENV_Test_proba_accuracy_strategy_17_epoch16": 0.7503345024383512, "ENV_Test_proba_accuracy_strategy_93_epoch16": 0.7721576504806965, "ENV_Test_proba_accuracy_per_mean_strategy_epoch16": 0.7897608382933865, "ENV_Test_proba_accuracy_per_mean_user_epoch16": 0.7894098336294603, "ENV_Test_proba_accuracy_per_mean_user_and_bot_epoch16": 0.8096866283543249, "ENV_Test_accuracy_epoch16": 0.7984, "ENV_Test_accuracy_strategy_132_epoch16": 0.8288951841359773, "ENV_Test_accuracy_strategy_23_epoch16": 0.8091775731135886, "ENV_Test_accuracy_strategy_107_epoch16": 0.8555008210180624, "ENV_Test_accuracy_strategy_43_epoch16": 0.7989821882951654, "ENV_Test_accuracy_strategy_17_epoch16": 0.7647459165154264, "ENV_Test_accuracy_strategy_93_epoch16": 0.7911275415896488, "ENV_Test_accuracy_per_mean_strategy_epoch16": 0.8080715374446449, "ENV_Test_accuracy_per_mean_user_epoch16": 0.8076847768678554, "ENV_Test_accuracy_per_mean_user_and_bot_epoch16": 0.8277299466558319, "ENV_Train_TotalLoss_epoch17": 483.640776206051, "ENV_Train_Right action_epoch17": 0.9047232977816296, "ENV_Train_Probability to choose the right action_epoch17": 0.8659304039881393, "ENV_Train_Weighted right action_epoch17": 0.9047232977816296, "ENV_Train_Weighted probability to choose the right action:_epoch17": 0.8659304039881393, "ENV_Test_TotalLoss_epoch17": 357.2374022081246, "ENV_Test_Right action_epoch17": 0.796608, "ENV_Test_Probability to choose the right action_epoch17": 0.7815249768355006, "ENV_Test_Weighted right action_epoch17": 0.8347284292777932, "ENV_Test_Weighted probability to choose the right action:_epoch17": 0.815042898251049, "ENV_Test_proba_accuracy_epoch17": 0.7815249768355008, "ENV_Test_proba_accuracy_strategy_132_epoch17": 0.8172888221433794, "ENV_Test_proba_accuracy_strategy_23_epoch17": 0.7889686150230519, "ENV_Test_proba_accuracy_strategy_107_epoch17": 0.8416464582319317, "ENV_Test_proba_accuracy_strategy_43_epoch17": 0.7809529969118527, "ENV_Test_proba_accuracy_strategy_17_epoch17": 0.7524340551712557, "ENV_Test_proba_accuracy_strategy_93_epoch17": 0.766114708124207, "ENV_Test_proba_accuracy_per_mean_strategy_epoch17": 0.7912342759342798, "ENV_Test_proba_accuracy_per_mean_user_epoch17": 0.7920858377729323, "ENV_Test_proba_accuracy_per_mean_user_and_bot_epoch17": 0.8150428982510495, "ENV_Test_accuracy_epoch17": 0.796608, "ENV_Test_accuracy_strategy_132_epoch17": 0.8311614730878187, "ENV_Test_accuracy_strategy_23_epoch17": 0.8051381483276782, "ENV_Test_accuracy_strategy_107_epoch17": 0.8587848932676518, "ENV_Test_accuracy_strategy_43_epoch17": 0.7977099236641222, "ENV_Test_accuracy_strategy_17_epoch17": 0.7665607985480943, "ENV_Test_accuracy_strategy_93_epoch17": 0.777264325323475, "ENV_Test_accuracy_per_mean_strategy_epoch17": 0.8061032603698067, "ENV_Test_accuracy_per_mean_user_epoch17": 0.8088100950906317, "ENV_Test_accuracy_per_mean_user_and_bot_epoch17": 0.834728429277794, "ENV_Train_TotalLoss_epoch18": 474.3421533732831, "ENV_Train_Right action_epoch18": 0.9073817810765854, "ENV_Train_Probability to choose the right action_epoch18": 0.8689947129032014, "ENV_Train_Weighted right action_epoch18": 0.9073817810765854, "ENV_Train_Weighted probability to choose the right action:_epoch18": 0.8689947129032014, "ENV_Test_TotalLoss_epoch18": 347.79790397394436, "ENV_Test_Right action_epoch18": 0.794944, "ENV_Test_Probability to choose the right action_epoch18": 0.7794099146271521, "ENV_Test_Weighted right action_epoch18": 0.8294118276453895, "ENV_Test_Weighted probability to choose the right action:_epoch18": 0.8109709113619944, "ENV_Test_proba_accuracy_epoch18": 0.7794099146271533, "ENV_Test_proba_accuracy_strategy_132_epoch18": 0.8116311527258785, "ENV_Test_proba_accuracy_strategy_23_epoch18": 0.7863292737526072, "ENV_Test_proba_accuracy_strategy_107_epoch18": 0.8311490248118724, "ENV_Test_proba_accuracy_strategy_43_epoch18": 0.7827363116358669, "ENV_Test_proba_accuracy_strategy_17_epoch18": 0.7508882919721249, "ENV_Test_proba_accuracy_strategy_93_epoch18": 0.7695122247856471, "ENV_Test_proba_accuracy_per_mean_strategy_epoch18": 0.7887077132806662, "ENV_Test_proba_accuracy_per_mean_user_epoch18": 0.7901139331459314, "ENV_Test_proba_accuracy_per_mean_user_and_bot_epoch18": 0.8109709113619941, "ENV_Test_accuracy_epoch18": 0.794944, "ENV_Test_accuracy_strategy_132_epoch18": 0.8254957507082153, "ENV_Test_accuracy_strategy_23_epoch18": 0.8043302633704961, "ENV_Test_accuracy_strategy_107_epoch18": 0.8587848932676518, "ENV_Test_accuracy_strategy_43_epoch18": 0.7951653944020356, "ENV_Test_accuracy_strategy_17_epoch18": 0.7629310344827587, "ENV_Test_accuracy_strategy_93_epoch18": 0.7855822550831792, "ENV_Test_accuracy_per_mean_strategy_epoch18": 0.8053815985523896, "ENV_Test_accuracy_per_mean_user_epoch18": 0.8057943895131853, "ENV_Test_accuracy_per_mean_user_and_bot_epoch18": 0.8294118276453906, "ENV_Train_TotalLoss_epoch19": 457.61878960001246, "ENV_Train_Right action_epoch19": 0.9120779293381037, "ENV_Train_Probability to choose the right action_epoch19": 0.8741014771749861, "ENV_Train_Weighted right action_epoch19": 0.9120779293381037, "ENV_Train_Weighted probability to choose the right action:_epoch19": 0.8741014771749861, "ENV_Test_TotalLoss_epoch19": 378.4295470857253, "ENV_Test_Right action_epoch19": 0.793792, "ENV_Test_Probability to choose the right action_epoch19": 0.780713526516069, "ENV_Test_Weighted right action_epoch19": 0.8286394871624314, "ENV_Test_Weighted probability to choose the right action:_epoch19": 0.8131746881801648, "ENV_Test_proba_accuracy_epoch19": 0.7807135265160687, "ENV_Test_proba_accuracy_strategy_132_epoch19": 0.8201112109305512, "ENV_Test_proba_accuracy_strategy_23_epoch19": 0.7863371724549553, "ENV_Test_proba_accuracy_strategy_107_epoch19": 0.8286714454565667, "ENV_Test_proba_accuracy_strategy_43_epoch19": 0.7818776444459292, "ENV_Test_proba_accuracy_strategy_17_epoch19": 0.7514265425566296, "ENV_Test_proba_accuracy_strategy_93_epoch19": 0.7749085372049541, "ENV_Test_proba_accuracy_per_mean_strategy_epoch19": 0.7905554255082644, "ENV_Test_proba_accuracy_per_mean_user_epoch19": 0.7909023773449892, "ENV_Test_proba_accuracy_per_mean_user_and_bot_epoch19": 0.8131746881801646, "ENV_Test_accuracy_epoch19": 0.793792, "ENV_Test_accuracy_strategy_132_epoch19": 0.8356940509915014, "ENV_Test_accuracy_strategy_23_epoch19": 0.7977056067216028, "ENV_Test_accuracy_strategy_107_epoch19": 0.8456486042692939, "ENV_Test_accuracy_strategy_43_epoch19": 0.7932569974554707, "ENV_Test_accuracy_strategy_17_epoch19": 0.7638384754990926, "ENV_Test_accuracy_strategy_93_epoch19": 0.7966728280961183, "ENV_Test_accuracy_per_mean_strategy_epoch19": 0.80546942717218, "ENV_Test_accuracy_per_mean_user_epoch19": 0.8048896261425562, "ENV_Test_accuracy_per_mean_user_and_bot_epoch19": 0.8286394871624327, "ENV_Train_TotalLoss_epoch20": 427.66138092094513, "ENV_Train_Right action_epoch20": 0.9174040060944074, "ENV_Train_Probability to choose the right action_epoch20": 0.881323505722094, "ENV_Train_Weighted right action_epoch20": 0.9174040060944074, "ENV_Train_Weighted probability to choose the right action:_epoch20": 0.881323505722094, "ENV_Test_TotalLoss_epoch20": 380.66334284128715, "ENV_Test_Right action_epoch20": 0.792512, "ENV_Test_Probability to choose the right action_epoch20": 0.7798955630375124, "ENV_Test_Weighted right action_epoch20": 0.8270441707299502, "ENV_Test_Weighted probability to choose the right action:_epoch20": 0.8121427490147354, "ENV_Test_proba_accuracy_epoch20": 0.7798955630375116, "ENV_Test_proba_accuracy_strategy_132_epoch20": 0.8129326571710257, "ENV_Test_proba_accuracy_strategy_23_epoch20": 0.7863356326239243, "ENV_Test_proba_accuracy_strategy_107_epoch20": 0.8457879955603129, "ENV_Test_proba_accuracy_strategy_43_epoch20": 0.7814348534751593, "ENV_Test_proba_accuracy_strategy_17_epoch20": 0.7513741518707396, "ENV_Test_proba_accuracy_strategy_93_epoch20": 0.7660379499439821, "ENV_Test_proba_accuracy_per_mean_strategy_epoch20": 0.790650540107524, "ENV_Test_proba_accuracy_per_mean_user_epoch20": 0.7903098902479513, "ENV_Test_proba_accuracy_per_mean_user_and_bot_epoch20": 0.8121427490147355, "ENV_Test_accuracy_epoch20": 0.792512, "ENV_Test_accuracy_strategy_132_epoch20": 0.8158640226628895, "ENV_Test_accuracy_strategy_23_epoch20": 0.7983519146873486, "ENV_Test_accuracy_strategy_107_epoch20": 0.8702791461412152, "ENV_Test_accuracy_strategy_43_epoch20": 0.8021628498727735, "ENV_Test_accuracy_strategy_17_epoch20": 0.7642921960072595, "ENV_Test_accuracy_strategy_93_epoch20": 0.7781885397412199, "ENV_Test_accuracy_per_mean_strategy_epoch20": 0.8048564448521178, "ENV_Test_accuracy_per_mean_user_epoch20": 0.8031855872961416, "ENV_Test_accuracy_per_mean_user_and_bot_epoch20": 0.827044170729951, "ENV_Train_TotalLoss_epoch21": 428.979337853543, "ENV_Train_Right action_epoch21": 0.9175564624329159, "ENV_Train_Probability to choose the right action_epoch21": 0.88221071147402, "ENV_Train_Weighted right action_epoch21": 0.9175564624329159, "ENV_Train_Weighted probability to choose the right action:_epoch21": 0.88221071147402, "ENV_Test_TotalLoss_epoch21": 494.04090522041497, "ENV_Test_Right action_epoch21": 0.7936, "ENV_Test_Probability to choose the right action_epoch21": 0.7811129823573063, "ENV_Test_Weighted right action_epoch21": 0.8223035597962848, "ENV_Test_Weighted probability to choose the right action:_epoch21": 0.8097962589342458, "ENV_Test_proba_accuracy_epoch21": 0.7811129823573062, "ENV_Test_proba_accuracy_strategy_132_epoch21": 0.8153048906017105, "ENV_Test_proba_accuracy_strategy_23_epoch21": 0.7903657836233893, "ENV_Test_proba_accuracy_strategy_107_epoch21": 0.8378986273231233, "ENV_Test_proba_accuracy_strategy_43_epoch21": 0.774763481124739, "ENV_Test_proba_accuracy_strategy_17_epoch21": 0.7531010894390529, "ENV_Test_proba_accuracy_strategy_93_epoch21": 0.7637941995938233, "ENV_Test_proba_accuracy_per_mean_strategy_epoch21": 0.7892046786176398, "ENV_Test_proba_accuracy_per_mean_user_epoch21": 0.7898016036559911, "ENV_Test_proba_accuracy_per_mean_user_and_bot_epoch21": 0.8097962589342467, "ENV_Test_accuracy_epoch21": 0.7936, "ENV_Test_accuracy_strategy_132_epoch21": 0.8260623229461757, "ENV_Test_accuracy_strategy_23_epoch21": 0.802391339473259, "ENV_Test_accuracy_strategy_107_epoch21": 0.8555008210180624, "ENV_Test_accuracy_strategy_43_epoch21": 0.7862595419847328, "ENV_Test_accuracy_strategy_17_epoch21": 0.7658802177858439, "ENV_Test_accuracy_strategy_93_epoch21": 0.7791127541589649, "ENV_Test_accuracy_per_mean_strategy_epoch21": 0.8025344995611733, "ENV_Test_accuracy_per_mean_user_epoch21": 0.801623953009041, "ENV_Test_accuracy_per_mean_user_and_bot_epoch21": 0.822303559796287, "ENV_Train_TotalLoss_epoch22": 407.7940400166211, "ENV_Train_Right action_epoch22": 0.9207536094145271, "ENV_Train_Probability to choose the right action_epoch22": 0.8878390686332652, "ENV_Train_Weighted right action_epoch22": 0.9207536094145271, "ENV_Train_Weighted probability to choose the right action:_epoch22": 0.8878390686332652, "ENV_Test_TotalLoss_epoch22": 373.28457767755907, "ENV_Test_Right action_epoch22": 0.790272, "ENV_Test_Probability to choose the right action_epoch22": 0.7725901058484146, "ENV_Test_Weighted right action_epoch22": 0.821181807188123, "ENV_Test_Weighted probability to choose the right action:_epoch22": 0.8022110740335814, "ENV_Test_proba_accuracy_epoch22": 0.7725901058484153, "ENV_Test_proba_accuracy_strategy_132_epoch22": 0.8147349970698873, "ENV_Test_proba_accuracy_strategy_23_epoch22": 0.7777511780510145, "ENV_Test_proba_accuracy_strategy_107_epoch22": 0.8234908106320616, "ENV_Test_proba_accuracy_strategy_43_epoch22": 0.7658985438335336, "ENV_Test_proba_accuracy_strategy_17_epoch22": 0.7465655676453501, "ENV_Test_proba_accuracy_strategy_93_epoch22": 0.7614155788664201, "ENV_Test_proba_accuracy_per_mean_strategy_epoch22": 0.7816427793497112, "ENV_Test_proba_accuracy_per_mean_user_epoch22": 0.7837691115800178, "ENV_Test_proba_accuracy_per_mean_user_and_bot_epoch22": 0.8022110740335805, "ENV_Test_accuracy_epoch22": 0.790272, "ENV_Test_accuracy_strategy_132_epoch22": 0.8334277620396601, "ENV_Test_accuracy_strategy_23_epoch22": 0.7965745677815479, "ENV_Test_accuracy_strategy_107_epoch22": 0.8505747126436781, "ENV_Test_accuracy_strategy_43_epoch22": 0.7837150127226463, "ENV_Test_accuracy_strategy_17_epoch22": 0.7617967332123412, "ENV_Test_accuracy_strategy_93_epoch22": 0.7754158964879853, "ENV_Test_accuracy_per_mean_strategy_epoch22": 0.8002507808146432, "ENV_Test_accuracy_per_mean_user_epoch22": 0.8005815649867519, "ENV_Test_accuracy_per_mean_user_and_bot_epoch22": 0.8211818071881243, "ENV_Train_TotalLoss_epoch23": 409.17290041800254, "ENV_Train_Right action_epoch23": 0.9213965254580777, "ENV_Train_Probability to choose the right action_epoch23": 0.8882544647821247, "ENV_Train_Weighted right action_epoch23": 0.9213965254580777, "ENV_Train_Weighted probability to choose the right action:_epoch23": 0.8882544647821247, "ENV_Test_TotalLoss_epoch23": 439.61900753187996, "ENV_Test_Right action_epoch23": 0.792128, "ENV_Test_Probability to choose the right action_epoch23": 0.7817697811530849, "ENV_Test_Weighted right action_epoch23": 0.824101112010488, "ENV_Test_Weighted probability to choose the right action:_epoch23": 0.8128498887144822, "ENV_Test_proba_accuracy_epoch23": 0.7817697811530843, "ENV_Test_proba_accuracy_strategy_132_epoch23": 0.820592460341541, "ENV_Test_proba_accuracy_strategy_23_epoch23": 0.7882001236241343, "ENV_Test_proba_accuracy_strategy_107_epoch23": 0.8360803734212322, "ENV_Test_proba_accuracy_strategy_43_epoch23": 0.7771516439069159, "ENV_Test_proba_accuracy_strategy_17_epoch23": 0.755585644646659, "ENV_Test_proba_accuracy_strategy_93_epoch23": 0.7644729386937881, "ENV_Test_proba_accuracy_per_mean_strategy_epoch23": 0.7903471974390451, "ENV_Test_proba_accuracy_per_mean_user_epoch23": 0.7911180597190073, "ENV_Test_proba_accuracy_per_mean_user_and_bot_epoch23": 0.812849888714482, "ENV_Test_accuracy_epoch23": 0.792128, "ENV_Test_accuracy_strategy_132_epoch23": 0.8305949008498583, "ENV_Test_accuracy_strategy_23_epoch23": 0.7983519146873486, "ENV_Test_accuracy_strategy_107_epoch23": 0.8423645320197044, "ENV_Test_accuracy_strategy_43_epoch23": 0.7919847328244275, "ENV_Test_accuracy_strategy_17_epoch23": 0.7658802177858439, "ENV_Test_accuracy_strategy_93_epoch23": 0.7726432532347505, "ENV_Test_accuracy_per_mean_strategy_epoch23": 0.8003032585669888, "ENV_Test_accuracy_per_mean_user_epoch23": 0.8006756071887343, "ENV_Test_accuracy_per_mean_user_and_bot_epoch23": 0.8241011120104889, "ENV_Train_TotalLoss_epoch24": 382.5083695151763, "ENV_Train_Right action_epoch24": 0.92699189264747, "ENV_Train_Probability to choose the right action_epoch24": 0.8956752476442037, "ENV_Train_Weighted right action_epoch24": 0.92699189264747, "ENV_Train_Weighted probability to choose the right action:_epoch24": 0.8956752476442037, "ENV_Test_TotalLoss_epoch24": 538.3506535491493, "ENV_Test_Right action_epoch24": 0.792448, "ENV_Test_Probability to choose the right action_epoch24": 0.7811990798677864, "ENV_Test_Weighted right action_epoch24": 0.8207860908995478, "ENV_Test_Weighted probability to choose the right action:_epoch24": 0.8098809709569581, "ENV_Test_proba_accuracy_epoch24": 0.7811990798677865, "ENV_Test_proba_accuracy_strategy_132_epoch24": 0.8108799140834684, "ENV_Test_proba_accuracy_strategy_23_epoch24": 0.7907485462442148, "ENV_Test_proba_accuracy_strategy_107_epoch24": 0.8332432370710401, "ENV_Test_proba_accuracy_strategy_43_epoch24": 0.7804446015781361, "ENV_Test_proba_accuracy_strategy_17_epoch24": 0.7530193790292016, "ENV_Test_proba_accuracy_strategy_93_epoch24": 0.7647655767593191, "ENV_Test_proba_accuracy_per_mean_strategy_epoch24": 0.7888502091275633, "ENV_Test_proba_accuracy_per_mean_user_epoch24": 0.7914555062970382, "ENV_Test_proba_accuracy_per_mean_user_and_bot_epoch24": 0.8098809709569591, "ENV_Test_accuracy_epoch24": 0.792448, "ENV_Test_accuracy_strategy_132_epoch24": 0.8186968838526912, "ENV_Test_accuracy_strategy_23_epoch24": 0.8030376474390046, "ENV_Test_accuracy_strategy_107_epoch24": 0.8407224958949097, "ENV_Test_accuracy_strategy_43_epoch24": 0.7913486005089059, "ENV_Test_accuracy_strategy_17_epoch24": 0.7647459165154264, "ENV_Test_accuracy_strategy_93_epoch24": 0.7763401109057301, "ENV_Test_accuracy_per_mean_strategy_epoch24": 0.7991486091861114, "ENV_Test_accuracy_per_mean_user_epoch24": 0.80351905794981, "ENV_Test_accuracy_per_mean_user_and_bot_epoch24": 0.820786090899548, "_wandb": {"runtime": 2518}}