{"ENV_Train_TotalLoss": 676.1156157511756, "ENV_Train_TotalLoss_epoch0": 1177.0960179660176, "ENV_Train_Right action": 0.8717482771635052, "ENV_Train_Right action_epoch0": 0.7481306517211981, "ENV_Train_Probability to choose the right action": 0.8166038391581754, "ENV_Train_Probability to choose the right action_epoch0": 0.6535990309486961, "ENV_Train_Weighted right action": 0.8717482771635052, "ENV_Train_Weighted right action_epoch0": 0.7481306517211981, "ENV_Train_Weighted probability to choose the right action:": 0.8166038391581754, "ENV_Train_Weighted probability to choose the right action:_epoch0": 0.6535990309486961, "_timestamp": 1720408651.0305753, "_runtime": 1979.3885083198547, "_step": 49, "ENV_Test_TotalLoss": 220.64068234113725, "ENV_Test_TotalLoss_epoch0": 238.90372046018175, "ENV_Test_Right action": 0.811712, "ENV_Test_Right action_epoch0": 0.765824, "ENV_Test_Probability to choose the right action": 0.7738161771645111, "ENV_Test_Probability to choose the right action_epoch0": 0.712697348589099, "ENV_Test_Weighted right action": 0.8511745844199741, "ENV_Test_Weighted right action_epoch0": 0.82489446537804, "ENV_Test_Weighted probability to choose the right action:": 0.8138000859038699, "ENV_Test_Weighted probability to choose the right action:_epoch0": 0.7678689541508216, "ENV_Test_proba_accuracy": 0.7738161771645111, "ENV_Test_proba_accuracy_epoch0": 0.7126973485890995, "ENV_Test_proba_accuracy_strategy_132": 0.8117572298663249, "ENV_Test_proba_accuracy_strategy_132_epoch0": 0.771609154423155, "ENV_Test_proba_accuracy_strategy_23": 0.774022696242407, "ENV_Test_proba_accuracy_strategy_23_epoch0": 0.7022936004350523, "ENV_Test_proba_accuracy_strategy_107": 0.8412655451130744, "ENV_Test_proba_accuracy_strategy_107_epoch0": 0.8038041634007493, "ENV_Test_proba_accuracy_strategy_43": 0.7764423979474987, "ENV_Test_proba_accuracy_strategy_43_epoch0": 0.7353770767940588, "ENV_Test_proba_accuracy_strategy_17": 0.7463122528395516, "ENV_Test_proba_accuracy_strategy_17_epoch0": 0.6791194922626951, "ENV_Test_proba_accuracy_strategy_93": 0.7810140604187547, "ENV_Test_proba_accuracy_strategy_93_epoch0": 0.7286715332070199, "ENV_Test_proba_accuracy_per_mean_strategy": 0.7884690304046019, "ENV_Test_proba_accuracy_per_mean_strategy_epoch0": 0.7368125034204551, "ENV_Test_proba_accuracy_per_mean_user": 0.7864364865589923, "ENV_Test_proba_accuracy_per_mean_user_epoch0": 0.731111510791645, "ENV_Test_proba_accuracy_per_mean_user_and_bot": 0.8138000859038709, "ENV_Test_proba_accuracy_per_mean_user_and_bot_epoch0": 0.7678689541508228, "ENV_Test_accuracy": 0.811712, "ENV_Test_accuracy_epoch0": 0.765824, "ENV_Test_accuracy_strategy_132": 0.8453257790368272, "ENV_Test_accuracy_strategy_132_epoch0": 0.8232294617563739, "ENV_Test_accuracy_strategy_23": 0.8125706899337535, "ENV_Test_accuracy_strategy_23_epoch0": 0.7581192438196801, "ENV_Test_accuracy_strategy_107": 0.8686371100164204, "ENV_Test_accuracy_strategy_107_epoch0": 0.8587848932676518, "ENV_Test_accuracy_strategy_43": 0.8129770992366412, "ENV_Test_accuracy_strategy_43_epoch0": 0.7881679389312977, "ENV_Test_accuracy_strategy_17": 0.7878856624319419, "ENV_Test_accuracy_strategy_17_epoch0": 0.728448275862069, "ENV_Test_accuracy_strategy_93": 0.8151571164510166, "ENV_Test_accuracy_strategy_93_epoch0": 0.7837338262476895, "ENV_Test_accuracy_per_mean_strategy": 0.8237589095177666, "ENV_Test_accuracy_per_mean_strategy_epoch0": 0.7900806066474604, "ENV_Test_accuracy_per_mean_user": 0.8234343766635137, "ENV_Test_accuracy_per_mean_user_epoch0": 0.7855030528787361, "ENV_Test_accuracy_per_mean_user_and_bot": 0.8511745844199738, "ENV_Test_accuracy_per_mean_user_and_bot_epoch0": 0.8248944653780392, "ENV_Train_TotalLoss_epoch1": 989.297360741469, "ENV_Train_Right action_epoch1": 0.7974761379040485, "ENV_Train_Probability to choose the right action_epoch1": 0.7197051215588444, "ENV_Train_Weighted right action_epoch1": 0.7974761379040485, "ENV_Train_Weighted probability to choose the right action:_epoch1": 0.7197051215588444, "ENV_Test_TotalLoss_epoch1": 228.03708679922164, "ENV_Test_Right action_epoch1": 0.778176, "ENV_Test_Probability to choose the right action_epoch1": 0.7319381767639688, "ENV_Test_Weighted right action_epoch1": 0.8341485863005615, "ENV_Test_Weighted probability to choose the right action:_epoch1": 0.7830971249458185, "ENV_Test_proba_accuracy_epoch1": 0.731938176763968, "ENV_Test_proba_accuracy_strategy_132_epoch1": 0.7836066103215967, "ENV_Test_proba_accuracy_strategy_23_epoch1": 0.727088625846197, "ENV_Test_proba_accuracy_strategy_107_epoch1": 0.8173933118268399, "ENV_Test_proba_accuracy_strategy_43_epoch1": 0.7525434665280335, "ENV_Test_proba_accuracy_strategy_17_epoch1": 0.6962829848757223, "ENV_Test_proba_accuracy_strategy_93_epoch1": 0.7426160681520056, "ENV_Test_proba_accuracy_per_mean_strategy_epoch1": 0.7532551779250659, "ENV_Test_proba_accuracy_per_mean_user_epoch1": 0.749306766670972, "ENV_Test_proba_accuracy_per_mean_user_and_bot_epoch1": 0.7830971249458191, "ENV_Test_accuracy_epoch1": 0.778176, "ENV_Test_accuracy_strategy_132_epoch1": 0.8311614730878187, "ENV_Test_accuracy_strategy_23_epoch1": 0.7737922119890127, "ENV_Test_accuracy_strategy_107_epoch1": 0.8752052545155994, "ENV_Test_accuracy_strategy_43_epoch1": 0.7989821882951654, "ENV_Test_accuracy_strategy_17_epoch1": 0.742059891107078, "ENV_Test_accuracy_strategy_93_epoch1": 0.7791127541589649, "ENV_Test_accuracy_per_mean_strategy_epoch1": 0.8000522955256066, "ENV_Test_accuracy_per_mean_user_epoch1": 0.7984514609142156, "ENV_Test_accuracy_per_mean_user_and_bot_epoch1": 0.8341485863005621, "ENV_Train_TotalLoss_epoch2": 949.9094087351612, "ENV_Train_Right action_epoch2": 0.8056161243430616, "ENV_Train_Probability to choose the right action_epoch2": 0.7326131825863144, "ENV_Train_Weighted right action_epoch2": 0.8056161243430616, "ENV_Train_Weighted probability to choose the right action:_epoch2": 0.7326131825863144, "ENV_Test_TotalLoss_epoch2": 219.61818059459475, "ENV_Test_Right action_epoch2": 0.78336, "ENV_Test_Probability to choose the right action_epoch2": 0.7332560922787803, "ENV_Test_Weighted right action_epoch2": 0.8403111942119738, "ENV_Test_Weighted probability to choose the right action:_epoch2": 0.7855161865265633, "ENV_Test_proba_accuracy_epoch2": 0.7332560922787802, "ENV_Test_proba_accuracy_strategy_132_epoch2": 0.7874949738127182, "ENV_Test_proba_accuracy_strategy_23_epoch2": 0.7285843801611003, "ENV_Test_proba_accuracy_strategy_107_epoch2": 0.8196818523768199, "ENV_Test_proba_accuracy_strategy_43_epoch2": 0.7560361359262376, "ENV_Test_proba_accuracy_strategy_17_epoch2": 0.696654493971948, "ENV_Test_proba_accuracy_strategy_93_epoch2": 0.7388734020864779, "ENV_Test_proba_accuracy_per_mean_strategy_epoch2": 0.754554206389217, "ENV_Test_proba_accuracy_per_mean_user_epoch2": 0.7507948134316977, "ENV_Test_proba_accuracy_per_mean_user_and_bot_epoch2": 0.7855161865265641, "ENV_Test_accuracy_epoch2": 0.78336, "ENV_Test_accuracy_strategy_132_epoch2": 0.8396600566572238, "ENV_Test_accuracy_strategy_23_epoch2": 0.7799321376635967, "ENV_Test_accuracy_strategy_107_epoch2": 0.8752052545155994, "ENV_Test_accuracy_strategy_43_epoch2": 0.8097964376590331, "ENV_Test_accuracy_strategy_17_epoch2": 0.7436479128856625, "ENV_Test_accuracy_strategy_93_epoch2": 0.7828096118299446, "ENV_Test_accuracy_per_mean_strategy_epoch2": 0.8051752352018434, "ENV_Test_accuracy_per_mean_user_epoch2": 0.8011621769609013, "ENV_Test_accuracy_per_mean_user_and_bot_epoch2": 0.8403111942119738, "ENV_Train_TotalLoss_epoch3": 922.3513011262432, "ENV_Train_Right action_epoch3": 0.8118535085266984, "ENV_Train_Probability to choose the right action_epoch3": 0.7404238707714801, "ENV_Train_Weighted right action_epoch3": 0.8118535085266984, "ENV_Train_Weighted probability to choose the right action:_epoch3": 0.7404238707714801, "ENV_Test_TotalLoss_epoch3": 225.17486834231013, "ENV_Test_Right action_epoch3": 0.783552, "ENV_Test_Probability to choose the right action_epoch3": 0.734679687267421, "ENV_Test_Weighted right action_epoch3": 0.8378325245619331, "ENV_Test_Weighted probability to choose the right action:_epoch3": 0.7872027675543974, "ENV_Test_proba_accuracy_epoch3": 0.7346796872674217, "ENV_Test_proba_accuracy_strategy_132_epoch3": 0.7870532147526843, "ENV_Test_proba_accuracy_strategy_23_epoch3": 0.7282788921493298, "ENV_Test_proba_accuracy_strategy_107_epoch3": 0.8253373038486239, "ENV_Test_proba_accuracy_strategy_43_epoch3": 0.7566732289736484, "ENV_Test_proba_accuracy_strategy_17_epoch3": 0.6996147565868882, "ENV_Test_proba_accuracy_strategy_93_epoch3": 0.7457306330659748, "ENV_Test_proba_accuracy_per_mean_strategy_epoch3": 0.7571146715628583, "ENV_Test_proba_accuracy_per_mean_user_epoch3": 0.7524914693781077, "ENV_Test_proba_accuracy_per_mean_user_and_bot_epoch3": 0.7872027675543981, "ENV_Test_accuracy_epoch3": 0.783552, "ENV_Test_accuracy_strategy_132_epoch3": 0.8237960339943343, "ENV_Test_accuracy_strategy_23_epoch3": 0.7800937146550331, "ENV_Test_accuracy_strategy_107_epoch3": 0.8752052545155994, "ENV_Test_accuracy_strategy_43_epoch3": 0.8034351145038168, "ENV_Test_accuracy_strategy_17_epoch3": 0.7502268602540835, "ENV_Test_accuracy_strategy_93_epoch3": 0.7929759704251387, "ENV_Test_accuracy_per_mean_strategy_epoch3": 0.8042888247246675, "ENV_Test_accuracy_per_mean_user_epoch3": 0.8021256578991759, "ENV_Test_accuracy_per_mean_user_and_bot_epoch3": 0.8378325245619327, "ENV_Train_TotalLoss_epoch4": 902.7311263334144, "ENV_Train_Right action_epoch4": 0.8178895427668824, "ENV_Train_Probability to choose the right action_epoch4": 0.7468118958947559, "ENV_Train_Weighted right action_epoch4": 0.8178895427668824, "ENV_Train_Weighted probability to choose the right action:_epoch4": 0.7468118958947559, "ENV_Test_TotalLoss_epoch4": 215.61823575546686, "ENV_Test_Right action_epoch4": 0.793024, "ENV_Test_Probability to choose the right action_epoch4": 0.7444055142121803, "ENV_Test_Weighted right action_epoch4": 0.8449242612959531, "ENV_Test_Weighted probability to choose the right action:_epoch4": 0.7952708966218549, "ENV_Test_proba_accuracy_epoch4": 0.7444055142121804, "ENV_Test_proba_accuracy_strategy_132_epoch4": 0.7977993212208956, "ENV_Test_proba_accuracy_strategy_23_epoch4": 0.74017311733481, "ENV_Test_proba_accuracy_strategy_107_epoch4": 0.8227156777273028, "ENV_Test_proba_accuracy_strategy_43_epoch4": 0.7668593308469824, "ENV_Test_proba_accuracy_strategy_17_epoch4": 0.7088545533959293, "ENV_Test_proba_accuracy_strategy_93_epoch4": 0.7496500436494082, "ENV_Test_proba_accuracy_per_mean_strategy_epoch4": 0.7643420073625548, "ENV_Test_proba_accuracy_per_mean_user_epoch4": 0.7623347635534149, "ENV_Test_proba_accuracy_per_mean_user_and_bot_epoch4": 0.7952708966218547, "ENV_Test_accuracy_epoch4": 0.793024, "ENV_Test_accuracy_strategy_132_epoch4": 0.8373937677053824, "ENV_Test_accuracy_strategy_23_epoch4": 0.790434642106964, "ENV_Test_accuracy_strategy_107_epoch4": 0.8719211822660099, "ENV_Test_accuracy_strategy_43_epoch4": 0.816793893129771, "ENV_Test_accuracy_strategy_17_epoch4": 0.7597549909255898, "ENV_Test_accuracy_strategy_93_epoch4": 0.7920517560073937, "ENV_Test_accuracy_per_mean_strategy_epoch4": 0.8113917053568519, "ENV_Test_accuracy_per_mean_user_epoch4": 0.8116252292249072, "ENV_Test_accuracy_per_mean_user_and_bot_epoch4": 0.8449242612959527, "ENV_Train_TotalLoss_epoch5": 884.6884397999776, "ENV_Train_Right action_epoch5": 0.8239726027397261, "ENV_Train_Probability to choose the right action_epoch5": 0.7529505057323681, "ENV_Train_Weighted right action_epoch5": 0.8239726027397261, "ENV_Train_Weighted probability to choose the right action:_epoch5": 0.7529505057323681, "ENV_Test_TotalLoss_epoch5": 213.1130759688217, "ENV_Test_Right action_epoch5": 0.794688, "ENV_Test_Probability to choose the right action_epoch5": 0.749753720115086, "ENV_Test_Weighted right action_epoch5": 0.8460028226515636, "ENV_Test_Weighted probability to choose the right action:_epoch5": 0.7996553183613329, "ENV_Test_proba_accuracy_epoch5": 0.7497537201150856, "ENV_Test_proba_accuracy_strategy_132_epoch5": 0.8033407953165376, "ENV_Test_proba_accuracy_strategy_23_epoch5": 0.7485186447672608, "ENV_Test_proba_accuracy_strategy_107_epoch5": 0.8279466843416441, "ENV_Test_proba_accuracy_strategy_43_epoch5": 0.7659682057806062, "ENV_Test_proba_accuracy_strategy_17_epoch5": 0.7128787065532981, "ENV_Test_proba_accuracy_strategy_93_epoch5": 0.752063393587647, "ENV_Test_proba_accuracy_per_mean_strategy_epoch5": 0.7684527383911658, "ENV_Test_proba_accuracy_per_mean_user_epoch5": 0.7660907330920049, "ENV_Test_proba_accuracy_per_mean_user_and_bot_epoch5": 0.7996553183613335, "ENV_Test_accuracy_epoch5": 0.794688, "ENV_Test_accuracy_strategy_132_epoch5": 0.8521246458923513, "ENV_Test_accuracy_strategy_23_epoch5": 0.796251413798675, "ENV_Test_accuracy_strategy_107_epoch5": 0.8768472906403941, "ENV_Test_accuracy_strategy_43_epoch5": 0.8123409669211196, "ENV_Test_accuracy_strategy_17_epoch5": 0.7547640653357531, "ENV_Test_accuracy_strategy_93_epoch5": 0.7828096118299446, "ENV_Test_accuracy_per_mean_strategy_epoch5": 0.8125229990697062, "ENV_Test_accuracy_per_mean_user_epoch5": 0.8113473569313409, "ENV_Test_accuracy_per_mean_user_and_bot_epoch5": 0.8460028226515638, "ENV_Train_TotalLoss_epoch6": 866.2483171592254, "ENV_Train_Right action_epoch6": 0.8262096717852702, "ENV_Train_Probability to choose the right action_epoch6": 0.7582924405585363, "ENV_Train_Weighted right action_epoch6": 0.8262096717852702, "ENV_Train_Weighted probability to choose the right action:_epoch6": 0.7582924405585363, "ENV_Test_TotalLoss_epoch6": 212.8309412989499, "ENV_Test_Right action_epoch6": 0.805632, "ENV_Test_Probability to choose the right action_epoch6": 0.7590868241452778, "ENV_Test_Weighted right action_epoch6": 0.8511834424300281, "ENV_Test_Weighted probability to choose the right action:_epoch6": 0.8047943319526926, "ENV_Test_proba_accuracy_epoch6": 0.7590868241452763, "ENV_Test_proba_accuracy_strategy_132_epoch6": 0.8119598244601881, "ENV_Test_proba_accuracy_strategy_23_epoch6": 0.757573185054363, "ENV_Test_proba_accuracy_strategy_107_epoch6": 0.8326315733727844, "ENV_Test_proba_accuracy_strategy_43_epoch6": 0.7731091259189833, "ENV_Test_proba_accuracy_strategy_17_epoch6": 0.7240104954305224, "ENV_Test_proba_accuracy_strategy_93_epoch6": 0.7626281486227783, "ENV_Test_proba_accuracy_per_mean_strategy_epoch6": 0.77698539214327, "ENV_Test_proba_accuracy_per_mean_user_epoch6": 0.7741666595947336, "ENV_Test_proba_accuracy_per_mean_user_and_bot_epoch6": 0.8047943319526923, "ENV_Test_accuracy_epoch6": 0.805632, "ENV_Test_accuracy_strategy_132_epoch6": 0.8521246458923513, "ENV_Test_accuracy_strategy_23_epoch6": 0.8069154952334787, "ENV_Test_accuracy_strategy_107_epoch6": 0.8669950738916257, "ENV_Test_accuracy_strategy_43_epoch6": 0.8231552162849872, "ENV_Test_accuracy_strategy_17_epoch6": 0.7710980036297641, "ENV_Test_accuracy_strategy_93_epoch6": 0.8031423290203327, "ENV_Test_accuracy_per_mean_strategy_epoch6": 0.8205717939920899, "ENV_Test_accuracy_per_mean_user_epoch6": 0.8191656676391328, "ENV_Test_accuracy_per_mean_user_and_bot_epoch6": 0.8511834424300276, "ENV_Train_TotalLoss_epoch7": 850.0026531341472, "ENV_Train_Right action_epoch7": 0.8313251327928431, "ENV_Train_Probability to choose the right action_epoch7": 0.763747666322914, "ENV_Train_Weighted right action_epoch7": 0.8313251327928431, "ENV_Train_Weighted probability to choose the right action:_epoch7": 0.763747666322914, "ENV_Test_TotalLoss_epoch7": 211.27663707456384, "ENV_Test_Right action_epoch7": 0.80672, "ENV_Test_Probability to choose the right action_epoch7": 0.7584626437267296, "ENV_Test_Weighted right action_epoch7": 0.8503669760395041, "ENV_Test_Weighted probability to choose the right action:_epoch7": 0.8052695842405806, "ENV_Test_proba_accuracy_epoch7": 0.7584626437267297, "ENV_Test_proba_accuracy_strategy_132_epoch7": 0.8082373490815213, "ENV_Test_proba_accuracy_strategy_23_epoch7": 0.7576720225244772, "ENV_Test_proba_accuracy_strategy_107_epoch7": 0.8339589969381573, "ENV_Test_proba_accuracy_strategy_43_epoch7": 0.7716706946492142, "ENV_Test_proba_accuracy_strategy_17_epoch7": 0.7244640286209348, "ENV_Test_proba_accuracy_strategy_93_epoch7": 0.7586163959448197, "ENV_Test_proba_accuracy_per_mean_strategy_epoch7": 0.7757699146265207, "ENV_Test_proba_accuracy_per_mean_user_epoch7": 0.7732048708562346, "ENV_Test_proba_accuracy_per_mean_user_and_bot_epoch7": 0.8052695842405806, "ENV_Test_accuracy_epoch7": 0.80672, "ENV_Test_accuracy_strategy_132_epoch7": 0.8470254957507082, "ENV_Test_accuracy_strategy_23_epoch7": 0.8096623040878979, "ENV_Test_accuracy_strategy_107_epoch7": 0.8735632183908046, "ENV_Test_accuracy_strategy_43_epoch7": 0.8136132315521628, "ENV_Test_accuracy_strategy_17_epoch7": 0.7760889292196007, "ENV_Test_accuracy_strategy_93_epoch7": 0.8012939001848429, "ENV_Test_accuracy_per_mean_strategy_epoch7": 0.8202078465310029, "ENV_Test_accuracy_per_mean_user_epoch7": 0.8193228212643087, "ENV_Test_accuracy_per_mean_user_and_bot_epoch7": 0.8503669760395037, "ENV_Train_TotalLoss_epoch8": 834.5930230724997, "ENV_Train_Right action_epoch8": 0.8345144742175815, "ENV_Train_Probability to choose the right action_epoch8": 0.7679041916117554, "ENV_Train_Weighted right action_epoch8": 0.8345144742175815, "ENV_Train_Weighted probability to choose the right action:_epoch8": 0.7679041916117554, "ENV_Test_TotalLoss_epoch8": 208.12523466968233, "ENV_Test_Right action_epoch8": 0.808768, "ENV_Test_Probability to choose the right action_epoch8": 0.7603366478147424, "ENV_Test_Weighted right action_epoch8": 0.8506590814585683, "ENV_Test_Weighted probability to choose the right action:_epoch8": 0.804801846473844, "ENV_Test_proba_accuracy_epoch8": 0.7603366478147432, "ENV_Test_proba_accuracy_strategy_132_epoch8": 0.8110709176467819, "ENV_Test_proba_accuracy_strategy_23_epoch8": 0.7593005421381479, "ENV_Test_proba_accuracy_strategy_107_epoch8": 0.8337904549757663, "ENV_Test_proba_accuracy_strategy_43_epoch8": 0.7734050015885636, "ENV_Test_proba_accuracy_strategy_17_epoch8": 0.7260241634088638, "ENV_Test_proba_accuracy_strategy_93_epoch8": 0.762960568652551, "ENV_Test_proba_accuracy_per_mean_strategy_epoch8": 0.7777586080684458, "ENV_Test_proba_accuracy_per_mean_user_epoch8": 0.7744479556235112, "ENV_Test_proba_accuracy_per_mean_user_and_bot_epoch8": 0.8048018464738442, "ENV_Test_accuracy_epoch8": 0.808768, "ENV_Test_accuracy_strategy_132_epoch8": 0.8487252124645892, "ENV_Test_accuracy_strategy_23_epoch8": 0.8133785748909356, "ENV_Test_accuracy_strategy_107_epoch8": 0.8784893267651889, "ENV_Test_accuracy_strategy_43_epoch8": 0.8193384223918575, "ENV_Test_accuracy_strategy_17_epoch8": 0.7738203266787659, "ENV_Test_accuracy_strategy_93_epoch8": 0.8049907578558225, "ENV_Test_accuracy_per_mean_strategy_epoch8": 0.8231237701745266, "ENV_Test_accuracy_per_mean_user_epoch8": 0.8204502202973188, "ENV_Test_accuracy_per_mean_user_and_bot_epoch8": 0.8506590814585687, "ENV_Train_TotalLoss_epoch9": 820.7612146587013, "ENV_Train_Right action_epoch9": 0.8382507093041133, "ENV_Train_Probability to choose the right action_epoch9": 0.7725720021482984, "ENV_Train_Weighted right action_epoch9": 0.8382507093041133, "ENV_Train_Weighted probability to choose the right action:_epoch9": 0.7725720021482984, "ENV_Test_TotalLoss_epoch9": 207.77142838847362, "ENV_Test_Right action_epoch9": 0.808192, "ENV_Test_Probability to choose the right action_epoch9": 0.75749576256427, "ENV_Test_Weighted right action_epoch9": 0.8509009790599352, "ENV_Test_Weighted probability to choose the right action:_epoch9": 0.8033237235611729, "ENV_Test_proba_accuracy_epoch9": 0.7574957625642705, "ENV_Test_proba_accuracy_strategy_132_epoch9": 0.8066914812441983, "ENV_Test_proba_accuracy_strategy_23_epoch9": 0.7567827523704919, "ENV_Test_proba_accuracy_strategy_107_epoch9": 0.8314030353418899, "ENV_Test_proba_accuracy_strategy_43_epoch9": 0.7690904018030846, "ENV_Test_proba_accuracy_strategy_17_epoch9": 0.723422273864623, "ENV_Test_proba_accuracy_strategy_93_epoch9": 0.7616935562817222, "ENV_Test_proba_accuracy_per_mean_strategy_epoch9": 0.7748472501510016, "ENV_Test_proba_accuracy_per_mean_user_epoch9": 0.7717883028737874, "ENV_Test_proba_accuracy_per_mean_user_and_bot_epoch9": 0.8033237235611737, "ENV_Test_accuracy_epoch9": 0.808192, "ENV_Test_accuracy_strategy_132_epoch9": 0.8430594900849858, "ENV_Test_accuracy_strategy_23_epoch9": 0.8119243819680078, "ENV_Test_accuracy_strategy_107_epoch9": 0.8768472906403941, "ENV_Test_accuracy_strategy_43_epoch9": 0.8180661577608143, "ENV_Test_accuracy_strategy_17_epoch9": 0.7745009074410163, "ENV_Test_accuracy_strategy_93_epoch9": 0.8142329020332717, "ENV_Test_accuracy_per_mean_strategy_epoch9": 0.823105188321415, "ENV_Test_accuracy_per_mean_user_epoch9": 0.8192714670282152, "ENV_Test_accuracy_per_mean_user_and_bot_epoch9": 0.8509009790599363, "ENV_Train_TotalLoss_epoch10": 807.2831128359464, "ENV_Train_Right action_epoch10": 0.8421582331562762, "ENV_Train_Probability to choose the right action_epoch10": 0.7768706526109231, "ENV_Train_Weighted right action_epoch10": 0.8421582331562762, "ENV_Train_Weighted probability to choose the right action:_epoch10": 0.7768706526109231, "ENV_Test_TotalLoss_epoch10": 215.05868010403626, "ENV_Test_Right action_epoch10": 0.811136, "ENV_Test_Probability to choose the right action_epoch10": 0.765234902494859, "ENV_Test_Weighted right action_epoch10": 0.850914925213342, "ENV_Test_Weighted probability to choose the right action:_epoch10": 0.8075540441612923, "ENV_Test_proba_accuracy_epoch10": 0.7652349024948588, "ENV_Test_proba_accuracy_strategy_132_epoch10": 0.8116468735015345, "ENV_Test_proba_accuracy_strategy_23_epoch10": 0.7661439608297396, "ENV_Test_proba_accuracy_strategy_107_epoch10": 0.8321801751315367, "ENV_Test_proba_accuracy_strategy_43_epoch10": 0.7758968893519446, "ENV_Test_proba_accuracy_strategy_17_epoch10": 0.7321085778628611, "ENV_Test_proba_accuracy_strategy_93_epoch10": 0.7661103495756466, "ENV_Test_proba_accuracy_per_mean_strategy_epoch10": 0.7806811377088773, "ENV_Test_proba_accuracy_per_mean_user_epoch10": 0.7793932738574366, "ENV_Test_proba_accuracy_per_mean_user_and_bot_epoch10": 0.8075540441612911, "ENV_Test_accuracy_epoch10": 0.811136, "ENV_Test_accuracy_strategy_132_epoch10": 0.8487252124645892, "ENV_Test_accuracy_strategy_23_epoch10": 0.8135401518823719, "ENV_Test_accuracy_strategy_107_epoch10": 0.8669950738916257, "ENV_Test_accuracy_strategy_43_epoch10": 0.8174300254452926, "ENV_Test_accuracy_strategy_17_epoch10": 0.7842558983666061, "ENV_Test_accuracy_strategy_93_epoch10": 0.8049907578558225, "ENV_Test_accuracy_per_mean_strategy_epoch10": 0.8226561866510513, "ENV_Test_accuracy_per_mean_user_epoch10": 0.8241298678998644, "ENV_Test_accuracy_per_mean_user_and_bot_epoch10": 0.8509149252133419, "ENV_Train_TotalLoss_epoch11": 793.1812687070624, "ENV_Train_Right action_epoch11": 0.8448280682135868, "ENV_Train_Probability to choose the right action_epoch11": 0.7808466903424848, "ENV_Train_Weighted right action_epoch11": 0.8448280682135868, "ENV_Train_Weighted probability to choose the right action:_epoch11": 0.7808466903424848, "ENV_Test_TotalLoss_epoch11": 209.7415446465157, "ENV_Test_Right action_epoch11": 0.814976, "ENV_Test_Probability to choose the right action_epoch11": 0.7695556146490014, "ENV_Test_Weighted right action_epoch11": 0.8519668044486649, "ENV_Test_Weighted probability to choose the right action:_epoch11": 0.8116278267765916, "ENV_Test_proba_accuracy_epoch11": 0.7695556146490012, "ENV_Test_proba_accuracy_strategy_132_epoch11": 0.8157446555343166, "ENV_Test_proba_accuracy_strategy_23_epoch11": 0.7701347401852677, "ENV_Test_proba_accuracy_strategy_107_epoch11": 0.8322002287827626, "ENV_Test_proba_accuracy_strategy_43_epoch11": 0.7764154704477996, "ENV_Test_proba_accuracy_strategy_17_epoch11": 0.7383519054663907, "ENV_Test_proba_accuracy_strategy_93_epoch11": 0.7727938971325898, "ENV_Test_proba_accuracy_per_mean_strategy_epoch11": 0.7842734829248545, "ENV_Test_proba_accuracy_per_mean_user_epoch11": 0.7834558158313297, "ENV_Test_proba_accuracy_per_mean_user_and_bot_epoch11": 0.8116278267765914, "ENV_Test_accuracy_epoch11": 0.814976, "ENV_Test_accuracy_strategy_132_epoch11": 0.8498583569405099, "ENV_Test_accuracy_strategy_23_epoch11": 0.8196800775569559, "ENV_Test_accuracy_strategy_107_epoch11": 0.8637110016420362, "ENV_Test_accuracy_strategy_43_epoch11": 0.8174300254452926, "ENV_Test_accuracy_strategy_17_epoch11": 0.786070780399274, "ENV_Test_accuracy_strategy_93_epoch11": 0.8179297597042514, "ENV_Test_accuracy_per_mean_strategy_epoch11": 0.8257800002813868, "ENV_Test_accuracy_per_mean_user_epoch11": 0.8261671328946818, "ENV_Test_accuracy_per_mean_user_and_bot_epoch11": 0.8519668044486658, "ENV_Train_TotalLoss_epoch12": 779.2845848310707, "ENV_Train_Right action_epoch12": 0.8471171989656859, "ENV_Train_Probability to choose the right action_epoch12": 0.7851560826907392, "ENV_Train_Weighted right action_epoch12": 0.8471171989656859, "ENV_Train_Weighted probability to choose the right action:_epoch12": 0.7851560826907392, "ENV_Test_TotalLoss_epoch12": 213.78374641427072, "ENV_Test_Right action_epoch12": 0.811072, "ENV_Test_Probability to choose the right action_epoch12": 0.7704121711547759, "ENV_Test_Weighted right action_epoch12": 0.8517512750667077, "ENV_Test_Weighted probability to choose the right action:_epoch12": 0.8152974193052047, "ENV_Test_proba_accuracy_epoch12": 0.7704121711547754, "ENV_Test_proba_accuracy_strategy_132_epoch12": 0.8192152611375809, "ENV_Test_proba_accuracy_strategy_23_epoch12": 0.7689329908934366, "ENV_Test_proba_accuracy_strategy_107_epoch12": 0.8391636305127594, "ENV_Test_proba_accuracy_strategy_43_epoch12": 0.7817751079542166, "ENV_Test_proba_accuracy_strategy_17_epoch12": 0.7384827540534099, "ENV_Test_proba_accuracy_strategy_93_epoch12": 0.7741366517489161, "ENV_Test_proba_accuracy_per_mean_strategy_epoch12": 0.7869510660500533, "ENV_Test_proba_accuracy_per_mean_user_epoch12": 0.7859460378191186, "ENV_Test_proba_accuracy_per_mean_user_and_bot_epoch12": 0.8152974193052058, "ENV_Test_accuracy_epoch12": 0.811072, "ENV_Test_accuracy_strategy_132_epoch12": 0.851558073654391, "ENV_Test_accuracy_strategy_23_epoch12": 0.8137017288738083, "ENV_Test_accuracy_strategy_107_epoch12": 0.8686371100164204, "ENV_Test_accuracy_strategy_43_epoch12": 0.8148854961832062, "ENV_Test_accuracy_strategy_17_epoch12": 0.7815335753176044, "ENV_Test_accuracy_strategy_93_epoch12": 0.8123844731977818, "ENV_Test_accuracy_per_mean_strategy_epoch12": 0.8237834095405354, "ENV_Test_accuracy_per_mean_user_epoch12": 0.8249727192146019, "ENV_Test_accuracy_per_mean_user_and_bot_epoch12": 0.8517512750667071, "ENV_Train_TotalLoss_epoch13": 770.1499294815477, "ENV_Train_Right action_epoch13": 0.8495555431318835, "ENV_Train_Probability to choose the right action_epoch13": 0.7876809442469056, "ENV_Train_Weighted right action_epoch13": 0.8495555431318835, "ENV_Train_Weighted probability to choose the right action:_epoch13": 0.7876809442469056, "ENV_Test_TotalLoss_epoch13": 211.22390486711595, "ENV_Test_Right action_epoch13": 0.809024, "ENV_Test_Probability to choose the right action_epoch13": 0.7630212277901742, "ENV_Test_Weighted right action_epoch13": 0.8517289074833644, "ENV_Test_Weighted probability to choose the right action:_epoch13": 0.8100206780627832, "ENV_Test_proba_accuracy_epoch13": 0.7630212277901746, "ENV_Test_proba_accuracy_strategy_132_epoch13": 0.8146371984655888, "ENV_Test_proba_accuracy_strategy_23_epoch13": 0.7605625769364703, "ENV_Test_proba_accuracy_strategy_107_epoch13": 0.835923240921905, "ENV_Test_proba_accuracy_strategy_43_epoch13": 0.7707466337494244, "ENV_Test_proba_accuracy_strategy_17_epoch13": 0.731055086986243, "ENV_Test_proba_accuracy_strategy_93_epoch13": 0.7708580913669162, "ENV_Test_proba_accuracy_per_mean_strategy_epoch13": 0.7806304714044247, "ENV_Test_proba_accuracy_per_mean_user_epoch13": 0.7794378708270729, "ENV_Test_proba_accuracy_per_mean_user_and_bot_epoch13": 0.8100206780627841, "ENV_Test_accuracy_epoch13": 0.809024, "ENV_Test_accuracy_strategy_132_epoch13": 0.8498583569405099, "ENV_Test_accuracy_strategy_23_epoch13": 0.8145096138309905, "ENV_Test_accuracy_strategy_107_epoch13": 0.8719211822660099, "ENV_Test_accuracy_strategy_43_epoch13": 0.8142493638676844, "ENV_Test_accuracy_strategy_17_epoch13": 0.7742740471869328, "ENV_Test_accuracy_strategy_93_epoch13": 0.8096118299445472, "ENV_Test_accuracy_per_mean_strategy_epoch13": 0.8224040656727792, "ENV_Test_accuracy_per_mean_user_epoch13": 0.8236783074756499, "ENV_Test_accuracy_per_mean_user_and_bot_epoch13": 0.8517289074833654, "ENV_Train_TotalLoss_epoch14": 756.7237974072186, "ENV_Train_Right action_epoch14": 0.8532231913228223, "ENV_Train_Probability to choose the right action_epoch14": 0.7919579954203954, "ENV_Train_Weighted right action_epoch14": 0.8532231913228223, "ENV_Train_Weighted probability to choose the right action:_epoch14": 0.7919579954203954, "ENV_Test_TotalLoss_epoch14": 212.52880581135662, "ENV_Test_Right action_epoch14": 0.810368, "ENV_Test_Probability to choose the right action_epoch14": 0.7701392822349066, "ENV_Test_Weighted right action_epoch14": 0.8509672380282896, "ENV_Test_Weighted probability to choose the right action:_epoch14": 0.8135619199289044, "ENV_Test_proba_accuracy_epoch14": 0.7701392822349062, "ENV_Test_proba_accuracy_strategy_132_epoch14": 0.8142300610081746, "ENV_Test_proba_accuracy_strategy_23_epoch14": 0.7690178455441218, "ENV_Test_proba_accuracy_strategy_107_epoch14": 0.8384651096777458, "ENV_Test_proba_accuracy_strategy_43_epoch14": 0.7798099087955002, "ENV_Test_proba_accuracy_strategy_17_epoch14": 0.7396958994818268, "ENV_Test_proba_accuracy_strategy_93_epoch14": 0.7761486394013377, "ENV_Test_proba_accuracy_per_mean_strategy_epoch14": 0.7862279106514513, "ENV_Test_proba_accuracy_per_mean_user_epoch14": 0.784547404662457, "ENV_Test_proba_accuracy_per_mean_user_and_bot_epoch14": 0.8135619199289056, "ENV_Test_accuracy_epoch14": 0.810368, "ENV_Test_accuracy_strategy_132_epoch14": 0.8453257790368272, "ENV_Test_accuracy_strategy_23_epoch14": 0.8130554209080627, "ENV_Test_accuracy_strategy_107_epoch14": 0.8735632183908046, "ENV_Test_accuracy_strategy_43_epoch14": 0.8148854961832062, "ENV_Test_accuracy_strategy_17_epoch14": 0.7819872958257713, "ENV_Test_accuracy_strategy_93_epoch14": 0.8114602587800369, "ENV_Test_accuracy_per_mean_strategy_epoch14": 0.8233795781874514, "ENV_Test_accuracy_per_mean_user_epoch14": 0.8232930803496418, "ENV_Test_accuracy_per_mean_user_and_bot_epoch14": 0.85096723802829, "ENV_Train_TotalLoss_epoch15": 748.9043216898559, "ENV_Train_Right action_epoch15": 0.8545688365786495, "ENV_Train_Probability to choose the right action_epoch15": 0.7947697819034879, "ENV_Train_Weighted right action_epoch15": 0.8545688365786495, "ENV_Train_Weighted probability to choose the right action:_epoch15": 0.7947697819034879, "ENV_Test_TotalLoss_epoch15": 216.6412695461839, "ENV_Test_Right action_epoch15": 0.811072, "ENV_Test_Probability to choose the right action_epoch15": 0.7687676967020973, "ENV_Test_Weighted right action_epoch15": 0.852393102462013, "ENV_Test_Weighted probability to choose the right action:_epoch15": 0.8138794974939687, "ENV_Test_proba_accuracy_epoch15": 0.7687676967020965, "ENV_Test_proba_accuracy_strategy_132_epoch15": 0.8211585840006481, "ENV_Test_proba_accuracy_strategy_23_epoch15": 0.7651386846466546, "ENV_Test_proba_accuracy_strategy_107_epoch15": 0.8381742032483945, "ENV_Test_proba_accuracy_strategy_43_epoch15": 0.7771494425945364, "ENV_Test_proba_accuracy_strategy_17_epoch15": 0.7387858068431449, "ENV_Test_proba_accuracy_strategy_93_epoch15": 0.7749650562195036, "ENV_Test_proba_accuracy_per_mean_strategy_epoch15": 0.7858952962588138, "ENV_Test_proba_accuracy_per_mean_user_epoch15": 0.7839330330642982, "ENV_Test_proba_accuracy_per_mean_user_and_bot_epoch15": 0.8138794974939687, "ENV_Test_accuracy_epoch15": 0.811072, "ENV_Test_accuracy_strategy_132_epoch15": 0.8560906515580736, "ENV_Test_accuracy_strategy_23_epoch15": 0.8137017288738083, "ENV_Test_accuracy_strategy_107_epoch15": 0.8637110016420362, "ENV_Test_accuracy_strategy_43_epoch15": 0.8193384223918575, "ENV_Test_accuracy_strategy_17_epoch15": 0.778584392014519, "ENV_Test_accuracy_strategy_93_epoch15": 0.8133086876155268, "ENV_Test_accuracy_per_mean_strategy_epoch15": 0.8241224806826368, "ENV_Test_accuracy_per_mean_user_epoch15": 0.8226792157077294, "ENV_Test_accuracy_per_mean_user_and_bot_epoch15": 0.8523931024620137, "ENV_Train_TotalLoss_epoch16": 741.061496391168, "ENV_Train_Right action_epoch16": 0.8567374895163545, "ENV_Train_Probability to choose the right action_epoch16": 0.7972088108907399, "ENV_Train_Weighted right action_epoch16": 0.8567374895163545, "ENV_Train_Weighted probability to choose the right action:_epoch16": 0.7972088108907399, "ENV_Test_TotalLoss_epoch16": 211.91232023477488, "ENV_Test_Right action_epoch16": 0.816192, "ENV_Test_Probability to choose the right action_epoch16": 0.7717241787654876, "ENV_Test_Weighted right action_epoch16": 0.8558559459769348, "ENV_Test_Weighted probability to choose the right action:_epoch16": 0.8130390484361022, "ENV_Test_proba_accuracy_epoch16": 0.7717241787654876, "ENV_Test_proba_accuracy_strategy_132_epoch16": 0.8129371751202225, "ENV_Test_proba_accuracy_strategy_23_epoch16": 0.7719105149475068, "ENV_Test_proba_accuracy_strategy_107_epoch16": 0.8303485067778064, "ENV_Test_proba_accuracy_strategy_43_epoch16": 0.7799948681879857, "ENV_Test_proba_accuracy_strategy_17_epoch16": 0.7424316481096408, "ENV_Test_proba_accuracy_strategy_93_epoch16": 0.7777533491931024, "ENV_Test_proba_accuracy_per_mean_strategy_epoch16": 0.7858960103893775, "ENV_Test_proba_accuracy_per_mean_user_epoch16": 0.785355174968395, "ENV_Test_proba_accuracy_per_mean_user_and_bot_epoch16": 0.813039048436102, "ENV_Test_accuracy_epoch16": 0.816192, "ENV_Test_accuracy_strategy_132_epoch16": 0.851558073654391, "ENV_Test_accuracy_strategy_23_epoch16": 0.8179027306511553, "ENV_Test_accuracy_strategy_107_epoch16": 0.8653530377668309, "ENV_Test_accuracy_strategy_43_epoch16": 0.8199745547073791, "ENV_Test_accuracy_strategy_17_epoch16": 0.7883393829401089, "ENV_Test_accuracy_strategy_93_epoch16": 0.8290203327171903, "ENV_Test_accuracy_per_mean_strategy_epoch16": 0.8286913520728426, "ENV_Test_accuracy_per_mean_user_epoch16": 0.8282311236419346, "ENV_Test_accuracy_per_mean_user_and_bot_epoch16": 0.8558559459769356, "ENV_Train_TotalLoss_epoch17": 723.9743819083889, "ENV_Train_Right action_epoch17": 0.8599963657203562, "ENV_Train_Probability to choose the right action_epoch17": 0.8016365621719233, "ENV_Train_Weighted right action_epoch17": 0.8599963657203562, "ENV_Train_Weighted probability to choose the right action:_epoch17": 0.8016365621719233, "ENV_Test_TotalLoss_epoch17": 211.11079505100767, "ENV_Test_Right action_epoch17": 0.809664, "ENV_Test_Probability to choose the right action_epoch17": 0.7698902207136137, "ENV_Test_Weighted right action_epoch17": 0.8502193303067088, "ENV_Test_Weighted probability to choose the right action:_epoch17": 0.8111447355679405, "ENV_Test_proba_accuracy_epoch17": 0.7698902207136131, "ENV_Test_proba_accuracy_strategy_132_epoch17": 0.8127563407781164, "ENV_Test_proba_accuracy_strategy_23_epoch17": 0.7688207303309158, "ENV_Test_proba_accuracy_strategy_107_epoch17": 0.8356018565437474, "ENV_Test_proba_accuracy_strategy_43_epoch17": 0.7752175670678499, "ENV_Test_proba_accuracy_strategy_17_epoch17": 0.7419308194722518, "ENV_Test_proba_accuracy_strategy_93_epoch17": 0.7752621616074884, "ENV_Test_proba_accuracy_per_mean_strategy_epoch17": 0.7849315793000616, "ENV_Test_proba_accuracy_per_mean_user_epoch17": 0.7825269939285681, "ENV_Test_proba_accuracy_per_mean_user_and_bot_epoch17": 0.8111447355679409, "ENV_Test_accuracy_epoch17": 0.809664, "ENV_Test_accuracy_strategy_132_epoch17": 0.8453257790368272, "ENV_Test_accuracy_strategy_23_epoch17": 0.809339150105025, "ENV_Test_accuracy_strategy_107_epoch17": 0.8719211822660099, "ENV_Test_accuracy_strategy_43_epoch17": 0.8123409669211196, "ENV_Test_accuracy_strategy_17_epoch17": 0.7849364791288567, "ENV_Test_accuracy_strategy_93_epoch17": 0.8151571164510166, "ENV_Test_accuracy_per_mean_strategy_epoch17": 0.8231701123181424, "ENV_Test_accuracy_per_mean_user_epoch17": 0.8205256502965456, "ENV_Test_accuracy_per_mean_user_and_bot_epoch17": 0.8502193303067094, "ENV_Train_TotalLoss_epoch18": 717.1095339019965, "ENV_Train_Right action_epoch18": 0.8630481567399871, "ENV_Train_Probability to choose the right action_epoch18": 0.8045561350999494, "ENV_Train_Weighted right action_epoch18": 0.8630481567399871, "ENV_Train_Weighted probability to choose the right action:_epoch18": 0.8045561350999494, "ENV_Test_TotalLoss_epoch18": 221.89988078985485, "ENV_Test_Right action_epoch18": 0.813056, "ENV_Test_Probability to choose the right action_epoch18": 0.7823700808302193, "ENV_Test_Weighted right action_epoch18": 0.8521201001735629, "ENV_Test_Weighted probability to choose the right action:_epoch18": 0.8235072604771975, "ENV_Test_proba_accuracy_epoch18": 0.7823700808302185, "ENV_Test_proba_accuracy_strategy_132_epoch18": 0.8257813843817986, "ENV_Test_proba_accuracy_strategy_23_epoch18": 0.7826360262251661, "ENV_Test_proba_accuracy_strategy_107_epoch18": 0.8444671223058045, "ENV_Test_proba_accuracy_strategy_43_epoch18": 0.7872075940828914, "ENV_Test_proba_accuracy_strategy_17_epoch18": 0.7526779564378826, "ENV_Test_proba_accuracy_strategy_93_epoch18": 0.7890191828743153, "ENV_Test_proba_accuracy_per_mean_strategy_epoch18": 0.7969648777179764, "ENV_Test_proba_accuracy_per_mean_user_epoch18": 0.7956310053488315, "ENV_Test_proba_accuracy_per_mean_user_and_bot_epoch18": 0.8235072604771977, "ENV_Test_accuracy_epoch18": 0.813056, "ENV_Test_accuracy_strategy_132_epoch18": 0.8504249291784702, "ENV_Test_accuracy_strategy_23_epoch18": 0.8159638067539182, "ENV_Test_accuracy_strategy_107_epoch18": 0.8669950738916257, "ENV_Test_accuracy_strategy_43_epoch18": 0.8155216284987278, "ENV_Test_accuracy_strategy_17_epoch18": 0.7835753176043557, "ENV_Test_accuracy_strategy_93_epoch18": 0.821626617375231, "ENV_Test_accuracy_per_mean_strategy_epoch18": 0.8256845622170549, "ENV_Test_accuracy_per_mean_user_epoch18": 0.8244007656007, "ENV_Test_accuracy_per_mean_user_and_bot_epoch18": 0.8521201001735635, "ENV_Train_TotalLoss_epoch19": 709.9901800896911, "ENV_Train_Right action_epoch19": 0.8645512999720436, "ENV_Train_Probability to choose the right action_epoch19": 0.8067359697148782, "ENV_Train_Weighted right action_epoch19": 0.8645512999720436, "ENV_Train_Weighted probability to choose the right action:_epoch19": 0.8067359697148782, "ENV_Test_TotalLoss_epoch19": 214.78712449356013, "ENV_Test_Right action_epoch19": 0.812928, "ENV_Test_Probability to choose the right action_epoch19": 0.7762754094099883, "ENV_Test_Weighted right action_epoch19": 0.8544108141119271, "ENV_Test_Weighted probability to choose the right action:_epoch19": 0.8190445526295713, "ENV_Test_proba_accuracy_epoch19": 0.7762754094099883, "ENV_Test_proba_accuracy_strategy_132_epoch19": 0.8202929440130585, "ENV_Test_proba_accuracy_strategy_23_epoch19": 0.7755935831109615, "ENV_Test_proba_accuracy_strategy_107_epoch19": 0.8459813461446997, "ENV_Test_proba_accuracy_strategy_43_epoch19": 0.7812063688528774, "ENV_Test_proba_accuracy_strategy_17_epoch19": 0.7464156023805663, "ENV_Test_proba_accuracy_strategy_93_epoch19": 0.7836215462494421, "ENV_Test_proba_accuracy_per_mean_strategy_epoch19": 0.7921852317919343, "ENV_Test_proba_accuracy_per_mean_user_epoch19": 0.7904527063622924, "ENV_Test_proba_accuracy_per_mean_user_and_bot_epoch19": 0.8190445526295709, "ENV_Test_accuracy_epoch19": 0.812928, "ENV_Test_accuracy_strategy_132_epoch19": 0.8487252124645892, "ENV_Test_accuracy_strategy_23_epoch19": 0.8148327678138633, "ENV_Test_accuracy_strategy_107_epoch19": 0.8850574712643678, "ENV_Test_accuracy_strategy_43_epoch19": 0.8027989821882952, "ENV_Test_accuracy_strategy_17_epoch19": 0.7876588021778584, "ENV_Test_accuracy_strategy_93_epoch19": 0.8207024029574861, "ENV_Test_accuracy_per_mean_strategy_epoch19": 0.8266292731444099, "ENV_Test_accuracy_per_mean_user_epoch19": 0.8264352495026794, "ENV_Test_accuracy_per_mean_user_and_bot_epoch19": 0.8544108141119279, "ENV_Train_TotalLoss_epoch20": 702.863857663165, "ENV_Train_Right action_epoch20": 0.8642018451216102, "ENV_Train_Probability to choose the right action_epoch20": 0.8080905347863456, "ENV_Train_Weighted right action_epoch20": 0.8642018451216102, "ENV_Train_Weighted probability to choose the right action:_epoch20": 0.8080905347863456, "ENV_Test_TotalLoss_epoch20": 219.29443129129675, "ENV_Test_Right action_epoch20": 0.810368, "ENV_Test_Probability to choose the right action_epoch20": 0.7790940164594069, "ENV_Test_Weighted right action_epoch20": 0.8492121423073218, "ENV_Test_Weighted probability to choose the right action:_epoch20": 0.8219695322565133, "ENV_Test_proba_accuracy_epoch20": 0.7790940164594078, "ENV_Test_proba_accuracy_strategy_132_epoch20": 0.8220327036767808, "ENV_Test_proba_accuracy_strategy_23_epoch20": 0.7792064857081771, "ENV_Test_proba_accuracy_strategy_107_epoch20": 0.8471785006296907, "ENV_Test_proba_accuracy_strategy_43_epoch20": 0.7911029223308214, "ENV_Test_proba_accuracy_strategy_17_epoch20": 0.7473176807438129, "ENV_Test_proba_accuracy_strategy_93_epoch20": 0.7820938148193701, "ENV_Test_proba_accuracy_per_mean_strategy_epoch20": 0.7948220179847754, "ENV_Test_proba_accuracy_per_mean_user_epoch20": 0.7925575183931272, "ENV_Test_proba_accuracy_per_mean_user_and_bot_epoch20": 0.8219695322565125, "ENV_Test_accuracy_epoch20": 0.810368, "ENV_Test_accuracy_strategy_132_epoch20": 0.8492917847025496, "ENV_Test_accuracy_strategy_23_epoch20": 0.8156406527710454, "ENV_Test_accuracy_strategy_107_epoch20": 0.8669950738916257, "ENV_Test_accuracy_strategy_43_epoch20": 0.8123409669211196, "ENV_Test_accuracy_strategy_17_epoch20": 0.7790381125226861, "ENV_Test_accuracy_strategy_93_epoch20": 0.8096118299445472, "ENV_Test_accuracy_per_mean_strategy_epoch20": 0.8221530701255956, "ENV_Test_accuracy_per_mean_user_epoch20": 0.8221364324539187, "ENV_Test_accuracy_per_mean_user_and_bot_epoch20": 0.8492121423073221, "ENV_Train_TotalLoss_epoch21": 695.4461481784125, "ENV_Train_Right action_epoch21": 0.8667467993514844, "ENV_Train_Probability to choose the right action_epoch21": 0.8109970450097341, "ENV_Train_Weighted right action_epoch21": 0.8667467993514844, "ENV_Train_Weighted probability to choose the right action:_epoch21": 0.8109970450097341, "ENV_Test_TotalLoss_epoch21": 217.87557809419584, "ENV_Test_Right action_epoch21": 0.8128, "ENV_Test_Probability to choose the right action_epoch21": 0.7777748167836798, "ENV_Test_Weighted right action_epoch21": 0.8488535595525714, "ENV_Test_Weighted probability to choose the right action:_epoch21": 0.81705678579946, "ENV_Test_proba_accuracy_epoch21": 0.7777748167836803, "ENV_Test_proba_accuracy_strategy_132_epoch21": 0.8124815894180163, "ENV_Test_proba_accuracy_strategy_23_epoch21": 0.7769291759985515, "ENV_Test_proba_accuracy_strategy_107_epoch21": 0.839606040143336, "ENV_Test_proba_accuracy_strategy_43_epoch21": 0.7801258582321803, "ENV_Test_proba_accuracy_strategy_17_epoch21": 0.7536494176311755, "ENV_Test_proba_accuracy_strategy_93_epoch21": 0.7860649502409162, "ENV_Test_proba_accuracy_per_mean_strategy_epoch21": 0.7914761719440294, "ENV_Test_proba_accuracy_per_mean_user_epoch21": 0.7903426895268139, "ENV_Test_proba_accuracy_per_mean_user_and_bot_epoch21": 0.8170567857994595, "ENV_Test_accuracy_epoch21": 0.8128, "ENV_Test_accuracy_strategy_132_epoch21": 0.8436260623229461, "ENV_Test_accuracy_strategy_23_epoch21": 0.8140248828566812, "ENV_Test_accuracy_strategy_107_epoch21": 0.8637110016420362, "ENV_Test_accuracy_strategy_43_epoch21": 0.80470737913486, "ENV_Test_accuracy_strategy_17_epoch21": 0.792649727767695, "ENV_Test_accuracy_strategy_93_epoch21": 0.8207024029574861, "ENV_Test_accuracy_per_mean_strategy_epoch21": 0.8232369094469508, "ENV_Test_accuracy_per_mean_user_epoch21": 0.8247532128787641, "ENV_Test_accuracy_per_mean_user_and_bot_epoch21": 0.8488535595525712, "ENV_Train_TotalLoss_epoch22": 688.6975155124879, "ENV_Train_Right action_epoch22": 0.8688565837293821, "ENV_Train_Probability to choose the right action_epoch22": 0.8128302054178147, "ENV_Train_Weighted right action_epoch22": 0.8688565837293821, "ENV_Train_Weighted probability to choose the right action:_epoch22": 0.8128302054178147, "ENV_Test_TotalLoss_epoch22": 213.01376198050107, "ENV_Test_Right action_epoch22": 0.811776, "ENV_Test_Probability to choose the right action_epoch22": 0.7724469192834427, "ENV_Test_Weighted right action_epoch22": 0.8532695227114665, "ENV_Test_Weighted probability to choose the right action:_epoch22": 0.8125294939892547, "ENV_Test_proba_accuracy_epoch22": 0.7724469192834426, "ENV_Test_proba_accuracy_strategy_132_epoch22": 0.8132819531964758, "ENV_Test_proba_accuracy_strategy_23_epoch22": 0.7721728729068318, "ENV_Test_proba_accuracy_strategy_107_epoch22": 0.8336930025551985, "ENV_Test_proba_accuracy_strategy_43_epoch22": 0.7768445579852395, "ENV_Test_proba_accuracy_strategy_17_epoch22": 0.7436010276888472, "ENV_Test_proba_accuracy_strategy_93_epoch22": 0.7840578024309405, "ENV_Test_proba_accuracy_per_mean_strategy_epoch22": 0.7872752027939223, "ENV_Test_proba_accuracy_per_mean_user_epoch22": 0.7852224946541225, "ENV_Test_proba_accuracy_per_mean_user_and_bot_epoch22": 0.8125294939892552, "ENV_Test_accuracy_epoch22": 0.811776, "ENV_Test_accuracy_strategy_132_epoch22": 0.8470254957507082, "ENV_Test_accuracy_strategy_23_epoch22": 0.8149943448052998, "ENV_Test_accuracy_strategy_107_epoch22": 0.8702791461412152, "ENV_Test_accuracy_strategy_43_epoch22": 0.8021628498727735, "ENV_Test_accuracy_strategy_17_epoch22": 0.7840290381125227, "ENV_Test_accuracy_strategy_93_epoch22": 0.8299445471349353, "ENV_Test_accuracy_per_mean_strategy_epoch22": 0.8247392369695757, "ENV_Test_accuracy_per_mean_user_epoch22": 0.8238831845936664, "ENV_Test_accuracy_per_mean_user_and_bot_epoch22": 0.8532695227114666, "ENV_Train_TotalLoss_epoch23": 679.4993925776674, "ENV_Train_Right action_epoch23": 0.8694928994744493, "ENV_Train_Probability to choose the right action_epoch23": 0.8147400939031745, "ENV_Train_Weighted right action_epoch23": 0.8694928994744493, "ENV_Train_Weighted probability to choose the right action:_epoch23": 0.8147400939031745, "ENV_Test_TotalLoss_epoch23": 221.38265056701312, "ENV_Test_Right action_epoch23": 0.811072, "ENV_Test_Probability to choose the right action_epoch23": 0.7785448388364268, "ENV_Test_Weighted right action_epoch23": 0.8572145984091312, "ENV_Test_Weighted probability to choose the right action:_epoch23": 0.8203432346629493, "ENV_Test_proba_accuracy_epoch23": 0.7785448388364276, "ENV_Test_proba_accuracy_strategy_132_epoch23": 0.8172439832221521, "ENV_Test_proba_accuracy_strategy_23_epoch23": 0.7783860247999719, "ENV_Test_proba_accuracy_strategy_107_epoch23": 0.8390839054510889, "ENV_Test_proba_accuracy_strategy_43_epoch23": 0.7854429029621468, "ENV_Test_proba_accuracy_strategy_17_epoch23": 0.7495522088734361, "ENV_Test_proba_accuracy_strategy_93_epoch23": 0.7903437064276736, "ENV_Test_proba_accuracy_per_mean_strategy_epoch23": 0.7933421219560782, "ENV_Test_proba_accuracy_per_mean_user_epoch23": 0.791385389289237, "ENV_Test_proba_accuracy_per_mean_user_and_bot_epoch23": 0.8203432346629487, "ENV_Test_accuracy_epoch23": 0.811072, "ENV_Test_accuracy_strategy_132_epoch23": 0.853257790368272, "ENV_Test_accuracy_strategy_23_epoch23": 0.812409112942317, "ENV_Test_accuracy_strategy_107_epoch23": 0.8686371100164204, "ENV_Test_accuracy_strategy_43_epoch23": 0.8187022900763359, "ENV_Test_accuracy_strategy_17_epoch23": 0.77994555353902, "ENV_Test_accuracy_strategy_93_epoch23": 0.8179297597042514, "ENV_Test_accuracy_per_mean_strategy_epoch23": 0.8251469361077696, "ENV_Test_accuracy_per_mean_user_epoch23": 0.8253275463995715, "ENV_Test_accuracy_per_mean_user_and_bot_epoch23": 0.8572145984091324, "ENV_Train_TotalLoss_epoch24": 676.1156157511756, "ENV_Train_Right action_epoch24": 0.8717482771635052, "ENV_Train_Probability to choose the right action_epoch24": 0.8166038391581754, "ENV_Train_Weighted right action_epoch24": 0.8717482771635052, "ENV_Train_Weighted probability to choose the right action:_epoch24": 0.8166038391581754, "ENV_Test_TotalLoss_epoch24": 220.64068234113725, "ENV_Test_Right action_epoch24": 0.811712, "ENV_Test_Probability to choose the right action_epoch24": 0.7738161771645111, "ENV_Test_Weighted right action_epoch24": 0.8511745844199741, "ENV_Test_Weighted probability to choose the right action:_epoch24": 0.8138000859038699, "ENV_Test_proba_accuracy_epoch24": 0.7738161771645111, "ENV_Test_proba_accuracy_strategy_132_epoch24": 0.8117572298663249, "ENV_Test_proba_accuracy_strategy_23_epoch24": 0.774022696242407, "ENV_Test_proba_accuracy_strategy_107_epoch24": 0.8412655451130744, "ENV_Test_proba_accuracy_strategy_43_epoch24": 0.7764423979474987, "ENV_Test_proba_accuracy_strategy_17_epoch24": 0.7463122528395516, "ENV_Test_proba_accuracy_strategy_93_epoch24": 0.7810140604187547, "ENV_Test_proba_accuracy_per_mean_strategy_epoch24": 0.7884690304046019, "ENV_Test_proba_accuracy_per_mean_user_epoch24": 0.7864364865589923, "ENV_Test_proba_accuracy_per_mean_user_and_bot_epoch24": 0.8138000859038709, "ENV_Test_accuracy_epoch24": 0.811712, "ENV_Test_accuracy_strategy_132_epoch24": 0.8453257790368272, "ENV_Test_accuracy_strategy_23_epoch24": 0.8125706899337535, "ENV_Test_accuracy_strategy_107_epoch24": 0.8686371100164204, "ENV_Test_accuracy_strategy_43_epoch24": 0.8129770992366412, "ENV_Test_accuracy_strategy_17_epoch24": 0.7878856624319419, "ENV_Test_accuracy_strategy_93_epoch24": 0.8151571164510166, "ENV_Test_accuracy_per_mean_strategy_epoch24": 0.8237589095177666, "ENV_Test_accuracy_per_mean_user_epoch24": 0.8234343766635137, "ENV_Test_accuracy_per_mean_user_and_bot_epoch24": 0.8511745844199738, "_wandb": {"runtime": 1978}}