{"ENV_Train_TotalLoss": 166.59975057867976, "ENV_Train_TotalLoss_epoch0": 926.0228937464994, "ENV_Train_Right action": 0.9703382722952194, "ENV_Train_Right action_epoch0": 0.8105441178526004, "ENV_Train_Probability to choose the right action": 0.9561522894641947, "ENV_Train_Probability to choose the right action_epoch0": 0.7350175262332339, "ENV_Train_Weighted right action": 0.9703382722952194, "ENV_Train_Weighted right action_epoch0": 0.8105441178526004, "ENV_Train_Weighted probability to choose the right action:": 0.9561522894641947, "ENV_Train_Weighted probability to choose the right action:_epoch0": 0.7350175262332339, "_timestamp": 1720349731.4983532, "_runtime": 1818.051113128662, "_step": 49, "ENV_Test_TotalLoss": 515.5343490712102, "ENV_Test_TotalLoss_epoch0": 186.91821382166174, "ENV_Test_Right action": 0.828224, "ENV_Test_Right action_epoch0": 0.826624, "ENV_Test_Probability to choose the right action": 0.8227259749461916, "ENV_Test_Probability to choose the right action_epoch0": 0.769578218054342, "ENV_Test_Weighted right action": 0.8458296631132355, "ENV_Test_Weighted right action_epoch0": 0.8615155009303963, "ENV_Test_Weighted probability to choose the right action:": 0.8415925336160595, "ENV_Test_Weighted probability to choose the right action:_epoch0": 0.8019941197817201, "ENV_Test_proba_accuracy": 0.8227259749461906, "ENV_Test_proba_accuracy_epoch0": 0.7695782180543423, "ENV_Test_proba_accuracy_strategy_132": 0.8594127748313012, "ENV_Test_proba_accuracy_strategy_132_epoch0": 0.8132809497214475, "ENV_Test_proba_accuracy_strategy_23": 0.8335094324882218, "ENV_Test_proba_accuracy_strategy_23_epoch0": 0.7735363561225904, "ENV_Test_proba_accuracy_strategy_107": 0.8666807375586384, "ENV_Test_proba_accuracy_strategy_107_epoch0": 0.8375152280005523, "ENV_Test_proba_accuracy_strategy_43": 0.8072604234882359, "ENV_Test_proba_accuracy_strategy_43_epoch0": 0.7660195196681225, "ENV_Test_proba_accuracy_strategy_17": 0.7943822652400655, "ENV_Test_proba_accuracy_strategy_17_epoch0": 0.7385575037053282, "ENV_Test_proba_accuracy_strategy_93": 0.8144001416011574, "ENV_Test_proba_accuracy_strategy_93_epoch0": 0.7689568740243254, "ENV_Test_proba_accuracy_per_mean_strategy": 0.8292742958679368, "ENV_Test_proba_accuracy_per_mean_strategy_epoch0": 0.7829777385403944, "ENV_Test_proba_accuracy_per_mean_user": 0.830500277192558, "ENV_Test_proba_accuracy_per_mean_user_epoch0": 0.7816978787747453, "ENV_Test_proba_accuracy_per_mean_user_and_bot": 0.8415925336160607, "ENV_Test_proba_accuracy_per_mean_user_and_bot_epoch0": 0.8019941197817201, "ENV_Test_accuracy": 0.828224, "ENV_Test_accuracy_epoch0": 0.826624, "ENV_Test_accuracy_strategy_132": 0.8611898016997167, "ENV_Test_accuracy_strategy_132_epoch0": 0.8668555240793201, "ENV_Test_accuracy_strategy_23": 0.8406850864436904, "ENV_Test_accuracy_strategy_23_epoch0": 0.8358377767005979, "ENV_Test_accuracy_strategy_107": 0.8735632183908046, "ENV_Test_accuracy_strategy_107_epoch0": 0.9047619047619048, "ENV_Test_accuracy_strategy_43": 0.811704834605598, "ENV_Test_accuracy_strategy_43_epoch0": 0.8174300254452926, "ENV_Test_accuracy_strategy_17": 0.8008166969147006, "ENV_Test_accuracy_strategy_17_epoch0": 0.7894736842105263, "ENV_Test_accuracy_strategy_93": 0.8133086876155268, "ENV_Test_accuracy_strategy_93_epoch0": 0.8290203327171903, "ENV_Test_accuracy_per_mean_strategy": 0.8335447209450062, "ENV_Test_accuracy_per_mean_strategy_epoch0": 0.8405632079858055, "ENV_Test_accuracy_per_mean_user": 0.83593560172302, "ENV_Test_accuracy_per_mean_user_epoch0": 0.8402687098092142, "ENV_Test_accuracy_per_mean_user_and_bot": 0.8458296631132349, "ENV_Test_accuracy_per_mean_user_and_bot_epoch0": 0.8615155009303965, "ENV_Train_TotalLoss_epoch1": 826.3036413075884, "ENV_Train_Right action_epoch1": 0.8321081171735242, "ENV_Train_Probability to choose the right action_epoch1": 0.7650611221905533, "ENV_Train_Weighted right action_epoch1": 0.8321081171735242, "ENV_Train_Weighted probability to choose the right action:_epoch1": 0.7650611221905533, "ENV_Test_TotalLoss_epoch1": 178.0545398424627, "ENV_Test_Right action_epoch1": 0.841024, "ENV_Test_Probability to choose the right action_epoch1": 0.7778606323747905, "ENV_Test_Weighted right action_epoch1": 0.8706618673604126, "ENV_Test_Weighted probability to choose the right action:_epoch1": 0.8086943361144779, "ENV_Test_proba_accuracy_epoch1": 0.7778606323747899, "ENV_Test_proba_accuracy_strategy_132_epoch1": 0.8207692039210482, "ENV_Test_proba_accuracy_strategy_23_epoch1": 0.7822044012088095, "ENV_Test_proba_accuracy_strategy_107_epoch1": 0.8409411984759594, "ENV_Test_proba_accuracy_strategy_43_epoch1": 0.7736421719587551, "ENV_Test_proba_accuracy_strategy_17_epoch1": 0.747387654058732, "ENV_Test_proba_accuracy_strategy_93_epoch1": 0.777789494983555, "ENV_Test_proba_accuracy_per_mean_strategy_epoch1": 0.7904556874344766, "ENV_Test_proba_accuracy_per_mean_user_epoch1": 0.7892673945792861, "ENV_Test_proba_accuracy_per_mean_user_and_bot_epoch1": 0.8086943361144777, "ENV_Test_accuracy_epoch1": 0.841024, "ENV_Test_accuracy_strategy_132_epoch1": 0.8713881019830029, "ENV_Test_accuracy_strategy_23_epoch1": 0.8511875908870576, "ENV_Test_accuracy_strategy_107_epoch1": 0.9113300492610837, "ENV_Test_accuracy_strategy_43_epoch1": 0.8256997455470738, "ENV_Test_accuracy_strategy_17_epoch1": 0.8083030852994555, "ENV_Test_accuracy_strategy_93_epoch1": 0.8493530499075785, "ENV_Test_accuracy_per_mean_strategy_epoch1": 0.852876937147542, "ENV_Test_accuracy_per_mean_user_epoch1": 0.8521152628140561, "ENV_Test_accuracy_per_mean_user_and_bot_epoch1": 0.8706618673604123, "ENV_Train_TotalLoss_epoch2": 781.724542619658, "ENV_Train_Right action_epoch2": 0.8421582331562762, "ENV_Train_Probability to choose the right action_epoch2": 0.778094374392887, "ENV_Train_Weighted right action_epoch2": 0.8421582331562762, "ENV_Train_Weighted probability to choose the right action:_epoch2": 0.778094374392887, "ENV_Test_TotalLoss_epoch2": 180.75333464570525, "ENV_Test_Right action_epoch2": 0.843072, "ENV_Test_Probability to choose the right action_epoch2": 0.7966819549433579, "ENV_Test_Weighted right action_epoch2": 0.8684120921350893, "ENV_Test_Weighted probability to choose the right action:_epoch2": 0.8219766588108468, "ENV_Test_proba_accuracy_epoch2": 0.7966819549433575, "ENV_Test_proba_accuracy_strategy_132_epoch2": 0.8380680371364818, "ENV_Test_proba_accuracy_strategy_23_epoch2": 0.8048098792556063, "ENV_Test_proba_accuracy_strategy_107_epoch2": 0.8524629841156001, "ENV_Test_proba_accuracy_strategy_43_epoch2": 0.7818638207552024, "ENV_Test_proba_accuracy_strategy_17_epoch2": 0.7667432610773468, "ENV_Test_proba_accuracy_strategy_93_epoch2": 0.7947809051280955, "ENV_Test_proba_accuracy_per_mean_strategy_epoch2": 0.8064548145780556, "ENV_Test_proba_accuracy_per_mean_user_epoch2": 0.8057998761471995, "ENV_Test_proba_accuracy_per_mean_user_and_bot_epoch2": 0.8219766588108463, "ENV_Test_accuracy_epoch2": 0.843072, "ENV_Test_accuracy_strategy_132_epoch2": 0.8764872521246458, "ENV_Test_accuracy_strategy_23_epoch2": 0.8549038616900954, "ENV_Test_accuracy_strategy_107_epoch2": 0.8998357963875205, "ENV_Test_accuracy_strategy_43_epoch2": 0.8161577608142494, "ENV_Test_accuracy_strategy_17_epoch2": 0.8137477313974592, "ENV_Test_accuracy_strategy_93_epoch2": 0.8475046210720887, "ENV_Test_accuracy_per_mean_strategy_epoch2": 0.8514395039143432, "ENV_Test_accuracy_per_mean_user_epoch2": 0.8515481351441451, "ENV_Test_accuracy_per_mean_user_and_bot_epoch2": 0.868412092135088, "ENV_Train_TotalLoss_epoch3": 746.4464883695016, "ENV_Train_Right action_epoch3": 0.8494408722393066, "ENV_Train_Probability to choose the right action_epoch3": 0.7882284174689166, "ENV_Train_Weighted right action_epoch3": 0.8494408722393066, "ENV_Train_Weighted probability to choose the right action:_epoch3": 0.7882284174689166, "ENV_Test_TotalLoss_epoch3": 174.94204753461793, "ENV_Test_Right action_epoch3": 0.849664, "ENV_Test_Probability to choose the right action_epoch3": 0.8080791547057584, "ENV_Test_Weighted right action_epoch3": 0.8760999071235639, "ENV_Test_Weighted probability to choose the right action:_epoch3": 0.8352040733498651, "ENV_Test_proba_accuracy_epoch3": 0.8080791547057601, "ENV_Test_proba_accuracy_strategy_132_epoch3": 0.850993056773252, "ENV_Test_proba_accuracy_strategy_23_epoch3": 0.81526554810874, "ENV_Test_proba_accuracy_strategy_107_epoch3": 0.8678724238587644, "ENV_Test_proba_accuracy_strategy_43_epoch3": 0.798164111901887, "ENV_Test_proba_accuracy_strategy_17_epoch3": 0.7775694631326997, "ENV_Test_proba_accuracy_strategy_93_epoch3": 0.8020157914039033, "ENV_Test_proba_accuracy_per_mean_strategy_epoch3": 0.8186467325298744, "ENV_Test_proba_accuracy_per_mean_user_epoch3": 0.8180350790003706, "ENV_Test_proba_accuracy_per_mean_user_and_bot_epoch3": 0.835204073349865, "ENV_Test_accuracy_epoch3": 0.849664, "ENV_Test_accuracy_strategy_132_epoch3": 0.8889518413597733, "ENV_Test_accuracy_strategy_23_epoch3": 0.8565196316044595, "ENV_Test_accuracy_strategy_107_epoch3": 0.9064039408866995, "ENV_Test_accuracy_strategy_43_epoch3": 0.8352417302798982, "ENV_Test_accuracy_strategy_17_epoch3": 0.8223684210526315, "ENV_Test_accuracy_strategy_93_epoch3": 0.8465804066543438, "ENV_Test_accuracy_per_mean_strategy_epoch3": 0.8593443286396344, "ENV_Test_accuracy_per_mean_user_epoch3": 0.8600955096439642, "ENV_Test_accuracy_per_mean_user_and_bot_epoch3": 0.8760999071235631, "ENV_Train_TotalLoss_epoch4": 710.3229622109255, "ENV_Train_Right action_epoch4": 0.8575222228434058, "ENV_Train_Probability to choose the right action_epoch4": 0.7988697136799934, "ENV_Train_Weighted right action_epoch4": 0.8575222228434058, "ENV_Train_Weighted probability to choose the right action:_epoch4": 0.7988697136799934, "ENV_Test_TotalLoss_epoch4": 176.5214615241502, "ENV_Test_Right action_epoch4": 0.849344, "ENV_Test_Probability to choose the right action_epoch4": 0.8117370036739598, "ENV_Test_Weighted right action_epoch4": 0.8742374779102334, "ENV_Test_Weighted probability to choose the right action:_epoch4": 0.8389980419906564, "ENV_Test_proba_accuracy_epoch4": 0.8117370036739593, "ENV_Test_proba_accuracy_strategy_132_epoch4": 0.8533649097311795, "ENV_Test_proba_accuracy_strategy_23_epoch4": 0.8186375252764004, "ENV_Test_proba_accuracy_strategy_107_epoch4": 0.8739188712117895, "ENV_Test_proba_accuracy_strategy_43_epoch4": 0.8012312417318772, "ENV_Test_proba_accuracy_strategy_17_epoch4": 0.7810214504868804, "ENV_Test_proba_accuracy_strategy_93_epoch4": 0.8097590706818676, "ENV_Test_proba_accuracy_per_mean_strategy_epoch4": 0.8229888448533323, "ENV_Test_proba_accuracy_per_mean_user_epoch4": 0.8210196077938943, "ENV_Test_proba_accuracy_per_mean_user_and_bot_epoch4": 0.8389980419906568, "ENV_Test_accuracy_epoch4": 0.849344, "ENV_Test_accuracy_strategy_132_epoch4": 0.8798866855524079, "ENV_Test_accuracy_strategy_23_epoch4": 0.8592664404588787, "ENV_Test_accuracy_strategy_107_epoch4": 0.9080459770114943, "ENV_Test_accuracy_strategy_43_epoch4": 0.8346055979643766, "ENV_Test_accuracy_strategy_17_epoch4": 0.8189655172413793, "ENV_Test_accuracy_strategy_93_epoch4": 0.8548983364140481, "ENV_Test_accuracy_per_mean_strategy_epoch4": 0.8592780924404307, "ENV_Test_accuracy_per_mean_user_epoch4": 0.857222946991447, "ENV_Test_accuracy_per_mean_user_and_bot_epoch4": 0.8742374779102328, "ENV_Train_TotalLoss_epoch5": 678.280158008326, "ENV_Train_Right action_epoch5": 0.865316618450659, "ENV_Train_Probability to choose the right action_epoch5": 0.8086852286689326, "ENV_Train_Weighted right action_epoch5": 0.865316618450659, "ENV_Train_Weighted probability to choose the right action:_epoch5": 0.8086852286689326, "ENV_Test_TotalLoss_epoch5": 178.56680529589707, "ENV_Test_Right action_epoch5": 0.849536, "ENV_Test_Probability to choose the right action_epoch5": 0.807609689990958, "ENV_Test_Weighted right action_epoch5": 0.8743950495140226, "ENV_Test_Weighted probability to choose the right action:_epoch5": 0.835255641820939, "ENV_Test_proba_accuracy_epoch5": 0.8076096899909582, "ENV_Test_proba_accuracy_strategy_132_epoch5": 0.8513319286827759, "ENV_Test_proba_accuracy_strategy_23_epoch5": 0.8147122763079658, "ENV_Test_proba_accuracy_strategy_107_epoch5": 0.8684453270330832, "ENV_Test_proba_accuracy_strategy_43_epoch5": 0.7953245440331241, "ENV_Test_proba_accuracy_strategy_17_epoch5": 0.7764571132669487, "ENV_Test_proba_accuracy_strategy_93_epoch5": 0.8061829309146905, "ENV_Test_proba_accuracy_per_mean_strategy_epoch5": 0.8187423533730982, "ENV_Test_proba_accuracy_per_mean_user_epoch5": 0.8177030904111898, "ENV_Test_proba_accuracy_per_mean_user_and_bot_epoch5": 0.8352556418209383, "ENV_Test_accuracy_epoch5": 0.849536, "ENV_Test_accuracy_strategy_132_epoch5": 0.8821529745042493, "ENV_Test_accuracy_strategy_23_epoch5": 0.8589432864760058, "ENV_Test_accuracy_strategy_107_epoch5": 0.90311986863711, "ENV_Test_accuracy_strategy_43_epoch5": 0.8346055979643766, "ENV_Test_accuracy_strategy_17_epoch5": 0.8198729582577132, "ENV_Test_accuracy_strategy_93_epoch5": 0.8548983364140481, "ENV_Test_accuracy_per_mean_strategy_epoch5": 0.8589321703755838, "ENV_Test_accuracy_per_mean_user_epoch5": 0.8584582721751786, "ENV_Test_accuracy_per_mean_user_and_bot_epoch5": 0.8743950495140222, "ENV_Train_TotalLoss_epoch6": 639.6907087460036, "ENV_Train_Right action_epoch6": 0.8726469807286499, "ENV_Train_Probability to choose the right action_epoch6": 0.819355462022687, "ENV_Train_Weighted right action_epoch6": 0.8726469807286499, "ENV_Train_Weighted probability to choose the right action:_epoch6": 0.819355462022687, "ENV_Test_TotalLoss_epoch6": 182.15632974273655, "ENV_Test_Right action_epoch6": 0.85088, "ENV_Test_Probability to choose the right action_epoch6": 0.8152986698231314, "ENV_Test_Weighted right action_epoch6": 0.8767368931913164, "ENV_Test_Weighted probability to choose the right action:_epoch6": 0.8395724167230071, "ENV_Test_proba_accuracy_epoch6": 0.8152986698231317, "ENV_Test_proba_accuracy_strategy_132_epoch6": 0.8537447217829102, "ENV_Test_proba_accuracy_strategy_23_epoch6": 0.8247859224828277, "ENV_Test_proba_accuracy_strategy_107_epoch6": 0.8724646028804475, "ENV_Test_proba_accuracy_strategy_43_epoch6": 0.8007241390738639, "ENV_Test_proba_accuracy_strategy_17_epoch6": 0.7841287960438867, "ENV_Test_proba_accuracy_strategy_93_epoch6": 0.8143005407149894, "ENV_Test_proba_accuracy_per_mean_strategy_epoch6": 0.8250247871631543, "ENV_Test_proba_accuracy_per_mean_user_epoch6": 0.8233187140639088, "ENV_Test_proba_accuracy_per_mean_user_and_bot_epoch6": 0.8395724167230084, "ENV_Test_accuracy_epoch6": 0.85088, "ENV_Test_accuracy_strategy_132_epoch6": 0.8821529745042493, "ENV_Test_accuracy_strategy_23_epoch6": 0.86055905639037, "ENV_Test_accuracy_strategy_107_epoch6": 0.90311986863711, "ENV_Test_accuracy_strategy_43_epoch6": 0.844147582697201, "ENV_Test_accuracy_strategy_17_epoch6": 0.8187386569872959, "ENV_Test_accuracy_strategy_93_epoch6": 0.8558225508317929, "ENV_Test_accuracy_per_mean_strategy_epoch6": 0.8607567816746698, "ENV_Test_accuracy_per_mean_user_epoch6": 0.8605839748810492, "ENV_Test_accuracy_per_mean_user_and_bot_epoch6": 0.8767368931913168, "ENV_Train_TotalLoss_epoch7": 611.9848434785487, "ENV_Train_Right action_epoch7": 0.8794380766005032, "ENV_Train_Probability to choose the right action_epoch7": 0.8284637010042015, "ENV_Train_Weighted right action_epoch7": 0.8794380766005032, "ENV_Train_Weighted probability to choose the right action:_epoch7": 0.8284637010042015, "ENV_Test_TotalLoss_epoch7": 186.71721477059617, "ENV_Test_Right action_epoch7": 0.847488, "ENV_Test_Probability to choose the right action_epoch7": 0.8157018427337944, "ENV_Test_Weighted right action_epoch7": 0.8690807261324658, "ENV_Test_Weighted probability to choose the right action:_epoch7": 0.8353042398228494, "ENV_Test_proba_accuracy_epoch7": 0.8157018427337939, "ENV_Test_proba_accuracy_strategy_132_epoch7": 0.8494915634069033, "ENV_Test_proba_accuracy_strategy_23_epoch7": 0.8267168472176276, "ENV_Test_proba_accuracy_strategy_107_epoch7": 0.8652742473094392, "ENV_Test_proba_accuracy_strategy_43_epoch7": 0.7997459127323693, "ENV_Test_proba_accuracy_strategy_17_epoch7": 0.7855451912772898, "ENV_Test_proba_accuracy_strategy_93_epoch7": 0.8157137904763603, "ENV_Test_proba_accuracy_per_mean_strategy_epoch7": 0.8237479254033314, "ENV_Test_proba_accuracy_per_mean_user_epoch7": 0.8216430709400581, "ENV_Test_proba_accuracy_per_mean_user_and_bot_epoch7": 0.8353042398228492, "ENV_Test_accuracy_epoch7": 0.847488, "ENV_Test_accuracy_strategy_132_epoch7": 0.88328611898017, "ENV_Test_accuracy_strategy_23_epoch7": 0.8587817094845694, "ENV_Test_accuracy_strategy_107_epoch7": 0.8981937602627258, "ENV_Test_accuracy_strategy_43_epoch7": 0.8346055979643766, "ENV_Test_accuracy_strategy_17_epoch7": 0.8139745916515426, "ENV_Test_accuracy_strategy_93_epoch7": 0.8512014787430684, "ENV_Test_accuracy_per_mean_strategy_epoch7": 0.8566738761810755, "ENV_Test_accuracy_per_mean_user_epoch7": 0.8532627119734774, "ENV_Test_accuracy_per_mean_user_and_bot_epoch7": 0.8690807261324662, "ENV_Train_TotalLoss_epoch8": 573.0106886082933, "ENV_Train_Right action_epoch8": 0.8869917563224815, "ENV_Train_Probability to choose the right action_epoch8": 0.8391484443161448, "ENV_Train_Weighted right action_epoch8": 0.8869917563224815, "ENV_Train_Weighted probability to choose the right action:_epoch8": 0.8391484443161448, "ENV_Test_TotalLoss_epoch8": 195.21182790938263, "ENV_Test_Right action_epoch8": 0.84704, "ENV_Test_Probability to choose the right action_epoch8": 0.8173038389792353, "ENV_Test_Weighted right action_epoch8": 0.8720346706084782, "ENV_Test_Weighted probability to choose the right action:_epoch8": 0.8422521393270131, "ENV_Test_proba_accuracy_epoch8": 0.8173038389792353, "ENV_Test_proba_accuracy_strategy_132_epoch8": 0.8612171671474872, "ENV_Test_proba_accuracy_strategy_23_epoch8": 0.8235899208163513, "ENV_Test_proba_accuracy_strategy_107_epoch8": 0.8696747071289288, "ENV_Test_proba_accuracy_strategy_43_epoch8": 0.8080114578048293, "ENV_Test_proba_accuracy_strategy_17_epoch8": 0.7877989673291519, "ENV_Test_proba_accuracy_strategy_93_epoch8": 0.8139393787478999, "ENV_Test_proba_accuracy_per_mean_strategy_epoch8": 0.8273719331624413, "ENV_Test_proba_accuracy_per_mean_user_epoch8": 0.8263184582622438, "ENV_Test_proba_accuracy_per_mean_user_and_bot_epoch8": 0.8422521393270127, "ENV_Test_accuracy_epoch8": 0.84704, "ENV_Test_accuracy_strategy_132_epoch8": 0.8889518413597733, "ENV_Test_accuracy_strategy_23_epoch8": 0.8552270156729682, "ENV_Test_accuracy_strategy_107_epoch8": 0.8981937602627258, "ENV_Test_accuracy_strategy_43_epoch8": 0.8352417302798982, "ENV_Test_accuracy_strategy_17_epoch8": 0.816470054446461, "ENV_Test_accuracy_strategy_93_epoch8": 0.844731977818854, "ENV_Test_accuracy_per_mean_strategy_epoch8": 0.8564693966401135, "ENV_Test_accuracy_per_mean_user_epoch8": 0.8560740177224616, "ENV_Test_accuracy_per_mean_user_and_bot_epoch8": 0.8720346706084781, "ENV_Train_TotalLoss_epoch9": 539.3184608998575, "ENV_Train_Right action_epoch9": 0.8952474140341068, "ENV_Train_Probability to choose the right action_epoch9": 0.8493854517061571, "ENV_Train_Weighted right action_epoch9": 0.8952474140341068, "ENV_Train_Weighted probability to choose the right action:_epoch9": 0.8493854517061571, "ENV_Test_TotalLoss_epoch9": 218.54292893143847, "ENV_Test_Right action_epoch9": 0.847488, "ENV_Test_Probability to choose the right action_epoch9": 0.8236156447562369, "ENV_Test_Weighted right action_epoch9": 0.8683072907458808, "ENV_Test_Weighted probability to choose the right action:_epoch9": 0.8475835378037192, "ENV_Test_proba_accuracy_epoch9": 0.8236156447562375, "ENV_Test_proba_accuracy_strategy_132_epoch9": 0.8659213851108669, "ENV_Test_proba_accuracy_strategy_23_epoch9": 0.8312688943125544, "ENV_Test_proba_accuracy_strategy_107_epoch9": 0.8757234541188006, "ENV_Test_proba_accuracy_strategy_43_epoch9": 0.8104099941464137, "ENV_Test_proba_accuracy_strategy_17_epoch9": 0.7936939376938885, "ENV_Test_proba_accuracy_strategy_93_epoch9": 0.8225850702254707, "ENV_Test_proba_accuracy_per_mean_strategy_epoch9": 0.8332671226013324, "ENV_Test_proba_accuracy_per_mean_user_epoch9": 0.8318065021927795, "ENV_Test_proba_accuracy_per_mean_user_and_bot_epoch9": 0.8475835378037202, "ENV_Test_accuracy_epoch9": 0.847488, "ENV_Test_accuracy_strategy_132_epoch9": 0.884985835694051, "ENV_Test_accuracy_strategy_23_epoch9": 0.8582969785102601, "ENV_Test_accuracy_strategy_107_epoch9": 0.8932676518883416, "ENV_Test_accuracy_strategy_43_epoch9": 0.8333333333333334, "ENV_Test_accuracy_strategy_17_epoch9": 0.8178312159709619, "ENV_Test_accuracy_strategy_93_epoch9": 0.8401109057301294, "ENV_Test_accuracy_per_mean_strategy_epoch9": 0.8546376535211796, "ENV_Test_accuracy_per_mean_user_epoch9": 0.8553546928132935, "ENV_Test_accuracy_per_mean_user_and_bot_epoch9": 0.8683072907458811, "ENV_Train_TotalLoss_epoch10": 503.0053653012693, "ENV_Train_Right action_epoch10": 0.9022784456248253, "ENV_Train_Probability to choose the right action_epoch10": 0.8593485285716606, "ENV_Train_Weighted right action_epoch10": 0.9022784456248253, "ENV_Train_Weighted probability to choose the right action:_epoch10": 0.8593485285716606, "ENV_Test_TotalLoss_epoch10": 236.03940663607713, "ENV_Test_Right action_epoch10": 0.843776, "ENV_Test_Probability to choose the right action_epoch10": 0.8251969010391027, "ENV_Test_Weighted right action_epoch10": 0.8654785092561714, "ENV_Test_Weighted probability to choose the right action:_epoch10": 0.8508834752810095, "ENV_Test_proba_accuracy_epoch10": 0.8251969010391027, "ENV_Test_proba_accuracy_strategy_132_epoch10": 0.8682711210860541, "ENV_Test_proba_accuracy_strategy_23_epoch10": 0.8329361730559128, "ENV_Test_proba_accuracy_strategy_107_epoch10": 0.8743613913259815, "ENV_Test_proba_accuracy_strategy_43_epoch10": 0.8147072213941761, "ENV_Test_proba_accuracy_strategy_17_epoch10": 0.7941508289892718, "ENV_Test_proba_accuracy_strategy_93_epoch10": 0.8247119976360188, "ENV_Test_proba_accuracy_per_mean_strategy_epoch10": 0.8348564555812358, "ENV_Test_proba_accuracy_per_mean_user_epoch10": 0.8343207836079537, "ENV_Test_proba_accuracy_per_mean_user_and_bot_epoch10": 0.8508834752810094, "ENV_Test_accuracy_epoch10": 0.843776, "ENV_Test_accuracy_strategy_132_epoch10": 0.8815864022662889, "ENV_Test_accuracy_strategy_23_epoch10": 0.8531265147842947, "ENV_Test_accuracy_strategy_107_epoch10": 0.8850574712643678, "ENV_Test_accuracy_strategy_43_epoch10": 0.8326972010178118, "ENV_Test_accuracy_strategy_17_epoch10": 0.8137477313974592, "ENV_Test_accuracy_strategy_93_epoch10": 0.8438077634011091, "ENV_Test_accuracy_per_mean_strategy_epoch10": 0.8516705140218886, "ENV_Test_accuracy_per_mean_user_epoch10": 0.8515864724161951, "ENV_Test_accuracy_per_mean_user_and_bot_epoch10": 0.8654785092561713, "ENV_Train_TotalLoss_epoch11": 465.4231839608047, "ENV_Train_Right action_epoch11": 0.9092827888902867, "ENV_Train_Probability to choose the right action_epoch11": 0.8703195804281688, "ENV_Train_Weighted right action_epoch11": 0.9092827888902867, "ENV_Train_Weighted probability to choose the right action:_epoch11": 0.8703195804281688, "ENV_Test_TotalLoss_epoch11": 250.85610853708508, "ENV_Test_Right action_epoch11": 0.84256, "ENV_Test_Probability to choose the right action_epoch11": 0.8247415277723691, "ENV_Test_Weighted right action_epoch11": 0.8650211599853934, "ENV_Test_Weighted probability to choose the right action:_epoch11": 0.8465466902817121, "ENV_Test_proba_accuracy_epoch11": 0.8247415277723695, "ENV_Test_proba_accuracy_strategy_132_epoch11": 0.8676724004658094, "ENV_Test_proba_accuracy_strategy_23_epoch11": 0.8339585912565971, "ENV_Test_proba_accuracy_strategy_107_epoch11": 0.8752286808934662, "ENV_Test_proba_accuracy_strategy_43_epoch11": 0.8088478899459874, "ENV_Test_proba_accuracy_strategy_17_epoch11": 0.7929654101118985, "ENV_Test_proba_accuracy_strategy_93_epoch11": 0.826118471258391, "ENV_Test_proba_accuracy_per_mean_strategy_epoch11": 0.8341319073220249, "ENV_Test_proba_accuracy_per_mean_user_epoch11": 0.8312904326398948, "ENV_Test_proba_accuracy_per_mean_user_and_bot_epoch11": 0.8465466902817121, "ENV_Test_accuracy_epoch11": 0.84256, "ENV_Test_accuracy_strategy_132_epoch11": 0.8878186968838527, "ENV_Test_accuracy_strategy_23_epoch11": 0.8524802068185491, "ENV_Test_accuracy_strategy_107_epoch11": 0.8866995073891626, "ENV_Test_accuracy_strategy_43_epoch11": 0.823791348600509, "ENV_Test_accuracy_strategy_17_epoch11": 0.8092105263157895, "ENV_Test_accuracy_strategy_93_epoch11": 0.8502772643253235, "ENV_Test_accuracy_per_mean_strategy_epoch11": 0.8517129250555312, "ENV_Test_accuracy_per_mean_user_epoch11": 0.8496321156251402, "ENV_Test_accuracy_per_mean_user_and_bot_epoch11": 0.8650211599853928, "ENV_Train_TotalLoss_epoch12": 432.11691364128785, "ENV_Train_Right action_epoch12": 0.9172977504541009, "ENV_Train_Probability to choose the right action_epoch12": 0.8803060811635555, "ENV_Train_Weighted right action_epoch12": 0.9172977504541009, "ENV_Train_Weighted probability to choose the right action:_epoch12": 0.8803060811635555, "ENV_Test_TotalLoss_epoch12": 245.29576286476552, "ENV_Test_Right action_epoch12": 0.842496, "ENV_Test_Probability to choose the right action_epoch12": 0.8221926999470714, "ENV_Test_Weighted right action_epoch12": 0.8653628215375324, "ENV_Test_Weighted probability to choose the right action:_epoch12": 0.8466474399865809, "ENV_Test_proba_accuracy_epoch12": 0.8221926999470712, "ENV_Test_proba_accuracy_strategy_132_epoch12": 0.8664259269973253, "ENV_Test_proba_accuracy_strategy_23_epoch12": 0.8300080726395879, "ENV_Test_proba_accuracy_strategy_107_epoch12": 0.8760437710862309, "ENV_Test_proba_accuracy_strategy_43_epoch12": 0.809473945163317, "ENV_Test_proba_accuracy_strategy_17_epoch12": 0.7914498171314632, "ENV_Test_proba_accuracy_strategy_93_epoch12": 0.8187474322112386, "ENV_Test_proba_accuracy_per_mean_strategy_epoch12": 0.8320248275381937, "ENV_Test_proba_accuracy_per_mean_user_epoch12": 0.8303977253963033, "ENV_Test_proba_accuracy_per_mean_user_and_bot_epoch12": 0.8466474399865809, "ENV_Test_accuracy_epoch12": 0.842496, "ENV_Test_accuracy_strategy_132_epoch12": 0.8861189801699717, "ENV_Test_accuracy_strategy_23_epoch12": 0.8534496687671675, "ENV_Test_accuracy_strategy_107_epoch12": 0.8899835796387521, "ENV_Test_accuracy_strategy_43_epoch12": 0.823791348600509, "ENV_Test_accuracy_strategy_17_epoch12": 0.8092105263157895, "ENV_Test_accuracy_strategy_93_epoch12": 0.844731977818854, "ENV_Test_accuracy_per_mean_strategy_epoch12": 0.851214346885174, "ENV_Test_accuracy_per_mean_user_epoch12": 0.8500061232270418, "ENV_Test_accuracy_per_mean_user_and_bot_epoch12": 0.865362821537532, "ENV_Train_TotalLoss_epoch13": 402.4425582978432, "ENV_Train_Right action_epoch13": 0.9222868162888845, "ENV_Train_Probability to choose the right action_epoch13": 0.8882506398045483, "ENV_Train_Weighted right action_epoch13": 0.9222868162888845, "ENV_Train_Weighted probability to choose the right action:_epoch13": 0.8882506398045483, "ENV_Test_TotalLoss_epoch13": 275.81082132227533, "ENV_Test_Right action_epoch13": 0.840512, "ENV_Test_Probability to choose the right action_epoch13": 0.8213206007553259, "ENV_Test_Weighted right action_epoch13": 0.8618967057889696, "ENV_Test_Weighted probability to choose the right action:_epoch13": 0.8444998127383913, "ENV_Test_proba_accuracy_epoch13": 0.8213206007553253, "ENV_Test_proba_accuracy_strategy_132_epoch13": 0.8631967203438136, "ENV_Test_proba_accuracy_strategy_23_epoch13": 0.8311657933536775, "ENV_Test_proba_accuracy_strategy_107_epoch13": 0.8691775814308755, "ENV_Test_proba_accuracy_strategy_43_epoch13": 0.8033232211692211, "ENV_Test_proba_accuracy_strategy_17_epoch13": 0.7907173532149824, "ENV_Test_proba_accuracy_strategy_93_epoch13": 0.82058386006299, "ENV_Test_proba_accuracy_per_mean_strategy_epoch13": 0.8296940882625933, "ENV_Test_proba_accuracy_per_mean_user_epoch13": 0.829326189767348, "ENV_Test_proba_accuracy_per_mean_user_and_bot_epoch13": 0.8444998127383916, "ENV_Test_accuracy_epoch13": 0.840512, "ENV_Test_accuracy_strategy_132_epoch13": 0.8781869688385269, "ENV_Test_accuracy_strategy_23_epoch13": 0.8511875908870576, "ENV_Test_accuracy_strategy_107_epoch13": 0.8784893267651889, "ENV_Test_accuracy_strategy_43_epoch13": 0.8180661577608143, "ENV_Test_accuracy_strategy_17_epoch13": 0.8132940108892922, "ENV_Test_accuracy_strategy_93_epoch13": 0.8401109057301294, "ENV_Test_accuracy_per_mean_strategy_epoch13": 0.8465558268118349, "ENV_Test_accuracy_per_mean_user_epoch13": 0.8492651376192752, "ENV_Test_accuracy_per_mean_user_and_bot_epoch13": 0.8618967057889698, "ENV_Train_TotalLoss_epoch14": 370.2937324832858, "ENV_Train_Right action_epoch14": 0.9301867277911332, "ENV_Train_Probability to choose the right action_epoch14": 0.8982642367548139, "ENV_Train_Weighted right action_epoch14": 0.9301867277911332, "ENV_Train_Weighted probability to choose the right action:_epoch14": 0.8982642367548139, "ENV_Test_TotalLoss_epoch14": 287.0717892786063, "ENV_Test_Right action_epoch14": 0.838848, "ENV_Test_Probability to choose the right action_epoch14": 0.8222962183357543, "ENV_Test_Weighted right action_epoch14": 0.8586101995253623, "ENV_Test_Weighted probability to choose the right action:_epoch14": 0.8447166712856696, "ENV_Test_proba_accuracy_epoch14": 0.8222962183357547, "ENV_Test_proba_accuracy_strategy_132_epoch14": 0.8613129318631997, "ENV_Test_proba_accuracy_strategy_23_epoch14": 0.8314380400260761, "ENV_Test_proba_accuracy_strategy_107_epoch14": 0.8646302757381632, "ENV_Test_proba_accuracy_strategy_43_epoch14": 0.8052485615755284, "ENV_Test_proba_accuracy_strategy_17_epoch14": 0.7944332456957922, "ENV_Test_proba_accuracy_strategy_93_epoch14": 0.8208121379740387, "ENV_Test_proba_accuracy_per_mean_strategy_epoch14": 0.8296458654787998, "ENV_Test_proba_accuracy_per_mean_user_epoch14": 0.830554509059788, "ENV_Test_proba_accuracy_per_mean_user_and_bot_epoch14": 0.8447166712856707, "ENV_Test_accuracy_epoch14": 0.838848, "ENV_Test_accuracy_strategy_132_epoch14": 0.8753541076487252, "ENV_Test_accuracy_strategy_23_epoch14": 0.8503797059298756, "ENV_Test_accuracy_strategy_107_epoch14": 0.8686371100164204, "ENV_Test_accuracy_strategy_43_epoch14": 0.821882951653944, "ENV_Test_accuracy_strategy_17_epoch14": 0.8092105263157895, "ENV_Test_accuracy_strategy_93_epoch14": 0.8419593345656192, "ENV_Test_accuracy_per_mean_strategy_epoch14": 0.8445706226883957, "ENV_Test_accuracy_per_mean_user_epoch14": 0.8464630089185341, "ENV_Test_accuracy_per_mean_user_and_bot_epoch14": 0.8586101995253633, "ENV_Train_TotalLoss_epoch15": 341.0156769089815, "ENV_Train_Right action_epoch15": 0.9342259741711858, "ENV_Train_Probability to choose the right action_epoch15": 0.9063203144023041, "ENV_Train_Weighted right action_epoch15": 0.9342259741711858, "ENV_Train_Weighted probability to choose the right action:_epoch15": 0.9063203144023041, "ENV_Test_TotalLoss_epoch15": 334.8073999511916, "ENV_Test_Right action_epoch15": 0.83648, "ENV_Test_Probability to choose the right action_epoch15": 0.8253844375299221, "ENV_Test_Weighted right action_epoch15": 0.860946728164086, "ENV_Test_Weighted probability to choose the right action:_epoch15": 0.8486298804506953, "ENV_Test_proba_accuracy_epoch15": 0.825384437529923, "ENV_Test_proba_accuracy_strategy_132_epoch15": 0.8639331019666707, "ENV_Test_proba_accuracy_strategy_23_epoch15": 0.8365639628214337, "ENV_Test_proba_accuracy_strategy_107_epoch15": 0.862585968063895, "ENV_Test_proba_accuracy_strategy_43_epoch15": 0.8103756868770196, "ENV_Test_proba_accuracy_strategy_17_epoch15": 0.7942656447126516, "ENV_Test_proba_accuracy_strategy_93_epoch15": 0.8261988441007971, "ENV_Test_proba_accuracy_per_mean_strategy_epoch15": 0.8323205347570779, "ENV_Test_proba_accuracy_per_mean_user_epoch15": 0.8334447288242777, "ENV_Test_proba_accuracy_per_mean_user_and_bot_epoch15": 0.8486298804506959, "ENV_Test_accuracy_epoch15": 0.83648, "ENV_Test_accuracy_strategy_132_epoch15": 0.8730878186968839, "ENV_Test_accuracy_strategy_23_epoch15": 0.8477944740668929, "ENV_Test_accuracy_strategy_107_epoch15": 0.8686371100164204, "ENV_Test_accuracy_strategy_43_epoch15": 0.8231552162849872, "ENV_Test_accuracy_strategy_17_epoch15": 0.8042196007259528, "ENV_Test_accuracy_strategy_93_epoch15": 0.844731977818854, "ENV_Test_accuracy_per_mean_strategy_epoch15": 0.8436043662683318, "ENV_Test_accuracy_per_mean_user_epoch15": 0.8454787810813643, "ENV_Test_accuracy_per_mean_user_and_bot_epoch15": 0.8609467281640859, "ENV_Train_TotalLoss_epoch16": 314.1471004636435, "ENV_Train_Right action_epoch16": 0.9409725619557469, "ENV_Train_Probability to choose the right action_epoch16": 0.9142761609041675, "ENV_Train_Weighted right action_epoch16": 0.9409725619557469, "ENV_Train_Weighted probability to choose the right action:_epoch16": 0.9142761609041675, "ENV_Test_TotalLoss_epoch16": 341.22474621860135, "ENV_Test_Right action_epoch16": 0.838528, "ENV_Test_Probability to choose the right action_epoch16": 0.8261324017387903, "ENV_Test_Weighted right action_epoch16": 0.8637818057192572, "ENV_Test_Weighted probability to choose the right action:_epoch16": 0.8513082732052137, "ENV_Test_proba_accuracy_epoch16": 0.8261324017387899, "ENV_Test_proba_accuracy_strategy_132_epoch16": 0.8636177375872918, "ENV_Test_proba_accuracy_strategy_23_epoch16": 0.8387051942059852, "ENV_Test_proba_accuracy_strategy_107_epoch16": 0.8760518551657073, "ENV_Test_proba_accuracy_strategy_43_epoch16": 0.8108511095732818, "ENV_Test_proba_accuracy_strategy_17_epoch16": 0.7938456327244534, "ENV_Test_proba_accuracy_strategy_93_epoch16": 0.8187079023028381, "ENV_Test_proba_accuracy_per_mean_strategy_epoch16": 0.8336299052599264, "ENV_Test_proba_accuracy_per_mean_user_epoch16": 0.8351928258386706, "ENV_Test_proba_accuracy_per_mean_user_and_bot_epoch16": 0.8513082732052153, "ENV_Test_accuracy_epoch16": 0.838528, "ENV_Test_accuracy_strategy_132_epoch16": 0.8753541076487252, "ENV_Test_accuracy_strategy_23_epoch16": 0.8518338988528034, "ENV_Test_accuracy_strategy_107_epoch16": 0.8866995073891626, "ENV_Test_accuracy_strategy_43_epoch16": 0.8231552162849872, "ENV_Test_accuracy_strategy_17_epoch16": 0.8051270417422868, "ENV_Test_accuracy_strategy_93_epoch16": 0.833641404805915, "ENV_Test_accuracy_per_mean_strategy_epoch16": 0.8459685294539799, "ENV_Test_accuracy_per_mean_user_epoch16": 0.8485896019494661, "ENV_Test_accuracy_per_mean_user_and_bot_epoch16": 0.8637818057192579, "ENV_Train_TotalLoss_epoch17": 291.8647679448925, "ENV_Train_Right action_epoch17": 0.9461133088245572, "ENV_Train_Probability to choose the right action_epoch17": 0.9208852259105034, "ENV_Train_Weighted right action_epoch17": 0.9461133088245572, "ENV_Train_Weighted probability to choose the right action:_epoch17": 0.9208852259105034, "ENV_Test_TotalLoss_epoch17": 364.7241224040894, "ENV_Test_Right action_epoch17": 0.836416, "ENV_Test_Probability to choose the right action_epoch17": 0.8274908509774417, "ENV_Test_Weighted right action_epoch17": 0.8579623886571482, "ENV_Test_Weighted probability to choose the right action:_epoch17": 0.8496359465283756, "ENV_Test_proba_accuracy_epoch17": 0.8274908509774416, "ENV_Test_proba_accuracy_strategy_132_epoch17": 0.8739230677161692, "ENV_Test_proba_accuracy_strategy_23_epoch17": 0.8381649533301876, "ENV_Test_proba_accuracy_strategy_107_epoch17": 0.8694785742219024, "ENV_Test_proba_accuracy_strategy_43_epoch17": 0.8102388378828108, "ENV_Test_proba_accuracy_strategy_17_epoch17": 0.7960277761121235, "ENV_Test_proba_accuracy_strategy_93_epoch17": 0.8203041533158935, "ENV_Test_proba_accuracy_per_mean_strategy_epoch17": 0.8346895604298479, "ENV_Test_proba_accuracy_per_mean_user_epoch17": 0.836616070859206, "ENV_Test_proba_accuracy_per_mean_user_and_bot_epoch17": 0.8496359465283758, "ENV_Test_accuracy_epoch17": 0.836416, "ENV_Test_accuracy_strategy_132_epoch17": 0.8815864022662889, "ENV_Test_accuracy_strategy_23_epoch17": 0.8465018581354015, "ENV_Test_accuracy_strategy_107_epoch17": 0.8702791461412152, "ENV_Test_accuracy_strategy_43_epoch17": 0.8187022900763359, "ENV_Test_accuracy_strategy_17_epoch17": 0.8078493647912885, "ENV_Test_accuracy_strategy_93_epoch17": 0.8280961182994455, "ENV_Test_accuracy_per_mean_strategy_epoch17": 0.8421691966183293, "ENV_Test_accuracy_per_mean_user_epoch17": 0.8463744022547945, "ENV_Test_accuracy_per_mean_user_and_bot_epoch17": 0.8579623886571488, "ENV_Train_TotalLoss_epoch18": 267.6653575307664, "ENV_Train_Right action_epoch18": 0.9504200388588362, "ENV_Train_Probability to choose the right action_epoch18": 0.9277547026454555, "ENV_Train_Weighted right action_epoch18": 0.9504200388588362, "ENV_Train_Weighted probability to choose the right action:_epoch18": 0.9277547026454555, "ENV_Test_TotalLoss_epoch18": 401.9451141349431, "ENV_Test_Right action_epoch18": 0.829568, "ENV_Test_Probability to choose the right action_epoch18": 0.8213865437050606, "ENV_Test_Weighted right action_epoch18": 0.8553271230185999, "ENV_Test_Weighted probability to choose the right action:_epoch18": 0.8477812278198018, "ENV_Test_proba_accuracy_epoch18": 0.821386543705061, "ENV_Test_proba_accuracy_strategy_132_epoch18": 0.8657480825153674, "ENV_Test_proba_accuracy_strategy_23_epoch18": 0.8280308960777184, "ENV_Test_proba_accuracy_strategy_107_epoch18": 0.8702037211669071, "ENV_Test_proba_accuracy_strategy_43_epoch18": 0.8080739817526775, "ENV_Test_proba_accuracy_strategy_17_epoch18": 0.7939580473282306, "ENV_Test_proba_accuracy_strategy_93_epoch18": 0.8146235913107758, "ENV_Test_proba_accuracy_per_mean_strategy_epoch18": 0.8301063866919459, "ENV_Test_proba_accuracy_per_mean_user_epoch18": 0.832044626021274, "ENV_Test_proba_accuracy_per_mean_user_and_bot_epoch18": 0.8477812278198024, "ENV_Test_accuracy_epoch18": 0.829568, "ENV_Test_accuracy_strategy_132_epoch18": 0.8719546742209632, "ENV_Test_accuracy_strategy_23_epoch18": 0.8377767005978348, "ENV_Test_accuracy_strategy_107_epoch18": 0.8735632183908046, "ENV_Test_accuracy_strategy_43_epoch18": 0.8199745547073791, "ENV_Test_accuracy_strategy_17_epoch18": 0.800589836660617, "ENV_Test_accuracy_strategy_93_epoch18": 0.8207024029574861, "ENV_Test_accuracy_per_mean_strategy_epoch18": 0.8374268979225142, "ENV_Test_accuracy_per_mean_user_epoch18": 0.8401523758110909, "ENV_Test_accuracy_per_mean_user_and_bot_epoch18": 0.8553271230186004, "ENV_Train_TotalLoss_epoch19": 244.53644237328047, "ENV_Train_Right action_epoch19": 0.9553052325581395, "ENV_Train_Probability to choose the right action_epoch19": 0.9344216325711401, "ENV_Train_Weighted right action_epoch19": 0.9553052325581395, "ENV_Train_Weighted probability to choose the right action:_epoch19": 0.9344216325711401, "ENV_Test_TotalLoss_epoch19": 422.9611212443607, "ENV_Test_Right action_epoch19": 0.830976, "ENV_Test_Probability to choose the right action_epoch19": 0.8228361219738715, "ENV_Test_Weighted right action_epoch19": 0.851453077697955, "ENV_Test_Weighted probability to choose the right action:_epoch19": 0.8445934304931697, "ENV_Test_proba_accuracy_epoch19": 0.822836121973872, "ENV_Test_proba_accuracy_strategy_132_epoch19": 0.8595577363706209, "ENV_Test_proba_accuracy_strategy_23_epoch19": 0.8309780826095304, "ENV_Test_proba_accuracy_strategy_107_epoch19": 0.8642286596646747, "ENV_Test_proba_accuracy_strategy_43_epoch19": 0.809118552121866, "ENV_Test_proba_accuracy_strategy_17_epoch19": 0.7963991658907227, "ENV_Test_proba_accuracy_strategy_93_epoch19": 0.8206973262103093, "ENV_Test_proba_accuracy_per_mean_strategy_epoch19": 0.8301632538112874, "ENV_Test_proba_accuracy_per_mean_user_epoch19": 0.8321852179243239, "ENV_Test_proba_accuracy_per_mean_user_and_bot_epoch19": 0.8445934304931699, "ENV_Test_accuracy_epoch19": 0.830976, "ENV_Test_accuracy_strategy_132_epoch19": 0.8606232294617564, "ENV_Test_accuracy_strategy_23_epoch19": 0.8395540475036355, "ENV_Test_accuracy_strategy_107_epoch19": 0.8719211822660099, "ENV_Test_accuracy_strategy_43_epoch19": 0.8187022900763359, "ENV_Test_accuracy_strategy_17_epoch19": 0.8055807622504537, "ENV_Test_accuracy_strategy_93_epoch19": 0.8317929759704251, "ENV_Test_accuracy_per_mean_strategy_epoch19": 0.8380290812547694, "ENV_Test_accuracy_per_mean_user_epoch19": 0.8397236345234371, "ENV_Test_accuracy_per_mean_user_and_bot_epoch19": 0.8514530776979559, "ENV_Train_TotalLoss_epoch20": 218.4666884551512, "ENV_Train_Right action_epoch20": 0.9599670119232329, "ENV_Train_Probability to choose the right action_epoch20": 0.9410317938219257, "ENV_Train_Weighted right action_epoch20": 0.9599670119232329, "ENV_Train_Weighted probability to choose the right action:_epoch20": 0.9410317938219257, "ENV_Test_TotalLoss_epoch20": 440.23906520514606, "ENV_Test_Right action_epoch20": 0.83616, "ENV_Test_Probability to choose the right action_epoch20": 0.8280953858080389, "ENV_Test_Weighted right action_epoch20": 0.8561129137212431, "ENV_Test_Weighted probability to choose the right action:_epoch20": 0.8494876285807401, "ENV_Test_proba_accuracy_epoch20": 0.828095385808039, "ENV_Test_proba_accuracy_strategy_132_epoch20": 0.8642977358801285, "ENV_Test_proba_accuracy_strategy_23_epoch20": 0.839111047594994, "ENV_Test_proba_accuracy_strategy_107_epoch20": 0.867698674853105, "ENV_Test_proba_accuracy_strategy_43_epoch20": 0.814573863710157, "ENV_Test_proba_accuracy_strategy_17_epoch20": 0.7980499953164376, "ENV_Test_proba_accuracy_strategy_93_epoch20": 0.8257889461774499, "ENV_Test_proba_accuracy_per_mean_strategy_epoch20": 0.8349200439220453, "ENV_Test_proba_accuracy_per_mean_user_epoch20": 0.836404301070824, "ENV_Test_proba_accuracy_per_mean_user_and_bot_epoch20": 0.8494876285807402, "ENV_Test_accuracy_epoch20": 0.83616, "ENV_Test_accuracy_strategy_132_epoch20": 0.8725212464589235, "ENV_Test_accuracy_strategy_23_epoch20": 0.8503797059298756, "ENV_Test_accuracy_strategy_107_epoch20": 0.8686371100164204, "ENV_Test_accuracy_strategy_43_epoch20": 0.8161577608142494, "ENV_Test_accuracy_strategy_17_epoch20": 0.8055807622504537, "ENV_Test_accuracy_strategy_93_epoch20": 0.8308687615526802, "ENV_Test_accuracy_per_mean_strategy_epoch20": 0.8406908911704338, "ENV_Test_accuracy_per_mean_user_epoch20": 0.8451033833841781, "ENV_Test_accuracy_per_mean_user_and_bot_epoch20": 0.8561129137212433, "ENV_Train_TotalLoss_epoch21": 208.67838239650166, "ENV_Train_Right action_epoch21": 0.9626705053667263, "ENV_Train_Probability to choose the right action_epoch21": 0.9444553523690993, "ENV_Train_Weighted right action_epoch21": 0.9626705053667263, "ENV_Train_Weighted probability to choose the right action:_epoch21": 0.9444553523690993, "ENV_Test_TotalLoss_epoch21": 484.3463294006972, "ENV_Test_Right action_epoch21": 0.83232, "ENV_Test_Probability to choose the right action_epoch21": 0.8265778904649604, "ENV_Test_Weighted right action_epoch21": 0.8554974811135092, "ENV_Test_Weighted probability to choose the right action:_epoch21": 0.8505096390052427, "ENV_Test_proba_accuracy_epoch21": 0.826577890464961, "ENV_Test_proba_accuracy_strategy_132_epoch21": 0.863848897512137, "ENV_Test_proba_accuracy_strategy_23_epoch21": 0.8378760893519356, "ENV_Test_proba_accuracy_strategy_107_epoch21": 0.8673222958788888, "ENV_Test_proba_accuracy_strategy_43_epoch21": 0.8061020709170955, "ENV_Test_proba_accuracy_strategy_17_epoch21": 0.798730668935103, "ENV_Test_proba_accuracy_strategy_93_epoch21": 0.8214182948882734, "ENV_Test_proba_accuracy_per_mean_strategy_epoch21": 0.8325497195805722, "ENV_Test_proba_accuracy_per_mean_user_epoch21": 0.8360968072710067, "ENV_Test_proba_accuracy_per_mean_user_and_bot_epoch21": 0.850509639005243, "ENV_Test_accuracy_epoch21": 0.83232, "ENV_Test_accuracy_strategy_132_epoch21": 0.8685552407932011, "ENV_Test_accuracy_strategy_23_epoch21": 0.8445629342381645, "ENV_Test_accuracy_strategy_107_epoch21": 0.8702791461412152, "ENV_Test_accuracy_strategy_43_epoch21": 0.8085241730279898, "ENV_Test_accuracy_strategy_17_epoch21": 0.8051270417422868, "ENV_Test_accuracy_strategy_93_epoch21": 0.8271719038817006, "ENV_Test_accuracy_per_mean_strategy_epoch21": 0.837370073304093, "ENV_Test_accuracy_per_mean_user_epoch21": 0.8414800340520502, "ENV_Test_accuracy_per_mean_user_and_bot_epoch21": 0.8554974811135091, "ENV_Train_TotalLoss_epoch22": 194.50811786534476, "ENV_Train_Right action_epoch22": 0.9655341094913975, "ENV_Train_Probability to choose the right action_epoch22": 0.948617122087189, "ENV_Train_Weighted right action_epoch22": 0.9655341094913975, "ENV_Train_Weighted probability to choose the right action:_epoch22": 0.948617122087189, "ENV_Test_TotalLoss_epoch22": 460.6324813221682, "ENV_Test_Right action_epoch22": 0.836544, "ENV_Test_Probability to choose the right action_epoch22": 0.8315573044412683, "ENV_Test_Weighted right action_epoch22": 0.8561495702499563, "ENV_Test_Weighted probability to choose the right action:_epoch22": 0.852235917638749, "ENV_Test_proba_accuracy_epoch22": 0.8315573044412685, "ENV_Test_proba_accuracy_strategy_132_epoch22": 0.8637831873126288, "ENV_Test_proba_accuracy_strategy_23_epoch22": 0.8419074365563626, "ENV_Test_proba_accuracy_strategy_107_epoch22": 0.8755248326321076, "ENV_Test_proba_accuracy_strategy_43_epoch22": 0.8141568960385908, "ENV_Test_proba_accuracy_strategy_17_epoch22": 0.8053209235082428, "ENV_Test_proba_accuracy_strategy_93_epoch22": 0.8272056718768477, "ENV_Test_proba_accuracy_per_mean_strategy_epoch22": 0.8379831579874635, "ENV_Test_proba_accuracy_per_mean_user_epoch22": 0.8399138580595898, "ENV_Test_proba_accuracy_per_mean_user_and_bot_epoch22": 0.8522359176387488, "ENV_Test_accuracy_epoch22": 0.836544, "ENV_Test_accuracy_strategy_132_epoch22": 0.863456090651558, "ENV_Test_accuracy_strategy_23_epoch22": 0.8489255130069479, "ENV_Test_accuracy_strategy_107_epoch22": 0.8817733990147784, "ENV_Test_accuracy_strategy_43_epoch22": 0.8142493638676844, "ENV_Test_accuracy_strategy_17_epoch22": 0.8105716878402904, "ENV_Test_accuracy_strategy_93_epoch22": 0.8345656192236599, "ENV_Test_accuracy_per_mean_strategy_epoch22": 0.8422569456008198, "ENV_Test_accuracy_per_mean_user_epoch22": 0.8449885513400403, "ENV_Test_accuracy_per_mean_user_and_bot_epoch22": 0.8561495702499561, "ENV_Train_TotalLoss_epoch23": 184.0941048380749, "ENV_Train_Right action_epoch23": 0.9675606926721547, "ENV_Train_Probability to choose the right action_epoch23": 0.9515590973479576, "ENV_Train_Weighted right action_epoch23": 0.9675606926721547, "ENV_Train_Weighted probability to choose the right action:_epoch23": 0.9515590973479576, "ENV_Test_TotalLoss_epoch23": 442.9091307169706, "ENV_Test_Right action_epoch23": 0.832448, "ENV_Test_Probability to choose the right action_epoch23": 0.8266525826782722, "ENV_Test_Weighted right action_epoch23": 0.8501190045594091, "ENV_Test_Weighted probability to choose the right action:_epoch23": 0.8468054788849094, "ENV_Test_proba_accuracy_epoch23": 0.8266525826782734, "ENV_Test_proba_accuracy_strategy_132_epoch23": 0.8618872597188899, "ENV_Test_proba_accuracy_strategy_23_epoch23": 0.8355066798082552, "ENV_Test_proba_accuracy_strategy_107_epoch23": 0.864225846593808, "ENV_Test_proba_accuracy_strategy_43_epoch23": 0.8161426896643174, "ENV_Test_proba_accuracy_strategy_17_epoch23": 0.7998724147411407, "ENV_Test_proba_accuracy_strategy_93_epoch23": 0.8217535089685823, "ENV_Test_proba_accuracy_per_mean_strategy_epoch23": 0.8332313999158322, "ENV_Test_proba_accuracy_per_mean_user_epoch23": 0.8341008024243736, "ENV_Test_proba_accuracy_per_mean_user_and_bot_epoch23": 0.8468054788849093, "ENV_Test_accuracy_epoch23": 0.832448, "ENV_Test_accuracy_strategy_132_epoch23": 0.8645892351274788, "ENV_Test_accuracy_strategy_23_epoch23": 0.8423008563580546, "ENV_Test_accuracy_strategy_107_epoch23": 0.8637110016420362, "ENV_Test_accuracy_strategy_43_epoch23": 0.8199745547073791, "ENV_Test_accuracy_strategy_17_epoch23": 0.8067150635208712, "ENV_Test_accuracy_strategy_93_epoch23": 0.8290203327171903, "ENV_Test_accuracy_per_mean_strategy_epoch23": 0.8377185073455018, "ENV_Test_accuracy_per_mean_user_epoch23": 0.8395498570573734, "ENV_Test_accuracy_per_mean_user_and_bot_epoch23": 0.8501190045594091, "ENV_Train_TotalLoss_epoch24": 166.59975057867976, "ENV_Train_Right action_epoch24": 0.9703382722952194, "ENV_Train_Probability to choose the right action_epoch24": 0.9561522894641947, "ENV_Train_Weighted right action_epoch24": 0.9703382722952194, "ENV_Train_Weighted probability to choose the right action:_epoch24": 0.9561522894641947, "ENV_Test_TotalLoss_epoch24": 515.5343490712102, "ENV_Test_Right action_epoch24": 0.828224, "ENV_Test_Probability to choose the right action_epoch24": 0.8227259749461916, "ENV_Test_Weighted right action_epoch24": 0.8458296631132355, "ENV_Test_Weighted probability to choose the right action:_epoch24": 0.8415925336160595, "ENV_Test_proba_accuracy_epoch24": 0.8227259749461906, "ENV_Test_proba_accuracy_strategy_132_epoch24": 0.8594127748313012, "ENV_Test_proba_accuracy_strategy_23_epoch24": 0.8335094324882218, "ENV_Test_proba_accuracy_strategy_107_epoch24": 0.8666807375586384, "ENV_Test_proba_accuracy_strategy_43_epoch24": 0.8072604234882359, "ENV_Test_proba_accuracy_strategy_17_epoch24": 0.7943822652400655, "ENV_Test_proba_accuracy_strategy_93_epoch24": 0.8144001416011574, "ENV_Test_proba_accuracy_per_mean_strategy_epoch24": 0.8292742958679368, "ENV_Test_proba_accuracy_per_mean_user_epoch24": 0.830500277192558, "ENV_Test_proba_accuracy_per_mean_user_and_bot_epoch24": 0.8415925336160607, "ENV_Test_accuracy_epoch24": 0.828224, "ENV_Test_accuracy_strategy_132_epoch24": 0.8611898016997167, "ENV_Test_accuracy_strategy_23_epoch24": 0.8406850864436904, "ENV_Test_accuracy_strategy_107_epoch24": 0.8735632183908046, "ENV_Test_accuracy_strategy_43_epoch24": 0.811704834605598, "ENV_Test_accuracy_strategy_17_epoch24": 0.8008166969147006, "ENV_Test_accuracy_strategy_93_epoch24": 0.8133086876155268, "ENV_Test_accuracy_per_mean_strategy_epoch24": 0.8335447209450062, "ENV_Test_accuracy_per_mean_user_epoch24": 0.83593560172302, "ENV_Test_accuracy_per_mean_user_and_bot_epoch24": 0.8458296631132349, "_wandb": {"runtime": 1820}}