{"ENV_Train_TotalLoss": 179.1111846208598, "ENV_Train_TotalLoss_epoch0": 1018.7998766201606, "ENV_Train_Right action": 0.9688705619233995, "ENV_Train_Right action_epoch0": 0.7870211189847234, "ENV_Train_Probability to choose the right action": 0.9541136771597435, "ENV_Train_Probability to choose the right action_epoch0": 0.7069914935526127, "ENV_Train_Weighted right action": 0.9688705619233995, "ENV_Train_Weighted right action_epoch0": 0.7870211189847234, "ENV_Train_Weighted probability to choose the right action:": 0.9541136771597435, "ENV_Train_Weighted probability to choose the right action:_epoch0": 0.7069914935526127, "_timestamp": 1720388439.8117254, "_runtime": 2273.090667486191, "_step": 49, "ENV_Test_TotalLoss": 662.7999352536237, "ENV_Test_TotalLoss_epoch0": 208.12944995717498, "ENV_Test_Right action": 0.799936, "ENV_Test_Right action_epoch0": 0.801472, "ENV_Test_Probability to choose the right action": 0.7937824962957883, "ENV_Test_Probability to choose the right action_epoch0": 0.752396880040128, "ENV_Test_Weighted right action": 0.8237063407570818, "ENV_Test_Weighted right action_epoch0": 0.8350222705192324, "ENV_Test_Weighted probability to choose the right action:": 0.8195193704994215, "ENV_Test_Weighted probability to choose the right action:_epoch0": 0.7820177626535395, "ENV_Test_proba_accuracy": 0.793782496295788, "ENV_Test_proba_accuracy_epoch0": 0.752396880040127, "ENV_Test_proba_accuracy_strategy_132": 0.8250810355756821, "ENV_Test_proba_accuracy_strategy_132_epoch0": 0.7928036022949775, "ENV_Test_proba_accuracy_strategy_23": 0.7997343584986729, "ENV_Test_proba_accuracy_strategy_23_epoch0": 0.7551487935849591, "ENV_Test_proba_accuracy_strategy_107": 0.8508936896912863, "ENV_Test_proba_accuracy_strategy_107_epoch0": 0.8097341766180715, "ENV_Test_proba_accuracy_strategy_43": 0.7931240382207543, "ENV_Test_proba_accuracy_strategy_43_epoch0": 0.7497461812341025, "ENV_Test_proba_accuracy_strategy_17": 0.7662181046656941, "ENV_Test_proba_accuracy_strategy_17_epoch0": 0.7241302574326121, "ENV_Test_proba_accuracy_strategy_93": 0.78979009391028, "ENV_Test_proba_accuracy_strategy_93_epoch0": 0.7574784878518187, "ENV_Test_proba_accuracy_per_mean_strategy": 0.8041402200937283, "ENV_Test_proba_accuracy_per_mean_strategy_epoch0": 0.7648402498360901, "ENV_Test_proba_accuracy_per_mean_user": 0.8017249866595632, "ENV_Test_proba_accuracy_per_mean_user_epoch0": 0.7629192284853317, "ENV_Test_proba_accuracy_per_mean_user_and_bot": 0.8195193704994218, "ENV_Test_proba_accuracy_per_mean_user_and_bot_epoch0": 0.7820177626535396, "ENV_Test_accuracy": 0.799936, "ENV_Test_accuracy_epoch0": 0.801472, "ENV_Test_accuracy_strategy_132": 0.828328611898017, "ENV_Test_accuracy_strategy_132_epoch0": 0.8413597733711048, "ENV_Test_accuracy_strategy_23": 0.8086928421392794, "ENV_Test_accuracy_strategy_23_epoch0": 0.8056228793019874, "ENV_Test_accuracy_strategy_107": 0.8604269293924466, "ENV_Test_accuracy_strategy_107_epoch0": 0.8686371100164204, "ENV_Test_accuracy_strategy_43": 0.7964376590330788, "ENV_Test_accuracy_strategy_43_epoch0": 0.7970737913486005, "ENV_Test_accuracy_strategy_17": 0.7701905626134301, "ENV_Test_accuracy_strategy_17_epoch0": 0.7695099818511797, "ENV_Test_accuracy_strategy_93": 0.7957486136783734, "ENV_Test_accuracy_strategy_93_epoch0": 0.8114602587800369, "ENV_Test_accuracy_per_mean_strategy": 0.8099708697924375, "ENV_Test_accuracy_per_mean_strategy_epoch0": 0.8156106324448883, "ENV_Test_accuracy_per_mean_user": 0.8069863352080626, "ENV_Test_accuracy_per_mean_user_epoch0": 0.812928701601822, "ENV_Test_accuracy_per_mean_user_and_bot": 0.8237063407570824, "ENV_Test_accuracy_per_mean_user_and_bot_epoch0": 0.8350222705192323, "ENV_Train_TotalLoss_epoch1": 880.4919314548018, "ENV_Train_Right action_epoch1": 0.8164411896243292, "ENV_Train_Probability to choose the right action_epoch1": 0.7482336110640305, "ENV_Train_Weighted right action_epoch1": 0.8164411896243292, "ENV_Train_Weighted probability to choose the right action:_epoch1": 0.7482336110640305, "ENV_Test_TotalLoss_epoch1": 201.84269687055308, "ENV_Test_Right action_epoch1": 0.810752, "ENV_Test_Probability to choose the right action_epoch1": 0.7531825145853203, "ENV_Test_Weighted right action_epoch1": 0.8446166024620617, "ENV_Test_Weighted probability to choose the right action:_epoch1": 0.7803225334232246, "ENV_Test_proba_accuracy_epoch1": 0.7531825145853204, "ENV_Test_proba_accuracy_strategy_132_epoch1": 0.7970481284032322, "ENV_Test_proba_accuracy_strategy_23_epoch1": 0.7564557959870775, "ENV_Test_proba_accuracy_strategy_107_epoch1": 0.8020234504041045, "ENV_Test_proba_accuracy_strategy_43_epoch1": 0.7455006371494737, "ENV_Test_proba_accuracy_strategy_17_epoch1": 0.7264228602737237, "ENV_Test_proba_accuracy_strategy_93_epoch1": 0.7555921177617911, "ENV_Test_proba_accuracy_per_mean_strategy_epoch1": 0.7638404983299004, "ENV_Test_proba_accuracy_per_mean_user_epoch1": 0.7638388573009757, "ENV_Test_proba_accuracy_per_mean_user_and_bot_epoch1": 0.7803225334232252, "ENV_Test_accuracy_epoch1": 0.810752, "ENV_Test_accuracy_strategy_132_epoch1": 0.8572237960339943, "ENV_Test_accuracy_strategy_23_epoch1": 0.8120859589594441, "ENV_Test_accuracy_strategy_107_epoch1": 0.8719211822660099, "ENV_Test_accuracy_strategy_43_epoch1": 0.8110687022900763, "ENV_Test_accuracy_strategy_17_epoch1": 0.7788112522686026, "ENV_Test_accuracy_strategy_93_epoch1": 0.822550831792976, "ENV_Test_accuracy_per_mean_strategy_epoch1": 0.8256102872685173, "ENV_Test_accuracy_per_mean_user_epoch1": 0.8247910245871317, "ENV_Test_accuracy_per_mean_user_and_bot_epoch1": 0.8446166024620612, "ENV_Train_TotalLoss_epoch2": 836.220287730343, "ENV_Train_Right action_epoch2": 0.8279983226167179, "ENV_Train_Probability to choose the right action_epoch2": 0.7613688013969788, "ENV_Train_Weighted right action_epoch2": 0.8279983226167179, "ENV_Train_Weighted probability to choose the right action:_epoch2": 0.7613688013969788, "ENV_Test_TotalLoss_epoch2": 200.42377214327573, "ENV_Test_Right action_epoch2": 0.818432, "ENV_Test_Probability to choose the right action_epoch2": 0.7708882884070427, "ENV_Test_Weighted right action_epoch2": 0.8504335691022026, "ENV_Test_Weighted probability to choose the right action:_epoch2": 0.7994675358591402, "ENV_Test_proba_accuracy_epoch2": 0.7708882884070424, "ENV_Test_proba_accuracy_strategy_132_epoch2": 0.8149831044833669, "ENV_Test_proba_accuracy_strategy_23_epoch2": 0.7745602111080636, "ENV_Test_proba_accuracy_strategy_107_epoch2": 0.827178671714609, "ENV_Test_proba_accuracy_strategy_43_epoch2": 0.7628449960677498, "ENV_Test_proba_accuracy_strategy_17_epoch2": 0.7430954317155638, "ENV_Test_proba_accuracy_strategy_93_epoch2": 0.7711851871572876, "ENV_Test_proba_accuracy_per_mean_strategy_epoch2": 0.7823079337077733, "ENV_Test_proba_accuracy_per_mean_user_epoch2": 0.7817528274341198, "ENV_Test_proba_accuracy_per_mean_user_and_bot_epoch2": 0.7994675358591399, "ENV_Test_accuracy_epoch2": 0.818432, "ENV_Test_accuracy_strategy_132_epoch2": 0.8606232294617564, "ENV_Test_accuracy_strategy_23_epoch2": 0.8211342704798836, "ENV_Test_accuracy_strategy_107_epoch2": 0.8752052545155994, "ENV_Test_accuracy_strategy_43_epoch2": 0.8129770992366412, "ENV_Test_accuracy_strategy_17_epoch2": 0.7883393829401089, "ENV_Test_accuracy_strategy_93_epoch2": 0.83271719038817, "ENV_Test_accuracy_per_mean_strategy_epoch2": 0.8318327378370265, "ENV_Test_accuracy_per_mean_user_epoch2": 0.8293053874394882, "ENV_Test_accuracy_per_mean_user_and_bot_epoch2": 0.8504335691022039, "ENV_Train_TotalLoss_epoch3": 793.0436083851287, "ENV_Train_Right action_epoch3": 0.8368744758177243, "ENV_Train_Probability to choose the right action_epoch3": 0.7737969224805454, "ENV_Train_Weighted right action_epoch3": 0.8368744758177243, "ENV_Train_Weighted probability to choose the right action:_epoch3": 0.7737969224805454, "ENV_Test_TotalLoss_epoch3": 199.5954875036748, "ENV_Test_Right action_epoch3": 0.81536, "ENV_Test_Probability to choose the right action_epoch3": 0.7690299649732774, "ENV_Test_Weighted right action_epoch3": 0.8526493215407324, "ENV_Test_Weighted probability to choose the right action:_epoch3": 0.8016271781962587, "ENV_Test_proba_accuracy_epoch3": 0.769029964973277, "ENV_Test_proba_accuracy_strategy_132_epoch3": 0.8159650981147246, "ENV_Test_proba_accuracy_strategy_23_epoch3": 0.7717756184756637, "ENV_Test_proba_accuracy_strategy_107_epoch3": 0.8295966682235202, "ENV_Test_proba_accuracy_strategy_43_epoch3": 0.7648306454959385, "ENV_Test_proba_accuracy_strategy_17_epoch3": 0.7393466890435022, "ENV_Test_proba_accuracy_strategy_93_epoch3": 0.7697016181308555, "ENV_Test_proba_accuracy_per_mean_strategy_epoch3": 0.7818693895807008, "ENV_Test_proba_accuracy_per_mean_user_epoch3": 0.7811609343021674, "ENV_Test_proba_accuracy_per_mean_user_and_bot_epoch3": 0.801627178196259, "ENV_Test_accuracy_epoch3": 0.81536, "ENV_Test_accuracy_strategy_132_epoch3": 0.856657223796034, "ENV_Test_accuracy_strategy_23_epoch3": 0.820487962514138, "ENV_Test_accuracy_strategy_107_epoch3": 0.8866995073891626, "ENV_Test_accuracy_strategy_43_epoch3": 0.8091603053435115, "ENV_Test_accuracy_strategy_17_epoch3": 0.7842558983666061, "ENV_Test_accuracy_strategy_93_epoch3": 0.8142329020332717, "ENV_Test_accuracy_per_mean_strategy_epoch3": 0.8285822999071207, "ENV_Test_accuracy_per_mean_user_epoch3": 0.8275338378188167, "ENV_Test_accuracy_per_mean_user_and_bot_epoch3": 0.8526493215407327, "ENV_Train_TotalLoss_epoch4": 753.9416213959064, "ENV_Train_Right action_epoch4": 0.8465505674512216, "ENV_Train_Probability to choose the right action_epoch4": 0.7856647846062116, "ENV_Train_Weighted right action_epoch4": 0.8465505674512216, "ENV_Train_Weighted probability to choose the right action:_epoch4": 0.7856647846062116, "ENV_Test_TotalLoss_epoch4": 227.07420783815817, "ENV_Test_Right action_epoch4": 0.814272, "ENV_Test_Probability to choose the right action_epoch4": 0.7806445917106513, "ENV_Test_Weighted right action_epoch4": 0.8436645280016202, "ENV_Test_Weighted probability to choose the right action:_epoch4": 0.8121313176382734, "ENV_Test_proba_accuracy_epoch4": 0.780644591710651, "ENV_Test_proba_accuracy_strategy_132_epoch4": 0.826008004576893, "ENV_Test_proba_accuracy_strategy_23_epoch4": 0.7839693937926938, "ENV_Test_proba_accuracy_strategy_107_epoch4": 0.8382325701380957, "ENV_Test_proba_accuracy_strategy_43_epoch4": 0.7777335804836756, "ENV_Test_proba_accuracy_strategy_17_epoch4": 0.7514141452386022, "ENV_Test_proba_accuracy_strategy_93_epoch4": 0.7785274152232231, "ENV_Test_proba_accuracy_per_mean_strategy_epoch4": 0.7926475182421973, "ENV_Test_proba_accuracy_per_mean_user_epoch4": 0.7920701993650212, "ENV_Test_proba_accuracy_per_mean_user_and_bot_epoch4": 0.8121313176382727, "ENV_Test_accuracy_epoch4": 0.814272, "ENV_Test_accuracy_strategy_132_epoch4": 0.853257790368272, "ENV_Test_accuracy_strategy_23_epoch4": 0.8203263855227015, "ENV_Test_accuracy_strategy_107_epoch4": 0.8784893267651889, "ENV_Test_accuracy_strategy_43_epoch4": 0.8097964376590331, "ENV_Test_accuracy_strategy_17_epoch4": 0.7831215970961888, "ENV_Test_accuracy_strategy_93_epoch4": 0.8133086876155268, "ENV_Test_accuracy_per_mean_strategy_epoch4": 0.8263833708378185, "ENV_Test_accuracy_per_mean_user_epoch4": 0.824181746801094, "ENV_Test_accuracy_per_mean_user_and_bot_epoch4": 0.843664528001621, "ENV_Train_TotalLoss_epoch5": 713.6734296722251, "ENV_Train_Right action_epoch5": 0.8557572708342068, "ENV_Train_Probability to choose the right action_epoch5": 0.7977798928867262, "ENV_Train_Weighted right action_epoch5": 0.8557572708342068, "ENV_Train_Weighted probability to choose the right action:_epoch5": 0.7977798928867262, "ENV_Test_TotalLoss_epoch5": 217.3519524866734, "ENV_Test_Right action_epoch5": 0.813184, "ENV_Test_Probability to choose the right action_epoch5": 0.7749617097995746, "ENV_Test_Weighted right action_epoch5": 0.845883443749897, "ENV_Test_Weighted probability to choose the right action:_epoch5": 0.804163484219269, "ENV_Test_proba_accuracy_epoch5": 0.7749617097995742, "ENV_Test_proba_accuracy_strategy_132_epoch5": 0.8169101826869419, "ENV_Test_proba_accuracy_strategy_23_epoch5": 0.7801880050469597, "ENV_Test_proba_accuracy_strategy_107_epoch5": 0.8197538585556274, "ENV_Test_proba_accuracy_strategy_43_epoch5": 0.7711790241531974, "ENV_Test_proba_accuracy_strategy_17_epoch5": 0.7465175379938384, "ENV_Test_proba_accuracy_strategy_93_epoch5": 0.7728039248005708, "ENV_Test_proba_accuracy_per_mean_strategy_epoch5": 0.7845587555395226, "ENV_Test_proba_accuracy_per_mean_user_epoch5": 0.7860892763045046, "ENV_Test_proba_accuracy_per_mean_user_and_bot_epoch5": 0.8041634842192691, "ENV_Test_accuracy_epoch5": 0.813184, "ENV_Test_accuracy_strategy_132_epoch5": 0.8470254957507082, "ENV_Test_accuracy_strategy_23_epoch5": 0.8208111164970108, "ENV_Test_accuracy_strategy_107_epoch5": 0.8702791461412152, "ENV_Test_accuracy_strategy_43_epoch5": 0.8129770992366412, "ENV_Test_accuracy_strategy_17_epoch5": 0.780852994555354, "ENV_Test_accuracy_strategy_93_epoch5": 0.8142329020332717, "ENV_Test_accuracy_per_mean_strategy_epoch5": 0.8243631257023668, "ENV_Test_accuracy_per_mean_user_epoch5": 0.8243796520069425, "ENV_Test_accuracy_per_mean_user_and_bot_epoch5": 0.8458834437498962, "ENV_Train_TotalLoss_epoch6": 673.296868757326, "ENV_Train_Right action_epoch6": 0.8650586245929818, "ENV_Train_Probability to choose the right action_epoch6": 0.8096661862831842, "ENV_Train_Weighted right action_epoch6": 0.8650586245929818, "ENV_Train_Weighted probability to choose the right action:_epoch6": 0.8096661862831842, "ENV_Test_TotalLoss_epoch6": 229.75734112343181, "ENV_Test_Right action_epoch6": 0.810944, "ENV_Test_Probability to choose the right action_epoch6": 0.7746181896376448, "ENV_Test_Weighted right action_epoch6": 0.8399058360096173, "ENV_Test_Weighted probability to choose the right action:_epoch6": 0.8061489807393918, "ENV_Test_proba_accuracy_epoch6": 0.7746181896376446, "ENV_Test_proba_accuracy_strategy_132_epoch6": 0.8164291880632293, "ENV_Test_proba_accuracy_strategy_23_epoch6": 0.7793764007047491, "ENV_Test_proba_accuracy_strategy_107_epoch6": 0.8344326944574106, "ENV_Test_proba_accuracy_strategy_43_epoch6": 0.7735836535914711, "ENV_Test_proba_accuracy_strategy_17_epoch6": 0.7434834981567894, "ENV_Test_proba_accuracy_strategy_93_epoch6": 0.7738751182527, "ENV_Test_proba_accuracy_per_mean_strategy_epoch6": 0.7868634255377249, "ENV_Test_proba_accuracy_per_mean_user_epoch6": 0.7863081409162634, "ENV_Test_proba_accuracy_per_mean_user_and_bot_epoch6": 0.8061489807393917, "ENV_Test_accuracy_epoch6": 0.810944, "ENV_Test_accuracy_strategy_132_epoch6": 0.8441926345609065, "ENV_Test_accuracy_strategy_23_epoch6": 0.8175795766682824, "ENV_Test_accuracy_strategy_107_epoch6": 0.8784893267651889, "ENV_Test_accuracy_strategy_43_epoch6": 0.8059796437659033, "ENV_Test_accuracy_strategy_17_epoch6": 0.779491833030853, "ENV_Test_accuracy_strategy_93_epoch6": 0.8160813308687616, "ENV_Test_accuracy_per_mean_strategy_epoch6": 0.8236357242766493, "ENV_Test_accuracy_per_mean_user_epoch6": 0.8218558558617328, "ENV_Test_accuracy_per_mean_user_and_bot_epoch6": 0.8399058360096182, "ENV_Train_TotalLoss_epoch7": 631.1646770314546, "ENV_Train_Right action_epoch7": 0.8740424937098127, "ENV_Train_Probability to choose the right action_epoch7": 0.8221903207359885, "ENV_Train_Weighted right action_epoch7": 0.8740424937098127, "ENV_Train_Weighted probability to choose the right action:_epoch7": 0.8221903207359885, "ENV_Test_TotalLoss_epoch7": 256.5789799379762, "ENV_Test_Right action_epoch7": 0.811072, "ENV_Test_Probability to choose the right action_epoch7": 0.7816232816795835, "ENV_Test_Weighted right action_epoch7": 0.8372895317874384, "ENV_Test_Weighted probability to choose the right action:_epoch7": 0.8072566531165934, "ENV_Test_proba_accuracy_epoch7": 0.781623281679584, "ENV_Test_proba_accuracy_strategy_132_epoch7": 0.8154693253134956, "ENV_Test_proba_accuracy_strategy_23_epoch7": 0.7878233119530164, "ENV_Test_proba_accuracy_strategy_107_epoch7": 0.8276972268793271, "ENV_Test_proba_accuracy_strategy_43_epoch7": 0.7820504980389316, "ENV_Test_proba_accuracy_strategy_17_epoch7": 0.7537881340851258, "ENV_Test_proba_accuracy_strategy_93_epoch7": 0.7777937617874442, "ENV_Test_proba_accuracy_per_mean_strategy_epoch7": 0.79077037634289, "ENV_Test_proba_accuracy_per_mean_user_epoch7": 0.7903511443448381, "ENV_Test_proba_accuracy_per_mean_user_and_bot_epoch7": 0.807256653116593, "ENV_Test_accuracy_epoch7": 0.811072, "ENV_Test_accuracy_strategy_132_epoch7": 0.8362606232294617, "ENV_Test_accuracy_strategy_23_epoch7": 0.8167716917111003, "ENV_Test_accuracy_strategy_107_epoch7": 0.8620689655172413, "ENV_Test_accuracy_strategy_43_epoch7": 0.8123409669211196, "ENV_Test_accuracy_strategy_17_epoch7": 0.7856170598911071, "ENV_Test_accuracy_strategy_93_epoch7": 0.8105360443622921, "ENV_Test_accuracy_per_mean_strategy_epoch7": 0.8205992252720536, "ENV_Test_accuracy_per_mean_user_epoch7": 0.8181451866606219, "ENV_Test_accuracy_per_mean_user_and_bot_epoch7": 0.8372895317874383, "ENV_Train_TotalLoss_epoch8": 593.6626614540066, "ENV_Train_Right action_epoch8": 0.8818499371244936, "ENV_Train_Probability to choose the right action_epoch8": 0.8331331986333738, "ENV_Train_Weighted right action_epoch8": 0.8818499371244936, "ENV_Train_Weighted probability to choose the right action:_epoch8": 0.8331331986333738, "ENV_Test_TotalLoss_epoch8": 292.66769607032643, "ENV_Test_Right action_epoch8": 0.805824, "ENV_Test_Probability to choose the right action_epoch8": 0.7815974186461497, "ENV_Test_Weighted right action_epoch8": 0.8398679232214652, "ENV_Test_Weighted probability to choose the right action:_epoch8": 0.8149335602814838, "ENV_Test_proba_accuracy_epoch8": 0.781597418646151, "ENV_Test_proba_accuracy_strategy_132_epoch8": 0.817469287714522, "ENV_Test_proba_accuracy_strategy_23_epoch8": 0.7853432430521242, "ENV_Test_proba_accuracy_strategy_107_epoch8": 0.8378864604632279, "ENV_Test_proba_accuracy_strategy_43_epoch8": 0.7803128460189651, "ENV_Test_proba_accuracy_strategy_17_epoch8": 0.7538701125060033, "ENV_Test_proba_accuracy_strategy_93_epoch8": 0.7847993881608114, "ENV_Test_proba_accuracy_per_mean_strategy_epoch8": 0.7932802229859423, "ENV_Test_proba_accuracy_per_mean_user_epoch8": 0.7931583043162249, "ENV_Test_proba_accuracy_per_mean_user_and_bot_epoch8": 0.8149335602814837, "ENV_Test_accuracy_epoch8": 0.805824, "ENV_Test_accuracy_strategy_132_epoch8": 0.8334277620396601, "ENV_Test_accuracy_strategy_23_epoch8": 0.8072386492163516, "ENV_Test_accuracy_strategy_107_epoch8": 0.8669950738916257, "ENV_Test_accuracy_strategy_43_epoch8": 0.80470737913486, "ENV_Test_accuracy_strategy_17_epoch8": 0.7801724137931034, "ENV_Test_accuracy_strategy_93_epoch8": 0.8243992606284658, "ENV_Test_accuracy_per_mean_strategy_epoch8": 0.819490089784011, "ENV_Test_accuracy_per_mean_user_epoch8": 0.8159703722311801, "ENV_Test_accuracy_per_mean_user_and_bot_epoch8": 0.8398679232214661, "ENV_Train_TotalLoss_epoch9": 548.55990004312, "ENV_Train_Right action_epoch9": 0.8913894324853229, "ENV_Train_Probability to choose the right action_epoch9": 0.8466579651360435, "ENV_Train_Weighted right action_epoch9": 0.8913894324853229, "ENV_Train_Weighted probability to choose the right action:_epoch9": 0.8466579651360435, "ENV_Test_TotalLoss_epoch9": 282.2375362293123, "ENV_Test_Right action_epoch9": 0.808, "ENV_Test_Probability to choose the right action_epoch9": 0.7853996507785489, "ENV_Test_Weighted right action_epoch9": 0.8401082218299433, "ENV_Test_Weighted probability to choose the right action:_epoch9": 0.8171692534242826, "ENV_Test_proba_accuracy_epoch9": 0.7853996507785486, "ENV_Test_proba_accuracy_strategy_132_epoch9": 0.8258859814275561, "ENV_Test_proba_accuracy_strategy_23_epoch9": 0.7897839069294901, "ENV_Test_proba_accuracy_strategy_107_epoch9": 0.8460844415105645, "ENV_Test_proba_accuracy_strategy_43_epoch9": 0.7834029682796092, "ENV_Test_proba_accuracy_strategy_17_epoch9": 0.7561651442785163, "ENV_Test_proba_accuracy_strategy_93_epoch9": 0.7821232340234668, "ENV_Test_proba_accuracy_per_mean_strategy_epoch9": 0.7972409460748673, "ENV_Test_proba_accuracy_per_mean_user_epoch9": 0.7954651717066222, "ENV_Test_proba_accuracy_per_mean_user_and_bot_epoch9": 0.8171692534242815, "ENV_Test_accuracy_epoch9": 0.808, "ENV_Test_accuracy_strategy_132_epoch9": 0.8492917847025496, "ENV_Test_accuracy_strategy_23_epoch9": 0.8117628049765714, "ENV_Test_accuracy_strategy_107_epoch9": 0.8735632183908046, "ENV_Test_accuracy_strategy_43_epoch9": 0.8008905852417303, "ENV_Test_accuracy_strategy_17_epoch9": 0.7806261343012704, "ENV_Test_accuracy_strategy_93_epoch9": 0.8040665434380776, "ENV_Test_accuracy_per_mean_strategy_epoch9": 0.8200335118418339, "ENV_Test_accuracy_per_mean_user_epoch9": 0.8175533290572691, "ENV_Test_accuracy_per_mean_user_and_bot_epoch9": 0.8401082218299445, "ENV_Train_TotalLoss_epoch10": 501.1622993981771, "ENV_Train_Right action_epoch10": 0.9023762929829466, "ENV_Train_Probability to choose the right action_epoch10": 0.8600109682302021, "ENV_Train_Weighted right action_epoch10": 0.9023762929829466, "ENV_Train_Weighted probability to choose the right action:_epoch10": 0.8600109682302021, "ENV_Test_TotalLoss_epoch10": 357.20442984770534, "ENV_Test_Right action_epoch10": 0.802176, "ENV_Test_Probability to choose the right action_epoch10": 0.7879488137098488, "ENV_Test_Weighted right action_epoch10": 0.8306432512437796, "ENV_Test_Weighted probability to choose the right action:_epoch10": 0.8144052793555078, "ENV_Test_proba_accuracy_epoch10": 0.787948813709848, "ENV_Test_proba_accuracy_strategy_132_epoch10": 0.8239381339799797, "ENV_Test_proba_accuracy_strategy_23_epoch10": 0.7958184142139277, "ENV_Test_proba_accuracy_strategy_107_epoch10": 0.838645302514809, "ENV_Test_proba_accuracy_strategy_43_epoch10": 0.7822253304338207, "ENV_Test_proba_accuracy_strategy_17_epoch10": 0.759217082520359, "ENV_Test_proba_accuracy_strategy_93_epoch10": 0.7810601975494328, "ENV_Test_proba_accuracy_per_mean_strategy_epoch10": 0.7968174102020548, "ENV_Test_proba_accuracy_per_mean_user_epoch10": 0.797182086441517, "ENV_Test_proba_accuracy_per_mean_user_and_bot_epoch10": 0.8144052793555074, "ENV_Test_accuracy_epoch10": 0.802176, "ENV_Test_accuracy_strategy_132_epoch10": 0.8413597733711048, "ENV_Test_accuracy_strategy_23_epoch10": 0.809339150105025, "ENV_Test_accuracy_strategy_107_epoch10": 0.8555008210180624, "ENV_Test_accuracy_strategy_43_epoch10": 0.7926208651399491, "ENV_Test_accuracy_strategy_17_epoch10": 0.7731397459165155, "ENV_Test_accuracy_strategy_93_epoch10": 0.7994454713493531, "ENV_Test_accuracy_per_mean_strategy_epoch10": 0.8119009711500017, "ENV_Test_accuracy_per_mean_user_epoch10": 0.8120556380276882, "ENV_Test_accuracy_per_mean_user_and_bot_epoch10": 0.8306432512437788, "ENV_Train_TotalLoss_epoch11": 470.620472071609, "ENV_Train_Right action_epoch11": 0.9084580869711075, "ENV_Train_Probability to choose the right action_epoch11": 0.8692851084009406, "ENV_Train_Weighted right action_epoch11": 0.9084580869711075, "ENV_Train_Weighted probability to choose the right action:_epoch11": 0.8692851084009406, "ENV_Test_TotalLoss_epoch11": 350.3678979217778, "ENV_Test_Right action_epoch11": 0.7984, "ENV_Test_Probability to choose the right action_epoch11": 0.7816522603184458, "ENV_Test_Weighted right action_epoch11": 0.8294402052583058, "ENV_Test_Weighted probability to choose the right action:_epoch11": 0.8086101837992271, "ENV_Test_proba_accuracy_epoch11": 0.7816522603184467, "ENV_Test_proba_accuracy_strategy_132_epoch11": 0.8078810839154771, "ENV_Test_proba_accuracy_strategy_23_epoch11": 0.7900895832287704, "ENV_Test_proba_accuracy_strategy_107_epoch11": 0.8326410368333534, "ENV_Test_proba_accuracy_strategy_43_epoch11": 0.77884217331209, "ENV_Test_proba_accuracy_strategy_17_epoch11": 0.7571401196412526, "ENV_Test_proba_accuracy_strategy_93_epoch11": 0.7658503590621916, "ENV_Test_proba_accuracy_per_mean_strategy_epoch11": 0.7887407259988559, "ENV_Test_proba_accuracy_per_mean_user_epoch11": 0.7919034447348889, "ENV_Test_proba_accuracy_per_mean_user_and_bot_epoch11": 0.8086101837992273, "ENV_Test_accuracy_epoch11": 0.7984, "ENV_Test_accuracy_strategy_132_epoch11": 0.8243626062322946, "ENV_Test_accuracy_strategy_23_epoch11": 0.8080465341735337, "ENV_Test_accuracy_strategy_107_epoch11": 0.8587848932676518, "ENV_Test_accuracy_strategy_43_epoch11": 0.7900763358778626, "ENV_Test_accuracy_strategy_17_epoch11": 0.772912885662432, "ENV_Test_accuracy_strategy_93_epoch11": 0.7828096118299446, "ENV_Test_accuracy_per_mean_strategy_epoch11": 0.8061654778406199, "ENV_Test_accuracy_per_mean_user_epoch11": 0.8082072845981906, "ENV_Test_accuracy_per_mean_user_and_bot_epoch11": 0.8294402052583055, "ENV_Train_TotalLoss_epoch12": 435.0695688364055, "ENV_Train_Right action_epoch12": 0.9170462484281123, "ENV_Train_Probability to choose the right action_epoch12": 0.8802428628513409, "ENV_Train_Weighted right action_epoch12": 0.9170462484281123, "ENV_Train_Weighted probability to choose the right action:_epoch12": 0.8802428628513409, "ENV_Test_TotalLoss_epoch12": 430.02089155576203, "ENV_Test_Right action_epoch12": 0.8, "ENV_Test_Probability to choose the right action_epoch12": 0.788944339469191, "ENV_Test_Weighted right action_epoch12": 0.8260844811729785, "ENV_Test_Weighted probability to choose the right action:_epoch12": 0.8151234998741386, "ENV_Test_proba_accuracy_epoch12": 0.7889443394691907, "ENV_Test_proba_accuracy_strategy_132_epoch12": 0.8210927248627852, "ENV_Test_proba_accuracy_strategy_23_epoch12": 0.7963961984027159, "ENV_Test_proba_accuracy_strategy_107_epoch12": 0.8457893366809309, "ENV_Test_proba_accuracy_strategy_43_epoch12": 0.7876499819434954, "ENV_Test_proba_accuracy_strategy_17_epoch12": 0.7611066220564198, "ENV_Test_proba_accuracy_strategy_93_epoch12": 0.7771729253514955, "ENV_Test_proba_accuracy_per_mean_strategy_epoch12": 0.798201298216307, "ENV_Test_proba_accuracy_per_mean_user_epoch12": 0.7982820775931339, "ENV_Test_proba_accuracy_per_mean_user_and_bot_epoch12": 0.8151234998741381, "ENV_Test_accuracy_epoch12": 0.8, "ENV_Test_accuracy_strategy_132_epoch12": 0.831728045325779, "ENV_Test_accuracy_strategy_23_epoch12": 0.8061076102762966, "ENV_Test_accuracy_strategy_107_epoch12": 0.8604269293924466, "ENV_Test_accuracy_strategy_43_epoch12": 0.7951653944020356, "ENV_Test_accuracy_strategy_17_epoch12": 0.7747277676950998, "ENV_Test_accuracy_strategy_93_epoch12": 0.789279112754159, "ENV_Test_accuracy_per_mean_strategy_epoch12": 0.8095724766409694, "ENV_Test_accuracy_per_mean_user_epoch12": 0.8083284904942696, "ENV_Test_accuracy_per_mean_user_and_bot_epoch12": 0.8260844811729788, "ENV_Train_TotalLoss_epoch13": 404.1707226299396, "ENV_Train_Right action_epoch13": 0.9233628664859275, "ENV_Train_Probability to choose the right action_epoch13": 0.8893754915264036, "ENV_Train_Weighted right action_epoch13": 0.9233628664859275, "ENV_Train_Weighted probability to choose the right action:_epoch13": 0.8893754915264036, "ENV_Test_TotalLoss_epoch13": 405.1290070773425, "ENV_Test_Right action_epoch13": 0.79616, "ENV_Test_Probability to choose the right action_epoch13": 0.7840057985619651, "ENV_Test_Weighted right action_epoch13": 0.8242252613920531, "ENV_Test_Weighted probability to choose the right action:_epoch13": 0.8107560226791973, "ENV_Test_proba_accuracy_epoch13": 0.7840057985619658, "ENV_Test_proba_accuracy_strategy_132_epoch13": 0.821326067741624, "ENV_Test_proba_accuracy_strategy_23_epoch13": 0.7902090104160168, "ENV_Test_proba_accuracy_strategy_107_epoch13": 0.8280881136127163, "ENV_Test_proba_accuracy_strategy_43_epoch13": 0.7816674616998258, "ENV_Test_proba_accuracy_strategy_17_epoch13": 0.7560068300869116, "ENV_Test_proba_accuracy_strategy_93_epoch13": 0.7802971437122416, "ENV_Test_proba_accuracy_per_mean_strategy_epoch13": 0.7929324378782227, "ENV_Test_proba_accuracy_per_mean_user_epoch13": 0.7939573156608809, "ENV_Test_proba_accuracy_per_mean_user_and_bot_epoch13": 0.8107560226791984, "ENV_Test_accuracy_epoch13": 0.79616, "ENV_Test_accuracy_strategy_132_epoch13": 0.8311614730878187, "ENV_Test_accuracy_strategy_23_epoch13": 0.803522378413314, "ENV_Test_accuracy_strategy_107_epoch13": 0.8390804597701149, "ENV_Test_accuracy_strategy_43_epoch13": 0.7970737913486005, "ENV_Test_accuracy_strategy_17_epoch13": 0.7679219600725953, "ENV_Test_accuracy_strategy_93_epoch13": 0.7865064695009242, "ENV_Test_accuracy_per_mean_strategy_epoch13": 0.8042110886988946, "ENV_Test_accuracy_per_mean_user_epoch13": 0.806240892237279, "ENV_Test_accuracy_per_mean_user_and_bot_epoch13": 0.8242252613920535, "ENV_Train_TotalLoss_epoch14": 367.103303683701, "ENV_Train_Right action_epoch14": 0.9305920500922458, "ENV_Train_Probability to choose the right action_epoch14": 0.8999016078402925, "ENV_Train_Weighted right action_epoch14": 0.9305920500922458, "ENV_Train_Weighted probability to choose the right action:_epoch14": 0.8999016078402925, "ENV_Test_TotalLoss_epoch14": 403.3866118061678, "ENV_Test_Right action_epoch14": 0.792256, "ENV_Test_Probability to choose the right action_epoch14": 0.7817506525878983, "ENV_Test_Weighted right action_epoch14": 0.8224978165917244, "ENV_Test_Weighted probability to choose the right action:_epoch14": 0.8097914241857116, "ENV_Test_proba_accuracy_epoch14": 0.7817506525878997, "ENV_Test_proba_accuracy_strategy_132_epoch14": 0.815343042202765, "ENV_Test_proba_accuracy_strategy_23_epoch14": 0.7867211715898783, "ENV_Test_proba_accuracy_strategy_107_epoch14": 0.8377151203812379, "ENV_Test_proba_accuracy_strategy_43_epoch14": 0.7747596825516795, "ENV_Test_proba_accuracy_strategy_17_epoch14": 0.7573936685390152, "ENV_Test_proba_accuracy_strategy_93_epoch14": 0.7764086192466753, "ENV_Test_proba_accuracy_per_mean_strategy_epoch14": 0.791390217418542, "ENV_Test_proba_accuracy_per_mean_user_epoch14": 0.7921360557418161, "ENV_Test_proba_accuracy_per_mean_user_and_bot_epoch14": 0.8097914241857117, "ENV_Test_accuracy_epoch14": 0.792256, "ENV_Test_accuracy_strategy_132_epoch14": 0.8249291784702549, "ENV_Test_accuracy_strategy_23_epoch14": 0.7989982226530942, "ENV_Test_accuracy_strategy_107_epoch14": 0.8587848932676518, "ENV_Test_accuracy_strategy_43_epoch14": 0.7811704834605598, "ENV_Test_accuracy_strategy_17_epoch14": 0.7651996370235935, "ENV_Test_accuracy_strategy_93_epoch14": 0.789279112754159, "ENV_Test_accuracy_per_mean_strategy_epoch14": 0.8030602546048855, "ENV_Test_accuracy_per_mean_user_epoch14": 0.8033239012952159, "ENV_Test_accuracy_per_mean_user_and_bot_epoch14": 0.822497816591725, "ENV_Train_TotalLoss_epoch15": 335.8311847119687, "ENV_Train_Right action_epoch15": 0.9375104824733046, "ENV_Train_Probability to choose the right action_epoch15": 0.9088512026836388, "ENV_Train_Weighted right action_epoch15": 0.9375104824733046, "ENV_Train_Weighted probability to choose the right action:_epoch15": 0.9088512026836388, "ENV_Test_TotalLoss_epoch15": 501.9929717349628, "ENV_Test_Right action_epoch15": 0.798464, "ENV_Test_Probability to choose the right action_epoch15": 0.7883298077833358, "ENV_Test_Weighted right action_epoch15": 0.8254066386955684, "ENV_Test_Weighted probability to choose the right action:_epoch15": 0.8142097553295476, "ENV_Test_proba_accuracy_epoch15": 0.788329807783336, "ENV_Test_proba_accuracy_strategy_132_epoch15": 0.8196376463806979, "ENV_Test_proba_accuracy_strategy_23_epoch15": 0.798724227928246, "ENV_Test_proba_accuracy_strategy_107_epoch15": 0.8345696651203142, "ENV_Test_proba_accuracy_strategy_43_epoch15": 0.7899190861442116, "ENV_Test_proba_accuracy_strategy_17_epoch15": 0.7571420844700054, "ENV_Test_proba_accuracy_strategy_93_epoch15": 0.7765254309464162, "ENV_Test_proba_accuracy_per_mean_strategy_epoch15": 0.7960863568316485, "ENV_Test_proba_accuracy_per_mean_user_epoch15": 0.7967192882331823, "ENV_Test_proba_accuracy_per_mean_user_and_bot_epoch15": 0.814209755329548, "ENV_Test_accuracy_epoch15": 0.798464, "ENV_Test_accuracy_strategy_132_epoch15": 0.8220963172804533, "ENV_Test_accuracy_strategy_23_epoch15": 0.8103086120536436, "ENV_Test_accuracy_strategy_107_epoch15": 0.8489326765188834, "ENV_Test_accuracy_strategy_43_epoch15": 0.8002544529262087, "ENV_Test_accuracy_strategy_17_epoch15": 0.7670145190562614, "ENV_Test_accuracy_strategy_93_epoch15": 0.789279112754159, "ENV_Test_accuracy_per_mean_strategy_epoch15": 0.8063142817649349, "ENV_Test_accuracy_per_mean_user_epoch15": 0.8070388886292971, "ENV_Test_accuracy_per_mean_user_and_bot_epoch15": 0.8254066386955685, "ENV_Train_TotalLoss_epoch16": 308.1828768293856, "ENV_Train_Right action_epoch16": 0.9439777476482675, "ENV_Train_Probability to choose the right action_epoch16": 0.9172080061839891, "ENV_Train_Weighted right action_epoch16": 0.9439777476482675, "ENV_Train_Weighted probability to choose the right action:_epoch16": 0.9172080061839891, "ENV_Test_TotalLoss_epoch16": 508.4070704305834, "ENV_Test_Right action_epoch16": 0.795584, "ENV_Test_Probability to choose the right action_epoch16": 0.7887502753910938, "ENV_Test_Weighted right action_epoch16": 0.8232231422344145, "ENV_Test_Weighted probability to choose the right action:_epoch16": 0.8153794590129928, "ENV_Test_proba_accuracy_epoch16": 0.7887502753910925, "ENV_Test_proba_accuracy_strategy_132_epoch16": 0.8200749668616435, "ENV_Test_proba_accuracy_strategy_23_epoch16": 0.795601823970034, "ENV_Test_proba_accuracy_strategy_107_epoch16": 0.8359429723569792, "ENV_Test_proba_accuracy_strategy_43_epoch16": 0.7872392322501096, "ENV_Test_proba_accuracy_strategy_17_epoch16": 0.7614040752446618, "ENV_Test_proba_accuracy_strategy_93_epoch16": 0.78550142419911, "ENV_Test_proba_accuracy_per_mean_strategy_epoch16": 0.7976274158137565, "ENV_Test_proba_accuracy_per_mean_user_epoch16": 0.7973420750147466, "ENV_Test_proba_accuracy_per_mean_user_and_bot_epoch16": 0.8153794590129926, "ENV_Test_accuracy_epoch16": 0.795584, "ENV_Test_accuracy_strategy_132_epoch16": 0.828328611898017, "ENV_Test_accuracy_strategy_23_epoch16": 0.8043302633704961, "ENV_Test_accuracy_strategy_107_epoch16": 0.8407224958949097, "ENV_Test_accuracy_strategy_43_epoch16": 0.7926208651399491, "ENV_Test_accuracy_strategy_17_epoch16": 0.7658802177858439, "ENV_Test_accuracy_strategy_93_epoch16": 0.7920517560073937, "ENV_Test_accuracy_per_mean_strategy_epoch16": 0.8039890350161016, "ENV_Test_accuracy_per_mean_user_epoch16": 0.8042369499232286, "ENV_Test_accuracy_per_mean_user_and_bot_epoch16": 0.8232231422344145, "ENV_Train_TotalLoss_epoch17": 285.54859957128326, "ENV_Train_Right action_epoch17": 0.9473294287032248, "ENV_Train_Probability to choose the right action_epoch17": 0.9238709518688596, "ENV_Train_Weighted right action_epoch17": 0.9473294287032248, "ENV_Train_Weighted probability to choose the right action:_epoch17": 0.9238709518688596, "ENV_Test_TotalLoss_epoch17": 503.4479425360227, "ENV_Test_Right action_epoch17": 0.792768, "ENV_Test_Probability to choose the right action_epoch17": 0.7835422429172093, "ENV_Test_Weighted right action_epoch17": 0.8195262022089641, "ENV_Test_Weighted probability to choose the right action:_epoch17": 0.8088499987003873, "ENV_Test_proba_accuracy_epoch17": 0.7835422429172092, "ENV_Test_proba_accuracy_strategy_132_epoch17": 0.8151706273857137, "ENV_Test_proba_accuracy_strategy_23_epoch17": 0.789946011448936, "ENV_Test_proba_accuracy_strategy_107_epoch17": 0.8385699692723086, "ENV_Test_proba_accuracy_strategy_43_epoch17": 0.7792549944957944, "ENV_Test_proba_accuracy_strategy_17_epoch17": 0.7588834401786964, "ENV_Test_proba_accuracy_strategy_93_epoch17": 0.7710345253661972, "ENV_Test_proba_accuracy_per_mean_strategy_epoch17": 0.792143261357941, "ENV_Test_proba_accuracy_per_mean_user_epoch17": 0.7921637329326755, "ENV_Test_proba_accuracy_per_mean_user_and_bot_epoch17": 0.8088499987003881, "ENV_Test_accuracy_epoch17": 0.792768, "ENV_Test_accuracy_strategy_132_epoch17": 0.8232294617563739, "ENV_Test_accuracy_strategy_23_epoch17": 0.8001292615931491, "ENV_Test_accuracy_strategy_107_epoch17": 0.8489326765188834, "ENV_Test_accuracy_strategy_43_epoch17": 0.789440203562341, "ENV_Test_accuracy_strategy_17_epoch17": 0.7681488203266787, "ENV_Test_accuracy_strategy_93_epoch17": 0.7744916820702403, "ENV_Test_accuracy_per_mean_strategy_epoch17": 0.8007286843046111, "ENV_Test_accuracy_per_mean_user_epoch17": 0.8018478592057744, "ENV_Test_accuracy_per_mean_user_and_bot_epoch17": 0.819526202208964, "ENV_Train_TotalLoss_epoch18": 267.26527207908407, "ENV_Train_Right action_epoch18": 0.9513286087697963, "ENV_Train_Probability to choose the right action_epoch18": 0.9287816893225395, "ENV_Train_Weighted right action_epoch18": 0.9513286087697963, "ENV_Train_Weighted probability to choose the right action:_epoch18": 0.9287816893225395, "ENV_Test_TotalLoss_epoch18": 570.5737894347374, "ENV_Test_Right action_epoch18": 0.794112, "ENV_Test_Probability to choose the right action_epoch18": 0.78712805802325, "ENV_Test_Weighted right action_epoch18": 0.8184269731671813, "ENV_Test_Weighted probability to choose the right action:_epoch18": 0.8139288676132206, "ENV_Test_proba_accuracy_epoch18": 0.7871280580232496, "ENV_Test_proba_accuracy_strategy_132_epoch18": 0.8189321705475, "ENV_Test_proba_accuracy_strategy_23_epoch18": 0.7931308114806134, "ENV_Test_proba_accuracy_strategy_107_epoch18": 0.8361116187340305, "ENV_Test_proba_accuracy_strategy_43_epoch18": 0.7868207901174308, "ENV_Test_proba_accuracy_strategy_17_epoch18": 0.7605394037413352, "ENV_Test_proba_accuracy_strategy_93_epoch18": 0.78210913473012, "ENV_Test_proba_accuracy_per_mean_strategy_epoch18": 0.7962739882251717, "ENV_Test_proba_accuracy_per_mean_user_epoch18": 0.7954963342387584, "ENV_Test_proba_accuracy_per_mean_user_and_bot_epoch18": 0.8139288676132214, "ENV_Test_accuracy_epoch18": 0.794112, "ENV_Test_accuracy_strategy_132_epoch18": 0.8220963172804533, "ENV_Test_accuracy_strategy_23_epoch18": 0.8006139925674584, "ENV_Test_accuracy_strategy_107_epoch18": 0.8440065681444991, "ENV_Test_accuracy_strategy_43_epoch18": 0.7983460559796438, "ENV_Test_accuracy_strategy_17_epoch18": 0.7681488203266787, "ENV_Test_accuracy_strategy_93_epoch18": 0.7828096118299446, "ENV_Test_accuracy_per_mean_strategy_epoch18": 0.8026702276881129, "ENV_Test_accuracy_per_mean_user_epoch18": 0.8019337787299735, "ENV_Test_accuracy_per_mean_user_and_bot_epoch18": 0.8184269731671815, "ENV_Train_TotalLoss_epoch19": 245.95329524692235, "ENV_Train_Right action_epoch19": 0.9557524597495528, "ENV_Train_Probability to choose the right action_epoch19": 0.9350339973766975, "ENV_Train_Weighted right action_epoch19": 0.9557524597495528, "ENV_Train_Weighted probability to choose the right action:_epoch19": 0.9350339973766975, "ENV_Test_TotalLoss_epoch19": 541.9240718481782, "ENV_Test_Right action_epoch19": 0.788672, "ENV_Test_Probability to choose the right action_epoch19": 0.7817915710021337, "ENV_Test_Weighted right action_epoch19": 0.8131286846108773, "ENV_Test_Weighted probability to choose the right action:_epoch19": 0.8074628795761644, "ENV_Test_proba_accuracy_epoch19": 0.7817915710021348, "ENV_Test_proba_accuracy_strategy_132_epoch19": 0.8153400316595583, "ENV_Test_proba_accuracy_strategy_23_epoch19": 0.789992148459727, "ENV_Test_proba_accuracy_strategy_107_epoch19": 0.8267612068749832, "ENV_Test_proba_accuracy_strategy_43_epoch19": 0.7747947331319079, "ENV_Test_proba_accuracy_strategy_17_epoch19": 0.7548595362982622, "ENV_Test_proba_accuracy_strategy_93_epoch19": 0.7747329045647162, "ENV_Test_proba_accuracy_per_mean_strategy_epoch19": 0.7894134268315258, "ENV_Test_proba_accuracy_per_mean_user_epoch19": 0.7901149902029795, "ENV_Test_proba_accuracy_per_mean_user_and_bot_epoch19": 0.8074628795761654, "ENV_Test_accuracy_epoch19": 0.788672, "ENV_Test_accuracy_strategy_132_epoch19": 0.8181303116147309, "ENV_Test_accuracy_strategy_23_epoch19": 0.7985134916787849, "ENV_Test_accuracy_strategy_107_epoch19": 0.8243021346469622, "ENV_Test_accuracy_strategy_43_epoch19": 0.7798982188295165, "ENV_Test_accuracy_strategy_17_epoch19": 0.7611161524500908, "ENV_Test_accuracy_strategy_93_epoch19": 0.789279112754159, "ENV_Test_accuracy_per_mean_strategy_epoch19": 0.7952065703290407, "ENV_Test_accuracy_per_mean_user_epoch19": 0.7967273597474273, "ENV_Test_accuracy_per_mean_user_and_bot_epoch19": 0.8131286846108768, "ENV_Train_TotalLoss_epoch20": 226.730923633431, "ENV_Train_Right action_epoch20": 0.9586251240547379, "ENV_Train_Probability to choose the right action_epoch20": 0.9399509287944405, "ENV_Train_Weighted right action_epoch20": 0.9586251240547379, "ENV_Train_Weighted probability to choose the right action:_epoch20": 0.9399509287944405, "ENV_Test_TotalLoss_epoch20": 590.1102599502016, "ENV_Test_Right action_epoch20": 0.795264, "ENV_Test_Probability to choose the right action_epoch20": 0.7885458865724279, "ENV_Test_Weighted right action_epoch20": 0.8213655312854566, "ENV_Test_Weighted probability to choose the right action:_epoch20": 0.8158230966483093, "ENV_Test_proba_accuracy_epoch20": 0.7885458865724283, "ENV_Test_proba_accuracy_strategy_132_epoch20": 0.8245525250548951, "ENV_Test_proba_accuracy_strategy_23_epoch20": 0.7949947341212228, "ENV_Test_proba_accuracy_strategy_107_epoch20": 0.8327636668784855, "ENV_Test_proba_accuracy_strategy_43_epoch20": 0.7872041810454554, "ENV_Test_proba_accuracy_strategy_17_epoch20": 0.7625069835216182, "ENV_Test_proba_accuracy_strategy_93_epoch20": 0.7760656491684932, "ENV_Test_proba_accuracy_per_mean_strategy_epoch20": 0.796347956631695, "ENV_Test_proba_accuracy_per_mean_user_epoch20": 0.798544437696227, "ENV_Test_proba_accuracy_per_mean_user_and_bot_epoch20": 0.8158230966483093, "ENV_Test_accuracy_epoch20": 0.795264, "ENV_Test_accuracy_strategy_132_epoch20": 0.831728045325779, "ENV_Test_accuracy_strategy_23_epoch20": 0.8010987235417677, "ENV_Test_accuracy_strategy_107_epoch20": 0.8374384236453202, "ENV_Test_accuracy_strategy_43_epoch20": 0.7958015267175572, "ENV_Test_accuracy_strategy_17_epoch20": 0.7692831215970962, "ENV_Test_accuracy_strategy_93_epoch20": 0.7837338262476895, "ENV_Test_accuracy_per_mean_strategy_epoch20": 0.8031806111792017, "ENV_Test_accuracy_per_mean_user_epoch20": 0.8044343886253301, "ENV_Test_accuracy_per_mean_user_and_bot_epoch20": 0.8213655312854566, "ENV_Train_TotalLoss_epoch21": 208.1781888368325, "ENV_Train_Right action_epoch21": 0.962726408765653, "ENV_Train_Probability to choose the right action_epoch21": 0.9454835549825135, "ENV_Train_Weighted right action_epoch21": 0.962726408765653, "ENV_Train_Weighted probability to choose the right action:_epoch21": 0.9454835549825135, "ENV_Test_TotalLoss_epoch21": 605.9905801626787, "ENV_Test_Right action_epoch21": 0.7888, "ENV_Test_Probability to choose the right action_epoch21": 0.7824321627213988, "ENV_Test_Weighted right action_epoch21": 0.813510177760102, "ENV_Test_Weighted probability to choose the right action:_epoch21": 0.8076983859541426, "ENV_Test_proba_accuracy_epoch21": 0.7824321627213997, "ENV_Test_proba_accuracy_strategy_132_epoch21": 0.8116757255337618, "ENV_Test_proba_accuracy_strategy_23_epoch21": 0.7892096015468956, "ENV_Test_proba_accuracy_strategy_107_epoch21": 0.8130149363870487, "ENV_Test_proba_accuracy_strategy_43_epoch21": 0.7830352066169368, "ENV_Test_proba_accuracy_strategy_17_epoch21": 0.7574504866004357, "ENV_Test_proba_accuracy_strategy_93_epoch21": 0.7796464667142196, "ENV_Test_proba_accuracy_per_mean_strategy_epoch21": 0.7890054038998832, "ENV_Test_proba_accuracy_per_mean_user_epoch21": 0.7907334150588051, "ENV_Test_proba_accuracy_per_mean_user_and_bot_epoch21": 0.807698385954143, "ENV_Test_accuracy_epoch21": 0.7888, "ENV_Test_accuracy_strategy_132_epoch21": 0.8209631728045326, "ENV_Test_accuracy_strategy_23_epoch21": 0.7960898368072387, "ENV_Test_accuracy_strategy_107_epoch21": 0.812807881773399, "ENV_Test_accuracy_strategy_43_epoch21": 0.789440203562341, "ENV_Test_accuracy_strategy_17_epoch21": 0.7631578947368421, "ENV_Test_accuracy_strategy_93_epoch21": 0.7846580406654344, "ENV_Test_accuracy_per_mean_strategy_epoch21": 0.794519505058298, "ENV_Test_accuracy_per_mean_user_epoch21": 0.7969216488461834, "ENV_Test_accuracy_per_mean_user_and_bot_epoch21": 0.8135101777601029, "ENV_Train_TotalLoss_epoch22": 200.6065228889066, "ENV_Train_Right action_epoch22": 0.9651148164195167, "ENV_Train_Probability to choose the right action_epoch22": 0.9476421652937097, "ENV_Train_Weighted right action_epoch22": 0.9651148164195167, "ENV_Train_Weighted probability to choose the right action:_epoch22": 0.9476421652937097, "ENV_Test_TotalLoss_epoch22": 638.141437054382, "ENV_Test_Right action_epoch22": 0.793408, "ENV_Test_Probability to choose the right action_epoch22": 0.7884115389014734, "ENV_Test_Weighted right action_epoch22": 0.8194820865592681, "ENV_Test_Weighted probability to choose the right action:_epoch22": 0.8122281079381098, "ENV_Test_proba_accuracy_epoch22": 0.7884115389014739, "ENV_Test_proba_accuracy_strategy_132_epoch22": 0.8201676295472112, "ENV_Test_proba_accuracy_strategy_23_epoch22": 0.7951790852217571, "ENV_Test_proba_accuracy_strategy_107_epoch22": 0.8318534320949537, "ENV_Test_proba_accuracy_strategy_43_epoch22": 0.7823390187277136, "ENV_Test_proba_accuracy_strategy_17_epoch22": 0.764718334278081, "ENV_Test_proba_accuracy_strategy_93_epoch22": 0.7787957261216942, "ENV_Test_proba_accuracy_per_mean_strategy_epoch22": 0.7955088709985686, "ENV_Test_proba_accuracy_per_mean_user_epoch22": 0.7967471967183433, "ENV_Test_proba_accuracy_per_mean_user_and_bot_epoch22": 0.8122281079381101, "ENV_Test_accuracy_epoch22": 0.793408, "ENV_Test_accuracy_strategy_132_epoch22": 0.8260623229461757, "ENV_Test_accuracy_strategy_23_epoch22": 0.800452415576022, "ENV_Test_accuracy_strategy_107_epoch22": 0.8407224958949097, "ENV_Test_accuracy_strategy_43_epoch22": 0.7843511450381679, "ENV_Test_accuracy_strategy_17_epoch22": 0.7695099818511797, "ENV_Test_accuracy_strategy_93_epoch22": 0.7837338262476895, "ENV_Test_accuracy_per_mean_strategy_epoch22": 0.8008053645923575, "ENV_Test_accuracy_per_mean_user_epoch22": 0.8020316371820392, "ENV_Test_accuracy_per_mean_user_and_bot_epoch22": 0.819482086559268, "ENV_Train_TotalLoss_epoch23": 177.39556689656555, "ENV_Train_Right action_epoch23": 0.9690002655522788, "ENV_Train_Probability to choose the right action_epoch23": 0.9538395900840569, "ENV_Train_Weighted right action_epoch23": 0.9690002655522788, "ENV_Train_Weighted probability to choose the right action:_epoch23": 0.9538395900840569, "ENV_Test_TotalLoss_epoch23": 682.9083844513901, "ENV_Test_Right action_epoch23": 0.78912, "ENV_Test_Probability to choose the right action_epoch23": 0.783709154845763, "ENV_Test_Weighted right action_epoch23": 0.8172564955270023, "ENV_Test_Weighted probability to choose the right action:_epoch23": 0.8115522639499577, "ENV_Test_proba_accuracy_epoch23": 0.7837091548457634, "ENV_Test_proba_accuracy_strategy_132_epoch23": 0.8225441693875015, "ENV_Test_proba_accuracy_strategy_23_epoch23": 0.7893515902016921, "ENV_Test_proba_accuracy_strategy_107_epoch23": 0.822933987419154, "ENV_Test_proba_accuracy_strategy_43_epoch23": 0.7791868219926655, "ENV_Test_proba_accuracy_strategy_17_epoch23": 0.7573984295888466, "ENV_Test_proba_accuracy_strategy_93_epoch23": 0.7797664820697524, "ENV_Test_proba_accuracy_per_mean_strategy_epoch23": 0.7918635801099354, "ENV_Test_proba_accuracy_per_mean_user_epoch23": 0.7921551446425911, "ENV_Test_proba_accuracy_per_mean_user_and_bot_epoch23": 0.8115522639499589, "ENV_Test_accuracy_epoch23": 0.78912, "ENV_Test_accuracy_strategy_132_epoch23": 0.8249291784702549, "ENV_Test_accuracy_strategy_23_epoch23": 0.796251413798675, "ENV_Test_accuracy_strategy_107_epoch23": 0.8243021346469622, "ENV_Test_accuracy_strategy_43_epoch23": 0.7805343511450382, "ENV_Test_accuracy_strategy_17_epoch23": 0.7638384754990926, "ENV_Test_accuracy_strategy_93_epoch23": 0.7855822550831792, "ENV_Test_accuracy_per_mean_strategy_epoch23": 0.7959063014405338, "ENV_Test_accuracy_per_mean_user_epoch23": 0.7972206680210249, "ENV_Test_accuracy_per_mean_user_and_bot_epoch23": 0.8172564955270025, "ENV_Train_TotalLoss_epoch24": 179.1111846208598, "ENV_Train_Right action_epoch24": 0.9688705619233995, "ENV_Train_Probability to choose the right action_epoch24": 0.9541136771597435, "ENV_Train_Weighted right action_epoch24": 0.9688705619233995, "ENV_Train_Weighted probability to choose the right action:_epoch24": 0.9541136771597435, "ENV_Test_TotalLoss_epoch24": 662.7999352536237, "ENV_Test_Right action_epoch24": 0.799936, "ENV_Test_Probability to choose the right action_epoch24": 0.7937824962957883, "ENV_Test_Weighted right action_epoch24": 0.8237063407570818, "ENV_Test_Weighted probability to choose the right action:_epoch24": 0.8195193704994215, "ENV_Test_proba_accuracy_epoch24": 0.793782496295788, "ENV_Test_proba_accuracy_strategy_132_epoch24": 0.8250810355756821, "ENV_Test_proba_accuracy_strategy_23_epoch24": 0.7997343584986729, "ENV_Test_proba_accuracy_strategy_107_epoch24": 0.8508936896912863, "ENV_Test_proba_accuracy_strategy_43_epoch24": 0.7931240382207543, "ENV_Test_proba_accuracy_strategy_17_epoch24": 0.7662181046656941, "ENV_Test_proba_accuracy_strategy_93_epoch24": 0.78979009391028, "ENV_Test_proba_accuracy_per_mean_strategy_epoch24": 0.8041402200937283, "ENV_Test_proba_accuracy_per_mean_user_epoch24": 0.8017249866595632, "ENV_Test_proba_accuracy_per_mean_user_and_bot_epoch24": 0.8195193704994218, "ENV_Test_accuracy_epoch24": 0.799936, "ENV_Test_accuracy_strategy_132_epoch24": 0.828328611898017, "ENV_Test_accuracy_strategy_23_epoch24": 0.8086928421392794, "ENV_Test_accuracy_strategy_107_epoch24": 0.8604269293924466, "ENV_Test_accuracy_strategy_43_epoch24": 0.7964376590330788, "ENV_Test_accuracy_strategy_17_epoch24": 0.7701905626134301, "ENV_Test_accuracy_strategy_93_epoch24": 0.7957486136783734, "ENV_Test_accuracy_per_mean_strategy_epoch24": 0.8099708697924375, "ENV_Test_accuracy_per_mean_user_epoch24": 0.8069863352080626, "ENV_Test_accuracy_per_mean_user_and_bot_epoch24": 0.8237063407570824, "_wandb": {"runtime": 2272}}