{"ENV_Train_TotalLoss": 434.58311485050143, "ENV_Train_TotalLoss_epoch0": 939.8037298865543, "ENV_Train_Right action": 0.915584506353178, "ENV_Train_Right action_epoch0": 0.8060490013836671, "ENV_Train_Probability to choose the right action": 0.8802735378005225, "ENV_Train_Probability to choose the right action_epoch0": 0.731910151855982, "ENV_Train_Weighted right action": 0.915584506353178, "ENV_Train_Weighted right action_epoch0": 0.8060490013836671, "ENV_Train_Weighted probability to choose the right action:": 0.8802735378005225, "ENV_Train_Weighted probability to choose the right action:_epoch0": 0.731910151855982, "_timestamp": 1720428547.5795398, "_runtime": 2547.8235268592834, "_step": 49, "ENV_Test_TotalLoss": 302.6085984519771, "ENV_Test_TotalLoss_epoch0": 186.22757535551085, "ENV_Test_Right action": 0.836864, "ENV_Test_Right action_epoch0": 0.821248, "ENV_Test_Probability to choose the right action": 0.8186254144666303, "ENV_Test_Probability to choose the right action_epoch0": 0.7663122929763743, "ENV_Test_Weighted right action": 0.8636038469365118, "ENV_Test_Weighted right action_epoch0": 0.8581942252639211, "ENV_Test_Weighted probability to choose the right action:": 0.8449184778768967, "ENV_Test_Weighted probability to choose the right action:_epoch0": 0.8011636552082637, "ENV_Test_proba_accuracy": 0.818625414466629, "ENV_Test_proba_accuracy_epoch0": 0.7663122929763735, "ENV_Test_proba_accuracy_strategy_132": 0.857331380790986, "ENV_Test_proba_accuracy_strategy_132_epoch0": 0.8145344705100652, "ENV_Test_proba_accuracy_strategy_23": 0.8269488917348468, "ENV_Test_proba_accuracy_strategy_23_epoch0": 0.767047493294126, "ENV_Test_proba_accuracy_strategy_107": 0.8697988244276209, "ENV_Test_proba_accuracy_strategy_107_epoch0": 0.832290564266457, "ENV_Test_proba_accuracy_strategy_43": 0.8098713255269232, "ENV_Test_proba_accuracy_strategy_43_epoch0": 0.7645679559966448, "ENV_Test_proba_accuracy_strategy_17": 0.7874023193335553, "ENV_Test_proba_accuracy_strategy_17_epoch0": 0.7366266890957116, "ENV_Test_proba_accuracy_strategy_93": 0.8189934302873982, "ENV_Test_proba_accuracy_strategy_93_epoch0": 0.7697810307849621, "ENV_Test_proba_accuracy_per_mean_strategy": 0.828391028683555, "ENV_Test_proba_accuracy_per_mean_strategy_epoch0": 0.7808080339913278, "ENV_Test_proba_accuracy_per_mean_user": 0.8275625276057155, "ENV_Test_proba_accuracy_per_mean_user_epoch0": 0.7798270337644497, "ENV_Test_proba_accuracy_per_mean_user_and_bot": 0.8449184778768963, "ENV_Test_proba_accuracy_per_mean_user_and_bot_epoch0": 0.8011636552082645, "ENV_Test_accuracy": 0.836864, "ENV_Test_accuracy_epoch0": 0.821248, "ENV_Test_accuracy_strategy_132": 0.8696883852691218, "ENV_Test_accuracy_strategy_132_epoch0": 0.8628895184135977, "ENV_Test_accuracy_strategy_23": 0.8461787041525287, "ENV_Test_accuracy_strategy_23_epoch0": 0.826304734205849, "ENV_Test_accuracy_strategy_107": 0.8949096880131363, "ENV_Test_accuracy_strategy_107_epoch0": 0.9014778325123153, "ENV_Test_accuracy_strategy_43": 0.8307888040712468, "ENV_Test_accuracy_strategy_43_epoch0": 0.8148854961832062, "ENV_Test_accuracy_strategy_17": 0.8046733212341198, "ENV_Test_accuracy_strategy_17_epoch0": 0.7835753176043557, "ENV_Test_accuracy_strategy_93": 0.8373382624768947, "ENV_Test_accuracy_strategy_93_epoch0": 0.8419593345656192, "ENV_Test_accuracy_per_mean_strategy": 0.847262860869508, "ENV_Test_accuracy_per_mean_strategy_epoch0": 0.8385153722474904, "ENV_Test_accuracy_per_mean_user": 0.8458153208840877, "ENV_Test_accuracy_per_mean_user_epoch0": 0.8350689778191229, "ENV_Test_accuracy_per_mean_user_and_bot": 0.8636038469365119, "ENV_Test_accuracy_per_mean_user_and_bot_epoch0": 0.8581942252639214, "ENV_Train_TotalLoss_epoch1": 850.2449351368541, "ENV_Train_Right action_epoch1": 0.826865296197437, "ENV_Train_Probability to choose the right action_epoch1": 0.7588532624348857, "ENV_Train_Weighted right action_epoch1": 0.826865296197437, "ENV_Train_Weighted probability to choose the right action:_epoch1": 0.7588532624348857, "ENV_Test_TotalLoss_epoch1": 189.90776452735534, "ENV_Test_Right action_epoch1": 0.830848, "ENV_Test_Probability to choose the right action_epoch1": 0.7771789845433306, "ENV_Test_Weighted right action_epoch1": 0.858957426845763, "ENV_Test_Weighted probability to choose the right action:_epoch1": 0.8039896273910205, "ENV_Test_proba_accuracy_epoch1": 0.7771789845433312, "ENV_Test_proba_accuracy_strategy_132_epoch1": 0.8195163803573399, "ENV_Test_proba_accuracy_strategy_23_epoch1": 0.7886497439230792, "ENV_Test_proba_accuracy_strategy_107_epoch1": 0.8426635310480479, "ENV_Test_proba_accuracy_strategy_43_epoch1": 0.7641447133214803, "ENV_Test_proba_accuracy_strategy_17_epoch1": 0.7417750933611279, "ENV_Test_proba_accuracy_strategy_93_epoch1": 0.7688167890327431, "ENV_Test_proba_accuracy_per_mean_strategy_epoch1": 0.7875943751739697, "ENV_Test_proba_accuracy_per_mean_user_epoch1": 0.7862082409254659, "ENV_Test_proba_accuracy_per_mean_user_and_bot_epoch1": 0.8039896273910201, "ENV_Test_accuracy_epoch1": 0.830848, "ENV_Test_accuracy_strategy_132_epoch1": 0.8747875354107649, "ENV_Test_accuracy_strategy_23_epoch1": 0.8453708191953466, "ENV_Test_accuracy_strategy_107_epoch1": 0.8932676518883416, "ENV_Test_accuracy_strategy_43_epoch1": 0.8142493638676844, "ENV_Test_accuracy_strategy_17_epoch1": 0.7924228675136116, "ENV_Test_accuracy_strategy_93_epoch1": 0.821626617375231, "ENV_Test_accuracy_per_mean_strategy_epoch1": 0.8402874758751634, "ENV_Test_accuracy_per_mean_user_epoch1": 0.8415509300515678, "ENV_Test_accuracy_per_mean_user_and_bot_epoch1": 0.8589574268457626, "ENV_Train_TotalLoss_epoch2": 814.2427618401734, "ENV_Train_Right action_epoch2": 0.8361427932461143, "ENV_Train_Probability to choose the right action_epoch2": 0.7697375954211301, "ENV_Train_Weighted right action_epoch2": 0.8361427932461143, "ENV_Train_Weighted probability to choose the right action:_epoch2": 0.7697375954211301, "ENV_Test_TotalLoss_epoch2": 189.9319344568127, "ENV_Test_Right action_epoch2": 0.829824, "ENV_Test_Probability to choose the right action_epoch2": 0.7733393300947369, "ENV_Test_Weighted right action_epoch2": 0.8563464469309889, "ENV_Test_Weighted probability to choose the right action:_epoch2": 0.8012052620903135, "ENV_Test_proba_accuracy_epoch2": 0.7733393300947372, "ENV_Test_proba_accuracy_strategy_132_epoch2": 0.814406422755524, "ENV_Test_proba_accuracy_strategy_23_epoch2": 0.7818575325331665, "ENV_Test_proba_accuracy_strategy_107_epoch2": 0.8428242292943858, "ENV_Test_proba_accuracy_strategy_43_epoch2": 0.7650343500315037, "ENV_Test_proba_accuracy_strategy_17_epoch2": 0.7388588312304584, "ENV_Test_proba_accuracy_strategy_93_epoch2": 0.7710533694688878, "ENV_Test_proba_accuracy_per_mean_strategy_epoch2": 0.7856724558856544, "ENV_Test_proba_accuracy_per_mean_user_epoch2": 0.7824421548693182, "ENV_Test_proba_accuracy_per_mean_user_and_bot_epoch2": 0.8012052620903136, "ENV_Test_accuracy_epoch2": 0.829824, "ENV_Test_accuracy_strategy_132_epoch2": 0.8623229461756374, "ENV_Test_accuracy_strategy_23_epoch2": 0.8447245112296009, "ENV_Test_accuracy_strategy_107_epoch2": 0.8932676518883416, "ENV_Test_accuracy_strategy_43_epoch2": 0.8110687022900763, "ENV_Test_accuracy_strategy_17_epoch2": 0.7931034482758621, "ENV_Test_accuracy_strategy_93_epoch2": 0.83271719038817, "ENV_Test_accuracy_per_mean_strategy_epoch2": 0.8395340750412813, "ENV_Test_accuracy_per_mean_user_epoch2": 0.8394848486167499, "ENV_Test_accuracy_per_mean_user_and_bot_epoch2": 0.8563464469309894, "ENV_Train_TotalLoss_epoch3": 784.4349465102955, "ENV_Train_Right action_epoch3": 0.8407184791724909, "ENV_Train_Probability to choose the right action_epoch3": 0.7774200749081421, "ENV_Train_Weighted right action_epoch3": 0.8407184791724909, "ENV_Train_Weighted probability to choose the right action:_epoch3": 0.7774200749081421, "ENV_Test_TotalLoss_epoch3": 172.43651596903547, "ENV_Test_Right action_epoch3": 0.841856, "ENV_Test_Probability to choose the right action_epoch3": 0.7946754006262963, "ENV_Test_Weighted right action_epoch3": 0.8675811104749459, "ENV_Test_Weighted probability to choose the right action:_epoch3": 0.8221584333362212, "ENV_Test_proba_accuracy_epoch3": 0.7946754006262959, "ENV_Test_proba_accuracy_strategy_132_epoch3": 0.8317078040227975, "ENV_Test_proba_accuracy_strategy_23_epoch3": 0.8036981424220224, "ENV_Test_proba_accuracy_strategy_107_epoch3": 0.8519598286097124, "ENV_Test_proba_accuracy_strategy_43_epoch3": 0.7845195961241201, "ENV_Test_proba_accuracy_strategy_17_epoch3": 0.7631664932947639, "ENV_Test_proba_accuracy_strategy_93_epoch3": 0.7935349483012828, "ENV_Test_proba_accuracy_per_mean_strategy_epoch3": 0.8047644687957831, "ENV_Test_proba_accuracy_per_mean_user_epoch3": 0.8043294203735712, "ENV_Test_proba_accuracy_per_mean_user_and_bot_epoch3": 0.8221584333362211, "ENV_Test_accuracy_epoch3": 0.841856, "ENV_Test_accuracy_strategy_132_epoch3": 0.8730878186968839, "ENV_Test_accuracy_strategy_23_epoch3": 0.8545807077072225, "ENV_Test_accuracy_strategy_107_epoch3": 0.9014778325123153, "ENV_Test_accuracy_strategy_43_epoch3": 0.8269720101781171, "ENV_Test_accuracy_strategy_17_epoch3": 0.8078493647912885, "ENV_Test_accuracy_strategy_93_epoch3": 0.844731977818854, "ENV_Test_accuracy_per_mean_strategy_epoch3": 0.8514499519507801, "ENV_Test_accuracy_per_mean_user_epoch3": 0.8517335865422676, "ENV_Test_accuracy_per_mean_user_and_bot_epoch3": 0.8675811104749447, "ENV_Train_TotalLoss_epoch4": 761.1186962604016, "ENV_Train_Right action_epoch4": 0.8466151330043752, "ENV_Train_Probability to choose the right action_epoch4": 0.7848461281213129, "ENV_Train_Weighted right action_epoch4": 0.8466151330043752, "ENV_Train_Weighted probability to choose the right action:_epoch4": 0.7848461281213129, "ENV_Test_TotalLoss_epoch4": 179.5937574051314, "ENV_Test_Right action_epoch4": 0.843648, "ENV_Test_Probability to choose the right action_epoch4": 0.8009452746937099, "ENV_Test_Weighted right action_epoch4": 0.8709568282112728, "ENV_Test_Weighted probability to choose the right action:_epoch4": 0.8278499317563568, "ENV_Test_proba_accuracy_epoch4": 0.8009452746937096, "ENV_Test_proba_accuracy_strategy_132_epoch4": 0.8395673851612847, "ENV_Test_proba_accuracy_strategy_23_epoch4": 0.809084929389047, "ENV_Test_proba_accuracy_strategy_107_epoch4": 0.8551557981154635, "ENV_Test_proba_accuracy_strategy_43_epoch4": 0.7891813138372541, "ENV_Test_proba_accuracy_strategy_17_epoch4": 0.7713472889076572, "ENV_Test_proba_accuracy_strategy_93_epoch4": 0.798544453217466, "ENV_Test_proba_accuracy_per_mean_strategy_epoch4": 0.8104801947713621, "ENV_Test_proba_accuracy_per_mean_user_epoch4": 0.8094717195472954, "ENV_Test_proba_accuracy_per_mean_user_and_bot_epoch4": 0.8278499317563558, "ENV_Test_accuracy_epoch4": 0.843648, "ENV_Test_accuracy_strategy_132_epoch4": 0.8787535410764873, "ENV_Test_accuracy_strategy_23_epoch4": 0.8519954758442397, "ENV_Test_accuracy_strategy_107_epoch4": 0.8998357963875205, "ENV_Test_accuracy_strategy_43_epoch4": 0.8352417302798982, "ENV_Test_accuracy_strategy_17_epoch4": 0.8132940108892922, "ENV_Test_accuracy_strategy_93_epoch4": 0.8428835489833642, "ENV_Test_accuracy_per_mean_strategy_epoch4": 0.8536673505768003, "ENV_Test_accuracy_per_mean_user_epoch4": 0.8526193175761209, "ENV_Test_accuracy_per_mean_user_and_bot_epoch4": 0.8709568282112737, "ENV_Train_TotalLoss_epoch5": 739.5916504370501, "ENV_Train_Right action_epoch5": 0.8508946044171093, "ENV_Train_Probability to choose the right action_epoch5": 0.7911764839057237, "ENV_Train_Weighted right action_epoch5": 0.8508946044171093, "ENV_Train_Weighted probability to choose the right action:_epoch5": 0.7911764839057237, "ENV_Test_TotalLoss_epoch5": 173.13244319249827, "ENV_Test_Right action_epoch5": 0.847232, "ENV_Test_Probability to choose the right action_epoch5": 0.8046650175638551, "ENV_Test_Weighted right action_epoch5": 0.8723123718170835, "ENV_Test_Weighted probability to choose the right action:_epoch5": 0.8311427260555654, "ENV_Test_proba_accuracy_epoch5": 0.8046650175638541, "ENV_Test_proba_accuracy_strategy_132_epoch5": 0.8422869749581681, "ENV_Test_proba_accuracy_strategy_23_epoch5": 0.8138560621167443, "ENV_Test_proba_accuracy_strategy_107_epoch5": 0.8619331946288685, "ENV_Test_proba_accuracy_strategy_43_epoch5": 0.7922246129827897, "ENV_Test_proba_accuracy_strategy_17_epoch5": 0.7733299797487196, "ENV_Test_proba_accuracy_strategy_93_epoch5": 0.8042202054743447, "ENV_Test_proba_accuracy_per_mean_strategy_epoch5": 0.8146418383182725, "ENV_Test_proba_accuracy_per_mean_user_epoch5": 0.8133509967528241, "ENV_Test_proba_accuracy_per_mean_user_and_bot_epoch5": 0.8311427260555645, "ENV_Test_accuracy_epoch5": 0.847232, "ENV_Test_accuracy_strategy_132_epoch5": 0.8776203966005666, "ENV_Test_accuracy_strategy_23_epoch5": 0.8629827112619163, "ENV_Test_accuracy_strategy_107_epoch5": 0.9014778325123153, "ENV_Test_accuracy_strategy_43_epoch5": 0.8301526717557252, "ENV_Test_accuracy_strategy_17_epoch5": 0.8114791288566243, "ENV_Test_accuracy_strategy_93_epoch5": 0.8475046210720887, "ENV_Test_accuracy_per_mean_strategy_epoch5": 0.8552028936765393, "ENV_Test_accuracy_per_mean_user_epoch5": 0.8552320868604405, "ENV_Test_accuracy_per_mean_user_and_bot_epoch5": 0.8723123718170831, "ENV_Train_TotalLoss_epoch6": 715.9422813344609, "ENV_Train_Right action_epoch6": 0.8569352652684822, "ENV_Train_Probability to choose the right action_epoch6": 0.7980331818244855, "ENV_Train_Weighted right action_epoch6": 0.8569352652684822, "ENV_Train_Weighted probability to choose the right action:_epoch6": 0.7980331818244855, "ENV_Test_TotalLoss_epoch6": 184.35208671039265, "ENV_Test_Right action_epoch6": 0.845952, "ENV_Test_Probability to choose the right action_epoch6": 0.8139164201321922, "ENV_Test_Weighted right action_epoch6": 0.8719572820732252, "ENV_Test_Weighted probability to choose the right action:_epoch6": 0.8415372304234991, "ENV_Test_proba_accuracy_epoch6": 0.8139164201321916, "ENV_Test_proba_accuracy_strategy_132_epoch6": 0.8547342274431157, "ENV_Test_proba_accuracy_strategy_23_epoch6": 0.820915818258166, "ENV_Test_proba_accuracy_strategy_107_epoch6": 0.875146707001684, "ENV_Test_proba_accuracy_strategy_43_epoch6": 0.7989959069094058, "ENV_Test_proba_accuracy_strategy_17_epoch6": 0.7843159238383706, "ENV_Test_proba_accuracy_strategy_93_epoch6": 0.8151013414264848, "ENV_Test_proba_accuracy_per_mean_strategy_epoch6": 0.824868320812871, "ENV_Test_proba_accuracy_per_mean_user_epoch6": 0.8236120254294171, "ENV_Test_proba_accuracy_per_mean_user_and_bot_epoch6": 0.8415372304235001, "ENV_Test_accuracy_epoch6": 0.845952, "ENV_Test_accuracy_strategy_132_epoch6": 0.8798866855524079, "ENV_Test_accuracy_strategy_23_epoch6": 0.8561964776215867, "ENV_Test_accuracy_strategy_107_epoch6": 0.9047619047619048, "ENV_Test_accuracy_strategy_43_epoch6": 0.8276081424936387, "ENV_Test_accuracy_strategy_17_epoch6": 0.815562613430127, "ENV_Test_accuracy_strategy_93_epoch6": 0.8493530499075785, "ENV_Test_accuracy_per_mean_strategy_epoch6": 0.8555614789612073, "ENV_Test_accuracy_per_mean_user_epoch6": 0.856867714690352, "ENV_Test_accuracy_per_mean_user_and_bot_epoch6": 0.8719572820732253, "ENV_Train_TotalLoss_epoch7": 697.2795830957255, "ENV_Train_Right action_epoch7": 0.8610567514677103, "ENV_Train_Probability to choose the right action_epoch7": 0.8036506536208706, "ENV_Train_Weighted right action_epoch7": 0.8610567514677103, "ENV_Train_Weighted probability to choose the right action:_epoch7": 0.8036506536208706, "ENV_Test_TotalLoss_epoch7": 182.67596046614378, "ENV_Test_Right action_epoch7": 0.84704, "ENV_Test_Probability to choose the right action_epoch7": 0.8144549522767551, "ENV_Test_Weighted right action_epoch7": 0.8718336211134067, "ENV_Test_Weighted probability to choose the right action:_epoch7": 0.8373614156320531, "ENV_Test_proba_accuracy_epoch7": 0.8144549522767551, "ENV_Test_proba_accuracy_strategy_132_epoch7": 0.8509968917959388, "ENV_Test_proba_accuracy_strategy_23_epoch7": 0.8246369076777278, "ENV_Test_proba_accuracy_strategy_107_epoch7": 0.8746248990440854, "ENV_Test_proba_accuracy_strategy_43_epoch7": 0.7976665450583698, "ENV_Test_proba_accuracy_strategy_17_epoch7": 0.7825438739595432, "ENV_Test_proba_accuracy_strategy_93_epoch7": 0.8171344962326588, "ENV_Test_proba_accuracy_per_mean_strategy_epoch7": 0.8246006022947205, "ENV_Test_proba_accuracy_per_mean_user_epoch7": 0.8211651922632006, "ENV_Test_proba_accuracy_per_mean_user_and_bot_epoch7": 0.8373614156320536, "ENV_Test_accuracy_epoch7": 0.84704, "ENV_Test_accuracy_strategy_132_epoch7": 0.8810198300283286, "ENV_Test_accuracy_strategy_23_epoch7": 0.8587817094845694, "ENV_Test_accuracy_strategy_107_epoch7": 0.9113300492610837, "ENV_Test_accuracy_strategy_43_epoch7": 0.8320610687022901, "ENV_Test_accuracy_strategy_17_epoch7": 0.8112522686025408, "ENV_Test_accuracy_strategy_93_epoch7": 0.8558225508317929, "ENV_Test_accuracy_per_mean_strategy_epoch7": 0.8583779128184345, "ENV_Test_accuracy_per_mean_user_epoch7": 0.8555101649130532, "ENV_Test_accuracy_per_mean_user_and_bot_epoch7": 0.8718336211134058, "ENV_Train_TotalLoss_epoch8": 673.0669505983188, "ENV_Train_Right action_epoch8": 0.8657413231573503, "ENV_Train_Probability to choose the right action_epoch8": 0.8103131102529816, "ENV_Train_Weighted right action_epoch8": 0.8657413231573503, "ENV_Train_Weighted probability to choose the right action:_epoch8": 0.8103131102529816, "ENV_Test_TotalLoss_epoch8": 188.17421222063757, "ENV_Test_Right action_epoch8": 0.84928, "ENV_Test_Probability to choose the right action_epoch8": 0.8131891492580857, "ENV_Test_Weighted right action_epoch8": 0.8735045229260163, "ENV_Test_Weighted probability to choose the right action:_epoch8": 0.8363332648527048, "ENV_Test_proba_accuracy_epoch8": 0.8131891492580855, "ENV_Test_proba_accuracy_strategy_132_epoch8": 0.8483309126344398, "ENV_Test_proba_accuracy_strategy_23_epoch8": 0.8237605946190961, "ENV_Test_proba_accuracy_strategy_107_epoch8": 0.8690993103144664, "ENV_Test_proba_accuracy_strategy_43_epoch8": 0.7977998911260751, "ENV_Test_proba_accuracy_strategy_17_epoch8": 0.782355240427659, "ENV_Test_proba_accuracy_strategy_93_epoch8": 0.811901356398701, "ENV_Test_proba_accuracy_per_mean_strategy_epoch8": 0.8222078842534062, "ENV_Test_proba_accuracy_per_mean_user_epoch8": 0.8201629170486938, "ENV_Test_proba_accuracy_per_mean_user_and_bot_epoch8": 0.8363332648527056, "ENV_Test_accuracy_epoch8": 0.84928, "ENV_Test_accuracy_strategy_132_epoch8": 0.8815864022662889, "ENV_Test_accuracy_strategy_23_epoch8": 0.8595895944417515, "ENV_Test_accuracy_strategy_107_epoch8": 0.8981937602627258, "ENV_Test_accuracy_strategy_43_epoch8": 0.8314249363867684, "ENV_Test_accuracy_strategy_17_epoch8": 0.8210072595281307, "ENV_Test_accuracy_strategy_93_epoch8": 0.8512014787430684, "ENV_Test_accuracy_per_mean_strategy_epoch8": 0.8571672386047889, "ENV_Test_accuracy_per_mean_user_epoch8": 0.8571605126579982, "ENV_Test_accuracy_per_mean_user_and_bot_epoch8": 0.873504522926016, "ENV_Train_TotalLoss_epoch9": 652.2936412616235, "ENV_Train_Right action_epoch9": 0.8688591035514123, "ENV_Train_Probability to choose the right action_epoch9": 0.8160698024936555, "ENV_Train_Weighted right action_epoch9": 0.8688591035514123, "ENV_Train_Weighted probability to choose the right action:_epoch9": 0.8160698024936555, "ENV_Test_TotalLoss_epoch9": 185.62442303386038, "ENV_Test_Right action_epoch9": 0.84288, "ENV_Test_Probability to choose the right action_epoch9": 0.8006383258845212, "ENV_Test_Weighted right action_epoch9": 0.8634616950502911, "ENV_Test_Weighted probability to choose the right action:_epoch9": 0.8212918881452629, "ENV_Test_proba_accuracy_epoch9": 0.8006383258845228, "ENV_Test_proba_accuracy_strategy_132_epoch9": 0.8342340114738814, "ENV_Test_proba_accuracy_strategy_23_epoch9": 0.8120037363120288, "ENV_Test_proba_accuracy_strategy_107_epoch9": 0.8598058968606564, "ENV_Test_proba_accuracy_strategy_43_epoch9": 0.7822184356097255, "ENV_Test_proba_accuracy_strategy_17_epoch9": 0.7712718870119815, "ENV_Test_proba_accuracy_strategy_93_epoch9": 0.7939224008721603, "ENV_Test_proba_accuracy_per_mean_strategy_epoch9": 0.8089093946900724, "ENV_Test_proba_accuracy_per_mean_user_epoch9": 0.8075982113448372, "ENV_Test_proba_accuracy_per_mean_user_and_bot_epoch9": 0.821291888145262, "ENV_Test_accuracy_epoch9": 0.84288, "ENV_Test_accuracy_strategy_132_epoch9": 0.8662889518413598, "ENV_Test_accuracy_strategy_23_epoch9": 0.857489093553078, "ENV_Test_accuracy_strategy_107_epoch9": 0.896551724137931, "ENV_Test_accuracy_strategy_43_epoch9": 0.8193384223918575, "ENV_Test_accuracy_strategy_17_epoch9": 0.8139745916515426, "ENV_Test_accuracy_strategy_93_epoch9": 0.8428835489833642, "ENV_Test_accuracy_per_mean_strategy_epoch9": 0.8494210554265221, "ENV_Test_accuracy_per_mean_user_epoch9": 0.852812165677219, "ENV_Test_accuracy_per_mean_user_and_bot_epoch9": 0.863461695050291, "ENV_Train_TotalLoss_epoch10": 642.3162722294113, "ENV_Train_Right action_epoch10": 0.8723790886217501, "ENV_Train_Probability to choose the right action_epoch10": 0.8200865528951679, "ENV_Train_Weighted right action_epoch10": 0.8723790886217501, "ENV_Train_Weighted probability to choose the right action:_epoch10": 0.8200865528951679, "ENV_Test_TotalLoss_epoch10": 198.59589993539183, "ENV_Test_Right action_epoch10": 0.847936, "ENV_Test_Probability to choose the right action_epoch10": 0.8198053601249395, "ENV_Test_Weighted right action_epoch10": 0.8750982447087129, "ENV_Test_Weighted probability to choose the right action:_epoch10": 0.8447049400462299, "ENV_Test_proba_accuracy_epoch10": 0.8198053601249393, "ENV_Test_proba_accuracy_strategy_132_epoch10": 0.8528436834556539, "ENV_Test_proba_accuracy_strategy_23_epoch10": 0.8308845816720533, "ENV_Test_proba_accuracy_strategy_107_epoch10": 0.8747518642393152, "ENV_Test_proba_accuracy_strategy_43_epoch10": 0.8082114500314577, "ENV_Test_proba_accuracy_strategy_17_epoch10": 0.7873588082569701, "ENV_Test_proba_accuracy_strategy_93_epoch10": 0.8206423873536913, "ENV_Test_proba_accuracy_per_mean_strategy_epoch10": 0.8291154625015236, "ENV_Test_proba_accuracy_per_mean_user_epoch10": 0.827157753931057, "ENV_Test_proba_accuracy_per_mean_user_and_bot_epoch10": 0.84470494004623, "ENV_Test_accuracy_epoch10": 0.847936, "ENV_Test_accuracy_strategy_132_epoch10": 0.8759206798866855, "ENV_Test_accuracy_strategy_23_epoch10": 0.8612053643561157, "ENV_Test_accuracy_strategy_107_epoch10": 0.896551724137931, "ENV_Test_accuracy_strategy_43_epoch10": 0.8333333333333334, "ENV_Test_accuracy_strategy_17_epoch10": 0.8157894736842105, "ENV_Test_accuracy_strategy_93_epoch10": 0.8512014787430684, "ENV_Test_accuracy_per_mean_strategy_epoch10": 0.8556670090235574, "ENV_Test_accuracy_per_mean_user_epoch10": 0.8561715906248113, "ENV_Test_accuracy_per_mean_user_and_bot_epoch10": 0.8750982447087127, "ENV_Train_TotalLoss_epoch11": 619.3517959966374, "ENV_Train_Right action_epoch11": 0.8759994408722394, "ENV_Train_Probability to choose the right action_epoch11": 0.8260321275855318, "ENV_Train_Weighted right action_epoch11": 0.8759994408722394, "ENV_Train_Weighted probability to choose the right action:_epoch11": 0.8260321275855318, "ENV_Test_TotalLoss_epoch11": 191.38063295460796, "ENV_Test_Right action_epoch11": 0.848192, "ENV_Test_Probability to choose the right action_epoch11": 0.8056178821199242, "ENV_Test_Weighted right action_epoch11": 0.871847573990768, "ENV_Test_Weighted probability to choose the right action:_epoch11": 0.8295204331768633, "ENV_Test_proba_accuracy_epoch11": 0.8056178821199242, "ENV_Test_proba_accuracy_strategy_132_epoch11": 0.839593717746203, "ENV_Test_proba_accuracy_strategy_23_epoch11": 0.8147185225602892, "ENV_Test_proba_accuracy_strategy_107_epoch11": 0.8537806125222207, "ENV_Test_proba_accuracy_strategy_43_epoch11": 0.7920630586841284, "ENV_Test_proba_accuracy_strategy_17_epoch11": 0.7775162925776853, "ENV_Test_proba_accuracy_strategy_93_epoch11": 0.8052090769096307, "ENV_Test_proba_accuracy_per_mean_strategy_epoch11": 0.8138135468333595, "ENV_Test_proba_accuracy_per_mean_user_epoch11": 0.8130903358792759, "ENV_Test_proba_accuracy_per_mean_user_and_bot_epoch11": 0.8295204331768632, "ENV_Test_accuracy_epoch11": 0.848192, "ENV_Test_accuracy_strategy_132_epoch11": 0.8679886685552408, "ENV_Test_accuracy_strategy_23_epoch11": 0.859428017450315, "ENV_Test_accuracy_strategy_107_epoch11": 0.8932676518883416, "ENV_Test_accuracy_strategy_43_epoch11": 0.8409669211195929, "ENV_Test_accuracy_strategy_17_epoch11": 0.8210072595281307, "ENV_Test_accuracy_strategy_93_epoch11": 0.8475046210720887, "ENV_Test_accuracy_per_mean_strategy_epoch11": 0.8550271899356182, "ENV_Test_accuracy_per_mean_user_epoch11": 0.8568342711555577, "ENV_Test_accuracy_per_mean_user_and_bot_epoch11": 0.8718475739907683, "ENV_Train_TotalLoss_epoch12": 602.4347714830453, "ENV_Train_Right action_epoch12": 0.8793486616814592, "ENV_Train_Probability to choose the right action_epoch12": 0.8310767213241712, "ENV_Train_Weighted right action_epoch12": 0.8793486616814592, "ENV_Train_Weighted probability to choose the right action:_epoch12": 0.8310767213241712, "ENV_Test_TotalLoss_epoch12": 238.75021933112316, "ENV_Test_Right action_epoch12": 0.845824, "ENV_Test_Probability to choose the right action_epoch12": 0.8192518893379839, "ENV_Test_Weighted right action_epoch12": 0.8692682660124716, "ENV_Test_Weighted probability to choose the right action:_epoch12": 0.8445007865074639, "ENV_Test_proba_accuracy_epoch12": 0.8192518893379839, "ENV_Test_proba_accuracy_strategy_132_epoch12": 0.8558605512977693, "ENV_Test_proba_accuracy_strategy_23_epoch12": 0.8291518902106898, "ENV_Test_proba_accuracy_strategy_107_epoch12": 0.8782920741982836, "ENV_Test_proba_accuracy_strategy_43_epoch12": 0.8032078555354493, "ENV_Test_proba_accuracy_strategy_17_epoch12": 0.7888912591025878, "ENV_Test_proba_accuracy_strategy_93_epoch12": 0.8166733430118196, "ENV_Test_proba_accuracy_per_mean_strategy_epoch12": 0.8286794955594332, "ENV_Test_proba_accuracy_per_mean_user_epoch12": 0.827673135167079, "ENV_Test_proba_accuracy_per_mean_user_and_bot_epoch12": 0.8445007865074634, "ENV_Test_accuracy_epoch12": 0.845824, "ENV_Test_accuracy_strategy_132_epoch12": 0.8770538243626063, "ENV_Test_accuracy_strategy_23_epoch12": 0.8579738245273874, "ENV_Test_accuracy_strategy_107_epoch12": 0.8981937602627258, "ENV_Test_accuracy_strategy_43_epoch12": 0.8326972010178118, "ENV_Test_accuracy_strategy_17_epoch12": 0.8142014519056261, "ENV_Test_accuracy_strategy_93_epoch12": 0.8438077634011091, "ENV_Test_accuracy_per_mean_strategy_epoch12": 0.8539879709128778, "ENV_Test_accuracy_per_mean_user_epoch12": 0.853797661669167, "ENV_Test_accuracy_per_mean_user_and_bot_epoch12": 0.8692682660124725, "ENV_Train_TotalLoss_epoch13": 587.595537840857, "ENV_Train_Right action_epoch13": 0.8838541957846481, "ENV_Train_Probability to choose the right action_epoch13": 0.8359915252009347, "ENV_Train_Weighted right action_epoch13": 0.8838541957846481, "ENV_Train_Weighted probability to choose the right action:_epoch13": 0.8359915252009347, "ENV_Test_TotalLoss_epoch13": 211.22276023428546, "ENV_Test_Right action_epoch13": 0.843392, "ENV_Test_Probability to choose the right action_epoch13": 0.8132370152357706, "ENV_Test_Weighted right action_epoch13": 0.8691262669716328, "ENV_Test_Weighted probability to choose the right action:_epoch13": 0.8375056105484101, "ENV_Test_proba_accuracy_epoch13": 0.8132370152357713, "ENV_Test_proba_accuracy_strategy_132_epoch13": 0.8496359910126382, "ENV_Test_proba_accuracy_strategy_23_epoch13": 0.8232971627420077, "ENV_Test_proba_accuracy_strategy_107_epoch13": 0.8717876402016888, "ENV_Test_proba_accuracy_strategy_43_epoch13": 0.7973786465684382, "ENV_Test_proba_accuracy_strategy_17_epoch13": 0.7833586413612569, "ENV_Test_proba_accuracy_strategy_93_epoch13": 0.8081256028673768, "ENV_Test_proba_accuracy_per_mean_strategy_epoch13": 0.8222639474589011, "ENV_Test_proba_accuracy_per_mean_user_epoch13": 0.8215263155108177, "ENV_Test_proba_accuracy_per_mean_user_and_bot_epoch13": 0.8375056105484106, "ENV_Test_accuracy_epoch13": 0.843392, "ENV_Test_accuracy_strategy_132_epoch13": 0.8702549575070821, "ENV_Test_accuracy_strategy_23_epoch13": 0.8560349006301503, "ENV_Test_accuracy_strategy_107_epoch13": 0.9064039408866995, "ENV_Test_accuracy_strategy_43_epoch13": 0.8199745547073791, "ENV_Test_accuracy_strategy_17_epoch13": 0.816470054446461, "ENV_Test_accuracy_strategy_93_epoch13": 0.8354898336414048, "ENV_Test_accuracy_per_mean_strategy_epoch13": 0.8507713736365293, "ENV_Test_accuracy_per_mean_user_epoch13": 0.8536933301902067, "ENV_Test_accuracy_per_mean_user_and_bot_epoch13": 0.8691262669716328, "ENV_Train_TotalLoss_epoch14": 565.9627116648421, "ENV_Train_Right action_epoch14": 0.8857066979760707, "ENV_Train_Probability to choose the right action_epoch14": 0.8408453624488511, "ENV_Train_Weighted right action_epoch14": 0.8857066979760707, "ENV_Train_Weighted probability to choose the right action:_epoch14": 0.8408453624488511, "ENV_Test_TotalLoss_epoch14": 239.19897398792085, "ENV_Test_Right action_epoch14": 0.839808, "ENV_Test_Probability to choose the right action_epoch14": 0.8162741638073104, "ENV_Test_Weighted right action_epoch14": 0.8584494805852564, "ENV_Test_Weighted probability to choose the right action:_epoch14": 0.8368586797968356, "ENV_Test_proba_accuracy_epoch14": 0.8162741638073104, "ENV_Test_proba_accuracy_strategy_132_epoch14": 0.8501501916507094, "ENV_Test_proba_accuracy_strategy_23_epoch14": 0.8278649614549218, "ENV_Test_proba_accuracy_strategy_107_epoch14": 0.8686304558833322, "ENV_Test_proba_accuracy_strategy_43_epoch14": 0.798665098655194, "ENV_Test_proba_accuracy_strategy_17_epoch14": 0.7861750944997751, "ENV_Test_proba_accuracy_strategy_93_epoch14": 0.8134521030566433, "ENV_Test_proba_accuracy_per_mean_strategy_epoch14": 0.8241563175334293, "ENV_Test_proba_accuracy_per_mean_user_epoch14": 0.8222981834798736, "ENV_Test_proba_accuracy_per_mean_user_and_bot_epoch14": 0.8368586797968354, "ENV_Test_accuracy_epoch14": 0.839808, "ENV_Test_accuracy_strategy_132_epoch14": 0.8685552407932011, "ENV_Test_accuracy_strategy_23_epoch14": 0.8532880917757312, "ENV_Test_accuracy_strategy_107_epoch14": 0.8817733990147784, "ENV_Test_accuracy_strategy_43_epoch14": 0.8206106870229007, "ENV_Test_accuracy_strategy_17_epoch14": 0.8123865698729582, "ENV_Test_accuracy_strategy_93_epoch14": 0.8317929759704251, "ENV_Test_accuracy_per_mean_strategy_epoch14": 0.844734494074999, "ENV_Test_accuracy_per_mean_user_epoch14": 0.8476211129905766, "ENV_Test_accuracy_per_mean_user_and_bot_epoch14": 0.858449480585257, "ENV_Train_TotalLoss_epoch15": 550.3670028502365, "ENV_Train_Right action_epoch15": 0.8916395252938957, "ENV_Train_Probability to choose the right action_epoch15": 0.8462221709713061, "ENV_Train_Weighted right action_epoch15": 0.8916395252938957, "ENV_Train_Weighted probability to choose the right action:_epoch15": 0.8462221709713061, "ENV_Test_TotalLoss_epoch15": 239.53669438814146, "ENV_Test_Right action_epoch15": 0.843264, "ENV_Test_Probability to choose the right action_epoch15": 0.8242019581609298, "ENV_Test_Weighted right action_epoch15": 0.8671481939822038, "ENV_Test_Weighted probability to choose the right action:_epoch15": 0.8494921111454605, "ENV_Test_proba_accuracy_epoch15": 0.8242019581609301, "ENV_Test_proba_accuracy_strategy_132_epoch15": 0.8616091112912229, "ENV_Test_proba_accuracy_strategy_23_epoch15": 0.8337989129606379, "ENV_Test_proba_accuracy_strategy_107_epoch15": 0.8807433085415519, "ENV_Test_proba_accuracy_strategy_43_epoch15": 0.8090737220348501, "ENV_Test_proba_accuracy_strategy_17_epoch15": 0.7943189472980944, "ENV_Test_proba_accuracy_strategy_93_epoch15": 0.8201844333563268, "ENV_Test_proba_accuracy_per_mean_strategy_epoch15": 0.8332880725804475, "ENV_Test_proba_accuracy_per_mean_user_epoch15": 0.8324950777631018, "ENV_Test_proba_accuracy_per_mean_user_and_bot_epoch15": 0.8494921111454611, "ENV_Test_accuracy_epoch15": 0.843264, "ENV_Test_accuracy_strategy_132_epoch15": 0.8798866855524079, "ENV_Test_accuracy_strategy_23_epoch15": 0.8558733236387138, "ENV_Test_accuracy_strategy_107_epoch15": 0.896551724137931, "ENV_Test_accuracy_strategy_43_epoch15": 0.8206106870229007, "ENV_Test_accuracy_strategy_17_epoch15": 0.8146551724137931, "ENV_Test_accuracy_strategy_93_epoch15": 0.8308687615526802, "ENV_Test_accuracy_per_mean_strategy_epoch15": 0.8497410590530712, "ENV_Test_accuracy_per_mean_user_epoch15": 0.8511649990712824, "ENV_Test_accuracy_per_mean_user_and_bot_epoch15": 0.8671481939822041, "ENV_Train_TotalLoss_epoch16": 534.2558524870702, "ENV_Train_Right action_epoch16": 0.8935001397819402, "ENV_Train_Probability to choose the right action_epoch16": 0.8504993680938228, "ENV_Train_Weighted right action_epoch16": 0.8935001397819402, "ENV_Train_Weighted probability to choose the right action:_epoch16": 0.8504993680938228, "ENV_Test_TotalLoss_epoch16": 241.67938457315083, "ENV_Test_Right action_epoch16": 0.840192, "ENV_Test_Probability to choose the right action_epoch16": 0.8140442767800196, "ENV_Test_Weighted right action_epoch16": 0.8615606301440938, "ENV_Test_Weighted probability to choose the right action:_epoch16": 0.8375836269333062, "ENV_Test_proba_accuracy_epoch16": 0.8140442767800207, "ENV_Test_proba_accuracy_strategy_132_epoch16": 0.849833866712416, "ENV_Test_proba_accuracy_strategy_23_epoch16": 0.8242968913610433, "ENV_Test_proba_accuracy_strategy_107_epoch16": 0.8687203054530231, "ENV_Test_proba_accuracy_strategy_43_epoch16": 0.7936486205906371, "ENV_Test_proba_accuracy_strategy_17_epoch16": 0.785900384249195, "ENV_Test_proba_accuracy_strategy_93_epoch16": 0.8105327152930561, "ENV_Test_proba_accuracy_per_mean_strategy_epoch16": 0.8221554639432284, "ENV_Test_proba_accuracy_per_mean_user_epoch16": 0.821173208522781, "ENV_Test_proba_accuracy_per_mean_user_and_bot_epoch16": 0.837583626933306, "ENV_Test_accuracy_epoch16": 0.840192, "ENV_Test_accuracy_strategy_132_epoch16": 0.8685552407932011, "ENV_Test_accuracy_strategy_23_epoch16": 0.8523186298271126, "ENV_Test_accuracy_strategy_107_epoch16": 0.896551724137931, "ENV_Test_accuracy_strategy_43_epoch16": 0.823791348600509, "ENV_Test_accuracy_strategy_17_epoch16": 0.8114791288566243, "ENV_Test_accuracy_strategy_93_epoch16": 0.833641404805915, "ENV_Test_accuracy_per_mean_strategy_epoch16": 0.8477229128368822, "ENV_Test_accuracy_per_mean_user_epoch16": 0.8464498989762977, "ENV_Test_accuracy_per_mean_user_and_bot_epoch16": 0.8615606301440939, "ENV_Train_TotalLoss_epoch17": 517.3128339290829, "ENV_Train_Right action_epoch17": 0.8974574020491746, "ENV_Train_Probability to choose the right action_epoch17": 0.8551308276293055, "ENV_Train_Weighted right action_epoch17": 0.8974574020491746, "ENV_Train_Weighted probability to choose the right action:_epoch17": 0.8551308276293055, "ENV_Test_TotalLoss_epoch17": 254.73852246206042, "ENV_Test_Right action_epoch17": 0.841536, "ENV_Test_Probability to choose the right action_epoch17": 0.8168547645769344, "ENV_Test_Weighted right action_epoch17": 0.8585445696920276, "ENV_Test_Weighted probability to choose the right action:_epoch17": 0.8366611246270126, "ENV_Test_proba_accuracy_epoch17": 0.8168547645769354, "ENV_Test_proba_accuracy_strategy_132_epoch17": 0.8539738512671425, "ENV_Test_proba_accuracy_strategy_23_epoch17": 0.8276771193977737, "ENV_Test_proba_accuracy_strategy_107_epoch17": 0.865090118794716, "ENV_Test_proba_accuracy_strategy_43_epoch17": 0.7987371442996057, "ENV_Test_proba_accuracy_strategy_17_epoch17": 0.7880188010409342, "ENV_Test_proba_accuracy_strategy_93_epoch17": 0.8110504703344609, "ENV_Test_proba_accuracy_per_mean_strategy_epoch17": 0.8240912508557723, "ENV_Test_proba_accuracy_per_mean_user_epoch17": 0.824077684922611, "ENV_Test_proba_accuracy_per_mean_user_and_bot_epoch17": 0.8366611246270126, "ENV_Test_accuracy_epoch17": 0.841536, "ENV_Test_accuracy_strategy_132_epoch17": 0.8770538243626063, "ENV_Test_accuracy_strategy_23_epoch17": 0.8524802068185491, "ENV_Test_accuracy_strategy_107_epoch17": 0.8981937602627258, "ENV_Test_accuracy_strategy_43_epoch17": 0.8225190839694656, "ENV_Test_accuracy_strategy_17_epoch17": 0.815562613430127, "ENV_Test_accuracy_strategy_93_epoch17": 0.822550831792976, "ENV_Test_accuracy_per_mean_strategy_epoch17": 0.8480600534394084, "ENV_Test_accuracy_per_mean_user_epoch17": 0.8496896846578625, "ENV_Test_accuracy_per_mean_user_and_bot_epoch17": 0.8585445696920284, "ENV_Train_TotalLoss_epoch18": 512.1792240532402, "ENV_Train_Right action_epoch18": 0.8998993823192375, "ENV_Train_Probability to choose the right action_epoch18": 0.8577461130722097, "ENV_Train_Weighted right action_epoch18": 0.8998993823192375, "ENV_Train_Weighted probability to choose the right action:_epoch18": 0.8577461130722097, "ENV_Test_TotalLoss_epoch18": 255.60728893596294, "ENV_Test_Right action_epoch18": 0.839168, "ENV_Test_Probability to choose the right action_epoch18": 0.8165879344917948, "ENV_Test_Weighted right action_epoch18": 0.8568706238265625, "ENV_Test_Weighted probability to choose the right action:_epoch18": 0.836224671743605, "ENV_Test_proba_accuracy_epoch18": 0.8165879344917937, "ENV_Test_proba_accuracy_strategy_132_epoch18": 0.8477792307111627, "ENV_Test_proba_accuracy_strategy_23_epoch18": 0.8265415726216302, "ENV_Test_proba_accuracy_strategy_107_epoch18": 0.8576901463403533, "ENV_Test_proba_accuracy_strategy_43_epoch18": 0.8002303923951861, "ENV_Test_proba_accuracy_strategy_17_epoch18": 0.7904028138185296, "ENV_Test_proba_accuracy_strategy_93_epoch18": 0.816080648794103, "ENV_Test_proba_accuracy_per_mean_strategy_epoch18": 0.8231208007801608, "ENV_Test_proba_accuracy_per_mean_user_epoch18": 0.823333400612812, "ENV_Test_proba_accuracy_per_mean_user_and_bot_epoch18": 0.8362246717436048, "ENV_Test_accuracy_epoch18": 0.839168, "ENV_Test_accuracy_strategy_132_epoch18": 0.8702549575070821, "ENV_Test_accuracy_strategy_23_epoch18": 0.8490870899983842, "ENV_Test_accuracy_strategy_107_epoch18": 0.8801313628899836, "ENV_Test_accuracy_strategy_43_epoch18": 0.8206106870229007, "ENV_Test_accuracy_strategy_17_epoch18": 0.8146551724137931, "ENV_Test_accuracy_strategy_93_epoch18": 0.8354898336414048, "ENV_Test_accuracy_per_mean_strategy_epoch18": 0.8450381839122582, "ENV_Test_accuracy_per_mean_user_epoch18": 0.8469190997836266, "ENV_Test_accuracy_per_mean_user_and_bot_epoch18": 0.8568706238265633, "ENV_Train_TotalLoss_epoch19": 498.53174506280305, "ENV_Train_Right action_epoch19": 0.9014397539837853, "ENV_Train_Probability to choose the right action_epoch19": 0.8608608792633337, "ENV_Train_Weighted right action_epoch19": 0.9014397539837853, "ENV_Train_Weighted probability to choose the right action:_epoch19": 0.8608608792633337, "ENV_Test_TotalLoss_epoch19": 250.8723990940683, "ENV_Test_Right action_epoch19": 0.838336, "ENV_Test_Probability to choose the right action_epoch19": 0.8162745978502776, "ENV_Test_Weighted right action_epoch19": 0.8602677950872271, "ENV_Test_Weighted probability to choose the right action:_epoch19": 0.8387868419069697, "ENV_Test_proba_accuracy_epoch19": 0.8162745978502771, "ENV_Test_proba_accuracy_strategy_132_epoch19": 0.8545647182688306, "ENV_Test_proba_accuracy_strategy_23_epoch19": 0.8258473503207462, "ENV_Test_proba_accuracy_strategy_107_epoch19": 0.8650046337342726, "ENV_Test_proba_accuracy_strategy_43_epoch19": 0.7997349173411658, "ENV_Test_proba_accuracy_strategy_17_epoch19": 0.7866571773460413, "ENV_Test_proba_accuracy_strategy_93_epoch19": 0.8163203907441413, "ENV_Test_proba_accuracy_per_mean_strategy_epoch19": 0.8246881979591997, "ENV_Test_proba_accuracy_per_mean_user_epoch19": 0.8241045867655292, "ENV_Test_proba_accuracy_per_mean_user_and_bot_epoch19": 0.838786841906971, "ENV_Test_accuracy_epoch19": 0.838336, "ENV_Test_accuracy_strategy_132_epoch19": 0.8708215297450425, "ENV_Test_accuracy_strategy_23_epoch19": 0.8490870899983842, "ENV_Test_accuracy_strategy_107_epoch19": 0.896551724137931, "ENV_Test_accuracy_strategy_43_epoch19": 0.8193384223918575, "ENV_Test_accuracy_strategy_17_epoch19": 0.8098911070780399, "ENV_Test_accuracy_strategy_93_epoch19": 0.8345656192236599, "ENV_Test_accuracy_per_mean_strategy_epoch19": 0.8467092487624859, "ENV_Test_accuracy_per_mean_user_epoch19": 0.8462494261393243, "ENV_Test_accuracy_per_mean_user_and_bot_epoch19": 0.8602677950872271, "ENV_Train_TotalLoss_epoch20": 472.7657269554143, "ENV_Train_Right action_epoch20": 0.9068632932625105, "ENV_Train_Probability to choose the right action_epoch20": 0.868109387013432, "ENV_Train_Weighted right action_epoch20": 0.9068632932625105, "ENV_Train_Weighted probability to choose the right action:_epoch20": 0.868109387013432, "ENV_Test_TotalLoss_epoch20": 335.8469800485933, "ENV_Test_Right action_epoch20": 0.841984, "ENV_Test_Probability to choose the right action_epoch20": 0.8237754587064582, "ENV_Test_Weighted right action_epoch20": 0.8584591670571455, "ENV_Test_Weighted probability to choose the right action:_epoch20": 0.8457048028981522, "ENV_Test_proba_accuracy_epoch20": 0.8237754587064585, "ENV_Test_proba_accuracy_strategy_132_epoch20": 0.8573757177112752, "ENV_Test_proba_accuracy_strategy_23_epoch20": 0.8353204348658453, "ENV_Test_proba_accuracy_strategy_107_epoch20": 0.866801177273403, "ENV_Test_proba_accuracy_strategy_43_epoch20": 0.8100950264780767, "ENV_Test_proba_accuracy_strategy_17_epoch20": 0.7927000801194705, "ENV_Test_proba_accuracy_strategy_93_epoch20": 0.8251866704192525, "ENV_Test_proba_accuracy_per_mean_strategy_epoch20": 0.8312465178112206, "ENV_Test_proba_accuracy_per_mean_user_epoch20": 0.8313326341362366, "ENV_Test_proba_accuracy_per_mean_user_and_bot_epoch20": 0.8457048028981533, "ENV_Test_accuracy_epoch20": 0.841984, "ENV_Test_accuracy_strategy_132_epoch20": 0.8657223796033995, "ENV_Test_accuracy_strategy_23_epoch20": 0.8563580546130231, "ENV_Test_accuracy_strategy_107_epoch20": 0.8702791461412152, "ENV_Test_accuracy_strategy_43_epoch20": 0.8269720101781171, "ENV_Test_accuracy_strategy_17_epoch20": 0.8144283121597096, "ENV_Test_accuracy_strategy_93_epoch20": 0.8391866913123844, "ENV_Test_accuracy_per_mean_strategy_epoch20": 0.8454910990013081, "ENV_Test_accuracy_per_mean_user_epoch20": 0.8487199431696186, "ENV_Test_accuracy_per_mean_user_and_bot_epoch20": 0.8584591670571464, "ENV_Train_TotalLoss_epoch21": 464.0748658269963, "ENV_Train_Right action_epoch21": 0.9098647062112148, "ENV_Train_Probability to choose the right action_epoch21": 0.8714652012255786, "ENV_Train_Weighted right action_epoch21": 0.9098647062112148, "ENV_Train_Weighted probability to choose the right action:_epoch21": 0.8714652012255786, "ENV_Test_TotalLoss_epoch21": 320.7700008994925, "ENV_Test_Right action_epoch21": 0.839552, "ENV_Test_Probability to choose the right action_epoch21": 0.8227968431833949, "ENV_Test_Weighted right action_epoch21": 0.8595039647986894, "ENV_Test_Weighted probability to choose the right action:_epoch21": 0.8439207099355139, "ENV_Test_proba_accuracy_epoch21": 0.822796843183395, "ENV_Test_proba_accuracy_strategy_132_epoch21": 0.8556838286876668, "ENV_Test_proba_accuracy_strategy_23_epoch21": 0.8327853613671352, "ENV_Test_proba_accuracy_strategy_107_epoch21": 0.8708155621353001, "ENV_Test_proba_accuracy_strategy_43_epoch21": 0.8107919387639595, "ENV_Test_proba_accuracy_strategy_17_epoch21": 0.7931007702493055, "ENV_Test_proba_accuracy_strategy_93_epoch21": 0.8234106425779438, "ENV_Test_proba_accuracy_per_mean_strategy_epoch21": 0.8310980172968851, "ENV_Test_proba_accuracy_per_mean_user_epoch21": 0.8301002717192291, "ENV_Test_proba_accuracy_per_mean_user_and_bot_epoch21": 0.8439207099355149, "ENV_Test_accuracy_epoch21": 0.839552, "ENV_Test_accuracy_strategy_132_epoch21": 0.8668555240793201, "ENV_Test_accuracy_strategy_23_epoch21": 0.8508644369041849, "ENV_Test_accuracy_strategy_107_epoch21": 0.8866995073891626, "ENV_Test_accuracy_strategy_43_epoch21": 0.8256997455470738, "ENV_Test_accuracy_strategy_17_epoch21": 0.8098911070780399, "ENV_Test_accuracy_strategy_93_epoch21": 0.844731977818854, "ENV_Test_accuracy_per_mean_strategy_epoch21": 0.8474570498027726, "ENV_Test_accuracy_per_mean_user_epoch21": 0.8470785120006211, "ENV_Test_accuracy_per_mean_user_and_bot_epoch21": 0.8595039647986904, "ENV_Train_TotalLoss_epoch22": 457.31993803833893, "ENV_Train_Right action_epoch22": 0.9103857981548784, "ENV_Train_Probability to choose the right action_epoch22": 0.8728698458912392, "ENV_Train_Weighted right action_epoch22": 0.9103857981548784, "ENV_Train_Weighted probability to choose the right action:_epoch22": 0.8728698458912392, "ENV_Test_TotalLoss_epoch22": 316.19162974793426, "ENV_Test_Right action_epoch22": 0.838848, "ENV_Test_Probability to choose the right action_epoch22": 0.8224812832245229, "ENV_Test_Weighted right action_epoch22": 0.8617418979011707, "ENV_Test_Weighted probability to choose the right action:_epoch22": 0.8466570323064849, "ENV_Test_proba_accuracy_epoch22": 0.8224812832245222, "ENV_Test_proba_accuracy_strategy_132_epoch22": 0.8545672511000088, "ENV_Test_proba_accuracy_strategy_23_epoch22": 0.8320613973255104, "ENV_Test_proba_accuracy_strategy_107_epoch22": 0.8814557262513975, "ENV_Test_proba_accuracy_strategy_43_epoch22": 0.8112575107215328, "ENV_Test_proba_accuracy_strategy_17_epoch22": 0.7925162777398087, "ENV_Test_proba_accuracy_strategy_93_epoch22": 0.8205321328333008, "ENV_Test_proba_accuracy_per_mean_strategy_epoch22": 0.8320650493285932, "ENV_Test_proba_accuracy_per_mean_user_epoch22": 0.830704196178486, "ENV_Test_proba_accuracy_per_mean_user_and_bot_epoch22": 0.8466570323064846, "ENV_Test_accuracy_epoch22": 0.838848, "ENV_Test_accuracy_strategy_132_epoch22": 0.8645892351274788, "ENV_Test_accuracy_strategy_23_epoch22": 0.8498949749555663, "ENV_Test_accuracy_strategy_107_epoch22": 0.8981937602627258, "ENV_Test_accuracy_strategy_43_epoch22": 0.8244274809160306, "ENV_Test_accuracy_strategy_17_epoch22": 0.8110254083484574, "ENV_Test_accuracy_strategy_93_epoch22": 0.8345656192236599, "ENV_Test_accuracy_per_mean_strategy_epoch22": 0.8471160798056531, "ENV_Test_accuracy_per_mean_user_epoch22": 0.8479416100016054, "ENV_Test_accuracy_per_mean_user_and_bot_epoch22": 0.8617418979011712, "ENV_Train_TotalLoss_epoch23": 436.9580622211536, "ENV_Train_Right action_epoch23": 0.9146259644414626, "ENV_Train_Probability to choose the right action_epoch23": 0.8788316314602425, "ENV_Train_Weighted right action_epoch23": 0.9146259644414626, "ENV_Train_Weighted probability to choose the right action:_epoch23": 0.8788316314602425, "ENV_Test_TotalLoss_epoch23": 309.959324516022, "ENV_Test_Right action_epoch23": 0.837056, "ENV_Test_Probability to choose the right action_epoch23": 0.8181064422562833, "ENV_Test_Weighted right action_epoch23": 0.8619836421331687, "ENV_Test_Weighted probability to choose the right action:_epoch23": 0.8457902368400172, "ENV_Test_proba_accuracy_epoch23": 0.8181064422562823, "ENV_Test_proba_accuracy_strategy_132_epoch23": 0.8620309576312105, "ENV_Test_proba_accuracy_strategy_23_epoch23": 0.8264533023918584, "ENV_Test_proba_accuracy_strategy_107_epoch23": 0.8667216148146678, "ENV_Test_proba_accuracy_strategy_43_epoch23": 0.8080998512762849, "ENV_Test_proba_accuracy_strategy_17_epoch23": 0.7843973218376642, "ENV_Test_proba_accuracy_strategy_93_epoch23": 0.8232155334965227, "ENV_Test_proba_accuracy_per_mean_strategy_epoch23": 0.8284864302413681, "ENV_Test_proba_accuracy_per_mean_user_epoch23": 0.8275230122944394, "ENV_Test_proba_accuracy_per_mean_user_and_bot_epoch23": 0.8457902368400181, "ENV_Test_accuracy_epoch23": 0.837056, "ENV_Test_accuracy_strategy_132_epoch23": 0.8770538243626063, "ENV_Test_accuracy_strategy_23_epoch23": 0.8452092422039101, "ENV_Test_accuracy_strategy_107_epoch23": 0.8866995073891626, "ENV_Test_accuracy_strategy_43_epoch23": 0.8288804071246819, "ENV_Test_accuracy_strategy_17_epoch23": 0.8035390199637024, "ENV_Test_accuracy_strategy_93_epoch23": 0.8456561922365989, "ENV_Test_accuracy_per_mean_strategy_epoch23": 0.8478396988801103, "ENV_Test_accuracy_per_mean_user_epoch23": 0.846231286366673, "ENV_Test_accuracy_per_mean_user_and_bot_epoch23": 0.8619836421331697, "ENV_Train_TotalLoss_epoch24": 434.58311485050143, "ENV_Train_Right action_epoch24": 0.915584506353178, "ENV_Train_Probability to choose the right action_epoch24": 0.8802735378005225, "ENV_Train_Weighted right action_epoch24": 0.915584506353178, "ENV_Train_Weighted probability to choose the right action:_epoch24": 0.8802735378005225, "ENV_Test_TotalLoss_epoch24": 302.6085984519771, "ENV_Test_Right action_epoch24": 0.836864, "ENV_Test_Probability to choose the right action_epoch24": 0.8186254144666303, "ENV_Test_Weighted right action_epoch24": 0.8636038469365118, "ENV_Test_Weighted probability to choose the right action:_epoch24": 0.8449184778768967, "ENV_Test_proba_accuracy_epoch24": 0.818625414466629, "ENV_Test_proba_accuracy_strategy_132_epoch24": 0.857331380790986, "ENV_Test_proba_accuracy_strategy_23_epoch24": 0.8269488917348468, "ENV_Test_proba_accuracy_strategy_107_epoch24": 0.8697988244276209, "ENV_Test_proba_accuracy_strategy_43_epoch24": 0.8098713255269232, "ENV_Test_proba_accuracy_strategy_17_epoch24": 0.7874023193335553, "ENV_Test_proba_accuracy_strategy_93_epoch24": 0.8189934302873982, "ENV_Test_proba_accuracy_per_mean_strategy_epoch24": 0.828391028683555, "ENV_Test_proba_accuracy_per_mean_user_epoch24": 0.8275625276057155, "ENV_Test_proba_accuracy_per_mean_user_and_bot_epoch24": 0.8449184778768963, "ENV_Test_accuracy_epoch24": 0.836864, "ENV_Test_accuracy_strategy_132_epoch24": 0.8696883852691218, "ENV_Test_accuracy_strategy_23_epoch24": 0.8461787041525287, "ENV_Test_accuracy_strategy_107_epoch24": 0.8949096880131363, "ENV_Test_accuracy_strategy_43_epoch24": 0.8307888040712468, "ENV_Test_accuracy_strategy_17_epoch24": 0.8046733212341198, "ENV_Test_accuracy_strategy_93_epoch24": 0.8373382624768947, "ENV_Test_accuracy_per_mean_strategy_epoch24": 0.847262860869508, "ENV_Test_accuracy_per_mean_user_epoch24": 0.8458153208840877, "ENV_Test_accuracy_per_mean_user_and_bot_epoch24": 0.8636038469365119, "_wandb": {"runtime": 2547}}