{"ENV_Train_TotalLoss": 1027.7035878837073, "ENV_Train_TotalLoss_epoch0": 1213.2125663304844, "ENV_Train_Right action": 0.7893272953443191, "ENV_Train_Right action_epoch0": 0.7374561611871061, "ENV_Train_Probability to choose the right action": 0.7083674309047252, "ENV_Train_Probability to choose the right action_epoch0": 0.6429642752929922, "ENV_Train_Weighted right action": 0.7893272953443191, "ENV_Train_Weighted right action_epoch0": 0.7374561611871061, "ENV_Train_Weighted probability to choose the right action:": 0.7083674309047252, "ENV_Train_Weighted probability to choose the right action:_epoch0": 0.6429642752929922, "_timestamp": 1720498608.65416, "_runtime": 2655.259491920471, "_step": 49, "ENV_Test_TotalLoss": 241.0993820879776, "ENV_Test_TotalLoss_epoch0": 251.68064152620772, "ENV_Test_Right action": 0.761664, "ENV_Test_Right action_epoch0": 0.757312, "ENV_Test_Probability to choose the right action": 0.706066227558659, "ENV_Test_Probability to choose the right action_epoch0": 0.6978721707197438, "ENV_Test_Weighted right action": 0.822691547860601, "ENV_Test_Weighted right action_epoch0": 0.8180446374812538, "ENV_Test_Weighted probability to choose the right action:": 0.759165396028907, "ENV_Test_Weighted probability to choose the right action:_epoch0": 0.757736004289843, "ENV_Test_proba_accuracy": 0.7060662275586584, "ENV_Test_proba_accuracy_epoch0": 0.6978721707197458, "ENV_Test_proba_accuracy_strategy_132": 0.7700102470511313, "ENV_Test_proba_accuracy_strategy_132_epoch0": 0.760035411588539, "ENV_Test_proba_accuracy_strategy_23": 0.6966674707665337, "ENV_Test_proba_accuracy_strategy_23_epoch0": 0.6809159965946536, "ENV_Test_proba_accuracy_strategy_107": 0.7920653481259574, "ENV_Test_proba_accuracy_strategy_107_epoch0": 0.8057187443134688, "ENV_Test_proba_accuracy_strategy_43": 0.7274805665049472, "ENV_Test_proba_accuracy_strategy_43_epoch0": 0.7338273547181752, "ENV_Test_proba_accuracy_strategy_17": 0.6712118339321117, "ENV_Test_proba_accuracy_strategy_17_epoch0": 0.6648980172007484, "ENV_Test_proba_accuracy_strategy_93": 0.7179969791658799, "ENV_Test_proba_accuracy_strategy_93_epoch0": 0.7148533145962771, "ENV_Test_proba_accuracy_per_mean_strategy": 0.7292387409244268, "ENV_Test_proba_accuracy_per_mean_strategy_epoch0": 0.7267081398353105, "ENV_Test_proba_accuracy_per_mean_user": 0.7234372733343138, "ENV_Test_proba_accuracy_per_mean_user_epoch0": 0.7169088028363101, "ENV_Test_proba_accuracy_per_mean_user_and_bot": 0.7591653960289064, "ENV_Test_proba_accuracy_per_mean_user_and_bot_epoch0": 0.7577360042898433, "ENV_Test_accuracy": 0.761664, "ENV_Test_accuracy_epoch0": 0.757312, "ENV_Test_accuracy_strategy_132": 0.8288951841359773, "ENV_Test_accuracy_strategy_132_epoch0": 0.8073654390934845, "ENV_Test_accuracy_strategy_23": 0.7521408951365326, "ENV_Test_accuracy_strategy_23_epoch0": 0.7469704314105672, "ENV_Test_accuracy_strategy_107": 0.8538587848932676, "ENV_Test_accuracy_strategy_107_epoch0": 0.8653530377668309, "ENV_Test_accuracy_strategy_43": 0.7907124681933843, "ENV_Test_accuracy_strategy_43_epoch0": 0.7932569974554707, "ENV_Test_accuracy_strategy_17": 0.7198275862068966, "ENV_Test_accuracy_strategy_17_epoch0": 0.721415607985481, "ENV_Test_accuracy_strategy_93": 0.7828096118299446, "ENV_Test_accuracy_strategy_93_epoch0": 0.7680221811460258, "ENV_Test_accuracy_per_mean_strategy": 0.7880407550660005, "ENV_Test_accuracy_per_mean_strategy_epoch0": 0.7837306158096434, "ENV_Test_accuracy_per_mean_user": 0.7809026620601365, "ENV_Test_accuracy_per_mean_user_epoch0": 0.7765842897126893, "ENV_Test_accuracy_per_mean_user_and_bot": 0.8226915478606011, "ENV_Test_accuracy_per_mean_user_and_bot_epoch0": 0.8180446374812541, "ENV_Train_TotalLoss_epoch1": 1072.4915179417128, "ENV_Train_Right action_epoch1": 0.7772295219457646, "ENV_Train_Probability to choose the right action_epoch1": 0.6941456186102185, "ENV_Train_Weighted right action_epoch1": 0.7772295219457646, "ENV_Train_Weighted probability to choose the right action:_epoch1": 0.6941456186102185, "ENV_Test_TotalLoss_epoch1": 242.9230035654155, "ENV_Test_Right action_epoch1": 0.756416, "ENV_Test_Probability to choose the right action_epoch1": 0.6902104561010974, "ENV_Test_Weighted right action_epoch1": 0.8160533040324397, "ENV_Test_Weighted probability to choose the right action:_epoch1": 0.7505243495770478, "ENV_Test_proba_accuracy_epoch1": 0.6902104561010972, "ENV_Test_proba_accuracy_strategy_132_epoch1": 0.7565578723899441, "ENV_Test_proba_accuracy_strategy_23_epoch1": 0.6756206078055363, "ENV_Test_proba_accuracy_strategy_107_epoch1": 0.7833082942690078, "ENV_Test_proba_accuracy_strategy_43_epoch1": 0.7160362714208609, "ENV_Test_proba_accuracy_strategy_17_epoch1": 0.6578559601260001, "ENV_Test_proba_accuracy_strategy_93_epoch1": 0.7073243511867825, "ENV_Test_proba_accuracy_per_mean_strategy_epoch1": 0.7161172261996885, "ENV_Test_proba_accuracy_per_mean_user_epoch1": 0.7094463583182198, "ENV_Test_proba_accuracy_per_mean_user_and_bot_epoch1": 0.7505243495770484, "ENV_Test_accuracy_epoch1": 0.756416, "ENV_Test_accuracy_strategy_132_epoch1": 0.8158640226628895, "ENV_Test_accuracy_strategy_23_epoch1": 0.7469704314105672, "ENV_Test_accuracy_strategy_107_epoch1": 0.8423645320197044, "ENV_Test_accuracy_strategy_43_epoch1": 0.7837150127226463, "ENV_Test_accuracy_strategy_17_epoch1": 0.7202813067150635, "ENV_Test_accuracy_strategy_93_epoch1": 0.7726432532347505, "ENV_Test_accuracy_per_mean_strategy_epoch1": 0.7803064264609368, "ENV_Test_accuracy_per_mean_user_epoch1": 0.7765257252664701, "ENV_Test_accuracy_per_mean_user_and_bot_epoch1": 0.8160533040324403, "ENV_Train_TotalLoss_epoch2": 1039.0459021901702, "ENV_Train_Right action_epoch2": 0.7851422181843595, "ENV_Train_Probability to choose the right action_epoch2": 0.7038795825083353, "ENV_Train_Weighted right action_epoch2": 0.7851422181843595, "ENV_Train_Weighted probability to choose the right action:_epoch2": 0.7038795825083353, "ENV_Test_TotalLoss_epoch2": 237.95097181845088, "ENV_Test_Right action_epoch2": 0.76192, "ENV_Test_Probability to choose the right action_epoch2": 0.7049063444034962, "ENV_Test_Weighted right action_epoch2": 0.8263885627880023, "ENV_Test_Weighted probability to choose the right action:_epoch2": 0.761689935362823, "ENV_Test_proba_accuracy_epoch2": 0.7049063444034955, "ENV_Test_proba_accuracy_strategy_132_epoch2": 0.7645527928121263, "ENV_Test_proba_accuracy_strategy_23_epoch2": 0.6940281605713614, "ENV_Test_proba_accuracy_strategy_107_epoch2": 0.8046120131874126, "ENV_Test_proba_accuracy_strategy_43_epoch2": 0.7319629635211882, "ENV_Test_proba_accuracy_strategy_17_epoch2": 0.67000656899638, "ENV_Test_proba_accuracy_strategy_93_epoch2": 0.7165824541521041, "ENV_Test_proba_accuracy_per_mean_strategy_epoch2": 0.7302908255400954, "ENV_Test_proba_accuracy_per_mean_user_epoch2": 0.723933511439896, "ENV_Test_proba_accuracy_per_mean_user_and_bot_epoch2": 0.7616899353628223, "ENV_Test_accuracy_epoch2": 0.76192, "ENV_Test_accuracy_strategy_132_epoch2": 0.8215297450424929, "ENV_Test_accuracy_strategy_23_epoch2": 0.7521408951365326, "ENV_Test_accuracy_strategy_107_epoch2": 0.8719211822660099, "ENV_Test_accuracy_strategy_43_epoch2": 0.7958015267175572, "ENV_Test_accuracy_strategy_17_epoch2": 0.7211887477313974, "ENV_Test_accuracy_strategy_93_epoch2": 0.7754158964879853, "ENV_Test_accuracy_per_mean_strategy_epoch2": 0.7896663322303291, "ENV_Test_accuracy_per_mean_user_epoch2": 0.7839710030263538, "ENV_Test_accuracy_per_mean_user_and_bot_epoch2": 0.8263885627880034, "ENV_Train_TotalLoss_epoch3": 1019.144631277582, "ENV_Train_Right action_epoch3": 0.7889794150118088, "ENV_Train_Probability to choose the right action_epoch3": 0.7106286148666314, "ENV_Train_Weighted right action_epoch3": 0.7889794150118088, "ENV_Train_Weighted probability to choose the right action:_epoch3": 0.7106286148666314, "ENV_Test_TotalLoss_epoch3": 243.0821612944556, "ENV_Test_Right action_epoch3": 0.759808, "ENV_Test_Probability to choose the right action_epoch3": 0.7132689163844881, "ENV_Test_Weighted right action_epoch3": 0.8196818235981284, "ENV_Test_Weighted probability to choose the right action:_epoch3": 0.7730292692573815, "ENV_Test_proba_accuracy_epoch3": 0.7132689163844883, "ENV_Test_proba_accuracy_strategy_132_epoch3": 0.779537693515424, "ENV_Test_proba_accuracy_strategy_23_epoch3": 0.7035246835830218, "ENV_Test_proba_accuracy_strategy_107_epoch3": 0.8081503307002347, "ENV_Test_proba_accuracy_strategy_43_epoch3": 0.7462288881149322, "ENV_Test_proba_accuracy_strategy_17_epoch3": 0.6727697737219697, "ENV_Test_proba_accuracy_strategy_93_epoch3": 0.7246062815878238, "ENV_Test_proba_accuracy_per_mean_strategy_epoch3": 0.7391362752039009, "ENV_Test_proba_accuracy_per_mean_user_epoch3": 0.7323329822464854, "ENV_Test_proba_accuracy_per_mean_user_and_bot_epoch3": 0.7730292692573809, "ENV_Test_accuracy_epoch3": 0.759808, "ENV_Test_accuracy_strategy_132_epoch3": 0.8220963172804533, "ENV_Test_accuracy_strategy_23_epoch3": 0.7513330101793505, "ENV_Test_accuracy_strategy_107_epoch3": 0.8505747126436781, "ENV_Test_accuracy_strategy_43_epoch3": 0.8021628498727735, "ENV_Test_accuracy_strategy_17_epoch3": 0.7141560798548094, "ENV_Test_accuracy_strategy_93_epoch3": 0.7800369685767098, "ENV_Test_accuracy_per_mean_strategy_epoch3": 0.7867266564012958, "ENV_Test_accuracy_per_mean_user_epoch3": 0.7790664813047227, "ENV_Test_accuracy_per_mean_user_and_bot_epoch3": 0.8196818235981292, "ENV_Train_TotalLoss_epoch4": 1023.864931648906, "ENV_Train_Right action_epoch4": 0.7879524807826694, "ENV_Train_Probability to choose the right action_epoch4": 0.708994306917244, "ENV_Train_Weighted right action_epoch4": 0.7879524807826694, "ENV_Train_Weighted probability to choose the right action:_epoch4": 0.708994306917244, "ENV_Test_TotalLoss_epoch4": 232.94022043302965, "ENV_Test_Right action_epoch4": 0.762752, "ENV_Test_Probability to choose the right action_epoch4": 0.6986824091543612, "ENV_Test_Weighted right action_epoch4": 0.8221872170441491, "ENV_Test_Weighted probability to choose the right action:_epoch4": 0.7507647971245214, "ENV_Test_proba_accuracy_epoch4": 0.6986824091543608, "ENV_Test_proba_accuracy_strategy_132_epoch4": 0.7535985760126791, "ENV_Test_proba_accuracy_strategy_23_epoch4": 0.6955574390333514, "ENV_Test_proba_accuracy_strategy_107_epoch4": 0.7769792890875712, "ENV_Test_proba_accuracy_strategy_43_epoch4": 0.7171302200908829, "ENV_Test_proba_accuracy_strategy_17_epoch4": 0.6616908274954421, "ENV_Test_proba_accuracy_strategy_93_epoch4": 0.7068058276894543, "ENV_Test_proba_accuracy_per_mean_strategy_epoch4": 0.7186270299015635, "ENV_Test_proba_accuracy_per_mean_user_epoch4": 0.7158656114491726, "ENV_Test_proba_accuracy_per_mean_user_and_bot_epoch4": 0.7507647971245214, "ENV_Test_accuracy_epoch4": 0.762752, "ENV_Test_accuracy_strategy_132_epoch4": 0.8226628895184136, "ENV_Test_accuracy_strategy_23_epoch4": 0.7556955889481338, "ENV_Test_accuracy_strategy_107_epoch4": 0.8686371100164204, "ENV_Test_accuracy_strategy_43_epoch4": 0.7868956743002544, "ENV_Test_accuracy_strategy_17_epoch4": 0.7245916515426497, "ENV_Test_accuracy_strategy_93_epoch4": 0.7661737523105361, "ENV_Test_accuracy_per_mean_strategy_epoch4": 0.7874427777727346, "ENV_Test_accuracy_per_mean_user_epoch4": 0.783649670754917, "ENV_Test_accuracy_per_mean_user_and_bot_epoch4": 0.8221872170441491, "ENV_Train_TotalLoss_epoch5": 1016.2898784280211, "ENV_Train_Right action_epoch5": 0.789960720725758, "ENV_Train_Probability to choose the right action_epoch5": 0.7113084733748076, "ENV_Train_Weighted right action_epoch5": 0.789960720725758, "ENV_Train_Weighted probability to choose the right action:_epoch5": 0.7113084733748076, "ENV_Test_TotalLoss_epoch5": 235.9324521912863, "ENV_Test_Right action_epoch5": 0.762176, "ENV_Test_Probability to choose the right action_epoch5": 0.7172226748418915, "ENV_Test_Weighted right action_epoch5": 0.8217465759225598, "ENV_Test_Weighted probability to choose the right action:_epoch5": 0.7716267092899578, "ENV_Test_proba_accuracy_epoch5": 0.7172226748418913, "ENV_Test_proba_accuracy_strategy_132_epoch5": 0.7772183595151633, "ENV_Test_proba_accuracy_strategy_23_epoch5": 0.7096909538919545, "ENV_Test_proba_accuracy_strategy_107_epoch5": 0.8069361040580512, "ENV_Test_proba_accuracy_strategy_43_epoch5": 0.7418870057170187, "ENV_Test_proba_accuracy_strategy_17_epoch5": 0.6798556495966404, "ENV_Test_proba_accuracy_strategy_93_epoch5": 0.7283386436621846, "ENV_Test_proba_accuracy_per_mean_strategy_epoch5": 0.7406544527401687, "ENV_Test_proba_accuracy_per_mean_user_epoch5": 0.7354131834022077, "ENV_Test_proba_accuracy_per_mean_user_and_bot_epoch5": 0.7716267092899587, "ENV_Test_accuracy_epoch5": 0.762176, "ENV_Test_accuracy_strategy_132_epoch5": 0.8237960339943343, "ENV_Test_accuracy_strategy_23_epoch5": 0.7586039747939893, "ENV_Test_accuracy_strategy_107_epoch5": 0.8505747126436781, "ENV_Test_accuracy_strategy_43_epoch5": 0.7989821882951654, "ENV_Test_accuracy_strategy_17_epoch5": 0.7155172413793104, "ENV_Test_accuracy_strategy_93_epoch5": 0.7689463955637708, "ENV_Test_accuracy_per_mean_strategy_epoch5": 0.7860700911117081, "ENV_Test_accuracy_per_mean_user_epoch5": 0.7820548187673384, "ENV_Test_accuracy_per_mean_user_and_bot_epoch5": 0.8217465759225598, "ENV_Train_TotalLoss_epoch6": 1024.2698586316283, "ENV_Train_Right action_epoch6": 0.7877428371767995, "ENV_Train_Probability to choose the right action_epoch6": 0.7093535418460476, "ENV_Train_Weighted right action_epoch6": 0.7877428371767995, "ENV_Train_Weighted probability to choose the right action:_epoch6": 0.7093535418460476, "ENV_Test_TotalLoss_epoch6": 237.44302766450488, "ENV_Test_Right action_epoch6": 0.760512, "ENV_Test_Probability to choose the right action_epoch6": 0.7123868657453394, "ENV_Test_Weighted right action_epoch6": 0.8187103294889831, "ENV_Test_Weighted probability to choose the right action:_epoch6": 0.7628167212380462, "ENV_Test_proba_accuracy_epoch6": 0.71238686574534, "ENV_Test_proba_accuracy_strategy_132_epoch6": 0.7792688199162182, "ENV_Test_proba_accuracy_strategy_23_epoch6": 0.7050918445324462, "ENV_Test_proba_accuracy_strategy_107_epoch6": 0.7983295766728434, "ENV_Test_proba_accuracy_strategy_43_epoch6": 0.7265098731792259, "ENV_Test_proba_accuracy_strategy_17_epoch6": 0.6769625856454617, "ENV_Test_proba_accuracy_strategy_93_epoch6": 0.7204386080876197, "ENV_Test_proba_accuracy_per_mean_strategy_epoch6": 0.7344335513389693, "ENV_Test_proba_accuracy_per_mean_user_epoch6": 0.7295735425075649, "ENV_Test_proba_accuracy_per_mean_user_and_bot_epoch6": 0.7628167212380471, "ENV_Test_accuracy_epoch6": 0.760512, "ENV_Test_accuracy_strategy_132_epoch6": 0.8328611898016998, "ENV_Test_accuracy_strategy_23_epoch6": 0.752302472127969, "ENV_Test_accuracy_strategy_107_epoch6": 0.8571428571428571, "ENV_Test_accuracy_strategy_43_epoch6": 0.7792620865139949, "ENV_Test_accuracy_strategy_17_epoch6": 0.719147005444646, "ENV_Test_accuracy_strategy_93_epoch6": 0.7763401109057301, "ENV_Test_accuracy_per_mean_strategy_epoch6": 0.7861759536561496, "ENV_Test_accuracy_per_mean_user_epoch6": 0.7808091222756673, "ENV_Test_accuracy_per_mean_user_and_bot_epoch6": 0.8187103294889837, "ENV_Train_TotalLoss_epoch7": 1021.0592920962225, "ENV_Train_Right action_epoch7": 0.7893581931011349, "ENV_Train_Probability to choose the right action_epoch7": 0.7102938689539187, "ENV_Train_Weighted right action_epoch7": 0.7893581931011349, "ENV_Train_Weighted probability to choose the right action:_epoch7": 0.7102938689539187, "ENV_Test_TotalLoss_epoch7": 235.40676003721381, "ENV_Test_Right action_epoch7": 0.766592, "ENV_Test_Probability to choose the right action_epoch7": 0.7163798486770246, "ENV_Test_Weighted right action_epoch7": 0.8244834898999307, "ENV_Test_Weighted probability to choose the right action:_epoch7": 0.7707057220268795, "ENV_Test_proba_accuracy_epoch7": 0.716379848677024, "ENV_Test_proba_accuracy_strategy_132_epoch7": 0.7793196238922476, "ENV_Test_proba_accuracy_strategy_23_epoch7": 0.7091290938045446, "ENV_Test_proba_accuracy_strategy_107_epoch7": 0.8099139900783624, "ENV_Test_proba_accuracy_strategy_43_epoch7": 0.7346369470447192, "ENV_Test_proba_accuracy_strategy_17_epoch7": 0.6789242910288579, "ENV_Test_proba_accuracy_strategy_93_epoch7": 0.7286052331655539, "ENV_Test_proba_accuracy_per_mean_strategy_epoch7": 0.740088196502381, "ENV_Test_proba_accuracy_per_mean_user_epoch7": 0.7356000255423404, "ENV_Test_proba_accuracy_per_mean_user_and_bot_epoch7": 0.7707057220268805, "ENV_Test_accuracy_epoch7": 0.766592, "ENV_Test_accuracy_strategy_132_epoch7": 0.8305949008498583, "ENV_Test_accuracy_strategy_23_epoch7": 0.757311358862498, "ENV_Test_accuracy_strategy_107_epoch7": 0.8653530377668309, "ENV_Test_accuracy_strategy_43_epoch7": 0.7932569974554707, "ENV_Test_accuracy_strategy_17_epoch7": 0.7304900181488203, "ENV_Test_accuracy_strategy_93_epoch7": 0.7680221811460258, "ENV_Test_accuracy_per_mean_strategy_epoch7": 0.790838082371584, "ENV_Test_accuracy_per_mean_user_epoch7": 0.7889605895028369, "ENV_Test_accuracy_per_mean_user_and_bot_epoch7": 0.824483489899931, "ENV_Train_TotalLoss_epoch8": 1022.576908183511, "ENV_Train_Right action_epoch8": 0.7879075878069575, "ENV_Train_Probability to choose the right action_epoch8": 0.7084317336781948, "ENV_Train_Weighted right action_epoch8": 0.7879075878069575, "ENV_Train_Weighted probability to choose the right action:_epoch8": 0.7084317336781948, "ENV_Test_TotalLoss_epoch8": 240.6757565087324, "ENV_Test_Right action_epoch8": 0.764608, "ENV_Test_Probability to choose the right action_epoch8": 0.7143176254872029, "ENV_Test_Weighted right action_epoch8": 0.8206015734590951, "ENV_Test_Weighted probability to choose the right action:_epoch8": 0.7657157983455515, "ENV_Test_proba_accuracy_epoch8": 0.7143176254872035, "ENV_Test_proba_accuracy_strategy_132_epoch8": 0.7669583629667535, "ENV_Test_proba_accuracy_strategy_23_epoch8": 0.7103977417379972, "ENV_Test_proba_accuracy_strategy_107_epoch8": 0.7923736860154238, "ENV_Test_proba_accuracy_strategy_43_epoch8": 0.7346249748719863, "ENV_Test_proba_accuracy_strategy_17_epoch8": 0.6771498547650692, "ENV_Test_proba_accuracy_strategy_93_epoch8": 0.7288513575768858, "ENV_Test_proba_accuracy_per_mean_strategy_epoch8": 0.7350593296556859, "ENV_Test_proba_accuracy_per_mean_user_epoch8": 0.731503282298604, "ENV_Test_proba_accuracy_per_mean_user_and_bot_epoch8": 0.7657157983455505, "ENV_Test_accuracy_epoch8": 0.764608, "ENV_Test_accuracy_strategy_132_epoch8": 0.8147308781869689, "ENV_Test_accuracy_strategy_23_epoch8": 0.7618355146227177, "ENV_Test_accuracy_strategy_107_epoch8": 0.8555008210180624, "ENV_Test_accuracy_strategy_43_epoch8": 0.787531806615776, "ENV_Test_accuracy_strategy_17_epoch8": 0.7250453720508166, "ENV_Test_accuracy_strategy_93_epoch8": 0.7754158964879853, "ENV_Test_accuracy_per_mean_strategy_epoch8": 0.7866767148303877, "ENV_Test_accuracy_per_mean_user_epoch8": 0.7825360270377966, "ENV_Test_accuracy_per_mean_user_and_bot_epoch8": 0.8206015734590943, "ENV_Train_TotalLoss_epoch9": 1006.4726816002272, "ENV_Train_Right action_epoch9": 0.7938191881918819, "ENV_Train_Probability to choose the right action_epoch9": 0.7147485577226025, "ENV_Train_Weighted right action_epoch9": 0.7938191881918819, "ENV_Train_Weighted probability to choose the right action:_epoch9": 0.7147485577226025, "ENV_Test_TotalLoss_epoch9": 248.79992461881332, "ENV_Test_Right action_epoch9": 0.758784, "ENV_Test_Probability to choose the right action_epoch9": 0.7146545612933476, "ENV_Test_Weighted right action_epoch9": 0.8198649005730405, "ENV_Test_Weighted probability to choose the right action:_epoch9": 0.764952281643101, "ENV_Test_proba_accuracy_epoch9": 0.714654561293348, "ENV_Test_proba_accuracy_strategy_132_epoch9": 0.7699235689203586, "ENV_Test_proba_accuracy_strategy_23_epoch9": 0.7082747427154972, "ENV_Test_proba_accuracy_strategy_107_epoch9": 0.7945058823942105, "ENV_Test_proba_accuracy_strategy_43_epoch9": 0.7257399380630956, "ENV_Test_proba_accuracy_strategy_17_epoch9": 0.6818870430318934, "ENV_Test_proba_accuracy_strategy_93_epoch9": 0.7334331679298263, "ENV_Test_proba_accuracy_per_mean_strategy_epoch9": 0.7356273905091469, "ENV_Test_proba_accuracy_per_mean_user_epoch9": 0.7325864602666862, "ENV_Test_proba_accuracy_per_mean_user_and_bot_epoch9": 0.7649522816431011, "ENV_Test_accuracy_epoch9": 0.758784, "ENV_Test_accuracy_strategy_132_epoch9": 0.8220963172804533, "ENV_Test_accuracy_strategy_23_epoch9": 0.7490709322992406, "ENV_Test_accuracy_strategy_107_epoch9": 0.8555008210180624, "ENV_Test_accuracy_strategy_43_epoch9": 0.77735368956743, "ENV_Test_accuracy_strategy_17_epoch9": 0.721415607985481, "ENV_Test_accuracy_strategy_93_epoch9": 0.7818853974121996, "ENV_Test_accuracy_per_mean_strategy_epoch9": 0.7845537942604778, "ENV_Test_accuracy_per_mean_user_epoch9": 0.7808403266211317, "ENV_Test_accuracy_per_mean_user_and_bot_epoch9": 0.8198649005730404, "ENV_Train_TotalLoss_epoch10": 1005.601865264227, "ENV_Train_Right action_epoch10": 0.7938677399519257, "ENV_Train_Probability to choose the right action_epoch10": 0.7150353490912411, "ENV_Train_Weighted right action_epoch10": 0.7938677399519257, "ENV_Train_Weighted probability to choose the right action:_epoch10": 0.7150353490912411, "ENV_Test_TotalLoss_epoch10": 232.2481497352392, "ENV_Test_Right action_epoch10": 0.77184, "ENV_Test_Probability to choose the right action_epoch10": 0.7218502508922215, "ENV_Test_Weighted right action_epoch10": 0.8313357499119896, "ENV_Test_Weighted probability to choose the right action:_epoch10": 0.7781652674878048, "ENV_Test_proba_accuracy_epoch10": 0.7218502508922217, "ENV_Test_proba_accuracy_strategy_132_epoch10": 0.785211699688279, "ENV_Test_proba_accuracy_strategy_23_epoch10": 0.71086143356496, "ENV_Test_proba_accuracy_strategy_107_epoch10": 0.8196540861318539, "ENV_Test_proba_accuracy_strategy_43_epoch10": 0.7461449395777285, "ENV_Test_proba_accuracy_strategy_17_epoch10": 0.6865677901522903, "ENV_Test_proba_accuracy_strategy_93_epoch10": 0.7347413174175895, "ENV_Test_proba_accuracy_per_mean_strategy_epoch10": 0.7471968777554502, "ENV_Test_proba_accuracy_per_mean_user_epoch10": 0.740860948582753, "ENV_Test_proba_accuracy_per_mean_user_and_bot_epoch10": 0.7781652674878049, "ENV_Test_accuracy_epoch10": 0.77184, "ENV_Test_accuracy_strategy_132_epoch10": 0.8322946175637393, "ENV_Test_accuracy_strategy_23_epoch10": 0.7655517854257554, "ENV_Test_accuracy_strategy_107_epoch10": 0.8768472906403941, "ENV_Test_accuracy_strategy_43_epoch10": 0.7926208651399491, "ENV_Test_accuracy_strategy_17_epoch10": 0.7318511796733213, "ENV_Test_accuracy_strategy_93_epoch10": 0.7828096118299446, "ENV_Test_accuracy_per_mean_strategy_epoch10": 0.796995891712184, "ENV_Test_accuracy_per_mean_user_epoch10": 0.7918160779903791, "ENV_Test_accuracy_per_mean_user_and_bot_epoch10": 0.8313357499119902, "ENV_Train_TotalLoss_epoch11": 1015.0105228283961, "ENV_Train_Right action_epoch11": 0.7922793089953598, "ENV_Train_Probability to choose the right action_epoch11": 0.7129202430666107, "ENV_Train_Weighted right action_epoch11": 0.7922793089953598, "ENV_Train_Weighted probability to choose the right action:_epoch11": 0.7129202430666107, "ENV_Test_TotalLoss_epoch11": 245.96166652940988, "ENV_Test_Right action_epoch11": 0.759424, "ENV_Test_Probability to choose the right action_epoch11": 0.7153421467083346, "ENV_Test_Weighted right action_epoch11": 0.8204758300536487, "ENV_Test_Weighted probability to choose the right action:_epoch11": 0.7709942754219611, "ENV_Test_proba_accuracy_epoch11": 0.7153421467083346, "ENV_Test_proba_accuracy_strategy_132_epoch11": 0.7840528833869754, "ENV_Test_proba_accuracy_strategy_23_epoch11": 0.7057385195709901, "ENV_Test_proba_accuracy_strategy_107_epoch11": 0.820450615837802, "ENV_Test_proba_accuracy_strategy_43_epoch11": 0.7375004653246514, "ENV_Test_proba_accuracy_strategy_17_epoch11": 0.6776953383088751, "ENV_Test_proba_accuracy_strategy_93_epoch11": 0.7202086855025556, "ENV_Test_proba_accuracy_per_mean_strategy_epoch11": 0.7409410846553083, "ENV_Test_proba_accuracy_per_mean_user_epoch11": 0.7339702959456452, "ENV_Test_proba_accuracy_per_mean_user_and_bot_epoch11": 0.7709942754219608, "ENV_Test_accuracy_epoch11": 0.759424, "ENV_Test_accuracy_strategy_132_epoch11": 0.831728045325779, "ENV_Test_accuracy_strategy_23_epoch11": 0.7537566650508968, "ENV_Test_accuracy_strategy_107_epoch11": 0.8702791461412152, "ENV_Test_accuracy_strategy_43_epoch11": 0.7792620865139949, "ENV_Test_accuracy_strategy_17_epoch11": 0.7148366606170599, "ENV_Test_accuracy_strategy_93_epoch11": 0.7643253234750462, "ENV_Test_accuracy_per_mean_strategy_epoch11": 0.7856979878539986, "ENV_Test_accuracy_per_mean_user_epoch11": 0.7796417125887732, "ENV_Test_accuracy_per_mean_user_and_bot_epoch11": 0.820475830053649, "ENV_Train_TotalLoss_epoch12": 1015.6392049956052, "ENV_Train_Right action_epoch12": 0.7924691806669835, "ENV_Train_Probability to choose the right action_epoch12": 0.7122102271669899, "ENV_Train_Weighted right action_epoch12": 0.7924691806669835, "ENV_Train_Weighted probability to choose the right action:_epoch12": 0.7122102271669899, "ENV_Test_TotalLoss_epoch12": 236.6688679673487, "ENV_Test_Right action_epoch12": 0.766592, "ENV_Test_Probability to choose the right action_epoch12": 0.7105552051076925, "ENV_Test_Weighted right action_epoch12": 0.8236983703908474, "ENV_Test_Weighted probability to choose the right action:_epoch12": 0.7628357763486041, "ENV_Test_proba_accuracy_epoch12": 0.710555205107691, "ENV_Test_proba_accuracy_strategy_132_epoch12": 0.7700023638755196, "ENV_Test_proba_accuracy_strategy_23_epoch12": 0.7032906552210665, "ENV_Test_proba_accuracy_strategy_107_epoch12": 0.7944614925860951, "ENV_Test_proba_accuracy_strategy_43_epoch12": 0.7332945893902689, "ENV_Test_proba_accuracy_strategy_17_epoch12": 0.6752904807535206, "ENV_Test_proba_accuracy_strategy_93_epoch12": 0.7185383176859927, "ENV_Test_proba_accuracy_per_mean_strategy_epoch12": 0.7324796499187439, "ENV_Test_proba_accuracy_per_mean_user_epoch12": 0.7287103213638557, "ENV_Test_proba_accuracy_per_mean_user_and_bot_epoch12": 0.7628357763486043, "ENV_Test_accuracy_epoch12": 0.766592, "ENV_Test_accuracy_strategy_132_epoch12": 0.8322946175637393, "ENV_Test_accuracy_strategy_23_epoch12": 0.7577960898368072, "ENV_Test_accuracy_strategy_107_epoch12": 0.8472906403940886, "ENV_Test_accuracy_strategy_43_epoch12": 0.7964376590330788, "ENV_Test_accuracy_strategy_17_epoch12": 0.7307168784029038, "ENV_Test_accuracy_strategy_93_epoch12": 0.767097966728281, "ENV_Test_accuracy_per_mean_strategy_epoch12": 0.7886056419931498, "ENV_Test_accuracy_per_mean_user_epoch12": 0.7878510913704643, "ENV_Test_accuracy_per_mean_user_and_bot_epoch12": 0.8236983703908468, "ENV_Train_TotalLoss_epoch13": 1011.7395547132039, "ENV_Train_Right action_epoch13": 0.7921273710843036, "ENV_Train_Probability to choose the right action_epoch13": 0.7132277967460123, "ENV_Train_Weighted right action_epoch13": 0.7921273710843036, "ENV_Train_Weighted probability to choose the right action:_epoch13": 0.7132277967460123, "ENV_Test_TotalLoss_epoch13": 237.99711116101605, "ENV_Test_Right action_epoch13": 0.770944, "ENV_Test_Probability to choose the right action_epoch13": 0.7078976609513415, "ENV_Test_Weighted right action_epoch13": 0.8279721223529997, "ENV_Test_Weighted probability to choose the right action:_epoch13": 0.7547033256102073, "ENV_Test_proba_accuracy_epoch13": 0.7078976609513414, "ENV_Test_proba_accuracy_strategy_132_epoch13": 0.7645888538622102, "ENV_Test_proba_accuracy_strategy_23_epoch13": 0.7029052163818057, "ENV_Test_proba_accuracy_strategy_107_epoch13": 0.7917932749657102, "ENV_Test_proba_accuracy_strategy_43_epoch13": 0.7253536692256475, "ENV_Test_proba_accuracy_strategy_17_epoch13": 0.6735251887077303, "ENV_Test_proba_accuracy_strategy_93_epoch13": 0.711427113503144, "ENV_Test_proba_accuracy_per_mean_strategy_epoch13": 0.7282655527743747, "ENV_Test_proba_accuracy_per_mean_user_epoch13": 0.7244195770029004, "ENV_Test_proba_accuracy_per_mean_user_and_bot_epoch13": 0.7547033256102076, "ENV_Test_accuracy_epoch13": 0.770944, "ENV_Test_accuracy_strategy_132_epoch13": 0.8339943342776204, "ENV_Test_accuracy_strategy_23_epoch13": 0.7640975925028276, "ENV_Test_accuracy_strategy_107_epoch13": 0.8719211822660099, "ENV_Test_accuracy_strategy_43_epoch13": 0.8002544529262087, "ENV_Test_accuracy_strategy_17_epoch13": 0.7298094373865699, "ENV_Test_accuracy_strategy_93_epoch13": 0.7754158964879853, "ENV_Test_accuracy_per_mean_strategy_epoch13": 0.7959154826412037, "ENV_Test_accuracy_per_mean_user_epoch13": 0.7922696069278825, "ENV_Test_accuracy_per_mean_user_and_bot_epoch13": 0.827972122353, "ENV_Train_TotalLoss_epoch14": 1009.3831409764858, "ENV_Train_Right action_epoch14": 0.7924264654509886, "ENV_Train_Probability to choose the right action_epoch14": 0.7142810564886994, "ENV_Train_Weighted right action_epoch14": 0.7924264654509886, "ENV_Train_Weighted probability to choose the right action:_epoch14": 0.7142810564886994, "ENV_Test_TotalLoss_epoch14": 242.61940175198947, "ENV_Test_Right action_epoch14": 0.760768, "ENV_Test_Probability to choose the right action_epoch14": 0.7059977357512348, "ENV_Test_Weighted right action_epoch14": 0.8202428918448689, "ENV_Test_Weighted probability to choose the right action:_epoch14": 0.7626952578915763, "ENV_Test_proba_accuracy_epoch14": 0.7059977357512347, "ENV_Test_proba_accuracy_strategy_132_epoch14": 0.768482248363445, "ENV_Test_proba_accuracy_strategy_23_epoch14": 0.6980436898444602, "ENV_Test_proba_accuracy_strategy_107_epoch14": 0.8075536487948151, "ENV_Test_proba_accuracy_strategy_43_epoch14": 0.728689520071442, "ENV_Test_proba_accuracy_strategy_17_epoch14": 0.6666113369182092, "ENV_Test_proba_accuracy_strategy_93_epoch14": 0.7198966594273403, "ENV_Test_proba_accuracy_per_mean_strategy_epoch14": 0.7315461839032853, "ENV_Test_proba_accuracy_per_mean_user_epoch14": 0.7251242348048204, "ENV_Test_proba_accuracy_per_mean_user_and_bot_epoch14": 0.7626952578915764, "ENV_Test_accuracy_epoch14": 0.760768, "ENV_Test_accuracy_strategy_132_epoch14": 0.8181303116147309, "ENV_Test_accuracy_strategy_23_epoch14": 0.7547261269995152, "ENV_Test_accuracy_strategy_107_epoch14": 0.8719211822660099, "ENV_Test_accuracy_strategy_43_epoch14": 0.772264631043257, "ENV_Test_accuracy_strategy_17_epoch14": 0.7234573502722323, "ENV_Test_accuracy_strategy_93_epoch14": 0.7744916820702403, "ENV_Test_accuracy_per_mean_strategy_epoch14": 0.7858318807109977, "ENV_Test_accuracy_per_mean_user_epoch14": 0.7809663579859693, "ENV_Test_accuracy_per_mean_user_and_bot_epoch14": 0.8202428918448683, "ENV_Train_TotalLoss_epoch15": 1017.8333633772817, "ENV_Train_Right action_epoch15": 0.7910650134891458, "ENV_Train_Probability to choose the right action_epoch15": 0.7108633748253281, "ENV_Train_Weighted right action_epoch15": 0.7910650134891458, "ENV_Train_Weighted probability to choose the right action:_epoch15": 0.7108633748253281, "ENV_Test_TotalLoss_epoch15": 238.15112666027613, "ENV_Test_Right action_epoch15": 0.766912, "ENV_Test_Probability to choose the right action_epoch15": 0.7156978792228491, "ENV_Test_Weighted right action_epoch15": 0.8185660888672646, "ENV_Test_Weighted probability to choose the right action:_epoch15": 0.7681418731097354, "ENV_Test_proba_accuracy_epoch15": 0.715697879222849, "ENV_Test_proba_accuracy_strategy_132_epoch15": 0.7767688379111032, "ENV_Test_proba_accuracy_strategy_23_epoch15": 0.7086361115619506, "ENV_Test_proba_accuracy_strategy_107_epoch15": 0.8113669553824436, "ENV_Test_proba_accuracy_strategy_43_epoch15": 0.7367970157181971, "ENV_Test_proba_accuracy_strategy_17_epoch15": 0.6788348776035464, "ENV_Test_proba_accuracy_strategy_93_epoch15": 0.72214597455976, "ENV_Test_proba_accuracy_per_mean_strategy_epoch15": 0.7390916287895002, "ENV_Test_proba_accuracy_per_mean_user_epoch15": 0.7324107760753847, "ENV_Test_proba_accuracy_per_mean_user_and_bot_epoch15": 0.7681418731097354, "ENV_Test_accuracy_epoch15": 0.766912, "ENV_Test_accuracy_strategy_132_epoch15": 0.8271954674220963, "ENV_Test_accuracy_strategy_23_epoch15": 0.7632897075456455, "ENV_Test_accuracy_strategy_107_epoch15": 0.8571428571428571, "ENV_Test_accuracy_strategy_43_epoch15": 0.7868956743002544, "ENV_Test_accuracy_strategy_17_epoch15": 0.7273139745916516, "ENV_Test_accuracy_strategy_93_epoch15": 0.7707948243992606, "ENV_Test_accuracy_per_mean_strategy_epoch15": 0.7887720842336275, "ENV_Test_accuracy_per_mean_user_epoch15": 0.7843239996231267, "ENV_Test_accuracy_per_mean_user_and_bot_epoch15": 0.8185660888672659, "ENV_Train_TotalLoss_epoch16": 1011.4230198943077, "ENV_Train_Right action_epoch16": 0.791042898477796, "ENV_Train_Probability to choose the right action_epoch16": 0.7127949801514396, "ENV_Train_Weighted right action_epoch16": 0.791042898477796, "ENV_Train_Weighted probability to choose the right action:_epoch16": 0.7127949801514396, "ENV_Test_TotalLoss_epoch16": 239.95411210910743, "ENV_Test_Right action_epoch16": 0.770304, "ENV_Test_Probability to choose the right action_epoch16": 0.7170179359732731, "ENV_Test_Weighted right action_epoch16": 0.825121941628089, "ENV_Test_Weighted probability to choose the right action:_epoch16": 0.7704435524421945, "ENV_Test_proba_accuracy_epoch16": 0.7170179359732742, "ENV_Test_proba_accuracy_strategy_132_epoch16": 0.7793594792382493, "ENV_Test_proba_accuracy_strategy_23_epoch16": 0.707295362922167, "ENV_Test_proba_accuracy_strategy_107_epoch16": 0.8083934371704685, "ENV_Test_proba_accuracy_strategy_43_epoch16": 0.7345472530663146, "ENV_Test_proba_accuracy_strategy_17_epoch16": 0.6829798148712573, "ENV_Test_proba_accuracy_strategy_93_epoch16": 0.7327078175527236, "ENV_Test_proba_accuracy_per_mean_strategy_epoch16": 0.7408805274701967, "ENV_Test_proba_accuracy_per_mean_user_epoch16": 0.7356968246461704, "ENV_Test_proba_accuracy_per_mean_user_and_bot_epoch16": 0.7704435524421951, "ENV_Test_accuracy_epoch16": 0.770304, "ENV_Test_accuracy_strategy_132_epoch16": 0.8362606232294617, "ENV_Test_accuracy_strategy_23_epoch16": 0.7616739376312813, "ENV_Test_accuracy_strategy_107_epoch16": 0.8686371100164204, "ENV_Test_accuracy_strategy_43_epoch16": 0.7907124681933843, "ENV_Test_accuracy_strategy_17_epoch16": 0.7332123411978222, "ENV_Test_accuracy_strategy_93_epoch16": 0.7781885397412199, "ENV_Test_accuracy_per_mean_strategy_epoch16": 0.794780836668265, "ENV_Test_accuracy_per_mean_user_epoch16": 0.7905400821302025, "ENV_Test_accuracy_per_mean_user_and_bot_epoch16": 0.8251219416280903, "ENV_Train_TotalLoss_epoch17": 1019.9906987216317, "ENV_Train_Right action_epoch17": 0.7905617914703867, "ENV_Train_Probability to choose the right action_epoch17": 0.7104407363811689, "ENV_Train_Weighted right action_epoch17": 0.7905617914703867, "ENV_Train_Weighted probability to choose the right action:_epoch17": 0.7104407363811689, "ENV_Test_TotalLoss_epoch17": 244.75758273993367, "ENV_Test_Right action_epoch17": 0.764032, "ENV_Test_Probability to choose the right action_epoch17": 0.7124391073738718, "ENV_Test_Weighted right action_epoch17": 0.8229950155022318, "ENV_Test_Weighted probability to choose the right action:_epoch17": 0.7597690869734078, "ENV_Test_proba_accuracy_epoch17": 0.7124391073738721, "ENV_Test_proba_accuracy_strategy_132_epoch17": 0.7651432480749283, "ENV_Test_proba_accuracy_strategy_23_epoch17": 0.7086041712006976, "ENV_Test_proba_accuracy_strategy_107_epoch17": 0.7936161038771065, "ENV_Test_proba_accuracy_strategy_43_epoch17": 0.725156700580652, "ENV_Test_proba_accuracy_strategy_17_epoch17": 0.6788190799965163, "ENV_Test_proba_accuracy_strategy_93_epoch17": 0.7212005167327151, "ENV_Test_proba_accuracy_per_mean_strategy_epoch17": 0.7320899700771024, "ENV_Test_proba_accuracy_per_mean_user_epoch17": 0.7278523532831793, "ENV_Test_proba_accuracy_per_mean_user_and_bot_epoch17": 0.7597690869734096, "ENV_Test_accuracy_epoch17": 0.764032, "ENV_Test_accuracy_strategy_132_epoch17": 0.8237960339943343, "ENV_Test_accuracy_strategy_23_epoch17": 0.7550492809823881, "ENV_Test_accuracy_strategy_107_epoch17": 0.8719211822660099, "ENV_Test_accuracy_strategy_43_epoch17": 0.7792620865139949, "ENV_Test_accuracy_strategy_17_epoch17": 0.727994555353902, "ENV_Test_accuracy_strategy_93_epoch17": 0.7818853974121996, "ENV_Test_accuracy_per_mean_strategy_epoch17": 0.7899847560871381, "ENV_Test_accuracy_per_mean_user_epoch17": 0.7835846315905489, "ENV_Test_accuracy_per_mean_user_and_bot_epoch17": 0.8229950155022309, "ENV_Train_TotalLoss_epoch18": 1029.2192746429055, "ENV_Train_Right action_epoch18": 0.787483228980322, "ENV_Train_Probability to choose the right action_epoch18": 0.7071106418461003, "ENV_Train_Weighted right action_epoch18": 0.787483228980322, "ENV_Train_Weighted probability to choose the right action:_epoch18": 0.7071106418461003, "ENV_Test_TotalLoss_epoch18": 244.20509726376483, "ENV_Test_Right action_epoch18": 0.756672, "ENV_Test_Probability to choose the right action_epoch18": 0.7054711704269301, "ENV_Test_Weighted right action_epoch18": 0.8177791855018768, "ENV_Test_Weighted probability to choose the right action:_epoch18": 0.7586672033227195, "ENV_Test_proba_accuracy_epoch18": 0.7054711704269299, "ENV_Test_proba_accuracy_strategy_132_epoch18": 0.76637533305783, "ENV_Test_proba_accuracy_strategy_23_epoch18": 0.6948326330709315, "ENV_Test_proba_accuracy_strategy_107_epoch18": 0.7931588041462214, "ENV_Test_proba_accuracy_strategy_43_epoch18": 0.7216689568893991, "ENV_Test_proba_accuracy_strategy_17_epoch18": 0.674635391686384, "ENV_Test_proba_accuracy_strategy_93_epoch18": 0.7197091409324856, "ENV_Test_proba_accuracy_per_mean_strategy_epoch18": 0.7283967099638753, "ENV_Test_proba_accuracy_per_mean_user_epoch18": 0.7239449106658672, "ENV_Test_proba_accuracy_per_mean_user_and_bot_epoch18": 0.7586672033227195, "ENV_Test_accuracy_epoch18": 0.756672, "ENV_Test_accuracy_strategy_132_epoch18": 0.8152974504249292, "ENV_Test_accuracy_strategy_23_epoch18": 0.7426078526417839, "ENV_Test_accuracy_strategy_107_epoch18": 0.8702791461412152, "ENV_Test_accuracy_strategy_43_epoch18": 0.7830788804071247, "ENV_Test_accuracy_strategy_17_epoch18": 0.7227767695099818, "ENV_Test_accuracy_strategy_93_epoch18": 0.777264325323475, "ENV_Test_accuracy_per_mean_strategy_epoch18": 0.7852174040747517, "ENV_Test_accuracy_per_mean_user_epoch18": 0.776674922124033, "ENV_Test_accuracy_per_mean_user_and_bot_epoch18": 0.817779185501877, "ENV_Train_TotalLoss_epoch19": 1040.2905999521806, "ENV_Train_Right action_epoch19": 0.7874615599664523, "ENV_Train_Probability to choose the right action_epoch19": 0.7047902993220844, "ENV_Train_Weighted right action_epoch19": 0.7874615599664523, "ENV_Train_Weighted probability to choose the right action:_epoch19": 0.7047902993220844, "ENV_Test_TotalLoss_epoch19": 249.25133533794718, "ENV_Test_Right action_epoch19": 0.754432, "ENV_Test_Probability to choose the right action_epoch19": 0.6926951481991207, "ENV_Test_Weighted right action_epoch19": 0.8148591457230866, "ENV_Test_Weighted probability to choose the right action:_epoch19": 0.7421694002047758, "ENV_Test_proba_accuracy_epoch19": 0.6926951481991213, "ENV_Test_proba_accuracy_strategy_132_epoch19": 0.7459254374730253, "ENV_Test_proba_accuracy_strategy_23_epoch19": 0.6864927708386004, "ENV_Test_proba_accuracy_strategy_107_epoch19": 0.7712579650079646, "ENV_Test_proba_accuracy_strategy_43_epoch19": 0.7139763187341014, "ENV_Test_proba_accuracy_strategy_17_epoch19": 0.6589663672084705, "ENV_Test_proba_accuracy_strategy_93_epoch19": 0.7036126750059959, "ENV_Test_proba_accuracy_per_mean_strategy_epoch19": 0.7133719223780264, "ENV_Test_proba_accuracy_per_mean_user_epoch19": 0.7103129552385242, "ENV_Test_proba_accuracy_per_mean_user_and_bot_epoch19": 0.7421694002047765, "ENV_Test_accuracy_epoch19": 0.754432, "ENV_Test_accuracy_strategy_132_epoch19": 0.8175637393767705, "ENV_Test_accuracy_strategy_23_epoch19": 0.7443851995475844, "ENV_Test_accuracy_strategy_107_epoch19": 0.8620689655172413, "ENV_Test_accuracy_strategy_43_epoch19": 0.7729007633587787, "ENV_Test_accuracy_strategy_17_epoch19": 0.7193738656987296, "ENV_Test_accuracy_strategy_93_epoch19": 0.7643253234750462, "ENV_Test_accuracy_per_mean_strategy_epoch19": 0.7801029761623585, "ENV_Test_accuracy_per_mean_user_epoch19": 0.7756631480114334, "ENV_Test_accuracy_per_mean_user_and_bot_epoch19": 0.8148591457230872, "ENV_Train_TotalLoss_epoch20": 1031.6122518244813, "ENV_Train_Right action_epoch20": 0.7870969545346546, "ENV_Train_Probability to choose the right action_epoch20": 0.706421462860102, "ENV_Train_Weighted right action_epoch20": 0.7870969545346546, "ENV_Train_Weighted probability to choose the right action:_epoch20": 0.706421462860102, "ENV_Test_TotalLoss_epoch20": 241.7269885710879, "ENV_Test_Right action_epoch20": 0.763264, "ENV_Test_Probability to choose the right action_epoch20": 0.7142408528903403, "ENV_Test_Weighted right action_epoch20": 0.8203151251037671, "ENV_Test_Weighted probability to choose the right action:_epoch20": 0.7671211625691418, "ENV_Test_proba_accuracy_epoch20": 0.7142408528903403, "ENV_Test_proba_accuracy_strategy_132_epoch20": 0.775816659651905, "ENV_Test_proba_accuracy_strategy_23_epoch20": 0.7024577971283743, "ENV_Test_proba_accuracy_strategy_107_epoch20": 0.8013424262423048, "ENV_Test_proba_accuracy_strategy_43_epoch20": 0.7380008630054176, "ENV_Test_proba_accuracy_strategy_17_epoch20": 0.6824026252919781, "ENV_Test_proba_accuracy_strategy_93_epoch20": 0.7273566998015987, "ENV_Test_proba_accuracy_per_mean_strategy_epoch20": 0.7378961785202631, "ENV_Test_proba_accuracy_per_mean_user_epoch20": 0.7323329106006753, "ENV_Test_proba_accuracy_per_mean_user_and_bot_epoch20": 0.7671211625691423, "ENV_Test_accuracy_epoch20": 0.763264, "ENV_Test_accuracy_strategy_132_epoch20": 0.8271954674220963, "ENV_Test_accuracy_strategy_23_epoch20": 0.7493940862821135, "ENV_Test_accuracy_strategy_107_epoch20": 0.8505747126436781, "ENV_Test_accuracy_strategy_43_epoch20": 0.7970737913486005, "ENV_Test_accuracy_strategy_17_epoch20": 0.7282214156079855, "ENV_Test_accuracy_strategy_93_epoch20": 0.7828096118299446, "ENV_Test_accuracy_per_mean_strategy_epoch20": 0.7892115141890698, "ENV_Test_accuracy_per_mean_user_epoch20": 0.7829783017145316, "ENV_Test_accuracy_per_mean_user_and_bot_epoch20": 0.8203151251037677, "ENV_Train_TotalLoss_epoch21": 1029.0805320441348, "ENV_Train_Right action_epoch21": 0.7854747198077084, "ENV_Train_Probability to choose the right action_epoch21": 0.7069513505372292, "ENV_Train_Weighted right action_epoch21": 0.7854747198077084, "ENV_Train_Weighted probability to choose the right action:_epoch21": 0.7069513505372292, "ENV_Test_TotalLoss_epoch21": 238.97011288604216, "ENV_Test_Right action_epoch21": 0.760128, "ENV_Test_Probability to choose the right action_epoch21": 0.7030935324218084, "ENV_Test_Weighted right action_epoch21": 0.8180963304156937, "ENV_Test_Weighted probability to choose the right action:_epoch21": 0.7582975604339975, "ENV_Test_proba_accuracy_epoch21": 0.7030935324218077, "ENV_Test_proba_accuracy_strategy_132_epoch21": 0.7714728969126299, "ENV_Test_proba_accuracy_strategy_23_epoch21": 0.6900123544142432, "ENV_Test_proba_accuracy_strategy_107_epoch21": 0.7925937856323382, "ENV_Test_proba_accuracy_strategy_43_epoch21": 0.7278223654728445, "ENV_Test_proba_accuracy_strategy_17_epoch21": 0.6703094858664694, "ENV_Test_proba_accuracy_strategy_93_epoch21": 0.713631914877451, "ENV_Test_proba_accuracy_per_mean_strategy_epoch21": 0.7276404671959958, "ENV_Test_proba_accuracy_per_mean_user_epoch21": 0.7217034681697636, "ENV_Test_proba_accuracy_per_mean_user_and_bot_epoch21": 0.7582975604339995, "ENV_Test_accuracy_epoch21": 0.760128, "ENV_Test_accuracy_strategy_132_epoch21": 0.8294617563739377, "ENV_Test_accuracy_strategy_23_epoch21": 0.7497172402649863, "ENV_Test_accuracy_strategy_107_epoch21": 0.8505747126436781, "ENV_Test_accuracy_strategy_43_epoch21": 0.7926208651399491, "ENV_Test_accuracy_strategy_17_epoch21": 0.7243647912885662, "ENV_Test_accuracy_strategy_93_epoch21": 0.7541589648798521, "ENV_Test_accuracy_per_mean_strategy_epoch21": 0.783483055098495, "ENV_Test_accuracy_per_mean_user_epoch21": 0.7810813910972481, "ENV_Test_accuracy_per_mean_user_and_bot_epoch21": 0.8180963304156944, "ENV_Train_TotalLoss_epoch22": 1030.9562614942918, "ENV_Train_Right action_epoch22": 0.7862764009449127, "ENV_Train_Probability to choose the right action_epoch22": 0.7062924695510284, "ENV_Train_Weighted right action_epoch22": 0.7862764009449127, "ENV_Train_Weighted probability to choose the right action:_epoch22": 0.7062924695510284, "ENV_Test_TotalLoss_epoch22": 242.57692559830153, "ENV_Test_Right action_epoch22": 0.761728, "ENV_Test_Probability to choose the right action_epoch22": 0.693624939875267, "ENV_Test_Weighted right action_epoch22": 0.8210566303512542, "ENV_Test_Weighted probability to choose the right action:_epoch22": 0.744574229858496, "ENV_Test_proba_accuracy_epoch22": 0.693624939875267, "ENV_Test_proba_accuracy_strategy_132_epoch22": 0.7592177430218184, "ENV_Test_proba_accuracy_strategy_23_epoch22": 0.6837088400233863, "ENV_Test_proba_accuracy_strategy_107_epoch22": 0.7837525326884341, "ENV_Test_proba_accuracy_strategy_43_epoch22": 0.7122886490544029, "ENV_Test_proba_accuracy_strategy_17_epoch22": 0.6594677960572191, "ENV_Test_proba_accuracy_strategy_93_epoch22": 0.7046573608796665, "ENV_Test_proba_accuracy_per_mean_strategy_epoch22": 0.7171821536208212, "ENV_Test_proba_accuracy_per_mean_user_epoch22": 0.7105531013815536, "ENV_Test_proba_accuracy_per_mean_user_and_bot_epoch22": 0.7445742298584965, "ENV_Test_accuracy_epoch22": 0.761728, "ENV_Test_accuracy_strategy_132_epoch22": 0.8288951841359773, "ENV_Test_accuracy_strategy_23_epoch22": 0.7513330101793505, "ENV_Test_accuracy_strategy_107_epoch22": 0.8604269293924466, "ENV_Test_accuracy_strategy_43_epoch22": 0.7818066157760815, "ENV_Test_accuracy_strategy_17_epoch22": 0.7241379310344828, "ENV_Test_accuracy_strategy_93_epoch22": 0.7800369685767098, "ENV_Test_accuracy_per_mean_strategy_epoch22": 0.787772773182508, "ENV_Test_accuracy_per_mean_user_epoch22": 0.7841631932465236, "ENV_Test_accuracy_per_mean_user_and_bot_epoch22": 0.8210566303512545, "ENV_Train_TotalLoss_epoch23": 1032.4442190296604, "ENV_Train_Right action_epoch23": 0.7863651610017889, "ENV_Train_Probability to choose the right action_epoch23": 0.705997310214823, "ENV_Train_Weighted right action_epoch23": 0.7863651610017889, "ENV_Train_Weighted probability to choose the right action:_epoch23": 0.705997310214823, "ENV_Test_TotalLoss_epoch23": 236.44608362171024, "ENV_Test_Right action_epoch23": 0.7632, "ENV_Test_Probability to choose the right action_epoch23": 0.7058062214638772, "ENV_Test_Weighted right action_epoch23": 0.8197209343404898, "ENV_Test_Weighted probability to choose the right action:_epoch23": 0.7602763800120459, "ENV_Test_proba_accuracy_epoch23": 0.7058062214638761, "ENV_Test_proba_accuracy_strategy_132_epoch23": 0.7738839477571324, "ENV_Test_proba_accuracy_strategy_23_epoch23": 0.697044033934924, "ENV_Test_proba_accuracy_strategy_107_epoch23": 0.798203414835907, "ENV_Test_proba_accuracy_strategy_43_epoch23": 0.7238764487375683, "ENV_Test_proba_accuracy_strategy_17_epoch23": 0.6683858440455122, "ENV_Test_proba_accuracy_strategy_93_epoch23": 0.7190638252821985, "ENV_Test_proba_accuracy_per_mean_strategy_epoch23": 0.7300762524322071, "ENV_Test_proba_accuracy_per_mean_user_epoch23": 0.724373579835366, "ENV_Test_proba_accuracy_per_mean_user_and_bot_epoch23": 0.7602763800120464, "ENV_Test_accuracy_epoch23": 0.7632, "ENV_Test_accuracy_strategy_132_epoch23": 0.8334277620396601, "ENV_Test_accuracy_strategy_23_epoch23": 0.7568266278881888, "ENV_Test_accuracy_strategy_107_epoch23": 0.8522167487684729, "ENV_Test_accuracy_strategy_43_epoch23": 0.7849872773536896, "ENV_Test_accuracy_strategy_17_epoch23": 0.7223230490018149, "ENV_Test_accuracy_strategy_93_epoch23": 0.7698706099815157, "ENV_Test_accuracy_per_mean_strategy_epoch23": 0.7866086791722235, "ENV_Test_accuracy_per_mean_user_epoch23": 0.7842944603745501, "ENV_Test_accuracy_per_mean_user_and_bot_epoch23": 0.8197209343404896, "ENV_Train_TotalLoss_epoch24": 1027.7035878837073, "ENV_Train_Right action_epoch24": 0.7893272953443191, "ENV_Train_Probability to choose the right action_epoch24": 0.7083674309047252, "ENV_Train_Weighted right action_epoch24": 0.7893272953443191, "ENV_Train_Weighted probability to choose the right action:_epoch24": 0.7083674309047252, "ENV_Test_TotalLoss_epoch24": 241.0993820879776, "ENV_Test_Right action_epoch24": 0.761664, "ENV_Test_Probability to choose the right action_epoch24": 0.706066227558659, "ENV_Test_Weighted right action_epoch24": 0.822691547860601, "ENV_Test_Weighted probability to choose the right action:_epoch24": 0.759165396028907, "ENV_Test_proba_accuracy_epoch24": 0.7060662275586584, "ENV_Test_proba_accuracy_strategy_132_epoch24": 0.7700102470511313, "ENV_Test_proba_accuracy_strategy_23_epoch24": 0.6966674707665337, "ENV_Test_proba_accuracy_strategy_107_epoch24": 0.7920653481259574, "ENV_Test_proba_accuracy_strategy_43_epoch24": 0.7274805665049472, "ENV_Test_proba_accuracy_strategy_17_epoch24": 0.6712118339321117, "ENV_Test_proba_accuracy_strategy_93_epoch24": 0.7179969791658799, "ENV_Test_proba_accuracy_per_mean_strategy_epoch24": 0.7292387409244268, "ENV_Test_proba_accuracy_per_mean_user_epoch24": 0.7234372733343138, "ENV_Test_proba_accuracy_per_mean_user_and_bot_epoch24": 0.7591653960289064, "ENV_Test_accuracy_epoch24": 0.761664, "ENV_Test_accuracy_strategy_132_epoch24": 0.8288951841359773, "ENV_Test_accuracy_strategy_23_epoch24": 0.7521408951365326, "ENV_Test_accuracy_strategy_107_epoch24": 0.8538587848932676, "ENV_Test_accuracy_strategy_43_epoch24": 0.7907124681933843, "ENV_Test_accuracy_strategy_17_epoch24": 0.7198275862068966, "ENV_Test_accuracy_strategy_93_epoch24": 0.7828096118299446, "ENV_Test_accuracy_per_mean_strategy_epoch24": 0.7880407550660005, "ENV_Test_accuracy_per_mean_user_epoch24": 0.7809026620601365, "ENV_Test_accuracy_per_mean_user_and_bot_epoch24": 0.8226915478606011, "_wandb": {"runtime": 2654}}