{"ENV_Train_TotalLoss": 575.8669666897654, "ENV_Train_TotalLoss_epoch0": 1158.4993606117234, "ENV_Train_Right action": 0.8917528655297735, "ENV_Train_Right action_epoch0": 0.7484311012341538, "ENV_Train_Probability to choose the right action": 0.8453937899649556, "ENV_Train_Probability to choose the right action_epoch0": 0.6590187441370943, "ENV_Train_Weighted right action": 0.8917528655297735, "ENV_Train_Weighted right action_epoch0": 0.7484311012341538, "ENV_Train_Weighted probability to choose the right action:": 0.8453937899649556, "ENV_Train_Weighted probability to choose the right action:_epoch0": 0.6590187441370943, "_timestamp": 1720425983.2068746, "_runtime": 2465.505341529846, "_step": 49, "ENV_Test_TotalLoss": 239.07695679120178, "ENV_Test_TotalLoss_epoch0": 239.23312581605936, "ENV_Test_Right action": 0.817728, "ENV_Test_Right action_epoch0": 0.768384, "ENV_Test_Probability to choose the right action": 0.7892432219988479, "ENV_Test_Probability to choose the right action_epoch0": 0.7116422991147185, "ENV_Test_Weighted right action": 0.8507176479434628, "ENV_Test_Weighted right action_epoch0": 0.8156691784197286, "ENV_Test_Weighted probability to choose the right action:": 0.8197430146761708, "ENV_Test_Weighted probability to choose the right action:_epoch0": 0.7546750878819847, "ENV_Test_proba_accuracy": 0.7892432219988482, "ENV_Test_proba_accuracy_epoch0": 0.7116422991147192, "ENV_Test_proba_accuracy_strategy_132": 0.8165903763651521, "ENV_Test_proba_accuracy_strategy_132_epoch0": 0.7619567980829802, "ENV_Test_proba_accuracy_strategy_23": 0.79195390284224, "ENV_Test_proba_accuracy_strategy_23_epoch0": 0.70699354545333, "ENV_Test_proba_accuracy_strategy_107": 0.8389360490395089, "ENV_Test_proba_accuracy_strategy_107_epoch0": 0.7862834511590782, "ENV_Test_proba_accuracy_strategy_43": 0.7891108256626043, "ENV_Test_proba_accuracy_strategy_43_epoch0": 0.7147745978014973, "ENV_Test_proba_accuracy_strategy_17": 0.7666179445238883, "ENV_Test_proba_accuracy_strategy_17_epoch0": 0.681902531512489, "ENV_Test_proba_accuracy_strategy_93": 0.7935253729102705, "ENV_Test_proba_accuracy_strategy_93_epoch0": 0.7307536726741996, "ENV_Test_proba_accuracy_per_mean_strategy": 0.799455745223944, "ENV_Test_proba_accuracy_per_mean_strategy_epoch0": 0.7304440994472623, "ENV_Test_proba_accuracy_per_mean_user": 0.8002999179767434, "ENV_Test_proba_accuracy_per_mean_user_epoch0": 0.7269271059992428, "ENV_Test_proba_accuracy_per_mean_user_and_bot": 0.8197430146761706, "ENV_Test_proba_accuracy_per_mean_user_and_bot_epoch0": 0.7546750878819856, "ENV_Test_accuracy": 0.817728, "ENV_Test_accuracy_epoch0": 0.768384, "ENV_Test_accuracy_strategy_132": 0.8419263456090652, "ENV_Test_accuracy_strategy_132_epoch0": 0.8237960339943343, "ENV_Test_accuracy_strategy_23": 0.8201648085312652, "ENV_Test_accuracy_strategy_23_epoch0": 0.7657133624171918, "ENV_Test_accuracy_strategy_107": 0.8719211822660099, "ENV_Test_accuracy_strategy_107_epoch0": 0.8505747126436781, "ENV_Test_accuracy_strategy_43": 0.8142493638676844, "ENV_Test_accuracy_strategy_43_epoch0": 0.772264631043257, "ENV_Test_accuracy_strategy_17": 0.7971869328493648, "ENV_Test_accuracy_strategy_17_epoch0": 0.7329854809437386, "ENV_Test_accuracy_strategy_93": 0.822550831792976, "ENV_Test_accuracy_strategy_93_epoch0": 0.7855822550831792, "ENV_Test_accuracy_per_mean_strategy": 0.8279999108193943, "ENV_Test_accuracy_per_mean_strategy_epoch0": 0.78848607935423, "ENV_Test_accuracy_per_mean_user": 0.8291530867141843, "ENV_Test_accuracy_per_mean_user_epoch0": 0.7865911465210591, "ENV_Test_accuracy_per_mean_user_and_bot": 0.8507176479434634, "ENV_Test_accuracy_per_mean_user_and_bot_epoch0": 0.8156691784197289, "ENV_Train_TotalLoss_epoch1": 986.2912717907465, "ENV_Train_Right action_epoch1": 0.7974200581395349, "ENV_Train_Probability to choose the right action_epoch1": 0.7202534946958555, "ENV_Train_Weighted right action_epoch1": 0.7974200581395349, "ENV_Train_Weighted probability to choose the right action:_epoch1": 0.7202534946958555, "ENV_Test_TotalLoss_epoch1": 221.48053558190756, "ENV_Test_Right action_epoch1": 0.785536, "ENV_Test_Probability to choose the right action_epoch1": 0.7310610566193275, "ENV_Test_Weighted right action_epoch1": 0.8347623285632665, "ENV_Test_Weighted probability to choose the right action:_epoch1": 0.7737566719337792, "ENV_Test_proba_accuracy_epoch1": 0.7310610566193271, "ENV_Test_proba_accuracy_strategy_132_epoch1": 0.778237244897602, "ENV_Test_proba_accuracy_strategy_23_epoch1": 0.7285328268515503, "ENV_Test_proba_accuracy_strategy_107_epoch1": 0.8049678336271003, "ENV_Test_proba_accuracy_strategy_43_epoch1": 0.7428694185340265, "ENV_Test_proba_accuracy_strategy_17_epoch1": 0.6976524739138008, "ENV_Test_proba_accuracy_strategy_93_epoch1": 0.7459171584307249, "ENV_Test_proba_accuracy_per_mean_strategy_epoch1": 0.7496961593758007, "ENV_Test_proba_accuracy_per_mean_user_epoch1": 0.7463197845734831, "ENV_Test_proba_accuracy_per_mean_user_and_bot_epoch1": 0.7737566719337796, "ENV_Test_accuracy_epoch1": 0.785536, "ENV_Test_accuracy_strategy_132_epoch1": 0.8345609065155808, "ENV_Test_accuracy_strategy_23_epoch1": 0.7847794474066893, "ENV_Test_accuracy_strategy_107_epoch1": 0.8538587848932676, "ENV_Test_accuracy_strategy_43_epoch1": 0.80470737913486, "ENV_Test_accuracy_strategy_17_epoch1": 0.7450090744101633, "ENV_Test_accuracy_strategy_93_epoch1": 0.8086876155268022, "ENV_Test_accuracy_per_mean_strategy_epoch1": 0.8052672013145606, "ENV_Test_accuracy_per_mean_user_epoch1": 0.8038878041369789, "ENV_Test_accuracy_per_mean_user_and_bot_epoch1": 0.8347623285632672, "ENV_Train_TotalLoss_epoch2": 932.6745196912001, "ENV_Train_Right action_epoch2": 0.8104976237070171, "ENV_Train_Probability to choose the right action_epoch2": 0.7370079244238977, "ENV_Train_Weighted right action_epoch2": 0.8104976237070171, "ENV_Train_Weighted probability to choose the right action:_epoch2": 0.7370079244238977, "ENV_Test_TotalLoss_epoch2": 229.73377476225764, "ENV_Test_Right action_epoch2": 0.784896, "ENV_Test_Probability to choose the right action_epoch2": 0.7452789126626211, "ENV_Test_Weighted right action_epoch2": 0.830758855863317, "ENV_Test_Weighted probability to choose the right action:_epoch2": 0.787455843811316, "ENV_Test_proba_accuracy_epoch2": 0.745278912662621, "ENV_Test_proba_accuracy_strategy_132_epoch2": 0.7921867373852135, "ENV_Test_proba_accuracy_strategy_23_epoch2": 0.7441247108686014, "ENV_Test_proba_accuracy_strategy_107_epoch2": 0.8097389593230903, "ENV_Test_proba_accuracy_strategy_43_epoch2": 0.7521754388882318, "ENV_Test_proba_accuracy_strategy_17_epoch2": 0.713663109704054, "ENV_Test_proba_accuracy_strategy_93_epoch2": 0.7578630125390429, "ENV_Test_proba_accuracy_per_mean_strategy_epoch2": 0.7616253281180391, "ENV_Test_proba_accuracy_per_mean_user_epoch2": 0.7612936913517447, "ENV_Test_proba_accuracy_per_mean_user_and_bot_epoch2": 0.7874558438113162, "ENV_Test_accuracy_epoch2": 0.784896, "ENV_Test_accuracy_strategy_132_epoch2": 0.8390934844192635, "ENV_Test_accuracy_strategy_23_epoch2": 0.7855873323638713, "ENV_Test_accuracy_strategy_107_epoch2": 0.8522167487684729, "ENV_Test_accuracy_strategy_43_epoch2": 0.7868956743002544, "ENV_Test_accuracy_strategy_17_epoch2": 0.7484119782214156, "ENV_Test_accuracy_strategy_93_epoch2": 0.800369685767098, "ENV_Test_accuracy_per_mean_strategy_epoch2": 0.8020958173067293, "ENV_Test_accuracy_per_mean_user_epoch2": 0.8023440635587059, "ENV_Test_accuracy_per_mean_user_and_bot_epoch2": 0.8307588558633168, "ENV_Train_TotalLoss_epoch3": 893.218411063942, "ENV_Train_Right action_epoch3": 0.8200027956388035, "ENV_Train_Probability to choose the right action_epoch3": 0.7493750872508921, "ENV_Train_Weighted right action_epoch3": 0.8200027956388035, "ENV_Train_Weighted probability to choose the right action:_epoch3": 0.7493750872508921, "ENV_Test_TotalLoss_epoch3": 208.97111842823344, "ENV_Test_Right action_epoch3": 0.80736, "ENV_Test_Probability to choose the right action_epoch3": 0.7587596074212073, "ENV_Test_Weighted right action_epoch3": 0.8478420157776918, "ENV_Test_Weighted probability to choose the right action:_epoch3": 0.8025545701766883, "ENV_Test_proba_accuracy_epoch3": 0.7587596074212074, "ENV_Test_proba_accuracy_strategy_132_epoch3": 0.8050248682452169, "ENV_Test_proba_accuracy_strategy_23_epoch3": 0.7583465188701106, "ENV_Test_proba_accuracy_strategy_107_epoch3": 0.8282811075449259, "ENV_Test_proba_accuracy_strategy_43_epoch3": 0.7684744784873984, "ENV_Test_proba_accuracy_strategy_17_epoch3": 0.7255092971399641, "ENV_Test_proba_accuracy_strategy_93_epoch3": 0.7678681254588068, "ENV_Test_proba_accuracy_per_mean_strategy_epoch3": 0.7755840659577372, "ENV_Test_proba_accuracy_per_mean_user_epoch3": 0.7742429888150022, "ENV_Test_proba_accuracy_per_mean_user_and_bot_epoch3": 0.8025545701766892, "ENV_Test_accuracy_epoch3": 0.80736, "ENV_Test_accuracy_strategy_132_epoch3": 0.8436260623229461, "ENV_Test_accuracy_strategy_23_epoch3": 0.8107933430279528, "ENV_Test_accuracy_strategy_107_epoch3": 0.8735632183908046, "ENV_Test_accuracy_strategy_43_epoch3": 0.8034351145038168, "ENV_Test_accuracy_strategy_17_epoch3": 0.7749546279491834, "ENV_Test_accuracy_strategy_93_epoch3": 0.8290203327171903, "ENV_Test_accuracy_per_mean_strategy_epoch3": 0.8225654498186491, "ENV_Test_accuracy_per_mean_user_epoch3": 0.8215745095382485, "ENV_Test_accuracy_per_mean_user_and_bot_epoch3": 0.8478420157776928, "ENV_Train_TotalLoss_epoch4": 859.3916921650255, "ENV_Train_Right action_epoch4": 0.82852071336725, "ENV_Train_Probability to choose the right action_epoch4": 0.7601784916113979, "ENV_Train_Weighted right action_epoch4": 0.82852071336725, "ENV_Train_Weighted probability to choose the right action:_epoch4": 0.7601784916113979, "ENV_Test_TotalLoss_epoch4": 209.11022916639618, "ENV_Test_Right action_epoch4": 0.813952, "ENV_Test_Probability to choose the right action_epoch4": 0.7670378697931566, "ENV_Test_Weighted right action_epoch4": 0.8481513922654843, "ENV_Test_Weighted probability to choose the right action:_epoch4": 0.8074723133419079, "ENV_Test_proba_accuracy_epoch4": 0.7670378697931569, "ENV_Test_proba_accuracy_strategy_132_epoch4": 0.8056449919992283, "ENV_Test_proba_accuracy_strategy_23_epoch4": 0.7700422140623129, "ENV_Test_proba_accuracy_strategy_107_epoch4": 0.837064961183166, "ENV_Test_proba_accuracy_strategy_43_epoch4": 0.7736952799421186, "ENV_Test_proba_accuracy_strategy_17_epoch4": 0.7331708282189436, "ENV_Test_proba_accuracy_strategy_93_epoch4": 0.7757610809511276, "ENV_Test_proba_accuracy_per_mean_strategy_epoch4": 0.7825632260594829, "ENV_Test_proba_accuracy_per_mean_user_epoch4": 0.7801232484158025, "ENV_Test_proba_accuracy_per_mean_user_and_bot_epoch4": 0.8074723133419086, "ENV_Test_accuracy_epoch4": 0.813952, "ENV_Test_accuracy_strategy_132_epoch4": 0.8396600566572238, "ENV_Test_accuracy_strategy_23_epoch4": 0.820487962514138, "ENV_Test_accuracy_strategy_107_epoch4": 0.8801313628899836, "ENV_Test_accuracy_strategy_43_epoch4": 0.8015267175572519, "ENV_Test_accuracy_strategy_17_epoch4": 0.787431941923775, "ENV_Test_accuracy_strategy_93_epoch4": 0.8234750462107209, "ENV_Test_accuracy_per_mean_strategy_epoch4": 0.8254521812921821, "ENV_Test_accuracy_per_mean_user_epoch4": 0.8253415119093014, "ENV_Test_accuracy_per_mean_user_and_bot_epoch4": 0.8481513922654863, "ENV_Train_TotalLoss_epoch5": 836.429532021038, "ENV_Train_Right action_epoch5": 0.8342068117339595, "ENV_Train_Probability to choose the right action_epoch5": 0.7682476546635676, "ENV_Train_Weighted right action_epoch5": 0.8342068117339595, "ENV_Train_Weighted probability to choose the right action:_epoch5": 0.7682476546635676, "ENV_Test_TotalLoss_epoch5": 216.88968843399934, "ENV_Test_Right action_epoch5": 0.8176, "ENV_Test_Probability to choose the right action_epoch5": 0.7705000429537888, "ENV_Test_Weighted right action_epoch5": 0.8504095543630129, "ENV_Test_Weighted probability to choose the right action:_epoch5": 0.8086498762120592, "ENV_Test_proba_accuracy_epoch5": 0.7705000429537892, "ENV_Test_proba_accuracy_strategy_132_epoch5": 0.8123666486538306, "ENV_Test_proba_accuracy_strategy_23_epoch5": 0.7726031621951288, "ENV_Test_proba_accuracy_strategy_107_epoch5": 0.8330392322329452, "ENV_Test_proba_accuracy_strategy_43_epoch5": 0.7721322116607637, "ENV_Test_proba_accuracy_strategy_17_epoch5": 0.739042215748947, "ENV_Test_proba_accuracy_strategy_93_epoch5": 0.7807617830603967, "ENV_Test_proba_accuracy_per_mean_strategy_epoch5": 0.784990875592002, "ENV_Test_proba_accuracy_per_mean_user_epoch5": 0.7839649478417715, "ENV_Test_proba_accuracy_per_mean_user_and_bot_epoch5": 0.8086498762120582, "ENV_Test_accuracy_epoch5": 0.8176, "ENV_Test_accuracy_strategy_132_epoch5": 0.8498583569405099, "ENV_Test_accuracy_strategy_23_epoch5": 0.8222653094199386, "ENV_Test_accuracy_strategy_107_epoch5": 0.8768472906403941, "ENV_Test_accuracy_strategy_43_epoch5": 0.8040712468193384, "ENV_Test_accuracy_strategy_17_epoch5": 0.7915154264972777, "ENV_Test_accuracy_strategy_93_epoch5": 0.8308687615526802, "ENV_Test_accuracy_per_mean_strategy_epoch5": 0.8292377319783565, "ENV_Test_accuracy_per_mean_user_epoch5": 0.8286535222430714, "ENV_Test_accuracy_per_mean_user_and_bot_epoch5": 0.8504095543630134, "ENV_Train_TotalLoss_epoch6": 810.6449145191982, "ENV_Train_Right action_epoch6": 0.8407004206436827, "ENV_Train_Probability to choose the right action_epoch6": 0.7756924018626982, "ENV_Train_Weighted right action_epoch6": 0.8407004206436827, "ENV_Train_Weighted probability to choose the right action:_epoch6": 0.7756924018626982, "ENV_Test_TotalLoss_epoch6": 210.91707238035323, "ENV_Test_Right action_epoch6": 0.815232, "ENV_Test_Probability to choose the right action_epoch6": 0.7756256413620923, "ENV_Test_Weighted right action_epoch6": 0.8499818141543038, "ENV_Test_Weighted probability to choose the right action:_epoch6": 0.8130795457244243, "ENV_Test_proba_accuracy_epoch6": 0.7756256413620913, "ENV_Test_proba_accuracy_strategy_132_epoch6": 0.8118329163080634, "ENV_Test_proba_accuracy_strategy_23_epoch6": 0.7799722234137735, "ENV_Test_proba_accuracy_strategy_107_epoch6": 0.8419401570351058, "ENV_Test_proba_accuracy_strategy_43_epoch6": 0.7761605649293334, "ENV_Test_proba_accuracy_strategy_17_epoch6": 0.7437274742508182, "ENV_Test_proba_accuracy_strategy_93_epoch6": 0.7835497117284674, "ENV_Test_proba_accuracy_per_mean_strategy_epoch6": 0.7895305079442602, "ENV_Test_proba_accuracy_per_mean_user_epoch6": 0.7875837754586302, "ENV_Test_proba_accuracy_per_mean_user_and_bot_epoch6": 0.8130795457244254, "ENV_Test_accuracy_epoch6": 0.815232, "ENV_Test_accuracy_strategy_132_epoch6": 0.8447592067988668, "ENV_Test_accuracy_strategy_23_epoch6": 0.8187106156083374, "ENV_Test_accuracy_strategy_107_epoch6": 0.8916256157635468, "ENV_Test_accuracy_strategy_43_epoch6": 0.8027989821882952, "ENV_Test_accuracy_strategy_17_epoch6": 0.7906079854809437, "ENV_Test_accuracy_strategy_93_epoch6": 0.822550831792976, "ENV_Test_accuracy_per_mean_strategy_epoch6": 0.8285088729388277, "ENV_Test_accuracy_per_mean_user_epoch6": 0.825810018410881, "ENV_Test_accuracy_per_mean_user_and_bot_epoch6": 0.8499818141543046, "ENV_Train_TotalLoss_epoch7": 791.3344661981888, "ENV_Train_Right action_epoch7": 0.8454291305563322, "ENV_Train_Probability to choose the right action_epoch7": 0.7815001473530048, "ENV_Train_Weighted right action_epoch7": 0.8454291305563322, "ENV_Train_Weighted probability to choose the right action:_epoch7": 0.7815001473530048, "ENV_Test_TotalLoss_epoch7": 204.55047144110907, "ENV_Test_Right action_epoch7": 0.823808, "ENV_Test_Probability to choose the right action_epoch7": 0.7772487309918532, "ENV_Test_Weighted right action_epoch7": 0.8579706354640223, "ENV_Test_Weighted probability to choose the right action:_epoch7": 0.8106441023166217, "ENV_Test_proba_accuracy_epoch7": 0.7772487309918525, "ENV_Test_proba_accuracy_strategy_132_epoch7": 0.809960457503669, "ENV_Test_proba_accuracy_strategy_23_epoch7": 0.7829489755361443, "ENV_Test_proba_accuracy_strategy_107_epoch7": 0.8314598642276382, "ENV_Test_proba_accuracy_strategy_43_epoch7": 0.770062826325519, "ENV_Test_proba_accuracy_strategy_17_epoch7": 0.7496769955741728, "ENV_Test_proba_accuracy_strategy_93_epoch7": 0.7835360331527018, "ENV_Test_proba_accuracy_per_mean_strategy_epoch7": 0.7879408587199741, "ENV_Test_proba_accuracy_per_mean_user_epoch7": 0.7884597746479087, "ENV_Test_proba_accuracy_per_mean_user_and_bot_epoch7": 0.8106441023166225, "ENV_Test_accuracy_epoch7": 0.823808, "ENV_Test_accuracy_strategy_132_epoch7": 0.8475920679886686, "ENV_Test_accuracy_strategy_23_epoch7": 0.8298594280174503, "ENV_Test_accuracy_strategy_107_epoch7": 0.8866995073891626, "ENV_Test_accuracy_strategy_43_epoch7": 0.8091603053435115, "ENV_Test_accuracy_strategy_17_epoch7": 0.7987749546279492, "ENV_Test_accuracy_strategy_93_epoch7": 0.8382624768946395, "ENV_Test_accuracy_per_mean_strategy_epoch7": 0.8350581233768969, "ENV_Test_accuracy_per_mean_user_epoch7": 0.836470159135185, "ENV_Test_accuracy_per_mean_user_and_bot_epoch7": 0.8579706354640231, "ENV_Train_TotalLoss_epoch8": 770.1684887793672, "ENV_Train_Right action_epoch8": 0.8505798518932514, "ENV_Train_Probability to choose the right action_epoch8": 0.7879036674833609, "ENV_Train_Weighted right action_epoch8": 0.8505798518932514, "ENV_Train_Weighted probability to choose the right action:_epoch8": 0.7879036674833609, "ENV_Test_TotalLoss_epoch8": 206.4817192247854, "ENV_Test_Right action_epoch8": 0.826432, "ENV_Test_Probability to choose the right action_epoch8": 0.7830792398345594, "ENV_Test_Weighted right action_epoch8": 0.8594161109859765, "ENV_Test_Weighted probability to choose the right action:_epoch8": 0.818137468679961, "ENV_Test_proba_accuracy_epoch8": 0.7830792398345587, "ENV_Test_proba_accuracy_strategy_132_epoch8": 0.8174675807394814, "ENV_Test_proba_accuracy_strategy_23_epoch8": 0.7877750634348547, "ENV_Test_proba_accuracy_strategy_107_epoch8": 0.8418360671646469, "ENV_Test_proba_accuracy_strategy_43_epoch8": 0.7808138706231121, "ENV_Test_proba_accuracy_strategy_17_epoch8": 0.7539463974057516, "ENV_Test_proba_accuracy_strategy_93_epoch8": 0.7890292842182269, "ENV_Test_proba_accuracy_per_mean_strategy_epoch8": 0.795144710597679, "ENV_Test_proba_accuracy_per_mean_user_epoch8": 0.7946308417963691, "ENV_Test_proba_accuracy_per_mean_user_and_bot_epoch8": 0.8181374686799617, "ENV_Test_accuracy_epoch8": 0.826432, "ENV_Test_accuracy_strategy_132_epoch8": 0.8543909348441926, "ENV_Test_accuracy_strategy_23_epoch8": 0.8334141218290515, "ENV_Test_accuracy_strategy_107_epoch8": 0.8817733990147784, "ENV_Test_accuracy_strategy_43_epoch8": 0.8174300254452926, "ENV_Test_accuracy_strategy_17_epoch8": 0.8003629764065335, "ENV_Test_accuracy_strategy_93_epoch8": 0.8290203327171903, "ENV_Test_accuracy_per_mean_strategy_epoch8": 0.8360652983761732, "ENV_Test_accuracy_per_mean_user_epoch8": 0.8369947202590845, "ENV_Test_accuracy_per_mean_user_and_bot_epoch8": 0.8594161109859761, "ENV_Train_TotalLoss_epoch9": 750.197231388451, "ENV_Train_Right action_epoch9": 0.8545289348616159, "ENV_Train_Probability to choose the right action_epoch9": 0.793764712115146, "ENV_Train_Weighted right action_epoch9": 0.8545289348616159, "ENV_Train_Weighted probability to choose the right action:_epoch9": 0.793764712115146, "ENV_Test_TotalLoss_epoch9": 209.70557559076533, "ENV_Test_Right action_epoch9": 0.822912, "ENV_Test_Probability to choose the right action_epoch9": 0.7855993116515482, "ENV_Test_Weighted right action_epoch9": 0.8575518297401902, "ENV_Test_Weighted probability to choose the right action:_epoch9": 0.8202455816089642, "ENV_Test_proba_accuracy_epoch9": 0.7855993116515494, "ENV_Test_proba_accuracy_strategy_132_epoch9": 0.8188997296616675, "ENV_Test_proba_accuracy_strategy_23_epoch9": 0.7900145749760353, "ENV_Test_proba_accuracy_strategy_107_epoch9": 0.8404808352803391, "ENV_Test_proba_accuracy_strategy_43_epoch9": 0.7826371406220248, "ENV_Test_proba_accuracy_strategy_17_epoch9": 0.7582940177975289, "ENV_Test_proba_accuracy_strategy_93_epoch9": 0.7906770545109773, "ENV_Test_proba_accuracy_per_mean_strategy_epoch9": 0.7968338921414287, "ENV_Test_proba_accuracy_per_mean_user_epoch9": 0.7979809561547356, "ENV_Test_proba_accuracy_per_mean_user_and_bot_epoch9": 0.8202455816089638, "ENV_Test_accuracy_epoch9": 0.822912, "ENV_Test_accuracy_strategy_132_epoch9": 0.8521246458923513, "ENV_Test_accuracy_strategy_23_epoch9": 0.8279205041202132, "ENV_Test_accuracy_strategy_107_epoch9": 0.8719211822660099, "ENV_Test_accuracy_strategy_43_epoch9": 0.8123409669211196, "ENV_Test_accuracy_strategy_17_epoch9": 0.8001361161524501, "ENV_Test_accuracy_strategy_93_epoch9": 0.8271719038817006, "ENV_Test_accuracy_per_mean_strategy_epoch9": 0.831935886538974, "ENV_Test_accuracy_per_mean_user_epoch9": 0.8360743661533769, "ENV_Test_accuracy_per_mean_user_and_bot_epoch9": 0.8575518297401902, "ENV_Train_TotalLoss_epoch10": 734.9269707780201, "ENV_Train_Right action_epoch10": 0.8569890970086664, "ENV_Train_Probability to choose the right action_epoch10": 0.7982990631096989, "ENV_Train_Weighted right action_epoch10": 0.8569890970086664, "ENV_Train_Weighted probability to choose the right action:_epoch10": 0.7982990631096989, "ENV_Test_TotalLoss_epoch10": 214.67656604368727, "ENV_Test_Right action_epoch10": 0.822528, "ENV_Test_Probability to choose the right action_epoch10": 0.786505814661823, "ENV_Test_Weighted right action_epoch10": 0.8547751461468011, "ENV_Test_Weighted probability to choose the right action:_epoch10": 0.8199472339623698, "ENV_Test_proba_accuracy_epoch10": 0.7865058146618237, "ENV_Test_proba_accuracy_strategy_132_epoch10": 0.818417080881771, "ENV_Test_proba_accuracy_strategy_23_epoch10": 0.7911115808034928, "ENV_Test_proba_accuracy_strategy_107_epoch10": 0.8441256438631558, "ENV_Test_proba_accuracy_strategy_43_epoch10": 0.78176493558972, "ENV_Test_proba_accuracy_strategy_17_epoch10": 0.7598312109470114, "ENV_Test_proba_accuracy_strategy_93_epoch10": 0.7912335111161966, "ENV_Test_proba_accuracy_per_mean_strategy_epoch10": 0.7977473272002246, "ENV_Test_proba_accuracy_per_mean_user_epoch10": 0.7982179456135827, "ENV_Test_proba_accuracy_per_mean_user_and_bot_epoch10": 0.8199472339623712, "ENV_Test_accuracy_epoch10": 0.822528, "ENV_Test_accuracy_strategy_132_epoch10": 0.8509915014164305, "ENV_Test_accuracy_strategy_23_epoch10": 0.8237195023428664, "ENV_Test_accuracy_strategy_107_epoch10": 0.8784893267651889, "ENV_Test_accuracy_strategy_43_epoch10": 0.8104325699745547, "ENV_Test_accuracy_strategy_17_epoch10": 0.8035390199637024, "ENV_Test_accuracy_strategy_93_epoch10": 0.83271719038817, "ENV_Test_accuracy_per_mean_strategy_epoch10": 0.8333148518084855, "ENV_Test_accuracy_per_mean_user_epoch10": 0.8333145884156796, "ENV_Test_accuracy_per_mean_user_and_bot_epoch10": 0.8547751461468016, "ENV_Train_TotalLoss_epoch11": 716.9665715198006, "ENV_Train_Right action_epoch11": 0.8621769335066605, "ENV_Train_Probability to choose the right action_epoch11": 0.8040506785497129, "ENV_Train_Weighted right action_epoch11": 0.8621769335066605, "ENV_Train_Weighted probability to choose the right action:_epoch11": 0.8040506785497129, "ENV_Test_TotalLoss_epoch11": 212.82848085478176, "ENV_Test_Right action_epoch11": 0.823296, "ENV_Test_Probability to choose the right action_epoch11": 0.7881357670543846, "ENV_Test_Weighted right action_epoch11": 0.8563271533034761, "ENV_Test_Weighted probability to choose the right action:_epoch11": 0.820579221559821, "ENV_Test_proba_accuracy_epoch11": 0.7881357670543842, "ENV_Test_proba_accuracy_strategy_132_epoch11": 0.8202061582688079, "ENV_Test_proba_accuracy_strategy_23_epoch11": 0.7930302386413514, "ENV_Test_proba_accuracy_strategy_107_epoch11": 0.8405096119998527, "ENV_Test_proba_accuracy_strategy_43_epoch11": 0.78646419802412, "ENV_Test_proba_accuracy_strategy_17_epoch11": 0.7613498793511887, "ENV_Test_proba_accuracy_strategy_93_epoch11": 0.7898992631673887, "ENV_Test_proba_accuracy_per_mean_strategy_epoch11": 0.7985765582421182, "ENV_Test_proba_accuracy_per_mean_user_epoch11": 0.7990926168498038, "ENV_Test_proba_accuracy_per_mean_user_and_bot_epoch11": 0.8205792215598218, "ENV_Test_accuracy_epoch11": 0.823296, "ENV_Test_accuracy_strategy_132_epoch11": 0.853257790368272, "ENV_Test_accuracy_strategy_23_epoch11": 0.8275973501373405, "ENV_Test_accuracy_strategy_107_epoch11": 0.8752052545155994, "ENV_Test_accuracy_strategy_43_epoch11": 0.8142493638676844, "ENV_Test_accuracy_strategy_17_epoch11": 0.7996823956442831, "ENV_Test_accuracy_strategy_93_epoch11": 0.8299445471349353, "ENV_Test_accuracy_per_mean_strategy_epoch11": 0.8333227836113526, "ENV_Test_accuracy_per_mean_user_epoch11": 0.8337618156204119, "ENV_Test_accuracy_per_mean_user_and_bot_epoch11": 0.8563271533034761, "ENV_Train_TotalLoss_epoch12": 703.3059120871416, "ENV_Train_Right action_epoch12": 0.8645521866703926, "ENV_Train_Probability to choose the right action_epoch12": 0.8082588309020056, "ENV_Train_Weighted right action_epoch12": 0.8645521866703926, "ENV_Train_Weighted probability to choose the right action:_epoch12": 0.8082588309020056, "ENV_Test_TotalLoss_epoch12": 216.96721565805592, "ENV_Test_Right action_epoch12": 0.823744, "ENV_Test_Probability to choose the right action_epoch12": 0.7858618349588163, "ENV_Test_Weighted right action_epoch12": 0.8536036841782865, "ENV_Test_Weighted probability to choose the right action:_epoch12": 0.8164051843217022, "ENV_Test_proba_accuracy_epoch12": 0.7858618349588172, "ENV_Test_proba_accuracy_strategy_132_epoch12": 0.8153489012226149, "ENV_Test_proba_accuracy_strategy_23_epoch12": 0.7915813767365665, "ENV_Test_proba_accuracy_strategy_107_epoch12": 0.8445098931769954, "ENV_Test_proba_accuracy_strategy_43_epoch12": 0.7788301031020446, "ENV_Test_proba_accuracy_strategy_17_epoch12": 0.7601684751025021, "ENV_Test_proba_accuracy_strategy_93_epoch12": 0.7869252631034745, "ENV_Test_proba_accuracy_per_mean_strategy_epoch12": 0.7962273354073663, "ENV_Test_proba_accuracy_per_mean_user_epoch12": 0.7963719851255893, "ENV_Test_proba_accuracy_per_mean_user_and_bot_epoch12": 0.8164051843217021, "ENV_Test_accuracy_epoch12": 0.823744, "ENV_Test_accuracy_strategy_132_epoch12": 0.8526912181303116, "ENV_Test_accuracy_strategy_23_epoch12": 0.8261431572144127, "ENV_Test_accuracy_strategy_107_epoch12": 0.8834154351395731, "ENV_Test_accuracy_strategy_43_epoch12": 0.8078880407124682, "ENV_Test_accuracy_strategy_17_epoch12": 0.8051270417422868, "ENV_Test_accuracy_strategy_93_epoch12": 0.8280961182994455, "ENV_Test_accuracy_per_mean_strategy_epoch12": 0.8338935018730829, "ENV_Test_accuracy_per_mean_user_epoch12": 0.8340853630528848, "ENV_Test_accuracy_per_mean_user_and_bot_epoch12": 0.8536036841782867, "ENV_Train_TotalLoss_epoch13": 685.9450887586119, "ENV_Train_Right action_epoch13": 0.867995192710808, "ENV_Train_Probability to choose the right action_epoch13": 0.8123421519848462, "ENV_Train_Weighted right action_epoch13": 0.867995192710808, "ENV_Train_Weighted probability to choose the right action:_epoch13": 0.8123421519848462, "ENV_Test_TotalLoss_epoch13": 217.96015376016635, "ENV_Test_Right action_epoch13": 0.82432, "ENV_Test_Probability to choose the right action_epoch13": 0.7859573121007191, "ENV_Test_Weighted right action_epoch13": 0.8532646742819443, "ENV_Test_Weighted probability to choose the right action:_epoch13": 0.8151052509731649, "ENV_Test_proba_accuracy_epoch13": 0.7859573121007188, "ENV_Test_proba_accuracy_strategy_132_epoch13": 0.814685257400518, "ENV_Test_proba_accuracy_strategy_23_epoch13": 0.7912975703544695, "ENV_Test_proba_accuracy_strategy_107_epoch13": 0.8422785447592518, "ENV_Test_proba_accuracy_strategy_43_epoch13": 0.7798248789286638, "ENV_Test_proba_accuracy_strategy_17_epoch13": 0.7620362257773182, "ENV_Test_proba_accuracy_strategy_93_epoch13": 0.7832114904596523, "ENV_Test_proba_accuracy_per_mean_strategy_epoch13": 0.795555661279979, "ENV_Test_proba_accuracy_per_mean_user_epoch13": 0.7958966274638151, "ENV_Test_proba_accuracy_per_mean_user_and_bot_epoch13": 0.815105250973165, "ENV_Test_accuracy_epoch13": 0.82432, "ENV_Test_accuracy_strategy_132_epoch13": 0.8470254957507082, "ENV_Test_accuracy_strategy_23_epoch13": 0.8280820811116497, "ENV_Test_accuracy_strategy_107_epoch13": 0.8768472906403941, "ENV_Test_accuracy_strategy_43_epoch13": 0.8110687022900763, "ENV_Test_accuracy_strategy_17_epoch13": 0.8064882032667876, "ENV_Test_accuracy_strategy_93_epoch13": 0.8280961182994455, "ENV_Test_accuracy_per_mean_strategy_epoch13": 0.8329346485598436, "ENV_Test_accuracy_per_mean_user_epoch13": 0.833749866119887, "ENV_Test_accuracy_per_mean_user_and_bot_epoch13": 0.8532646742819447, "ENV_Train_TotalLoss_epoch14": 674.550609317737, "ENV_Train_Right action_epoch14": 0.8708838821490468, "ENV_Train_Probability to choose the right action_epoch14": 0.816351474187759, "ENV_Train_Weighted right action_epoch14": 0.8708838821490468, "ENV_Train_Weighted probability to choose the right action:_epoch14": 0.816351474187759, "ENV_Test_TotalLoss_epoch14": 215.5133999072922, "ENV_Test_Right action_epoch14": 0.821888, "ENV_Test_Probability to choose the right action_epoch14": 0.7885041560739088, "ENV_Test_Weighted right action_epoch14": 0.85040938456834, "ENV_Test_Weighted probability to choose the right action:_epoch14": 0.817062400644268, "ENV_Test_proba_accuracy_epoch14": 0.7885041560739091, "ENV_Test_proba_accuracy_strategy_132_epoch14": 0.816306897205628, "ENV_Test_proba_accuracy_strategy_23_epoch14": 0.7944005703943562, "ENV_Test_proba_accuracy_strategy_107_epoch14": 0.8425429843494695, "ENV_Test_proba_accuracy_strategy_43_epoch14": 0.7810570863859515, "ENV_Test_proba_accuracy_strategy_17_epoch14": 0.7652676764815873, "ENV_Test_proba_accuracy_strategy_93_epoch14": 0.7844919590737938, "ENV_Test_proba_accuracy_per_mean_strategy_epoch14": 0.7973445289817978, "ENV_Test_proba_accuracy_per_mean_user_epoch14": 0.7976332037502477, "ENV_Test_proba_accuracy_per_mean_user_and_bot_epoch14": 0.8170624006442677, "ENV_Test_accuracy_epoch14": 0.821888, "ENV_Test_accuracy_strategy_132_epoch14": 0.8498583569405099, "ENV_Test_accuracy_strategy_23_epoch14": 0.827435773145904, "ENV_Test_accuracy_strategy_107_epoch14": 0.8784893267651889, "ENV_Test_accuracy_strategy_43_epoch14": 0.8059796437659033, "ENV_Test_accuracy_strategy_17_epoch14": 0.8012704174228675, "ENV_Test_accuracy_strategy_93_epoch14": 0.8197781885397413, "ENV_Test_accuracy_per_mean_strategy_epoch14": 0.8304686177633527, "ENV_Test_accuracy_per_mean_user_epoch14": 0.8303562628853985, "ENV_Test_accuracy_per_mean_user_and_bot_epoch14": 0.8504093845683401, "ENV_Train_TotalLoss_epoch15": 656.4032063725587, "ENV_Train_Right action_epoch15": 0.8742662268686756, "ENV_Train_Probability to choose the right action_epoch15": 0.8211262233085548, "ENV_Train_Weighted right action_epoch15": 0.8742662268686756, "ENV_Train_Weighted probability to choose the right action:_epoch15": 0.8211262233085548, "ENV_Test_TotalLoss_epoch15": 220.53821451931108, "ENV_Test_Right action_epoch15": 0.82368, "ENV_Test_Probability to choose the right action_epoch15": 0.7898275776534043, "ENV_Test_Weighted right action_epoch15": 0.8540986978345249, "ENV_Test_Weighted probability to choose the right action:_epoch15": 0.8213302721853627, "ENV_Test_proba_accuracy_epoch15": 0.7898275776534046, "ENV_Test_proba_accuracy_strategy_132_epoch15": 0.8233941889829625, "ENV_Test_proba_accuracy_strategy_23_epoch15": 0.7937938177024128, "ENV_Test_proba_accuracy_strategy_107_epoch15": 0.8427204534518233, "ENV_Test_proba_accuracy_strategy_43_epoch15": 0.7888688763996555, "ENV_Test_proba_accuracy_strategy_17_epoch15": 0.7646814190016243, "ENV_Test_proba_accuracy_strategy_93_epoch15": 0.7864518435376208, "ENV_Test_proba_accuracy_per_mean_strategy_epoch15": 0.7999850998460164, "ENV_Test_proba_accuracy_per_mean_user_epoch15": 0.7995976603523003, "ENV_Test_proba_accuracy_per_mean_user_and_bot_epoch15": 0.8213302721853625, "ENV_Test_accuracy_epoch15": 0.82368, "ENV_Test_accuracy_strategy_132_epoch15": 0.854957507082153, "ENV_Test_accuracy_strategy_23_epoch15": 0.826304734205849, "ENV_Test_accuracy_strategy_107_epoch15": 0.8768472906403941, "ENV_Test_accuracy_strategy_43_epoch15": 0.8193384223918575, "ENV_Test_accuracy_strategy_17_epoch15": 0.802858439201452, "ENV_Test_accuracy_strategy_93_epoch15": 0.8188539741219963, "ENV_Test_accuracy_per_mean_strategy_epoch15": 0.8331933946072837, "ENV_Test_accuracy_per_mean_user_epoch15": 0.8314671683015828, "ENV_Test_accuracy_per_mean_user_and_bot_epoch15": 0.8540986978345251, "ENV_Train_TotalLoss_epoch16": 650.5206417142682, "ENV_Train_Right action_epoch16": 0.876633632920062, "ENV_Train_Probability to choose the right action_epoch16": 0.8236567019292024, "ENV_Train_Weighted right action_epoch16": 0.876633632920062, "ENV_Train_Weighted probability to choose the right action:_epoch16": 0.8236567019292024, "ENV_Test_TotalLoss_epoch16": 230.39566511312742, "ENV_Test_Right action_epoch16": 0.823552, "ENV_Test_Probability to choose the right action_epoch16": 0.7952678597801409, "ENV_Test_Weighted right action_epoch16": 0.849850400818154, "ENV_Test_Weighted probability to choose the right action:_epoch16": 0.8247970467715608, "ENV_Test_proba_accuracy_epoch16": 0.7952678597801414, "ENV_Test_proba_accuracy_strategy_132_epoch16": 0.8267885571353207, "ENV_Test_proba_accuracy_strategy_23_epoch16": 0.800867406405673, "ENV_Test_proba_accuracy_strategy_107_epoch16": 0.8487544438360398, "ENV_Test_proba_accuracy_strategy_43_epoch16": 0.7880730230159424, "ENV_Test_proba_accuracy_strategy_17_epoch16": 0.7705810629344089, "ENV_Test_proba_accuracy_strategy_93_epoch16": 0.7927417315934124, "ENV_Test_proba_accuracy_per_mean_strategy_epoch16": 0.8046343708201329, "ENV_Test_proba_accuracy_per_mean_user_epoch16": 0.8041616410211482, "ENV_Test_proba_accuracy_per_mean_user_and_bot_epoch16": 0.8247970467715613, "ENV_Test_accuracy_epoch16": 0.823552, "ENV_Test_accuracy_strategy_132_epoch16": 0.8521246458923513, "ENV_Test_accuracy_strategy_23_epoch16": 0.8306673129746324, "ENV_Test_accuracy_strategy_107_epoch16": 0.8784893267651889, "ENV_Test_accuracy_strategy_43_epoch16": 0.811704834605598, "ENV_Test_accuracy_strategy_17_epoch16": 0.8010435571687841, "ENV_Test_accuracy_strategy_93_epoch16": 0.8142329020332717, "ENV_Test_accuracy_per_mean_strategy_epoch16": 0.8313770965733044, "ENV_Test_accuracy_per_mean_user_epoch16": 0.8293277269757245, "ENV_Test_accuracy_per_mean_user_and_bot_epoch16": 0.8498504008181542, "ENV_Train_TotalLoss_epoch17": 635.5298313955991, "ENV_Train_Right action_epoch17": 0.8805406841023777, "ENV_Train_Probability to choose the right action_epoch17": 0.8279483449973081, "ENV_Train_Weighted right action_epoch17": 0.8805406841023777, "ENV_Train_Weighted probability to choose the right action:_epoch17": 0.8279483449973081, "ENV_Test_TotalLoss_epoch17": 229.64475501643926, "ENV_Test_Right action_epoch17": 0.825408, "ENV_Test_Probability to choose the right action_epoch17": 0.7937603916949637, "ENV_Test_Weighted right action_epoch17": 0.8543849761362272, "ENV_Test_Weighted probability to choose the right action:_epoch17": 0.8240178160540005, "ENV_Test_proba_accuracy_epoch17": 0.7937603916949629, "ENV_Test_proba_accuracy_strategy_132_epoch17": 0.8215651455418637, "ENV_Test_proba_accuracy_strategy_23_epoch17": 0.7973703256666566, "ENV_Test_proba_accuracy_strategy_107_epoch17": 0.848209563163387, "ENV_Test_proba_accuracy_strategy_43_epoch17": 0.7914845717529768, "ENV_Test_proba_accuracy_strategy_17_epoch17": 0.771143724650659, "ENV_Test_proba_accuracy_strategy_93_epoch17": 0.7925543288162505, "ENV_Test_proba_accuracy_per_mean_strategy_epoch17": 0.8037212765986324, "ENV_Test_proba_accuracy_per_mean_user_epoch17": 0.8035861727908857, "ENV_Test_proba_accuracy_per_mean_user_and_bot_epoch17": 0.8240178160539996, "ENV_Test_accuracy_epoch17": 0.825408, "ENV_Test_accuracy_strategy_132_epoch17": 0.8475920679886686, "ENV_Test_accuracy_strategy_23_epoch17": 0.828566812085959, "ENV_Test_accuracy_strategy_107_epoch17": 0.8817733990147784, "ENV_Test_accuracy_strategy_43_epoch17": 0.8193384223918575, "ENV_Test_accuracy_strategy_17_epoch17": 0.8071687840290381, "ENV_Test_accuracy_strategy_93_epoch17": 0.822550831792976, "ENV_Test_accuracy_per_mean_strategy_epoch17": 0.8344983862172128, "ENV_Test_accuracy_per_mean_user_epoch17": 0.8339028654505748, "ENV_Test_accuracy_per_mean_user_and_bot_epoch17": 0.8543849761362272, "ENV_Train_TotalLoss_epoch18": 623.8212824232503, "ENV_Train_Right action_epoch18": 0.882095581554633, "ENV_Train_Probability to choose the right action_epoch18": 0.8313104074360605, "ENV_Train_Weighted right action_epoch18": 0.882095581554633, "ENV_Train_Weighted probability to choose the right action:_epoch18": 0.8313104074360605, "ENV_Test_TotalLoss_epoch18": 229.19329996364442, "ENV_Test_Right action_epoch18": 0.820544, "ENV_Test_Probability to choose the right action_epoch18": 0.7894047704509642, "ENV_Test_Weighted right action_epoch18": 0.8496967422911227, "ENV_Test_Weighted probability to choose the right action:_epoch18": 0.8185800804944027, "ENV_Test_proba_accuracy_epoch18": 0.7894047704509637, "ENV_Test_proba_accuracy_strategy_132_epoch18": 0.8192830709590466, "ENV_Test_proba_accuracy_strategy_23_epoch18": 0.792095330210463, "ENV_Test_proba_accuracy_strategy_107_epoch18": 0.8403347052439306, "ENV_Test_proba_accuracy_strategy_43_epoch18": 0.7815325683582579, "ENV_Test_proba_accuracy_strategy_17_epoch18": 0.7688827501892159, "ENV_Test_proba_accuracy_strategy_93_epoch18": 0.791653164135152, "ENV_Test_proba_accuracy_per_mean_strategy_epoch18": 0.7989635981826776, "ENV_Test_proba_accuracy_per_mean_user_epoch18": 0.8002734401085874, "ENV_Test_proba_accuracy_per_mean_user_and_bot_epoch18": 0.8185800804944028, "ENV_Test_accuracy_epoch18": 0.820544, "ENV_Test_accuracy_strategy_132_epoch18": 0.8509915014164305, "ENV_Test_accuracy_strategy_23_epoch18": 0.8240426563257393, "ENV_Test_accuracy_strategy_107_epoch18": 0.8752052545155994, "ENV_Test_accuracy_strategy_43_epoch18": 0.8059796437659033, "ENV_Test_accuracy_strategy_17_epoch18": 0.7994555353901996, "ENV_Test_accuracy_strategy_93_epoch18": 0.8271719038817006, "ENV_Test_accuracy_per_mean_strategy_epoch18": 0.8304744158825955, "ENV_Test_accuracy_per_mean_user_epoch18": 0.8311507301195155, "ENV_Test_accuracy_per_mean_user_and_bot_epoch18": 0.8496967422911225, "ENV_Train_TotalLoss_epoch19": 616.4121377952757, "ENV_Train_Right action_epoch19": 0.8836370751341681, "ENV_Train_Probability to choose the right action_epoch19": 0.8331955401982429, "ENV_Train_Weighted right action_epoch19": 0.8836370751341681, "ENV_Train_Weighted probability to choose the right action:_epoch19": 0.8331955401982429, "ENV_Test_TotalLoss_epoch19": 226.23027441125524, "ENV_Test_Right action_epoch19": 0.8208, "ENV_Test_Probability to choose the right action_epoch19": 0.791679202881463, "ENV_Test_Weighted right action_epoch19": 0.8550354793927232, "ENV_Test_Weighted probability to choose the right action:_epoch19": 0.8261967688441785, "ENV_Test_proba_accuracy_epoch19": 0.7916792028814632, "ENV_Test_proba_accuracy_strategy_132_epoch19": 0.8227098891550803, "ENV_Test_proba_accuracy_strategy_23_epoch19": 0.7928654895946179, "ENV_Test_proba_accuracy_strategy_107_epoch19": 0.8494555592157897, "ENV_Test_proba_accuracy_strategy_43_epoch19": 0.7895658644889991, "ENV_Test_proba_accuracy_strategy_17_epoch19": 0.769372809408483, "ENV_Test_proba_accuracy_strategy_93_epoch19": 0.795701254298836, "ENV_Test_proba_accuracy_per_mean_strategy_epoch19": 0.8032784776936343, "ENV_Test_proba_accuracy_per_mean_user_epoch19": 0.803560988149737, "ENV_Test_proba_accuracy_per_mean_user_and_bot_epoch19": 0.8261967688441789, "ENV_Test_accuracy_epoch19": 0.8208, "ENV_Test_accuracy_strategy_132_epoch19": 0.851558073654391, "ENV_Test_accuracy_strategy_23_epoch19": 0.8206495395055744, "ENV_Test_accuracy_strategy_107_epoch19": 0.8784893267651889, "ENV_Test_accuracy_strategy_43_epoch19": 0.8187022900763359, "ENV_Test_accuracy_strategy_17_epoch19": 0.8003629764065335, "ENV_Test_accuracy_strategy_93_epoch19": 0.8253234750462107, "ENV_Test_accuracy_per_mean_strategy_epoch19": 0.8325142802423725, "ENV_Test_accuracy_per_mean_user_epoch19": 0.8321244002799254, "ENV_Test_accuracy_per_mean_user_and_bot_epoch19": 0.8550354793927237, "ENV_Train_TotalLoss_epoch20": 604.4597457661029, "ENV_Train_Right action_epoch20": 0.8861212451601179, "ENV_Train_Probability to choose the right action_epoch20": 0.8363235560423306, "ENV_Train_Weighted right action_epoch20": 0.8861212451601179, "ENV_Train_Weighted probability to choose the right action:_epoch20": 0.8363235560423306, "ENV_Test_TotalLoss_epoch20": 225.8613936432271, "ENV_Test_Right action_epoch20": 0.819392, "ENV_Test_Probability to choose the right action_epoch20": 0.7867435067572848, "ENV_Test_Weighted right action_epoch20": 0.8527442543545404, "ENV_Test_Weighted probability to choose the right action:_epoch20": 0.819502880853857, "ENV_Test_proba_accuracy_epoch20": 0.7867435067572838, "ENV_Test_proba_accuracy_strategy_132_epoch20": 0.8127515384363462, "ENV_Test_proba_accuracy_strategy_23_epoch20": 0.7884446059956264, "ENV_Test_proba_accuracy_strategy_107_epoch20": 0.8466974784871436, "ENV_Test_proba_accuracy_strategy_43_epoch20": 0.7918907085139524, "ENV_Test_proba_accuracy_strategy_17_epoch20": 0.7623552451647461, "ENV_Test_proba_accuracy_strategy_93_epoch20": 0.7927211482131905, "ENV_Test_proba_accuracy_per_mean_strategy_epoch20": 0.7991434541351675, "ENV_Test_proba_accuracy_per_mean_user_epoch20": 0.7980469514492226, "ENV_Test_proba_accuracy_per_mean_user_and_bot_epoch20": 0.8195028808538574, "ENV_Test_accuracy_epoch20": 0.819392, "ENV_Test_accuracy_strategy_132_epoch20": 0.8441926345609065, "ENV_Test_accuracy_strategy_23_epoch20": 0.8177411536597189, "ENV_Test_accuracy_strategy_107_epoch20": 0.8784893267651889, "ENV_Test_accuracy_strategy_43_epoch20": 0.8174300254452926, "ENV_Test_accuracy_strategy_17_epoch20": 0.7996823956442831, "ENV_Test_accuracy_strategy_93_epoch20": 0.8382624768946395, "ENV_Test_accuracy_per_mean_strategy_epoch20": 0.8326330021616717, "ENV_Test_accuracy_per_mean_user_epoch20": 0.8312545771724068, "ENV_Test_accuracy_per_mean_user_and_bot_epoch20": 0.8527442543545406, "ENV_Train_TotalLoss_epoch21": 598.4951857931921, "ENV_Train_Right action_epoch21": 0.887089110017889, "ENV_Train_Probability to choose the right action_epoch21": 0.8384649861325274, "ENV_Train_Weighted right action_epoch21": 0.887089110017889, "ENV_Train_Weighted probability to choose the right action:_epoch21": 0.8384649861325274, "ENV_Test_TotalLoss_epoch21": 227.56571927417096, "ENV_Test_Right action_epoch21": 0.821888, "ENV_Test_Probability to choose the right action_epoch21": 0.792924119838717, "ENV_Test_Weighted right action_epoch21": 0.8515114906180763, "ENV_Test_Weighted probability to choose the right action:_epoch21": 0.823298037201864, "ENV_Test_proba_accuracy_epoch21": 0.7929241198387165, "ENV_Test_proba_accuracy_strategy_132_epoch21": 0.8230537821830177, "ENV_Test_proba_accuracy_strategy_23_epoch21": 0.7984377311038976, "ENV_Test_proba_accuracy_strategy_107_epoch21": 0.8415106585756376, "ENV_Test_proba_accuracy_strategy_43_epoch21": 0.7859886783216987, "ENV_Test_proba_accuracy_strategy_17_epoch21": 0.7688393852040099, "ENV_Test_proba_accuracy_strategy_93_epoch21": 0.7930869923764761, "ENV_Test_proba_accuracy_per_mean_strategy_epoch21": 0.8018195379607894, "ENV_Test_proba_accuracy_per_mean_user_epoch21": 0.8043650308664343, "ENV_Test_proba_accuracy_per_mean_user_and_bot_epoch21": 0.8232980372018635, "ENV_Test_accuracy_epoch21": 0.821888, "ENV_Test_accuracy_strategy_132_epoch21": 0.8481586402266289, "ENV_Test_accuracy_strategy_23_epoch21": 0.8287283890773954, "ENV_Test_accuracy_strategy_107_epoch21": 0.8768472906403941, "ENV_Test_accuracy_strategy_43_epoch21": 0.8104325699745547, "ENV_Test_accuracy_strategy_17_epoch21": 0.7985480943738656, "ENV_Test_accuracy_strategy_93_epoch21": 0.8207024029574861, "ENV_Test_accuracy_per_mean_strategy_epoch21": 0.8305695645417207, "ENV_Test_accuracy_per_mean_user_epoch21": 0.8334562213108776, "ENV_Test_accuracy_per_mean_user_and_bot_epoch21": 0.8515114906180774, "ENV_Train_TotalLoss_epoch22": 582.9387880989592, "ENV_Train_Right action_epoch22": 0.8905365553676502, "ENV_Train_Probability to choose the right action_epoch22": 0.8430413928167042, "ENV_Train_Weighted right action_epoch22": 0.8905365553676502, "ENV_Train_Weighted probability to choose the right action:_epoch22": 0.8430413928167042, "ENV_Test_TotalLoss_epoch22": 232.96511775727012, "ENV_Test_Right action_epoch22": 0.821248, "ENV_Test_Probability to choose the right action_epoch22": 0.7917084097532652, "ENV_Test_Weighted right action_epoch22": 0.8501027728619456, "ENV_Test_Weighted probability to choose the right action:_epoch22": 0.8215594930230388, "ENV_Test_proba_accuracy_epoch22": 0.7917084097532652, "ENV_Test_proba_accuracy_strategy_132_epoch22": 0.8219886890702366, "ENV_Test_proba_accuracy_strategy_23_epoch22": 0.79512960098886, "ENV_Test_proba_accuracy_strategy_107_epoch22": 0.8497811651489748, "ENV_Test_proba_accuracy_strategy_43_epoch22": 0.7868585507662065, "ENV_Test_proba_accuracy_strategy_17_epoch22": 0.7683289883362676, "ENV_Test_proba_accuracy_strategy_93_epoch22": 0.7923513989826952, "ENV_Test_proba_accuracy_per_mean_strategy_epoch22": 0.8024063988822068, "ENV_Test_proba_accuracy_per_mean_user_epoch22": 0.8028737110539863, "ENV_Test_proba_accuracy_per_mean_user_and_bot_epoch22": 0.821559493023039, "ENV_Test_accuracy_epoch22": 0.821248, "ENV_Test_accuracy_strategy_132_epoch22": 0.8555240793201133, "ENV_Test_accuracy_strategy_23_epoch22": 0.8227500403942478, "ENV_Test_accuracy_strategy_107_epoch22": 0.8752052545155994, "ENV_Test_accuracy_strategy_43_epoch22": 0.8110687022900763, "ENV_Test_accuracy_strategy_17_epoch22": 0.801497277676951, "ENV_Test_accuracy_strategy_93_epoch22": 0.821626617375231, "ENV_Test_accuracy_per_mean_strategy_epoch22": 0.8312786619287031, "ENV_Test_accuracy_per_mean_user_epoch22": 0.8320809660883434, "ENV_Test_accuracy_per_mean_user_and_bot_epoch22": 0.8501027728619458, "ENV_Train_TotalLoss_epoch23": 578.3294830654181, "ENV_Train_Right action_epoch23": 0.8907741547750493, "ENV_Train_Probability to choose the right action_epoch23": 0.8443798476110977, "ENV_Train_Weighted right action_epoch23": 0.8907741547750493, "ENV_Train_Weighted probability to choose the right action:_epoch23": 0.8443798476110977, "ENV_Test_TotalLoss_epoch23": 228.87293782291295, "ENV_Test_Right action_epoch23": 0.822144, "ENV_Test_Probability to choose the right action_epoch23": 0.7905504541116223, "ENV_Test_Weighted right action_epoch23": 0.8529645608361498, "ENV_Test_Weighted probability to choose the right action:_epoch23": 0.8239257358120026, "ENV_Test_proba_accuracy_epoch23": 0.7905504541116216, "ENV_Test_proba_accuracy_strategy_132_epoch23": 0.8204879609560908, "ENV_Test_proba_accuracy_strategy_23_epoch23": 0.79308199528894, "ENV_Test_proba_accuracy_strategy_107_epoch23": 0.8463247976306693, "ENV_Test_proba_accuracy_strategy_43_epoch23": 0.7921952842455183, "ENV_Test_proba_accuracy_strategy_17_epoch23": 0.7668801673145044, "ENV_Test_proba_accuracy_strategy_93_epoch23": 0.7898840660350934, "ENV_Test_proba_accuracy_per_mean_strategy_epoch23": 0.8014757119118027, "ENV_Test_proba_accuracy_per_mean_user_epoch23": 0.8018113277626351, "ENV_Test_proba_accuracy_per_mean_user_and_bot_epoch23": 0.8239257358120041, "ENV_Test_accuracy_epoch23": 0.822144, "ENV_Test_accuracy_strategy_132_epoch23": 0.8475920679886686, "ENV_Test_accuracy_strategy_23_epoch23": 0.8258200032315398, "ENV_Test_accuracy_strategy_107_epoch23": 0.8784893267651889, "ENV_Test_accuracy_strategy_43_epoch23": 0.8193384223918575, "ENV_Test_accuracy_strategy_17_epoch23": 0.8010435571687841, "ENV_Test_accuracy_strategy_93_epoch23": 0.8179297597042514, "ENV_Test_accuracy_per_mean_strategy_epoch23": 0.831702189541715, "ENV_Test_accuracy_per_mean_user_epoch23": 0.8315260196986544, "ENV_Test_accuracy_per_mean_user_and_bot_epoch23": 0.8529645608361499, "ENV_Train_TotalLoss_epoch24": 575.8669666897654, "ENV_Train_Right action_epoch24": 0.8917528655297735, "ENV_Train_Probability to choose the right action_epoch24": 0.8453937899649556, "ENV_Train_Weighted right action_epoch24": 0.8917528655297735, "ENV_Train_Weighted probability to choose the right action:_epoch24": 0.8453937899649556, "ENV_Test_TotalLoss_epoch24": 239.07695679120178, "ENV_Test_Right action_epoch24": 0.817728, "ENV_Test_Probability to choose the right action_epoch24": 0.7892432219988479, "ENV_Test_Weighted right action_epoch24": 0.8507176479434628, "ENV_Test_Weighted probability to choose the right action:_epoch24": 0.8197430146761708, "ENV_Test_proba_accuracy_epoch24": 0.7892432219988482, "ENV_Test_proba_accuracy_strategy_132_epoch24": 0.8165903763651521, "ENV_Test_proba_accuracy_strategy_23_epoch24": 0.79195390284224, "ENV_Test_proba_accuracy_strategy_107_epoch24": 0.8389360490395089, "ENV_Test_proba_accuracy_strategy_43_epoch24": 0.7891108256626043, "ENV_Test_proba_accuracy_strategy_17_epoch24": 0.7666179445238883, "ENV_Test_proba_accuracy_strategy_93_epoch24": 0.7935253729102705, "ENV_Test_proba_accuracy_per_mean_strategy_epoch24": 0.799455745223944, "ENV_Test_proba_accuracy_per_mean_user_epoch24": 0.8002999179767434, "ENV_Test_proba_accuracy_per_mean_user_and_bot_epoch24": 0.8197430146761706, "ENV_Test_accuracy_epoch24": 0.817728, "ENV_Test_accuracy_strategy_132_epoch24": 0.8419263456090652, "ENV_Test_accuracy_strategy_23_epoch24": 0.8201648085312652, "ENV_Test_accuracy_strategy_107_epoch24": 0.8719211822660099, "ENV_Test_accuracy_strategy_43_epoch24": 0.8142493638676844, "ENV_Test_accuracy_strategy_17_epoch24": 0.7971869328493648, "ENV_Test_accuracy_strategy_93_epoch24": 0.822550831792976, "ENV_Test_accuracy_per_mean_strategy_epoch24": 0.8279999108193943, "ENV_Test_accuracy_per_mean_user_epoch24": 0.8291530867141843, "ENV_Test_accuracy_per_mean_user_and_bot_epoch24": 0.8507176479434634, "_wandb": {"runtime": 2464}}