{"ENV_Train_TotalLoss": 516.9953807693443, "ENV_Train_TotalLoss_epoch0": 1081.445380228531, "ENV_Train_Right action": 0.9050414412903406, "ENV_Train_Right action_epoch0": 0.7722337883720606, "ENV_Train_Probability to choose the right action": 0.8614976668392013, "ENV_Train_Probability to choose the right action_epoch0": 0.6855704824771045, "ENV_Train_Weighted right action": 0.9050414412903406, "ENV_Train_Weighted right action_epoch0": 0.7722337883720606, "ENV_Train_Weighted probability to choose the right action:": 0.8614976668392013, "ENV_Train_Weighted probability to choose the right action:_epoch0": 0.6855704824771045, "_timestamp": 1720392536.9564605, "_runtime": 2051.7805874347687, "_step": 49, "ENV_Test_TotalLoss": 220.37465971636917, "ENV_Test_TotalLoss_epoch0": 214.96826927920102, "ENV_Test_Right action": 0.838272, "ENV_Test_Right action_epoch0": 0.799552, "ENV_Test_Probability to choose the right action": 0.812187788817404, "ENV_Test_Probability to choose the right action_epoch0": 0.7331487236084776, "ENV_Test_Weighted right action": 0.8653325650035363, "ENV_Test_Weighted right action_epoch0": 0.836506972371323, "ENV_Test_Weighted probability to choose the right action:": 0.8402806871128109, "ENV_Test_Weighted probability to choose the right action:_epoch0": 0.768788059872514, "ENV_Test_proba_accuracy": 0.8121877888174039, "ENV_Test_proba_accuracy_epoch0": 0.7331487236084785, "ENV_Test_proba_accuracy_strategy_132": 0.841384131935415, "ENV_Test_proba_accuracy_strategy_132_epoch0": 0.7734163391036283, "ENV_Test_proba_accuracy_strategy_23": 0.8160610921502677, "ENV_Test_proba_accuracy_strategy_23_epoch0": 0.7336626199840224, "ENV_Test_proba_accuracy_strategy_107": 0.8559381364051442, "ENV_Test_proba_accuracy_strategy_107_epoch0": 0.80767155900806, "ENV_Test_proba_accuracy_strategy_43": 0.8103924112957778, "ENV_Test_proba_accuracy_strategy_43_epoch0": 0.7384831345831702, "ENV_Test_proba_accuracy_strategy_17": 0.7899988365191767, "ENV_Test_proba_accuracy_strategy_17_epoch0": 0.703246951058429, "ENV_Test_proba_accuracy_strategy_93": 0.8107865444396456, "ENV_Test_proba_accuracy_strategy_93_epoch0": 0.7366460124928369, "ENV_Test_proba_accuracy_per_mean_strategy": 0.8207601921242379, "ENV_Test_proba_accuracy_per_mean_strategy_epoch0": 0.7488544360383577, "ENV_Test_proba_accuracy_per_mean_user": 0.8190893887610087, "ENV_Test_proba_accuracy_per_mean_user_epoch0": 0.7434266214374857, "ENV_Test_proba_accuracy_per_mean_user_and_bot": 0.8402806871128105, "ENV_Test_proba_accuracy_per_mean_user_and_bot_epoch0": 0.7687880598725139, "ENV_Test_accuracy": 0.838272, "ENV_Test_accuracy_epoch0": 0.799552, "ENV_Test_accuracy_strategy_132": 0.861756373937677, "ENV_Test_accuracy_strategy_132_epoch0": 0.8345609065155808, "ENV_Test_accuracy_strategy_23": 0.8434318952981096, "ENV_Test_accuracy_strategy_23_epoch0": 0.7991597996445307, "ENV_Test_accuracy_strategy_107": 0.8768472906403941, "ENV_Test_accuracy_strategy_107_epoch0": 0.8752052545155994, "ENV_Test_accuracy_strategy_43": 0.8365139949109415, "ENV_Test_accuracy_strategy_43_epoch0": 0.799618320610687, "ENV_Test_accuracy_strategy_17": 0.8182849364791288, "ENV_Test_accuracy_strategy_17_epoch0": 0.7754083484573503, "ENV_Test_accuracy_strategy_93": 0.83271719038817, "ENV_Test_accuracy_strategy_93_epoch0": 0.800369685767098, "ENV_Test_accuracy_per_mean_strategy": 0.8449252802757368, "ENV_Test_accuracy_per_mean_strategy_epoch0": 0.8140537192518077, "ENV_Test_accuracy_per_mean_user": 0.8437233127665312, "ENV_Test_accuracy_per_mean_user_epoch0": 0.8095536767085066, "ENV_Test_accuracy_per_mean_user_and_bot": 0.8653325650035358, "ENV_Test_accuracy_per_mean_user_and_bot_epoch0": 0.8365069723713231, "ENV_Train_TotalLoss_epoch1": 934.5716593738529, "ENV_Train_Right action_epoch1": 0.811881464914733, "ENV_Train_Probability to choose the right action_epoch1": 0.7375272507225207, "ENV_Train_Weighted right action_epoch1": 0.811881464914733, "ENV_Train_Weighted probability to choose the right action:_epoch1": 0.7375272507225207, "ENV_Test_TotalLoss_epoch1": 203.19588864402436, "ENV_Test_Right action_epoch1": 0.811072, "ENV_Test_Probability to choose the right action_epoch1": 0.7402214330473588, "ENV_Test_Weighted right action_epoch1": 0.8471701004723947, "ENV_Test_Weighted probability to choose the right action:_epoch1": 0.778562931573117, "ENV_Test_proba_accuracy_epoch1": 0.740221433047358, "ENV_Test_proba_accuracy_strategy_132_epoch1": 0.7859714749400085, "ENV_Test_proba_accuracy_strategy_23_epoch1": 0.7426640627836373, "ENV_Test_proba_accuracy_strategy_107_epoch1": 0.8185258153680014, "ENV_Test_proba_accuracy_strategy_43_epoch1": 0.7409766646076346, "ENV_Test_proba_accuracy_strategy_17_epoch1": 0.707170651473806, "ENV_Test_proba_accuracy_strategy_93_epoch1": 0.7410966575869415, "ENV_Test_proba_accuracy_per_mean_strategy_epoch1": 0.7560675544600048, "ENV_Test_proba_accuracy_per_mean_user_epoch1": 0.7511025148225344, "ENV_Test_proba_accuracy_per_mean_user_and_bot_epoch1": 0.7785629315731167, "ENV_Test_accuracy_epoch1": 0.811072, "ENV_Test_accuracy_strategy_132_epoch1": 0.8441926345609065, "ENV_Test_accuracy_strategy_23_epoch1": 0.8180643076425917, "ENV_Test_accuracy_strategy_107_epoch1": 0.8916256157635468, "ENV_Test_accuracy_strategy_43_epoch1": 0.8008905852417303, "ENV_Test_accuracy_strategy_17_epoch1": 0.7803992740471869, "ENV_Test_accuracy_strategy_93_epoch1": 0.8114602587800369, "ENV_Test_accuracy_per_mean_strategy_epoch1": 0.8244387793393333, "ENV_Test_accuracy_per_mean_user_epoch1": 0.8197650015969743, "ENV_Test_accuracy_per_mean_user_and_bot_epoch1": 0.8471701004723952, "ENV_Train_TotalLoss_epoch2": 886.9185021321601, "ENV_Train_Right action_epoch2": 0.823369907051506, "ENV_Train_Probability to choose the right action_epoch2": 0.7516018696080731, "ENV_Train_Weighted right action_epoch2": 0.823369907051506, "ENV_Train_Weighted probability to choose the right action:_epoch2": 0.7516018696080731, "ENV_Test_TotalLoss_epoch2": 192.83957716434793, "ENV_Test_Right action_epoch2": 0.823168, "ENV_Test_Probability to choose the right action_epoch2": 0.7671811170345947, "ENV_Test_Weighted right action_epoch2": 0.8595271504025551, "ENV_Test_Weighted probability to choose the right action:_epoch2": 0.8006589283602622, "ENV_Test_proba_accuracy_epoch2": 0.767181117034594, "ENV_Test_proba_accuracy_strategy_132_epoch2": 0.8016174274565768, "ENV_Test_proba_accuracy_strategy_23_epoch2": 0.7728477694947018, "ENV_Test_proba_accuracy_strategy_107_epoch2": 0.8387273799275923, "ENV_Test_proba_accuracy_strategy_43_epoch2": 0.7670949964824063, "ENV_Test_proba_accuracy_strategy_17_epoch2": 0.7354579771061635, "ENV_Test_proba_accuracy_strategy_93_epoch2": 0.7676878714156664, "ENV_Test_proba_accuracy_per_mean_strategy_epoch2": 0.7805722369805178, "ENV_Test_proba_accuracy_per_mean_user_epoch2": 0.7756029534782239, "ENV_Test_proba_accuracy_per_mean_user_and_bot_epoch2": 0.8006589283602629, "ENV_Test_accuracy_epoch2": 0.823168, "ENV_Test_accuracy_strategy_132_epoch2": 0.854957507082153, "ENV_Test_accuracy_strategy_23_epoch2": 0.8282436581030861, "ENV_Test_accuracy_strategy_107_epoch2": 0.8998357963875205, "ENV_Test_accuracy_strategy_43_epoch2": 0.8269720101781171, "ENV_Test_accuracy_strategy_17_epoch2": 0.7912885662431942, "ENV_Test_accuracy_strategy_93_epoch2": 0.8234750462107209, "ENV_Test_accuracy_per_mean_strategy_epoch2": 0.8374620973674652, "ENV_Test_accuracy_per_mean_user_epoch2": 0.8317095479823453, "ENV_Test_accuracy_per_mean_user_and_bot_epoch2": 0.8595271504025548, "ENV_Train_TotalLoss_epoch3": 844.6921198659239, "ENV_Train_Right action_epoch3": 0.8330002655225904, "ENV_Train_Probability to choose the right action_epoch3": 0.7645600320211187, "ENV_Train_Weighted right action_epoch3": 0.8330002655225904, "ENV_Train_Weighted probability to choose the right action:_epoch3": 0.7645600320211187, "ENV_Test_TotalLoss_epoch3": 190.51334277303786, "ENV_Test_Right action_epoch3": 0.830848, "ENV_Test_Probability to choose the right action_epoch3": 0.7718326141983962, "ENV_Test_Weighted right action_epoch3": 0.8669950539573112, "ENV_Test_Weighted probability to choose the right action:_epoch3": 0.805379949948816, "ENV_Test_proba_accuracy_epoch3": 0.7718326141983968, "ENV_Test_proba_accuracy_strategy_132_epoch3": 0.8067732634817143, "ENV_Test_proba_accuracy_strategy_23_epoch3": 0.7762000052714418, "ENV_Test_proba_accuracy_strategy_107_epoch3": 0.8357358025267508, "ENV_Test_proba_accuracy_strategy_43_epoch3": 0.7719586266897756, "ENV_Test_proba_accuracy_strategy_17_epoch3": 0.7425394540611974, "ENV_Test_proba_accuracy_strategy_93_epoch3": 0.7730424914814189, "ENV_Test_proba_accuracy_per_mean_strategy_epoch3": 0.7843749405853832, "ENV_Test_proba_accuracy_per_mean_user_epoch3": 0.7802697153060674, "ENV_Test_proba_accuracy_per_mean_user_and_bot_epoch3": 0.8053799499488152, "ENV_Test_accuracy_epoch3": 0.830848, "ENV_Test_accuracy_strategy_132_epoch3": 0.8668555240793201, "ENV_Test_accuracy_strategy_23_epoch3": 0.8363225076749071, "ENV_Test_accuracy_strategy_107_epoch3": 0.8883415435139573, "ENV_Test_accuracy_strategy_43_epoch3": 0.8333333333333334, "ENV_Test_accuracy_strategy_17_epoch3": 0.7992286751361162, "ENV_Test_accuracy_strategy_93_epoch3": 0.833641404805915, "ENV_Test_accuracy_per_mean_strategy_epoch3": 0.8429538314239249, "ENV_Test_accuracy_per_mean_user_epoch3": 0.8390717291446304, "ENV_Test_accuracy_per_mean_user_and_bot_epoch3": 0.8669950539573106, "ENV_Train_TotalLoss_epoch4": 815.0848470244811, "ENV_Train_Right action_epoch4": 0.8404751921733054, "ENV_Train_Probability to choose the right action_epoch4": 0.7739030593371392, "ENV_Train_Weighted right action_epoch4": 0.8404751921733054, "ENV_Train_Weighted probability to choose the right action:_epoch4": 0.7739030593371392, "ENV_Test_TotalLoss_epoch4": 188.1495944077485, "ENV_Test_Right action_epoch4": 0.832192, "ENV_Test_Probability to choose the right action_epoch4": 0.7751834374988991, "ENV_Test_Weighted right action_epoch4": 0.8674496468363863, "ENV_Test_Weighted probability to choose the right action:_epoch4": 0.8083701104512002, "ENV_Test_proba_accuracy_epoch4": 0.7751834374988986, "ENV_Test_proba_accuracy_strategy_132_epoch4": 0.8088901111569562, "ENV_Test_proba_accuracy_strategy_23_epoch4": 0.7793934582366918, "ENV_Test_proba_accuracy_strategy_107_epoch4": 0.8436629453291451, "ENV_Test_proba_accuracy_strategy_43_epoch4": 0.7723922128379641, "ENV_Test_proba_accuracy_strategy_17_epoch4": 0.746943239975285, "ENV_Test_proba_accuracy_strategy_93_epoch4": 0.7766792584136704, "ENV_Test_proba_accuracy_per_mean_strategy_epoch4": 0.7879935376582855, "ENV_Test_proba_accuracy_per_mean_user_epoch4": 0.7831621503301579, "ENV_Test_proba_accuracy_per_mean_user_and_bot_epoch4": 0.8083701104512007, "ENV_Test_accuracy_epoch4": 0.832192, "ENV_Test_accuracy_strategy_132_epoch4": 0.860056657223796, "ENV_Test_accuracy_strategy_23_epoch4": 0.8389077395378898, "ENV_Test_accuracy_strategy_107_epoch4": 0.8981937602627258, "ENV_Test_accuracy_strategy_43_epoch4": 0.8314249363867684, "ENV_Test_accuracy_strategy_17_epoch4": 0.8024047186932849, "ENV_Test_accuracy_strategy_93_epoch4": 0.833641404805915, "ENV_Test_accuracy_per_mean_strategy_epoch4": 0.8441048694850632, "ENV_Test_accuracy_per_mean_user_epoch4": 0.8394419344689502, "ENV_Test_accuracy_per_mean_user_and_bot_epoch4": 0.8674496468363853, "ENV_Train_TotalLoss_epoch5": 787.3000720363208, "ENV_Train_Right action_epoch5": 0.8466011546149652, "ENV_Train_Probability to choose the right action_epoch5": 0.7817727537293511, "ENV_Train_Weighted right action_epoch5": 0.8466011546149652, "ENV_Train_Weighted probability to choose the right action:_epoch5": 0.7817727537293511, "ENV_Test_TotalLoss_epoch5": 185.93824903455376, "ENV_Test_Right action_epoch5": 0.832768, "ENV_Test_Probability to choose the right action_epoch5": 0.7876518876198915, "ENV_Test_Weighted right action_epoch5": 0.8661430925701292, "ENV_Test_Weighted probability to choose the right action:_epoch5": 0.8188213649213234, "ENV_Test_proba_accuracy_epoch5": 0.7876518876198917, "ENV_Test_proba_accuracy_strategy_132_epoch5": 0.8173987228664368, "ENV_Test_proba_accuracy_strategy_23_epoch5": 0.7926795670486991, "ENV_Test_proba_accuracy_strategy_107_epoch5": 0.8512249357722592, "ENV_Test_proba_accuracy_strategy_43_epoch5": 0.7844686609295584, "ENV_Test_proba_accuracy_strategy_17_epoch5": 0.7608445362268409, "ENV_Test_proba_accuracy_strategy_93_epoch5": 0.7884239567307406, "ENV_Test_proba_accuracy_per_mean_strategy_epoch5": 0.7991733965957559, "ENV_Test_proba_accuracy_per_mean_user_epoch5": 0.795280624774843, "ENV_Test_proba_accuracy_per_mean_user_and_bot_epoch5": 0.8188213649213228, "ENV_Test_accuracy_epoch5": 0.832768, "ENV_Test_accuracy_strategy_132_epoch5": 0.8651558073654391, "ENV_Test_accuracy_strategy_23_epoch5": 0.8390693165293263, "ENV_Test_accuracy_strategy_107_epoch5": 0.8932676518883416, "ENV_Test_accuracy_strategy_43_epoch5": 0.8307888040712468, "ENV_Test_accuracy_strategy_17_epoch5": 0.8033121597096189, "ENV_Test_accuracy_strategy_93_epoch5": 0.83271719038817, "ENV_Test_accuracy_per_mean_strategy_epoch5": 0.8440518216586903, "ENV_Test_accuracy_per_mean_user_epoch5": 0.8399988087214288, "ENV_Test_accuracy_per_mean_user_and_bot_epoch5": 0.8661430925701294, "ENV_Train_TotalLoss_epoch6": 761.252668307115, "ENV_Train_Right action_epoch6": 0.853151642208246, "ENV_Train_Probability to choose the right action_epoch6": 0.7903270505684028, "ENV_Train_Weighted right action_epoch6": 0.853151642208246, "ENV_Train_Weighted probability to choose the right action:_epoch6": 0.7903270505684028, "ENV_Test_TotalLoss_epoch6": 184.59938362590722, "ENV_Test_Right action_epoch6": 0.836224, "ENV_Test_Probability to choose the right action_epoch6": 0.7876146418319683, "ENV_Test_Weighted right action_epoch6": 0.8692111070495286, "ENV_Test_Weighted probability to choose the right action:_epoch6": 0.8199012637902091, "ENV_Test_proba_accuracy_epoch6": 0.7876146418319694, "ENV_Test_proba_accuracy_strategy_132_epoch6": 0.8201491077725055, "ENV_Test_proba_accuracy_strategy_23_epoch6": 0.7913809348541249, "ENV_Test_proba_accuracy_strategy_107_epoch6": 0.8474283171837212, "ENV_Test_proba_accuracy_strategy_43_epoch6": 0.7898511998264254, "ENV_Test_proba_accuracy_strategy_17_epoch6": 0.7606590659178784, "ENV_Test_proba_accuracy_strategy_93_epoch6": 0.7859000958741541, "ENV_Test_proba_accuracy_per_mean_strategy_epoch6": 0.7992281202381349, "ENV_Test_proba_accuracy_per_mean_user_epoch6": 0.7957779798210532, "ENV_Test_proba_accuracy_per_mean_user_and_bot_epoch6": 0.8199012637902099, "ENV_Test_accuracy_epoch6": 0.836224, "ENV_Test_accuracy_strategy_132_epoch6": 0.8657223796033995, "ENV_Test_accuracy_strategy_23_epoch6": 0.8419777023751818, "ENV_Test_accuracy_strategy_107_epoch6": 0.8916256157635468, "ENV_Test_accuracy_strategy_43_epoch6": 0.8428753180661578, "ENV_Test_accuracy_strategy_17_epoch6": 0.8069419237749547, "ENV_Test_accuracy_strategy_93_epoch6": 0.833641404805915, "ENV_Test_accuracy_per_mean_strategy_epoch6": 0.8471307240648592, "ENV_Test_accuracy_per_mean_user_epoch6": 0.8428660465818231, "ENV_Test_accuracy_per_mean_user_and_bot_epoch6": 0.8692111070495285, "ENV_Train_TotalLoss_epoch7": 741.0574229737545, "ENV_Train_Right action_epoch7": 0.8581791245038296, "ENV_Train_Probability to choose the right action_epoch7": 0.7965374133664842, "ENV_Train_Weighted right action_epoch7": 0.8581791245038296, "ENV_Train_Weighted probability to choose the right action:_epoch7": 0.7965374133664842, "ENV_Test_TotalLoss_epoch7": 188.34281007489892, "ENV_Test_Right action_epoch7": 0.83616, "ENV_Test_Probability to choose the right action_epoch7": 0.7952285868009289, "ENV_Test_Weighted right action_epoch7": 0.8703187552524916, "ENV_Test_Weighted probability to choose the right action:_epoch7": 0.8279938155393712, "ENV_Test_proba_accuracy_epoch7": 0.7952285868009297, "ENV_Test_proba_accuracy_strategy_132_epoch7": 0.8281710986872292, "ENV_Test_proba_accuracy_strategy_23_epoch7": 0.7961540863008185, "ENV_Test_proba_accuracy_strategy_107_epoch7": 0.8585684137238495, "ENV_Test_proba_accuracy_strategy_43_epoch7": 0.795836585314478, "ENV_Test_proba_accuracy_strategy_17_epoch7": 0.7701899665732094, "ENV_Test_proba_accuracy_strategy_93_epoch7": 0.8016694923649803, "ENV_Test_proba_accuracy_per_mean_strategy_epoch7": 0.8084316071607609, "ENV_Test_proba_accuracy_per_mean_user_epoch7": 0.8031188489559493, "ENV_Test_proba_accuracy_per_mean_user_and_bot_epoch7": 0.8279938155393709, "ENV_Test_accuracy_epoch7": 0.83616, "ENV_Test_accuracy_strategy_132_epoch7": 0.8640226628895185, "ENV_Test_accuracy_strategy_23_epoch7": 0.8384230085635805, "ENV_Test_accuracy_strategy_107_epoch7": 0.9014778325123153, "ENV_Test_accuracy_strategy_43_epoch7": 0.8384223918575063, "ENV_Test_accuracy_strategy_17_epoch7": 0.8069419237749547, "ENV_Test_accuracy_strategy_93_epoch7": 0.8567467652495379, "ENV_Test_accuracy_per_mean_strategy_epoch7": 0.8510057641412355, "ENV_Test_accuracy_per_mean_user_epoch7": 0.8427940708990113, "ENV_Test_accuracy_per_mean_user_and_bot_epoch7": 0.8703187552524917, "ENV_Train_TotalLoss_epoch8": 716.7580121218328, "ENV_Train_Right action_epoch8": 0.8646382199611455, "ENV_Train_Probability to choose the right action_epoch8": 0.8033202616989742, "ENV_Train_Weighted right action_epoch8": 0.8646382199611455, "ENV_Train_Weighted probability to choose the right action:_epoch8": 0.8033202616989742, "ENV_Test_TotalLoss_epoch8": 187.21430247434787, "ENV_Test_Right action_epoch8": 0.839104, "ENV_Test_Probability to choose the right action_epoch8": 0.7943250246774044, "ENV_Test_Weighted right action_epoch8": 0.8696172633149606, "ENV_Test_Weighted probability to choose the right action:_epoch8": 0.8259388770273575, "ENV_Test_proba_accuracy_epoch8": 0.7943250246774046, "ENV_Test_proba_accuracy_strategy_132_epoch8": 0.824549234098333, "ENV_Test_proba_accuracy_strategy_23_epoch8": 0.7994139878635791, "ENV_Test_proba_accuracy_strategy_107_epoch8": 0.854004058882752, "ENV_Test_proba_accuracy_strategy_43_epoch8": 0.7929563770795457, "ENV_Test_proba_accuracy_strategy_17_epoch8": 0.766939150291916, "ENV_Test_proba_accuracy_strategy_93_epoch8": 0.7958801020312302, "ENV_Test_proba_accuracy_per_mean_strategy_epoch8": 0.8056238183745593, "ENV_Test_proba_accuracy_per_mean_user_epoch8": 0.8013616529822247, "ENV_Test_proba_accuracy_per_mean_user_and_bot_epoch8": 0.8259388770273571, "ENV_Test_accuracy_epoch8": 0.839104, "ENV_Test_accuracy_strategy_132_epoch8": 0.861756373937677, "ENV_Test_accuracy_strategy_23_epoch8": 0.84747132008402, "ENV_Test_accuracy_strategy_107_epoch8": 0.8932676518883416, "ENV_Test_accuracy_strategy_43_epoch8": 0.8384223918575063, "ENV_Test_accuracy_strategy_17_epoch8": 0.8103448275862069, "ENV_Test_accuracy_strategy_93_epoch8": 0.8419593345656192, "ENV_Test_accuracy_per_mean_strategy_epoch8": 0.8488703166532284, "ENV_Test_accuracy_per_mean_user_epoch8": 0.8431655115433017, "ENV_Test_accuracy_per_mean_user_and_bot_epoch8": 0.8696172633149601, "ENV_Train_TotalLoss_epoch9": 697.962947533608, "ENV_Train_Right action_epoch9": 0.8671446941742145, "ENV_Train_Probability to choose the right action_epoch9": 0.8084487981057635, "ENV_Train_Weighted right action_epoch9": 0.8671446941742145, "ENV_Train_Weighted probability to choose the right action:_epoch9": 0.8084487981057635, "ENV_Test_TotalLoss_epoch9": 186.7397097180845, "ENV_Test_Right action_epoch9": 0.840256, "ENV_Test_Probability to choose the right action_epoch9": 0.7994612380545967, "ENV_Test_Weighted right action_epoch9": 0.8722406972042889, "ENV_Test_Weighted probability to choose the right action:_epoch9": 0.8321096618584951, "ENV_Test_proba_accuracy_epoch9": 0.7994612380545963, "ENV_Test_proba_accuracy_strategy_132_epoch9": 0.8314138027203282, "ENV_Test_proba_accuracy_strategy_23_epoch9": 0.8015305765476236, "ENV_Test_proba_accuracy_strategy_107_epoch9": 0.8608170062004565, "ENV_Test_proba_accuracy_strategy_43_epoch9": 0.8021944787980549, "ENV_Test_proba_accuracy_strategy_17_epoch9": 0.7728991453111198, "ENV_Test_proba_accuracy_strategy_93_epoch9": 0.805209828623299, "ENV_Test_proba_accuracy_per_mean_strategy_epoch9": 0.812344139700147, "ENV_Test_proba_accuracy_per_mean_user_epoch9": 0.8071185968343721, "ENV_Test_proba_accuracy_per_mean_user_and_bot_epoch9": 0.8321096618584959, "ENV_Test_accuracy_epoch9": 0.840256, "ENV_Test_accuracy_strategy_132_epoch9": 0.8674220963172804, "ENV_Test_accuracy_strategy_23_epoch9": 0.8431087413152367, "ENV_Test_accuracy_strategy_107_epoch9": 0.8981937602627258, "ENV_Test_accuracy_strategy_43_epoch9": 0.839058524173028, "ENV_Test_accuracy_strategy_17_epoch9": 0.8135208711433757, "ENV_Test_accuracy_strategy_93_epoch9": 0.8576709796672828, "ENV_Test_accuracy_per_mean_strategy_epoch9": 0.8531624954798217, "ENV_Test_accuracy_per_mean_user_epoch9": 0.8456350409515984, "ENV_Test_accuracy_per_mean_user_and_bot_epoch9": 0.8722406972042885, "ENV_Train_TotalLoss_epoch10": 683.5354574447515, "ENV_Train_Right action_epoch10": 0.8707585667169769, "ENV_Train_Probability to choose the right action_epoch10": 0.8137139115999528, "ENV_Train_Weighted right action_epoch10": 0.8707585667169769, "ENV_Train_Weighted probability to choose the right action:_epoch10": 0.8137139115999528, "ENV_Test_TotalLoss_epoch10": 198.75547026042616, "ENV_Test_Right action_epoch10": 0.83232, "ENV_Test_Probability to choose the right action_epoch10": 0.7951807153592595, "ENV_Test_Weighted right action_epoch10": 0.8596096238911091, "ENV_Test_Weighted probability to choose the right action:_epoch10": 0.825351448706999, "ENV_Test_proba_accuracy_epoch10": 0.7951807153592598, "ENV_Test_proba_accuracy_strategy_132_epoch10": 0.8226966678235307, "ENV_Test_proba_accuracy_strategy_23_epoch10": 0.7975457239433327, "ENV_Test_proba_accuracy_strategy_107_epoch10": 0.8512230177782697, "ENV_Test_proba_accuracy_strategy_43_epoch10": 0.7991484020033113, "ENV_Test_proba_accuracy_strategy_17_epoch10": 0.7711073774313413, "ENV_Test_proba_accuracy_strategy_93_epoch10": 0.7975334083189403, "ENV_Test_proba_accuracy_per_mean_strategy_epoch10": 0.8065424328831209, "ENV_Test_proba_accuracy_per_mean_user_epoch10": 0.8043132024826628, "ENV_Test_proba_accuracy_per_mean_user_and_bot_epoch10": 0.8253514487070003, "ENV_Test_accuracy_epoch10": 0.83232, "ENV_Test_accuracy_strategy_132_epoch10": 0.8543909348441926, "ENV_Test_accuracy_strategy_23_epoch10": 0.8382614315721442, "ENV_Test_accuracy_strategy_107_epoch10": 0.8768472906403941, "ENV_Test_accuracy_strategy_43_epoch10": 0.8358778625954199, "ENV_Test_accuracy_strategy_17_epoch10": 0.8078493647912885, "ENV_Test_accuracy_strategy_93_epoch10": 0.8317929759704251, "ENV_Test_accuracy_per_mean_strategy_epoch10": 0.8408366434023108, "ENV_Test_accuracy_per_mean_user_epoch10": 0.8412299517654389, "ENV_Test_accuracy_per_mean_user_and_bot_epoch10": 0.8596096238911088, "ENV_Train_TotalLoss_epoch11": 667.7180305329742, "ENV_Train_Right action_epoch11": 0.8733297925867949, "ENV_Train_Probability to choose the right action_epoch11": 0.818294437692269, "ENV_Train_Weighted right action_epoch11": 0.8733297925867949, "ENV_Train_Weighted probability to choose the right action:_epoch11": 0.818294437692269, "ENV_Test_TotalLoss_epoch11": 193.8328342685689, "ENV_Test_Right action_epoch11": 0.838464, "ENV_Test_Probability to choose the right action_epoch11": 0.8055148966946952, "ENV_Test_Weighted right action_epoch11": 0.8683034268972337, "ENV_Test_Weighted probability to choose the right action:_epoch11": 0.8370476277521516, "ENV_Test_proba_accuracy_epoch11": 0.8055148966946961, "ENV_Test_proba_accuracy_strategy_132_epoch11": 0.8344673354239467, "ENV_Test_proba_accuracy_strategy_23_epoch11": 0.8084576538694913, "ENV_Test_proba_accuracy_strategy_107_epoch11": 0.8610818047318027, "ENV_Test_proba_accuracy_strategy_43_epoch11": 0.8075437835128619, "ENV_Test_proba_accuracy_strategy_17_epoch11": 0.7805465738270984, "ENV_Test_proba_accuracy_strategy_93_epoch11": 0.8089501384836816, "ENV_Test_proba_accuracy_per_mean_strategy_epoch11": 0.8168412149748138, "ENV_Test_proba_accuracy_per_mean_user_epoch11": 0.8129842302681748, "ENV_Test_proba_accuracy_per_mean_user_and_bot_epoch11": 0.8370476277521517, "ENV_Test_accuracy_epoch11": 0.838464, "ENV_Test_accuracy_strategy_132_epoch11": 0.861756373937677, "ENV_Test_accuracy_strategy_23_epoch11": 0.8426240103409275, "ENV_Test_accuracy_strategy_107_epoch11": 0.8949096880131363, "ENV_Test_accuracy_strategy_43_epoch11": 0.839058524173028, "ENV_Test_accuracy_strategy_17_epoch11": 0.8132940108892922, "ENV_Test_accuracy_strategy_93_epoch11": 0.8465804066543438, "ENV_Test_accuracy_per_mean_strategy_epoch11": 0.8497038356680674, "ENV_Test_accuracy_per_mean_user_epoch11": 0.8428302264648798, "ENV_Test_accuracy_per_mean_user_and_bot_epoch11": 0.8683034268972333, "ENV_Train_TotalLoss_epoch12": 652.5310423752907, "ENV_Train_Right action_epoch12": 0.8778268526542364, "ENV_Train_Probability to choose the right action_epoch12": 0.822875228693162, "ENV_Train_Weighted right action_epoch12": 0.8778268526542364, "ENV_Train_Weighted probability to choose the right action:_epoch12": 0.822875228693162, "ENV_Test_TotalLoss_epoch12": 188.6439850279917, "ENV_Test_Right action_epoch12": 0.831936, "ENV_Test_Probability to choose the right action_epoch12": 0.7923185864638103, "ENV_Test_Weighted right action_epoch12": 0.8638325898064109, "ENV_Test_Weighted probability to choose the right action:_epoch12": 0.8231355197378968, "ENV_Test_proba_accuracy_epoch12": 0.7923185864638105, "ENV_Test_proba_accuracy_strategy_132_epoch12": 0.8253809772834231, "ENV_Test_proba_accuracy_strategy_23_epoch12": 0.7922966393703644, "ENV_Test_proba_accuracy_strategy_107_epoch12": 0.8485392424676429, "ENV_Test_proba_accuracy_strategy_43_epoch12": 0.7916267107347207, "ENV_Test_proba_accuracy_strategy_17_epoch12": 0.7707204820739605, "ENV_Test_proba_accuracy_strategy_93_epoch12": 0.7958623979748788, "ENV_Test_proba_accuracy_per_mean_strategy_epoch12": 0.8040710749841651, "ENV_Test_proba_accuracy_per_mean_user_epoch12": 0.8017144849179141, "ENV_Test_proba_accuracy_per_mean_user_and_bot_epoch12": 0.8231355197378971, "ENV_Test_accuracy_epoch12": 0.831936, "ENV_Test_accuracy_strategy_132_epoch12": 0.8589235127478754, "ENV_Test_accuracy_strategy_23_epoch12": 0.829374697043141, "ENV_Test_accuracy_strategy_107_epoch12": 0.8899835796387521, "ENV_Test_accuracy_strategy_43_epoch12": 0.8346055979643766, "ENV_Test_accuracy_strategy_17_epoch12": 0.8139745916515426, "ENV_Test_accuracy_strategy_93_epoch12": 0.8391866913123844, "ENV_Test_accuracy_per_mean_strategy_epoch12": 0.8443414450596786, "ENV_Test_accuracy_per_mean_user_epoch12": 0.8406465976195434, "ENV_Test_accuracy_per_mean_user_and_bot_epoch12": 0.8638325898064099, "ENV_Train_TotalLoss_epoch13": 638.3997537969831, "ENV_Train_Right action_epoch13": 0.8807922951117573, "ENV_Train_Probability to choose the right action_epoch13": 0.8264985869505196, "ENV_Train_Weighted right action_epoch13": 0.8807922951117573, "ENV_Train_Weighted probability to choose the right action:_epoch13": 0.8264985869505196, "ENV_Test_TotalLoss_epoch13": 186.8143100786707, "ENV_Test_Right action_epoch13": 0.83776, "ENV_Test_Probability to choose the right action_epoch13": 0.7998630539903301, "ENV_Test_Weighted right action_epoch13": 0.869500728254322, "ENV_Test_Weighted probability to choose the right action:_epoch13": 0.8302138515248552, "ENV_Test_proba_accuracy_epoch13": 0.7998630539903296, "ENV_Test_proba_accuracy_strategy_132_epoch13": 0.8295285171353052, "ENV_Test_proba_accuracy_strategy_23_epoch13": 0.8013133186085748, "ENV_Test_proba_accuracy_strategy_107_epoch13": 0.8500142994680655, "ENV_Test_proba_accuracy_strategy_43_epoch13": 0.8012829257860313, "ENV_Test_proba_accuracy_strategy_17_epoch13": 0.778576871669853, "ENV_Test_proba_accuracy_strategy_93_epoch13": 0.7996043798098078, "ENV_Test_proba_accuracy_per_mean_strategy_epoch13": 0.8100533854129396, "ENV_Test_proba_accuracy_per_mean_user_epoch13": 0.8081479577161295, "ENV_Test_proba_accuracy_per_mean_user_and_bot_epoch13": 0.8302138515248553, "ENV_Test_accuracy_epoch13": 0.83776, "ENV_Test_accuracy_strategy_132_epoch13": 0.8702549575070821, "ENV_Test_accuracy_strategy_23_epoch13": 0.8403619324608176, "ENV_Test_accuracy_strategy_107_epoch13": 0.8834154351395731, "ENV_Test_accuracy_strategy_43_epoch13": 0.8447837150127226, "ENV_Test_accuracy_strategy_17_epoch13": 0.8123865698729582, "ENV_Test_accuracy_strategy_93_epoch13": 0.8373382624768947, "ENV_Test_accuracy_per_mean_strategy_epoch13": 0.8480901454116747, "ENV_Test_accuracy_per_mean_user_epoch13": 0.8463243065737494, "ENV_Test_accuracy_per_mean_user_and_bot_epoch13": 0.869500728254321, "ENV_Train_TotalLoss_epoch14": 624.1881978840676, "ENV_Train_Right action_epoch14": 0.8830294138196045, "ENV_Train_Probability to choose the right action_epoch14": 0.8312560630639683, "ENV_Train_Weighted right action_epoch14": 0.8830294138196045, "ENV_Train_Weighted probability to choose the right action:_epoch14": 0.8312560630639683, "ENV_Test_TotalLoss_epoch14": 190.47892591045255, "ENV_Test_Right action_epoch14": 0.840768, "ENV_Test_Probability to choose the right action_epoch14": 0.7975288349673197, "ENV_Test_Weighted right action_epoch14": 0.870366439828169, "ENV_Test_Weighted probability to choose the right action:_epoch14": 0.827149410610121, "ENV_Test_proba_accuracy_epoch14": 0.7975288349673206, "ENV_Test_proba_accuracy_strategy_132_epoch14": 0.8291326565385705, "ENV_Test_proba_accuracy_strategy_23_epoch14": 0.8001818372090396, "ENV_Test_proba_accuracy_strategy_107_epoch14": 0.8479792563122132, "ENV_Test_proba_accuracy_strategy_43_epoch14": 0.7956011330133473, "ENV_Test_proba_accuracy_strategy_17_epoch14": 0.7744475984025385, "ENV_Test_proba_accuracy_strategy_93_epoch14": 0.7992367422713059, "ENV_Test_proba_accuracy_per_mean_strategy_epoch14": 0.8077632039578359, "ENV_Test_proba_accuracy_per_mean_user_epoch14": 0.8059191791718734, "ENV_Test_proba_accuracy_per_mean_user_and_bot_epoch14": 0.827149410610122, "ENV_Test_accuracy_epoch14": 0.840768, "ENV_Test_accuracy_strategy_132_epoch14": 0.8674220963172804, "ENV_Test_accuracy_strategy_23_epoch14": 0.8434318952981096, "ENV_Test_accuracy_strategy_107_epoch14": 0.8949096880131363, "ENV_Test_accuracy_strategy_43_epoch14": 0.833969465648855, "ENV_Test_accuracy_strategy_17_epoch14": 0.8212341197822142, "ENV_Test_accuracy_strategy_93_epoch14": 0.8410351201478743, "ENV_Test_accuracy_per_mean_strategy_epoch14": 0.8503337308679116, "ENV_Test_accuracy_per_mean_user_epoch14": 0.847171223756685, "ENV_Test_accuracy_per_mean_user_and_bot_epoch14": 0.8703664398281673, "ENV_Train_TotalLoss_epoch15": 608.1069833154367, "ENV_Train_Right action_epoch15": 0.8866632186639455, "ENV_Train_Probability to choose the right action_epoch15": 0.8349096276469579, "ENV_Train_Weighted right action_epoch15": 0.8866632186639455, "ENV_Train_Weighted probability to choose the right action:_epoch15": 0.8349096276469579, "ENV_Test_TotalLoss_epoch15": 196.84549332618346, "ENV_Test_Right action_epoch15": 0.84192, "ENV_Test_Probability to choose the right action_epoch15": 0.8054602782075121, "ENV_Test_Weighted right action_epoch15": 0.8680795856460394, "ENV_Test_Weighted probability to choose the right action:_epoch15": 0.8334134144333107, "ENV_Test_proba_accuracy_epoch15": 0.8054602782075118, "ENV_Test_proba_accuracy_strategy_132_epoch15": 0.8335401833182815, "ENV_Test_proba_accuracy_strategy_23_epoch15": 0.8088520132677595, "ENV_Test_proba_accuracy_strategy_107_epoch15": 0.8585435277144143, "ENV_Test_proba_accuracy_strategy_43_epoch15": 0.8043523921539164, "ENV_Test_proba_accuracy_strategy_17_epoch15": 0.7834205183309461, "ENV_Test_proba_accuracy_strategy_93_epoch15": 0.8017751383314209, "ENV_Test_proba_accuracy_per_mean_strategy_epoch15": 0.8150806288527899, "ENV_Test_proba_accuracy_per_mean_user_epoch15": 0.8138271221046806, "ENV_Test_proba_accuracy_per_mean_user_and_bot_epoch15": 0.8334134144333111, "ENV_Test_accuracy_epoch15": 0.84192, "ENV_Test_accuracy_strategy_132_epoch15": 0.8577903682719547, "ENV_Test_accuracy_strategy_23_epoch15": 0.8463402811439651, "ENV_Test_accuracy_strategy_107_epoch15": 0.8981937602627258, "ENV_Test_accuracy_strategy_43_epoch15": 0.839058524173028, "ENV_Test_accuracy_strategy_17_epoch15": 0.8225952813067151, "ENV_Test_accuracy_strategy_93_epoch15": 0.8419593345656192, "ENV_Test_accuracy_per_mean_strategy_epoch15": 0.8509895916206681, "ENV_Test_accuracy_per_mean_user_epoch15": 0.8487527947465968, "ENV_Test_accuracy_per_mean_user_and_bot_epoch15": 0.8680795856460393, "ENV_Train_TotalLoss_epoch16": 596.1162203742648, "ENV_Train_Right action_epoch16": 0.8899372387861506, "ENV_Train_Probability to choose the right action_epoch16": 0.8390341146345407, "ENV_Train_Weighted right action_epoch16": 0.8899372387861506, "ENV_Train_Weighted probability to choose the right action:_epoch16": 0.8390341146345407, "ENV_Test_TotalLoss_epoch16": 193.57520965396216, "ENV_Test_Right action_epoch16": 0.843456, "ENV_Test_Probability to choose the right action_epoch16": 0.8066112790183786, "ENV_Test_Weighted right action_epoch16": 0.8741310495137015, "ENV_Test_Weighted probability to choose the right action:_epoch16": 0.8355239976288005, "ENV_Test_proba_accuracy_epoch16": 0.8066112790183789, "ENV_Test_proba_accuracy_strategy_132_epoch16": 0.8353032786042336, "ENV_Test_proba_accuracy_strategy_23_epoch16": 0.8095725846261074, "ENV_Test_proba_accuracy_strategy_107_epoch16": 0.8565433226822352, "ENV_Test_proba_accuracy_strategy_43_epoch16": 0.8117565885486415, "ENV_Test_proba_accuracy_strategy_17_epoch16": 0.7833006294022964, "ENV_Test_proba_accuracy_strategy_93_epoch16": 0.8022558286113214, "ENV_Test_proba_accuracy_per_mean_strategy_epoch16": 0.8164553720791393, "ENV_Test_proba_accuracy_per_mean_user_epoch16": 0.8148940997468485, "ENV_Test_proba_accuracy_per_mean_user_and_bot_epoch16": 0.8355239976288003, "ENV_Test_accuracy_epoch16": 0.843456, "ENV_Test_accuracy_strategy_132_epoch16": 0.8662889518413598, "ENV_Test_accuracy_strategy_23_epoch16": 0.845532396186783, "ENV_Test_accuracy_strategy_107_epoch16": 0.8998357963875205, "ENV_Test_accuracy_strategy_43_epoch16": 0.8492366412213741, "ENV_Test_accuracy_strategy_17_epoch16": 0.8239564428312159, "ENV_Test_accuracy_strategy_93_epoch16": 0.833641404805915, "ENV_Test_accuracy_per_mean_strategy_epoch16": 0.853081938879028, "ENV_Test_accuracy_per_mean_user_epoch16": 0.8522789997791349, "ENV_Test_accuracy_per_mean_user_and_bot_epoch16": 0.8741310495137004, "ENV_Train_TotalLoss_epoch17": 586.1177350636099, "ENV_Train_Right action_epoch17": 0.8901158808482087, "ENV_Train_Probability to choose the right action_epoch17": 0.8414906295270812, "ENV_Train_Weighted right action_epoch17": 0.8901158808482087, "ENV_Train_Weighted probability to choose the right action:_epoch17": 0.8414906295270812, "ENV_Test_TotalLoss_epoch17": 194.8432493440712, "ENV_Test_Right action_epoch17": 0.84352, "ENV_Test_Probability to choose the right action_epoch17": 0.8093172673915069, "ENV_Test_Weighted right action_epoch17": 0.8734738830903591, "ENV_Test_Weighted probability to choose the right action:_epoch17": 0.8364756266456201, "ENV_Test_proba_accuracy_epoch17": 0.809317267391507, "ENV_Test_proba_accuracy_strategy_132_epoch17": 0.8381606218647538, "ENV_Test_proba_accuracy_strategy_23_epoch17": 0.8143033658897945, "ENV_Test_proba_accuracy_strategy_107_epoch17": 0.8511808899921126, "ENV_Test_proba_accuracy_strategy_43_epoch17": 0.8061653217585595, "ENV_Test_proba_accuracy_strategy_17_epoch17": 0.7859980903036635, "ENV_Test_proba_accuracy_strategy_93_epoch17": 0.809763996340912, "ENV_Test_proba_accuracy_per_mean_strategy_epoch17": 0.817595381024966, "ENV_Test_proba_accuracy_per_mean_user_epoch17": 0.8163692297199237, "ENV_Test_proba_accuracy_per_mean_user_and_bot_epoch17": 0.83647562664562, "ENV_Test_accuracy_epoch17": 0.84352, "ENV_Test_accuracy_strategy_132_epoch17": 0.8651558073654391, "ENV_Test_accuracy_strategy_23_epoch17": 0.8497333979641299, "ENV_Test_accuracy_strategy_107_epoch17": 0.8916256157635468, "ENV_Test_accuracy_strategy_43_epoch17": 0.844147582697201, "ENV_Test_accuracy_strategy_17_epoch17": 0.8191923774954628, "ENV_Test_accuracy_strategy_93_epoch17": 0.8438077634011091, "ENV_Test_accuracy_per_mean_strategy_epoch17": 0.8522770907811482, "ENV_Test_accuracy_per_mean_user_epoch17": 0.8506018265888593, "ENV_Test_accuracy_per_mean_user_and_bot_epoch17": 0.8734738830903584, "ENV_Train_TotalLoss_epoch18": 574.0270419705336, "ENV_Train_Right action_epoch18": 0.8927912567084079, "ENV_Train_Probability to choose the right action_epoch18": 0.8451566345294005, "ENV_Train_Weighted right action_epoch18": 0.8927912567084079, "ENV_Train_Weighted probability to choose the right action:_epoch18": 0.8451566345294005, "ENV_Test_TotalLoss_epoch18": 198.81376182722238, "ENV_Test_Right action_epoch18": 0.843904, "ENV_Test_Probability to choose the right action_epoch18": 0.8115503976861619, "ENV_Test_Weighted right action_epoch18": 0.8723125084672533, "ENV_Test_Weighted probability to choose the right action:_epoch18": 0.8405053467102465, "ENV_Test_proba_accuracy_epoch18": 0.8115503976861616, "ENV_Test_proba_accuracy_strategy_132_epoch18": 0.8426387009684818, "ENV_Test_proba_accuracy_strategy_23_epoch18": 0.815348456075591, "ENV_Test_proba_accuracy_strategy_107_epoch18": 0.8594295224732523, "ENV_Test_proba_accuracy_strategy_43_epoch18": 0.8113882453023431, "ENV_Test_proba_accuracy_strategy_17_epoch18": 0.7881684513772232, "ENV_Test_proba_accuracy_strategy_93_epoch18": 0.8076567721929554, "ENV_Test_proba_accuracy_per_mean_strategy_epoch18": 0.8207716913983077, "ENV_Test_proba_accuracy_per_mean_user_epoch18": 0.8184426656068208, "ENV_Test_proba_accuracy_per_mean_user_and_bot_epoch18": 0.8405053467102459, "ENV_Test_accuracy_epoch18": 0.843904, "ENV_Test_accuracy_strategy_132_epoch18": 0.8702549575070821, "ENV_Test_accuracy_strategy_23_epoch18": 0.8476328970754564, "ENV_Test_accuracy_strategy_107_epoch18": 0.8932676518883416, "ENV_Test_accuracy_strategy_43_epoch18": 0.8435114503816794, "ENV_Test_accuracy_strategy_17_epoch18": 0.823049001814882, "ENV_Test_accuracy_strategy_93_epoch18": 0.8373382624768947, "ENV_Test_accuracy_per_mean_strategy_epoch18": 0.8525090368573895, "ENV_Test_accuracy_per_mean_user_epoch18": 0.8494072569108165, "ENV_Test_accuracy_per_mean_user_and_bot_epoch18": 0.8723125084672534, "ENV_Train_TotalLoss_epoch19": 565.4592827029857, "ENV_Train_Right action_epoch19": 0.8962398658093375, "ENV_Train_Probability to choose the right action_epoch19": 0.8483863344936163, "ENV_Train_Weighted right action_epoch19": 0.8962398658093375, "ENV_Train_Weighted probability to choose the right action:_epoch19": 0.8483863344936163, "ENV_Test_TotalLoss_epoch19": 198.53588931082376, "ENV_Test_Right action_epoch19": 0.835584, "ENV_Test_Probability to choose the right action_epoch19": 0.8010206027682663, "ENV_Test_Weighted right action_epoch19": 0.8616542668330729, "ENV_Test_Weighted probability to choose the right action:_epoch19": 0.827008100925085, "ENV_Test_proba_accuracy_epoch19": 0.801020602768265, "ENV_Test_proba_accuracy_strategy_132_epoch19": 0.8255415750990527, "ENV_Test_proba_accuracy_strategy_23_epoch19": 0.8052103211134711, "ENV_Test_proba_accuracy_strategy_107_epoch19": 0.8500118152466158, "ENV_Test_proba_accuracy_strategy_43_epoch19": 0.8019785921696196, "ENV_Test_proba_accuracy_strategy_17_epoch19": 0.7786260233157897, "ENV_Test_proba_accuracy_strategy_93_epoch19": 0.7993237594096195, "ENV_Test_proba_accuracy_per_mean_strategy_epoch19": 0.8101153477256947, "ENV_Test_proba_accuracy_per_mean_user_epoch19": 0.807922511845745, "ENV_Test_proba_accuracy_per_mean_user_and_bot_epoch19": 0.8270081009250858, "ENV_Test_accuracy_epoch19": 0.835584, "ENV_Test_accuracy_strategy_132_epoch19": 0.856657223796034, "ENV_Test_accuracy_strategy_23_epoch19": 0.8379382775892713, "ENV_Test_accuracy_strategy_107_epoch19": 0.8866995073891626, "ENV_Test_accuracy_strategy_43_epoch19": 0.8371501272264631, "ENV_Test_accuracy_strategy_17_epoch19": 0.816923774954628, "ENV_Test_accuracy_strategy_93_epoch19": 0.83271719038817, "ENV_Test_accuracy_per_mean_strategy_epoch19": 0.8446810168906217, "ENV_Test_accuracy_per_mean_user_epoch19": 0.8409212991175796, "ENV_Test_accuracy_per_mean_user_and_bot_epoch19": 0.8616542668330729, "ENV_Train_TotalLoss_epoch20": 552.8096907539291, "ENV_Train_Right action_epoch20": 0.8985031237333855, "ENV_Train_Probability to choose the right action_epoch20": 0.8517430908432894, "ENV_Train_Weighted right action_epoch20": 0.8985031237333855, "ENV_Train_Weighted probability to choose the right action:_epoch20": 0.8517430908432894, "ENV_Test_TotalLoss_epoch20": 206.29414326084753, "ENV_Test_Right action_epoch20": 0.834624, "ENV_Test_Probability to choose the right action_epoch20": 0.80392514702713, "ENV_Test_Weighted right action_epoch20": 0.8604397482697416, "ENV_Test_Weighted probability to choose the right action:_epoch20": 0.830484054915924, "ENV_Test_proba_accuracy_epoch20": 0.8039251470271306, "ENV_Test_proba_accuracy_strategy_132_epoch20": 0.828245444041768, "ENV_Test_proba_accuracy_strategy_23_epoch20": 0.8070367568365945, "ENV_Test_proba_accuracy_strategy_107_epoch20": 0.8538769989621033, "ENV_Test_proba_accuracy_strategy_43_epoch20": 0.8051699437275093, "ENV_Test_proba_accuracy_strategy_17_epoch20": 0.7823911425889628, "ENV_Test_proba_accuracy_strategy_93_epoch20": 0.8042590804656173, "ENV_Test_proba_accuracy_per_mean_strategy_epoch20": 0.8134965611037591, "ENV_Test_proba_accuracy_per_mean_user_epoch20": 0.8108129485759848, "ENV_Test_proba_accuracy_per_mean_user_and_bot_epoch20": 0.830484054915925, "ENV_Test_accuracy_epoch20": 0.834624, "ENV_Test_accuracy_strategy_132_epoch20": 0.8504249291784702, "ENV_Test_accuracy_strategy_23_epoch20": 0.8398772014865084, "ENV_Test_accuracy_strategy_107_epoch20": 0.8784893267651889, "ENV_Test_accuracy_strategy_43_epoch20": 0.8320610687022901, "ENV_Test_accuracy_strategy_17_epoch20": 0.8153357531760436, "ENV_Test_accuracy_strategy_93_epoch20": 0.8364140480591498, "ENV_Test_accuracy_per_mean_strategy_epoch20": 0.8421003878946086, "ENV_Test_accuracy_per_mean_user_epoch20": 0.8403276868450421, "ENV_Test_accuracy_per_mean_user_and_bot_epoch20": 0.8604397482697407, "ENV_Train_TotalLoss_epoch21": 539.4145550244712, "ENV_Train_Right action_epoch21": 0.9006819642807233, "ENV_Train_Probability to choose the right action_epoch21": 0.8551122534720723, "ENV_Train_Weighted right action_epoch21": 0.9006819642807233, "ENV_Train_Weighted probability to choose the right action:_epoch21": 0.8551122534720723, "ENV_Test_TotalLoss_epoch21": 214.1355502191524, "ENV_Test_Right action_epoch21": 0.836224, "ENV_Test_Probability to choose the right action_epoch21": 0.8064080525783563, "ENV_Test_Weighted right action_epoch21": 0.862486270952665, "ENV_Test_Weighted probability to choose the right action:_epoch21": 0.8337640349674063, "ENV_Test_proba_accuracy_epoch21": 0.8064080525783568, "ENV_Test_proba_accuracy_strategy_132_epoch21": 0.8323935633786139, "ENV_Test_proba_accuracy_strategy_23_epoch21": 0.81058226252629, "ENV_Test_proba_accuracy_strategy_107_epoch21": 0.8513878328029781, "ENV_Test_proba_accuracy_strategy_43_epoch21": 0.8073171160242218, "ENV_Test_proba_accuracy_strategy_17_epoch21": 0.7832663232879186, "ENV_Test_proba_accuracy_strategy_93_epoch21": 0.807783650441892, "ENV_Test_proba_accuracy_per_mean_strategy_epoch21": 0.8154551247436524, "ENV_Test_proba_accuracy_per_mean_user_epoch21": 0.8125926633151604, "ENV_Test_proba_accuracy_per_mean_user_and_bot_epoch21": 0.833764034967406, "ENV_Test_accuracy_epoch21": 0.836224, "ENV_Test_accuracy_strategy_132_epoch21": 0.854957507082153, "ENV_Test_accuracy_strategy_23_epoch21": 0.8421392793666181, "ENV_Test_accuracy_strategy_107_epoch21": 0.8850574712643678, "ENV_Test_accuracy_strategy_43_epoch21": 0.8352417302798982, "ENV_Test_accuracy_strategy_17_epoch21": 0.8153357531760436, "ENV_Test_accuracy_strategy_93_epoch21": 0.8308687615526802, "ENV_Test_accuracy_per_mean_strategy_epoch21": 0.8439334171202936, "ENV_Test_accuracy_per_mean_user_epoch21": 0.8400579929573487, "ENV_Test_accuracy_per_mean_user_and_bot_epoch21": 0.8624862709526645, "ENV_Train_TotalLoss_epoch22": 534.6395169763398, "ENV_Train_Right action_epoch22": 0.9020142296026055, "ENV_Train_Probability to choose the right action_epoch22": 0.8570529947719183, "ENV_Train_Weighted right action_epoch22": 0.9020142296026055, "ENV_Train_Weighted probability to choose the right action:_epoch22": 0.8570529947719183, "ENV_Test_TotalLoss_epoch22": 210.83346326141643, "ENV_Test_Right action_epoch22": 0.83872, "ENV_Test_Probability to choose the right action_epoch22": 0.8075832342788762, "ENV_Test_Weighted right action_epoch22": 0.8654250095031877, "ENV_Test_Weighted probability to choose the right action:_epoch22": 0.834284676802396, "ENV_Test_proba_accuracy_epoch22": 0.8075832342788768, "ENV_Test_proba_accuracy_strategy_132_epoch22": 0.8402079447115645, "ENV_Test_proba_accuracy_strategy_23_epoch22": 0.8121616011456353, "ENV_Test_proba_accuracy_strategy_107_epoch22": 0.8527659571581561, "ENV_Test_proba_accuracy_strategy_43_epoch22": 0.8034503273490604, "ENV_Test_proba_accuracy_strategy_17_epoch22": 0.7838268195138587, "ENV_Test_proba_accuracy_strategy_93_epoch22": 0.8055322188374064, "ENV_Test_proba_accuracy_per_mean_strategy_epoch22": 0.816324144785947, "ENV_Test_proba_accuracy_per_mean_user_epoch22": 0.8141378630760707, "ENV_Test_proba_accuracy_per_mean_user_and_bot_epoch22": 0.8342846768023957, "ENV_Test_accuracy_epoch22": 0.83872, "ENV_Test_accuracy_strategy_132_epoch22": 0.8628895184135977, "ENV_Test_accuracy_strategy_23_epoch22": 0.8450476652124738, "ENV_Test_accuracy_strategy_107_epoch22": 0.8801313628899836, "ENV_Test_accuracy_strategy_43_epoch22": 0.8326972010178118, "ENV_Test_accuracy_strategy_17_epoch22": 0.8166969147005445, "ENV_Test_accuracy_strategy_93_epoch22": 0.8382624768946395, "ENV_Test_accuracy_per_mean_strategy_epoch22": 0.8459541898548418, "ENV_Test_accuracy_per_mean_user_epoch22": 0.8437337768269132, "ENV_Test_accuracy_per_mean_user_and_bot_epoch22": 0.8654250095031867, "ENV_Train_TotalLoss_epoch23": 525.5367472059144, "ENV_Train_Right action_epoch23": 0.9044191636851521, "ENV_Train_Probability to choose the right action_epoch23": 0.8595410510721901, "ENV_Train_Weighted right action_epoch23": 0.9044191636851521, "ENV_Train_Weighted probability to choose the right action:_epoch23": 0.8595410510721901, "ENV_Test_TotalLoss_epoch23": 209.83905855961203, "ENV_Test_Right action_epoch23": 0.839296, "ENV_Test_Probability to choose the right action_epoch23": 0.8084505525944607, "ENV_Test_Weighted right action_epoch23": 0.8664021305578513, "ENV_Test_Weighted probability to choose the right action:_epoch23": 0.8346305079996655, "ENV_Test_proba_accuracy_epoch23": 0.8084505525944606, "ENV_Test_proba_accuracy_strategy_132_epoch23": 0.8363611801879486, "ENV_Test_proba_accuracy_strategy_23_epoch23": 0.8133070927706253, "ENV_Test_proba_accuracy_strategy_107_epoch23": 0.8478275410492975, "ENV_Test_proba_accuracy_strategy_43_epoch23": 0.8076155637728596, "ENV_Test_proba_accuracy_strategy_17_epoch23": 0.7864707354140158, "ENV_Test_proba_accuracy_strategy_93_epoch23": 0.8037367501334385, "ENV_Test_proba_accuracy_per_mean_strategy_epoch23": 0.8158864772213641, "ENV_Test_proba_accuracy_per_mean_user_epoch23": 0.8151653703625351, "ENV_Test_proba_accuracy_per_mean_user_and_bot_epoch23": 0.8346305079996648, "ENV_Test_accuracy_epoch23": 0.839296, "ENV_Test_accuracy_strategy_132_epoch23": 0.8606232294617564, "ENV_Test_accuracy_strategy_23_epoch23": 0.8429471643238002, "ENV_Test_accuracy_strategy_107_epoch23": 0.8784893267651889, "ENV_Test_accuracy_strategy_43_epoch23": 0.8358778625954199, "ENV_Test_accuracy_strategy_17_epoch23": 0.8225952813067151, "ENV_Test_accuracy_strategy_93_epoch23": 0.8345656192236599, "ENV_Test_accuracy_per_mean_strategy_epoch23": 0.8458497472794235, "ENV_Test_accuracy_per_mean_user_epoch23": 0.8459557649168987, "ENV_Test_accuracy_per_mean_user_and_bot_epoch23": 0.8664021305578504, "ENV_Train_TotalLoss_epoch24": 516.9953807693443, "ENV_Train_Right action_epoch24": 0.9050414412903406, "ENV_Train_Probability to choose the right action_epoch24": 0.8614976668392013, "ENV_Train_Weighted right action_epoch24": 0.9050414412903406, "ENV_Train_Weighted probability to choose the right action:_epoch24": 0.8614976668392013, "ENV_Test_TotalLoss_epoch24": 220.37465971636917, "ENV_Test_Right action_epoch24": 0.838272, "ENV_Test_Probability to choose the right action_epoch24": 0.812187788817404, "ENV_Test_Weighted right action_epoch24": 0.8653325650035363, "ENV_Test_Weighted probability to choose the right action:_epoch24": 0.8402806871128109, "ENV_Test_proba_accuracy_epoch24": 0.8121877888174039, "ENV_Test_proba_accuracy_strategy_132_epoch24": 0.841384131935415, "ENV_Test_proba_accuracy_strategy_23_epoch24": 0.8160610921502677, "ENV_Test_proba_accuracy_strategy_107_epoch24": 0.8559381364051442, "ENV_Test_proba_accuracy_strategy_43_epoch24": 0.8103924112957778, "ENV_Test_proba_accuracy_strategy_17_epoch24": 0.7899988365191767, "ENV_Test_proba_accuracy_strategy_93_epoch24": 0.8107865444396456, "ENV_Test_proba_accuracy_per_mean_strategy_epoch24": 0.8207601921242379, "ENV_Test_proba_accuracy_per_mean_user_epoch24": 0.8190893887610087, "ENV_Test_proba_accuracy_per_mean_user_and_bot_epoch24": 0.8402806871128105, "ENV_Test_accuracy_epoch24": 0.838272, "ENV_Test_accuracy_strategy_132_epoch24": 0.861756373937677, "ENV_Test_accuracy_strategy_23_epoch24": 0.8434318952981096, "ENV_Test_accuracy_strategy_107_epoch24": 0.8768472906403941, "ENV_Test_accuracy_strategy_43_epoch24": 0.8365139949109415, "ENV_Test_accuracy_strategy_17_epoch24": 0.8182849364791288, "ENV_Test_accuracy_strategy_93_epoch24": 0.83271719038817, "ENV_Test_accuracy_per_mean_strategy_epoch24": 0.8449252802757368, "ENV_Test_accuracy_per_mean_user_epoch24": 0.8437233127665312, "ENV_Test_accuracy_per_mean_user_and_bot_epoch24": 0.8653325650035358, "_wandb": {"runtime": 2051}}