{"ENV_Train_TotalLoss": 171.87509963528464, "ENV_Train_TotalLoss_epoch0": 1029.2602653075453, "ENV_Train_Right action": 0.9702153828951599, "ENV_Train_Right action_epoch0": 0.7868071371683271, "ENV_Train_Probability to choose the right action": 0.9559174990800641, "ENV_Train_Probability to choose the right action_epoch0": 0.7048307320083067, "ENV_Train_Weighted right action": 0.9702153828951599, "ENV_Train_Weighted right action_epoch0": 0.7868071371683271, "ENV_Train_Weighted probability to choose the right action:": 0.9559174990800641, "ENV_Train_Weighted probability to choose the right action:_epoch0": 0.7048307320083067, "_timestamp": 1720379407.7991245, "_runtime": 1961.3380494117737, "_step": 49, "ENV_Test_TotalLoss": 661.1528386017279, "ENV_Test_TotalLoss_epoch0": 213.00374049458776, "ENV_Test_Right action": 0.790592, "ENV_Test_Right action_epoch0": 0.805312, "ENV_Test_Probability to choose the right action": 0.7865439859639403, "ENV_Test_Probability to choose the right action_epoch0": 0.7462024306834293, "ENV_Test_Weighted right action": 0.8183927486801963, "ENV_Test_Weighted right action_epoch0": 0.8369283715818054, "ENV_Test_Weighted probability to choose the right action:": 0.8152317089517219, "ENV_Test_Weighted probability to choose the right action:_epoch0": 0.7764053957550896, "ENV_Test_proba_accuracy": 0.7865439859639397, "ENV_Test_proba_accuracy_epoch0": 0.7462024306834292, "ENV_Test_proba_accuracy_strategy_132": 0.820916910241102, "ENV_Test_proba_accuracy_strategy_132_epoch0": 0.7908808680656322, "ENV_Test_proba_accuracy_strategy_23": 0.7904801862623763, "ENV_Test_proba_accuracy_strategy_23_epoch0": 0.7497165267730399, "ENV_Test_proba_accuracy_strategy_107": 0.8469045051707441, "ENV_Test_proba_accuracy_strategy_107_epoch0": 0.7945401467239112, "ENV_Test_proba_accuracy_strategy_43": 0.7847457743237601, "ENV_Test_proba_accuracy_strategy_43_epoch0": 0.7436261464879914, "ENV_Test_proba_accuracy_strategy_17": 0.7585922285817863, "ENV_Test_proba_accuracy_strategy_17_epoch0": 0.7169172907305862, "ENV_Test_proba_accuracy_strategy_93": 0.790471180091236, "ENV_Test_proba_accuracy_strategy_93_epoch0": 0.7490628409611692, "ENV_Test_proba_accuracy_per_mean_strategy": 0.7986851307785008, "ENV_Test_proba_accuracy_per_mean_strategy_epoch0": 0.7574573032903884, "ENV_Test_proba_accuracy_per_mean_user": 0.7976859142999697, "ENV_Test_proba_accuracy_per_mean_user_epoch0": 0.7572367277860456, "ENV_Test_proba_accuracy_per_mean_user_and_bot": 0.8152317089517231, "ENV_Test_proba_accuracy_per_mean_user_and_bot_epoch0": 0.7764053957550904, "ENV_Test_accuracy": 0.790592, "ENV_Test_accuracy_epoch0": 0.805312, "ENV_Test_accuracy_strategy_132": 0.8271954674220963, "ENV_Test_accuracy_strategy_132_epoch0": 0.8504249291784702, "ENV_Test_accuracy_strategy_23": 0.7938277589271288, "ENV_Test_accuracy_strategy_23_epoch0": 0.8083696881564065, "ENV_Test_accuracy_strategy_107": 0.8456486042692939, "ENV_Test_accuracy_strategy_107_epoch0": 0.8538587848932676, "ENV_Test_accuracy_strategy_43": 0.7856234096692112, "ENV_Test_accuracy_strategy_43_epoch0": 0.8034351145038168, "ENV_Test_accuracy_strategy_17": 0.76497277676951, "ENV_Test_accuracy_strategy_17_epoch0": 0.7747277676950998, "ENV_Test_accuracy_strategy_93": 0.7929759704251387, "ENV_Test_accuracy_strategy_93_epoch0": 0.8142329020332717, "ENV_Test_accuracy_per_mean_strategy": 0.8017073312470631, "ENV_Test_accuracy_per_mean_strategy_epoch0": 0.8175081977433888, "ENV_Test_accuracy_per_mean_user": 0.802247311856639, "ENV_Test_accuracy_per_mean_user_epoch0": 0.816538116401363, "ENV_Test_accuracy_per_mean_user_and_bot": 0.818392748680197, "ENV_Test_accuracy_per_mean_user_and_bot_epoch0": 0.8369283715818067, "ENV_Train_TotalLoss_epoch1": 888.6568703599879, "ENV_Train_Right action_epoch1": 0.8169555493430248, "ENV_Train_Probability to choose the right action_epoch1": 0.7468151700923986, "ENV_Train_Weighted right action_epoch1": 0.8169555493430248, "ENV_Train_Weighted probability to choose the right action:_epoch1": 0.7468151700923986, "ENV_Test_TotalLoss_epoch1": 207.0648478160189, "ENV_Test_Right action_epoch1": 0.812032, "ENV_Test_Probability to choose the right action_epoch1": 0.760654324213092, "ENV_Test_Weighted right action_epoch1": 0.8426479417629368, "ENV_Test_Weighted probability to choose the right action:_epoch1": 0.789222632487551, "ENV_Test_proba_accuracy_epoch1": 0.7606543242130922, "ENV_Test_proba_accuracy_strategy_132_epoch1": 0.805771309499342, "ENV_Test_proba_accuracy_strategy_23_epoch1": 0.7645026789132157, "ENV_Test_proba_accuracy_strategy_107_epoch1": 0.8115094504784564, "ENV_Test_proba_accuracy_strategy_43_epoch1": 0.7548578042454357, "ENV_Test_proba_accuracy_strategy_17_epoch1": 0.7319009723304021, "ENV_Test_proba_accuracy_strategy_93_epoch1": 0.7619825925339351, "ENV_Test_proba_accuracy_per_mean_strategy_epoch1": 0.7717541346667978, "ENV_Test_proba_accuracy_per_mean_user_epoch1": 0.7723030008192784, "ENV_Test_proba_accuracy_per_mean_user_and_bot_epoch1": 0.7892226324875508, "ENV_Test_accuracy_epoch1": 0.812032, "ENV_Test_accuracy_strategy_132_epoch1": 0.8577903682719547, "ENV_Test_accuracy_strategy_23_epoch1": 0.8193569235740831, "ENV_Test_accuracy_strategy_107_epoch1": 0.8669950738916257, "ENV_Test_accuracy_strategy_43_epoch1": 0.8123409669211196, "ENV_Test_accuracy_strategy_17_epoch1": 0.7745009074410163, "ENV_Test_accuracy_strategy_93_epoch1": 0.8170055452865065, "ENV_Test_accuracy_per_mean_strategy_epoch1": 0.824664964231051, "ENV_Test_accuracy_per_mean_user_epoch1": 0.8234817703467777, "ENV_Test_accuracy_per_mean_user_and_bot_epoch1": 0.8426479417629377, "ENV_Train_TotalLoss_epoch2": 838.4116318396163, "ENV_Train_Right action_epoch2": 0.8260814871759032, "ENV_Train_Probability to choose the right action_epoch2": 0.7606391326076781, "ENV_Train_Weighted right action_epoch2": 0.8260814871759032, "ENV_Train_Weighted probability to choose the right action:_epoch2": 0.7606391326076781, "ENV_Test_TotalLoss_epoch2": 213.23156640207583, "ENV_Test_Right action_epoch2": 0.814016, "ENV_Test_Probability to choose the right action_epoch2": 0.7604205795815658, "ENV_Test_Weighted right action_epoch2": 0.83961978130008, "ENV_Test_Weighted probability to choose the right action:_epoch2": 0.7856175102723124, "ENV_Test_proba_accuracy_epoch2": 0.7604205795815655, "ENV_Test_proba_accuracy_strategy_132_epoch2": 0.8022223103723461, "ENV_Test_proba_accuracy_strategy_23_epoch2": 0.7669303007855572, "ENV_Test_proba_accuracy_strategy_107_epoch2": 0.8116823730542861, "ENV_Test_proba_accuracy_strategy_43_epoch2": 0.7508129056120729, "ENV_Test_proba_accuracy_strategy_17_epoch2": 0.7308955564481804, "ENV_Test_proba_accuracy_strategy_93_epoch2": 0.7603858419197197, "ENV_Test_proba_accuracy_per_mean_strategy_epoch2": 0.7704882146986938, "ENV_Test_proba_accuracy_per_mean_user_epoch2": 0.7700348808467866, "ENV_Test_proba_accuracy_per_mean_user_and_bot_epoch2": 0.7856175102723123, "ENV_Test_accuracy_epoch2": 0.814016, "ENV_Test_accuracy_strategy_132_epoch2": 0.8521246458923513, "ENV_Test_accuracy_strategy_23_epoch2": 0.8248505412829213, "ENV_Test_accuracy_strategy_107_epoch2": 0.8735632183908046, "ENV_Test_accuracy_strategy_43_epoch2": 0.811704834605598, "ENV_Test_accuracy_strategy_17_epoch2": 0.7747277676950998, "ENV_Test_accuracy_strategy_93_epoch2": 0.8197781885397413, "ENV_Test_accuracy_per_mean_strategy_epoch2": 0.8261248660677527, "ENV_Test_accuracy_per_mean_user_epoch2": 0.8234441313604716, "ENV_Test_accuracy_per_mean_user_and_bot_epoch2": 0.8396197813000802, "ENV_Train_TotalLoss_epoch3": 795.5760312142859, "ENV_Train_Right action_epoch3": 0.8355856170605251, "ENV_Train_Probability to choose the right action_epoch3": 0.7730421860183126, "ENV_Train_Weighted right action_epoch3": 0.8355856170605251, "ENV_Train_Weighted probability to choose the right action:_epoch3": 0.7730421860183126, "ENV_Test_TotalLoss_epoch3": 218.55948689134303, "ENV_Test_Right action_epoch3": 0.817216, "ENV_Test_Probability to choose the right action_epoch3": 0.7759072207433593, "ENV_Test_Weighted right action_epoch3": 0.8472951576440667, "ENV_Test_Weighted probability to choose the right action:_epoch3": 0.8053780939188454, "ENV_Test_proba_accuracy_epoch3": 0.7759072207433593, "ENV_Test_proba_accuracy_strategy_132_epoch3": 0.821138081039284, "ENV_Test_proba_accuracy_strategy_23_epoch3": 0.7814122241662302, "ENV_Test_proba_accuracy_strategy_107_epoch3": 0.8337441019570411, "ENV_Test_proba_accuracy_strategy_43_epoch3": 0.7725948142428511, "ENV_Test_proba_accuracy_strategy_17_epoch3": 0.742714113190579, "ENV_Test_proba_accuracy_strategy_93_epoch3": 0.7781223093254909, "ENV_Test_proba_accuracy_per_mean_strategy_epoch3": 0.788287607320246, "ENV_Test_proba_accuracy_per_mean_user_epoch3": 0.7875716716388699, "ENV_Test_proba_accuracy_per_mean_user_and_bot_epoch3": 0.8053780939188444, "ENV_Test_accuracy_epoch3": 0.817216, "ENV_Test_accuracy_strategy_132_epoch3": 0.8611898016997167, "ENV_Test_accuracy_strategy_23_epoch3": 0.827435773145904, "ENV_Test_accuracy_strategy_107_epoch3": 0.8801313628899836, "ENV_Test_accuracy_strategy_43_epoch3": 0.8199745547073791, "ENV_Test_accuracy_strategy_17_epoch3": 0.7756352087114338, "ENV_Test_accuracy_strategy_93_epoch3": 0.8170055452865065, "ENV_Test_accuracy_per_mean_strategy_epoch3": 0.830228707740154, "ENV_Test_accuracy_per_mean_user_epoch3": 0.8274661812544142, "ENV_Test_accuracy_per_mean_user_and_bot_epoch3": 0.8472951576440673, "ENV_Train_TotalLoss_epoch4": 755.1784356893832, "ENV_Train_Right action_epoch4": 0.8448357791754019, "ENV_Train_Probability to choose the right action_epoch4": 0.7852247223997522, "ENV_Train_Weighted right action_epoch4": 0.8448357791754019, "ENV_Train_Weighted probability to choose the right action:_epoch4": 0.7852247223997522, "ENV_Test_TotalLoss_epoch4": 228.59539653104179, "ENV_Test_Right action_epoch4": 0.816768, "ENV_Test_Probability to choose the right action_epoch4": 0.7792630968978169, "ENV_Test_Weighted right action_epoch4": 0.8457604693593703, "ENV_Test_Weighted probability to choose the right action:_epoch4": 0.8118780288590949, "ENV_Test_proba_accuracy_epoch4": 0.7792630968978169, "ENV_Test_proba_accuracy_strategy_132_epoch4": 0.8240577609527667, "ENV_Test_proba_accuracy_strategy_23_epoch4": 0.7843702879423695, "ENV_Test_proba_accuracy_strategy_107_epoch4": 0.8473591797380909, "ENV_Test_proba_accuracy_strategy_43_epoch4": 0.7738682076772152, "ENV_Test_proba_accuracy_strategy_17_epoch4": 0.7463129858580452, "ENV_Test_proba_accuracy_strategy_93_epoch4": 0.7807264549723549, "ENV_Test_proba_accuracy_per_mean_strategy_epoch4": 0.7927824795234737, "ENV_Test_proba_accuracy_per_mean_user_epoch4": 0.7908987291824189, "ENV_Test_proba_accuracy_per_mean_user_and_bot_epoch4": 0.8118780288590964, "ENV_Test_accuracy_epoch4": 0.816768, "ENV_Test_accuracy_strategy_132_epoch4": 0.8492917847025496, "ENV_Test_accuracy_strategy_23_epoch4": 0.8300210050088868, "ENV_Test_accuracy_strategy_107_epoch4": 0.8883415435139573, "ENV_Test_accuracy_strategy_43_epoch4": 0.8097964376590331, "ENV_Test_accuracy_strategy_17_epoch4": 0.7781306715063521, "ENV_Test_accuracy_strategy_93_epoch4": 0.8151571164510166, "ENV_Test_accuracy_per_mean_strategy_epoch4": 0.8284564264736325, "ENV_Test_accuracy_per_mean_user_epoch4": 0.8247062382113259, "ENV_Test_accuracy_per_mean_user_and_bot_epoch4": 0.845760469359371, "ENV_Train_TotalLoss_epoch5": 714.9751970317476, "ENV_Train_Right action_epoch5": 0.8539957226128405, "ENV_Train_Probability to choose the right action_epoch5": 0.7968084953408457, "ENV_Train_Weighted right action_epoch5": 0.8539957226128405, "ENV_Train_Weighted probability to choose the right action:_epoch5": 0.7968084953408457, "ENV_Test_TotalLoss_epoch5": 230.47380940416616, "ENV_Test_Right action_epoch5": 0.816768, "ENV_Test_Probability to choose the right action_epoch5": 0.779517976616678, "ENV_Test_Weighted right action_epoch5": 0.8446662982952491, "ENV_Test_Weighted probability to choose the right action:_epoch5": 0.809174346909906, "ENV_Test_proba_accuracy_epoch5": 0.7795179766166775, "ENV_Test_proba_accuracy_strategy_132_epoch5": 0.8212322178773884, "ENV_Test_proba_accuracy_strategy_23_epoch5": 0.7861427225911454, "ENV_Test_proba_accuracy_strategy_107_epoch5": 0.8356963444068026, "ENV_Test_proba_accuracy_strategy_43_epoch5": 0.7704393899522105, "ENV_Test_proba_accuracy_strategy_17_epoch5": 0.7479803706378348, "ENV_Test_proba_accuracy_strategy_93_epoch5": 0.7836311843301342, "ENV_Test_proba_accuracy_per_mean_strategy_epoch5": 0.7908537049659192, "ENV_Test_proba_accuracy_per_mean_user_epoch5": 0.7898825577390765, "ENV_Test_proba_accuracy_per_mean_user_and_bot_epoch5": 0.8091743469099061, "ENV_Test_accuracy_epoch5": 0.816768, "ENV_Test_accuracy_strategy_132_epoch5": 0.8560906515580736, "ENV_Test_accuracy_strategy_23_epoch5": 0.8279205041202132, "ENV_Test_accuracy_strategy_107_epoch5": 0.8784893267651889, "ENV_Test_accuracy_strategy_43_epoch5": 0.8097964376590331, "ENV_Test_accuracy_strategy_17_epoch5": 0.780852994555354, "ENV_Test_accuracy_strategy_93_epoch5": 0.8105360443622921, "ENV_Test_accuracy_per_mean_strategy_epoch5": 0.8272809931700258, "ENV_Test_accuracy_per_mean_user_epoch5": 0.8253086101131438, "ENV_Test_accuracy_per_mean_user_and_bot_epoch5": 0.8446662982952494, "ENV_Train_TotalLoss_epoch6": 675.551150711588, "ENV_Train_Right action_epoch6": 0.8629070580013977, "ENV_Train_Probability to choose the right action_epoch6": 0.8086767261653808, "ENV_Train_Weighted right action_epoch6": 0.8629070580013977, "ENV_Train_Weighted probability to choose the right action:_epoch6": 0.8086767261653808, "ENV_Test_TotalLoss_epoch6": 261.7228009077332, "ENV_Test_Right action_epoch6": 0.81568, "ENV_Test_Probability to choose the right action_epoch6": 0.7875759755332989, "ENV_Test_Weighted right action_epoch6": 0.8402070632891545, "ENV_Test_Weighted probability to choose the right action:_epoch6": 0.8148626086578085, "ENV_Test_proba_accuracy_epoch6": 0.7875759755332986, "ENV_Test_proba_accuracy_strategy_132_epoch6": 0.825409414094273, "ENV_Test_proba_accuracy_strategy_23_epoch6": 0.7944944733632338, "ENV_Test_proba_accuracy_strategy_107_epoch6": 0.8472279646765419, "ENV_Test_proba_accuracy_strategy_43_epoch6": 0.7731535211357548, "ENV_Test_proba_accuracy_strategy_17_epoch6": 0.7597346641168503, "ENV_Test_proba_accuracy_strategy_93_epoch6": 0.7870897791551281, "ENV_Test_proba_accuracy_per_mean_strategy_epoch6": 0.797851636090297, "ENV_Test_proba_accuracy_per_mean_user_epoch6": 0.7966605716484098, "ENV_Test_proba_accuracy_per_mean_user_and_bot_epoch6": 0.8148626086578096, "ENV_Test_accuracy_epoch6": 0.81568, "ENV_Test_accuracy_strategy_132_epoch6": 0.8458923512747876, "ENV_Test_accuracy_strategy_23_epoch6": 0.8258200032315398, "ENV_Test_accuracy_strategy_107_epoch6": 0.8784893267651889, "ENV_Test_accuracy_strategy_43_epoch6": 0.8027989821882952, "ENV_Test_accuracy_strategy_17_epoch6": 0.7856170598911071, "ENV_Test_accuracy_strategy_93_epoch6": 0.8142329020332717, "ENV_Test_accuracy_per_mean_strategy_epoch6": 0.8254751042306984, "ENV_Test_accuracy_per_mean_user_epoch6": 0.8221559595525364, "ENV_Test_accuracy_per_mean_user_and_bot_epoch6": 0.8402070632891555, "ENV_Train_TotalLoss_epoch7": 634.1975361886463, "ENV_Train_Right action_epoch7": 0.8724352881981328, "ENV_Train_Probability to choose the right action_epoch7": 0.8210505974354364, "ENV_Train_Weighted right action_epoch7": 0.8724352881981328, "ENV_Train_Weighted probability to choose the right action:_epoch7": 0.8210505974354364, "ENV_Test_TotalLoss_epoch7": 275.0683381569632, "ENV_Test_Right action_epoch7": 0.80864, "ENV_Test_Probability to choose the right action_epoch7": 0.7832364444400363, "ENV_Test_Weighted right action_epoch7": 0.8411637819259251, "ENV_Test_Weighted probability to choose the right action:_epoch7": 0.8149434691569019, "ENV_Test_proba_accuracy_epoch7": 0.7832364444400356, "ENV_Test_proba_accuracy_strategy_132_epoch7": 0.8239297827435157, "ENV_Test_proba_accuracy_strategy_23_epoch7": 0.7900689294165313, "ENV_Test_proba_accuracy_strategy_107_epoch7": 0.8469065902291276, "ENV_Test_proba_accuracy_strategy_43_epoch7": 0.7751635766391548, "ENV_Test_proba_accuracy_strategy_17_epoch7": 0.749976091438634, "ENV_Test_proba_accuracy_strategy_93_epoch7": 0.7891671965679782, "ENV_Test_proba_accuracy_per_mean_strategy_epoch7": 0.7958686945058235, "ENV_Test_proba_accuracy_per_mean_user_epoch7": 0.7930012659849228, "ENV_Test_proba_accuracy_per_mean_user_and_bot_epoch7": 0.8149434691569026, "ENV_Test_accuracy_epoch7": 0.80864, "ENV_Test_accuracy_strategy_132_epoch7": 0.8470254957507082, "ENV_Test_accuracy_strategy_23_epoch7": 0.8190337695912102, "ENV_Test_accuracy_strategy_107_epoch7": 0.8702791461412152, "ENV_Test_accuracy_strategy_43_epoch7": 0.7977099236641222, "ENV_Test_accuracy_strategy_17_epoch7": 0.7735934664246824, "ENV_Test_accuracy_strategy_93_epoch7": 0.8105360443622921, "ENV_Test_accuracy_per_mean_strategy_epoch7": 0.819696307655705, "ENV_Test_accuracy_per_mean_user_epoch7": 0.8178008092900798, "ENV_Test_accuracy_per_mean_user_and_bot_epoch7": 0.8411637819259242, "ENV_Train_TotalLoss_epoch8": 590.260598651856, "ENV_Train_Right action_epoch8": 0.8816056129365889, "ENV_Train_Probability to choose the right action_epoch8": 0.8333902479884154, "ENV_Train_Weighted right action_epoch8": 0.8816056129365889, "ENV_Train_Weighted probability to choose the right action:_epoch8": 0.8333902479884154, "ENV_Test_TotalLoss_epoch8": 302.5834863119861, "ENV_Test_Right action_epoch8": 0.806784, "ENV_Test_Probability to choose the right action_epoch8": 0.7845392434316234, "ENV_Test_Weighted right action_epoch8": 0.8348329493839038, "ENV_Test_Weighted probability to choose the right action:_epoch8": 0.8114412427595767, "ENV_Test_proba_accuracy_epoch8": 0.7845392434316228, "ENV_Test_proba_accuracy_strategy_132_epoch8": 0.8211810704311964, "ENV_Test_proba_accuracy_strategy_23_epoch8": 0.7925592494802133, "ENV_Test_proba_accuracy_strategy_107_epoch8": 0.8337695766021875, "ENV_Test_proba_accuracy_strategy_43_epoch8": 0.775229117902417, "ENV_Test_proba_accuracy_strategy_17_epoch8": 0.7537430509283201, "ENV_Test_proba_accuracy_strategy_93_epoch8": 0.790172532615193, "ENV_Test_proba_accuracy_per_mean_strategy_epoch8": 0.7944424329932546, "ENV_Test_proba_accuracy_per_mean_user_epoch8": 0.7939597328880881, "ENV_Test_proba_accuracy_per_mean_user_and_bot_epoch8": 0.811441242759577, "ENV_Test_accuracy_epoch8": 0.806784, "ENV_Test_accuracy_strategy_132_epoch8": 0.8379603399433427, "ENV_Test_accuracy_strategy_23_epoch8": 0.8182258846340281, "ENV_Test_accuracy_strategy_107_epoch8": 0.8669950738916257, "ENV_Test_accuracy_strategy_43_epoch8": 0.7989821882951654, "ENV_Test_accuracy_strategy_17_epoch8": 0.7731397459165155, "ENV_Test_accuracy_strategy_93_epoch8": 0.8049907578558225, "ENV_Test_accuracy_per_mean_strategy_epoch8": 0.8167156650894166, "ENV_Test_accuracy_per_mean_user_epoch8": 0.8159089983708138, "ENV_Test_accuracy_per_mean_user_and_bot_epoch8": 0.8348329493839041, "ENV_Train_TotalLoss_epoch9": 546.1174692413683, "ENV_Train_Right action_epoch9": 0.8921642625517164, "ENV_Train_Probability to choose the right action_epoch9": 0.8469527991372077, "ENV_Train_Weighted right action_epoch9": 0.8921642625517164, "ENV_Train_Weighted probability to choose the right action:_epoch9": 0.8469527991372077, "ENV_Test_TotalLoss_epoch9": 304.36112519525483, "ENV_Test_Right action_epoch9": 0.804416, "ENV_Test_Probability to choose the right action_epoch9": 0.7864733681024059, "ENV_Test_Weighted right action_epoch9": 0.8349740833083391, "ENV_Test_Weighted probability to choose the right action:_epoch9": 0.8148369581535058, "ENV_Test_proba_accuracy_epoch9": 0.7864733681024064, "ENV_Test_proba_accuracy_strategy_132_epoch9": 0.8200174893052091, "ENV_Test_proba_accuracy_strategy_23_epoch9": 0.7953730164956403, "ENV_Test_proba_accuracy_strategy_107_epoch9": 0.8415231471314729, "ENV_Test_proba_accuracy_strategy_43_epoch9": 0.7738821963009579, "ENV_Test_proba_accuracy_strategy_17_epoch9": 0.7573329166774377, "ENV_Test_proba_accuracy_strategy_93_epoch9": 0.7868743095957204, "ENV_Test_proba_accuracy_per_mean_strategy_epoch9": 0.7958338459177398, "ENV_Test_proba_accuracy_per_mean_user_epoch9": 0.7955817528195215, "ENV_Test_proba_accuracy_per_mean_user_and_bot_epoch9": 0.8148369581535067, "ENV_Test_accuracy_epoch9": 0.804416, "ENV_Test_accuracy_strategy_132_epoch9": 0.8345609065155808, "ENV_Test_accuracy_strategy_23_epoch9": 0.8159638067539182, "ENV_Test_accuracy_strategy_107_epoch9": 0.8686371100164204, "ENV_Test_accuracy_strategy_43_epoch9": 0.7888040712468194, "ENV_Test_accuracy_strategy_17_epoch9": 0.7733666061705989, "ENV_Test_accuracy_strategy_93_epoch9": 0.8022181146025879, "ENV_Test_accuracy_per_mean_strategy_epoch9": 0.8139251025509875, "ENV_Test_accuracy_per_mean_user_epoch9": 0.8133184733339464, "ENV_Test_accuracy_per_mean_user_and_bot_epoch9": 0.8349740833083386, "ENV_Train_TotalLoss_epoch10": 505.0880612254545, "ENV_Train_Right action_epoch10": 0.9011962658617028, "ENV_Train_Probability to choose the right action_epoch10": 0.8588887178353658, "ENV_Train_Weighted right action_epoch10": 0.9011962658617028, "ENV_Train_Weighted probability to choose the right action:_epoch10": 0.8588887178353658, "ENV_Test_TotalLoss_epoch10": 379.60123596473693, "ENV_Test_Right action_epoch10": 0.7984, "ENV_Test_Probability to choose the right action_epoch10": 0.785200511043709, "ENV_Test_Weighted right action_epoch10": 0.8302339429882164, "ENV_Test_Weighted probability to choose the right action:_epoch10": 0.8157329142820938, "ENV_Test_proba_accuracy_epoch10": 0.785200511043709, "ENV_Test_proba_accuracy_strategy_132_epoch10": 0.8259693281926573, "ENV_Test_proba_accuracy_strategy_23_epoch10": 0.7924658515903258, "ENV_Test_proba_accuracy_strategy_107_epoch10": 0.8464508029436808, "ENV_Test_proba_accuracy_strategy_43_epoch10": 0.780228679563143, "ENV_Test_proba_accuracy_strategy_17_epoch10": 0.7509512668151025, "ENV_Test_proba_accuracy_strategy_93_epoch10": 0.7894175211815636, "ENV_Test_proba_accuracy_per_mean_strategy_epoch10": 0.7975805750477455, "ENV_Test_proba_accuracy_per_mean_user_epoch10": 0.7950409326018393, "ENV_Test_proba_accuracy_per_mean_user_and_bot_epoch10": 0.8157329142820942, "ENV_Test_accuracy_epoch10": 0.7984, "ENV_Test_accuracy_strategy_132_epoch10": 0.8373937677053824, "ENV_Test_accuracy_strategy_23_epoch10": 0.8083696881564065, "ENV_Test_accuracy_strategy_107_epoch10": 0.8587848932676518, "ENV_Test_accuracy_strategy_43_epoch10": 0.7983460559796438, "ENV_Test_accuracy_strategy_17_epoch10": 0.7590744101633394, "ENV_Test_accuracy_strategy_93_epoch10": 0.8040665434380776, "ENV_Test_accuracy_per_mean_strategy_epoch10": 0.8110058931184169, "ENV_Test_accuracy_per_mean_user_epoch10": 0.8079753476243391, "ENV_Test_accuracy_per_mean_user_and_bot_epoch10": 0.8302339429882163, "ENV_Train_TotalLoss_epoch11": 469.12784391544585, "ENV_Train_Right action_epoch11": 0.9095851735897579, "ENV_Train_Probability to choose the right action_epoch11": 0.870183048455204, "ENV_Train_Weighted right action_epoch11": 0.9095851735897579, "ENV_Train_Weighted probability to choose the right action:_epoch11": 0.870183048455204, "ENV_Test_TotalLoss_epoch11": 382.29945095294875, "ENV_Test_Right action_epoch11": 0.804608, "ENV_Test_Probability to choose the right action_epoch11": 0.7900879167601214, "ENV_Test_Weighted right action_epoch11": 0.8299421391284638, "ENV_Test_Weighted probability to choose the right action:_epoch11": 0.8166169345128527, "ENV_Test_proba_accuracy_epoch11": 0.7900879167601215, "ENV_Test_proba_accuracy_strategy_132_epoch11": 0.8190170302770587, "ENV_Test_proba_accuracy_strategy_23_epoch11": 0.8001671215329802, "ENV_Test_proba_accuracy_strategy_107_epoch11": 0.8536221123497725, "ENV_Test_proba_accuracy_strategy_43_epoch11": 0.77946041125919, "ENV_Test_proba_accuracy_strategy_17_epoch11": 0.7590455719948174, "ENV_Test_proba_accuracy_strategy_93_epoch11": 0.7913898442667867, "ENV_Test_proba_accuracy_per_mean_strategy_epoch11": 0.8004503486134342, "ENV_Test_proba_accuracy_per_mean_user_epoch11": 0.7986135318461924, "ENV_Test_proba_accuracy_per_mean_user_and_bot_epoch11": 0.8166169345128522, "ENV_Test_accuracy_epoch11": 0.804608, "ENV_Test_accuracy_strategy_132_epoch11": 0.8294617563739377, "ENV_Test_accuracy_strategy_23_epoch11": 0.8172564226854095, "ENV_Test_accuracy_strategy_107_epoch11": 0.8669950738916257, "ENV_Test_accuracy_strategy_43_epoch11": 0.7938931297709924, "ENV_Test_accuracy_strategy_17_epoch11": 0.772912885662432, "ENV_Test_accuracy_strategy_93_epoch11": 0.8012939001848429, "ENV_Test_accuracy_per_mean_strategy_epoch11": 0.8136355280948734, "ENV_Test_accuracy_per_mean_user_epoch11": 0.811637501658854, "ENV_Test_accuracy_per_mean_user_and_bot_epoch11": 0.8299421391284636, "ENV_Train_TotalLoss_epoch12": 429.430788052551, "ENV_Train_Right action_epoch12": 0.9170743298018058, "ENV_Train_Probability to choose the right action_epoch12": 0.8815218242891165, "ENV_Train_Weighted right action_epoch12": 0.9170743298018058, "ENV_Train_Weighted probability to choose the right action:_epoch12": 0.8815218242891165, "ENV_Test_TotalLoss_epoch12": 426.63819225859504, "ENV_Test_Right action_epoch12": 0.803712, "ENV_Test_Probability to choose the right action_epoch12": 0.7934203828440867, "ENV_Test_Weighted right action_epoch12": 0.8334802412731127, "ENV_Test_Weighted probability to choose the right action:_epoch12": 0.8225309882996981, "ENV_Test_proba_accuracy_epoch12": 0.7934203828440862, "ENV_Test_proba_accuracy_strategy_132_epoch12": 0.8297324138831879, "ENV_Test_proba_accuracy_strategy_23_epoch12": 0.7996490866835788, "ENV_Test_proba_accuracy_strategy_107_epoch12": 0.8568910051775613, "ENV_Test_proba_accuracy_strategy_43_epoch12": 0.781896197761471, "ENV_Test_proba_accuracy_strategy_17_epoch12": 0.7669314345146968, "ENV_Test_proba_accuracy_strategy_93_epoch12": 0.787492019940297, "ENV_Test_proba_accuracy_per_mean_strategy_epoch12": 0.8037653596601321, "ENV_Test_proba_accuracy_per_mean_user_epoch12": 0.8030366183913493, "ENV_Test_proba_accuracy_per_mean_user_and_bot_epoch12": 0.8225309882996981, "ENV_Test_accuracy_epoch12": 0.803712, "ENV_Test_accuracy_strategy_132_epoch12": 0.8402266288951842, "ENV_Test_accuracy_strategy_23_epoch12": 0.8096623040878979, "ENV_Test_accuracy_strategy_107_epoch12": 0.8653530377668309, "ENV_Test_accuracy_strategy_43_epoch12": 0.7926208651399491, "ENV_Test_accuracy_strategy_17_epoch12": 0.7790381125226861, "ENV_Test_accuracy_strategy_93_epoch12": 0.7920517560073937, "ENV_Test_accuracy_per_mean_strategy_epoch12": 0.8131587840699903, "ENV_Test_accuracy_per_mean_user_epoch12": 0.8134402411644598, "ENV_Test_accuracy_per_mean_user_and_bot_epoch12": 0.8334802412731124, "ENV_Train_TotalLoss_epoch13": 397.38569163370016, "ENV_Train_Right action_epoch13": 0.9237618641580118, "ENV_Train_Probability to choose the right action_epoch13": 0.8908512353729016, "ENV_Train_Weighted right action_epoch13": 0.9237618641580118, "ENV_Train_Weighted probability to choose the right action:_epoch13": 0.8908512353729016, "ENV_Test_TotalLoss_epoch13": 408.3971470768513, "ENV_Test_Right action_epoch13": 0.800384, "ENV_Test_Probability to choose the right action_epoch13": 0.789825959171517, "ENV_Test_Weighted right action_epoch13": 0.8251376356370879, "ENV_Test_Weighted probability to choose the right action:_epoch13": 0.8155865708891152, "ENV_Test_proba_accuracy_epoch13": 0.7898259591715171, "ENV_Test_proba_accuracy_strategy_132_epoch13": 0.8269949266918015, "ENV_Test_proba_accuracy_strategy_23_epoch13": 0.7986907927475616, "ENV_Test_proba_accuracy_strategy_107_epoch13": 0.8394542462469704, "ENV_Test_proba_accuracy_strategy_43_epoch13": 0.7800718491569736, "ENV_Test_proba_accuracy_strategy_17_epoch13": 0.7612545113008987, "ENV_Test_proba_accuracy_strategy_93_epoch13": 0.7811245669831205, "ENV_Test_proba_accuracy_per_mean_strategy_epoch13": 0.7979318155212209, "ENV_Test_proba_accuracy_per_mean_user_epoch13": 0.8001161363772925, "ENV_Test_proba_accuracy_per_mean_user_and_bot_epoch13": 0.8155865708891155, "ENV_Test_accuracy_epoch13": 0.800384, "ENV_Test_accuracy_strategy_132_epoch13": 0.8413597733711048, "ENV_Test_accuracy_strategy_23_epoch13": 0.8083696881564065, "ENV_Test_accuracy_strategy_107_epoch13": 0.8423645320197044, "ENV_Test_accuracy_strategy_43_epoch13": 0.7938931297709924, "ENV_Test_accuracy_strategy_17_epoch13": 0.7724591651542649, "ENV_Test_accuracy_strategy_93_epoch13": 0.7874306839186691, "ENV_Test_accuracy_per_mean_strategy_epoch13": 0.8076461620651904, "ENV_Test_accuracy_per_mean_user_epoch13": 0.8105338620572506, "ENV_Test_accuracy_per_mean_user_and_bot_epoch13": 0.8251376356370881, "ENV_Train_TotalLoss_epoch14": 362.6524791690308, "ENV_Train_Right action_epoch14": 0.9310696569552155, "ENV_Train_Probability to choose the right action_epoch14": 0.9011060727351369, "ENV_Train_Weighted right action_epoch14": 0.9310696569552155, "ENV_Train_Weighted probability to choose the right action:_epoch14": 0.9011060727351369, "ENV_Test_TotalLoss_epoch14": 474.2642970327267, "ENV_Test_Right action_epoch14": 0.795456, "ENV_Test_Probability to choose the right action_epoch14": 0.7862222846483331, "ENV_Test_Weighted right action_epoch14": 0.8229627920273574, "ENV_Test_Weighted probability to choose the right action:_epoch14": 0.81256919321679, "ENV_Test_proba_accuracy_epoch14": 0.7862222846483341, "ENV_Test_proba_accuracy_strategy_132_epoch14": 0.8163630862825727, "ENV_Test_proba_accuracy_strategy_23_epoch14": 0.7927339444851311, "ENV_Test_proba_accuracy_strategy_107_epoch14": 0.8477437847883895, "ENV_Test_proba_accuracy_strategy_43_epoch14": 0.7834239187104615, "ENV_Test_proba_accuracy_strategy_17_epoch14": 0.7584795831233448, "ENV_Test_proba_accuracy_strategy_93_epoch14": 0.7822695012627764, "ENV_Test_proba_accuracy_per_mean_strategy_epoch14": 0.7968356364421126, "ENV_Test_proba_accuracy_per_mean_user_epoch14": 0.7961636758363109, "ENV_Test_proba_accuracy_per_mean_user_and_bot_epoch14": 0.8125691932167907, "ENV_Test_accuracy_epoch14": 0.795456, "ENV_Test_accuracy_strategy_132_epoch14": 0.8322946175637393, "ENV_Test_accuracy_strategy_23_epoch14": 0.7999676846017127, "ENV_Test_accuracy_strategy_107_epoch14": 0.8571428571428571, "ENV_Test_accuracy_strategy_43_epoch14": 0.794529262086514, "ENV_Test_accuracy_strategy_17_epoch14": 0.7674682395644283, "ENV_Test_accuracy_strategy_93_epoch14": 0.7902033271719039, "ENV_Test_accuracy_per_mean_strategy_epoch14": 0.8069343313551925, "ENV_Test_accuracy_per_mean_user_epoch14": 0.8050465877836812, "ENV_Test_accuracy_per_mean_user_and_bot_epoch14": 0.8229627920273577, "ENV_Train_TotalLoss_epoch15": 329.57909825468715, "ENV_Train_Right action_epoch15": 0.9378241239044437, "ENV_Train_Probability to choose the right action_epoch15": 0.9102669390709991, "ENV_Train_Weighted right action_epoch15": 0.9378241239044437, "ENV_Train_Weighted probability to choose the right action:_epoch15": 0.9102669390709991, "ENV_Test_TotalLoss_epoch15": 466.53405318473824, "ENV_Test_Right action_epoch15": 0.790784, "ENV_Test_Probability to choose the right action_epoch15": 0.7818085499636195, "ENV_Test_Weighted right action_epoch15": 0.819833993999513, "ENV_Test_Weighted probability to choose the right action:_epoch15": 0.8096540416019593, "ENV_Test_proba_accuracy_epoch15": 0.7818085499636196, "ENV_Test_proba_accuracy_strategy_132_epoch15": 0.8183089716966775, "ENV_Test_proba_accuracy_strategy_23_epoch15": 0.787967817337448, "ENV_Test_proba_accuracy_strategy_107_epoch15": 0.8433551570125882, "ENV_Test_proba_accuracy_strategy_43_epoch15": 0.7820298036570987, "ENV_Test_proba_accuracy_strategy_17_epoch15": 0.7527154944289935, "ENV_Test_proba_accuracy_strategy_93_epoch15": 0.770597407784496, "ENV_Test_proba_accuracy_per_mean_strategy_epoch15": 0.7924957753195504, "ENV_Test_proba_accuracy_per_mean_user_epoch15": 0.7918860934370858, "ENV_Test_proba_accuracy_per_mean_user_and_bot_epoch15": 0.8096540416019599, "ENV_Test_accuracy_epoch15": 0.790784, "ENV_Test_accuracy_strategy_132_epoch15": 0.826628895184136, "ENV_Test_accuracy_strategy_23_epoch15": 0.7956051058329294, "ENV_Test_accuracy_strategy_107_epoch15": 0.8505747126436781, "ENV_Test_accuracy_strategy_43_epoch15": 0.7970737913486005, "ENV_Test_accuracy_strategy_17_epoch15": 0.7636116152450091, "ENV_Test_accuracy_strategy_93_epoch15": 0.7726432532347505, "ENV_Test_accuracy_per_mean_strategy_epoch15": 0.8010228955815172, "ENV_Test_accuracy_per_mean_user_epoch15": 0.8009457300895249, "ENV_Test_accuracy_per_mean_user_and_bot_epoch15": 0.8198339939995135, "ENV_Train_TotalLoss_epoch16": 304.06693040842976, "ENV_Train_Right action_epoch16": 0.9433052375560868, "ENV_Train_Probability to choose the right action_epoch16": 0.9172740563814067, "ENV_Train_Weighted right action_epoch16": 0.9433052375560868, "ENV_Train_Weighted probability to choose the right action:_epoch16": 0.9172740563814067, "ENV_Test_TotalLoss_epoch16": 543.8933889144455, "ENV_Test_Right action_epoch16": 0.797056, "ENV_Test_Probability to choose the right action_epoch16": 0.788442172244136, "ENV_Test_Weighted right action_epoch16": 0.8247255075470684, "ENV_Test_Weighted probability to choose the right action:_epoch16": 0.8151674066569257, "ENV_Test_proba_accuracy_epoch16": 0.7884421722441358, "ENV_Test_proba_accuracy_strategy_132_epoch16": 0.8210452643264148, "ENV_Test_proba_accuracy_strategy_23_epoch16": 0.7964102329372151, "ENV_Test_proba_accuracy_strategy_107_epoch16": 0.8528432419597083, "ENV_Test_proba_accuracy_strategy_43_epoch16": 0.7828510178018617, "ENV_Test_proba_accuracy_strategy_17_epoch16": 0.7594417945980984, "ENV_Test_proba_accuracy_strategy_93_epoch16": 0.7797027293934101, "ENV_Test_proba_accuracy_per_mean_strategy_epoch16": 0.7987157135027848, "ENV_Test_proba_accuracy_per_mean_user_epoch16": 0.7981775133155131, "ENV_Test_proba_accuracy_per_mean_user_and_bot_epoch16": 0.8151674066569262, "ENV_Test_accuracy_epoch16": 0.797056, "ENV_Test_accuracy_strategy_132_epoch16": 0.826628895184136, "ENV_Test_accuracy_strategy_23_epoch16": 0.8049765713362417, "ENV_Test_accuracy_strategy_107_epoch16": 0.8735632183908046, "ENV_Test_accuracy_strategy_43_epoch16": 0.7926208651399491, "ENV_Test_accuracy_strategy_17_epoch16": 0.7672413793103449, "ENV_Test_accuracy_strategy_93_epoch16": 0.788354898336414, "ENV_Test_accuracy_per_mean_strategy_epoch16": 0.8088976379496485, "ENV_Test_accuracy_per_mean_user_epoch16": 0.8054434737287106, "ENV_Test_accuracy_per_mean_user_and_bot_epoch16": 0.8247255075470674, "ENV_Train_TotalLoss_epoch17": 280.87366805365474, "ENV_Train_Right action_epoch17": 0.9476229748808342, "ENV_Train_Probability to choose the right action_epoch17": 0.9243838538352892, "ENV_Train_Weighted right action_epoch17": 0.9476229748808342, "ENV_Train_Weighted probability to choose the right action:_epoch17": 0.9243838538352892, "ENV_Test_TotalLoss_epoch17": 485.4625786543537, "ENV_Test_Right action_epoch17": 0.797056, "ENV_Test_Probability to choose the right action_epoch17": 0.7894439658554974, "ENV_Test_Weighted right action_epoch17": 0.8225930257766797, "ENV_Test_Weighted probability to choose the right action:_epoch17": 0.81491495094861, "ENV_Test_proba_accuracy_epoch17": 0.7894439658554967, "ENV_Test_proba_accuracy_strategy_132_epoch17": 0.8276765910764238, "ENV_Test_proba_accuracy_strategy_23_epoch17": 0.7979385555826549, "ENV_Test_proba_accuracy_strategy_107_epoch17": 0.843400542159323, "ENV_Test_proba_accuracy_strategy_43_epoch17": 0.7857353957883634, "ENV_Test_proba_accuracy_strategy_17_epoch17": 0.758964706537776, "ENV_Test_proba_accuracy_strategy_93_epoch17": 0.7776780628173238, "ENV_Test_proba_accuracy_per_mean_strategy_epoch17": 0.7985656423269774, "ENV_Test_proba_accuracy_per_mean_user_epoch17": 0.8000056881153778, "ENV_Test_proba_accuracy_per_mean_user_and_bot_epoch17": 0.8149149509486097, "ENV_Test_accuracy_epoch17": 0.797056, "ENV_Test_accuracy_strategy_132_epoch17": 0.8379603399433427, "ENV_Test_accuracy_strategy_23_epoch17": 0.8046534173533689, "ENV_Test_accuracy_strategy_107_epoch17": 0.8472906403940886, "ENV_Test_accuracy_strategy_43_epoch17": 0.7938931297709924, "ENV_Test_accuracy_strategy_17_epoch17": 0.7670145190562614, "ENV_Test_accuracy_strategy_93_epoch17": 0.7855822550831792, "ENV_Test_accuracy_per_mean_strategy_epoch17": 0.8060657169335389, "ENV_Test_accuracy_per_mean_user_epoch17": 0.80785049751664, "ENV_Test_accuracy_per_mean_user_and_bot_epoch17": 0.82259302577668, "ENV_Train_TotalLoss_epoch18": 255.42246971156524, "ENV_Train_Right action_epoch18": 0.9534883720930233, "ENV_Train_Probability to choose the right action_epoch18": 0.9316512501721588, "ENV_Train_Weighted right action_epoch18": 0.9534883720930233, "ENV_Train_Weighted probability to choose the right action:_epoch18": 0.9316512501721588, "ENV_Test_TotalLoss_epoch18": 573.4076321894916, "ENV_Test_Right action_epoch18": 0.79456, "ENV_Test_Probability to choose the right action_epoch18": 0.7895249612504782, "ENV_Test_Weighted right action_epoch18": 0.8213364936782936, "ENV_Test_Weighted probability to choose the right action:_epoch18": 0.8156497860507916, "ENV_Test_proba_accuracy_epoch18": 0.7895249612504782, "ENV_Test_proba_accuracy_strategy_132_epoch18": 0.8232413061314984, "ENV_Test_proba_accuracy_strategy_23_epoch18": 0.7936016280279372, "ENV_Test_proba_accuracy_strategy_107_epoch18": 0.8519103292773846, "ENV_Test_proba_accuracy_strategy_43_epoch18": 0.7853233791150365, "ENV_Test_proba_accuracy_strategy_17_epoch18": 0.7644985059993054, "ENV_Test_proba_accuracy_strategy_93_epoch18": 0.7841543266247872, "ENV_Test_proba_accuracy_per_mean_strategy_epoch18": 0.8004549125293249, "ENV_Test_proba_accuracy_per_mean_user_epoch18": 0.7997099629598965, "ENV_Test_proba_accuracy_per_mean_user_and_bot_epoch18": 0.8156497860507921, "ENV_Test_accuracy_epoch18": 0.79456, "ENV_Test_accuracy_strategy_132_epoch18": 0.8254957507082153, "ENV_Test_accuracy_strategy_23_epoch18": 0.7989982226530942, "ENV_Test_accuracy_strategy_107_epoch18": 0.8538587848932676, "ENV_Test_accuracy_strategy_43_epoch18": 0.7849872773536896, "ENV_Test_accuracy_strategy_17_epoch18": 0.7722323049001815, "ENV_Test_accuracy_strategy_93_epoch18": 0.7902033271719039, "ENV_Test_accuracy_per_mean_strategy_epoch18": 0.804295944613392, "ENV_Test_accuracy_per_mean_user_epoch18": 0.8045071986832222, "ENV_Test_accuracy_per_mean_user_and_bot_epoch18": 0.8213364936782939, "ENV_Train_TotalLoss_epoch19": 244.5358384847471, "ENV_Train_Right action_epoch19": 0.9559267542633492, "ENV_Train_Probability to choose the right action_epoch19": 0.9354367210556898, "ENV_Train_Weighted right action_epoch19": 0.9559267542633492, "ENV_Train_Weighted probability to choose the right action:_epoch19": 0.9354367210556898, "ENV_Test_TotalLoss_epoch19": 587.148809007018, "ENV_Test_Right action_epoch19": 0.788736, "ENV_Test_Probability to choose the right action_epoch19": 0.783013979519275, "ENV_Test_Weighted right action_epoch19": 0.8175685070591037, "ENV_Test_Weighted probability to choose the right action:_epoch19": 0.8125046031540956, "ENV_Test_proba_accuracy_epoch19": 0.7830139795192751, "ENV_Test_proba_accuracy_strategy_132_epoch19": 0.8136864449868566, "ENV_Test_proba_accuracy_strategy_23_epoch19": 0.789311984264755, "ENV_Test_proba_accuracy_strategy_107_epoch19": 0.8499713035237836, "ENV_Test_proba_accuracy_strategy_43_epoch19": 0.7828935519012892, "ENV_Test_proba_accuracy_strategy_17_epoch19": 0.7519175061908283, "ENV_Test_proba_accuracy_strategy_93_epoch19": 0.7861288625215536, "ENV_Test_proba_accuracy_per_mean_strategy_epoch19": 0.7956516088981777, "ENV_Test_proba_accuracy_per_mean_user_epoch19": 0.7945819327018018, "ENV_Test_proba_accuracy_per_mean_user_and_bot_epoch19": 0.8125046031540951, "ENV_Test_accuracy_epoch19": 0.788736, "ENV_Test_accuracy_strategy_132_epoch19": 0.8164305949008499, "ENV_Test_accuracy_strategy_23_epoch19": 0.7956051058329294, "ENV_Test_accuracy_strategy_107_epoch19": 0.8522167487684729, "ENV_Test_accuracy_strategy_43_epoch19": 0.7868956743002544, "ENV_Test_accuracy_strategy_17_epoch19": 0.7583938294010889, "ENV_Test_accuracy_strategy_93_epoch19": 0.7948243992606284, "ENV_Test_accuracy_per_mean_strategy_epoch19": 0.8007277254107038, "ENV_Test_accuracy_per_mean_user_epoch19": 0.8010294302668697, "ENV_Test_accuracy_per_mean_user_and_bot_epoch19": 0.817568507059104, "ENV_Train_TotalLoss_epoch20": 224.93706909172366, "ENV_Train_Right action_epoch20": 0.9598596765852773, "ENV_Train_Probability to choose the right action_epoch20": 0.9405765189517621, "ENV_Train_Weighted right action_epoch20": 0.9598596765852773, "ENV_Train_Weighted probability to choose the right action:_epoch20": 0.9405765189517621, "ENV_Test_TotalLoss_epoch20": 615.5358557080342, "ENV_Test_Right action_epoch20": 0.793152, "ENV_Test_Probability to choose the right action_epoch20": 0.7890215099451485, "ENV_Test_Weighted right action_epoch20": 0.8187651618523787, "ENV_Test_Weighted probability to choose the right action:_epoch20": 0.8144474921384077, "ENV_Test_proba_accuracy_epoch20": 0.7890215099451474, "ENV_Test_proba_accuracy_strategy_132_epoch20": 0.8239360146121769, "ENV_Test_proba_accuracy_strategy_23_epoch20": 0.7967727092466454, "ENV_Test_proba_accuracy_strategy_107_epoch20": 0.834645773140329, "ENV_Test_proba_accuracy_strategy_43_epoch20": 0.7853361256400506, "ENV_Test_proba_accuracy_strategy_17_epoch20": 0.7602161565473738, "ENV_Test_proba_accuracy_strategy_93_epoch20": 0.7847571591178418, "ENV_Test_proba_accuracy_per_mean_strategy_epoch20": 0.7976106563840696, "ENV_Test_proba_accuracy_per_mean_user_epoch20": 0.7998130992105039, "ENV_Test_proba_accuracy_per_mean_user_and_bot_epoch20": 0.814447492138407, "ENV_Test_accuracy_epoch20": 0.793152, "ENV_Test_accuracy_strategy_132_epoch20": 0.8322946175637393, "ENV_Test_accuracy_strategy_23_epoch20": 0.8012603005332041, "ENV_Test_accuracy_strategy_107_epoch20": 0.8308702791461412, "ENV_Test_accuracy_strategy_43_epoch20": 0.789440203562341, "ENV_Test_accuracy_strategy_17_epoch20": 0.7633847549909256, "ENV_Test_accuracy_strategy_93_epoch20": 0.788354898336414, "ENV_Test_accuracy_per_mean_strategy_epoch20": 0.8009341756887943, "ENV_Test_accuracy_per_mean_user_epoch20": 0.8034486858186441, "ENV_Test_accuracy_per_mean_user_and_bot_epoch20": 0.8187651618523785, "ENV_Train_TotalLoss_epoch21": 206.24515603864313, "ENV_Train_Right action_epoch21": 0.9634701920120741, "ENV_Train_Probability to choose the right action_epoch21": 0.9461445870789605, "ENV_Train_Weighted right action_epoch21": 0.9634701920120741, "ENV_Train_Weighted probability to choose the right action:_epoch21": 0.9461445870789605, "ENV_Test_TotalLoss_epoch21": 678.7503446778262, "ENV_Test_Right action_epoch21": 0.790144, "ENV_Test_Probability to choose the right action_epoch21": 0.7859038015554238, "ENV_Test_Weighted right action_epoch21": 0.8199044132076226, "ENV_Test_Weighted probability to choose the right action:_epoch21": 0.8153831094163078, "ENV_Test_proba_accuracy_epoch21": 0.7859038015554243, "ENV_Test_proba_accuracy_strategy_132_epoch21": 0.8200540553934351, "ENV_Test_proba_accuracy_strategy_23_epoch21": 0.7909899409995051, "ENV_Test_proba_accuracy_strategy_107_epoch21": 0.8481233034959932, "ENV_Test_proba_accuracy_strategy_43_epoch21": 0.7828304297303644, "ENV_Test_proba_accuracy_strategy_17_epoch21": 0.7552183204467784, "ENV_Test_proba_accuracy_strategy_93_epoch21": 0.795559947128984, "ENV_Test_proba_accuracy_per_mean_strategy_epoch21": 0.7987959995325101, "ENV_Test_proba_accuracy_per_mean_user_epoch21": 0.7974173378487179, "ENV_Test_proba_accuracy_per_mean_user_and_bot_epoch21": 0.8153831094163088, "ENV_Test_accuracy_epoch21": 0.790144, "ENV_Test_accuracy_strategy_132_epoch21": 0.8198300283286118, "ENV_Test_accuracy_strategy_23_epoch21": 0.7960898368072387, "ENV_Test_accuracy_strategy_107_epoch21": 0.8505747126436781, "ENV_Test_accuracy_strategy_43_epoch21": 0.7849872773536896, "ENV_Test_accuracy_strategy_17_epoch21": 0.7599818511796733, "ENV_Test_accuracy_strategy_93_epoch21": 0.8040665434380776, "ENV_Test_accuracy_per_mean_strategy_epoch21": 0.8025883749584949, "ENV_Test_accuracy_per_mean_user_epoch21": 0.8009083699727092, "ENV_Test_accuracy_per_mean_user_and_bot_epoch21": 0.8199044132076219, "ENV_Train_TotalLoss_epoch22": 193.056950248648, "ENV_Train_Right action_epoch22": 0.9662431333081729, "ENV_Train_Probability to choose the right action_epoch22": 0.95043194837255, "ENV_Train_Weighted right action_epoch22": 0.9662431333081729, "ENV_Train_Weighted probability to choose the right action:_epoch22": 0.95043194837255, "ENV_Test_TotalLoss_epoch22": 672.6450985648682, "ENV_Test_Right action_epoch22": 0.793728, "ENV_Test_Probability to choose the right action_epoch22": 0.7894190768509214, "ENV_Test_Weighted right action_epoch22": 0.8184405226564027, "ENV_Test_Weighted probability to choose the right action:_epoch22": 0.8156471863812885, "ENV_Test_proba_accuracy_epoch22": 0.7894190768509213, "ENV_Test_proba_accuracy_strategy_132_epoch22": 0.8244312082604742, "ENV_Test_proba_accuracy_strategy_23_epoch22": 0.792151964686147, "ENV_Test_proba_accuracy_strategy_107_epoch22": 0.8576280927049754, "ENV_Test_proba_accuracy_strategy_43_epoch22": 0.7831112448650468, "ENV_Test_proba_accuracy_strategy_17_epoch22": 0.765944746199015, "ENV_Test_proba_accuracy_strategy_93_epoch22": 0.7830800897808692, "ENV_Test_proba_accuracy_per_mean_strategy_epoch22": 0.8010578910827547, "ENV_Test_proba_accuracy_per_mean_user_epoch22": 0.8014378532844528, "ENV_Test_proba_accuracy_per_mean_user_and_bot_epoch22": 0.8156471863812896, "ENV_Test_accuracy_epoch22": 0.793728, "ENV_Test_accuracy_strategy_132_epoch22": 0.8288951841359773, "ENV_Test_accuracy_strategy_23_epoch22": 0.7957666828243658, "ENV_Test_accuracy_strategy_107_epoch22": 0.8587848932676518, "ENV_Test_accuracy_strategy_43_epoch22": 0.7888040712468194, "ENV_Test_accuracy_strategy_17_epoch22": 0.7708711433756806, "ENV_Test_accuracy_strategy_93_epoch22": 0.788354898336414, "ENV_Test_accuracy_per_mean_strategy_epoch22": 0.8052461455311516, "ENV_Test_accuracy_per_mean_user_epoch22": 0.8049561798285176, "ENV_Test_accuracy_per_mean_user_and_bot_epoch22": 0.8184405226564023, "ENV_Train_TotalLoss_epoch23": 181.6409212022715, "ENV_Train_Right action_epoch23": 0.968456507155635, "ENV_Train_Probability to choose the right action_epoch23": 0.9532258038313044, "ENV_Train_Weighted right action_epoch23": 0.968456507155635, "ENV_Train_Weighted probability to choose the right action:_epoch23": 0.9532258038313044, "ENV_Test_TotalLoss_epoch23": 653.4977941505144, "ENV_Test_Right action_epoch23": 0.789248, "ENV_Test_Probability to choose the right action_epoch23": 0.7859528590518257, "ENV_Test_Weighted right action_epoch23": 0.8108357782948078, "ENV_Test_Weighted probability to choose the right action:_epoch23": 0.8102896332355178, "ENV_Test_proba_accuracy_epoch23": 0.7859528590518264, "ENV_Test_proba_accuracy_strategy_132_epoch23": 0.8216215236381826, "ENV_Test_proba_accuracy_strategy_23_epoch23": 0.790857481381322, "ENV_Test_proba_accuracy_strategy_107_epoch23": 0.8365164516579199, "ENV_Test_proba_accuracy_strategy_43_epoch23": 0.7773650875007598, "ENV_Test_proba_accuracy_strategy_17_epoch23": 0.7623346273566225, "ENV_Test_proba_accuracy_strategy_93_epoch23": 0.7799510232860757, "ENV_Test_proba_accuracy_per_mean_strategy_epoch23": 0.7947743658034804, "ENV_Test_proba_accuracy_per_mean_user_epoch23": 0.7975658407856704, "ENV_Test_proba_accuracy_per_mean_user_and_bot_epoch23": 0.8102896332355174, "ENV_Test_accuracy_epoch23": 0.789248, "ENV_Test_accuracy_strategy_132_epoch23": 0.8226628895184136, "ENV_Test_accuracy_strategy_23_epoch23": 0.7956051058329294, "ENV_Test_accuracy_strategy_107_epoch23": 0.8374384236453202, "ENV_Test_accuracy_strategy_43_epoch23": 0.7805343511450382, "ENV_Test_accuracy_strategy_17_epoch23": 0.7663339382940109, "ENV_Test_accuracy_strategy_93_epoch23": 0.777264325323475, "ENV_Test_accuracy_per_mean_strategy_epoch23": 0.7966398389598646, "ENV_Test_accuracy_per_mean_user_epoch23": 0.8004592307350124, "ENV_Test_accuracy_per_mean_user_and_bot_epoch23": 0.8108357782948085, "ENV_Train_TotalLoss_epoch24": 171.87509963528464, "ENV_Train_Right action_epoch24": 0.9702153828951599, "ENV_Train_Probability to choose the right action_epoch24": 0.9559174990800641, "ENV_Train_Weighted right action_epoch24": 0.9702153828951599, "ENV_Train_Weighted probability to choose the right action:_epoch24": 0.9559174990800641, "ENV_Test_TotalLoss_epoch24": 661.1528386017279, "ENV_Test_Right action_epoch24": 0.790592, "ENV_Test_Probability to choose the right action_epoch24": 0.7865439859639403, "ENV_Test_Weighted right action_epoch24": 0.8183927486801963, "ENV_Test_Weighted probability to choose the right action:_epoch24": 0.8152317089517219, "ENV_Test_proba_accuracy_epoch24": 0.7865439859639397, "ENV_Test_proba_accuracy_strategy_132_epoch24": 0.820916910241102, "ENV_Test_proba_accuracy_strategy_23_epoch24": 0.7904801862623763, "ENV_Test_proba_accuracy_strategy_107_epoch24": 0.8469045051707441, "ENV_Test_proba_accuracy_strategy_43_epoch24": 0.7847457743237601, "ENV_Test_proba_accuracy_strategy_17_epoch24": 0.7585922285817863, "ENV_Test_proba_accuracy_strategy_93_epoch24": 0.790471180091236, "ENV_Test_proba_accuracy_per_mean_strategy_epoch24": 0.7986851307785008, "ENV_Test_proba_accuracy_per_mean_user_epoch24": 0.7976859142999697, "ENV_Test_proba_accuracy_per_mean_user_and_bot_epoch24": 0.8152317089517231, "ENV_Test_accuracy_epoch24": 0.790592, "ENV_Test_accuracy_strategy_132_epoch24": 0.8271954674220963, "ENV_Test_accuracy_strategy_23_epoch24": 0.7938277589271288, "ENV_Test_accuracy_strategy_107_epoch24": 0.8456486042692939, "ENV_Test_accuracy_strategy_43_epoch24": 0.7856234096692112, "ENV_Test_accuracy_strategy_17_epoch24": 0.76497277676951, "ENV_Test_accuracy_strategy_93_epoch24": 0.7929759704251387, "ENV_Test_accuracy_per_mean_strategy_epoch24": 0.8017073312470631, "ENV_Test_accuracy_per_mean_user_epoch24": 0.802247311856639, "ENV_Test_accuracy_per_mean_user_and_bot_epoch24": 0.818392748680197, "_wandb": {"runtime": 1960}}