{"ENV_Train_TotalLoss": 511.60361016620595, "ENV_Train_TotalLoss_epoch0": 1081.1382307268432, "ENV_Train_Right action": 0.9068444518987518, "ENV_Train_Right action_epoch0": 0.772946387402367, "ENV_Train_Probability to choose the right action": 0.8639042430567073, "ENV_Train_Probability to choose the right action_epoch0": 0.685638074249481, "ENV_Train_Weighted right action": 0.9068444518987518, "ENV_Train_Weighted right action_epoch0": 0.772946387402367, "ENV_Train_Weighted probability to choose the right action:": 0.8639042430567073, "ENV_Train_Weighted probability to choose the right action:_epoch0": 0.685638074249481, "_timestamp": 1720398551.4776495, "_runtime": 1988.322874546051, "_step": 49, "ENV_Test_TotalLoss": 216.96053965353892, "ENV_Test_TotalLoss_epoch0": 213.1868919334362, "ENV_Test_Right action": 0.834944, "ENV_Test_Right action_epoch0": 0.80256, "ENV_Test_Probability to choose the right action": 0.8100096492527824, "ENV_Test_Probability to choose the right action_epoch0": 0.7397666582488756, "ENV_Test_Weighted right action": 0.8662718345844571, "ENV_Test_Weighted right action_epoch0": 0.8395296257924805, "ENV_Test_Weighted probability to choose the right action:": 0.8422478726739545, "ENV_Test_Weighted probability to choose the right action:_epoch0": 0.7761961155821675, "ENV_Test_proba_accuracy": 0.8100096492527823, "ENV_Test_proba_accuracy_epoch0": 0.7397666582488756, "ENV_Test_proba_accuracy_strategy_132": 0.8461212130882078, "ENV_Test_proba_accuracy_strategy_132_epoch0": 0.7820405716659682, "ENV_Test_proba_accuracy_strategy_23": 0.8137580362237605, "ENV_Test_proba_accuracy_strategy_23_epoch0": 0.7406214835691544, "ENV_Test_proba_accuracy_strategy_107": 0.8760021345630504, "ENV_Test_proba_accuracy_strategy_107_epoch0": 0.8127221179632717, "ENV_Test_proba_accuracy_strategy_43": 0.8011689061449287, "ENV_Test_proba_accuracy_strategy_43_epoch0": 0.7427899199406642, "ENV_Test_proba_accuracy_strategy_17": 0.7823895865327588, "ENV_Test_proba_accuracy_strategy_17_epoch0": 0.7087882190979169, "ENV_Test_proba_accuracy_strategy_93": 0.8178856048429374, "ENV_Test_proba_accuracy_strategy_93_epoch0": 0.7466673480302927, "ENV_Test_proba_accuracy_per_mean_strategy": 0.8228875802326071, "ENV_Test_proba_accuracy_per_mean_strategy_epoch0": 0.755604943377878, "ENV_Test_proba_accuracy_per_mean_user": 0.8186187261979289, "ENV_Test_proba_accuracy_per_mean_user_epoch0": 0.7507477168716481, "ENV_Test_proba_accuracy_per_mean_user_and_bot": 0.8422478726739554, "ENV_Test_proba_accuracy_per_mean_user_and_bot_epoch0": 0.776196115582168, "ENV_Test_accuracy": 0.834944, "ENV_Test_accuracy_epoch0": 0.80256, "ENV_Test_accuracy_strategy_132": 0.8674220963172804, "ENV_Test_accuracy_strategy_132_epoch0": 0.8424929178470255, "ENV_Test_accuracy_strategy_23": 0.8390693165293263, "ENV_Test_accuracy_strategy_23_epoch0": 0.8057844562934238, "ENV_Test_accuracy_strategy_107": 0.8998357963875205, "ENV_Test_accuracy_strategy_107_epoch0": 0.8752052545155994, "ENV_Test_accuracy_strategy_43": 0.823791348600509, "ENV_Test_accuracy_strategy_43_epoch0": 0.8002544529262087, "ENV_Test_accuracy_strategy_17": 0.8087568058076225, "ENV_Test_accuracy_strategy_17_epoch0": 0.7722323049001815, "ENV_Test_accuracy_strategy_93": 0.844731977818854, "ENV_Test_accuracy_strategy_93_epoch0": 0.8049907578558225, "ENV_Test_accuracy_per_mean_strategy": 0.8472678902435189, "ENV_Test_accuracy_per_mean_strategy_epoch0": 0.8168266907230436, "ENV_Test_accuracy_per_mean_user": 0.8428482343629103, "ENV_Test_accuracy_per_mean_user_epoch0": 0.8125885382946274, "ENV_Test_accuracy_per_mean_user_and_bot": 0.8662718345844567, "ENV_Test_accuracy_per_mean_user_and_bot_epoch0": 0.8395296257924799, "ENV_Train_TotalLoss_epoch1": 932.947834597599, "ENV_Train_Right action_epoch1": 0.8130416550181716, "ENV_Train_Probability to choose the right action_epoch1": 0.7377783784432748, "ENV_Train_Weighted right action_epoch1": 0.8130416550181716, "ENV_Train_Weighted probability to choose the right action:_epoch1": 0.7377783784432748, "ENV_Test_TotalLoss_epoch1": 202.27017884445974, "ENV_Test_Right action_epoch1": 0.81248, "ENV_Test_Probability to choose the right action_epoch1": 0.7473728829600025, "ENV_Test_Weighted right action_epoch1": 0.8473800099224519, "ENV_Test_Weighted probability to choose the right action:_epoch1": 0.7850607605427055, "ENV_Test_proba_accuracy_epoch1": 0.747372882960003, "ENV_Test_proba_accuracy_strategy_132_epoch1": 0.7918785803229498, "ENV_Test_proba_accuracy_strategy_23_epoch1": 0.7491842374394181, "ENV_Test_proba_accuracy_strategy_107_epoch1": 0.8223106908267621, "ENV_Test_proba_accuracy_strategy_43_epoch1": 0.7492195743637143, "ENV_Test_proba_accuracy_strategy_17_epoch1": 0.7154886240946724, "ENV_Test_proba_accuracy_strategy_93_epoch1": 0.749445582111746, "ENV_Test_proba_accuracy_per_mean_strategy_epoch1": 0.762921214859877, "ENV_Test_proba_accuracy_per_mean_user_epoch1": 0.7585907453784924, "ENV_Test_proba_accuracy_per_mean_user_and_bot_epoch1": 0.7850607605427046, "ENV_Test_accuracy_epoch1": 0.81248, "ENV_Test_accuracy_strategy_132_epoch1": 0.8475920679886686, "ENV_Test_accuracy_strategy_23_epoch1": 0.8182258846340281, "ENV_Test_accuracy_strategy_107_epoch1": 0.8817733990147784, "ENV_Test_accuracy_strategy_43_epoch1": 0.8034351145038168, "ENV_Test_accuracy_strategy_17_epoch1": 0.7838021778584392, "ENV_Test_accuracy_strategy_93_epoch1": 0.8133086876155268, "ENV_Test_accuracy_per_mean_strategy_epoch1": 0.8246895552692096, "ENV_Test_accuracy_per_mean_user_epoch1": 0.821052837217073, "ENV_Test_accuracy_per_mean_user_and_bot_epoch1": 0.8473800099224519, "ENV_Train_TotalLoss_epoch2": 888.780867842108, "ENV_Train_Right action_epoch2": 0.8239150185198127, "ENV_Train_Probability to choose the right action_epoch2": 0.7509136729100897, "ENV_Train_Weighted right action_epoch2": 0.8239150185198127, "ENV_Train_Weighted probability to choose the right action:_epoch2": 0.7509136729100897, "ENV_Test_TotalLoss_epoch2": 196.78155355643273, "ENV_Test_Right action_epoch2": 0.819264, "ENV_Test_Probability to choose the right action_epoch2": 0.7620927038074042, "ENV_Test_Weighted right action_epoch2": 0.8553077810684111, "ENV_Test_Weighted probability to choose the right action:_epoch2": 0.7983660659058414, "ENV_Test_proba_accuracy_epoch2": 0.7620927038074033, "ENV_Test_proba_accuracy_strategy_132_epoch2": 0.803970145904334, "ENV_Test_proba_accuracy_strategy_23_epoch2": 0.764719028709231, "ENV_Test_proba_accuracy_strategy_107_epoch2": 0.8325172580419984, "ENV_Test_proba_accuracy_strategy_43_epoch2": 0.7659319626817707, "ENV_Test_proba_accuracy_strategy_17_epoch2": 0.7302480295527439, "ENV_Test_proba_accuracy_strategy_93_epoch2": 0.7632751858006294, "ENV_Test_proba_accuracy_per_mean_strategy_epoch2": 0.776776935115118, "ENV_Test_proba_accuracy_per_mean_user_epoch2": 0.772715804901558, "ENV_Test_proba_accuracy_per_mean_user_and_bot_epoch2": 0.7983660659058411, "ENV_Test_accuracy_epoch2": 0.819264, "ENV_Test_accuracy_strategy_132_epoch2": 0.8577903682719547, "ENV_Test_accuracy_strategy_23_epoch2": 0.8240426563257393, "ENV_Test_accuracy_strategy_107_epoch2": 0.8817733990147784, "ENV_Test_accuracy_strategy_43_epoch2": 0.8206106870229007, "ENV_Test_accuracy_strategy_17_epoch2": 0.786524500907441, "ENV_Test_accuracy_strategy_93_epoch2": 0.8253234750462107, "ENV_Test_accuracy_per_mean_strategy_epoch2": 0.8326775144315041, "ENV_Test_accuracy_per_mean_user_epoch2": 0.8272998173457389, "ENV_Test_accuracy_per_mean_user_and_bot_epoch2": 0.8553077810684112, "ENV_Train_TotalLoss_epoch3": 850.3794922136237, "ENV_Train_Right action_epoch3": 0.8312673812485152, "ENV_Train_Probability to choose the right action_epoch3": 0.7629404141838786, "ENV_Train_Weighted right action_epoch3": 0.8312673812485152, "ENV_Train_Weighted probability to choose the right action:_epoch3": 0.7629404141838786, "ENV_Test_TotalLoss_epoch3": 192.4786811977488, "ENV_Test_Right action_epoch3": 0.825856, "ENV_Test_Probability to choose the right action_epoch3": 0.7623907893407934, "ENV_Test_Weighted right action_epoch3": 0.8618976322173724, "ENV_Test_Weighted probability to choose the right action:_epoch3": 0.8047150581877255, "ENV_Test_proba_accuracy_epoch3": 0.7623907893407934, "ENV_Test_proba_accuracy_strategy_132_epoch3": 0.8095316221033291, "ENV_Test_proba_accuracy_strategy_23_epoch3": 0.7618507263556141, "ENV_Test_proba_accuracy_strategy_107_epoch3": 0.8416409354132178, "ENV_Test_proba_accuracy_strategy_43_epoch3": 0.770666435576107, "ENV_Test_proba_accuracy_strategy_17_epoch3": 0.7296241955498347, "ENV_Test_proba_accuracy_strategy_93_epoch3": 0.765441963629079, "ENV_Test_proba_accuracy_per_mean_strategy_epoch3": 0.7797926464378637, "ENV_Test_proba_accuracy_per_mean_user_epoch3": 0.7751283849991778, "ENV_Test_proba_accuracy_per_mean_user_and_bot_epoch3": 0.804715058187726, "ENV_Test_accuracy_epoch3": 0.825856, "ENV_Test_accuracy_strategy_132_epoch3": 0.8606232294617564, "ENV_Test_accuracy_strategy_23_epoch3": 0.8300210050088868, "ENV_Test_accuracy_strategy_107_epoch3": 0.8834154351395731, "ENV_Test_accuracy_strategy_43_epoch3": 0.8352417302798982, "ENV_Test_accuracy_strategy_17_epoch3": 0.7931034482758621, "ENV_Test_accuracy_strategy_93_epoch3": 0.83271719038817, "ENV_Test_accuracy_per_mean_strategy_epoch3": 0.839187006425691, "ENV_Test_accuracy_per_mean_user_epoch3": 0.8342869166946891, "ENV_Test_accuracy_per_mean_user_and_bot_epoch3": 0.8618976322173726, "ENV_Train_TotalLoss_epoch4": 824.1377783426788, "ENV_Train_Right action_epoch4": 0.8379315164220824, "ENV_Train_Probability to choose the right action_epoch4": 0.7713503017606778, "ENV_Train_Weighted right action_epoch4": 0.8379315164220824, "ENV_Train_Weighted probability to choose the right action:_epoch4": 0.7713503017606778, "ENV_Test_TotalLoss_epoch4": 189.93120108871784, "ENV_Test_Right action_epoch4": 0.829824, "ENV_Test_Probability to choose the right action_epoch4": 0.7785050992051886, "ENV_Test_Weighted right action_epoch4": 0.8684118481906673, "ENV_Test_Weighted probability to choose the right action:_epoch4": 0.8145636425810393, "ENV_Test_proba_accuracy_epoch4": 0.7785050992051882, "ENV_Test_proba_accuracy_strategy_132_epoch4": 0.8168116518108831, "ENV_Test_proba_accuracy_strategy_23_epoch4": 0.7813171397203955, "ENV_Test_proba_accuracy_strategy_107_epoch4": 0.8484343894381161, "ENV_Test_proba_accuracy_strategy_43_epoch4": 0.7779969393689917, "ENV_Test_proba_accuracy_strategy_17_epoch4": 0.749048734390694, "ENV_Test_proba_accuracy_strategy_93_epoch4": 0.7813154148385232, "ENV_Test_proba_accuracy_per_mean_strategy_epoch4": 0.7924873782612673, "ENV_Test_proba_accuracy_per_mean_user_epoch4": 0.7888241464179081, "ENV_Test_proba_accuracy_per_mean_user_and_bot_epoch4": 0.8145636425810391, "ENV_Test_accuracy_epoch4": 0.829824, "ENV_Test_accuracy_strategy_132_epoch4": 0.8645892351274788, "ENV_Test_accuracy_strategy_23_epoch4": 0.8340604297947972, "ENV_Test_accuracy_strategy_107_epoch4": 0.9014778325123153, "ENV_Test_accuracy_strategy_43_epoch4": 0.8333333333333334, "ENV_Test_accuracy_strategy_17_epoch4": 0.7971869328493648, "ENV_Test_accuracy_strategy_93_epoch4": 0.8364140480591498, "ENV_Test_accuracy_per_mean_strategy_epoch4": 0.8445103019460731, "ENV_Test_accuracy_per_mean_user_epoch4": 0.8393507272071438, "ENV_Test_accuracy_per_mean_user_and_bot_epoch4": 0.8684118481906677, "ENV_Train_TotalLoss_epoch5": 796.8603391551086, "ENV_Train_Right action_epoch5": 0.8438613902906107, "ENV_Train_Probability to choose the right action_epoch5": 0.779113656329425, "ENV_Train_Weighted right action_epoch5": 0.8438613902906107, "ENV_Train_Weighted probability to choose the right action:_epoch5": 0.779113656329425, "ENV_Test_TotalLoss_epoch5": 186.76688577191132, "ENV_Test_Right action_epoch5": 0.831488, "ENV_Test_Probability to choose the right action_epoch5": 0.7863240490220607, "ENV_Test_Weighted right action_epoch5": 0.8665471144415698, "ENV_Test_Weighted probability to choose the right action:_epoch5": 0.8196103119356384, "ENV_Test_proba_accuracy_epoch5": 0.7863240490220599, "ENV_Test_proba_accuracy_strategy_132_epoch5": 0.8211876601240256, "ENV_Test_proba_accuracy_strategy_23_epoch5": 0.7888625734994656, "ENV_Test_proba_accuracy_strategy_107_epoch5": 0.8573636005504518, "ENV_Test_proba_accuracy_strategy_43_epoch5": 0.784089583339991, "ENV_Test_proba_accuracy_strategy_17_epoch5": 0.7598632467664931, "ENV_Test_proba_accuracy_strategy_93_epoch5": 0.7859945739096088, "ENV_Test_proba_accuracy_per_mean_strategy_epoch5": 0.7995602063650059, "ENV_Test_proba_accuracy_per_mean_user_epoch5": 0.795445249115274, "ENV_Test_proba_accuracy_per_mean_user_and_bot_epoch5": 0.8196103119356385, "ENV_Test_accuracy_epoch5": 0.831488, "ENV_Test_accuracy_strategy_132_epoch5": 0.8623229461756374, "ENV_Test_accuracy_strategy_23_epoch5": 0.8369688156406527, "ENV_Test_accuracy_strategy_107_epoch5": 0.896551724137931, "ENV_Test_accuracy_strategy_43_epoch5": 0.8256997455470738, "ENV_Test_accuracy_strategy_17_epoch5": 0.8030852994555354, "ENV_Test_accuracy_strategy_93_epoch5": 0.8373382624768947, "ENV_Test_accuracy_per_mean_strategy_epoch5": 0.8436611322389541, "ENV_Test_accuracy_per_mean_user_epoch5": 0.8393728246142867, "ENV_Test_accuracy_per_mean_user_and_bot_epoch5": 0.8665471144415703, "ENV_Train_TotalLoss_epoch6": 770.3579337571632, "ENV_Train_Right action_epoch6": 0.8504542278127184, "ENV_Train_Probability to choose the right action_epoch6": 0.7872958689833123, "ENV_Train_Weighted right action_epoch6": 0.8504542278127184, "ENV_Train_Weighted probability to choose the right action:_epoch6": 0.7872958689833123, "ENV_Test_TotalLoss_epoch6": 185.26335900705303, "ENV_Test_Right action_epoch6": 0.834304, "ENV_Test_Probability to choose the right action_epoch6": 0.7861015635650623, "ENV_Test_Weighted right action_epoch6": 0.8687076808723038, "ENV_Test_Weighted probability to choose the right action:_epoch6": 0.8205483747976694, "ENV_Test_proba_accuracy_epoch6": 0.7861015635650621, "ENV_Test_proba_accuracy_strategy_132_epoch6": 0.8214717844682589, "ENV_Test_proba_accuracy_strategy_23_epoch6": 0.7905930707785809, "ENV_Test_proba_accuracy_strategy_107_epoch6": 0.8553893939611701, "ENV_Test_proba_accuracy_strategy_43_epoch6": 0.7882263362909592, "ENV_Test_proba_accuracy_strategy_17_epoch6": 0.7574257595696567, "ENV_Test_proba_accuracy_strategy_93_epoch6": 0.7774510409558162, "ENV_Test_proba_accuracy_per_mean_strategy_epoch6": 0.7984262310040737, "ENV_Test_proba_accuracy_per_mean_user_epoch6": 0.7960695224323039, "ENV_Test_proba_accuracy_per_mean_user_and_bot_epoch6": 0.8205483747976701, "ENV_Test_accuracy_epoch6": 0.834304, "ENV_Test_accuracy_strategy_132_epoch6": 0.8572237960339943, "ENV_Test_accuracy_strategy_23_epoch6": 0.8426240103409275, "ENV_Test_accuracy_strategy_107_epoch6": 0.90311986863711, "ENV_Test_accuracy_strategy_43_epoch6": 0.8377862595419847, "ENV_Test_accuracy_strategy_17_epoch6": 0.8051270417422868, "ENV_Test_accuracy_strategy_93_epoch6": 0.8243992606284658, "ENV_Test_accuracy_per_mean_strategy_epoch6": 0.8450467061541281, "ENV_Test_accuracy_per_mean_user_epoch6": 0.8425552365006961, "ENV_Test_accuracy_per_mean_user_and_bot_epoch6": 0.8687076808723042, "ENV_Train_TotalLoss_epoch7": 749.3107123429344, "ENV_Train_Right action_epoch7": 0.8550483591435121, "ENV_Train_Probability to choose the right action_epoch7": 0.7939067510175026, "ENV_Train_Weighted right action_epoch7": 0.8550483591435121, "ENV_Train_Weighted probability to choose the right action:_epoch7": 0.7939067510175026, "ENV_Test_TotalLoss_epoch7": 185.29078863322977, "ENV_Test_Right action_epoch7": 0.834688, "ENV_Test_Probability to choose the right action_epoch7": 0.7898567131703325, "ENV_Test_Weighted right action_epoch7": 0.868386139140295, "ENV_Test_Weighted probability to choose the right action:_epoch7": 0.8246583542020799, "ENV_Test_proba_accuracy_epoch7": 0.789856713170332, "ENV_Test_proba_accuracy_strategy_132_epoch7": 0.8250064743978806, "ENV_Test_proba_accuracy_strategy_23_epoch7": 0.7914381980592317, "ENV_Test_proba_accuracy_strategy_107_epoch7": 0.8580350964042265, "ENV_Test_proba_accuracy_strategy_43_epoch7": 0.7908574387134625, "ENV_Test_proba_accuracy_strategy_17_epoch7": 0.7633226320909963, "ENV_Test_proba_accuracy_strategy_93_epoch7": 0.7917433258417234, "ENV_Test_proba_accuracy_per_mean_strategy_epoch7": 0.8034005275845867, "ENV_Test_proba_accuracy_per_mean_user_epoch7": 0.7991614673308046, "ENV_Test_proba_accuracy_per_mean_user_and_bot_epoch7": 0.8246583542020803, "ENV_Test_accuracy_epoch7": 0.834688, "ENV_Test_accuracy_strategy_132_epoch7": 0.8640226628895185, "ENV_Test_accuracy_strategy_23_epoch7": 0.8385845855550169, "ENV_Test_accuracy_strategy_107_epoch7": 0.896551724137931, "ENV_Test_accuracy_strategy_43_epoch7": 0.8435114503816794, "ENV_Test_accuracy_strategy_17_epoch7": 0.8051270417422868, "ENV_Test_accuracy_strategy_93_epoch7": 0.8373382624768947, "ENV_Test_accuracy_per_mean_strategy_epoch7": 0.8475226211972212, "ENV_Test_accuracy_per_mean_user_epoch7": 0.8422231411000147, "ENV_Test_accuracy_per_mean_user_and_bot_epoch7": 0.8683861391402947, "ENV_Train_TotalLoss_epoch8": 725.9703260956289, "ENV_Train_Right action_epoch8": 0.8597604438915988, "ENV_Train_Probability to choose the right action_epoch8": 0.8004423666651335, "ENV_Train_Weighted right action_epoch8": 0.8597604438915988, "ENV_Train_Weighted probability to choose the right action:_epoch8": 0.8004423666651335, "ENV_Test_TotalLoss_epoch8": 183.89644895393837, "ENV_Test_Right action_epoch8": 0.836096, "ENV_Test_Probability to choose the right action_epoch8": 0.7957118354555951, "ENV_Test_Weighted right action_epoch8": 0.870237922401315, "ENV_Test_Weighted probability to choose the right action:_epoch8": 0.8285849055314175, "ENV_Test_proba_accuracy_epoch8": 0.795711835455594, "ENV_Test_proba_accuracy_strategy_132_epoch8": 0.8282025578111841, "ENV_Test_proba_accuracy_strategy_23_epoch8": 0.8003656583492659, "ENV_Test_proba_accuracy_strategy_107_epoch8": 0.8581695825671909, "ENV_Test_proba_accuracy_strategy_43_epoch8": 0.7947676741404022, "ENV_Test_proba_accuracy_strategy_17_epoch8": 0.769106290209126, "ENV_Test_proba_accuracy_strategy_93_epoch8": 0.790698953936554, "ENV_Test_proba_accuracy_per_mean_strategy_epoch8": 0.8068851195022871, "ENV_Test_proba_accuracy_per_mean_user_epoch8": 0.8046986070589318, "ENV_Test_proba_accuracy_per_mean_user_and_bot_epoch8": 0.8285849055314177, "ENV_Test_accuracy_epoch8": 0.836096, "ENV_Test_accuracy_strategy_132_epoch8": 0.8628895184135977, "ENV_Test_accuracy_strategy_23_epoch8": 0.8419777023751818, "ENV_Test_accuracy_strategy_107_epoch8": 0.8998357963875205, "ENV_Test_accuracy_strategy_43_epoch8": 0.8409669211195929, "ENV_Test_accuracy_strategy_17_epoch8": 0.8078493647912885, "ENV_Test_accuracy_strategy_93_epoch8": 0.8308687615526802, "ENV_Test_accuracy_per_mean_strategy_epoch8": 0.8473980107733102, "ENV_Test_accuracy_per_mean_user_epoch8": 0.843300775441986, "ENV_Test_accuracy_per_mean_user_and_bot_epoch8": 0.8702379224013155, "ENV_Train_TotalLoss_epoch9": 704.441061726922, "ENV_Train_Right action_epoch9": 0.8651878564240187, "ENV_Train_Probability to choose the right action_epoch9": 0.8070163637092933, "ENV_Train_Weighted right action_epoch9": 0.8651878564240187, "ENV_Train_Weighted probability to choose the right action:_epoch9": 0.8070163637092933, "ENV_Test_TotalLoss_epoch9": 184.51566784306743, "ENV_Test_Right action_epoch9": 0.83712, "ENV_Test_Probability to choose the right action_epoch9": 0.7971308094160198, "ENV_Test_Weighted right action_epoch9": 0.8693702775742022, "ENV_Test_Weighted probability to choose the right action:_epoch9": 0.8289468267357502, "ENV_Test_proba_accuracy_epoch9": 0.7971308094160204, "ENV_Test_proba_accuracy_strategy_132_epoch9": 0.8280370266546178, "ENV_Test_proba_accuracy_strategy_23_epoch9": 0.8024916584342068, "ENV_Test_proba_accuracy_strategy_107_epoch9": 0.8600005701344572, "ENV_Test_proba_accuracy_strategy_43_epoch9": 0.7980967779471361, "ENV_Test_proba_accuracy_strategy_17_epoch9": 0.7683452093999323, "ENV_Test_proba_accuracy_strategy_93_epoch9": 0.7965328150193431, "ENV_Test_proba_accuracy_per_mean_strategy_epoch9": 0.8089173429316157, "ENV_Test_proba_accuracy_per_mean_user_epoch9": 0.8063819798431409, "ENV_Test_proba_accuracy_per_mean_user_and_bot_epoch9": 0.82894682673575, "ENV_Test_accuracy_epoch9": 0.83712, "ENV_Test_accuracy_strategy_132_epoch9": 0.863456090651558, "ENV_Test_accuracy_strategy_23_epoch9": 0.8442397802552917, "ENV_Test_accuracy_strategy_107_epoch9": 0.8932676518883416, "ENV_Test_accuracy_strategy_43_epoch9": 0.8422391857506362, "ENV_Test_accuracy_strategy_17_epoch9": 0.8051270417422868, "ENV_Test_accuracy_strategy_93_epoch9": 0.844731977818854, "ENV_Test_accuracy_per_mean_strategy_epoch9": 0.8488436213511612, "ENV_Test_accuracy_per_mean_user_epoch9": 0.8453057318365372, "ENV_Test_accuracy_per_mean_user_and_bot_epoch9": 0.8693702775742024, "ENV_Train_TotalLoss_epoch10": 691.1263476238702, "ENV_Train_Right action_epoch10": 0.8679775280898876, "ENV_Train_Probability to choose the right action_epoch10": 0.8115017487232089, "ENV_Train_Weighted right action_epoch10": 0.8679775280898876, "ENV_Train_Weighted probability to choose the right action:_epoch10": 0.8115017487232089, "ENV_Test_TotalLoss_epoch10": 183.97397848043838, "ENV_Test_Right action_epoch10": 0.837184, "ENV_Test_Probability to choose the right action_epoch10": 0.797031031346836, "ENV_Test_Weighted right action_epoch10": 0.8701158299897732, "ENV_Test_Weighted probability to choose the right action:_epoch10": 0.8290220581207909, "ENV_Test_proba_accuracy_epoch10": 0.7970310313468355, "ENV_Test_proba_accuracy_strategy_132_epoch10": 0.8278790215158827, "ENV_Test_proba_accuracy_strategy_23_epoch10": 0.8000358433685922, "ENV_Test_proba_accuracy_strategy_107_epoch10": 0.8593726200777768, "ENV_Test_proba_accuracy_strategy_43_epoch10": 0.7945164410984281, "ENV_Test_proba_accuracy_strategy_17_epoch10": 0.7735707267635257, "ENV_Test_proba_accuracy_strategy_93_epoch10": 0.7936636068418096, "ENV_Test_proba_accuracy_per_mean_strategy_epoch10": 0.8081730432776694, "ENV_Test_proba_accuracy_per_mean_user_epoch10": 0.8073112266429259, "ENV_Test_proba_accuracy_per_mean_user_and_bot_epoch10": 0.8290220581207918, "ENV_Test_accuracy_epoch10": 0.837184, "ENV_Test_accuracy_strategy_132_epoch10": 0.8668555240793201, "ENV_Test_accuracy_strategy_23_epoch10": 0.8419777023751818, "ENV_Test_accuracy_strategy_107_epoch10": 0.90311986863711, "ENV_Test_accuracy_strategy_43_epoch10": 0.8288804071246819, "ENV_Test_accuracy_strategy_17_epoch10": 0.8139745916515426, "ENV_Test_accuracy_strategy_93_epoch10": 0.8308687615526802, "ENV_Test_accuracy_per_mean_strategy_epoch10": 0.8476128092367526, "ENV_Test_accuracy_per_mean_user_epoch10": 0.8463490638058169, "ENV_Test_accuracy_per_mean_user_and_bot_epoch10": 0.8701158299897724, "ENV_Train_TotalLoss_epoch11": 671.3555973741328, "ENV_Train_Right action_epoch11": 0.873315815955722, "ENV_Train_Probability to choose the right action_epoch11": 0.8175676621005568, "ENV_Train_Weighted right action_epoch11": 0.873315815955722, "ENV_Train_Weighted probability to choose the right action:_epoch11": 0.8175676621005568, "ENV_Test_TotalLoss_epoch11": 196.38433760129055, "ENV_Test_Right action_epoch11": 0.836096, "ENV_Test_Probability to choose the right action_epoch11": 0.8065523420427727, "ENV_Test_Weighted right action_epoch11": 0.8685811798224097, "ENV_Test_Weighted probability to choose the right action:_epoch11": 0.8392463909263995, "ENV_Test_proba_accuracy_epoch11": 0.8065523420427737, "ENV_Test_proba_accuracy_strategy_132_epoch11": 0.8383396349709971, "ENV_Test_proba_accuracy_strategy_23_epoch11": 0.8103022136500238, "ENV_Test_proba_accuracy_strategy_107_epoch11": 0.8664160751266424, "ENV_Test_proba_accuracy_strategy_43_epoch11": 0.8080189038547969, "ENV_Test_proba_accuracy_strategy_17_epoch11": 0.7803942704121056, "ENV_Test_proba_accuracy_strategy_93_epoch11": 0.8039920867154379, "ENV_Test_proba_accuracy_per_mean_strategy_epoch11": 0.8179105307883341, "ENV_Test_proba_accuracy_per_mean_user_epoch11": 0.8157424815464317, "ENV_Test_proba_accuracy_per_mean_user_and_bot_epoch11": 0.8392463909263997, "ENV_Test_accuracy_epoch11": 0.836096, "ENV_Test_accuracy_strategy_132_epoch11": 0.8645892351274788, "ENV_Test_accuracy_strategy_23_epoch11": 0.8421392793666181, "ENV_Test_accuracy_strategy_107_epoch11": 0.8932676518883416, "ENV_Test_accuracy_strategy_43_epoch11": 0.8352417302798982, "ENV_Test_accuracy_strategy_17_epoch11": 0.8096642468239564, "ENV_Test_accuracy_strategy_93_epoch11": 0.8317929759704251, "ENV_Test_accuracy_per_mean_strategy_epoch11": 0.8461158532427864, "ENV_Test_accuracy_per_mean_user_epoch11": 0.8442089860921921, "ENV_Test_accuracy_per_mean_user_and_bot_epoch11": 0.8685811798224103, "ENV_Train_TotalLoss_epoch12": 655.2897326105647, "ENV_Train_Right action_epoch12": 0.8766248287814833, "ENV_Train_Probability to choose the right action_epoch12": 0.8223753860852425, "ENV_Train_Weighted right action_epoch12": 0.8766248287814833, "ENV_Train_Weighted probability to choose the right action:_epoch12": 0.8223753860852425, "ENV_Test_TotalLoss_epoch12": 190.1016877111781, "ENV_Test_Right action_epoch12": 0.835136, "ENV_Test_Probability to choose the right action_epoch12": 0.7979589754464467, "ENV_Test_Weighted right action_epoch12": 0.8677259405264224, "ENV_Test_Weighted probability to choose the right action:_epoch12": 0.8298155489445452, "ENV_Test_proba_accuracy_epoch12": 0.7979589754464461, "ENV_Test_proba_accuracy_strategy_132_epoch12": 0.8282393487015394, "ENV_Test_proba_accuracy_strategy_23_epoch12": 0.799992746559458, "ENV_Test_proba_accuracy_strategy_107_epoch12": 0.8624935103974548, "ENV_Test_proba_accuracy_strategy_43_epoch12": 0.7967176481848081, "ENV_Test_proba_accuracy_strategy_17_epoch12": 0.7743445037490849, "ENV_Test_proba_accuracy_strategy_93_epoch12": 0.7986156831159742, "ENV_Test_proba_accuracy_per_mean_strategy_epoch12": 0.8100672401180534, "ENV_Test_proba_accuracy_per_mean_user_epoch12": 0.8081879228291249, "ENV_Test_proba_accuracy_per_mean_user_and_bot_epoch12": 0.8298155489445453, "ENV_Test_accuracy_epoch12": 0.835136, "ENV_Test_accuracy_strategy_132_epoch12": 0.8589235127478754, "ENV_Test_accuracy_strategy_23_epoch12": 0.8379382775892713, "ENV_Test_accuracy_strategy_107_epoch12": 0.8981937602627258, "ENV_Test_accuracy_strategy_43_epoch12": 0.8346055979643766, "ENV_Test_accuracy_strategy_17_epoch12": 0.8119328493647913, "ENV_Test_accuracy_strategy_93_epoch12": 0.8401109057301294, "ENV_Test_accuracy_per_mean_strategy_epoch12": 0.8469508172765282, "ENV_Test_accuracy_per_mean_user_epoch12": 0.8452983238864168, "ENV_Test_accuracy_per_mean_user_and_bot_epoch12": 0.8677259405264218, "ENV_Train_TotalLoss_epoch13": 639.6969010538645, "ENV_Train_Right action_epoch13": 0.879883699800109, "ENV_Train_Probability to choose the right action_epoch13": 0.8265392332691516, "ENV_Train_Weighted right action_epoch13": 0.879883699800109, "ENV_Train_Weighted probability to choose the right action:_epoch13": 0.8265392332691516, "ENV_Test_TotalLoss_epoch13": 180.42878210651327, "ENV_Test_Right action_epoch13": 0.83872, "ENV_Test_Probability to choose the right action_epoch13": 0.8032185530824543, "ENV_Test_Weighted right action_epoch13": 0.8721028138802198, "ENV_Test_Weighted probability to choose the right action:_epoch13": 0.8344570184628112, "ENV_Test_proba_accuracy_epoch13": 0.8032185530824543, "ENV_Test_proba_accuracy_strategy_132_epoch13": 0.8378326433033013, "ENV_Test_proba_accuracy_strategy_23_epoch13": 0.8056945855410548, "ENV_Test_proba_accuracy_strategy_107_epoch13": 0.8669170146090689, "ENV_Test_proba_accuracy_strategy_43_epoch13": 0.7999699511188725, "ENV_Test_proba_accuracy_strategy_17_epoch13": 0.7779883071826, "ENV_Test_proba_accuracy_strategy_93_epoch13": 0.80424565938331, "ENV_Test_proba_accuracy_per_mean_strategy_epoch13": 0.8154413601897011, "ENV_Test_proba_accuracy_per_mean_user_epoch13": 0.8122221695824207, "ENV_Test_proba_accuracy_per_mean_user_and_bot_epoch13": 0.8344570184628107, "ENV_Test_accuracy_epoch13": 0.83872, "ENV_Test_accuracy_strategy_132_epoch13": 0.8719546742209632, "ENV_Test_accuracy_strategy_23_epoch13": 0.8408466634351268, "ENV_Test_accuracy_strategy_107_epoch13": 0.9014778325123153, "ENV_Test_accuracy_strategy_43_epoch13": 0.8282442748091603, "ENV_Test_accuracy_strategy_17_epoch13": 0.8151088929219601, "ENV_Test_accuracy_strategy_93_epoch13": 0.8484288354898336, "ENV_Test_accuracy_per_mean_strategy_epoch13": 0.8510101955648932, "ENV_Test_accuracy_per_mean_user_epoch13": 0.8472505626359361, "ENV_Test_accuracy_per_mean_user_and_bot_epoch13": 0.8721028138802189, "ENV_Train_TotalLoss_epoch14": 625.178101980319, "ENV_Train_Right action_epoch14": 0.8834905330818137, "ENV_Train_Probability to choose the right action_epoch14": 0.8314856799835509, "ENV_Train_Weighted right action_epoch14": 0.8834905330818137, "ENV_Train_Weighted probability to choose the right action:_epoch14": 0.8314856799835509, "ENV_Test_TotalLoss_epoch14": 186.59330396735592, "ENV_Test_Right action_epoch14": 0.838976, "ENV_Test_Probability to choose the right action_epoch14": 0.7985100354704026, "ENV_Test_Weighted right action_epoch14": 0.8698493478341529, "ENV_Test_Weighted probability to choose the right action:_epoch14": 0.8299116577214438, "ENV_Test_proba_accuracy_epoch14": 0.7985100354704026, "ENV_Test_proba_accuracy_strategy_132_epoch14": 0.8327641699915548, "ENV_Test_proba_accuracy_strategy_23_epoch14": 0.8000497772528867, "ENV_Test_proba_accuracy_strategy_107_epoch14": 0.8618955693690297, "ENV_Test_proba_accuracy_strategy_43_epoch14": 0.7961419878366777, "ENV_Test_proba_accuracy_strategy_17_epoch14": 0.7744664378521872, "ENV_Test_proba_accuracy_strategy_93_epoch14": 0.7995423365012881, "ENV_Test_proba_accuracy_per_mean_strategy_epoch14": 0.8108100464672706, "ENV_Test_proba_accuracy_per_mean_user_epoch14": 0.8080493815748896, "ENV_Test_proba_accuracy_per_mean_user_and_bot_epoch14": 0.8299116577214439, "ENV_Test_accuracy_epoch14": 0.838976, "ENV_Test_accuracy_strategy_132_epoch14": 0.8696883852691218, "ENV_Test_accuracy_strategy_23_epoch14": 0.8398772014865084, "ENV_Test_accuracy_strategy_107_epoch14": 0.8998357963875205, "ENV_Test_accuracy_strategy_43_epoch14": 0.8371501272264631, "ENV_Test_accuracy_strategy_17_epoch14": 0.816923774954628, "ENV_Test_accuracy_strategy_93_epoch14": 0.8419593345656192, "ENV_Test_accuracy_per_mean_strategy_epoch14": 0.8509057699816435, "ENV_Test_accuracy_per_mean_user_epoch14": 0.8474723733799414, "ENV_Test_accuracy_per_mean_user_and_bot_epoch14": 0.8698493478341527, "ENV_Train_TotalLoss_epoch15": 608.1592785602917, "ENV_Train_Right action_epoch15": 0.8860341911404968, "ENV_Train_Probability to choose the right action_epoch15": 0.8353773053223298, "ENV_Train_Weighted right action_epoch15": 0.8860341911404968, "ENV_Train_Weighted probability to choose the right action:_epoch15": 0.8353773053223298, "ENV_Test_TotalLoss_epoch15": 187.79596182770453, "ENV_Test_Right action_epoch15": 0.837376, "ENV_Test_Probability to choose the right action_epoch15": 0.7993185132813351, "ENV_Test_Weighted right action_epoch15": 0.8678304622767534, "ENV_Test_Weighted probability to choose the right action:_epoch15": 0.8306461116882794, "ENV_Test_proba_accuracy_epoch15": 0.7993185132813349, "ENV_Test_proba_accuracy_strategy_132_epoch15": 0.8325231404222455, "ENV_Test_proba_accuracy_strategy_23_epoch15": 0.8024901449513916, "ENV_Test_proba_accuracy_strategy_107_epoch15": 0.8560101967103867, "ENV_Test_proba_accuracy_strategy_43_epoch15": 0.7924861354855183, "ENV_Test_proba_accuracy_strategy_17_epoch15": 0.7762678452974874, "ENV_Test_proba_accuracy_strategy_93_epoch15": 0.7989370085214862, "ENV_Test_proba_accuracy_per_mean_strategy_epoch15": 0.8097857452314193, "ENV_Test_proba_accuracy_per_mean_user_epoch15": 0.8080905389525681, "ENV_Test_proba_accuracy_per_mean_user_and_bot_epoch15": 0.8306461116882784, "ENV_Test_accuracy_epoch15": 0.837376, "ENV_Test_accuracy_strategy_132_epoch15": 0.863456090651558, "ENV_Test_accuracy_strategy_23_epoch15": 0.8414929714008725, "ENV_Test_accuracy_strategy_107_epoch15": 0.8883415435139573, "ENV_Test_accuracy_strategy_43_epoch15": 0.8295165394402035, "ENV_Test_accuracy_strategy_17_epoch15": 0.8144283121597096, "ENV_Test_accuracy_strategy_93_epoch15": 0.8475046210720887, "ENV_Test_accuracy_per_mean_strategy_epoch15": 0.8474566797063984, "ENV_Test_accuracy_per_mean_user_epoch15": 0.8442886828288234, "ENV_Test_accuracy_per_mean_user_and_bot_epoch15": 0.8678304622767544, "ENV_Train_TotalLoss_epoch16": 597.3321635569323, "ENV_Train_Right action_epoch16": 0.8882039669560112, "ENV_Train_Probability to choose the right action_epoch16": 0.8386415754272578, "ENV_Train_Weighted right action_epoch16": 0.8882039669560112, "ENV_Train_Weighted probability to choose the right action:_epoch16": 0.8386415754272578, "ENV_Test_TotalLoss_epoch16": 188.025707521312, "ENV_Test_Right action_epoch16": 0.83776, "ENV_Test_Probability to choose the right action_epoch16": 0.8031270903609202, "ENV_Test_Weighted right action_epoch16": 0.8683273893611112, "ENV_Test_Weighted probability to choose the right action:_epoch16": 0.8324245394749972, "ENV_Test_proba_accuracy_epoch16": 0.8031270903609194, "ENV_Test_proba_accuracy_strategy_132_epoch16": 0.8400346263096654, "ENV_Test_proba_accuracy_strategy_23_epoch16": 0.8057304120693797, "ENV_Test_proba_accuracy_strategy_107_epoch16": 0.8664572388746304, "ENV_Test_proba_accuracy_strategy_43_epoch16": 0.7963344101205895, "ENV_Test_proba_accuracy_strategy_17_epoch16": 0.779090700311986, "ENV_Test_proba_accuracy_strategy_93_epoch16": 0.8001776275378625, "ENV_Test_proba_accuracy_per_mean_strategy_epoch16": 0.8146375025373521, "ENV_Test_proba_accuracy_per_mean_user_epoch16": 0.8118361326836022, "ENV_Test_proba_accuracy_per_mean_user_and_bot_epoch16": 0.8324245394749983, "ENV_Test_accuracy_epoch16": 0.83776, "ENV_Test_accuracy_strategy_132_epoch16": 0.8736543909348442, "ENV_Test_accuracy_strategy_23_epoch16": 0.8392308935207626, "ENV_Test_accuracy_strategy_107_epoch16": 0.8998357963875205, "ENV_Test_accuracy_strategy_43_epoch16": 0.8352417302798982, "ENV_Test_accuracy_strategy_17_epoch16": 0.8128402903811253, "ENV_Test_accuracy_strategy_93_epoch16": 0.8410351201478743, "ENV_Test_accuracy_per_mean_strategy_epoch16": 0.8503063702753376, "ENV_Test_accuracy_per_mean_user_epoch16": 0.8468369538736474, "ENV_Test_accuracy_per_mean_user_and_bot_epoch16": 0.868327389361112, "ENV_Train_TotalLoss_epoch17": 583.968073308775, "ENV_Train_Right action_epoch17": 0.891961028250325, "ENV_Train_Probability to choose the right action_epoch17": 0.842615704818605, "ENV_Train_Weighted right action_epoch17": 0.891961028250325, "ENV_Train_Weighted probability to choose the right action:_epoch17": 0.842615704818605, "ENV_Test_TotalLoss_epoch17": 195.00704551801846, "ENV_Test_Right action_epoch17": 0.836928, "ENV_Test_Probability to choose the right action_epoch17": 0.8068537419438745, "ENV_Test_Weighted right action_epoch17": 0.8718119102774299, "ENV_Test_Weighted probability to choose the right action:_epoch17": 0.8379696540562191, "ENV_Test_proba_accuracy_epoch17": 0.8068537419438739, "ENV_Test_proba_accuracy_strategy_132_epoch17": 0.841243283898121, "ENV_Test_proba_accuracy_strategy_23_epoch17": 0.8089398263627061, "ENV_Test_proba_accuracy_strategy_107_epoch17": 0.8725175555062726, "ENV_Test_proba_accuracy_strategy_43_epoch17": 0.7985698667578178, "ENV_Test_proba_accuracy_strategy_17_epoch17": 0.7835571292705605, "ENV_Test_proba_accuracy_strategy_93_epoch17": 0.8088095090229382, "ENV_Test_proba_accuracy_per_mean_strategy_epoch17": 0.8189395284697362, "ENV_Test_proba_accuracy_per_mean_user_epoch17": 0.8149953876905163, "ENV_Test_proba_accuracy_per_mean_user_and_bot_epoch17": 0.8379696540562191, "ENV_Test_accuracy_epoch17": 0.836928, "ENV_Test_accuracy_strategy_132_epoch17": 0.8719546742209632, "ENV_Test_accuracy_strategy_23_epoch17": 0.8377767005978348, "ENV_Test_accuracy_strategy_107_epoch17": 0.9080459770114943, "ENV_Test_accuracy_strategy_43_epoch17": 0.8282442748091603, "ENV_Test_accuracy_strategy_17_epoch17": 0.8130671506352087, "ENV_Test_accuracy_strategy_93_epoch17": 0.844731977818854, "ENV_Test_accuracy_per_mean_strategy_epoch17": 0.8506367925155859, "ENV_Test_accuracy_per_mean_user_epoch17": 0.84565556676858, "ENV_Test_accuracy_per_mean_user_and_bot_epoch17": 0.8718119102774294, "ENV_Train_TotalLoss_epoch18": 570.0911002157262, "ENV_Train_Right action_epoch18": 0.8948736583184258, "ENV_Train_Probability to choose the right action_epoch18": 0.8470529875680817, "ENV_Train_Weighted right action_epoch18": 0.8948736583184258, "ENV_Train_Weighted probability to choose the right action:_epoch18": 0.8470529875680817, "ENV_Test_TotalLoss_epoch18": 199.04535291806715, "ENV_Test_Right action_epoch18": 0.836992, "ENV_Test_Probability to choose the right action_epoch18": 0.8094450198286465, "ENV_Test_Weighted right action_epoch18": 0.8665253960045768, "ENV_Test_Weighted probability to choose the right action:_epoch18": 0.8400346803181198, "ENV_Test_proba_accuracy_epoch18": 0.8094450198286466, "ENV_Test_proba_accuracy_strategy_132_epoch18": 0.8451033718758435, "ENV_Test_proba_accuracy_strategy_23_epoch18": 0.8136147912094984, "ENV_Test_proba_accuracy_strategy_107_epoch18": 0.867474809249065, "ENV_Test_proba_accuracy_strategy_43_epoch18": 0.7995750630760619, "ENV_Test_proba_accuracy_strategy_17_epoch18": 0.7848831251052818, "ENV_Test_proba_accuracy_strategy_93_epoch18": 0.8091682691440133, "ENV_Test_proba_accuracy_per_mean_strategy_epoch18": 0.819969904943294, "ENV_Test_proba_accuracy_per_mean_user_epoch18": 0.8178002158669285, "ENV_Test_proba_accuracy_per_mean_user_and_bot_epoch18": 0.8400346803181205, "ENV_Test_accuracy_epoch18": 0.836992, "ENV_Test_accuracy_strategy_132_epoch18": 0.8662889518413598, "ENV_Test_accuracy_strategy_23_epoch18": 0.8427855873323639, "ENV_Test_accuracy_strategy_107_epoch18": 0.8883415435139573, "ENV_Test_accuracy_strategy_43_epoch18": 0.8263358778625954, "ENV_Test_accuracy_strategy_17_epoch18": 0.8126134301270418, "ENV_Test_accuracy_strategy_93_epoch18": 0.8419593345656192, "ENV_Test_accuracy_per_mean_strategy_epoch18": 0.8463874542071562, "ENV_Test_accuracy_per_mean_user_epoch18": 0.8447394863043115, "ENV_Test_accuracy_per_mean_user_and_bot_epoch18": 0.8665253960045767, "ENV_Train_TotalLoss_epoch19": 562.7123466210069, "ENV_Train_Right action_epoch19": 0.896561364271736, "ENV_Train_Probability to choose the right action_epoch19": 0.8496008780594704, "ENV_Train_Weighted right action_epoch19": 0.896561364271736, "ENV_Train_Weighted probability to choose the right action:_epoch19": 0.8496008780594704, "ENV_Test_TotalLoss_epoch19": 195.8695506839971, "ENV_Test_Right action_epoch19": 0.83392, "ENV_Test_Probability to choose the right action_epoch19": 0.8040026634380848, "ENV_Test_Weighted right action_epoch19": 0.8674423394559017, "ENV_Test_Weighted probability to choose the right action:_epoch19": 0.8355677594642016, "ENV_Test_proba_accuracy_epoch19": 0.8040026634380857, "ENV_Test_proba_accuracy_strategy_132_epoch19": 0.8396920192142789, "ENV_Test_proba_accuracy_strategy_23_epoch19": 0.8082726243847779, "ENV_Test_proba_accuracy_strategy_107_epoch19": 0.8653941883621797, "ENV_Test_proba_accuracy_strategy_43_epoch19": 0.7936012635553312, "ENV_Test_proba_accuracy_strategy_17_epoch19": 0.778903301156354, "ENV_Test_proba_accuracy_strategy_93_epoch19": 0.8041718405459702, "ENV_Test_proba_accuracy_per_mean_strategy_epoch19": 0.8150058728698154, "ENV_Test_proba_accuracy_per_mean_user_epoch19": 0.8129659383962768, "ENV_Test_proba_accuracy_per_mean_user_and_bot_epoch19": 0.835567759464201, "ENV_Test_accuracy_epoch19": 0.83392, "ENV_Test_accuracy_strategy_132_epoch19": 0.8685552407932011, "ENV_Test_accuracy_strategy_23_epoch19": 0.8364840846663435, "ENV_Test_accuracy_strategy_107_epoch19": 0.8932676518883416, "ENV_Test_accuracy_strategy_43_epoch19": 0.8301526717557252, "ENV_Test_accuracy_strategy_17_epoch19": 0.8069419237749547, "ENV_Test_accuracy_strategy_93_epoch19": 0.844731977818854, "ENV_Test_accuracy_per_mean_strategy_epoch19": 0.8466889251162367, "ENV_Test_accuracy_per_mean_user_epoch19": 0.8434987895657905, "ENV_Test_accuracy_per_mean_user_and_bot_epoch19": 0.867442339455902, "ENV_Train_TotalLoss_epoch20": 549.6738362299641, "ENV_Train_Right action_epoch20": 0.8986987938335965, "ENV_Train_Probability to choose the right action_epoch20": 0.8530516422139456, "ENV_Train_Weighted right action_epoch20": 0.8986987938335965, "ENV_Train_Weighted probability to choose the right action:_epoch20": 0.8530516422139456, "ENV_Test_TotalLoss_epoch20": 198.6937002301212, "ENV_Test_Right action_epoch20": 0.834752, "ENV_Test_Probability to choose the right action_epoch20": 0.8060408072245023, "ENV_Test_Weighted right action_epoch20": 0.8628915232256208, "ENV_Test_Weighted probability to choose the right action:_epoch20": 0.8348505343100291, "ENV_Test_proba_accuracy_epoch20": 0.8060408072245023, "ENV_Test_proba_accuracy_strategy_132_epoch20": 0.8397008546098432, "ENV_Test_proba_accuracy_strategy_23_epoch20": 0.8098962815089941, "ENV_Test_proba_accuracy_strategy_107_epoch20": 0.8650119911521758, "ENV_Test_proba_accuracy_strategy_43_epoch20": 0.7956124429202237, "ENV_Test_proba_accuracy_strategy_17_epoch20": 0.7817883023352289, "ENV_Test_proba_accuracy_strategy_93_epoch20": 0.8098425311103101, "ENV_Test_proba_accuracy_per_mean_strategy_epoch20": 0.8169754006061293, "ENV_Test_proba_accuracy_per_mean_user_epoch20": 0.8143727493305819, "ENV_Test_proba_accuracy_per_mean_user_and_bot_epoch20": 0.8348505343100296, "ENV_Test_accuracy_epoch20": 0.834752, "ENV_Test_accuracy_strategy_132_epoch20": 0.8668555240793201, "ENV_Test_accuracy_strategy_23_epoch20": 0.8389077395378898, "ENV_Test_accuracy_strategy_107_epoch20": 0.8932676518883416, "ENV_Test_accuracy_strategy_43_epoch20": 0.8225190839694656, "ENV_Test_accuracy_strategy_17_epoch20": 0.808983666061706, "ENV_Test_accuracy_strategy_93_epoch20": 0.8484288354898336, "ENV_Test_accuracy_per_mean_strategy_epoch20": 0.8464937501710926, "ENV_Test_accuracy_per_mean_user_epoch20": 0.8426046904672495, "ENV_Test_accuracy_per_mean_user_and_bot_epoch20": 0.8628915232256212, "ENV_Train_TotalLoss_epoch21": 539.9734102224215, "ENV_Train_Right action_epoch21": 0.8999832303865396, "ENV_Train_Probability to choose the right action_epoch21": 0.8550584391010624, "ENV_Train_Weighted right action_epoch21": 0.8999832303865396, "ENV_Train_Weighted probability to choose the right action:_epoch21": 0.8550584391010624, "ENV_Test_TotalLoss_epoch21": 209.91276003221782, "ENV_Test_Right action_epoch21": 0.837376, "ENV_Test_Probability to choose the right action_epoch21": 0.8101165200845134, "ENV_Test_Weighted right action_epoch21": 0.8681856262015438, "ENV_Test_Weighted probability to choose the right action:_epoch21": 0.8397112760241708, "ENV_Test_proba_accuracy_epoch21": 0.8101165200845141, "ENV_Test_proba_accuracy_strategy_132_epoch21": 0.8443063224203023, "ENV_Test_proba_accuracy_strategy_23_epoch21": 0.8157414581487975, "ENV_Test_proba_accuracy_strategy_107_epoch21": 0.8656968910938523, "ENV_Test_proba_accuracy_strategy_43_epoch21": 0.8028328576877533, "ENV_Test_proba_accuracy_strategy_17_epoch21": 0.7832266348696489, "ENV_Test_proba_accuracy_strategy_93_epoch21": 0.8110170215333395, "ENV_Test_proba_accuracy_per_mean_strategy_epoch21": 0.8204701976256156, "ENV_Test_proba_accuracy_per_mean_user_epoch21": 0.8177481592353949, "ENV_Test_proba_accuracy_per_mean_user_and_bot_epoch21": 0.8397112760241715, "ENV_Test_accuracy_epoch21": 0.837376, "ENV_Test_accuracy_strategy_132_epoch21": 0.8668555240793201, "ENV_Test_accuracy_strategy_23_epoch21": 0.8427855873323639, "ENV_Test_accuracy_strategy_107_epoch21": 0.8883415435139573, "ENV_Test_accuracy_strategy_43_epoch21": 0.8314249363867684, "ENV_Test_accuracy_strategy_17_epoch21": 0.8101179673321234, "ENV_Test_accuracy_strategy_93_epoch21": 0.8493530499075785, "ENV_Test_accuracy_per_mean_strategy_epoch21": 0.8481464347586852, "ENV_Test_accuracy_per_mean_user_epoch21": 0.8452263146407666, "ENV_Test_accuracy_per_mean_user_and_bot_epoch21": 0.8681856262015442, "ENV_Train_TotalLoss_epoch22": 529.4353170900665, "ENV_Train_Right action_epoch22": 0.9018325156204134, "ENV_Train_Probability to choose the right action_epoch22": 0.8583892442595731, "ENV_Train_Weighted right action_epoch22": 0.9018325156204134, "ENV_Train_Weighted probability to choose the right action:_epoch22": 0.8583892442595731, "ENV_Test_TotalLoss_epoch22": 199.55616663472026, "ENV_Test_Right action_epoch22": 0.837568, "ENV_Test_Probability to choose the right action_epoch22": 0.8062950043917215, "ENV_Test_Weighted right action_epoch22": 0.8671084972170433, "ENV_Test_Weighted probability to choose the right action:_epoch22": 0.8352909908320307, "ENV_Test_proba_accuracy_epoch22": 0.8062950043917209, "ENV_Test_proba_accuracy_strategy_132_epoch22": 0.8407300119171321, "ENV_Test_proba_accuracy_strategy_23_epoch22": 0.8106051336057117, "ENV_Test_proba_accuracy_strategy_107_epoch22": 0.864747749637921, "ENV_Test_proba_accuracy_strategy_43_epoch22": 0.7959056902320496, "ENV_Test_proba_accuracy_strategy_17_epoch22": 0.7805875554877039, "ENV_Test_proba_accuracy_strategy_93_epoch22": 0.8123943914390709, "ENV_Test_proba_accuracy_per_mean_strategy_epoch22": 0.8174950887199315, "ENV_Test_proba_accuracy_per_mean_user_epoch22": 0.8142449877587067, "ENV_Test_proba_accuracy_per_mean_user_and_bot_epoch22": 0.8352909908320305, "ENV_Test_accuracy_epoch22": 0.837568, "ENV_Test_accuracy_strategy_132_epoch22": 0.8713881019830029, "ENV_Test_accuracy_strategy_23_epoch22": 0.8416545483923089, "ENV_Test_accuracy_strategy_107_epoch22": 0.896551724137931, "ENV_Test_accuracy_strategy_43_epoch22": 0.8269720101781171, "ENV_Test_accuracy_strategy_17_epoch22": 0.8121597096188747, "ENV_Test_accuracy_strategy_93_epoch22": 0.844731977818854, "ENV_Test_accuracy_per_mean_strategy_epoch22": 0.8489096786881815, "ENV_Test_accuracy_per_mean_user_epoch22": 0.8458274521852774, "ENV_Test_accuracy_per_mean_user_and_bot_epoch22": 0.8671084972170442, "ENV_Train_TotalLoss_epoch23": 520.8861939232308, "ENV_Train_Right action_epoch23": 0.9044051878354203, "ENV_Train_Probability to choose the right action_epoch23": 0.8612154956814873, "ENV_Train_Weighted right action_epoch23": 0.9044051878354203, "ENV_Train_Weighted probability to choose the right action:_epoch23": 0.8612154956814873, "ENV_Test_TotalLoss_epoch23": 202.04129836616605, "ENV_Test_Right action_epoch23": 0.836928, "ENV_Test_Probability to choose the right action_epoch23": 0.8079009383089933, "ENV_Test_Weighted right action_epoch23": 0.8688562343183056, "ENV_Test_Weighted probability to choose the right action:_epoch23": 0.8396469859115229, "ENV_Test_proba_accuracy_epoch23": 0.807900938308994, "ENV_Test_proba_accuracy_strategy_132_epoch23": 0.8413016092261641, "ENV_Test_proba_accuracy_strategy_23_epoch23": 0.8116453110988485, "ENV_Test_proba_accuracy_strategy_107_epoch23": 0.8712082189717681, "ENV_Test_proba_accuracy_strategy_43_epoch23": 0.7978503421360865, "ENV_Test_proba_accuracy_strategy_17_epoch23": 0.7836506443717962, "ENV_Test_proba_accuracy_strategy_93_epoch23": 0.8097628528839806, "ENV_Test_proba_accuracy_per_mean_strategy_epoch23": 0.8192364964481073, "ENV_Test_proba_accuracy_per_mean_user_epoch23": 0.8164579267618248, "ENV_Test_proba_accuracy_per_mean_user_and_bot_epoch23": 0.8396469859115228, "ENV_Test_accuracy_epoch23": 0.836928, "ENV_Test_accuracy_strategy_132_epoch23": 0.8645892351274788, "ENV_Test_accuracy_strategy_23_epoch23": 0.8431087413152367, "ENV_Test_accuracy_strategy_107_epoch23": 0.8981937602627258, "ENV_Test_accuracy_strategy_43_epoch23": 0.8199745547073791, "ENV_Test_accuracy_strategy_17_epoch23": 0.8128402903811253, "ENV_Test_accuracy_strategy_93_epoch23": 0.844731977818854, "ENV_Test_accuracy_per_mean_strategy_epoch23": 0.8472397599354666, "ENV_Test_accuracy_per_mean_user_epoch23": 0.8445367438509845, "ENV_Test_accuracy_per_mean_user_and_bot_epoch23": 0.8688562343183058, "ENV_Train_TotalLoss_epoch24": 511.60361016620595, "ENV_Train_Right action_epoch24": 0.9068444518987518, "ENV_Train_Probability to choose the right action_epoch24": 0.8639042430567073, "ENV_Train_Weighted right action_epoch24": 0.9068444518987518, "ENV_Train_Weighted probability to choose the right action:_epoch24": 0.8639042430567073, "ENV_Test_TotalLoss_epoch24": 216.96053965353892, "ENV_Test_Right action_epoch24": 0.834944, "ENV_Test_Probability to choose the right action_epoch24": 0.8100096492527824, "ENV_Test_Weighted right action_epoch24": 0.8662718345844571, "ENV_Test_Weighted probability to choose the right action:_epoch24": 0.8422478726739545, "ENV_Test_proba_accuracy_epoch24": 0.8100096492527823, "ENV_Test_proba_accuracy_strategy_132_epoch24": 0.8461212130882078, "ENV_Test_proba_accuracy_strategy_23_epoch24": 0.8137580362237605, "ENV_Test_proba_accuracy_strategy_107_epoch24": 0.8760021345630504, "ENV_Test_proba_accuracy_strategy_43_epoch24": 0.8011689061449287, "ENV_Test_proba_accuracy_strategy_17_epoch24": 0.7823895865327588, "ENV_Test_proba_accuracy_strategy_93_epoch24": 0.8178856048429374, "ENV_Test_proba_accuracy_per_mean_strategy_epoch24": 0.8228875802326071, "ENV_Test_proba_accuracy_per_mean_user_epoch24": 0.8186187261979289, "ENV_Test_proba_accuracy_per_mean_user_and_bot_epoch24": 0.8422478726739554, "ENV_Test_accuracy_epoch24": 0.834944, "ENV_Test_accuracy_strategy_132_epoch24": 0.8674220963172804, "ENV_Test_accuracy_strategy_23_epoch24": 0.8390693165293263, "ENV_Test_accuracy_strategy_107_epoch24": 0.8998357963875205, "ENV_Test_accuracy_strategy_43_epoch24": 0.823791348600509, "ENV_Test_accuracy_strategy_17_epoch24": 0.8087568058076225, "ENV_Test_accuracy_strategy_93_epoch24": 0.844731977818854, "ENV_Test_accuracy_per_mean_strategy_epoch24": 0.8472678902435189, "ENV_Test_accuracy_per_mean_user_epoch24": 0.8428482343629103, "ENV_Test_accuracy_per_mean_user_and_bot_epoch24": 0.8662718345844567, "_wandb": {"runtime": 1987}}