{"ENV_Train_TotalLoss": 443.2897638442573, "ENV_Train_TotalLoss_epoch0": 941.7027413190949, "ENV_Train_Right action": 0.9142158233156277, "ENV_Train_Right action_epoch0": 0.8072176331642137, "ENV_Train_Probability to choose the right action": 0.8784000618662589, "ENV_Train_Probability to choose the right action_epoch0": 0.7309612134220501, "ENV_Train_Weighted right action": 0.9142158233156277, "ENV_Train_Weighted right action_epoch0": 0.8072176331642137, "ENV_Train_Weighted probability to choose the right action:": 0.8784000618662589, "ENV_Train_Weighted probability to choose the right action:_epoch0": 0.7309612134220501, "_timestamp": 1720441482.2741258, "_runtime": 2444.141565799713, "_step": 49, "ENV_Test_TotalLoss": 286.13982390705127, "ENV_Test_TotalLoss_epoch0": 188.74922353204303, "ENV_Test_Right action": 0.836416, "ENV_Test_Right action_epoch0": 0.817024, "ENV_Test_Probability to choose the right action": 0.8103607547162666, "ENV_Test_Probability to choose the right action_epoch0": 0.7595926738520732, "ENV_Test_Weighted right action": 0.8590753012531053, "ENV_Test_Weighted right action_epoch0": 0.8547318931245623, "ENV_Test_Weighted probability to choose the right action:": 0.8341923507496806, "ENV_Test_Weighted probability to choose the right action:_epoch0": 0.7923692082710708, "ENV_Test_proba_accuracy": 0.8103607547162673, "ENV_Test_proba_accuracy_epoch0": 0.7595926738520742, "ENV_Test_proba_accuracy_strategy_132": 0.8417941180045275, "ENV_Test_proba_accuracy_strategy_132_epoch0": 0.8017588593560651, "ENV_Test_proba_accuracy_strategy_23": 0.819327796746439, "ENV_Test_proba_accuracy_strategy_23_epoch0": 0.7632349281237446, "ENV_Test_proba_accuracy_strategy_107": 0.8634480316127571, "ENV_Test_proba_accuracy_strategy_107_epoch0": 0.8251514723617408, "ENV_Test_proba_accuracy_strategy_43": 0.7907432841652166, "ENV_Test_proba_accuracy_strategy_43_epoch0": 0.7539122718706924, "ENV_Test_proba_accuracy_strategy_17": 0.7858027658091572, "ENV_Test_proba_accuracy_strategy_17_epoch0": 0.730586788704809, "ENV_Test_proba_accuracy_strategy_93": 0.8064635438570444, "ENV_Test_proba_accuracy_strategy_93_epoch0": 0.7594974763008536, "ENV_Test_proba_accuracy_per_mean_strategy": 0.8179299233658569, "ENV_Test_proba_accuracy_per_mean_strategy_epoch0": 0.7723569661196509, "ENV_Test_proba_accuracy_per_mean_user": 0.8182791623896144, "ENV_Test_proba_accuracy_per_mean_user_epoch0": 0.7718446255148614, "ENV_Test_proba_accuracy_per_mean_user_and_bot": 0.8341923507496795, "ENV_Test_proba_accuracy_per_mean_user_and_bot_epoch0": 0.7923692082710699, "ENV_Test_accuracy": 0.836416, "ENV_Test_accuracy_epoch0": 0.817024, "ENV_Test_accuracy_strategy_132": 0.8606232294617564, "ENV_Test_accuracy_strategy_132_epoch0": 0.861756373937677, "ENV_Test_accuracy_strategy_23": 0.8500565519470027, "ENV_Test_accuracy_strategy_23_epoch0": 0.8219421554370657, "ENV_Test_accuracy_strategy_107": 0.8817733990147784, "ENV_Test_accuracy_strategy_107_epoch0": 0.8850574712643678, "ENV_Test_accuracy_strategy_43": 0.8091603053435115, "ENV_Test_accuracy_strategy_43_epoch0": 0.80470737913486, "ENV_Test_accuracy_strategy_17": 0.8112522686025408, "ENV_Test_accuracy_strategy_17_epoch0": 0.7851633393829401, "ENV_Test_accuracy_strategy_93": 0.8354898336414048, "ENV_Test_accuracy_strategy_93_epoch0": 0.8253234750462107, "ENV_Test_accuracy_per_mean_strategy": 0.8413925980018324, "ENV_Test_accuracy_per_mean_strategy_epoch0": 0.8306583657005203, "ENV_Test_accuracy_per_mean_user": 0.8436808138614817, "ENV_Test_accuracy_per_mean_user_epoch0": 0.8324127168367325, "ENV_Test_accuracy_per_mean_user_and_bot": 0.8590753012531057, "ENV_Test_accuracy_per_mean_user_and_bot_epoch0": 0.8547318931245624, "ENV_Train_TotalLoss_epoch1": 849.9757059326744, "ENV_Train_Right action_epoch1": 0.8274821109123435, "ENV_Train_Probability to choose the right action_epoch1": 0.7590136297604274, "ENV_Train_Weighted right action_epoch1": 0.8274821109123435, "ENV_Train_Weighted probability to choose the right action:_epoch1": 0.7590136297604274, "ENV_Test_TotalLoss_epoch1": 182.76853865244317, "ENV_Test_Right action_epoch1": 0.835264, "ENV_Test_Probability to choose the right action_epoch1": 0.7658863894091377, "ENV_Test_Weighted right action_epoch1": 0.8641321589304413, "ENV_Test_Weighted probability to choose the right action:_epoch1": 0.7937000909989593, "ENV_Test_proba_accuracy_epoch1": 0.7658863894091383, "ENV_Test_proba_accuracy_strategy_132_epoch1": 0.8028241232718248, "ENV_Test_proba_accuracy_strategy_23_epoch1": 0.7705185117046701, "ENV_Test_proba_accuracy_strategy_107_epoch1": 0.8200220751385563, "ENV_Test_proba_accuracy_strategy_43_epoch1": 0.7631768924908815, "ENV_Test_proba_accuracy_strategy_17_epoch1": 0.7379764673841822, "ENV_Test_proba_accuracy_strategy_93_epoch1": 0.7663062855991575, "ENV_Test_proba_accuracy_per_mean_strategy_epoch1": 0.7768040592648787, "ENV_Test_proba_accuracy_per_mean_user_epoch1": 0.7760167103016959, "ENV_Test_proba_accuracy_per_mean_user_and_bot_epoch1": 0.7937000909989598, "ENV_Test_accuracy_epoch1": 0.835264, "ENV_Test_accuracy_strategy_132_epoch1": 0.8662889518413598, "ENV_Test_accuracy_strategy_23_epoch1": 0.843593472289546, "ENV_Test_accuracy_strategy_107_epoch1": 0.8883415435139573, "ENV_Test_accuracy_strategy_43_epoch1": 0.8276081424936387, "ENV_Test_accuracy_strategy_17_epoch1": 0.8044464609800362, "ENV_Test_accuracy_strategy_93_epoch1": 0.8438077634011091, "ENV_Test_accuracy_per_mean_strategy_epoch1": 0.8456810557532745, "ENV_Test_accuracy_per_mean_user_epoch1": 0.8456153797490884, "ENV_Test_accuracy_per_mean_user_and_bot_epoch1": 0.8641321589304416, "ENV_Train_TotalLoss_epoch2": 813.1042552649095, "ENV_Train_Right action_epoch2": 0.835979871400615, "ENV_Train_Probability to choose the right action_epoch2": 0.7696434586406042, "ENV_Train_Weighted right action_epoch2": 0.835979871400615, "ENV_Train_Weighted probability to choose the right action:_epoch2": 0.7696434586406042, "ENV_Test_TotalLoss_epoch2": 180.36100843562159, "ENV_Test_Right action_epoch2": 0.838464, "ENV_Test_Probability to choose the right action_epoch2": 0.7895646792582561, "ENV_Test_Weighted right action_epoch2": 0.8642542596119984, "ENV_Test_Weighted probability to choose the right action:_epoch2": 0.8155424465940755, "ENV_Test_proba_accuracy_epoch2": 0.7895646792582554, "ENV_Test_proba_accuracy_strategy_132_epoch2": 0.8238200724164076, "ENV_Test_proba_accuracy_strategy_23_epoch2": 0.798754966176191, "ENV_Test_proba_accuracy_strategy_107_epoch2": 0.8482320669179606, "ENV_Test_proba_accuracy_strategy_43_epoch2": 0.7761379618869668, "ENV_Test_proba_accuracy_strategy_17_epoch2": 0.7596383877561186, "ENV_Test_proba_accuracy_strategy_93_epoch2": 0.7895221643831013, "ENV_Test_proba_accuracy_per_mean_strategy_epoch2": 0.7993509365894576, "ENV_Test_proba_accuracy_per_mean_user_epoch2": 0.798590528555461, "ENV_Test_proba_accuracy_per_mean_user_and_bot_epoch2": 0.8155424465940747, "ENV_Test_accuracy_epoch2": 0.838464, "ENV_Test_accuracy_strategy_132_epoch2": 0.8674220963172804, "ENV_Test_accuracy_strategy_23_epoch2": 0.8507028599127484, "ENV_Test_accuracy_strategy_107_epoch2": 0.8932676518883416, "ENV_Test_accuracy_strategy_43_epoch2": 0.8199745547073791, "ENV_Test_accuracy_strategy_17_epoch2": 0.8071687840290381, "ENV_Test_accuracy_strategy_93_epoch2": 0.844731977818854, "ENV_Test_accuracy_per_mean_strategy_epoch2": 0.8472113207789403, "ENV_Test_accuracy_per_mean_user_epoch2": 0.8483454717305059, "ENV_Test_accuracy_per_mean_user_and_bot_epoch2": 0.8642542596119981, "ENV_Train_TotalLoss_epoch3": 781.2759339893928, "ENV_Train_Right action_epoch3": 0.8425775789767962, "ENV_Train_Probability to choose the right action_epoch3": 0.7783286739090547, "ENV_Train_Weighted right action_epoch3": 0.8425775789767962, "ENV_Train_Weighted probability to choose the right action:_epoch3": 0.7783286739090547, "ENV_Test_TotalLoss_epoch3": 173.2314898037549, "ENV_Test_Right action_epoch3": 0.84544, "ENV_Test_Probability to choose the right action_epoch3": 0.794022868278085, "ENV_Test_Weighted right action_epoch3": 0.8710542980526624, "ENV_Test_Weighted probability to choose the right action:_epoch3": 0.8231134091893677, "ENV_Test_proba_accuracy_epoch3": 0.7940228682780852, "ENV_Test_proba_accuracy_strategy_132_epoch3": 0.8353327085323919, "ENV_Test_proba_accuracy_strategy_23_epoch3": 0.8004890210756423, "ENV_Test_proba_accuracy_strategy_107_epoch3": 0.8590133963064266, "ENV_Test_proba_accuracy_strategy_43_epoch3": 0.7810464746515723, "ENV_Test_proba_accuracy_strategy_17_epoch3": 0.763573588923105, "ENV_Test_proba_accuracy_strategy_93_epoch3": 0.7959722166102845, "ENV_Test_proba_accuracy_per_mean_strategy_epoch3": 0.8059045676832371, "ENV_Test_proba_accuracy_per_mean_user_epoch3": 0.8036851223944339, "ENV_Test_proba_accuracy_per_mean_user_and_bot_epoch3": 0.8231134091893677, "ENV_Test_accuracy_epoch3": 0.84544, "ENV_Test_accuracy_strategy_132_epoch3": 0.8759206798866855, "ENV_Test_accuracy_strategy_23_epoch3": 0.8558733236387138, "ENV_Test_accuracy_strategy_107_epoch3": 0.8981937602627258, "ENV_Test_accuracy_strategy_43_epoch3": 0.8333333333333334, "ENV_Test_accuracy_strategy_17_epoch3": 0.8144283121597096, "ENV_Test_accuracy_strategy_93_epoch3": 0.8502772643253235, "ENV_Test_accuracy_per_mean_strategy_epoch3": 0.8546711122677486, "ENV_Test_accuracy_per_mean_user_epoch3": 0.8542769458137032, "ENV_Test_accuracy_per_mean_user_and_bot_epoch3": 0.8710542980526617, "ENV_Train_TotalLoss_epoch4": 757.92135024392, "ENV_Train_Right action_epoch4": 0.8480879968692346, "ENV_Train_Probability to choose the right action_epoch4": 0.7854556608434562, "ENV_Train_Weighted right action_epoch4": 0.8480879968692346, "ENV_Train_Weighted probability to choose the right action:_epoch4": 0.7854556608434562, "ENV_Test_TotalLoss_epoch4": 178.77944800175584, "ENV_Test_Right action_epoch4": 0.845184, "ENV_Test_Probability to choose the right action_epoch4": 0.8004301507682404, "ENV_Test_Weighted right action_epoch4": 0.8691707163158455, "ENV_Test_Weighted probability to choose the right action:_epoch4": 0.8290197160832811, "ENV_Test_proba_accuracy_epoch4": 0.8004301507682412, "ENV_Test_proba_accuracy_strategy_132_epoch4": 0.8382198363710214, "ENV_Test_proba_accuracy_strategy_23_epoch4": 0.8083302346031855, "ENV_Test_proba_accuracy_strategy_107_epoch4": 0.8637158440559973, "ENV_Test_proba_accuracy_strategy_43_epoch4": 0.7854601702635181, "ENV_Test_proba_accuracy_strategy_17_epoch4": 0.7706990337092429, "ENV_Test_proba_accuracy_strategy_93_epoch4": 0.8008499032579509, "ENV_Test_proba_accuracy_per_mean_strategy_epoch4": 0.8112125037101526, "ENV_Test_proba_accuracy_per_mean_user_epoch4": 0.8092298144112929, "ENV_Test_proba_accuracy_per_mean_user_and_bot_epoch4": 0.8290197160832815, "ENV_Test_accuracy_epoch4": 0.845184, "ENV_Test_accuracy_strategy_132_epoch4": 0.8702549575070821, "ENV_Test_accuracy_strategy_23_epoch4": 0.8558733236387138, "ENV_Test_accuracy_strategy_107_epoch4": 0.8949096880131363, "ENV_Test_accuracy_strategy_43_epoch4": 0.8231552162849872, "ENV_Test_accuracy_strategy_17_epoch4": 0.8203266787658802, "ENV_Test_accuracy_strategy_93_epoch4": 0.8484288354898336, "ENV_Test_accuracy_per_mean_strategy_epoch4": 0.8521581166166055, "ENV_Test_accuracy_per_mean_user_epoch4": 0.8529435278257634, "ENV_Test_accuracy_per_mean_user_and_bot_epoch4": 0.8691707163158461, "ENV_Train_TotalLoss_epoch5": 741.9629643452245, "ENV_Train_Right action_epoch5": 0.852025771106732, "ENV_Train_Probability to choose the right action_epoch5": 0.7908060570974106, "ENV_Train_Weighted right action_epoch5": 0.852025771106732, "ENV_Train_Weighted probability to choose the right action:_epoch5": 0.7908060570974106, "ENV_Test_TotalLoss_epoch5": 174.70643778830072, "ENV_Test_Right action_epoch5": 0.84544, "ENV_Test_Probability to choose the right action_epoch5": 0.8040003204858621, "ENV_Test_Weighted right action_epoch5": 0.8733981606087485, "ENV_Test_Weighted probability to choose the right action:_epoch5": 0.8336931131701215, "ENV_Test_proba_accuracy_epoch5": 0.8040003204858633, "ENV_Test_proba_accuracy_strategy_132_epoch5": 0.8487562368655661, "ENV_Test_proba_accuracy_strategy_23_epoch5": 0.8109068451973724, "ENV_Test_proba_accuracy_strategy_107_epoch5": 0.8698277266793093, "ENV_Test_proba_accuracy_strategy_43_epoch5": 0.7925994790610149, "ENV_Test_proba_accuracy_strategy_17_epoch5": 0.7720089889524956, "ENV_Test_proba_accuracy_strategy_93_epoch5": 0.8013315107792397, "ENV_Test_proba_accuracy_per_mean_strategy_epoch5": 0.8159051312558331, "ENV_Test_proba_accuracy_per_mean_user_epoch5": 0.8143952669447396, "ENV_Test_proba_accuracy_per_mean_user_and_bot_epoch5": 0.833693113170122, "ENV_Test_accuracy_epoch5": 0.84544, "ENV_Test_accuracy_strategy_132_epoch5": 0.8787535410764873, "ENV_Test_accuracy_strategy_23_epoch5": 0.8558733236387138, "ENV_Test_accuracy_strategy_107_epoch5": 0.9064039408866995, "ENV_Test_accuracy_strategy_43_epoch5": 0.8256997455470738, "ENV_Test_accuracy_strategy_17_epoch5": 0.8166969147005445, "ENV_Test_accuracy_strategy_93_epoch5": 0.8428835489833642, "ENV_Test_accuracy_per_mean_strategy_epoch5": 0.8543851691388138, "ENV_Test_accuracy_per_mean_user_epoch5": 0.8553107102361197, "ENV_Test_accuracy_per_mean_user_and_bot_epoch5": 0.8733981606087482, "ENV_Train_TotalLoss_epoch6": 713.2141016452813, "ENV_Train_Right action_epoch6": 0.8566737006861663, "ENV_Train_Probability to choose the right action_epoch6": 0.7986515686849586, "ENV_Train_Weighted right action_epoch6": 0.8566737006861663, "ENV_Train_Weighted probability to choose the right action:_epoch6": 0.7986515686849586, "ENV_Test_TotalLoss_epoch6": 180.16378115025236, "ENV_Test_Right action_epoch6": 0.846464, "ENV_Test_Probability to choose the right action_epoch6": 0.8096879673687055, "ENV_Test_Weighted right action_epoch6": 0.8716460389758042, "ENV_Test_Weighted probability to choose the right action:_epoch6": 0.8377783218585113, "ENV_Test_proba_accuracy_epoch6": 0.8096879673687061, "ENV_Test_proba_accuracy_strategy_132_epoch6": 0.8458799727499265, "ENV_Test_proba_accuracy_strategy_23_epoch6": 0.8177552561290329, "ENV_Test_proba_accuracy_strategy_107_epoch6": 0.8755348758945181, "ENV_Test_proba_accuracy_strategy_43_epoch6": 0.7987459668074742, "ENV_Test_proba_accuracy_strategy_17_epoch6": 0.778955108115343, "ENV_Test_proba_accuracy_strategy_93_epoch6": 0.8085448634346445, "ENV_Test_proba_accuracy_per_mean_strategy_epoch6": 0.8209026738551567, "ENV_Test_proba_accuracy_per_mean_user_epoch6": 0.8195083203043563, "ENV_Test_proba_accuracy_per_mean_user_and_bot_epoch6": 0.8377783218585112, "ENV_Test_accuracy_epoch6": 0.846464, "ENV_Test_accuracy_strategy_132_epoch6": 0.8730878186968839, "ENV_Test_accuracy_strategy_23_epoch6": 0.8573275165616416, "ENV_Test_accuracy_strategy_107_epoch6": 0.909688013136289, "ENV_Test_accuracy_strategy_43_epoch6": 0.8307888040712468, "ENV_Test_accuracy_strategy_17_epoch6": 0.8176043557168784, "ENV_Test_accuracy_strategy_93_epoch6": 0.8456561922365989, "ENV_Test_accuracy_per_mean_strategy_epoch6": 0.8556921167365897, "ENV_Test_accuracy_per_mean_user_epoch6": 0.8553705807536205, "ENV_Test_accuracy_per_mean_user_and_bot_epoch6": 0.8716460389758037, "ENV_Train_TotalLoss_epoch7": 696.4668909103497, "ENV_Train_Right action_epoch7": 0.8612384679899358, "ENV_Train_Probability to choose the right action_epoch7": 0.8040713302756889, "ENV_Train_Weighted right action_epoch7": 0.8612384679899358, "ENV_Train_Weighted probability to choose the right action:_epoch7": 0.8040713302756889, "ENV_Test_TotalLoss_epoch7": 179.9838507447505, "ENV_Test_Right action_epoch7": 0.849088, "ENV_Test_Probability to choose the right action_epoch7": 0.8044333000510011, "ENV_Test_Weighted right action_epoch7": 0.874891573648786, "ENV_Test_Weighted probability to choose the right action:_epoch7": 0.8317061716950644, "ENV_Test_proba_accuracy_epoch7": 0.804433300051, "ENV_Test_proba_accuracy_strategy_132_epoch7": 0.8496568307113371, "ENV_Test_proba_accuracy_strategy_23_epoch7": 0.8077205446658694, "ENV_Test_proba_accuracy_strategy_107_epoch7": 0.8601917087269579, "ENV_Test_proba_accuracy_strategy_43_epoch7": 0.791334215831558, "ENV_Test_proba_accuracy_strategy_17_epoch7": 0.7778604554821781, "ENV_Test_proba_accuracy_strategy_93_epoch7": 0.8077638913927275, "ENV_Test_proba_accuracy_per_mean_strategy_epoch7": 0.8157546078017713, "ENV_Test_proba_accuracy_per_mean_user_epoch7": 0.814366102323596, "ENV_Test_proba_accuracy_per_mean_user_and_bot_epoch7": 0.831706171695064, "ENV_Test_accuracy_epoch7": 0.849088, "ENV_Test_accuracy_strategy_132_epoch7": 0.886685552407932, "ENV_Test_accuracy_strategy_23_epoch7": 0.8558733236387138, "ENV_Test_accuracy_strategy_107_epoch7": 0.9064039408866995, "ENV_Test_accuracy_strategy_43_epoch7": 0.8282442748091603, "ENV_Test_accuracy_strategy_17_epoch7": 0.822141560798548, "ENV_Test_accuracy_strategy_93_epoch7": 0.8567467652495379, "ENV_Test_accuracy_per_mean_strategy_epoch7": 0.8593492362984319, "ENV_Test_accuracy_per_mean_user_epoch7": 0.8590937689476044, "ENV_Test_accuracy_per_mean_user_and_bot_epoch7": 0.8748915736487859, "ENV_Train_TotalLoss_epoch8": 676.4298897812427, "ENV_Train_Right action_epoch8": 0.8653765544222439, "ENV_Train_Probability to choose the right action_epoch8": 0.8099205295059628, "ENV_Train_Weighted right action_epoch8": 0.8653765544222439, "ENV_Train_Weighted probability to choose the right action:_epoch8": 0.8099205295059628, "ENV_Test_TotalLoss_epoch8": 183.09597798494195, "ENV_Test_Right action_epoch8": 0.848192, "ENV_Test_Probability to choose the right action_epoch8": 0.8131624805909449, "ENV_Test_Weighted right action_epoch8": 0.87202728459491, "ENV_Test_Weighted probability to choose the right action:_epoch8": 0.8395115063345526, "ENV_Test_proba_accuracy_epoch8": 0.8131624805909453, "ENV_Test_proba_accuracy_strategy_132_epoch8": 0.8535724456253102, "ENV_Test_proba_accuracy_strategy_23_epoch8": 0.8190142907416549, "ENV_Test_proba_accuracy_strategy_107_epoch8": 0.873087214063504, "ENV_Test_proba_accuracy_strategy_43_epoch8": 0.8018555713573745, "ENV_Test_proba_accuracy_strategy_17_epoch8": 0.7843348807161278, "ENV_Test_proba_accuracy_strategy_93_epoch8": 0.8139128665153317, "ENV_Test_proba_accuracy_per_mean_strategy_epoch8": 0.8242962115032174, "ENV_Test_proba_accuracy_per_mean_user_epoch8": 0.8224846137613386, "ENV_Test_proba_accuracy_per_mean_user_and_bot_epoch8": 0.839511506334553, "ENV_Test_accuracy_epoch8": 0.848192, "ENV_Test_accuracy_strategy_132_epoch8": 0.8787535410764873, "ENV_Test_accuracy_strategy_23_epoch8": 0.8550654386815317, "ENV_Test_accuracy_strategy_107_epoch8": 0.9047619047619048, "ENV_Test_accuracy_strategy_43_epoch8": 0.8295165394402035, "ENV_Test_accuracy_strategy_17_epoch8": 0.8241833030852994, "ENV_Test_accuracy_strategy_93_epoch8": 0.8521256931608133, "ENV_Test_accuracy_per_mean_strategy_epoch8": 0.8574010700343734, "ENV_Test_accuracy_per_mean_user_epoch8": 0.8572762151741307, "ENV_Test_accuracy_per_mean_user_and_bot_epoch8": 0.8720272845949091, "ENV_Train_TotalLoss_epoch9": 656.6824900906576, "ENV_Train_Right action_epoch9": 0.8695554934302488, "ENV_Train_Probability to choose the right action_epoch9": 0.8161481662761759, "ENV_Train_Weighted right action_epoch9": 0.8695554934302488, "ENV_Train_Weighted probability to choose the right action:_epoch9": 0.8161481662761759, "ENV_Test_TotalLoss_epoch9": 184.63089341484257, "ENV_Test_Right action_epoch9": 0.846592, "ENV_Test_Probability to choose the right action_epoch9": 0.8086929895355064, "ENV_Test_Weighted right action_epoch9": 0.8722312488105667, "ENV_Test_Weighted probability to choose the right action:_epoch9": 0.8393111422516236, "ENV_Test_proba_accuracy_epoch9": 0.8086929895355065, "ENV_Test_proba_accuracy_strategy_132_epoch9": 0.8543946999752026, "ENV_Test_proba_accuracy_strategy_23_epoch9": 0.8123264465645312, "ENV_Test_proba_accuracy_strategy_107_epoch9": 0.8767995701530031, "ENV_Test_proba_accuracy_strategy_43_epoch9": 0.7950323688714755, "ENV_Test_proba_accuracy_strategy_17_epoch9": 0.7807788660388042, "ENV_Test_proba_accuracy_strategy_93_epoch9": 0.8085932298151433, "ENV_Test_proba_accuracy_per_mean_strategy_epoch9": 0.8213208635696932, "ENV_Test_proba_accuracy_per_mean_user_epoch9": 0.8199331911596782, "ENV_Test_proba_accuracy_per_mean_user_and_bot_epoch9": 0.8393111422516244, "ENV_Test_accuracy_epoch9": 0.846592, "ENV_Test_accuracy_strategy_132_epoch9": 0.8793201133144476, "ENV_Test_accuracy_strategy_23_epoch9": 0.8532880917757312, "ENV_Test_accuracy_strategy_107_epoch9": 0.9047619047619048, "ENV_Test_accuracy_strategy_43_epoch9": 0.8256997455470738, "ENV_Test_accuracy_strategy_17_epoch9": 0.8232758620689655, "ENV_Test_accuracy_strategy_93_epoch9": 0.8475046210720887, "ENV_Test_accuracy_per_mean_strategy_epoch9": 0.8556417230900353, "ENV_Test_accuracy_per_mean_user_epoch9": 0.855663563512674, "ENV_Test_accuracy_per_mean_user_and_bot_epoch9": 0.8722312488105669, "ENV_Train_TotalLoss_epoch10": 631.6966416700182, "ENV_Train_Right action_epoch10": 0.8743779703662287, "ENV_Train_Probability to choose the right action_epoch10": 0.8225914622358833, "ENV_Train_Weighted right action_epoch10": 0.8743779703662287, "ENV_Train_Weighted probability to choose the right action:_epoch10": 0.8225914622358833, "ENV_Test_TotalLoss_epoch10": 199.51669352588144, "ENV_Test_Right action_epoch10": 0.84864, "ENV_Test_Probability to choose the right action_epoch10": 0.8188611602678969, "ENV_Test_Weighted right action_epoch10": 0.8719930901814121, "ENV_Test_Weighted probability to choose the right action:_epoch10": 0.8461858420938133, "ENV_Test_proba_accuracy_epoch10": 0.8188611602678962, "ENV_Test_proba_accuracy_strategy_132_epoch10": 0.8591781227917658, "ENV_Test_proba_accuracy_strategy_23_epoch10": 0.823496772315358, "ENV_Test_proba_accuracy_strategy_107_epoch10": 0.8785343722748025, "ENV_Test_proba_accuracy_strategy_43_epoch10": 0.8077163269132436, "ENV_Test_proba_accuracy_strategy_17_epoch10": 0.7927269532098106, "ENV_Test_proba_accuracy_strategy_93_epoch10": 0.8156532442022585, "ENV_Test_proba_accuracy_per_mean_strategy_epoch10": 0.82955096528454, "ENV_Test_proba_accuracy_per_mean_user_epoch10": 0.827790047249538, "ENV_Test_proba_accuracy_per_mean_user_and_bot_epoch10": 0.8461858420938154, "ENV_Test_accuracy_epoch10": 0.84864, "ENV_Test_accuracy_strategy_132_epoch10": 0.8821529745042493, "ENV_Test_accuracy_strategy_23_epoch10": 0.8542575537243496, "ENV_Test_accuracy_strategy_107_epoch10": 0.9014778325123153, "ENV_Test_accuracy_strategy_43_epoch10": 0.8409669211195929, "ENV_Test_accuracy_strategy_17_epoch10": 0.8237295825771325, "ENV_Test_accuracy_strategy_93_epoch10": 0.844731977818854, "ENV_Test_accuracy_per_mean_strategy_epoch10": 0.8578861403760821, "ENV_Test_accuracy_per_mean_user_epoch10": 0.8567640229340873, "ENV_Test_accuracy_per_mean_user_and_bot_epoch10": 0.871993090181412, "ENV_Train_TotalLoss_epoch11": 621.6437755579379, "ENV_Train_Right action_epoch11": 0.8769377000601054, "ENV_Train_Probability to choose the right action_epoch11": 0.8266268147267573, "ENV_Train_Weighted right action_epoch11": 0.8769377000601054, "ENV_Train_Weighted probability to choose the right action:_epoch11": 0.8266268147267573, "ENV_Test_TotalLoss_epoch11": 186.8137463366472, "ENV_Test_Right action_epoch11": 0.846656, "ENV_Test_Probability to choose the right action_epoch11": 0.8029764701742942, "ENV_Test_Weighted right action_epoch11": 0.8706444509779071, "ENV_Test_Weighted probability to choose the right action:_epoch11": 0.8257169021681432, "ENV_Test_proba_accuracy_epoch11": 0.8029764701742945, "ENV_Test_proba_accuracy_strategy_132_epoch11": 0.8432028548302941, "ENV_Test_proba_accuracy_strategy_23_epoch11": 0.8091556695616162, "ENV_Test_proba_accuracy_strategy_107_epoch11": 0.8568554489466783, "ENV_Test_proba_accuracy_strategy_43_epoch11": 0.788989699609444, "ENV_Test_proba_accuracy_strategy_17_epoch11": 0.7781193735707029, "ENV_Test_proba_accuracy_strategy_93_epoch11": 0.7932743936107287, "ENV_Test_proba_accuracy_per_mean_strategy_epoch11": 0.8115995733549107, "ENV_Test_proba_accuracy_per_mean_user_epoch11": 0.8111543265093171, "ENV_Test_proba_accuracy_per_mean_user_and_bot_epoch11": 0.8257169021681441, "ENV_Test_accuracy_epoch11": 0.846656, "ENV_Test_accuracy_strategy_132_epoch11": 0.8821529745042493, "ENV_Test_accuracy_strategy_23_epoch11": 0.8492486669898206, "ENV_Test_accuracy_strategy_107_epoch11": 0.9080459770114943, "ENV_Test_accuracy_strategy_43_epoch11": 0.8377862595419847, "ENV_Test_accuracy_strategy_17_epoch11": 0.8239564428312159, "ENV_Test_accuracy_strategy_93_epoch11": 0.844731977818854, "ENV_Test_accuracy_per_mean_strategy_epoch11": 0.8576537164496032, "ENV_Test_accuracy_per_mean_user_epoch11": 0.8534655589557681, "ENV_Test_accuracy_per_mean_user_and_bot_epoch11": 0.8706444509779075, "ENV_Train_TotalLoss_epoch12": 602.5097051454561, "ENV_Train_Right action_epoch12": 0.8805644823249965, "ENV_Train_Probability to choose the right action_epoch12": 0.8319073023635611, "ENV_Train_Weighted right action_epoch12": 0.8805644823249965, "ENV_Train_Weighted probability to choose the right action:_epoch12": 0.8319073023635611, "ENV_Test_TotalLoss_epoch12": 203.8320607962505, "ENV_Test_Right action_epoch12": 0.841088, "ENV_Test_Probability to choose the right action_epoch12": 0.805284375250876, "ENV_Test_Weighted right action_epoch12": 0.859270497788665, "ENV_Test_Weighted probability to choose the right action:_epoch12": 0.825642759737583, "ENV_Test_proba_accuracy_epoch12": 0.8052843752508771, "ENV_Test_proba_accuracy_strategy_132_epoch12": 0.8389807440505646, "ENV_Test_proba_accuracy_strategy_23_epoch12": 0.8149594719705593, "ENV_Test_proba_accuracy_strategy_107_epoch12": 0.8580166591691079, "ENV_Test_proba_accuracy_strategy_43_epoch12": 0.7882655508304272, "ENV_Test_proba_accuracy_strategy_17_epoch12": 0.7785886813803029, "ENV_Test_proba_accuracy_strategy_93_epoch12": 0.7987788162256217, "ENV_Test_proba_accuracy_per_mean_strategy_epoch12": 0.8129316539377639, "ENV_Test_proba_accuracy_per_mean_user_epoch12": 0.812645570087626, "ENV_Test_proba_accuracy_per_mean_user_and_bot_epoch12": 0.8256427597375829, "ENV_Test_accuracy_epoch12": 0.841088, "ENV_Test_accuracy_strategy_132_epoch12": 0.8606232294617564, "ENV_Test_accuracy_strategy_23_epoch12": 0.8539343997414768, "ENV_Test_accuracy_strategy_107_epoch12": 0.8949096880131363, "ENV_Test_accuracy_strategy_43_epoch12": 0.8142493638676844, "ENV_Test_accuracy_strategy_17_epoch12": 0.8173774954627949, "ENV_Test_accuracy_strategy_93_epoch12": 0.8410351201478743, "ENV_Test_accuracy_per_mean_strategy_epoch12": 0.8470215494491207, "ENV_Test_accuracy_per_mean_user_epoch12": 0.8485307159931992, "ENV_Test_accuracy_per_mean_user_and_bot_epoch12": 0.8592704977886656, "ENV_Train_TotalLoss_epoch13": 580.6747993557227, "ENV_Train_Right action_epoch13": 0.8848626289164034, "ENV_Train_Probability to choose the right action_epoch13": 0.8370514803611977, "ENV_Train_Weighted right action_epoch13": 0.8848626289164034, "ENV_Train_Weighted probability to choose the right action:_epoch13": 0.8370514803611977, "ENV_Test_TotalLoss_epoch13": 232.81073011769647, "ENV_Test_Right action_epoch13": 0.843776, "ENV_Test_Probability to choose the right action_epoch13": 0.8163967832557347, "ENV_Test_Weighted right action_epoch13": 0.8658268264505422, "ENV_Test_Weighted probability to choose the right action:_epoch13": 0.8431159018797891, "ENV_Test_proba_accuracy_epoch13": 0.816396783255734, "ENV_Test_proba_accuracy_strategy_132_epoch13": 0.8524592401190533, "ENV_Test_proba_accuracy_strategy_23_epoch13": 0.8230958495049441, "ENV_Test_proba_accuracy_strategy_107_epoch13": 0.8770926995375894, "ENV_Test_proba_accuracy_strategy_43_epoch13": 0.8035964167293483, "ENV_Test_proba_accuracy_strategy_17_epoch13": 0.7897589550104797, "ENV_Test_proba_accuracy_strategy_93_epoch13": 0.8122074604172768, "ENV_Test_proba_accuracy_per_mean_strategy_epoch13": 0.8263684368864485, "ENV_Test_proba_accuracy_per_mean_user_epoch13": 0.825711346626073, "ENV_Test_proba_accuracy_per_mean_user_and_bot_epoch13": 0.8431159018797885, "ENV_Test_accuracy_epoch13": 0.843776, "ENV_Test_accuracy_strategy_132_epoch13": 0.8736543909348442, "ENV_Test_accuracy_strategy_23_epoch13": 0.8524802068185491, "ENV_Test_accuracy_strategy_107_epoch13": 0.8998357963875205, "ENV_Test_accuracy_strategy_43_epoch13": 0.8256997455470738, "ENV_Test_accuracy_strategy_17_epoch13": 0.8198729582577132, "ENV_Test_accuracy_strategy_93_epoch13": 0.8373382624768947, "ENV_Test_accuracy_per_mean_strategy_epoch13": 0.8514802267370992, "ENV_Test_accuracy_per_mean_user_epoch13": 0.8514912136670916, "ENV_Test_accuracy_per_mean_user_and_bot_epoch13": 0.8658268264505425, "ENV_Train_TotalLoss_epoch14": 564.5501444162928, "ENV_Train_Right action_epoch14": 0.8896125677866608, "ENV_Train_Probability to choose the right action_epoch14": 0.842800764881727, "ENV_Train_Weighted right action_epoch14": 0.8896125677866608, "ENV_Train_Weighted probability to choose the right action:_epoch14": 0.842800764881727, "ENV_Test_TotalLoss_epoch14": 220.72613067510378, "ENV_Test_Right action_epoch14": 0.8352, "ENV_Test_Probability to choose the right action_epoch14": 0.8028596442053368, "ENV_Test_Weighted right action_epoch14": 0.8584136301928991, "ENV_Test_Weighted probability to choose the right action:_epoch14": 0.8314141761260538, "ENV_Test_proba_accuracy_epoch14": 0.802859644205337, "ENV_Test_proba_accuracy_strategy_132_epoch14": 0.8423496961479244, "ENV_Test_proba_accuracy_strategy_23_epoch14": 0.8093832195331414, "ENV_Test_proba_accuracy_strategy_107_epoch14": 0.8618990231815974, "ENV_Test_proba_accuracy_strategy_43_epoch14": 0.7892865934829096, "ENV_Test_proba_accuracy_strategy_17_epoch14": 0.7751113588149102, "ENV_Test_proba_accuracy_strategy_93_epoch14": 0.8006618129277622, "ENV_Test_proba_accuracy_per_mean_strategy_epoch14": 0.8131152840147077, "ENV_Test_proba_accuracy_per_mean_user_epoch14": 0.8126945477733145, "ENV_Test_proba_accuracy_per_mean_user_and_bot_epoch14": 0.8314141761260545, "ENV_Test_accuracy_epoch14": 0.8352, "ENV_Test_accuracy_strategy_132_epoch14": 0.8708215297450425, "ENV_Test_accuracy_strategy_23_epoch14": 0.8434318952981096, "ENV_Test_accuracy_strategy_107_epoch14": 0.8801313628899836, "ENV_Test_accuracy_strategy_43_epoch14": 0.821882951653944, "ENV_Test_accuracy_strategy_17_epoch14": 0.8083030852994555, "ENV_Test_accuracy_strategy_93_epoch14": 0.833641404805915, "ENV_Test_accuracy_per_mean_strategy_epoch14": 0.8430353716154085, "ENV_Test_accuracy_per_mean_user_epoch14": 0.8426739424093007, "ENV_Test_accuracy_per_mean_user_and_bot_epoch14": 0.8584136301929001, "ENV_Train_TotalLoss_epoch15": 553.2275228062467, "ENV_Train_Right action_epoch15": 0.8914994129814949, "ENV_Train_Probability to choose the right action_epoch15": 0.8458118224709797, "ENV_Train_Weighted right action_epoch15": 0.8914994129814949, "ENV_Train_Weighted probability to choose the right action:_epoch15": 0.8458118224709797, "ENV_Test_TotalLoss_epoch15": 313.2849514587379, "ENV_Test_Right action_epoch15": 0.846272, "ENV_Test_Probability to choose the right action_epoch15": 0.8235584644593892, "ENV_Test_Weighted right action_epoch15": 0.8680908367980691, "ENV_Test_Weighted probability to choose the right action:_epoch15": 0.8497339563903809, "ENV_Test_proba_accuracy_epoch15": 0.8235584644593903, "ENV_Test_proba_accuracy_strategy_132_epoch15": 0.8585425758178044, "ENV_Test_proba_accuracy_strategy_23_epoch15": 0.833065197930827, "ENV_Test_proba_accuracy_strategy_107_epoch15": 0.8786419629435227, "ENV_Test_proba_accuracy_strategy_43_epoch15": 0.8118467776655064, "ENV_Test_proba_accuracy_strategy_17_epoch15": 0.7948774847517193, "ENV_Test_proba_accuracy_strategy_93_epoch15": 0.814969323620424, "ENV_Test_proba_accuracy_per_mean_strategy_epoch15": 0.8319905537883007, "ENV_Test_proba_accuracy_per_mean_user_epoch15": 0.8330681279142551, "ENV_Test_proba_accuracy_per_mean_user_and_bot_epoch15": 0.8497339563903817, "ENV_Test_accuracy_epoch15": 0.846272, "ENV_Test_accuracy_strategy_132_epoch15": 0.8736543909348442, "ENV_Test_accuracy_strategy_23_epoch15": 0.8579738245273874, "ENV_Test_accuracy_strategy_107_epoch15": 0.8899835796387521, "ENV_Test_accuracy_strategy_43_epoch15": 0.833969465648855, "ENV_Test_accuracy_strategy_17_epoch15": 0.8200998185117967, "ENV_Test_accuracy_strategy_93_epoch15": 0.8345656192236599, "ENV_Test_accuracy_per_mean_strategy_epoch15": 0.8517077830808825, "ENV_Test_accuracy_per_mean_user_epoch15": 0.8543159662708976, "ENV_Test_accuracy_per_mean_user_and_bot_epoch15": 0.8680908367980693, "ENV_Train_TotalLoss_epoch16": 530.620838995355, "ENV_Train_Right action_epoch16": 0.897068895629202, "ENV_Train_Probability to choose the right action_epoch16": 0.8524504138844041, "ENV_Train_Weighted right action_epoch16": 0.897068895629202, "ENV_Train_Weighted probability to choose the right action:_epoch16": 0.8524504138844041, "ENV_Test_TotalLoss_epoch16": 210.37424682047285, "ENV_Test_Right action_epoch16": 0.846016, "ENV_Test_Probability to choose the right action_epoch16": 0.8083101077500564, "ENV_Test_Weighted right action_epoch16": 0.8688099180327247, "ENV_Test_Weighted probability to choose the right action:_epoch16": 0.8311787351346366, "ENV_Test_proba_accuracy_epoch16": 0.8083101077500559, "ENV_Test_proba_accuracy_strategy_132_epoch16": 0.8428599047696544, "ENV_Test_proba_accuracy_strategy_23_epoch16": 0.8173830210362372, "ENV_Test_proba_accuracy_strategy_107_epoch16": 0.8633915674890297, "ENV_Test_proba_accuracy_strategy_43_epoch16": 0.7930346985182578, "ENV_Test_proba_accuracy_strategy_17_epoch16": 0.7819986342045971, "ENV_Test_proba_accuracy_strategy_93_epoch16": 0.798436408722298, "ENV_Test_proba_accuracy_per_mean_strategy_epoch16": 0.8161840391233457, "ENV_Test_proba_accuracy_per_mean_user_epoch16": 0.8163359248967231, "ENV_Test_proba_accuracy_per_mean_user_and_bot_epoch16": 0.8311787351346376, "ENV_Test_accuracy_epoch16": 0.846016, "ENV_Test_accuracy_strategy_132_epoch16": 0.8776203966005666, "ENV_Test_accuracy_strategy_23_epoch16": 0.8571659395702051, "ENV_Test_accuracy_strategy_107_epoch16": 0.8981937602627258, "ENV_Test_accuracy_strategy_43_epoch16": 0.8282442748091603, "ENV_Test_accuracy_strategy_17_epoch16": 0.8203266787658802, "ENV_Test_accuracy_strategy_93_epoch16": 0.8317929759704251, "ENV_Test_accuracy_per_mean_strategy_epoch16": 0.8522240043298273, "ENV_Test_accuracy_per_mean_user_epoch16": 0.853372760128453, "ENV_Test_accuracy_per_mean_user_and_bot_epoch16": 0.8688099180327242, "ENV_Train_TotalLoss_epoch17": 525.9783564313713, "ENV_Train_Right action_epoch17": 0.898502914494192, "ENV_Train_Probability to choose the right action_epoch17": 0.8546868349387629, "ENV_Train_Weighted right action_epoch17": 0.898502914494192, "ENV_Train_Weighted probability to choose the right action:_epoch17": 0.8546868349387629, "ENV_Test_TotalLoss_epoch17": 207.20942290970711, "ENV_Test_Right action_epoch17": 0.843264, "ENV_Test_Probability to choose the right action_epoch17": 0.8083266889227012, "ENV_Test_Weighted right action_epoch17": 0.8658621498277385, "ENV_Test_Weighted probability to choose the right action:_epoch17": 0.8329098039628289, "ENV_Test_proba_accuracy_epoch17": 0.8083266889227013, "ENV_Test_proba_accuracy_strategy_132_epoch17": 0.8441137730630487, "ENV_Test_proba_accuracy_strategy_23_epoch17": 0.8159379518387927, "ENV_Test_proba_accuracy_strategy_107_epoch17": 0.8634812015162426, "ENV_Test_proba_accuracy_strategy_43_epoch17": 0.7900306220651224, "ENV_Test_proba_accuracy_strategy_17_epoch17": 0.7835961102681114, "ENV_Test_proba_accuracy_strategy_93_epoch17": 0.8027022896109414, "ENV_Test_proba_accuracy_per_mean_strategy_epoch17": 0.8166436580603765, "ENV_Test_proba_accuracy_per_mean_user_epoch17": 0.8156166539752073, "ENV_Test_proba_accuracy_per_mean_user_and_bot_epoch17": 0.8329098039628288, "ENV_Test_accuracy_epoch17": 0.843264, "ENV_Test_accuracy_strategy_132_epoch17": 0.8725212464589235, "ENV_Test_accuracy_strategy_23_epoch17": 0.8519954758442397, "ENV_Test_accuracy_strategy_107_epoch17": 0.8866995073891626, "ENV_Test_accuracy_strategy_43_epoch17": 0.8199745547073791, "ENV_Test_accuracy_strategy_17_epoch17": 0.8219147005444646, "ENV_Test_accuracy_strategy_93_epoch17": 0.8419593345656192, "ENV_Test_accuracy_per_mean_strategy_epoch17": 0.8491774699182981, "ENV_Test_accuracy_per_mean_user_epoch17": 0.8484783998392225, "ENV_Test_accuracy_per_mean_user_and_bot_epoch17": 0.8658621498277382, "ENV_Train_TotalLoss_epoch18": 513.9158539150429, "ENV_Train_Right action_epoch18": 0.9001970897806852, "ENV_Train_Probability to choose the right action_epoch18": 0.8582011192812606, "ENV_Train_Weighted right action_epoch18": 0.9001970897806852, "ENV_Train_Weighted probability to choose the right action:_epoch18": 0.8582011192812606, "ENV_Test_TotalLoss_epoch18": 266.00818651154486, "ENV_Test_Right action_epoch18": 0.841856, "ENV_Test_Probability to choose the right action_epoch18": 0.8175471040920189, "ENV_Test_Weighted right action_epoch18": 0.862876556797094, "ENV_Test_Weighted probability to choose the right action:_epoch18": 0.8413654297021466, "ENV_Test_proba_accuracy_epoch18": 0.8175471040920191, "ENV_Test_proba_accuracy_strategy_132_epoch18": 0.8520401266797614, "ENV_Test_proba_accuracy_strategy_23_epoch18": 0.8273498375872831, "ENV_Test_proba_accuracy_strategy_107_epoch18": 0.8754152113518316, "ENV_Test_proba_accuracy_strategy_43_epoch18": 0.7988193209132844, "ENV_Test_proba_accuracy_strategy_17_epoch18": 0.790462124175271, "ENV_Test_proba_accuracy_strategy_93_epoch18": 0.81019006789906, "ENV_Test_proba_accuracy_per_mean_strategy_epoch18": 0.8257127814344153, "ENV_Test_proba_accuracy_per_mean_user_epoch18": 0.8256528480057745, "ENV_Test_proba_accuracy_per_mean_user_and_bot_epoch18": 0.8413654297021482, "ENV_Test_accuracy_epoch18": 0.841856, "ENV_Test_accuracy_strategy_132_epoch18": 0.8713881019830029, "ENV_Test_accuracy_strategy_23_epoch18": 0.8549038616900954, "ENV_Test_accuracy_strategy_107_epoch18": 0.8949096880131363, "ENV_Test_accuracy_strategy_43_epoch18": 0.8129770992366412, "ENV_Test_accuracy_strategy_17_epoch18": 0.8171506352087115, "ENV_Test_accuracy_strategy_93_epoch18": 0.8317929759704251, "ENV_Test_accuracy_per_mean_strategy_epoch18": 0.8471870603503353, "ENV_Test_accuracy_per_mean_user_epoch18": 0.8486607428812497, "ENV_Test_accuracy_per_mean_user_and_bot_epoch18": 0.8628765567970943, "ENV_Train_TotalLoss_epoch19": 488.16855220904296, "ENV_Train_Right action_epoch19": 0.9050760286225402, "ENV_Train_Probability to choose the right action_epoch19": 0.8641320514905615, "ENV_Train_Weighted right action_epoch19": 0.9050760286225402, "ENV_Train_Weighted probability to choose the right action:_epoch19": 0.8641320514905615, "ENV_Test_TotalLoss_epoch19": 236.0661162583595, "ENV_Test_Right action_epoch19": 0.841536, "ENV_Test_Probability to choose the right action_epoch19": 0.8079015785789819, "ENV_Test_Weighted right action_epoch19": 0.8630978309558024, "ENV_Test_Weighted probability to choose the right action:_epoch19": 0.8313288725145787, "ENV_Test_proba_accuracy_epoch19": 0.807901578578982, "ENV_Test_proba_accuracy_strategy_132_epoch19": 0.8436822323144318, "ENV_Test_proba_accuracy_strategy_23_epoch19": 0.8153333297153141, "ENV_Test_proba_accuracy_strategy_107_epoch19": 0.8577617298202531, "ENV_Test_proba_accuracy_strategy_43_epoch19": 0.7904446092954802, "ENV_Test_proba_accuracy_strategy_17_epoch19": 0.7845189108494847, "ENV_Test_proba_accuracy_strategy_93_epoch19": 0.7995839827689321, "ENV_Test_proba_accuracy_per_mean_strategy_epoch19": 0.815220799127316, "ENV_Test_proba_accuracy_per_mean_user_epoch19": 0.8162283595603929, "ENV_Test_proba_accuracy_per_mean_user_and_bot_epoch19": 0.8313288725145791, "ENV_Test_accuracy_epoch19": 0.841536, "ENV_Test_accuracy_strategy_132_epoch19": 0.8679886685552408, "ENV_Test_accuracy_strategy_23_epoch19": 0.8524802068185491, "ENV_Test_accuracy_strategy_107_epoch19": 0.8784893267651889, "ENV_Test_accuracy_strategy_43_epoch19": 0.8282442748091603, "ENV_Test_accuracy_strategy_17_epoch19": 0.8182849364791288, "ENV_Test_accuracy_strategy_93_epoch19": 0.8290203327171903, "ENV_Test_accuracy_per_mean_strategy_epoch19": 0.8457512910240764, "ENV_Test_accuracy_per_mean_user_epoch19": 0.8484204999556281, "ENV_Test_accuracy_per_mean_user_and_bot_epoch19": 0.8630978309558028, "ENV_Train_TotalLoss_epoch20": 479.79242148476584, "ENV_Train_Right action_epoch20": 0.9071581330985029, "ENV_Train_Probability to choose the right action_epoch20": 0.8664912557426248, "ENV_Train_Weighted right action_epoch20": 0.9071581330985029, "ENV_Train_Weighted probability to choose the right action:_epoch20": 0.8664912557426248, "ENV_Test_TotalLoss_epoch20": 271.97652775581724, "ENV_Test_Right action_epoch20": 0.840576, "ENV_Test_Probability to choose the right action_epoch20": 0.8175755750976531, "ENV_Test_Weighted right action_epoch20": 0.8610341057266032, "ENV_Test_Weighted probability to choose the right action:_epoch20": 0.8418139262226598, "ENV_Test_proba_accuracy_epoch20": 0.8175755750976539, "ENV_Test_proba_accuracy_strategy_132_epoch20": 0.8574942884288049, "ENV_Test_proba_accuracy_strategy_23_epoch20": 0.8250628531737397, "ENV_Test_proba_accuracy_strategy_107_epoch20": 0.8682093557701452, "ENV_Test_proba_accuracy_strategy_43_epoch20": 0.7979961888159508, "ENV_Test_proba_accuracy_strategy_17_epoch20": 0.792991112989769, "ENV_Test_proba_accuracy_strategy_93_epoch20": 0.8097343909335786, "ENV_Test_proba_accuracy_per_mean_strategy_epoch20": 0.8252480316853313, "ENV_Test_proba_accuracy_per_mean_user_epoch20": 0.8260292787950984, "ENV_Test_proba_accuracy_per_mean_user_and_bot_epoch20": 0.8418139262226598, "ENV_Test_accuracy_epoch20": 0.840576, "ENV_Test_accuracy_strategy_132_epoch20": 0.8742209631728045, "ENV_Test_accuracy_strategy_23_epoch20": 0.8519954758442397, "ENV_Test_accuracy_strategy_107_epoch20": 0.8834154351395731, "ENV_Test_accuracy_strategy_43_epoch20": 0.8148854961832062, "ENV_Test_accuracy_strategy_17_epoch20": 0.8162431941923775, "ENV_Test_accuracy_strategy_93_epoch20": 0.83271719038817, "ENV_Test_accuracy_per_mean_strategy_epoch20": 0.845579625820062, "ENV_Test_accuracy_per_mean_user_epoch20": 0.8473903885407967, "ENV_Test_accuracy_per_mean_user_and_bot_epoch20": 0.8610341057266041, "ENV_Train_TotalLoss_epoch21": 470.2777762671372, "ENV_Train_Right action_epoch21": 0.9080808363148479, "ENV_Train_Probability to choose the right action_epoch21": 0.86971631701124, "ENV_Train_Weighted right action_epoch21": 0.9080808363148479, "ENV_Train_Weighted probability to choose the right action:_epoch21": 0.86971631701124, "ENV_Test_TotalLoss_epoch21": 331.75526968615395, "ENV_Test_Right action_epoch21": 0.840384, "ENV_Test_Probability to choose the right action_epoch21": 0.8152283986271892, "ENV_Test_Weighted right action_epoch21": 0.8627592291798627, "ENV_Test_Weighted probability to choose the right action:_epoch21": 0.8400730064147992, "ENV_Test_proba_accuracy_epoch21": 0.8152283986271901, "ENV_Test_proba_accuracy_strategy_132_epoch21": 0.8514301442340413, "ENV_Test_proba_accuracy_strategy_23_epoch21": 0.822404607048211, "ENV_Test_proba_accuracy_strategy_107_epoch21": 0.8686548132976791, "ENV_Test_proba_accuracy_strategy_43_epoch21": 0.8003408076633132, "ENV_Test_proba_accuracy_strategy_17_epoch21": 0.7896959316788205, "ENV_Test_proba_accuracy_strategy_93_epoch21": 0.8107035241868128, "ENV_Test_proba_accuracy_per_mean_strategy_epoch21": 0.8238716380181462, "ENV_Test_proba_accuracy_per_mean_user_epoch21": 0.8243873323698259, "ENV_Test_proba_accuracy_per_mean_user_and_bot_epoch21": 0.8400730064147993, "ENV_Test_accuracy_epoch21": 0.840384, "ENV_Test_accuracy_strategy_132_epoch21": 0.8719546742209632, "ENV_Test_accuracy_strategy_23_epoch21": 0.8523186298271126, "ENV_Test_accuracy_strategy_107_epoch21": 0.8784893267651889, "ENV_Test_accuracy_strategy_43_epoch21": 0.8231552162849872, "ENV_Test_accuracy_strategy_17_epoch21": 0.8130671506352087, "ENV_Test_accuracy_strategy_93_epoch21": 0.8354898336414048, "ENV_Test_accuracy_per_mean_strategy_epoch21": 0.8457458052291442, "ENV_Test_accuracy_per_mean_user_epoch21": 0.8491589465462958, "ENV_Test_accuracy_per_mean_user_and_bot_epoch21": 0.8627592291798633, "ENV_Train_TotalLoss_epoch22": 456.65078936994416, "ENV_Train_Right action_epoch22": 0.9106486463821997, "ENV_Train_Probability to choose the right action_epoch22": 0.873436809218375, "ENV_Train_Weighted right action_epoch22": 0.9106486463821997, "ENV_Train_Weighted probability to choose the right action:_epoch22": 0.873436809218375, "ENV_Test_TotalLoss_epoch22": 291.2988127684536, "ENV_Test_Right action_epoch22": 0.838272, "ENV_Test_Probability to choose the right action_epoch22": 0.8169444674858111, "ENV_Test_Weighted right action_epoch22": 0.8630228259844553, "ENV_Test_Weighted probability to choose the right action:_epoch22": 0.8412232516584608, "ENV_Test_proba_accuracy_epoch22": 0.8169444674858111, "ENV_Test_proba_accuracy_strategy_132_epoch22": 0.8561166245843476, "ENV_Test_proba_accuracy_strategy_23_epoch22": 0.8254795906195158, "ENV_Test_proba_accuracy_strategy_107_epoch22": 0.863338580119743, "ENV_Test_proba_accuracy_strategy_43_epoch22": 0.7971231786073653, "ENV_Test_proba_accuracy_strategy_17_epoch22": 0.7908884664869256, "ENV_Test_proba_accuracy_strategy_93_epoch22": 0.8130601510094013, "ENV_Test_proba_accuracy_per_mean_strategy_epoch22": 0.8243344319045498, "ENV_Test_proba_accuracy_per_mean_user_epoch22": 0.8259306663566793, "ENV_Test_proba_accuracy_per_mean_user_and_bot_epoch22": 0.8412232516584617, "ENV_Test_accuracy_epoch22": 0.838272, "ENV_Test_accuracy_strategy_132_epoch22": 0.8753541076487252, "ENV_Test_accuracy_strategy_23_epoch22": 0.848602359024075, "ENV_Test_accuracy_strategy_107_epoch22": 0.8850574712643678, "ENV_Test_accuracy_strategy_43_epoch22": 0.816793893129771, "ENV_Test_accuracy_strategy_17_epoch22": 0.8098911070780399, "ENV_Test_accuracy_strategy_93_epoch22": 0.8391866913123844, "ENV_Test_accuracy_per_mean_strategy_epoch22": 0.8458142715762272, "ENV_Test_accuracy_per_mean_user_epoch22": 0.8470681471020681, "ENV_Test_accuracy_per_mean_user_and_bot_epoch22": 0.8630228259844556, "ENV_Train_TotalLoss_epoch23": 443.1497800179632, "ENV_Train_Right action_epoch23": 0.9139470852143287, "ENV_Train_Probability to choose the right action_epoch23": 0.8773387401106424, "ENV_Train_Weighted right action_epoch23": 0.9139470852143287, "ENV_Train_Weighted probability to choose the right action:_epoch23": 0.8773387401106424, "ENV_Test_TotalLoss_epoch23": 277.46336101736125, "ENV_Test_Right action_epoch23": 0.835712, "ENV_Test_Probability to choose the right action_epoch23": 0.8041395185869963, "ENV_Test_Weighted right action_epoch23": 0.8585863515524748, "ENV_Test_Weighted probability to choose the right action:_epoch23": 0.8274211559947005, "ENV_Test_proba_accuracy_epoch23": 0.8041395185869964, "ENV_Test_proba_accuracy_strategy_132_epoch23": 0.8416444368838218, "ENV_Test_proba_accuracy_strategy_23_epoch23": 0.810165361344619, "ENV_Test_proba_accuracy_strategy_107_epoch23": 0.851410215488506, "ENV_Test_proba_accuracy_strategy_43_epoch23": 0.7878487003252785, "ENV_Test_proba_accuracy_strategy_17_epoch23": 0.7802810203310522, "ENV_Test_proba_accuracy_strategy_93_epoch23": 0.8027526891838346, "ENV_Test_proba_accuracy_per_mean_strategy_epoch23": 0.8123504039261854, "ENV_Test_proba_accuracy_per_mean_user_epoch23": 0.8133021117525091, "ENV_Test_proba_accuracy_per_mean_user_and_bot_epoch23": 0.8274211559947025, "ENV_Test_accuracy_epoch23": 0.835712, "ENV_Test_accuracy_strategy_132_epoch23": 0.8640226628895185, "ENV_Test_accuracy_strategy_23_epoch23": 0.8440782032638552, "ENV_Test_accuracy_strategy_107_epoch23": 0.8752052545155994, "ENV_Test_accuracy_strategy_43_epoch23": 0.8193384223918575, "ENV_Test_accuracy_strategy_17_epoch23": 0.8126134301270418, "ENV_Test_accuracy_strategy_93_epoch23": 0.8373382624768947, "ENV_Test_accuracy_per_mean_strategy_epoch23": 0.8420993726107945, "ENV_Test_accuracy_per_mean_user_epoch23": 0.8448822867912723, "ENV_Test_accuracy_per_mean_user_and_bot_epoch23": 0.8585863515524745, "ENV_Train_TotalLoss_epoch24": 443.2897638442573, "ENV_Train_Right action_epoch24": 0.9142158233156277, "ENV_Train_Probability to choose the right action_epoch24": 0.8784000618662589, "ENV_Train_Weighted right action_epoch24": 0.9142158233156277, "ENV_Train_Weighted probability to choose the right action:_epoch24": 0.8784000618662589, "ENV_Test_TotalLoss_epoch24": 286.13982390705127, "ENV_Test_Right action_epoch24": 0.836416, "ENV_Test_Probability to choose the right action_epoch24": 0.8103607547162666, "ENV_Test_Weighted right action_epoch24": 0.8590753012531053, "ENV_Test_Weighted probability to choose the right action:_epoch24": 0.8341923507496806, "ENV_Test_proba_accuracy_epoch24": 0.8103607547162673, "ENV_Test_proba_accuracy_strategy_132_epoch24": 0.8417941180045275, "ENV_Test_proba_accuracy_strategy_23_epoch24": 0.819327796746439, "ENV_Test_proba_accuracy_strategy_107_epoch24": 0.8634480316127571, "ENV_Test_proba_accuracy_strategy_43_epoch24": 0.7907432841652166, "ENV_Test_proba_accuracy_strategy_17_epoch24": 0.7858027658091572, "ENV_Test_proba_accuracy_strategy_93_epoch24": 0.8064635438570444, "ENV_Test_proba_accuracy_per_mean_strategy_epoch24": 0.8179299233658569, "ENV_Test_proba_accuracy_per_mean_user_epoch24": 0.8182791623896144, "ENV_Test_proba_accuracy_per_mean_user_and_bot_epoch24": 0.8341923507496795, "ENV_Test_accuracy_epoch24": 0.836416, "ENV_Test_accuracy_strategy_132_epoch24": 0.8606232294617564, "ENV_Test_accuracy_strategy_23_epoch24": 0.8500565519470027, "ENV_Test_accuracy_strategy_107_epoch24": 0.8817733990147784, "ENV_Test_accuracy_strategy_43_epoch24": 0.8091603053435115, "ENV_Test_accuracy_strategy_17_epoch24": 0.8112522686025408, "ENV_Test_accuracy_strategy_93_epoch24": 0.8354898336414048, "ENV_Test_accuracy_per_mean_strategy_epoch24": 0.8413925980018324, "ENV_Test_accuracy_per_mean_user_epoch24": 0.8436808138614817, "ENV_Test_accuracy_per_mean_user_and_bot_epoch24": 0.8590753012531057, "_wandb": {"runtime": 2443}}