{"ENV_Train_TotalLoss": 660.6126831000463, "ENV_Train_TotalLoss_epoch0": 1204.2536843859505, "ENV_Train_Right action": 0.8743360357841767, "ENV_Train_Right action_epoch0": 0.7395418396298936, "ENV_Train_Probability to choose the right action": 0.8208912448156738, "ENV_Train_Probability to choose the right action_epoch0": 0.6441651220694722, "ENV_Train_Weighted right action": 0.8743360357841767, "ENV_Train_Weighted right action_epoch0": 0.7395418396298936, "ENV_Train_Weighted probability to choose the right action:": 0.8208912448156738, "ENV_Train_Weighted probability to choose the right action:_epoch0": 0.6441651220694722, "_timestamp": 1720406654.5571077, "_runtime": 1986.446959733963, "_step": 49, "ENV_Test_TotalLoss": 224.70010145211825, "ENV_Test_TotalLoss_epoch0": 251.21008239032096, "ENV_Test_Right action": 0.81728, "ENV_Test_Right action_epoch0": 0.7584, "ENV_Test_Probability to choose the right action": 0.7844832389453507, "ENV_Test_Probability to choose the right action_epoch0": 0.7062309364712012, "ENV_Test_Weighted right action": 0.8583654183785334, "ENV_Test_Weighted right action_epoch0": 0.8161902454767428, "ENV_Test_Weighted probability to choose the right action:": 0.8263207449019785, "ENV_Test_Weighted probability to choose the right action:_epoch0": 0.7600288992529252, "ENV_Test_proba_accuracy": 0.7844832389453514, "ENV_Test_proba_accuracy_epoch0": 0.7062309364712013, "ENV_Test_proba_accuracy_strategy_132": 0.8203873407240698, "ENV_Test_proba_accuracy_strategy_132_epoch0": 0.7620210287354587, "ENV_Test_proba_accuracy_strategy_23": 0.7833486276413656, "ENV_Test_proba_accuracy_strategy_23_epoch0": 0.6976042885210659, "ENV_Test_proba_accuracy_strategy_107": 0.8509891200731794, "ENV_Test_proba_accuracy_strategy_107_epoch0": 0.7974453786155516, "ENV_Test_proba_accuracy_strategy_43": 0.7916553850088158, "ENV_Test_proba_accuracy_strategy_43_epoch0": 0.724431716199318, "ENV_Test_proba_accuracy_strategy_17": 0.7568441041556371, "ENV_Test_proba_accuracy_strategy_17_epoch0": 0.674441001482213, "ENV_Test_proba_accuracy_strategy_93": 0.7971523523052189, "ENV_Test_proba_accuracy_strategy_93_epoch0": 0.7162952837446998, "ENV_Test_proba_accuracy_per_mean_strategy": 0.8000628216513811, "ENV_Test_proba_accuracy_per_mean_strategy_epoch0": 0.7287064495497179, "ENV_Test_proba_accuracy_per_mean_user": 0.7977656340714967, "ENV_Test_proba_accuracy_per_mean_user_epoch0": 0.7248495190848498, "ENV_Test_proba_accuracy_per_mean_user_and_bot": 0.8263207449019778, "ENV_Test_proba_accuracy_per_mean_user_and_bot_epoch0": 0.7600288992529247, "ENV_Test_accuracy": 0.81728, "ENV_Test_accuracy_epoch0": 0.7584, "ENV_Test_accuracy_strategy_132": 0.851558073654391, "ENV_Test_accuracy_strategy_132_epoch0": 0.8090651558073655, "ENV_Test_accuracy_strategy_23": 0.8167716917111003, "ENV_Test_accuracy_strategy_23_epoch0": 0.7544029730166424, "ENV_Test_accuracy_strategy_107": 0.8801313628899836, "ENV_Test_accuracy_strategy_107_epoch0": 0.8587848932676518, "ENV_Test_accuracy_strategy_43": 0.821882951653944, "ENV_Test_accuracy_strategy_43_epoch0": 0.7684478371501272, "ENV_Test_accuracy_strategy_17": 0.7903811252268602, "ENV_Test_accuracy_strategy_17_epoch0": 0.7227767695099818, "ENV_Test_accuracy_strategy_93": 0.8317929759704251, "ENV_Test_accuracy_strategy_93_epoch0": 0.7726432532347505, "ENV_Test_accuracy_per_mean_strategy": 0.8320863635177841, "ENV_Test_accuracy_per_mean_strategy_epoch0": 0.7810201469977532, "ENV_Test_accuracy_per_mean_user": 0.829505520449705, "ENV_Test_accuracy_per_mean_user_epoch0": 0.7773181808633537, "ENV_Test_accuracy_per_mean_user_and_bot": 0.858365418378533, "ENV_Test_accuracy_per_mean_user_and_bot_epoch0": 0.8161902454767426, "ENV_Train_TotalLoss_epoch1": 1008.7075420660672, "ENV_Train_Right action_epoch1": 0.793758385509839, "ENV_Train_Probability to choose the right action_epoch1": 0.7139733968886424, "ENV_Train_Weighted right action_epoch1": 0.793758385509839, "ENV_Train_Weighted probability to choose the right action:_epoch1": 0.7139733968886424, "ENV_Test_TotalLoss_epoch1": 229.69756937747638, "ENV_Test_Right action_epoch1": 0.783616, "ENV_Test_Probability to choose the right action_epoch1": 0.727358226460477, "ENV_Test_Weighted right action_epoch1": 0.8366729005778041, "ENV_Test_Weighted probability to choose the right action:_epoch1": 0.7763753602800596, "ENV_Test_proba_accuracy_epoch1": 0.7273582264604757, "ENV_Test_proba_accuracy_strategy_132_epoch1": 0.7785235873892445, "ENV_Test_proba_accuracy_strategy_23_epoch1": 0.7208002131716289, "ENV_Test_proba_accuracy_strategy_107_epoch1": 0.8181559099035424, "ENV_Test_proba_accuracy_strategy_43_epoch1": 0.7446511833842524, "ENV_Test_proba_accuracy_strategy_17_epoch1": 0.6939604803065018, "ENV_Test_proba_accuracy_strategy_93_epoch1": 0.7412377363968046, "ENV_Test_proba_accuracy_per_mean_strategy_epoch1": 0.7495548517586625, "ENV_Test_proba_accuracy_per_mean_user_epoch1": 0.7434822022862134, "ENV_Test_proba_accuracy_per_mean_user_and_bot_epoch1": 0.7763753602800583, "ENV_Test_accuracy_epoch1": 0.783616, "ENV_Test_accuracy_strategy_132_epoch1": 0.8351274787535411, "ENV_Test_accuracy_strategy_23_epoch1": 0.7791242527064146, "ENV_Test_accuracy_strategy_107_epoch1": 0.8883415435139573, "ENV_Test_accuracy_strategy_43_epoch1": 0.8034351145038168, "ENV_Test_accuracy_strategy_17_epoch1": 0.7445553539019963, "ENV_Test_accuracy_strategy_93_epoch1": 0.7966728280961183, "ENV_Test_accuracy_per_mean_strategy_epoch1": 0.807876095245974, "ENV_Test_accuracy_per_mean_user_epoch1": 0.799969950894627, "ENV_Test_accuracy_per_mean_user_and_bot_epoch1": 0.8366729005778032, "ENV_Train_TotalLoss_epoch2": 953.0987300766138, "ENV_Train_Right action_epoch2": 0.8059966452334358, "ENV_Train_Probability to choose the right action_epoch2": 0.7310938089591752, "ENV_Train_Weighted right action_epoch2": 0.8059966452334358, "ENV_Train_Weighted probability to choose the right action:_epoch2": 0.7310938089591752, "ENV_Test_TotalLoss_epoch2": 225.42223963724896, "ENV_Test_Right action_epoch2": 0.782272, "ENV_Test_Probability to choose the right action_epoch2": 0.7418566210723365, "ENV_Test_Weighted right action_epoch2": 0.8358595874565073, "ENV_Test_Weighted probability to choose the right action:_epoch2": 0.7930748321494415, "ENV_Test_proba_accuracy_epoch2": 0.7418566210723365, "ENV_Test_proba_accuracy_strategy_132_epoch2": 0.7968325049724214, "ENV_Test_proba_accuracy_strategy_23_epoch2": 0.7379221589586751, "ENV_Test_proba_accuracy_strategy_107_epoch2": 0.8290448497668704, "ENV_Test_proba_accuracy_strategy_43_epoch2": 0.7572211992037179, "ENV_Test_proba_accuracy_strategy_17_epoch2": 0.704746118233662, "ENV_Test_proba_accuracy_strategy_93_epoch2": 0.7544724245410771, "ENV_Test_proba_accuracy_per_mean_strategy_epoch2": 0.763373209279404, "ENV_Test_proba_accuracy_per_mean_user_epoch2": 0.7586554407770845, "ENV_Test_proba_accuracy_per_mean_user_and_bot_epoch2": 0.793074832149442, "ENV_Test_accuracy_epoch2": 0.782272, "ENV_Test_accuracy_strategy_132_epoch2": 0.8402266288951842, "ENV_Test_accuracy_strategy_23_epoch2": 0.7818710615608337, "ENV_Test_accuracy_strategy_107_epoch2": 0.8752052545155994, "ENV_Test_accuracy_strategy_43_epoch2": 0.7989821882951654, "ENV_Test_accuracy_strategy_17_epoch2": 0.7400181488203267, "ENV_Test_accuracy_strategy_93_epoch2": 0.7855822550831792, "ENV_Test_accuracy_per_mean_strategy_epoch2": 0.8036475895283814, "ENV_Test_accuracy_per_mean_user_epoch2": 0.7992481429066457, "ENV_Test_accuracy_per_mean_user_and_bot_epoch2": 0.835859587456507, "ENV_Train_TotalLoss_epoch3": 919.8559202747053, "ENV_Train_Right action_epoch3": 0.8133771316745877, "ENV_Train_Probability to choose the right action_epoch3": 0.7413288694431208, "ENV_Train_Weighted right action_epoch3": 0.8133771316745877, "ENV_Train_Weighted probability to choose the right action:_epoch3": 0.7413288694431208, "ENV_Test_TotalLoss_epoch3": 213.84323589501523, "ENV_Test_Right action_epoch3": 0.790528, "ENV_Test_Probability to choose the right action_epoch3": 0.7428046980890072, "ENV_Test_Weighted right action_epoch3": 0.8438393887065919, "ENV_Test_Weighted probability to choose the right action:_epoch3": 0.7944118759833867, "ENV_Test_proba_accuracy_epoch3": 0.7428046980890072, "ENV_Test_proba_accuracy_strategy_132_epoch3": 0.7972912059149354, "ENV_Test_proba_accuracy_strategy_23_epoch3": 0.7392351299490576, "ENV_Test_proba_accuracy_strategy_107_epoch3": 0.8321719487218624, "ENV_Test_proba_accuracy_strategy_43_epoch3": 0.7573846825289974, "ENV_Test_proba_accuracy_strategy_17_epoch3": 0.7059537123876526, "ENV_Test_proba_accuracy_strategy_93_epoch3": 0.7529878077949967, "ENV_Test_proba_accuracy_per_mean_strategy_epoch3": 0.7641707478829171, "ENV_Test_proba_accuracy_per_mean_user_epoch3": 0.759853909247886, "ENV_Test_proba_accuracy_per_mean_user_and_bot_epoch3": 0.794411875983386, "ENV_Test_accuracy_epoch3": 0.790528, "ENV_Test_accuracy_strategy_132_epoch3": 0.8385269121813032, "ENV_Test_accuracy_strategy_23_epoch3": 0.787364679269672, "ENV_Test_accuracy_strategy_107_epoch3": 0.8801313628899836, "ENV_Test_accuracy_strategy_43_epoch3": 0.8078880407124682, "ENV_Test_accuracy_strategy_17_epoch3": 0.7538566243194192, "ENV_Test_accuracy_strategy_93_epoch3": 0.8040665434380776, "ENV_Test_accuracy_per_mean_strategy_epoch3": 0.8119723604684873, "ENV_Test_accuracy_per_mean_user_epoch3": 0.808181090985481, "ENV_Test_accuracy_per_mean_user_and_bot_epoch3": 0.8438393887065918, "ENV_Train_TotalLoss_epoch4": 891.6550143120645, "ENV_Train_Right action_epoch4": 0.8205819869178733, "ENV_Train_Probability to choose the right action_epoch4": 0.7497477874932916, "ENV_Train_Weighted right action_epoch4": 0.8205819869178733, "ENV_Train_Weighted probability to choose the right action:_epoch4": 0.7497477874932916, "ENV_Test_TotalLoss_epoch4": 211.64100790020512, "ENV_Test_Right action_epoch4": 0.80096, "ENV_Test_Probability to choose the right action_epoch4": 0.745865533841021, "ENV_Test_Weighted right action_epoch4": 0.8485334707423964, "ENV_Test_Weighted probability to choose the right action:_epoch4": 0.8000936313979911, "ENV_Test_proba_accuracy_epoch4": 0.7458655338410193, "ENV_Test_proba_accuracy_strategy_132_epoch4": 0.8066222135217417, "ENV_Test_proba_accuracy_strategy_23_epoch4": 0.7420310185755611, "ENV_Test_proba_accuracy_strategy_107_epoch4": 0.8348703729142457, "ENV_Test_proba_accuracy_strategy_43_epoch4": 0.7624734971141522, "ENV_Test_proba_accuracy_strategy_17_epoch4": 0.7062113224856218, "ENV_Test_proba_accuracy_strategy_93_epoch4": 0.7560137535592064, "ENV_Test_proba_accuracy_per_mean_strategy_epoch4": 0.7680370296950881, "ENV_Test_proba_accuracy_per_mean_user_epoch4": 0.7640500219012156, "ENV_Test_proba_accuracy_per_mean_user_and_bot_epoch4": 0.8000936313979905, "ENV_Test_accuracy_epoch4": 0.80096, "ENV_Test_accuracy_strategy_132_epoch4": 0.8419263456090652, "ENV_Test_accuracy_strategy_23_epoch4": 0.8064307642591695, "ENV_Test_accuracy_strategy_107_epoch4": 0.8834154351395731, "ENV_Test_accuracy_strategy_43_epoch4": 0.8053435114503816, "ENV_Test_accuracy_strategy_17_epoch4": 0.7617967332123412, "ENV_Test_accuracy_strategy_93_epoch4": 0.8096118299445472, "ENV_Test_accuracy_per_mean_strategy_epoch4": 0.8180874366025129, "ENV_Test_accuracy_per_mean_user_epoch4": 0.816556526264905, "ENV_Test_accuracy_per_mean_user_and_bot_epoch4": 0.8485334707423953, "ENV_Train_TotalLoss_epoch5": 874.3463194296179, "ENV_Train_Right action_epoch5": 0.8260450295585091, "ENV_Train_Probability to choose the right action_epoch5": 0.7565073878227186, "ENV_Train_Weighted right action_epoch5": 0.8260450295585091, "ENV_Train_Weighted probability to choose the right action:_epoch5": 0.7565073878227186, "ENV_Test_TotalLoss_epoch5": 215.59046529685642, "ENV_Test_Right action_epoch5": 0.803264, "ENV_Test_Probability to choose the right action_epoch5": 0.7547723904747585, "ENV_Test_Weighted right action_epoch5": 0.8500711257370616, "ENV_Test_Weighted probability to choose the right action:_epoch5": 0.8022834351741502, "ENV_Test_proba_accuracy_epoch5": 0.7547723904747592, "ENV_Test_proba_accuracy_strategy_132_epoch5": 0.80753588041919, "ENV_Test_proba_accuracy_strategy_23_epoch5": 0.7504140455384842, "ENV_Test_proba_accuracy_strategy_107_epoch5": 0.8401817018351146, "ENV_Test_proba_accuracy_strategy_43_epoch5": 0.7650111712309547, "ENV_Test_proba_accuracy_strategy_17_epoch5": 0.7223279417178794, "ENV_Test_proba_accuracy_strategy_93_epoch5": 0.7628608684893756, "ENV_Test_proba_accuracy_per_mean_strategy_epoch5": 0.7747219348718332, "ENV_Test_proba_accuracy_per_mean_user_epoch5": 0.7710411085522898, "ENV_Test_proba_accuracy_per_mean_user_and_bot_epoch5": 0.8022834351741502, "ENV_Test_accuracy_epoch5": 0.803264, "ENV_Test_accuracy_strategy_132_epoch5": 0.8453257790368272, "ENV_Test_accuracy_strategy_23_epoch5": 0.7981903376959121, "ENV_Test_accuracy_strategy_107_epoch5": 0.8817733990147784, "ENV_Test_accuracy_strategy_43_epoch5": 0.80470737913486, "ENV_Test_accuracy_strategy_17_epoch5": 0.7801724137931034, "ENV_Test_accuracy_strategy_93_epoch5": 0.8114602587800369, "ENV_Test_accuracy_per_mean_strategy_epoch5": 0.8202715945759196, "ENV_Test_accuracy_per_mean_user_epoch5": 0.8181214225302603, "ENV_Test_accuracy_per_mean_user_and_bot_epoch5": 0.850071125737061, "ENV_Train_TotalLoss_epoch6": 854.5899759146128, "ENV_Train_Right action_epoch6": 0.8311835320094471, "ENV_Train_Probability to choose the right action_epoch6": 0.7623832042310577, "ENV_Train_Weighted right action_epoch6": 0.8311835320094471, "ENV_Train_Weighted probability to choose the right action:_epoch6": 0.7623832042310577, "ENV_Test_TotalLoss_epoch6": 217.771041168517, "ENV_Test_Right action_epoch6": 0.799744, "ENV_Test_Probability to choose the right action_epoch6": 0.755145051361649, "ENV_Test_Weighted right action_epoch6": 0.8439615132889096, "ENV_Test_Weighted probability to choose the right action:_epoch6": 0.8028566632578682, "ENV_Test_proba_accuracy_epoch6": 0.7551450513616486, "ENV_Test_proba_accuracy_strategy_132_epoch6": 0.803336822655969, "ENV_Test_proba_accuracy_strategy_23_epoch6": 0.754908201305374, "ENV_Test_proba_accuracy_strategy_107_epoch6": 0.8368194541293339, "ENV_Test_proba_accuracy_strategy_43_epoch6": 0.7678385934543617, "ENV_Test_proba_accuracy_strategy_17_epoch6": 0.7181254989905318, "ENV_Test_proba_accuracy_strategy_93_epoch6": 0.7642907223971624, "ENV_Test_proba_accuracy_per_mean_strategy_epoch6": 0.7742198821554555, "ENV_Test_proba_accuracy_per_mean_user_epoch6": 0.7716304860006159, "ENV_Test_proba_accuracy_per_mean_user_and_bot_epoch6": 0.802856663257868, "ENV_Test_accuracy_epoch6": 0.799744, "ENV_Test_accuracy_strategy_132_epoch6": 0.831728045325779, "ENV_Test_accuracy_strategy_23_epoch6": 0.8041686863790596, "ENV_Test_accuracy_strategy_107_epoch6": 0.8801313628899836, "ENV_Test_accuracy_strategy_43_epoch6": 0.80470737913486, "ENV_Test_accuracy_strategy_17_epoch6": 0.7663339382940109, "ENV_Test_accuracy_strategy_93_epoch6": 0.8059149722735675, "ENV_Test_accuracy_per_mean_strategy_epoch6": 0.8154973973828766, "ENV_Test_accuracy_per_mean_user_epoch6": 0.8148486815908984, "ENV_Test_accuracy_per_mean_user_and_bot_epoch6": 0.8439615132889103, "ENV_Train_TotalLoss_epoch7": 840.8615141329286, "ENV_Train_Right action_epoch7": 0.8337433603578418, "ENV_Train_Probability to choose the right action_epoch7": 0.7667293127741196, "ENV_Train_Weighted right action_epoch7": 0.8337433603578418, "ENV_Train_Weighted probability to choose the right action:_epoch7": 0.7667293127741196, "ENV_Test_TotalLoss_epoch7": 212.92626510039594, "ENV_Test_Right action_epoch7": 0.806848, "ENV_Test_Probability to choose the right action_epoch7": 0.7614655380827141, "ENV_Test_Weighted right action_epoch7": 0.8508488672538224, "ENV_Test_Weighted probability to choose the right action:_epoch7": 0.805916649833857, "ENV_Test_proba_accuracy_epoch7": 0.7614655380827143, "ENV_Test_proba_accuracy_strategy_132_epoch7": 0.8115245754070988, "ENV_Test_proba_accuracy_strategy_23_epoch7": 0.760683140626334, "ENV_Test_proba_accuracy_strategy_107_epoch7": 0.839400570849173, "ENV_Test_proba_accuracy_strategy_43_epoch7": 0.7702973185475932, "ENV_Test_proba_accuracy_strategy_17_epoch7": 0.726773856834077, "ENV_Test_proba_accuracy_strategy_93_epoch7": 0.7689174734601906, "ENV_Test_proba_accuracy_per_mean_strategy_epoch7": 0.7795994892874111, "ENV_Test_proba_accuracy_per_mean_user_epoch7": 0.7757890592603981, "ENV_Test_proba_accuracy_per_mean_user_and_bot_epoch7": 0.8059166498338559, "ENV_Test_accuracy_epoch7": 0.806848, "ENV_Test_accuracy_strategy_132_epoch7": 0.8526912181303116, "ENV_Test_accuracy_strategy_23_epoch7": 0.8075618031992244, "ENV_Test_accuracy_strategy_107_epoch7": 0.8784893267651889, "ENV_Test_accuracy_strategy_43_epoch7": 0.806615776081425, "ENV_Test_accuracy_strategy_17_epoch7": 0.7756352087114338, "ENV_Test_accuracy_strategy_93_epoch7": 0.8151571164510166, "ENV_Test_accuracy_per_mean_strategy_epoch7": 0.8226917415564333, "ENV_Test_accuracy_per_mean_user_epoch7": 0.8203474083067925, "ENV_Test_accuracy_per_mean_user_and_bot_epoch7": 0.8508488672538225, "ENV_Train_TotalLoss_epoch8": 821.9123547478783, "ENV_Train_Right action_epoch8": 0.8394718457454241, "ENV_Train_Probability to choose the right action_epoch8": 0.7725937508776526, "ENV_Train_Weighted right action_epoch8": 0.8394718457454241, "ENV_Train_Weighted probability to choose the right action:_epoch8": 0.7725937508776526, "ENV_Test_TotalLoss_epoch8": 211.38498373850118, "ENV_Test_Right action_epoch8": 0.811072, "ENV_Test_Probability to choose the right action_epoch8": 0.7672886255404598, "ENV_Test_Weighted right action_epoch8": 0.8515686834312287, "ENV_Test_Weighted probability to choose the right action:_epoch8": 0.8143569086546796, "ENV_Test_proba_accuracy_epoch8": 0.7672886255404595, "ENV_Test_proba_accuracy_strategy_132_epoch8": 0.8162549323369815, "ENV_Test_proba_accuracy_strategy_23_epoch8": 0.764708207067142, "ENV_Test_proba_accuracy_strategy_107_epoch8": 0.8496722099532988, "ENV_Test_proba_accuracy_strategy_43_epoch8": 0.7774786293040693, "ENV_Test_proba_accuracy_strategy_17_epoch8": 0.7344135164488803, "ENV_Test_proba_accuracy_strategy_93_epoch8": 0.7749299106489331, "ENV_Test_proba_accuracy_per_mean_strategy_epoch8": 0.7862429009598841, "ENV_Test_proba_accuracy_per_mean_user_epoch8": 0.7819007472957937, "ENV_Test_proba_accuracy_per_mean_user_and_bot_epoch8": 0.8143569086546806, "ENV_Test_accuracy_epoch8": 0.811072, "ENV_Test_accuracy_strategy_132_epoch8": 0.8492917847025496, "ENV_Test_accuracy_strategy_23_epoch8": 0.8106317660365164, "ENV_Test_accuracy_strategy_107_epoch8": 0.8801313628899836, "ENV_Test_accuracy_strategy_43_epoch8": 0.8136132315521628, "ENV_Test_accuracy_strategy_17_epoch8": 0.7847096188747731, "ENV_Test_accuracy_strategy_93_epoch8": 0.8160813308687616, "ENV_Test_accuracy_per_mean_strategy_epoch8": 0.8257431824874578, "ENV_Test_accuracy_per_mean_user_epoch8": 0.8224321872350372, "ENV_Test_accuracy_per_mean_user_and_bot_epoch8": 0.8515686834312297, "ENV_Train_TotalLoss_epoch9": 811.8365259197772, "ENV_Train_Right action_epoch9": 0.8409001956947162, "ENV_Train_Probability to choose the right action_epoch9": 0.7757132769110622, "ENV_Train_Weighted right action_epoch9": 0.8409001956947162, "ENV_Train_Weighted probability to choose the right action:_epoch9": 0.7757132769110622, "ENV_Test_TotalLoss_epoch9": 207.4561428802286, "ENV_Test_Right action_epoch9": 0.814848, "ENV_Test_Probability to choose the right action_epoch9": 0.7699663329273206, "ENV_Test_Weighted right action_epoch9": 0.8538601632145154, "ENV_Test_Weighted probability to choose the right action:_epoch9": 0.813561809392835, "ENV_Test_proba_accuracy_epoch9": 0.7699663329273218, "ENV_Test_proba_accuracy_strategy_132_epoch9": 0.814715026663358, "ENV_Test_proba_accuracy_strategy_23_epoch9": 0.7695844954891905, "ENV_Test_proba_accuracy_strategy_107_epoch9": 0.847704381910295, "ENV_Test_proba_accuracy_strategy_43_epoch9": 0.7751255217958796, "ENV_Test_proba_accuracy_strategy_17_epoch9": 0.7375855918563776, "ENV_Test_proba_accuracy_strategy_93_epoch9": 0.7798215430652239, "ENV_Test_proba_accuracy_per_mean_strategy_epoch9": 0.7874227601300542, "ENV_Test_proba_accuracy_per_mean_user_epoch9": 0.7835079929851226, "ENV_Test_proba_accuracy_per_mean_user_and_bot_epoch9": 0.8135618093928352, "ENV_Test_accuracy_epoch9": 0.814848, "ENV_Test_accuracy_strategy_132_epoch9": 0.8458923512747876, "ENV_Test_accuracy_strategy_23_epoch9": 0.8169332687025368, "ENV_Test_accuracy_strategy_107_epoch9": 0.8850574712643678, "ENV_Test_accuracy_strategy_43_epoch9": 0.8244274809160306, "ENV_Test_accuracy_strategy_17_epoch9": 0.7851633393829401, "ENV_Test_accuracy_strategy_93_epoch9": 0.8197781885397413, "ENV_Test_accuracy_per_mean_strategy_epoch9": 0.8295420166800674, "ENV_Test_accuracy_per_mean_user_epoch9": 0.8258311341655356, "ENV_Test_accuracy_per_mean_user_and_bot_epoch9": 0.8538601632145165, "ENV_Train_TotalLoss_epoch10": 800.0468245424597, "ENV_Train_Right action_epoch10": 0.8432904668716802, "ENV_Train_Probability to choose the right action_epoch10": 0.7791312567228892, "ENV_Train_Weighted right action_epoch10": 0.8432904668716802, "ENV_Train_Weighted probability to choose the right action:_epoch10": 0.7791312567228892, "ENV_Test_TotalLoss_epoch10": 202.60802228959065, "ENV_Test_Right action_epoch10": 0.816064, "ENV_Test_Probability to choose the right action_epoch10": 0.7674995698607042, "ENV_Test_Weighted right action_epoch10": 0.8534008878323054, "ENV_Test_Weighted probability to choose the right action:_epoch10": 0.8116253259538119, "ENV_Test_proba_accuracy_epoch10": 0.7674995698607043, "ENV_Test_proba_accuracy_strategy_132_epoch10": 0.8121702961833606, "ENV_Test_proba_accuracy_strategy_23_epoch10": 0.7678672740489234, "ENV_Test_proba_accuracy_strategy_107_epoch10": 0.84672560239596, "ENV_Test_proba_accuracy_strategy_43_epoch10": 0.7739769496979867, "ENV_Test_proba_accuracy_strategy_17_epoch10": 0.7338715553673725, "ENV_Test_proba_accuracy_strategy_93_epoch10": 0.7755232665224906, "ENV_Test_proba_accuracy_per_mean_strategy_epoch10": 0.7850224907026823, "ENV_Test_proba_accuracy_per_mean_user_epoch10": 0.7809817539739429, "ENV_Test_proba_accuracy_per_mean_user_and_bot_epoch10": 0.811625325953812, "ENV_Test_accuracy_epoch10": 0.816064, "ENV_Test_accuracy_strategy_132_epoch10": 0.8475920679886686, "ENV_Test_accuracy_strategy_23_epoch10": 0.8196800775569559, "ENV_Test_accuracy_strategy_107_epoch10": 0.8719211822660099, "ENV_Test_accuracy_strategy_43_epoch10": 0.8187022900763359, "ENV_Test_accuracy_strategy_17_epoch10": 0.7906079854809437, "ENV_Test_accuracy_strategy_93_epoch10": 0.8123844731977818, "ENV_Test_accuracy_per_mean_strategy_epoch10": 0.8268146794277826, "ENV_Test_accuracy_per_mean_user_epoch10": 0.8280151492854307, "ENV_Test_accuracy_per_mean_user_and_bot_epoch10": 0.8534008878323056, "ENV_Train_TotalLoss_epoch11": 784.962229482038, "ENV_Train_Right action_epoch11": 0.8468151130121189, "ENV_Train_Probability to choose the right action_epoch11": 0.783704030563412, "ENV_Train_Weighted right action_epoch11": 0.8468151130121189, "ENV_Train_Weighted probability to choose the right action:_epoch11": 0.783704030563412, "ENV_Test_TotalLoss_epoch11": 210.4442388057399, "ENV_Test_Right action_epoch11": 0.817152, "ENV_Test_Probability to choose the right action_epoch11": 0.7752952770227352, "ENV_Test_Weighted right action_epoch11": 0.8577996341431646, "ENV_Test_Weighted probability to choose the right action:_epoch11": 0.8204303396135981, "ENV_Test_proba_accuracy_epoch11": 0.775295277022736, "ENV_Test_proba_accuracy_strategy_132_epoch11": 0.8228718056590302, "ENV_Test_proba_accuracy_strategy_23_epoch11": 0.77272714639533, "ENV_Test_proba_accuracy_strategy_107_epoch11": 0.849455501208308, "ENV_Test_proba_accuracy_strategy_43_epoch11": 0.7841279538711364, "ENV_Test_proba_accuracy_strategy_17_epoch11": 0.744135082231983, "ENV_Test_proba_accuracy_strategy_93_epoch11": 0.7847473856298498, "ENV_Test_proba_accuracy_per_mean_strategy_epoch11": 0.7930108124992729, "ENV_Test_proba_accuracy_per_mean_user_epoch11": 0.7894636161564282, "ENV_Test_proba_accuracy_per_mean_user_and_bot_epoch11": 0.8204303396135983, "ENV_Test_accuracy_epoch11": 0.817152, "ENV_Test_accuracy_strategy_132_epoch11": 0.8526912181303116, "ENV_Test_accuracy_strategy_23_epoch11": 0.8180643076425917, "ENV_Test_accuracy_strategy_107_epoch11": 0.8768472906403941, "ENV_Test_accuracy_strategy_43_epoch11": 0.8244274809160306, "ENV_Test_accuracy_strategy_17_epoch11": 0.7894736842105263, "ENV_Test_accuracy_strategy_93_epoch11": 0.822550831792976, "ENV_Test_accuracy_per_mean_strategy_epoch11": 0.8306758022221383, "ENV_Test_accuracy_per_mean_user_epoch11": 0.8288010018467048, "ENV_Test_accuracy_per_mean_user_and_bot_epoch11": 0.8577996341431653, "ENV_Train_TotalLoss_epoch12": 772.0995558918773, "ENV_Train_Right action_epoch12": 0.8489311163895487, "ENV_Train_Probability to choose the right action_epoch12": 0.7877012008645026, "ENV_Train_Weighted right action_epoch12": 0.8489311163895487, "ENV_Train_Weighted probability to choose the right action:_epoch12": 0.7877012008645026, "ENV_Test_TotalLoss_epoch12": 211.86082334094445, "ENV_Test_Right action_epoch12": 0.812608, "ENV_Test_Probability to choose the right action_epoch12": 0.7700916145682217, "ENV_Test_Weighted right action_epoch12": 0.8543371958372068, "ENV_Test_Weighted probability to choose the right action:_epoch12": 0.8136318819306816, "ENV_Test_proba_accuracy_epoch12": 0.7700916145682214, "ENV_Test_proba_accuracy_strategy_132_epoch12": 0.8132866018229313, "ENV_Test_proba_accuracy_strategy_23_epoch12": 0.7702701918904714, "ENV_Test_proba_accuracy_strategy_107_epoch12": 0.8477279217454501, "ENV_Test_proba_accuracy_strategy_43_epoch12": 0.7754254555015074, "ENV_Test_proba_accuracy_strategy_17_epoch12": 0.7384961922161989, "ENV_Test_proba_accuracy_strategy_93_epoch12": 0.7758799187805026, "ENV_Test_proba_accuracy_per_mean_strategy_epoch12": 0.7868477136595103, "ENV_Test_proba_accuracy_per_mean_user_epoch12": 0.7834515719179277, "ENV_Test_proba_accuracy_per_mean_user_and_bot_epoch12": 0.8136318819306806, "ENV_Test_accuracy_epoch12": 0.812608, "ENV_Test_accuracy_strategy_132_epoch12": 0.8447592067988668, "ENV_Test_accuracy_strategy_23_epoch12": 0.8169332687025368, "ENV_Test_accuracy_strategy_107_epoch12": 0.8817733990147784, "ENV_Test_accuracy_strategy_43_epoch12": 0.8148854961832062, "ENV_Test_accuracy_strategy_17_epoch12": 0.7826678765880217, "ENV_Test_accuracy_strategy_93_epoch12": 0.8151571164510166, "ENV_Test_accuracy_per_mean_strategy_epoch12": 0.8260293939564044, "ENV_Test_accuracy_per_mean_user_epoch12": 0.8248586057464367, "ENV_Test_accuracy_per_mean_user_and_bot_epoch12": 0.8543371958372072, "ENV_Train_TotalLoss_epoch13": 759.4896498763678, "ENV_Train_Right action_epoch13": 0.852050085245535, "ENV_Train_Probability to choose the right action_epoch13": 0.7907366951495544, "ENV_Train_Weighted right action_epoch13": 0.852050085245535, "ENV_Train_Weighted probability to choose the right action:_epoch13": 0.7907366951495544, "ENV_Test_TotalLoss_epoch13": 209.092561330476, "ENV_Test_Right action_epoch13": 0.81472, "ENV_Test_Probability to choose the right action_epoch13": 0.7731752753753648, "ENV_Test_Weighted right action_epoch13": 0.8534863380515101, "ENV_Test_Weighted probability to choose the right action:_epoch13": 0.8149211245791242, "ENV_Test_proba_accuracy_epoch13": 0.773175275375365, "ENV_Test_proba_accuracy_strategy_132_epoch13": 0.8108447878977282, "ENV_Test_proba_accuracy_strategy_23_epoch13": 0.7729400509480707, "ENV_Test_proba_accuracy_strategy_107_epoch13": 0.8506398869409233, "ENV_Test_proba_accuracy_strategy_43_epoch13": 0.7763467020478892, "ENV_Test_proba_accuracy_strategy_17_epoch13": 0.745206305287553, "ENV_Test_proba_accuracy_strategy_93_epoch13": 0.7788082729289659, "ENV_Test_proba_accuracy_per_mean_strategy_epoch13": 0.7891310010085218, "ENV_Test_proba_accuracy_per_mean_user_epoch13": 0.7863175624677593, "ENV_Test_proba_accuracy_per_mean_user_and_bot_epoch13": 0.8149211245791235, "ENV_Test_accuracy_epoch13": 0.81472, "ENV_Test_accuracy_strategy_132_epoch13": 0.8458923512747876, "ENV_Test_accuracy_strategy_23_epoch13": 0.8166101147196639, "ENV_Test_accuracy_strategy_107_epoch13": 0.8801313628899836, "ENV_Test_accuracy_strategy_43_epoch13": 0.816793893129771, "ENV_Test_accuracy_strategy_17_epoch13": 0.7892468239564429, "ENV_Test_accuracy_strategy_93_epoch13": 0.8170055452865065, "ENV_Test_accuracy_per_mean_strategy_epoch13": 0.8276133485428593, "ENV_Test_accuracy_per_mean_user_epoch13": 0.8255565014609696, "ENV_Test_accuracy_per_mean_user_and_bot_epoch13": 0.8534863380515106, "ENV_Train_TotalLoss_epoch14": 748.9803190696505, "ENV_Train_Right action_epoch14": 0.8556074243864259, "ENV_Train_Probability to choose the right action_epoch14": 0.7945446324407508, "ENV_Train_Weighted right action_epoch14": 0.8556074243864259, "ENV_Train_Weighted probability to choose the right action:_epoch14": 0.7945446324407508, "ENV_Test_TotalLoss_epoch14": 209.24104470872146, "ENV_Test_Right action_epoch14": 0.81664, "ENV_Test_Probability to choose the right action_epoch14": 0.7795944065417082, "ENV_Test_Weighted right action_epoch14": 0.8549984499607448, "ENV_Test_Weighted probability to choose the right action:_epoch14": 0.8203026137041717, "ENV_Test_proba_accuracy_epoch14": 0.7795944065417088, "ENV_Test_proba_accuracy_strategy_132_epoch14": 0.819195388977542, "ENV_Test_proba_accuracy_strategy_23_epoch14": 0.7795308816673759, "ENV_Test_proba_accuracy_strategy_107_epoch14": 0.851034216440913, "ENV_Test_proba_accuracy_strategy_43_epoch14": 0.7806014863666848, "ENV_Test_proba_accuracy_strategy_17_epoch14": 0.7524880788344924, "ENV_Test_proba_accuracy_strategy_93_epoch14": 0.7841157931109618, "ENV_Test_proba_accuracy_per_mean_strategy_epoch14": 0.7944943075663283, "ENV_Test_proba_accuracy_per_mean_user_epoch14": 0.7925883141469079, "ENV_Test_proba_accuracy_per_mean_user_and_bot_epoch14": 0.8203026137041723, "ENV_Test_accuracy_epoch14": 0.81664, "ENV_Test_accuracy_strategy_132_epoch14": 0.8481586402266289, "ENV_Test_accuracy_strategy_23_epoch14": 0.8180643076425917, "ENV_Test_accuracy_strategy_107_epoch14": 0.8801313628899836, "ENV_Test_accuracy_strategy_43_epoch14": 0.8110687022900763, "ENV_Test_accuracy_strategy_17_epoch14": 0.7951451905626135, "ENV_Test_accuracy_strategy_93_epoch14": 0.8170055452865065, "ENV_Test_accuracy_per_mean_strategy_epoch14": 0.8282622914830667, "ENV_Test_accuracy_per_mean_user_epoch14": 0.8275196223334895, "ENV_Test_accuracy_per_mean_user_and_bot_epoch14": 0.8549984499607447, "ENV_Train_TotalLoss_epoch15": 731.9897707636696, "ENV_Train_Right action_epoch15": 0.8576200592609158, "ENV_Train_Probability to choose the right action_epoch15": 0.798749690082092, "ENV_Train_Weighted right action_epoch15": 0.8576200592609158, "ENV_Train_Weighted probability to choose the right action:_epoch15": 0.798749690082092, "ENV_Test_TotalLoss_epoch15": 219.18408537559793, "ENV_Test_Right action_epoch15": 0.819392, "ENV_Test_Probability to choose the right action_epoch15": 0.787315325471614, "ENV_Test_Weighted right action_epoch15": 0.859809536974423, "ENV_Test_Weighted probability to choose the right action:_epoch15": 0.8285642023387627, "ENV_Test_proba_accuracy_epoch15": 0.7873153254716132, "ENV_Test_proba_accuracy_strategy_132_epoch15": 0.823813106293525, "ENV_Test_proba_accuracy_strategy_23_epoch15": 0.7884698539128565, "ENV_Test_proba_accuracy_strategy_107_epoch15": 0.8565596537073517, "ENV_Test_proba_accuracy_strategy_43_epoch15": 0.7922293689881863, "ENV_Test_proba_accuracy_strategy_17_epoch15": 0.7587211232092624, "ENV_Test_proba_accuracy_strategy_93_epoch15": 0.7915524896077462, "ENV_Test_proba_accuracy_per_mean_strategy_epoch15": 0.8018909326198213, "ENV_Test_proba_accuracy_per_mean_user_epoch15": 0.8004129234848889, "ENV_Test_proba_accuracy_per_mean_user_and_bot_epoch15": 0.828564202338763, "ENV_Test_accuracy_epoch15": 0.819392, "ENV_Test_accuracy_strategy_132_epoch15": 0.853257790368272, "ENV_Test_accuracy_strategy_23_epoch15": 0.8212958474713201, "ENV_Test_accuracy_strategy_107_epoch15": 0.8866995073891626, "ENV_Test_accuracy_strategy_43_epoch15": 0.8206106870229007, "ENV_Test_accuracy_strategy_17_epoch15": 0.7931034482758621, "ENV_Test_accuracy_strategy_93_epoch15": 0.8207024029574861, "ENV_Test_accuracy_per_mean_strategy_epoch15": 0.8326116139141674, "ENV_Test_accuracy_per_mean_user_epoch15": 0.8325650808085241, "ENV_Test_accuracy_per_mean_user_and_bot_epoch15": 0.8598095369744233, "ENV_Train_TotalLoss_epoch16": 730.750041008459, "ENV_Train_Right action_epoch16": 0.8600841451993906, "ENV_Train_Probability to choose the right action_epoch16": 0.8001660221387578, "ENV_Train_Weighted right action_epoch16": 0.8600841451993906, "ENV_Train_Weighted probability to choose the right action:_epoch16": 0.8001660221387578, "ENV_Test_TotalLoss_epoch16": 214.3209013992608, "ENV_Test_Right action_epoch16": 0.814848, "ENV_Test_Probability to choose the right action_epoch16": 0.7817520534191417, "ENV_Test_Weighted right action_epoch16": 0.8555699710932388, "ENV_Test_Weighted probability to choose the right action:_epoch16": 0.824122888080487, "ENV_Test_proba_accuracy_epoch16": 0.7817520534191418, "ENV_Test_proba_accuracy_strategy_132_epoch16": 0.8199346460371577, "ENV_Test_proba_accuracy_strategy_23_epoch16": 0.7820412480849986, "ENV_Test_proba_accuracy_strategy_107_epoch16": 0.8529446204663891, "ENV_Test_proba_accuracy_strategy_43_epoch16": 0.7884185775849812, "ENV_Test_proba_accuracy_strategy_17_epoch16": 0.752006346861971, "ENV_Test_proba_accuracy_strategy_93_epoch16": 0.7892390436462678, "ENV_Test_proba_accuracy_per_mean_strategy_epoch16": 0.7974307471136276, "ENV_Test_proba_accuracy_per_mean_user_epoch16": 0.7947791403801265, "ENV_Test_proba_accuracy_per_mean_user_and_bot_epoch16": 0.824122888080487, "ENV_Test_accuracy_epoch16": 0.814848, "ENV_Test_accuracy_strategy_132_epoch16": 0.8464589235127479, "ENV_Test_accuracy_strategy_23_epoch16": 0.8179027306511553, "ENV_Test_accuracy_strategy_107_epoch16": 0.8834154351395731, "ENV_Test_accuracy_strategy_43_epoch16": 0.8180661577608143, "ENV_Test_accuracy_strategy_17_epoch16": 0.786978221415608, "ENV_Test_accuracy_strategy_93_epoch16": 0.8160813308687616, "ENV_Test_accuracy_per_mean_strategy_epoch16": 0.8281504665581102, "ENV_Test_accuracy_per_mean_user_epoch16": 0.8271107453488518, "ENV_Test_accuracy_per_mean_user_and_bot_epoch16": 0.8555699710932385, "ENV_Train_TotalLoss_epoch17": 717.8290322114125, "ENV_Train_Right action_epoch17": 0.8616698583989153, "ENV_Train_Probability to choose the right action_epoch17": 0.8035866000400255, "ENV_Train_Weighted right action_epoch17": 0.8616698583989153, "ENV_Train_Weighted probability to choose the right action:_epoch17": 0.8035866000400255, "ENV_Test_TotalLoss_epoch17": 215.82701404246023, "ENV_Test_Right action_epoch17": 0.814848, "ENV_Test_Probability to choose the right action_epoch17": 0.7792905085569855, "ENV_Test_Weighted right action_epoch17": 0.853719696451792, "ENV_Test_Weighted probability to choose the right action:_epoch17": 0.8232836208298916, "ENV_Test_proba_accuracy_epoch17": 0.7792905085569862, "ENV_Test_proba_accuracy_strategy_132_epoch17": 0.8170233104023831, "ENV_Test_proba_accuracy_strategy_23_epoch17": 0.7785567936539325, "ENV_Test_proba_accuracy_strategy_107_epoch17": 0.8529327297486228, "ENV_Test_proba_accuracy_strategy_43_epoch17": 0.791212294300573, "ENV_Test_proba_accuracy_strategy_17_epoch17": 0.7488312652333898, "ENV_Test_proba_accuracy_strategy_93_epoch17": 0.7872551582368968, "ENV_Test_proba_accuracy_per_mean_strategy_epoch17": 0.7959685919292997, "ENV_Test_proba_accuracy_per_mean_user_epoch17": 0.792943123196988, "ENV_Test_proba_accuracy_per_mean_user_and_bot_epoch17": 0.8232836208298915, "ENV_Test_accuracy_epoch17": 0.814848, "ENV_Test_accuracy_strategy_132_epoch17": 0.8453257790368272, "ENV_Test_accuracy_strategy_23_epoch17": 0.8170948456939732, "ENV_Test_accuracy_strategy_107_epoch17": 0.8768472906403941, "ENV_Test_accuracy_strategy_43_epoch17": 0.821882951653944, "ENV_Test_accuracy_strategy_17_epoch17": 0.7881125226860254, "ENV_Test_accuracy_strategy_93_epoch17": 0.8160813308687616, "ENV_Test_accuracy_per_mean_strategy_epoch17": 0.8275574534299875, "ENV_Test_accuracy_per_mean_user_epoch17": 0.8257580544507773, "ENV_Test_accuracy_per_mean_user_and_bot_epoch17": 0.8537196964517937, "ENV_Train_TotalLoss_epoch18": 708.3543830032796, "ENV_Train_Right action_epoch18": 0.8628338994422778, "ENV_Train_Probability to choose the right action_epoch18": 0.8065107433094656, "ENV_Train_Weighted right action_epoch18": 0.8628338994422778, "ENV_Train_Weighted probability to choose the right action:_epoch18": 0.8065107433094656, "ENV_Test_TotalLoss_epoch18": 216.71795806035533, "ENV_Test_Right action_epoch18": 0.81568, "ENV_Test_Probability to choose the right action_epoch18": 0.7806394065280278, "ENV_Test_Weighted right action_epoch18": 0.8561181965936361, "ENV_Test_Weighted probability to choose the right action:_epoch18": 0.8237460807118949, "ENV_Test_proba_accuracy_epoch18": 0.7806394065280289, "ENV_Test_proba_accuracy_strategy_132_epoch18": 0.8202777859620621, "ENV_Test_proba_accuracy_strategy_23_epoch18": 0.7782925255895353, "ENV_Test_proba_accuracy_strategy_107_epoch18": 0.8519612984696999, "ENV_Test_proba_accuracy_strategy_43_epoch18": 0.7911778476757535, "ENV_Test_proba_accuracy_strategy_17_epoch18": 0.7520752358347326, "ENV_Test_proba_accuracy_strategy_93_epoch18": 0.7903182504897831, "ENV_Test_proba_accuracy_per_mean_strategy_epoch18": 0.7973504906702611, "ENV_Test_proba_accuracy_per_mean_user_epoch18": 0.7937389597939729, "ENV_Test_proba_accuracy_per_mean_user_and_bot_epoch18": 0.8237460807118956, "ENV_Test_accuracy_epoch18": 0.81568, "ENV_Test_accuracy_strategy_132_epoch18": 0.8498583569405099, "ENV_Test_accuracy_strategy_23_epoch18": 0.8180643076425917, "ENV_Test_accuracy_strategy_107_epoch18": 0.8801313628899836, "ENV_Test_accuracy_strategy_43_epoch18": 0.823791348600509, "ENV_Test_accuracy_strategy_17_epoch18": 0.7851633393829401, "ENV_Test_accuracy_strategy_93_epoch18": 0.822550831792976, "ENV_Test_accuracy_per_mean_strategy_epoch18": 0.8299265912082517, "ENV_Test_accuracy_per_mean_user_epoch18": 0.8275216933783527, "ENV_Test_accuracy_per_mean_user_and_bot_epoch18": 0.8561181965936369, "ENV_Train_TotalLoss_epoch19": 701.5596639738137, "ENV_Train_Right action_epoch19": 0.8646997987477638, "ENV_Train_Probability to choose the right action_epoch19": 0.8084987398613236, "ENV_Train_Weighted right action_epoch19": 0.8646997987477638, "ENV_Train_Weighted probability to choose the right action:_epoch19": 0.8084987398613236, "ENV_Test_TotalLoss_epoch19": 216.33619671999847, "ENV_Test_Right action_epoch19": 0.81344, "ENV_Test_Probability to choose the right action_epoch19": 0.7797460369390555, "ENV_Test_Weighted right action_epoch19": 0.8555091326191624, "ENV_Test_Weighted probability to choose the right action:_epoch19": 0.8239426876621024, "ENV_Test_proba_accuracy_epoch19": 0.7797460369390556, "ENV_Test_proba_accuracy_strategy_132_epoch19": 0.8207080214571838, "ENV_Test_proba_accuracy_strategy_23_epoch19": 0.778386524182217, "ENV_Test_proba_accuracy_strategy_107_epoch19": 0.8525906844201947, "ENV_Test_proba_accuracy_strategy_43_epoch19": 0.7889298696032696, "ENV_Test_proba_accuracy_strategy_17_epoch19": 0.7501591497931455, "ENV_Test_proba_accuracy_strategy_93_epoch19": 0.7868955240486593, "ENV_Test_proba_accuracy_per_mean_strategy_epoch19": 0.7962782955841116, "ENV_Test_proba_accuracy_per_mean_user_epoch19": 0.7945469697785937, "ENV_Test_proba_accuracy_per_mean_user_and_bot_epoch19": 0.8239426876621018, "ENV_Test_accuracy_epoch19": 0.81344, "ENV_Test_accuracy_strategy_132_epoch19": 0.8481586402266289, "ENV_Test_accuracy_strategy_23_epoch19": 0.8141864598481177, "ENV_Test_accuracy_strategy_107_epoch19": 0.8801313628899836, "ENV_Test_accuracy_strategy_43_epoch19": 0.8148854961832062, "ENV_Test_accuracy_strategy_17_epoch19": 0.786524500907441, "ENV_Test_accuracy_strategy_93_epoch19": 0.822550831792976, "ENV_Test_accuracy_per_mean_strategy_epoch19": 0.8277395486413922, "ENV_Test_accuracy_per_mean_user_epoch19": 0.8274869703022482, "ENV_Test_accuracy_per_mean_user_and_bot_epoch19": 0.8555091326191628, "ENV_Train_TotalLoss_epoch20": 688.8284544948582, "ENV_Train_Right action_epoch20": 0.8678659789491341, "ENV_Train_Probability to choose the right action_epoch20": 0.8116806743133799, "ENV_Train_Weighted right action_epoch20": 0.8678659789491341, "ENV_Train_Weighted probability to choose the right action:_epoch20": 0.8116806743133799, "ENV_Test_TotalLoss_epoch20": 224.52641595734636, "ENV_Test_Right action_epoch20": 0.814976, "ENV_Test_Probability to choose the right action_epoch20": 0.7827922432948121, "ENV_Test_Weighted right action_epoch20": 0.8577244688822486, "ENV_Test_Weighted probability to choose the right action:_epoch20": 0.8249512262727087, "ENV_Test_proba_accuracy_epoch20": 0.7827922432948136, "ENV_Test_proba_accuracy_strategy_132_epoch20": 0.8190773277083072, "ENV_Test_proba_accuracy_strategy_23_epoch20": 0.7813612436260113, "ENV_Test_proba_accuracy_strategy_107_epoch20": 0.8575986806672751, "ENV_Test_proba_accuracy_strategy_43_epoch20": 0.7968722081825578, "ENV_Test_proba_accuracy_strategy_17_epoch20": 0.7531517141584787, "ENV_Test_proba_accuracy_strategy_93_epoch20": 0.7899807000693071, "ENV_Test_proba_accuracy_per_mean_strategy_epoch20": 0.7996736457353227, "ENV_Test_proba_accuracy_per_mean_user_epoch20": 0.7962625292241966, "ENV_Test_proba_accuracy_per_mean_user_and_bot_epoch20": 0.8249512262727083, "ENV_Test_accuracy_epoch20": 0.814976, "ENV_Test_accuracy_strategy_132_epoch20": 0.8487252124645892, "ENV_Test_accuracy_strategy_23_epoch20": 0.8158022297624818, "ENV_Test_accuracy_strategy_107_epoch20": 0.8883415435139573, "ENV_Test_accuracy_strategy_43_epoch20": 0.8295165394402035, "ENV_Test_accuracy_strategy_17_epoch20": 0.7833484573502723, "ENV_Test_accuracy_strategy_93_epoch20": 0.821626617375231, "ENV_Test_accuracy_per_mean_strategy_epoch20": 0.8312267666511225, "ENV_Test_accuracy_per_mean_user_epoch20": 0.8268973619673902, "ENV_Test_accuracy_per_mean_user_and_bot_epoch20": 0.8577244688822491, "ENV_Train_TotalLoss_epoch21": 680.7546896907623, "ENV_Train_Right action_epoch21": 0.8698429114490162, "ENV_Train_Probability to choose the right action_epoch21": 0.8144178308430328, "ENV_Train_Weighted right action_epoch21": 0.8698429114490162, "ENV_Train_Weighted probability to choose the right action:_epoch21": 0.8144178308430328, "ENV_Test_TotalLoss_epoch21": 219.29487619440127, "ENV_Test_Right action_epoch21": 0.815296, "ENV_Test_Probability to choose the right action_epoch21": 0.7789057354912969, "ENV_Test_Weighted right action_epoch21": 0.8564850112488828, "ENV_Test_Weighted probability to choose the right action:_epoch21": 0.8238949791041126, "ENV_Test_proba_accuracy_epoch21": 0.7789057354912969, "ENV_Test_proba_accuracy_strategy_132_epoch21": 0.8158617245745325, "ENV_Test_proba_accuracy_strategy_23_epoch21": 0.7770219585331843, "ENV_Test_proba_accuracy_strategy_107_epoch21": 0.8565556305352641, "ENV_Test_proba_accuracy_strategy_43_epoch21": 0.7925665072718105, "ENV_Test_proba_accuracy_strategy_17_epoch21": 0.7499509350142161, "ENV_Test_proba_accuracy_strategy_93_epoch21": 0.7838046412621645, "ENV_Test_proba_accuracy_per_mean_strategy_epoch21": 0.7959602328651955, "ENV_Test_proba_accuracy_per_mean_user_epoch21": 0.7932093384584048, "ENV_Test_proba_accuracy_per_mean_user_and_bot_epoch21": 0.8238949791041115, "ENV_Test_accuracy_epoch21": 0.815296, "ENV_Test_accuracy_strategy_132_epoch21": 0.8385269121813032, "ENV_Test_accuracy_strategy_23_epoch21": 0.8166101147196639, "ENV_Test_accuracy_strategy_107_epoch21": 0.8916256157635468, "ENV_Test_accuracy_strategy_43_epoch21": 0.8295165394402035, "ENV_Test_accuracy_strategy_17_epoch21": 0.7878856624319419, "ENV_Test_accuracy_strategy_93_epoch21": 0.8179297597042514, "ENV_Test_accuracy_per_mean_strategy_epoch21": 0.8303491007068184, "ENV_Test_accuracy_per_mean_user_epoch21": 0.8284415130654792, "ENV_Test_accuracy_per_mean_user_and_bot_epoch21": 0.8564850112488839, "ENV_Train_TotalLoss_epoch22": 675.518056382762, "ENV_Train_Right action_epoch22": 0.8709136396036283, "ENV_Train_Probability to choose the right action_epoch22": 0.8154412794152532, "ENV_Train_Weighted right action_epoch22": 0.8709136396036283, "ENV_Train_Weighted probability to choose the right action:_epoch22": 0.8154412794152532, "ENV_Test_TotalLoss_epoch22": 218.34789348959106, "ENV_Test_Right action_epoch22": 0.816832, "ENV_Test_Probability to choose the right action_epoch22": 0.7819240783474241, "ENV_Test_Weighted right action_epoch22": 0.8567537310045759, "ENV_Test_Weighted probability to choose the right action:_epoch22": 0.8235496920339076, "ENV_Test_proba_accuracy_epoch22": 0.7819240783474244, "ENV_Test_proba_accuracy_strategy_132_epoch22": 0.8192132073908213, "ENV_Test_proba_accuracy_strategy_23_epoch22": 0.781709252120516, "ENV_Test_proba_accuracy_strategy_107_epoch22": 0.8542409574882601, "ENV_Test_proba_accuracy_strategy_43_epoch22": 0.7895865092809666, "ENV_Test_proba_accuracy_strategy_17_epoch22": 0.7531138140632069, "ENV_Test_proba_accuracy_strategy_93_epoch22": 0.7878608351840917, "ENV_Test_proba_accuracy_per_mean_strategy_epoch22": 0.797620762587977, "ENV_Test_proba_accuracy_per_mean_user_epoch22": 0.7941935776008086, "ENV_Test_proba_accuracy_per_mean_user_and_bot_epoch22": 0.8235496920339086, "ENV_Test_accuracy_epoch22": 0.816832, "ENV_Test_accuracy_strategy_132_epoch22": 0.8504249291784702, "ENV_Test_accuracy_strategy_23_epoch22": 0.8188721925997738, "ENV_Test_accuracy_strategy_107_epoch22": 0.8834154351395731, "ENV_Test_accuracy_strategy_43_epoch22": 0.8269720101781171, "ENV_Test_accuracy_strategy_17_epoch22": 0.7872050816696915, "ENV_Test_accuracy_strategy_93_epoch22": 0.8188539741219963, "ENV_Test_accuracy_per_mean_strategy_epoch22": 0.8309572704812704, "ENV_Test_accuracy_per_mean_user_epoch22": 0.8277748525923879, "ENV_Test_accuracy_per_mean_user_and_bot_epoch22": 0.8567537310045759, "ENV_Train_TotalLoss_epoch23": 667.2479587520215, "ENV_Train_Right action_epoch23": 0.8717382493116606, "ENV_Train_Probability to choose the right action_epoch23": 0.8185691387161139, "ENV_Train_Weighted right action_epoch23": 0.8717382493116606, "ENV_Train_Weighted probability to choose the right action:_epoch23": 0.8185691387161139, "ENV_Test_TotalLoss_epoch23": 221.63336090892062, "ENV_Test_Right action_epoch23": 0.811904, "ENV_Test_Probability to choose the right action_epoch23": 0.7766863715345369, "ENV_Test_Weighted right action_epoch23": 0.8539104216587559, "ENV_Test_Weighted probability to choose the right action:_epoch23": 0.8203095128404728, "ENV_Test_proba_accuracy_epoch23": 0.7766863715345373, "ENV_Test_proba_accuracy_strategy_132_epoch23": 0.8193760750452892, "ENV_Test_proba_accuracy_strategy_23_epoch23": 0.774906559915531, "ENV_Test_proba_accuracy_strategy_107_epoch23": 0.8464633740720174, "ENV_Test_proba_accuracy_strategy_43_epoch23": 0.7886394908218552, "ENV_Test_proba_accuracy_strategy_17_epoch23": 0.7455910735400245, "ENV_Test_proba_accuracy_strategy_93_epoch23": 0.7872700156273063, "ENV_Test_proba_accuracy_per_mean_strategy_epoch23": 0.7937077648370039, "ENV_Test_proba_accuracy_per_mean_user_epoch23": 0.7907005514378317, "ENV_Test_proba_accuracy_per_mean_user_and_bot_epoch23": 0.8203095128404738, "ENV_Test_accuracy_epoch23": 0.811904, "ENV_Test_accuracy_strategy_132_epoch23": 0.8521246458923513, "ENV_Test_accuracy_strategy_23_epoch23": 0.8138633058652448, "ENV_Test_accuracy_strategy_107_epoch23": 0.8768472906403941, "ENV_Test_accuracy_strategy_43_epoch23": 0.8193384223918575, "ENV_Test_accuracy_strategy_17_epoch23": 0.779491833030853, "ENV_Test_accuracy_strategy_93_epoch23": 0.8197781885397413, "ENV_Test_accuracy_per_mean_strategy_epoch23": 0.8269072810600736, "ENV_Test_accuracy_per_mean_user_epoch23": 0.8242247180976102, "ENV_Test_accuracy_per_mean_user_and_bot_epoch23": 0.8539104216587559, "ENV_Train_TotalLoss_epoch24": 660.6126831000463, "ENV_Train_Right action_epoch24": 0.8743360357841767, "ENV_Train_Probability to choose the right action_epoch24": 0.8208912448156738, "ENV_Train_Weighted right action_epoch24": 0.8743360357841767, "ENV_Train_Weighted probability to choose the right action:_epoch24": 0.8208912448156738, "ENV_Test_TotalLoss_epoch24": 224.70010145211825, "ENV_Test_Right action_epoch24": 0.81728, "ENV_Test_Probability to choose the right action_epoch24": 0.7844832389453507, "ENV_Test_Weighted right action_epoch24": 0.8583654183785334, "ENV_Test_Weighted probability to choose the right action:_epoch24": 0.8263207449019785, "ENV_Test_proba_accuracy_epoch24": 0.7844832389453514, "ENV_Test_proba_accuracy_strategy_132_epoch24": 0.8203873407240698, "ENV_Test_proba_accuracy_strategy_23_epoch24": 0.7833486276413656, "ENV_Test_proba_accuracy_strategy_107_epoch24": 0.8509891200731794, "ENV_Test_proba_accuracy_strategy_43_epoch24": 0.7916553850088158, "ENV_Test_proba_accuracy_strategy_17_epoch24": 0.7568441041556371, "ENV_Test_proba_accuracy_strategy_93_epoch24": 0.7971523523052189, "ENV_Test_proba_accuracy_per_mean_strategy_epoch24": 0.8000628216513811, "ENV_Test_proba_accuracy_per_mean_user_epoch24": 0.7977656340714967, "ENV_Test_proba_accuracy_per_mean_user_and_bot_epoch24": 0.8263207449019778, "ENV_Test_accuracy_epoch24": 0.81728, "ENV_Test_accuracy_strategy_132_epoch24": 0.851558073654391, "ENV_Test_accuracy_strategy_23_epoch24": 0.8167716917111003, "ENV_Test_accuracy_strategy_107_epoch24": 0.8801313628899836, "ENV_Test_accuracy_strategy_43_epoch24": 0.821882951653944, "ENV_Test_accuracy_strategy_17_epoch24": 0.7903811252268602, "ENV_Test_accuracy_strategy_93_epoch24": 0.8317929759704251, "ENV_Test_accuracy_per_mean_strategy_epoch24": 0.8320863635177841, "ENV_Test_accuracy_per_mean_user_epoch24": 0.829505520449705, "ENV_Test_accuracy_per_mean_user_and_bot_epoch24": 0.858365418378533, "_wandb": {"runtime": 1985}}