{"ENV_Train_TotalLoss": 669.7823341733066, "ENV_Train_TotalLoss_epoch0": 1187.0878083297227, "ENV_Train_Right action": 0.8711895676967588, "ENV_Train_Right action_epoch0": 0.7445542064301583, "ENV_Train_Probability to choose the right action": 0.8175854054800497, "ENV_Train_Probability to choose the right action_epoch0": 0.6502075074785926, "ENV_Train_Weighted right action": 0.8711895676967588, "ENV_Train_Weighted right action_epoch0": 0.7445542064301583, "ENV_Train_Weighted probability to choose the right action:": 0.8175854054800497, "ENV_Train_Weighted probability to choose the right action:_epoch0": 0.6502075074785926, "_timestamp": 1720404647.5788882, "_runtime": 2000.709640264511, "_step": 49, "ENV_Test_TotalLoss": 220.19867898717416, "ENV_Test_TotalLoss_epoch0": 239.9697524007391, "ENV_Test_Right action": 0.814976, "ENV_Test_Right action_epoch0": 0.765696, "ENV_Test_Probability to choose the right action": 0.780330404787069, "ENV_Test_Probability to choose the right action_epoch0": 0.7083532634416851, "ENV_Test_Weighted right action": 0.8517797690517541, "ENV_Test_Weighted right action_epoch0": 0.8242908801938659, "ENV_Test_Weighted probability to choose the right action:": 0.8194192158138814, "ENV_Test_Weighted probability to choose the right action:_epoch0": 0.7614480726440341, "ENV_Test_proba_accuracy": 0.7803304047870698, "ENV_Test_proba_accuracy_epoch0": 0.7083532634416858, "ENV_Test_proba_accuracy_strategy_132": 0.8150017983804566, "ENV_Test_proba_accuracy_strategy_132_epoch0": 0.7662720735618899, "ENV_Test_proba_accuracy_strategy_23": 0.7804800963308532, "ENV_Test_proba_accuracy_strategy_23_epoch0": 0.6989771096852367, "ENV_Test_proba_accuracy_strategy_107": 0.8426262599209314, "ENV_Test_proba_accuracy_strategy_107_epoch0": 0.7943205807123809, "ENV_Test_proba_accuracy_strategy_43": 0.7918369200681645, "ENV_Test_proba_accuracy_strategy_43_epoch0": 0.7321869917745135, "ENV_Test_proba_accuracy_strategy_17": 0.7525074995412281, "ENV_Test_proba_accuracy_strategy_17_epoch0": 0.6742645693652148, "ENV_Test_proba_accuracy_strategy_93": 0.7844852087320473, "ENV_Test_proba_accuracy_strategy_93_epoch0": 0.7233667219153717, "ENV_Test_proba_accuracy_per_mean_strategy": 0.7944896304956135, "ENV_Test_proba_accuracy_per_mean_strategy_epoch0": 0.7315646745024346, "ENV_Test_proba_accuracy_per_mean_user": 0.7935843643760612, "ENV_Test_proba_accuracy_per_mean_user_epoch0": 0.7259872421633692, "ENV_Test_proba_accuracy_per_mean_user_and_bot": 0.8194192158138814, "ENV_Test_proba_accuracy_per_mean_user_and_bot_epoch0": 0.7614480726440339, "ENV_Test_accuracy": 0.814976, "ENV_Test_accuracy_epoch0": 0.765696, "ENV_Test_accuracy_strategy_132": 0.8436260623229461, "ENV_Test_accuracy_strategy_132_epoch0": 0.8322946175637393, "ENV_Test_accuracy_strategy_23": 0.8156406527710454, "ENV_Test_accuracy_strategy_23_epoch0": 0.755372434965261, "ENV_Test_accuracy_strategy_107": 0.8571428571428571, "ENV_Test_accuracy_strategy_107_epoch0": 0.8571428571428571, "ENV_Test_accuracy_strategy_43": 0.8295165394402035, "ENV_Test_accuracy_strategy_43_epoch0": 0.7958015267175572, "ENV_Test_accuracy_strategy_17": 0.7910617059891107, "ENV_Test_accuracy_strategy_17_epoch0": 0.7254990925589837, "ENV_Test_accuracy_strategy_93": 0.8170055452865065, "ENV_Test_accuracy_strategy_93_epoch0": 0.7846580406654344, "ENV_Test_accuracy_per_mean_strategy": 0.8256655604921116, "ENV_Test_accuracy_per_mean_strategy_epoch0": 0.7917947616023054, "ENV_Test_accuracy_per_mean_user": 0.8277019905977354, "ENV_Test_accuracy_per_mean_user_epoch0": 0.7855079537123314, "ENV_Test_accuracy_per_mean_user_and_bot": 0.8517797690517549, "ENV_Test_accuracy_per_mean_user_and_bot_epoch0": 0.8242908801938655, "ENV_Train_TotalLoss_epoch1": 998.6293523436357, "ENV_Train_Right action_epoch1": 0.7941012021246855, "ENV_Train_Probability to choose the right action_epoch1": 0.7169681079570023, "ENV_Train_Weighted right action_epoch1": 0.7941012021246855, "ENV_Train_Weighted probability to choose the right action:_epoch1": 0.7169681079570023, "ENV_Test_TotalLoss_epoch1": 219.77106463059462, "ENV_Test_Right action_epoch1": 0.7792, "ENV_Test_Probability to choose the right action_epoch1": 0.7179559554218435, "ENV_Test_Weighted right action_epoch1": 0.8370712963699292, "ENV_Test_Weighted probability to choose the right action:_epoch1": 0.7750450581188914, "ENV_Test_proba_accuracy_epoch1": 0.7179559554218445, "ENV_Test_proba_accuracy_strategy_132_epoch1": 0.7790339573143553, "ENV_Test_proba_accuracy_strategy_23_epoch1": 0.7071606901730169, "ENV_Test_proba_accuracy_strategy_107_epoch1": 0.8143669261730789, "ENV_Test_proba_accuracy_strategy_43_epoch1": 0.7408561169980946, "ENV_Test_proba_accuracy_strategy_17_epoch1": 0.6834093331698254, "ENV_Test_proba_accuracy_strategy_93_epoch1": 0.7332770265736435, "ENV_Test_proba_accuracy_per_mean_strategy_epoch1": 0.7430173417336691, "ENV_Test_proba_accuracy_per_mean_user_epoch1": 0.7362446906201735, "ENV_Test_proba_accuracy_per_mean_user_and_bot_epoch1": 0.7750450581188916, "ENV_Test_accuracy_epoch1": 0.7792, "ENV_Test_accuracy_strategy_132_epoch1": 0.8390934844192635, "ENV_Test_accuracy_strategy_23_epoch1": 0.7742769429633221, "ENV_Test_accuracy_strategy_107_epoch1": 0.8752052545155994, "ENV_Test_accuracy_strategy_43_epoch1": 0.7989821882951654, "ENV_Test_accuracy_strategy_17_epoch1": 0.7393375680580763, "ENV_Test_accuracy_strategy_93_epoch1": 0.789279112754159, "ENV_Test_accuracy_per_mean_strategy_epoch1": 0.802695758500931, "ENV_Test_accuracy_per_mean_user_epoch1": 0.7980630726726914, "ENV_Test_accuracy_per_mean_user_and_bot_epoch1": 0.837071296369929, "ENV_Train_TotalLoss_epoch2": 947.0477991488815, "ENV_Train_Right action_epoch2": 0.8054790691173387, "ENV_Train_Probability to choose the right action_epoch2": 0.7324821884414919, "ENV_Train_Weighted right action_epoch2": 0.8054790691173387, "ENV_Train_Weighted probability to choose the right action:_epoch2": 0.7324821884414919, "ENV_Test_TotalLoss_epoch2": 225.78863018570596, "ENV_Test_Right action_epoch2": 0.777408, "ENV_Test_Probability to choose the right action_epoch2": 0.7282441172263517, "ENV_Test_Weighted right action_epoch2": 0.8301435998059542, "ENV_Test_Weighted probability to choose the right action:_epoch2": 0.777283913490188, "ENV_Test_proba_accuracy_epoch2": 0.7282441172263526, "ENV_Test_proba_accuracy_strategy_132_epoch2": 0.7757849659483338, "ENV_Test_proba_accuracy_strategy_23_epoch2": 0.7244283565870073, "ENV_Test_proba_accuracy_strategy_107_epoch2": 0.8151992695355811, "ENV_Test_proba_accuracy_strategy_43_epoch2": 0.7446088742776643, "ENV_Test_proba_accuracy_strategy_17_epoch2": 0.6938273440588559, "ENV_Test_proba_accuracy_strategy_93_epoch2": 0.7400132437364776, "ENV_Test_proba_accuracy_per_mean_strategy_epoch2": 0.7489770090239866, "ENV_Test_proba_accuracy_per_mean_user_epoch2": 0.7443545844048356, "ENV_Test_proba_accuracy_per_mean_user_and_bot_epoch2": 0.7772839134901888, "ENV_Test_accuracy_epoch2": 0.777408, "ENV_Test_accuracy_strategy_132_epoch2": 0.8215297450424929, "ENV_Test_accuracy_strategy_23_epoch2": 0.7768621748263047, "ENV_Test_accuracy_strategy_107_epoch2": 0.8620689655172413, "ENV_Test_accuracy_strategy_43_epoch2": 0.7938931297709924, "ENV_Test_accuracy_strategy_17_epoch2": 0.7409255898366606, "ENV_Test_accuracy_strategy_93_epoch2": 0.7855822550831792, "ENV_Test_accuracy_per_mean_strategy_epoch2": 0.7968103100128118, "ENV_Test_accuracy_per_mean_user_epoch2": 0.7949666034349009, "ENV_Test_accuracy_per_mean_user_and_bot_epoch2": 0.8301435998059539, "ENV_Train_TotalLoss_epoch3": 922.8894062396353, "ENV_Train_Right action_epoch3": 0.8136310912978465, "ENV_Train_Probability to choose the right action_epoch3": 0.7408025444135651, "ENV_Train_Weighted right action_epoch3": 0.8136310912978465, "ENV_Train_Weighted probability to choose the right action:_epoch3": 0.7408025444135651, "ENV_Test_TotalLoss_epoch3": 214.8268693820519, "ENV_Test_Right action_epoch3": 0.78976, "ENV_Test_Probability to choose the right action_epoch3": 0.7443570536638656, "ENV_Test_Weighted right action_epoch3": 0.84344593174677, "ENV_Test_Weighted probability to choose the right action:_epoch3": 0.7988196816079696, "ENV_Test_proba_accuracy_epoch3": 0.7443570536638653, "ENV_Test_proba_accuracy_strategy_132_epoch3": 0.7990869066712731, "ENV_Test_proba_accuracy_strategy_23_epoch3": 0.7381818942671147, "ENV_Test_proba_accuracy_strategy_107_epoch3": 0.8371844644151015, "ENV_Test_proba_accuracy_strategy_43_epoch3": 0.7689907627006483, "ENV_Test_proba_accuracy_strategy_17_epoch3": 0.7070166709300145, "ENV_Test_proba_accuracy_strategy_93_epoch3": 0.7544866232441841, "ENV_Test_proba_accuracy_per_mean_strategy_epoch3": 0.7674912203713893, "ENV_Test_proba_accuracy_per_mean_user_epoch3": 0.7614699998251657, "ENV_Test_proba_accuracy_per_mean_user_and_bot_epoch3": 0.79881968160797, "ENV_Test_accuracy_epoch3": 0.78976, "ENV_Test_accuracy_strategy_132_epoch3": 0.8379603399433427, "ENV_Test_accuracy_strategy_23_epoch3": 0.7883341412182905, "ENV_Test_accuracy_strategy_107_epoch3": 0.8834154351395731, "ENV_Test_accuracy_strategy_43_epoch3": 0.8053435114503816, "ENV_Test_accuracy_strategy_17_epoch3": 0.7513611615245009, "ENV_Test_accuracy_strategy_93_epoch3": 0.800369685767098, "ENV_Test_accuracy_per_mean_strategy_epoch3": 0.8111307125071977, "ENV_Test_accuracy_per_mean_user_epoch3": 0.8061666917515975, "ENV_Test_accuracy_per_mean_user_and_bot_epoch3": 0.8434459317467696, "ENV_Train_TotalLoss_epoch4": 901.8333460093685, "ENV_Train_Right action_epoch4": 0.8184486373165618, "ENV_Train_Probability to choose the right action_epoch4": 0.7469928703815972, "ENV_Train_Weighted right action_epoch4": 0.8184486373165618, "ENV_Train_Weighted probability to choose the right action:_epoch4": 0.7469928703815972, "ENV_Test_TotalLoss_epoch4": 212.97909453997346, "ENV_Test_Right action_epoch4": 0.792832, "ENV_Test_Probability to choose the right action_epoch4": 0.7414142605298361, "ENV_Test_Weighted right action_epoch4": 0.8455423257348149, "ENV_Test_Weighted probability to choose the right action:_epoch4": 0.7983981167266896, "ENV_Test_proba_accuracy_epoch4": 0.7414142605298373, "ENV_Test_proba_accuracy_strategy_132_epoch4": 0.8031939895039657, "ENV_Test_proba_accuracy_strategy_23_epoch4": 0.7347428330342965, "ENV_Test_proba_accuracy_strategy_107_epoch4": 0.837371443382415, "ENV_Test_proba_accuracy_strategy_43_epoch4": 0.7624531543994594, "ENV_Test_proba_accuracy_strategy_17_epoch4": 0.7035592790205788, "ENV_Test_proba_accuracy_strategy_93_epoch4": 0.748440079479106, "ENV_Test_proba_accuracy_per_mean_strategy_epoch4": 0.7649601298033035, "ENV_Test_proba_accuracy_per_mean_user_epoch4": 0.7598285344919059, "ENV_Test_proba_accuracy_per_mean_user_and_bot_epoch4": 0.7983981167266913, "ENV_Test_accuracy_epoch4": 0.792832, "ENV_Test_accuracy_strategy_132_epoch4": 0.8441926345609065, "ENV_Test_accuracy_strategy_23_epoch4": 0.7912425270641461, "ENV_Test_accuracy_strategy_107_epoch4": 0.8850574712643678, "ENV_Test_accuracy_strategy_43_epoch4": 0.8129770992366412, "ENV_Test_accuracy_strategy_17_epoch4": 0.7515880217785844, "ENV_Test_accuracy_strategy_93_epoch4": 0.8049907578558225, "ENV_Test_accuracy_per_mean_strategy_epoch4": 0.8150080852934115, "ENV_Test_accuracy_per_mean_user_epoch4": 0.8097121669050575, "ENV_Test_accuracy_per_mean_user_and_bot_epoch4": 0.8455423257348157, "ENV_Train_TotalLoss_epoch5": 879.1174383836837, "ENV_Train_Right action_epoch5": 0.8240679908860901, "ENV_Train_Probability to choose the right action_epoch5": 0.7541590372191637, "ENV_Train_Weighted right action_epoch5": 0.8240679908860901, "ENV_Train_Weighted probability to choose the right action:_epoch5": 0.7541590372191637, "ENV_Test_TotalLoss_epoch5": 211.8410244808095, "ENV_Test_Right action_epoch5": 0.801408, "ENV_Test_Probability to choose the right action_epoch5": 0.7559946811565014, "ENV_Test_Weighted right action_epoch5": 0.8473706412544265, "ENV_Test_Weighted probability to choose the right action:_epoch5": 0.8032939219940182, "ENV_Test_proba_accuracy_epoch5": 0.7559946811565015, "ENV_Test_proba_accuracy_strategy_132_epoch5": 0.8057972032610706, "ENV_Test_proba_accuracy_strategy_23_epoch5": 0.7539528055097064, "ENV_Test_proba_accuracy_strategy_107_epoch5": 0.8439583595894331, "ENV_Test_proba_accuracy_strategy_43_epoch5": 0.7710019778533806, "ENV_Test_proba_accuracy_strategy_17_epoch5": 0.7202565320676523, "ENV_Test_proba_accuracy_strategy_93_epoch5": 0.760715686215604, "ENV_Test_proba_accuracy_per_mean_strategy_epoch5": 0.7759470940828078, "ENV_Test_proba_accuracy_per_mean_user_epoch5": 0.7706865425551382, "ENV_Test_proba_accuracy_per_mean_user_and_bot_epoch5": 0.803293921994018, "ENV_Test_accuracy_epoch5": 0.801408, "ENV_Test_accuracy_strategy_132_epoch5": 0.8487252124645892, "ENV_Test_accuracy_strategy_23_epoch5": 0.8009371465503312, "ENV_Test_accuracy_strategy_107_epoch5": 0.8949096880131363, "ENV_Test_accuracy_strategy_43_epoch5": 0.8104325699745547, "ENV_Test_accuracy_strategy_17_epoch5": 0.7681488203266787, "ENV_Test_accuracy_strategy_93_epoch5": 0.7966728280961183, "ENV_Test_accuracy_per_mean_strategy_epoch5": 0.8199710442375681, "ENV_Test_accuracy_per_mean_user_epoch5": 0.8145552117536106, "ENV_Test_accuracy_per_mean_user_and_bot_epoch5": 0.8473706412544271, "ENV_Train_TotalLoss_epoch6": 857.5969669938113, "ENV_Train_Right action_epoch6": 0.8291125087351503, "ENV_Train_Probability to choose the right action_epoch6": 0.7608036153427781, "ENV_Train_Weighted right action_epoch6": 0.8291125087351503, "ENV_Train_Weighted probability to choose the right action:_epoch6": 0.7608036153427781, "ENV_Test_TotalLoss_epoch6": 208.26629565107004, "ENV_Test_Right action_epoch6": 0.808896, "ENV_Test_Probability to choose the right action_epoch6": 0.7602367654917687, "ENV_Test_Weighted right action_epoch6": 0.8498311289051319, "ENV_Test_Weighted probability to choose the right action:_epoch6": 0.8063630555833057, "ENV_Test_proba_accuracy_epoch6": 0.7602367654917694, "ENV_Test_proba_accuracy_strategy_132_epoch6": 0.8104882560868679, "ENV_Test_proba_accuracy_strategy_23_epoch6": 0.7580518638559381, "ENV_Test_proba_accuracy_strategy_107_epoch6": 0.8455940280070449, "ENV_Test_proba_accuracy_strategy_43_epoch6": 0.7771229358650749, "ENV_Test_proba_accuracy_strategy_17_epoch6": 0.7248605209948635, "ENV_Test_proba_accuracy_strategy_93_epoch6": 0.7623063850551094, "ENV_Test_proba_accuracy_per_mean_strategy_epoch6": 0.7797373316441497, "ENV_Test_proba_accuracy_per_mean_user_epoch6": 0.774759012347763, "ENV_Test_proba_accuracy_per_mean_user_and_bot_epoch6": 0.8063630555833073, "ENV_Test_accuracy_epoch6": 0.808896, "ENV_Test_accuracy_strategy_132_epoch6": 0.8487252124645892, "ENV_Test_accuracy_strategy_23_epoch6": 0.8099854580707707, "ENV_Test_accuracy_strategy_107_epoch6": 0.8916256157635468, "ENV_Test_accuracy_strategy_43_epoch6": 0.8180661577608143, "ENV_Test_accuracy_strategy_17_epoch6": 0.779491833030853, "ENV_Test_accuracy_strategy_93_epoch6": 0.7975970425138632, "ENV_Test_accuracy_per_mean_strategy_epoch6": 0.8242485532674061, "ENV_Test_accuracy_per_mean_user_epoch6": 0.8203409694564412, "ENV_Test_accuracy_per_mean_user_and_bot_epoch6": 0.8498311289051327, "ENV_Train_TotalLoss_epoch7": 839.9849549623989, "ENV_Train_Right action_epoch7": 0.8339156929613686, "ENV_Train_Probability to choose the right action_epoch7": 0.766698331567591, "ENV_Train_Weighted right action_epoch7": 0.8339156929613686, "ENV_Train_Weighted probability to choose the right action:_epoch7": 0.766698331567591, "ENV_Test_TotalLoss_epoch7": 205.83086767142987, "ENV_Test_Right action_epoch7": 0.811968, "ENV_Test_Probability to choose the right action_epoch7": 0.7667369336835501, "ENV_Test_Weighted right action_epoch7": 0.854766169895528, "ENV_Test_Weighted probability to choose the right action:_epoch7": 0.8126368420546625, "ENV_Test_proba_accuracy_epoch7": 0.7667369336835501, "ENV_Test_proba_accuracy_strategy_132_epoch7": 0.8099997443524081, "ENV_Test_proba_accuracy_strategy_23_epoch7": 0.7669881368591493, "ENV_Test_proba_accuracy_strategy_107_epoch7": 0.8484031265887699, "ENV_Test_proba_accuracy_strategy_43_epoch7": 0.7789463207550656, "ENV_Test_proba_accuracy_strategy_17_epoch7": 0.7318680549225285, "ENV_Test_proba_accuracy_strategy_93_epoch7": 0.7730775920371192, "ENV_Test_proba_accuracy_per_mean_strategy_epoch7": 0.7848804959191734, "ENV_Test_proba_accuracy_per_mean_user_epoch7": 0.7801723570131933, "ENV_Test_proba_accuracy_per_mean_user_and_bot_epoch7": 0.8126368420546622, "ENV_Test_accuracy_epoch7": 0.811968, "ENV_Test_accuracy_strategy_132_epoch7": 0.8464589235127479, "ENV_Test_accuracy_strategy_23_epoch7": 0.8187106156083374, "ENV_Test_accuracy_strategy_107_epoch7": 0.8850574712643678, "ENV_Test_accuracy_strategy_43_epoch7": 0.8180661577608143, "ENV_Test_accuracy_strategy_17_epoch7": 0.7754083484573503, "ENV_Test_accuracy_strategy_93_epoch7": 0.8160813308687616, "ENV_Test_accuracy_per_mean_strategy_epoch7": 0.8266304745787298, "ENV_Test_accuracy_per_mean_user_epoch7": 0.8235417569821805, "ENV_Test_accuracy_per_mean_user_and_bot_epoch7": 0.8547661698955293, "ENV_Train_TotalLoss_epoch8": 821.8260916490688, "ENV_Train_Right action_epoch8": 0.8374680289032691, "ENV_Train_Probability to choose the right action_epoch8": 0.7712834078744917, "ENV_Train_Weighted right action_epoch8": 0.8374680289032691, "ENV_Train_Weighted probability to choose the right action:_epoch8": 0.7712834078744917, "ENV_Test_TotalLoss_epoch8": 208.9693040090448, "ENV_Test_Right action_epoch8": 0.816064, "ENV_Test_Probability to choose the right action_epoch8": 0.7686213859980872, "ENV_Test_Weighted right action_epoch8": 0.8535368101750072, "ENV_Test_Weighted probability to choose the right action:_epoch8": 0.8136350562544822, "ENV_Test_proba_accuracy_epoch8": 0.768621385998087, "ENV_Test_proba_accuracy_strategy_132_epoch8": 0.8111294017679987, "ENV_Test_proba_accuracy_strategy_23_epoch8": 0.7681840669655138, "ENV_Test_proba_accuracy_strategy_107_epoch8": 0.8494992235965646, "ENV_Test_proba_accuracy_strategy_43_epoch8": 0.7835087490790333, "ENV_Test_proba_accuracy_strategy_17_epoch8": 0.734320349175263, "ENV_Test_proba_accuracy_strategy_93_epoch8": 0.7743712493187795, "ENV_Test_proba_accuracy_per_mean_strategy_epoch8": 0.7868355066505255, "ENV_Test_proba_accuracy_per_mean_user_epoch8": 0.7814295552750968, "ENV_Test_proba_accuracy_per_mean_user_and_bot_epoch8": 0.8136350562544822, "ENV_Test_accuracy_epoch8": 0.816064, "ENV_Test_accuracy_strategy_132_epoch8": 0.8436260623229461, "ENV_Test_accuracy_strategy_23_epoch8": 0.8214574244627565, "ENV_Test_accuracy_strategy_107_epoch8": 0.8850574712643678, "ENV_Test_accuracy_strategy_43_epoch8": 0.8244274809160306, "ENV_Test_accuracy_strategy_17_epoch8": 0.787431941923775, "ENV_Test_accuracy_strategy_93_epoch8": 0.8059149722735675, "ENV_Test_accuracy_per_mean_strategy_epoch8": 0.8279858921939073, "ENV_Test_accuracy_per_mean_user_epoch8": 0.8242836439859816, "ENV_Test_accuracy_per_mean_user_and_bot_epoch8": 0.8535368101750072, "ENV_Train_TotalLoss_epoch9": 804.9213208457284, "ENV_Train_Right action_epoch9": 0.8411746617466175, "ENV_Train_Probability to choose the right action_epoch9": 0.7767162976785259, "ENV_Train_Weighted right action_epoch9": 0.8411746617466175, "ENV_Train_Weighted probability to choose the right action:_epoch9": 0.7767162976785259, "ENV_Test_TotalLoss_epoch9": 208.09156169193244, "ENV_Test_Right action_epoch9": 0.810944, "ENV_Test_Probability to choose the right action_epoch9": 0.7675371832975815, "ENV_Test_Weighted right action_epoch9": 0.8543913553258607, "ENV_Test_Weighted probability to choose the right action:_epoch9": 0.8118173900512529, "ENV_Test_proba_accuracy_epoch9": 0.7675371832975819, "ENV_Test_proba_accuracy_strategy_132_epoch9": 0.8104192657884272, "ENV_Test_proba_accuracy_strategy_23_epoch9": 0.7654731810346765, "ENV_Test_proba_accuracy_strategy_107_epoch9": 0.8454367404464491, "ENV_Test_proba_accuracy_strategy_43_epoch9": 0.7817795562941643, "ENV_Test_proba_accuracy_strategy_17_epoch9": 0.7353337176289945, "ENV_Test_proba_accuracy_strategy_93_epoch9": 0.7760494480125772, "ENV_Test_proba_accuracy_per_mean_strategy_epoch9": 0.7857486515342148, "ENV_Test_proba_accuracy_per_mean_user_epoch9": 0.7806877382616527, "ENV_Test_proba_accuracy_per_mean_user_and_bot_epoch9": 0.811817390051253, "ENV_Test_accuracy_epoch9": 0.810944, "ENV_Test_accuracy_strategy_132_epoch9": 0.8430594900849858, "ENV_Test_accuracy_strategy_23_epoch9": 0.8127322669251899, "ENV_Test_accuracy_strategy_107_epoch9": 0.8817733990147784, "ENV_Test_accuracy_strategy_43_epoch9": 0.8206106870229007, "ENV_Test_accuracy_strategy_17_epoch9": 0.7810798548094374, "ENV_Test_accuracy_strategy_93_epoch9": 0.8160813308687616, "ENV_Test_accuracy_per_mean_strategy_epoch9": 0.8258895047876758, "ENV_Test_accuracy_per_mean_user_epoch9": 0.8222864472410125, "ENV_Test_accuracy_per_mean_user_and_bot_epoch9": 0.8543913553258611, "ENV_Train_TotalLoss_epoch10": 794.4879418842282, "ENV_Train_Right action_epoch10": 0.844066185924311, "ENV_Train_Probability to choose the right action_epoch10": 0.7803602460307656, "ENV_Train_Weighted right action_epoch10": 0.844066185924311, "ENV_Train_Weighted probability to choose the right action:_epoch10": 0.7803602460307656, "ENV_Test_TotalLoss_epoch10": 212.83213785845925, "ENV_Test_Right action_epoch10": 0.812288, "ENV_Test_Probability to choose the right action_epoch10": 0.770935853059289, "ENV_Test_Weighted right action_epoch10": 0.8534288536573235, "ENV_Test_Weighted probability to choose the right action:_epoch10": 0.8178014469371362, "ENV_Test_proba_accuracy_epoch10": 0.7709358530592905, "ENV_Test_proba_accuracy_strategy_132_epoch10": 0.8159256929335758, "ENV_Test_proba_accuracy_strategy_23_epoch10": 0.7677167375236633, "ENV_Test_proba_accuracy_strategy_107_epoch10": 0.8542983323663516, "ENV_Test_proba_accuracy_strategy_43_epoch10": 0.789800014900812, "ENV_Test_proba_accuracy_strategy_17_epoch10": 0.7379213959251519, "ENV_Test_proba_accuracy_strategy_93_epoch10": 0.7761313737675098, "ENV_Test_proba_accuracy_per_mean_strategy_epoch10": 0.7902989245695107, "ENV_Test_proba_accuracy_per_mean_user_epoch10": 0.7852184002708511, "ENV_Test_proba_accuracy_per_mean_user_and_bot_epoch10": 0.8178014469371354, "ENV_Test_accuracy_epoch10": 0.812288, "ENV_Test_accuracy_strategy_132_epoch10": 0.8475920679886686, "ENV_Test_accuracy_strategy_23_epoch10": 0.8179027306511553, "ENV_Test_accuracy_strategy_107_epoch10": 0.8866995073891626, "ENV_Test_accuracy_strategy_43_epoch10": 0.8199745547073791, "ENV_Test_accuracy_strategy_17_epoch10": 0.7790381125226861, "ENV_Test_accuracy_strategy_93_epoch10": 0.8049907578558225, "ENV_Test_accuracy_per_mean_strategy_epoch10": 0.8260329551858124, "ENV_Test_accuracy_per_mean_user_epoch10": 0.823939453750482, "ENV_Test_accuracy_per_mean_user_and_bot_epoch10": 0.8534288536573233, "ENV_Train_TotalLoss_epoch11": 785.4609613182275, "ENV_Train_Right action_epoch11": 0.8467741935483871, "ENV_Train_Probability to choose the right action_epoch11": 0.7834972305189104, "ENV_Train_Weighted right action_epoch11": 0.8467741935483871, "ENV_Train_Weighted probability to choose the right action:_epoch11": 0.7834972305189104, "ENV_Test_TotalLoss_epoch11": 211.74525828655283, "ENV_Test_Right action_epoch11": 0.813504, "ENV_Test_Probability to choose the right action_epoch11": 0.771270143596161, "ENV_Test_Weighted right action_epoch11": 0.8540029163618815, "ENV_Test_Weighted probability to choose the right action:_epoch11": 0.8177522576056004, "ENV_Test_proba_accuracy_epoch11": 0.7712701435961606, "ENV_Test_proba_accuracy_strategy_132_epoch11": 0.8125576616931728, "ENV_Test_proba_accuracy_strategy_23_epoch11": 0.7696262104132412, "ENV_Test_proba_accuracy_strategy_107_epoch11": 0.8508818650727025, "ENV_Test_proba_accuracy_strategy_43_epoch11": 0.78742271610655, "ENV_Test_proba_accuracy_strategy_17_epoch11": 0.738816871922358, "ENV_Test_proba_accuracy_strategy_93_epoch11": 0.7772594894376004, "ENV_Test_proba_accuracy_per_mean_strategy_epoch11": 0.7894274691076042, "ENV_Test_proba_accuracy_per_mean_user_epoch11": 0.7844650163013992, "ENV_Test_proba_accuracy_per_mean_user_and_bot_epoch11": 0.8177522576056003, "ENV_Test_accuracy_epoch11": 0.813504, "ENV_Test_accuracy_strategy_132_epoch11": 0.8498583569405099, "ENV_Test_accuracy_strategy_23_epoch11": 0.8162869607367911, "ENV_Test_accuracy_strategy_107_epoch11": 0.8817733990147784, "ENV_Test_accuracy_strategy_43_epoch11": 0.8244274809160306, "ENV_Test_accuracy_strategy_17_epoch11": 0.780852994555354, "ENV_Test_accuracy_strategy_93_epoch11": 0.8170055452865065, "ENV_Test_accuracy_per_mean_strategy_epoch11": 0.8283674562416619, "ENV_Test_accuracy_per_mean_user_epoch11": 0.8237508497308377, "ENV_Test_accuracy_per_mean_user_and_bot_epoch11": 0.8540029163618821, "ENV_Train_TotalLoss_epoch12": 771.9575150787564, "ENV_Train_Right action_epoch12": 0.849411567383222, "ENV_Train_Probability to choose the right action_epoch12": 0.7870688953445136, "ENV_Train_Weighted right action_epoch12": 0.849411567383222, "ENV_Train_Weighted probability to choose the right action:_epoch12": 0.7870688953445136, "ENV_Test_TotalLoss_epoch12": 207.2864089723452, "ENV_Test_Right action_epoch12": 0.815936, "ENV_Test_Probability to choose the right action_epoch12": 0.7707113722685035, "ENV_Test_Weighted right action_epoch12": 0.8515897749279746, "ENV_Test_Weighted probability to choose the right action:_epoch12": 0.8113791819566076, "ENV_Test_proba_accuracy_epoch12": 0.7707113722685035, "ENV_Test_proba_accuracy_strategy_132_epoch12": 0.8108247387240609, "ENV_Test_proba_accuracy_strategy_23_epoch12": 0.7696274082528228, "ENV_Test_proba_accuracy_strategy_107_epoch12": 0.8423562757915289, "ENV_Test_proba_accuracy_strategy_43_epoch12": 0.7823568483534806, "ENV_Test_proba_accuracy_strategy_17_epoch12": 0.7413636297819699, "ENV_Test_proba_accuracy_strategy_93_epoch12": 0.7737936049196328, "ENV_Test_proba_accuracy_per_mean_strategy_epoch12": 0.7867204176372495, "ENV_Test_proba_accuracy_per_mean_user_epoch12": 0.7832200648270712, "ENV_Test_proba_accuracy_per_mean_user_and_bot_epoch12": 0.811379181956609, "ENV_Test_accuracy_epoch12": 0.815936, "ENV_Test_accuracy_strategy_132_epoch12": 0.8481586402266289, "ENV_Test_accuracy_strategy_23_epoch12": 0.8183874616254645, "ENV_Test_accuracy_strategy_107_epoch12": 0.8768472906403941, "ENV_Test_accuracy_strategy_43_epoch12": 0.8244274809160306, "ENV_Test_accuracy_strategy_17_epoch12": 0.7899274047186933, "ENV_Test_accuracy_strategy_93_epoch12": 0.8086876155268022, "ENV_Test_accuracy_per_mean_strategy_epoch12": 0.8277393156090023, "ENV_Test_accuracy_per_mean_user_epoch12": 0.8273320033516172, "ENV_Test_accuracy_per_mean_user_and_bot_epoch12": 0.851589774927975, "ENV_Train_TotalLoss_epoch13": 761.0814090190836, "ENV_Train_Right action_epoch13": 0.8520247697060345, "ENV_Train_Probability to choose the right action_epoch13": 0.7906799815296942, "ENV_Train_Weighted right action_epoch13": 0.8520247697060345, "ENV_Train_Weighted probability to choose the right action:_epoch13": 0.7906799815296942, "ENV_Test_TotalLoss_epoch13": 213.15063566174268, "ENV_Test_Right action_epoch13": 0.814528, "ENV_Test_Probability to choose the right action_epoch13": 0.7705305840483946, "ENV_Test_Weighted right action_epoch13": 0.8490702384208247, "ENV_Test_Weighted probability to choose the right action:_epoch13": 0.811324384684565, "ENV_Test_proba_accuracy_epoch13": 0.7705305840483941, "ENV_Test_proba_accuracy_strategy_132_epoch13": 0.8078647642698202, "ENV_Test_proba_accuracy_strategy_23_epoch13": 0.7703331107992023, "ENV_Test_proba_accuracy_strategy_107_epoch13": 0.8394885635654805, "ENV_Test_proba_accuracy_strategy_43_epoch13": 0.7823931648152223, "ENV_Test_proba_accuracy_strategy_17_epoch13": 0.7408409111722708, "ENV_Test_proba_accuracy_strategy_93_epoch13": 0.7756655428238324, "ENV_Test_proba_accuracy_per_mean_strategy_epoch13": 0.7860976762409715, "ENV_Test_proba_accuracy_per_mean_user_epoch13": 0.7828174153597166, "ENV_Test_proba_accuracy_per_mean_user_and_bot_epoch13": 0.8113243846845648, "ENV_Test_accuracy_epoch13": 0.814528, "ENV_Test_accuracy_strategy_132_epoch13": 0.8402266288951842, "ENV_Test_accuracy_strategy_23_epoch13": 0.8211342704798836, "ENV_Test_accuracy_strategy_107_epoch13": 0.8702791461412152, "ENV_Test_accuracy_strategy_43_epoch13": 0.8199745547073791, "ENV_Test_accuracy_strategy_17_epoch13": 0.786070780399274, "ENV_Test_accuracy_strategy_93_epoch13": 0.8114602587800369, "ENV_Test_accuracy_per_mean_strategy_epoch13": 0.8248576065671621, "ENV_Test_accuracy_per_mean_user_epoch13": 0.8245548431725289, "ENV_Test_accuracy_per_mean_user_and_bot_epoch13": 0.849070238420825, "ENV_Train_TotalLoss_epoch14": 750.7150434594665, "ENV_Train_Right action_epoch14": 0.8551806050443652, "ENV_Train_Probability to choose the right action_epoch14": 0.7939117738530979, "ENV_Train_Weighted right action_epoch14": 0.8551806050443652, "ENV_Train_Weighted probability to choose the right action:_epoch14": 0.7939117738530979, "ENV_Test_TotalLoss_epoch14": 211.81074524931907, "ENV_Test_Right action_epoch14": 0.81408, "ENV_Test_Probability to choose the right action_epoch14": 0.7707055666849651, "ENV_Test_Weighted right action_epoch14": 0.850853025990838, "ENV_Test_Weighted probability to choose the right action:_epoch14": 0.8110694180869319, "ENV_Test_proba_accuracy_epoch14": 0.7707055666849657, "ENV_Test_proba_accuracy_strategy_132_epoch14": 0.805993046863059, "ENV_Test_proba_accuracy_strategy_23_epoch14": 0.770439803712164, "ENV_Test_proba_accuracy_strategy_107_epoch14": 0.8400603202555663, "ENV_Test_proba_accuracy_strategy_43_epoch14": 0.782081685244391, "ENV_Test_proba_accuracy_strategy_17_epoch14": 0.7437021564603692, "ENV_Test_proba_accuracy_strategy_93_epoch14": 0.7691095717630101, "ENV_Test_proba_accuracy_per_mean_strategy_epoch14": 0.7852310973830933, "ENV_Test_proba_accuracy_per_mean_user_epoch14": 0.783201458605096, "ENV_Test_proba_accuracy_per_mean_user_and_bot_epoch14": 0.8110694180869316, "ENV_Test_accuracy_epoch14": 0.81408, "ENV_Test_accuracy_strategy_132_epoch14": 0.8396600566572238, "ENV_Test_accuracy_strategy_23_epoch14": 0.8195185005655194, "ENV_Test_accuracy_strategy_107_epoch14": 0.8669950738916257, "ENV_Test_accuracy_strategy_43_epoch14": 0.8199745547073791, "ENV_Test_accuracy_strategy_17_epoch14": 0.7883393829401089, "ENV_Test_accuracy_strategy_93_epoch14": 0.8077634011090573, "ENV_Test_accuracy_per_mean_strategy_epoch14": 0.8237084949784858, "ENV_Test_accuracy_per_mean_user_epoch14": 0.8257661740282369, "ENV_Test_accuracy_per_mean_user_and_bot_epoch14": 0.8508530259908372, "ENV_Train_TotalLoss_epoch15": 737.2544344375115, "ENV_Train_Right action_epoch15": 0.8568193572736549, "ENV_Train_Probability to choose the right action_epoch15": 0.7970548044520486, "ENV_Train_Weighted right action_epoch15": 0.8568193572736549, "ENV_Train_Weighted probability to choose the right action:_epoch15": 0.7970548044520486, "ENV_Test_TotalLoss_epoch15": 214.18376867604238, "ENV_Test_Right action_epoch15": 0.819712, "ENV_Test_Probability to choose the right action_epoch15": 0.781328001831844, "ENV_Test_Weighted right action_epoch15": 0.8543237194823433, "ENV_Test_Weighted probability to choose the right action:_epoch15": 0.8206582081542909, "ENV_Test_proba_accuracy_epoch15": 0.7813280018318435, "ENV_Test_proba_accuracy_strategy_132_epoch15": 0.8184896805775048, "ENV_Test_proba_accuracy_strategy_23_epoch15": 0.7809081632687972, "ENV_Test_proba_accuracy_strategy_107_epoch15": 0.8488483623606016, "ENV_Test_proba_accuracy_strategy_43_epoch15": 0.7926094763141456, "ENV_Test_proba_accuracy_strategy_17_epoch15": 0.7524795842011466, "ENV_Test_proba_accuracy_strategy_93_epoch15": 0.7862424799728058, "ENV_Test_proba_accuracy_per_mean_strategy_epoch15": 0.7965962911158336, "ENV_Test_proba_accuracy_per_mean_user_epoch15": 0.7936922100990046, "ENV_Test_proba_accuracy_per_mean_user_and_bot_epoch15": 0.8206582081542911, "ENV_Test_accuracy_epoch15": 0.819712, "ENV_Test_accuracy_strategy_132_epoch15": 0.8447592067988668, "ENV_Test_accuracy_strategy_23_epoch15": 0.8230731943771207, "ENV_Test_accuracy_strategy_107_epoch15": 0.8752052545155994, "ENV_Test_accuracy_strategy_43_epoch15": 0.8282442748091603, "ENV_Test_accuracy_strategy_17_epoch15": 0.7933303085299456, "ENV_Test_accuracy_strategy_93_epoch15": 0.8234750462107209, "ENV_Test_accuracy_per_mean_strategy_epoch15": 0.8313478808735688, "ENV_Test_accuracy_per_mean_user_epoch15": 0.8311186238718149, "ENV_Test_accuracy_per_mean_user_and_bot_epoch15": 0.8543237194823436, "ENV_Train_TotalLoss_epoch16": 725.9057216574037, "ENV_Train_Right action_epoch16": 0.8586265218546009, "ENV_Train_Probability to choose the right action_epoch16": 0.8004788163626387, "ENV_Train_Weighted right action_epoch16": 0.8586265218546009, "ENV_Train_Weighted probability to choose the right action:_epoch16": 0.8004788163626387, "ENV_Test_TotalLoss_epoch16": 213.54525629926303, "ENV_Test_Right action_epoch16": 0.820992, "ENV_Test_Probability to choose the right action_epoch16": 0.7821657574743223, "ENV_Test_Weighted right action_epoch16": 0.8539359454991665, "ENV_Test_Weighted probability to choose the right action:_epoch16": 0.8193991139198551, "ENV_Test_proba_accuracy_epoch16": 0.7821657574743224, "ENV_Test_proba_accuracy_strategy_132_epoch16": 0.8147330451603578, "ENV_Test_proba_accuracy_strategy_23_epoch16": 0.7834912279864008, "ENV_Test_proba_accuracy_strategy_107_epoch16": 0.8475234505235183, "ENV_Test_proba_accuracy_strategy_43_epoch16": 0.7902020484892177, "ENV_Test_proba_accuracy_strategy_17_epoch16": 0.7544705256511903, "ENV_Test_proba_accuracy_strategy_93_epoch16": 0.7858257367431623, "ENV_Test_proba_accuracy_per_mean_strategy_epoch16": 0.7960410057589744, "ENV_Test_proba_accuracy_per_mean_user_epoch16": 0.7929021254144197, "ENV_Test_proba_accuracy_per_mean_user_and_bot_epoch16": 0.8193991139198553, "ENV_Test_accuracy_epoch16": 0.820992, "ENV_Test_accuracy_strategy_132_epoch16": 0.8458923512747876, "ENV_Test_accuracy_strategy_23_epoch16": 0.8271126191630311, "ENV_Test_accuracy_strategy_107_epoch16": 0.8735632183908046, "ENV_Test_accuracy_strategy_43_epoch16": 0.8250636132315522, "ENV_Test_accuracy_strategy_17_epoch16": 0.79491833030853, "ENV_Test_accuracy_strategy_93_epoch16": 0.8160813308687616, "ENV_Test_accuracy_per_mean_strategy_epoch16": 0.8304385772062446, "ENV_Test_accuracy_per_mean_user_epoch16": 0.8306532101981281, "ENV_Test_accuracy_per_mean_user_and_bot_epoch16": 0.8539359454991673, "ENV_Train_TotalLoss_epoch17": 718.2569241316897, "ENV_Train_Right action_epoch17": 0.8608591118131369, "ENV_Train_Probability to choose the right action_epoch17": 0.8027272207187747, "ENV_Train_Weighted right action_epoch17": 0.8608591118131369, "ENV_Train_Weighted probability to choose the right action:_epoch17": 0.8027272207187747, "ENV_Test_TotalLoss_epoch17": 218.2750222629435, "ENV_Test_Right action_epoch17": 0.820288, "ENV_Test_Probability to choose the right action_epoch17": 0.7834819441735441, "ENV_Test_Weighted right action_epoch17": 0.8539095250920916, "ENV_Test_Weighted probability to choose the right action:_epoch17": 0.8210951502118033, "ENV_Test_proba_accuracy_epoch17": 0.7834819441735441, "ENV_Test_proba_accuracy_strategy_132_epoch17": 0.8182007734631558, "ENV_Test_proba_accuracy_strategy_23_epoch17": 0.7837435390196669, "ENV_Test_proba_accuracy_strategy_107_epoch17": 0.8501822593434891, "ENV_Test_proba_accuracy_strategy_43_epoch17": 0.7941486046501757, "ENV_Test_proba_accuracy_strategy_17_epoch17": 0.7568861455242893, "ENV_Test_proba_accuracy_strategy_93_epoch17": 0.7806612917145186, "ENV_Test_proba_accuracy_per_mean_strategy_epoch17": 0.7973037689525492, "ENV_Test_proba_accuracy_per_mean_user_epoch17": 0.7950580078509503, "ENV_Test_proba_accuracy_per_mean_user_and_bot_epoch17": 0.8210951502118042, "ENV_Test_accuracy_epoch17": 0.820288, "ENV_Test_accuracy_strategy_132_epoch17": 0.8481586402266289, "ENV_Test_accuracy_strategy_23_epoch17": 0.8227500403942478, "ENV_Test_accuracy_strategy_107_epoch17": 0.8801313628899836, "ENV_Test_accuracy_strategy_43_epoch17": 0.8212468193384224, "ENV_Test_accuracy_strategy_17_epoch17": 0.7980943738656987, "ENV_Test_accuracy_strategy_93_epoch17": 0.8160813308687616, "ENV_Test_accuracy_per_mean_strategy_epoch17": 0.8310770945972904, "ENV_Test_accuracy_per_mean_user_epoch17": 0.8310149718185672, "ENV_Test_accuracy_per_mean_user_and_bot_epoch17": 0.8539095250920921, "ENV_Train_TotalLoss_epoch18": 708.3581285369179, "ENV_Train_Right action_epoch18": 0.8630646243291592, "ENV_Train_Probability to choose the right action_epoch18": 0.8061598607985437, "ENV_Train_Weighted right action_epoch18": 0.8630646243291592, "ENV_Train_Weighted probability to choose the right action:_epoch18": 0.8061598607985437, "ENV_Test_TotalLoss_epoch18": 212.93329513766395, "ENV_Test_Right action_epoch18": 0.819648, "ENV_Test_Probability to choose the right action_epoch18": 0.7855025230268722, "ENV_Test_Weighted right action_epoch18": 0.8581550740778626, "ENV_Test_Weighted probability to choose the right action:_epoch18": 0.8237669081077226, "ENV_Test_proba_accuracy_epoch18": 0.7855025230268722, "ENV_Test_proba_accuracy_strategy_132_epoch18": 0.8209463256326456, "ENV_Test_proba_accuracy_strategy_23_epoch18": 0.7868678164884748, "ENV_Test_proba_accuracy_strategy_107_epoch18": 0.8471338695571293, "ENV_Test_proba_accuracy_strategy_43_epoch18": 0.7942719898367506, "ENV_Test_proba_accuracy_strategy_17_epoch18": 0.7572122074903372, "ENV_Test_proba_accuracy_strategy_93_epoch18": 0.7876989243114747, "ENV_Test_proba_accuracy_per_mean_strategy_epoch18": 0.7990218555528021, "ENV_Test_proba_accuracy_per_mean_user_epoch18": 0.7972025900437953, "ENV_Test_proba_accuracy_per_mean_user_and_bot_epoch18": 0.8237669081077235, "ENV_Test_accuracy_epoch18": 0.819648, "ENV_Test_accuracy_strategy_132_epoch18": 0.8504249291784702, "ENV_Test_accuracy_strategy_23_epoch18": 0.820487962514138, "ENV_Test_accuracy_strategy_107_epoch18": 0.8752052545155994, "ENV_Test_accuracy_strategy_43_epoch18": 0.8320610687022901, "ENV_Test_accuracy_strategy_17_epoch18": 0.794010889292196, "ENV_Test_accuracy_strategy_93_epoch18": 0.8197781885397413, "ENV_Test_accuracy_per_mean_strategy_epoch18": 0.8319947154570725, "ENV_Test_accuracy_per_mean_user_epoch18": 0.8304595825574458, "ENV_Test_accuracy_per_mean_user_and_bot_epoch18": 0.8581550740778633, "ENV_Train_TotalLoss_epoch19": 704.7493979973053, "ENV_Train_Right action_epoch19": 0.865487838971205, "ENV_Train_Probability to choose the right action_epoch19": 0.8077424988364386, "ENV_Train_Weighted right action_epoch19": 0.865487838971205, "ENV_Train_Weighted probability to choose the right action:_epoch19": 0.8077424988364386, "ENV_Test_TotalLoss_epoch19": 223.24744555864544, "ENV_Test_Right action_epoch19": 0.818496, "ENV_Test_Probability to choose the right action_epoch19": 0.7827685963188148, "ENV_Test_Weighted right action_epoch19": 0.8535791283970737, "ENV_Test_Weighted probability to choose the right action:_epoch19": 0.8205802752110681, "ENV_Test_proba_accuracy_epoch19": 0.7827685963188138, "ENV_Test_proba_accuracy_strategy_132_epoch19": 0.8180651299947715, "ENV_Test_proba_accuracy_strategy_23_epoch19": 0.782867689208752, "ENV_Test_proba_accuracy_strategy_107_epoch19": 0.8418022678366108, "ENV_Test_proba_accuracy_strategy_43_epoch19": 0.7943903988920513, "ENV_Test_proba_accuracy_strategy_17_epoch19": 0.7543721538320194, "ENV_Test_proba_accuracy_strategy_93_epoch19": 0.7901982368441626, "ENV_Test_proba_accuracy_per_mean_strategy_epoch19": 0.7969493127680612, "ENV_Test_proba_accuracy_per_mean_user_epoch19": 0.7949629253007514, "ENV_Test_proba_accuracy_per_mean_user_and_bot_epoch19": 0.8205802752110684, "ENV_Test_accuracy_epoch19": 0.818496, "ENV_Test_accuracy_strategy_132_epoch19": 0.8453257790368272, "ENV_Test_accuracy_strategy_23_epoch19": 0.8188721925997738, "ENV_Test_accuracy_strategy_107_epoch19": 0.8752052545155994, "ENV_Test_accuracy_strategy_43_epoch19": 0.8288804071246819, "ENV_Test_accuracy_strategy_17_epoch19": 0.793557168784029, "ENV_Test_accuracy_strategy_93_epoch19": 0.8271719038817006, "ENV_Test_accuracy_per_mean_strategy_epoch19": 0.8315021176571019, "ENV_Test_accuracy_per_mean_user_epoch19": 0.829607065015501, "ENV_Test_accuracy_per_mean_user_and_bot_epoch19": 0.8535791283970747, "ENV_Train_TotalLoss_epoch20": 694.9651344485351, "ENV_Train_Right action_epoch20": 0.8658960991767879, "ENV_Train_Probability to choose the right action_epoch20": 0.8101463303066082, "ENV_Train_Weighted right action_epoch20": 0.8658960991767879, "ENV_Train_Weighted probability to choose the right action:_epoch20": 0.8101463303066082, "ENV_Test_TotalLoss_epoch20": 218.1838756999881, "ENV_Test_Right action_epoch20": 0.81824, "ENV_Test_Probability to choose the right action_epoch20": 0.779193561512878, "ENV_Test_Weighted right action_epoch20": 0.8560563844509619, "ENV_Test_Weighted probability to choose the right action:_epoch20": 0.8181022345460477, "ENV_Test_proba_accuracy_epoch20": 0.7791935615128789, "ENV_Test_proba_accuracy_strategy_132_epoch20": 0.8155065153396286, "ENV_Test_proba_accuracy_strategy_23_epoch20": 0.7812717879345212, "ENV_Test_proba_accuracy_strategy_107_epoch20": 0.8428409542682326, "ENV_Test_proba_accuracy_strategy_43_epoch20": 0.787531125328811, "ENV_Test_proba_accuracy_strategy_17_epoch20": 0.750946561934172, "ENV_Test_proba_accuracy_strategy_93_epoch20": 0.7752105252915531, "ENV_Test_proba_accuracy_per_mean_strategy_epoch20": 0.7922179116828197, "ENV_Test_proba_accuracy_per_mean_user_epoch20": 0.7920042912972193, "ENV_Test_proba_accuracy_per_mean_user_and_bot_epoch20": 0.8181022345460468, "ENV_Test_accuracy_epoch20": 0.81824, "ENV_Test_accuracy_strategy_132_epoch20": 0.8487252124645892, "ENV_Test_accuracy_strategy_23_epoch20": 0.821619001454193, "ENV_Test_accuracy_strategy_107_epoch20": 0.8752052545155994, "ENV_Test_accuracy_strategy_43_epoch20": 0.8326972010178118, "ENV_Test_accuracy_strategy_17_epoch20": 0.7908348457350273, "ENV_Test_accuracy_strategy_93_epoch20": 0.8077634011090573, "ENV_Test_accuracy_per_mean_strategy_epoch20": 0.8294741527160463, "ENV_Test_accuracy_per_mean_user_epoch20": 0.829436354143824, "ENV_Test_accuracy_per_mean_user_and_bot_epoch20": 0.8560563844509627, "ENV_Train_TotalLoss_epoch21": 688.5041238241355, "ENV_Train_Right action_epoch21": 0.8681768635232958, "ENV_Train_Probability to choose the right action_epoch21": 0.8117187288290942, "ENV_Train_Weighted right action_epoch21": 0.8681768635232958, "ENV_Train_Weighted probability to choose the right action:_epoch21": 0.8117187288290942, "ENV_Test_TotalLoss_epoch21": 219.58982483177087, "ENV_Test_Right action_epoch21": 0.818304, "ENV_Test_Probability to choose the right action_epoch21": 0.783389820857585, "ENV_Test_Weighted right action_epoch21": 0.8543430513473987, "ENV_Test_Weighted probability to choose the right action:_epoch21": 0.8229025847188223, "ENV_Test_proba_accuracy_epoch21": 0.7833898208575847, "ENV_Test_proba_accuracy_strategy_132_epoch21": 0.821913085364364, "ENV_Test_proba_accuracy_strategy_23_epoch21": 0.784547645631245, "ENV_Test_proba_accuracy_strategy_107_epoch21": 0.8468794633166783, "ENV_Test_proba_accuracy_strategy_43_epoch21": 0.7936269994328574, "ENV_Test_proba_accuracy_strategy_17_epoch21": 0.7529180150430984, "ENV_Test_proba_accuracy_strategy_93_epoch21": 0.7874585303526775, "ENV_Test_proba_accuracy_per_mean_strategy_epoch21": 0.7978906231901535, "ENV_Test_proba_accuracy_per_mean_user_epoch21": 0.7958480146449721, "ENV_Test_proba_accuracy_per_mean_user_and_bot_epoch21": 0.8229025847188222, "ENV_Test_accuracy_epoch21": 0.818304, "ENV_Test_accuracy_strategy_132_epoch21": 0.8555240793201133, "ENV_Test_accuracy_strategy_23_epoch21": 0.8224268864113751, "ENV_Test_accuracy_strategy_107_epoch21": 0.8637110016420362, "ENV_Test_accuracy_strategy_43_epoch21": 0.8276081424936387, "ENV_Test_accuracy_strategy_17_epoch21": 0.7887931034482759, "ENV_Test_accuracy_strategy_93_epoch21": 0.8151571164510166, "ENV_Test_accuracy_per_mean_strategy_epoch21": 0.8288700549610759, "ENV_Test_accuracy_per_mean_user_epoch21": 0.8286667953872854, "ENV_Test_accuracy_per_mean_user_and_bot_epoch21": 0.8543430513474, "ENV_Train_TotalLoss_epoch22": 680.0648134948556, "ENV_Train_Right action_epoch22": 0.869110020827218, "ENV_Train_Probability to choose the right action_epoch22": 0.8144556184869814, "ENV_Train_Weighted right action_epoch22": 0.869110020827218, "ENV_Train_Weighted probability to choose the right action:_epoch22": 0.8144556184869814, "ENV_Test_TotalLoss_epoch22": 211.41009414823927, "ENV_Test_Right action_epoch22": 0.817536, "ENV_Test_Probability to choose the right action_epoch22": 0.7796202581661307, "ENV_Test_Weighted right action_epoch22": 0.8541740934170705, "ENV_Test_Weighted probability to choose the right action:_epoch22": 0.8160452896396112, "ENV_Test_proba_accuracy_epoch22": 0.7796202581661311, "ENV_Test_proba_accuracy_strategy_132_epoch22": 0.8179183671128042, "ENV_Test_proba_accuracy_strategy_23_epoch22": 0.7804057347721952, "ENV_Test_proba_accuracy_strategy_107_epoch22": 0.8380078043554997, "ENV_Test_proba_accuracy_strategy_43_epoch22": 0.7875654487786989, "ENV_Test_proba_accuracy_strategy_17_epoch22": 0.7525181797546366, "ENV_Test_proba_accuracy_strategy_93_epoch22": 0.778659656835057, "ENV_Test_proba_accuracy_per_mean_strategy_epoch22": 0.7925125319348153, "ENV_Test_proba_accuracy_per_mean_user_epoch22": 0.7914615850943317, "ENV_Test_proba_accuracy_per_mean_user_and_bot_epoch22": 0.8160452896396104, "ENV_Test_accuracy_epoch22": 0.817536, "ENV_Test_accuracy_strategy_132_epoch22": 0.8504249291784702, "ENV_Test_accuracy_strategy_23_epoch22": 0.8177411536597189, "ENV_Test_accuracy_strategy_107_epoch22": 0.8686371100164204, "ENV_Test_accuracy_strategy_43_epoch22": 0.8276081424936387, "ENV_Test_accuracy_strategy_17_epoch22": 0.794010889292196, "ENV_Test_accuracy_strategy_93_epoch22": 0.8151571164510166, "ENV_Test_accuracy_per_mean_strategy_epoch22": 0.8289298901819101, "ENV_Test_accuracy_per_mean_user_epoch22": 0.8300494547960783, "ENV_Test_accuracy_per_mean_user_and_bot_epoch22": 0.8541740934170705, "ENV_Train_TotalLoss_epoch23": 672.5054690768758, "ENV_Train_Right action_epoch23": 0.8718554338103757, "ENV_Train_Probability to choose the right action_epoch23": 0.8167862909770838, "ENV_Train_Weighted right action_epoch23": 0.8718554338103757, "ENV_Train_Weighted probability to choose the right action:_epoch23": 0.8167862909770838, "ENV_Test_TotalLoss_epoch23": 220.57071713725688, "ENV_Test_Right action_epoch23": 0.8144, "ENV_Test_Probability to choose the right action_epoch23": 0.7794398103977669, "ENV_Test_Weighted right action_epoch23": 0.8544771379657322, "ENV_Test_Weighted probability to choose the right action:_epoch23": 0.8216068777519064, "ENV_Test_proba_accuracy_epoch23": 0.7794398103977672, "ENV_Test_proba_accuracy_strategy_132_epoch23": 0.8224846886883945, "ENV_Test_proba_accuracy_strategy_23_epoch23": 0.776492907385376, "ENV_Test_proba_accuracy_strategy_107_epoch23": 0.846570748228894, "ENV_Test_proba_accuracy_strategy_43_epoch23": 0.7924191784825193, "ENV_Test_proba_accuracy_strategy_17_epoch23": 0.7513914958939699, "ENV_Test_proba_accuracy_strategy_93_epoch23": 0.7837049075558873, "ENV_Test_proba_accuracy_per_mean_strategy_epoch23": 0.7955106543725069, "ENV_Test_proba_accuracy_per_mean_user_epoch23": 0.7933451485391245, "ENV_Test_proba_accuracy_per_mean_user_and_bot_epoch23": 0.8216068777519066, "ENV_Test_accuracy_epoch23": 0.8144, "ENV_Test_accuracy_strategy_132_epoch23": 0.8555240793201133, "ENV_Test_accuracy_strategy_23_epoch23": 0.8130554209080627, "ENV_Test_accuracy_strategy_107_epoch23": 0.8702791461412152, "ENV_Test_accuracy_strategy_43_epoch23": 0.8244274809160306, "ENV_Test_accuracy_strategy_17_epoch23": 0.7887931034482759, "ENV_Test_accuracy_strategy_93_epoch23": 0.8133086876155268, "ENV_Test_accuracy_per_mean_strategy_epoch23": 0.8275646530582041, "ENV_Test_accuracy_per_mean_user_epoch23": 0.8265155146510416, "ENV_Test_accuracy_per_mean_user_and_bot_epoch23": 0.8544771379657323, "ENV_Train_TotalLoss_epoch24": 669.7823341733066, "ENV_Train_Right action_epoch24": 0.8711895676967588, "ENV_Train_Probability to choose the right action_epoch24": 0.8175854054800497, "ENV_Train_Weighted right action_epoch24": 0.8711895676967588, "ENV_Train_Weighted probability to choose the right action:_epoch24": 0.8175854054800497, "ENV_Test_TotalLoss_epoch24": 220.19867898717416, "ENV_Test_Right action_epoch24": 0.814976, "ENV_Test_Probability to choose the right action_epoch24": 0.780330404787069, "ENV_Test_Weighted right action_epoch24": 0.8517797690517541, "ENV_Test_Weighted probability to choose the right action:_epoch24": 0.8194192158138814, "ENV_Test_proba_accuracy_epoch24": 0.7803304047870698, "ENV_Test_proba_accuracy_strategy_132_epoch24": 0.8150017983804566, "ENV_Test_proba_accuracy_strategy_23_epoch24": 0.7804800963308532, "ENV_Test_proba_accuracy_strategy_107_epoch24": 0.8426262599209314, "ENV_Test_proba_accuracy_strategy_43_epoch24": 0.7918369200681645, "ENV_Test_proba_accuracy_strategy_17_epoch24": 0.7525074995412281, "ENV_Test_proba_accuracy_strategy_93_epoch24": 0.7844852087320473, "ENV_Test_proba_accuracy_per_mean_strategy_epoch24": 0.7944896304956135, "ENV_Test_proba_accuracy_per_mean_user_epoch24": 0.7935843643760612, "ENV_Test_proba_accuracy_per_mean_user_and_bot_epoch24": 0.8194192158138814, "ENV_Test_accuracy_epoch24": 0.814976, "ENV_Test_accuracy_strategy_132_epoch24": 0.8436260623229461, "ENV_Test_accuracy_strategy_23_epoch24": 0.8156406527710454, "ENV_Test_accuracy_strategy_107_epoch24": 0.8571428571428571, "ENV_Test_accuracy_strategy_43_epoch24": 0.8295165394402035, "ENV_Test_accuracy_strategy_17_epoch24": 0.7910617059891107, "ENV_Test_accuracy_strategy_93_epoch24": 0.8170055452865065, "ENV_Test_accuracy_per_mean_strategy_epoch24": 0.8256655604921116, "ENV_Test_accuracy_per_mean_user_epoch24": 0.8277019905977354, "ENV_Test_accuracy_per_mean_user_and_bot_epoch24": 0.8517797690517549, "_wandb": {"runtime": 1999}}