{"ENV_Train_TotalLoss": 215.4907615608166, "ENV_Train_TotalLoss_epoch0": 1045.680180359769, "ENV_Train_Right action": 0.961507820034383, "ENV_Train_Right action_epoch0": 0.7838170157470413, "ENV_Train_Probability to choose the right action": 0.9439915898162972, "ENV_Train_Probability to choose the right action_epoch0": 0.7005097593828474, "ENV_Train_Weighted right action": 0.961507820034383, "ENV_Train_Weighted right action_epoch0": 0.7838170157470413, "ENV_Train_Weighted probability to choose the right action:": 0.9439915898162972, "ENV_Train_Weighted probability to choose the right action:_epoch0": 0.7005097593828474, "_timestamp": 1720373891.1195064, "_runtime": 2247.221911430359, "_step": 49, "ENV_Test_TotalLoss": 712.705098082258, "ENV_Test_TotalLoss_epoch0": 209.03300827448632, "ENV_Test_Right action": 0.789632, "ENV_Test_Right action_epoch0": 0.797504, "ENV_Test_Probability to choose the right action": 0.786171376809525, "ENV_Test_Probability to choose the right action_epoch0": 0.7451218016302429, "ENV_Test_Weighted right action": 0.8286145926141214, "ENV_Test_Weighted right action_epoch0": 0.844448637113567, "ENV_Test_Weighted probability to choose the right action:": 0.8248864521134361, "ENV_Test_Weighted probability to choose the right action:_epoch0": 0.7937912275077483, "ENV_Test_proba_accuracy": 0.7861713768095251, "ENV_Test_proba_accuracy_epoch0": 0.7451218016302437, "ENV_Test_proba_accuracy_strategy_132": 0.8273231559467016, "ENV_Test_proba_accuracy_strategy_132_epoch0": 0.8006525428272041, "ENV_Test_proba_accuracy_strategy_23": 0.7846753229672825, "ENV_Test_proba_accuracy_strategy_23_epoch0": 0.7410127414728718, "ENV_Test_proba_accuracy_strategy_107": 0.8589915123075426, "ENV_Test_proba_accuracy_strategy_107_epoch0": 0.8345709638421344, "ENV_Test_proba_accuracy_strategy_43": 0.782188684360172, "ENV_Test_proba_accuracy_strategy_43_epoch0": 0.767981453028356, "ENV_Test_proba_accuracy_strategy_17": 0.7616675682674514, "ENV_Test_proba_accuracy_strategy_17_epoch0": 0.7052000468350068, "ENV_Test_proba_accuracy_strategy_93": 0.7922271116691124, "ENV_Test_proba_accuracy_strategy_93_epoch0": 0.7571221698870539, "ENV_Test_proba_accuracy_per_mean_strategy": 0.8011788925863771, "ENV_Test_proba_accuracy_per_mean_strategy_epoch0": 0.7677566529821046, "ENV_Test_proba_accuracy_per_mean_user": 0.7985995255122078, "ENV_Test_proba_accuracy_per_mean_user_epoch0": 0.7596656235626719, "ENV_Test_proba_accuracy_per_mean_user_and_bot": 0.824886452113436, "ENV_Test_proba_accuracy_per_mean_user_and_bot_epoch0": 0.7937912275077483, "ENV_Test_accuracy": 0.789632, "ENV_Test_accuracy_epoch0": 0.797504, "ENV_Test_accuracy_strategy_132": 0.8288951841359773, "ENV_Test_accuracy_strategy_132_epoch0": 0.8407932011331445, "ENV_Test_accuracy_strategy_23": 0.7886572952011633, "ENV_Test_accuracy_strategy_23_epoch0": 0.8007755695588948, "ENV_Test_accuracy_strategy_107": 0.8637110016420362, "ENV_Test_accuracy_strategy_107_epoch0": 0.8883415435139573, "ENV_Test_accuracy_strategy_43": 0.7811704834605598, "ENV_Test_accuracy_strategy_43_epoch0": 0.8212468193384224, "ENV_Test_accuracy_strategy_17": 0.7651996370235935, "ENV_Test_accuracy_strategy_17_epoch0": 0.7536297640653358, "ENV_Test_accuracy_strategy_93": 0.8012939001848429, "ENV_Test_accuracy_strategy_93_epoch0": 0.8012939001848429, "ENV_Test_accuracy_per_mean_strategy": 0.8048212502746953, "ENV_Test_accuracy_per_mean_strategy_epoch0": 0.8176801329657662, "ENV_Test_accuracy_per_mean_user": 0.8025588940735551, "ENV_Test_accuracy_per_mean_user_epoch0": 0.8129676786534121, "ENV_Test_accuracy_per_mean_user_and_bot": 0.8286145926141216, "ENV_Test_accuracy_per_mean_user_and_bot_epoch0": 0.844448637113567, "ENV_Train_TotalLoss_epoch1": 891.2252311654772, "ENV_Train_Right action_epoch1": 0.8199748392507687, "ENV_Train_Probability to choose the right action_epoch1": 0.7484910774667073, "ENV_Train_Weighted right action_epoch1": 0.8199748392507687, "ENV_Train_Weighted probability to choose the right action:_epoch1": 0.7484910774667073, "ENV_Test_TotalLoss_epoch1": 193.66910929534546, "ENV_Test_Right action_epoch1": 0.812416, "ENV_Test_Probability to choose the right action_epoch1": 0.7560884164265467, "ENV_Test_Weighted right action_epoch1": 0.8550822285581768, "ENV_Test_Weighted probability to choose the right action:_epoch1": 0.7998334467778309, "ENV_Test_proba_accuracy_epoch1": 0.7560884164265472, "ENV_Test_proba_accuracy_strategy_132_epoch1": 0.8105509674109765, "ENV_Test_proba_accuracy_strategy_23_epoch1": 0.7527214232289606, "ENV_Test_proba_accuracy_strategy_107_epoch1": 0.8352688673799625, "ENV_Test_proba_accuracy_strategy_43_epoch1": 0.7689569154555725, "ENV_Test_proba_accuracy_strategy_17_epoch1": 0.7219296688395284, "ENV_Test_proba_accuracy_strategy_93_epoch1": 0.7624040381194009, "ENV_Test_proba_accuracy_per_mean_strategy_epoch1": 0.7753053134057336, "ENV_Test_proba_accuracy_per_mean_user_epoch1": 0.770019278048237, "ENV_Test_proba_accuracy_per_mean_user_and_bot_epoch1": 0.799833446777831, "ENV_Test_accuracy_epoch1": 0.812416, "ENV_Test_accuracy_strategy_132_epoch1": 0.8560906515580736, "ENV_Test_accuracy_strategy_23_epoch1": 0.814348036839554, "ENV_Test_accuracy_strategy_107_epoch1": 0.8949096880131363, "ENV_Test_accuracy_strategy_43_epoch1": 0.8250636132315522, "ENV_Test_accuracy_strategy_17_epoch1": 0.7747277676950998, "ENV_Test_accuracy_strategy_93_epoch1": 0.8188539741219963, "ENV_Test_accuracy_per_mean_strategy_epoch1": 0.830665621909902, "ENV_Test_accuracy_per_mean_user_epoch1": 0.8275981709150428, "ENV_Test_accuracy_per_mean_user_and_bot_epoch1": 0.8550822285581771, "ENV_Train_TotalLoss_epoch2": 833.206774652445, "ENV_Train_Right action_epoch2": 0.8305821510937172, "ENV_Train_Probability to choose the right action_epoch2": 0.7638950488504574, "ENV_Train_Weighted right action_epoch2": 0.8305821510937172, "ENV_Train_Weighted probability to choose the right action:_epoch2": 0.7638950488504574, "ENV_Test_TotalLoss_epoch2": 192.94337568301262, "ENV_Test_Right action_epoch2": 0.810112, "ENV_Test_Probability to choose the right action_epoch2": 0.7577389995360854, "ENV_Test_Weighted right action_epoch2": 0.8529360896739575, "ENV_Test_Weighted probability to choose the right action:_epoch2": 0.8011220773231627, "ENV_Test_proba_accuracy_epoch2": 0.7577389995360859, "ENV_Test_proba_accuracy_strategy_132_epoch2": 0.8117656975043096, "ENV_Test_proba_accuracy_strategy_23_epoch2": 0.7542643547843416, "ENV_Test_proba_accuracy_strategy_107_epoch2": 0.8398644626053363, "ENV_Test_proba_accuracy_strategy_43_epoch2": 0.7666968047895977, "ENV_Test_proba_accuracy_strategy_17_epoch2": 0.7254890787507238, "ENV_Test_proba_accuracy_strategy_93_epoch2": 0.7616290442762085, "ENV_Test_proba_accuracy_per_mean_strategy_epoch2": 0.7766182404517529, "ENV_Test_proba_accuracy_per_mean_user_epoch2": 0.7720332688095956, "ENV_Test_proba_accuracy_per_mean_user_and_bot_epoch2": 0.8011220773231609, "ENV_Test_accuracy_epoch2": 0.810112, "ENV_Test_accuracy_strategy_132_epoch2": 0.8555240793201133, "ENV_Test_accuracy_strategy_23_epoch2": 0.8116012279851349, "ENV_Test_accuracy_strategy_107_epoch2": 0.8866995073891626, "ENV_Test_accuracy_strategy_43_epoch2": 0.8206106870229007, "ENV_Test_accuracy_strategy_17_epoch2": 0.7717785843920145, "ENV_Test_accuracy_strategy_93_epoch2": 0.8253234750462107, "ENV_Test_accuracy_per_mean_strategy_epoch2": 0.8285895935259228, "ENV_Test_accuracy_per_mean_user_epoch2": 0.825977466552625, "ENV_Test_accuracy_per_mean_user_and_bot_epoch2": 0.8529360896739582, "ENV_Train_TotalLoss_epoch3": 798.5932892326637, "ENV_Train_Right action_epoch3": 0.8368293807733694, "ENV_Train_Probability to choose the right action_epoch3": 0.7740943054949975, "ENV_Train_Weighted right action_epoch3": 0.8368293807733694, "ENV_Train_Weighted probability to choose the right action:_epoch3": 0.7740943054949975, "ENV_Test_TotalLoss_epoch3": 204.9730215004233, "ENV_Test_Right action_epoch3": 0.809088, "ENV_Test_Probability to choose the right action_epoch3": 0.7714781030532356, "ENV_Test_Weighted right action_epoch3": 0.8548715548257817, "ENV_Test_Weighted probability to choose the right action:_epoch3": 0.8165246852309987, "ENV_Test_proba_accuracy_epoch3": 0.7714781030532352, "ENV_Test_proba_accuracy_strategy_132_epoch3": 0.8241274426184263, "ENV_Test_proba_accuracy_strategy_23_epoch3": 0.7688715652952416, "ENV_Test_proba_accuracy_strategy_107_epoch3": 0.8496716302591072, "ENV_Test_proba_accuracy_strategy_43_epoch3": 0.7857670903738065, "ENV_Test_proba_accuracy_strategy_17_epoch3": 0.7376627646378225, "ENV_Test_proba_accuracy_strategy_93_epoch3": 0.7734944093845529, "ENV_Test_proba_accuracy_per_mean_strategy_epoch3": 0.7899324837614928, "ENV_Test_proba_accuracy_per_mean_user_epoch3": 0.7868098995260127, "ENV_Test_proba_accuracy_per_mean_user_and_bot_epoch3": 0.8165246852309982, "ENV_Test_accuracy_epoch3": 0.809088, "ENV_Test_accuracy_strategy_132_epoch3": 0.8572237960339943, "ENV_Test_accuracy_strategy_23_epoch3": 0.8103086120536436, "ENV_Test_accuracy_strategy_107_epoch3": 0.8916256157635468, "ENV_Test_accuracy_strategy_43_epoch3": 0.8263358778625954, "ENV_Test_accuracy_strategy_17_epoch3": 0.7690562613430127, "ENV_Test_accuracy_strategy_93_epoch3": 0.8151571164510166, "ENV_Test_accuracy_per_mean_strategy_epoch3": 0.8282845465846349, "ENV_Test_accuracy_per_mean_user_epoch3": 0.8252216377749997, "ENV_Test_accuracy_per_mean_user_and_bot_epoch3": 0.8548715548257824, "ENV_Train_TotalLoss_epoch4": 761.9029397290776, "ENV_Train_Right action_epoch4": 0.8447239692522711, "ENV_Train_Probability to choose the right action_epoch4": 0.7843803995635314, "ENV_Train_Weighted right action_epoch4": 0.8447239692522711, "ENV_Train_Weighted probability to choose the right action:_epoch4": 0.7843803995635314, "ENV_Test_TotalLoss_epoch4": 199.19387910402733, "ENV_Test_Right action_epoch4": 0.811328, "ENV_Test_Probability to choose the right action_epoch4": 0.7671101375467373, "ENV_Test_Weighted right action_epoch4": 0.8583692696097708, "ENV_Test_Weighted probability to choose the right action:_epoch4": 0.8145685224811571, "ENV_Test_proba_accuracy_epoch4": 0.7671101375467366, "ENV_Test_proba_accuracy_strategy_132_epoch4": 0.8270868973303248, "ENV_Test_proba_accuracy_strategy_23_epoch4": 0.7618422891786824, "ENV_Test_proba_accuracy_strategy_107_epoch4": 0.852370371091082, "ENV_Test_proba_accuracy_strategy_43_epoch4": 0.7779968009448106, "ENV_Test_proba_accuracy_strategy_17_epoch4": 0.7334445754523076, "ENV_Test_proba_accuracy_strategy_93_epoch4": 0.7727517393524853, "ENV_Test_proba_accuracy_per_mean_strategy_epoch4": 0.7875821122249489, "ENV_Test_proba_accuracy_per_mean_user_epoch4": 0.7826966030895256, "ENV_Test_proba_accuracy_per_mean_user_and_bot_epoch4": 0.8145685224811565, "ENV_Test_accuracy_epoch4": 0.811328, "ENV_Test_accuracy_strategy_132_epoch4": 0.8662889518413598, "ENV_Test_accuracy_strategy_23_epoch4": 0.8101470350622071, "ENV_Test_accuracy_strategy_107_epoch4": 0.8916256157635468, "ENV_Test_accuracy_strategy_43_epoch4": 0.823791348600509, "ENV_Test_accuracy_strategy_17_epoch4": 0.7735934664246824, "ENV_Test_accuracy_strategy_93_epoch4": 0.8188539741219963, "ENV_Test_accuracy_per_mean_strategy_epoch4": 0.8307167319690502, "ENV_Test_accuracy_per_mean_user_epoch4": 0.8275589217450996, "ENV_Test_accuracy_per_mean_user_and_bot_epoch4": 0.8583692696097716, "ENV_Train_TotalLoss_epoch5": 723.9535275053418, "ENV_Train_Right action_epoch5": 0.8518011154754749, "ENV_Train_Probability to choose the right action_epoch5": 0.7947226037418506, "ENV_Train_Weighted right action_epoch5": 0.8518011154754749, "ENV_Train_Weighted probability to choose the right action:_epoch5": 0.7947226037418506, "ENV_Test_TotalLoss_epoch5": 211.55305174644747, "ENV_Test_Right action_epoch5": 0.814464, "ENV_Test_Probability to choose the right action_epoch5": 0.7758792234877243, "ENV_Test_Weighted right action_epoch5": 0.8605915650481305, "ENV_Test_Weighted probability to choose the right action:_epoch5": 0.8221347152288921, "ENV_Test_proba_accuracy_epoch5": 0.7758792234877239, "ENV_Test_proba_accuracy_strategy_132_epoch5": 0.83266500375949, "ENV_Test_proba_accuracy_strategy_23_epoch5": 0.7722049595636814, "ENV_Test_proba_accuracy_strategy_107_epoch5": 0.8550665207986676, "ENV_Test_proba_accuracy_strategy_43_epoch5": 0.785224382844503, "ENV_Test_proba_accuracy_strategy_17_epoch5": 0.7422632726090191, "ENV_Test_proba_accuracy_strategy_93_epoch5": 0.7830664454362818, "ENV_Test_proba_accuracy_per_mean_strategy_epoch5": 0.7950817641686072, "ENV_Test_proba_accuracy_per_mean_user_epoch5": 0.7908459857116534, "ENV_Test_proba_accuracy_per_mean_user_and_bot_epoch5": 0.8221347152288924, "ENV_Test_accuracy_epoch5": 0.814464, "ENV_Test_accuracy_strategy_132_epoch5": 0.8668555240793201, "ENV_Test_accuracy_strategy_23_epoch5": 0.8159638067539182, "ENV_Test_accuracy_strategy_107_epoch5": 0.8932676518883416, "ENV_Test_accuracy_strategy_43_epoch5": 0.8295165394402035, "ENV_Test_accuracy_strategy_17_epoch5": 0.772912885662432, "ENV_Test_accuracy_strategy_93_epoch5": 0.8234750462107209, "ENV_Test_accuracy_per_mean_strategy_epoch5": 0.8336652423391561, "ENV_Test_accuracy_per_mean_user_epoch5": 0.829666090683075, "ENV_Test_accuracy_per_mean_user_and_bot_epoch5": 0.8605915650481313, "ENV_Train_TotalLoss_epoch6": 692.1842616028559, "ENV_Train_Right action_epoch6": 0.8587421383647799, "ENV_Train_Probability to choose the right action_epoch6": 0.8045754571184578, "ENV_Train_Weighted right action_epoch6": 0.8587421383647799, "ENV_Train_Weighted probability to choose the right action:_epoch6": 0.8045754571184578, "ENV_Test_TotalLoss_epoch6": 232.38772810122603, "ENV_Test_Right action_epoch6": 0.816128, "ENV_Test_Probability to choose the right action_epoch6": 0.7874061269115243, "ENV_Test_Weighted right action_epoch6": 0.8582394561965978, "ENV_Test_Weighted probability to choose the right action:_epoch6": 0.8316127719372961, "ENV_Test_proba_accuracy_epoch6": 0.7874061269115245, "ENV_Test_proba_accuracy_strategy_132_epoch6": 0.845805550971119, "ENV_Test_proba_accuracy_strategy_23_epoch6": 0.7859480283100962, "ENV_Test_proba_accuracy_strategy_107_epoch6": 0.8676197053303393, "ENV_Test_proba_accuracy_strategy_43_epoch6": 0.7886229695908755, "ENV_Test_proba_accuracy_strategy_17_epoch6": 0.75367414486183, "ENV_Test_proba_accuracy_strategy_93_epoch6": 0.7909891395779848, "ENV_Test_proba_accuracy_per_mean_strategy_epoch6": 0.8054432564403742, "ENV_Test_proba_accuracy_per_mean_user_epoch6": 0.8014082936168171, "ENV_Test_proba_accuracy_per_mean_user_and_bot_epoch6": 0.831612771937296, "ENV_Test_accuracy_epoch6": 0.816128, "ENV_Test_accuracy_strategy_132_epoch6": 0.8657223796033995, "ENV_Test_accuracy_strategy_23_epoch6": 0.8180643076425917, "ENV_Test_accuracy_strategy_107_epoch6": 0.8916256157635468, "ENV_Test_accuracy_strategy_43_epoch6": 0.823791348600509, "ENV_Test_accuracy_strategy_17_epoch6": 0.7792649727767695, "ENV_Test_accuracy_strategy_93_epoch6": 0.8207024029574861, "ENV_Test_accuracy_per_mean_strategy_epoch6": 0.8331951712240504, "ENV_Test_accuracy_per_mean_user_epoch6": 0.8291605083823447, "ENV_Test_accuracy_per_mean_user_and_bot_epoch6": 0.8582394561965976, "ENV_Train_TotalLoss_epoch7": 658.0094040860464, "ENV_Train_Right action_epoch7": 0.8663834069435903, "ENV_Train_Probability to choose the right action_epoch7": 0.8145932510423365, "ENV_Train_Weighted right action_epoch7": 0.8663834069435903, "ENV_Train_Weighted probability to choose the right action:_epoch7": 0.8145932510423365, "ENV_Test_TotalLoss_epoch7": 245.6242264961547, "ENV_Test_Right action_epoch7": 0.813696, "ENV_Test_Probability to choose the right action_epoch7": 0.7805544724059542, "ENV_Test_Weighted right action_epoch7": 0.8532923040093394, "ENV_Test_Weighted probability to choose the right action:_epoch7": 0.8257024871271759, "ENV_Test_proba_accuracy_epoch7": 0.7805544724059552, "ENV_Test_proba_accuracy_strategy_132_epoch7": 0.8390908199626493, "ENV_Test_proba_accuracy_strategy_23_epoch7": 0.774303010074728, "ENV_Test_proba_accuracy_strategy_107_epoch7": 0.8603269514497538, "ENV_Test_proba_accuracy_strategy_43_epoch7": 0.790258357857638, "ENV_Test_proba_accuracy_strategy_17_epoch7": 0.7494216159767058, "ENV_Test_proba_accuracy_strategy_93_epoch7": 0.7886610624270395, "ENV_Test_proba_accuracy_per_mean_strategy_epoch7": 0.800343636291419, "ENV_Test_proba_accuracy_per_mean_user_epoch7": 0.7949206936191072, "ENV_Test_proba_accuracy_per_mean_user_and_bot_epoch7": 0.8257024871271763, "ENV_Test_accuracy_epoch7": 0.813696, "ENV_Test_accuracy_strategy_132_epoch7": 0.8623229461756374, "ENV_Test_accuracy_strategy_23_epoch7": 0.8120859589594441, "ENV_Test_accuracy_strategy_107_epoch7": 0.8866995073891626, "ENV_Test_accuracy_strategy_43_epoch7": 0.821882951653944, "ENV_Test_accuracy_strategy_17_epoch7": 0.7810798548094374, "ENV_Test_accuracy_strategy_93_epoch7": 0.8234750462107209, "ENV_Test_accuracy_per_mean_strategy_epoch7": 0.831257710866391, "ENV_Test_accuracy_per_mean_user_epoch7": 0.826841117126215, "ENV_Test_accuracy_per_mean_user_and_bot_epoch7": 0.8532923040093392, "ENV_Train_TotalLoss_epoch8": 620.0680620878311, "ENV_Train_Right action_epoch8": 0.874743182993473, "ENV_Train_Probability to choose the right action_epoch8": 0.8249835061087111, "ENV_Train_Weighted right action_epoch8": 0.874743182993473, "ENV_Train_Weighted probability to choose the right action:_epoch8": 0.8249835061087111, "ENV_Test_TotalLoss_epoch8": 244.14261002166842, "ENV_Test_Right action_epoch8": 0.805376, "ENV_Test_Probability to choose the right action_epoch8": 0.77596883007048, "ENV_Test_Weighted right action_epoch8": 0.843756432822961, "ENV_Test_Weighted probability to choose the right action:_epoch8": 0.8182549071876278, "ENV_Test_proba_accuracy_epoch8": 0.7759688300704797, "ENV_Test_proba_accuracy_strategy_132_epoch8": 0.8310746788577557, "ENV_Test_proba_accuracy_strategy_23_epoch8": 0.7721559972225717, "ENV_Test_proba_accuracy_strategy_107_epoch8": 0.8504005147188431, "ENV_Test_proba_accuracy_strategy_43_epoch8": 0.7795484507797762, "ENV_Test_proba_accuracy_strategy_17_epoch8": 0.7461370008115867, "ENV_Test_proba_accuracy_strategy_93_epoch8": 0.7823259863121557, "ENV_Test_proba_accuracy_per_mean_strategy_epoch8": 0.7936071047837815, "ENV_Test_proba_accuracy_per_mean_user_epoch8": 0.7902670780019525, "ENV_Test_proba_accuracy_per_mean_user_and_bot_epoch8": 0.8182549071876285, "ENV_Test_accuracy_epoch8": 0.805376, "ENV_Test_accuracy_strategy_132_epoch8": 0.8526912181303116, "ENV_Test_accuracy_strategy_23_epoch8": 0.8070770722249152, "ENV_Test_accuracy_strategy_107_epoch8": 0.8752052545155994, "ENV_Test_accuracy_strategy_43_epoch8": 0.8053435114503816, "ENV_Test_accuracy_strategy_17_epoch8": 0.7724591651542649, "ENV_Test_accuracy_strategy_93_epoch8": 0.8133086876155268, "ENV_Test_accuracy_per_mean_strategy_epoch8": 0.8210141515151665, "ENV_Test_accuracy_per_mean_user_epoch8": 0.8188517944188817, "ENV_Test_accuracy_per_mean_user_and_bot_epoch8": 0.8437564328229612, "ENV_Train_TotalLoss_epoch9": 585.7560028920519, "ENV_Train_Right action_epoch9": 0.8822263222632226, "ENV_Train_Probability to choose the right action_epoch9": 0.8349390119587924, "ENV_Train_Weighted right action_epoch9": 0.8822263222632226, "ENV_Train_Weighted probability to choose the right action:_epoch9": 0.8349390119587924, "ENV_Test_TotalLoss_epoch9": 274.7816886656431, "ENV_Test_Right action_epoch9": 0.805952, "ENV_Test_Probability to choose the right action_epoch9": 0.7833855086167826, "ENV_Test_Weighted right action_epoch9": 0.8493333752461583, "ENV_Test_Weighted probability to choose the right action:_epoch9": 0.8249746626892976, "ENV_Test_proba_accuracy_epoch9": 0.783385508616782, "ENV_Test_proba_accuracy_strategy_132_epoch9": 0.8355390262198781, "ENV_Test_proba_accuracy_strategy_23_epoch9": 0.7798391911238304, "ENV_Test_proba_accuracy_strategy_107_epoch9": 0.8583091141488236, "ENV_Test_proba_accuracy_strategy_43_epoch9": 0.7871594153761715, "ENV_Test_proba_accuracy_strategy_17_epoch9": 0.7538351391325628, "ENV_Test_proba_accuracy_strategy_93_epoch9": 0.7913283661824744, "ENV_Test_proba_accuracy_per_mean_strategy_epoch9": 0.8010017086972901, "ENV_Test_proba_accuracy_per_mean_user_epoch9": 0.7969523854417124, "ENV_Test_proba_accuracy_per_mean_user_and_bot_epoch9": 0.8249746626892981, "ENV_Test_accuracy_epoch9": 0.805952, "ENV_Test_accuracy_strategy_132_epoch9": 0.8521246458923513, "ENV_Test_accuracy_strategy_23_epoch9": 0.8049765713362417, "ENV_Test_accuracy_strategy_107_epoch9": 0.8817733990147784, "ENV_Test_accuracy_strategy_43_epoch9": 0.8059796437659033, "ENV_Test_accuracy_strategy_17_epoch9": 0.7758620689655172, "ENV_Test_accuracy_strategy_93_epoch9": 0.8160813308687616, "ENV_Test_accuracy_per_mean_strategy_epoch9": 0.8227996099739255, "ENV_Test_accuracy_per_mean_user_epoch9": 0.8201077967877989, "ENV_Test_accuracy_per_mean_user_and_bot_epoch9": 0.8493333752461589, "ENV_Train_TotalLoss_epoch10": 552.7696436030479, "ENV_Train_Right action_epoch10": 0.8893733579294538, "ENV_Train_Probability to choose the right action_epoch10": 0.8447056365826814, "ENV_Train_Weighted right action_epoch10": 0.8893733579294538, "ENV_Train_Weighted probability to choose the right action:_epoch10": 0.8447056365826814, "ENV_Test_TotalLoss_epoch10": 311.173363362595, "ENV_Test_Right action_epoch10": 0.803136, "ENV_Test_Probability to choose the right action_epoch10": 0.7812936118943876, "ENV_Test_Weighted right action_epoch10": 0.8427230758027517, "ENV_Test_Weighted probability to choose the right action:_epoch10": 0.822654948425872, "ENV_Test_proba_accuracy_epoch10": 0.7812936118943877, "ENV_Test_proba_accuracy_strategy_132_epoch10": 0.834328941930942, "ENV_Test_proba_accuracy_strategy_23_epoch10": 0.7778882482890561, "ENV_Test_proba_accuracy_strategy_107_epoch10": 0.8531608208743988, "ENV_Test_proba_accuracy_strategy_43_epoch10": 0.791468423641744, "ENV_Test_proba_accuracy_strategy_17_epoch10": 0.7509835672933828, "ENV_Test_proba_accuracy_strategy_93_epoch10": 0.782507271880006, "ENV_Test_proba_accuracy_per_mean_strategy_epoch10": 0.7983895456515883, "ENV_Test_proba_accuracy_per_mean_user_epoch10": 0.795145446340654, "ENV_Test_proba_accuracy_per_mean_user_and_bot_epoch10": 0.8226549484258714, "ENV_Test_accuracy_epoch10": 0.803136, "ENV_Test_accuracy_strategy_132_epoch10": 0.8498583569405099, "ENV_Test_accuracy_strategy_23_epoch10": 0.8028760704475683, "ENV_Test_accuracy_strategy_107_epoch10": 0.8604269293924466, "ENV_Test_accuracy_strategy_43_epoch10": 0.8142493638676844, "ENV_Test_accuracy_strategy_17_epoch10": 0.7731397459165155, "ENV_Test_accuracy_strategy_93_epoch10": 0.8022181146025879, "ENV_Test_accuracy_per_mean_strategy_epoch10": 0.8171280968612189, "ENV_Test_accuracy_per_mean_user_epoch10": 0.8159102808885716, "ENV_Test_accuracy_per_mean_user_and_bot_epoch10": 0.842723075802752, "ENV_Train_TotalLoss_epoch11": 517.6906295243124, "ENV_Train_Right action_epoch11": 0.8958181919830044, "ENV_Train_Probability to choose the right action_epoch11": 0.8552290036717727, "ENV_Train_Weighted right action_epoch11": 0.8958181919830044, "ENV_Train_Weighted probability to choose the right action:_epoch11": 0.8552290036717727, "ENV_Test_TotalLoss_epoch11": 319.42099670499596, "ENV_Test_Right action_epoch11": 0.804864, "ENV_Test_Probability to choose the right action_epoch11": 0.7844156427103371, "ENV_Test_Weighted right action_epoch11": 0.8424099384522399, "ENV_Test_Weighted probability to choose the right action:_epoch11": 0.824311978601229, "ENV_Test_proba_accuracy_epoch11": 0.7844156427103363, "ENV_Test_proba_accuracy_strategy_132_epoch11": 0.8330169205064153, "ENV_Test_proba_accuracy_strategy_23_epoch11": 0.7800622000961959, "ENV_Test_proba_accuracy_strategy_107_epoch11": 0.8561866385282261, "ENV_Test_proba_accuracy_strategy_43_epoch11": 0.7904309686740679, "ENV_Test_proba_accuracy_strategy_17_epoch11": 0.7573566477868633, "ENV_Test_proba_accuracy_strategy_93_epoch11": 0.7911380288317996, "ENV_Test_proba_accuracy_per_mean_strategy_epoch11": 0.8013652340705946, "ENV_Test_proba_accuracy_per_mean_user_epoch11": 0.7975508501815642, "ENV_Test_proba_accuracy_per_mean_user_and_bot_epoch11": 0.8243119786012295, "ENV_Test_accuracy_epoch11": 0.804864, "ENV_Test_accuracy_strategy_132_epoch11": 0.8424929178470255, "ENV_Test_accuracy_strategy_23_epoch11": 0.8033608014218775, "ENV_Test_accuracy_strategy_107_epoch11": 0.8702791461412152, "ENV_Test_accuracy_strategy_43_epoch11": 0.8148854961832062, "ENV_Test_accuracy_strategy_17_epoch11": 0.778584392014519, "ENV_Test_accuracy_strategy_93_epoch11": 0.8077634011090573, "ENV_Test_accuracy_per_mean_strategy_epoch11": 0.81956102578615, "ENV_Test_accuracy_per_mean_user_epoch11": 0.8175530063232289, "ENV_Test_accuracy_per_mean_user_and_bot_epoch11": 0.8424099384522399, "ENV_Train_TotalLoss_epoch12": 478.74047220366884, "ENV_Train_Right action_epoch12": 0.9048444357476308, "ENV_Train_Probability to choose the right action_epoch12": 0.8658606476036947, "ENV_Train_Weighted right action_epoch12": 0.9048444357476308, "ENV_Train_Weighted probability to choose the right action:_epoch12": 0.8658606476036947, "ENV_Test_TotalLoss_epoch12": 339.48008032016764, "ENV_Test_Right action_epoch12": 0.798144, "ENV_Test_Probability to choose the right action_epoch12": 0.7807414437439655, "ENV_Test_Weighted right action_epoch12": 0.8383631086566262, "ENV_Test_Weighted probability to choose the right action:_epoch12": 0.8214729277182332, "ENV_Test_proba_accuracy_epoch12": 0.7807414437439655, "ENV_Test_proba_accuracy_strategy_132_epoch12": 0.8309083194010737, "ENV_Test_proba_accuracy_strategy_23_epoch12": 0.7774456373471568, "ENV_Test_proba_accuracy_strategy_107_epoch12": 0.8572352942929409, "ENV_Test_proba_accuracy_strategy_43_epoch12": 0.7861282775133556, "ENV_Test_proba_accuracy_strategy_17_epoch12": 0.7510289554709066, "ENV_Test_proba_accuracy_strategy_93_epoch12": 0.7879253632383175, "ENV_Test_proba_accuracy_per_mean_strategy_epoch12": 0.7984453078772918, "ENV_Test_proba_accuracy_per_mean_user_epoch12": 0.7936826428217215, "ENV_Test_proba_accuracy_per_mean_user_and_bot_epoch12": 0.8214729277182341, "ENV_Test_accuracy_epoch12": 0.798144, "ENV_Test_accuracy_strategy_132_epoch12": 0.8419263456090652, "ENV_Test_accuracy_strategy_23_epoch12": 0.7965745677815479, "ENV_Test_accuracy_strategy_107_epoch12": 0.8752052545155994, "ENV_Test_accuracy_strategy_43_epoch12": 0.8059796437659033, "ENV_Test_accuracy_strategy_17_epoch12": 0.7676950998185118, "ENV_Test_accuracy_strategy_93_epoch12": 0.8049907578558225, "ENV_Test_accuracy_per_mean_strategy_epoch12": 0.8153952782244082, "ENV_Test_accuracy_per_mean_user_epoch12": 0.8108706889375091, "ENV_Test_accuracy_per_mean_user_and_bot_epoch12": 0.8383631086566259, "ENV_Train_TotalLoss_epoch13": 453.9534187931152, "ENV_Train_Right action_epoch13": 0.90954584212807, "ENV_Train_Probability to choose the right action_epoch13": 0.8736888914355557, "ENV_Train_Weighted right action_epoch13": 0.90954584212807, "ENV_Train_Weighted probability to choose the right action:_epoch13": 0.8736888914355557, "ENV_Test_TotalLoss_epoch13": 355.4158631289948, "ENV_Test_Right action_epoch13": 0.800064, "ENV_Test_Probability to choose the right action_epoch13": 0.7855827608345722, "ENV_Test_Weighted right action_epoch13": 0.8405155720993518, "ENV_Test_Weighted probability to choose the right action:_epoch13": 0.82669455167764, "ENV_Test_proba_accuracy_epoch13": 0.7855827608345723, "ENV_Test_proba_accuracy_strategy_132_epoch13": 0.8314508714946706, "ENV_Test_proba_accuracy_strategy_23_epoch13": 0.7785887763462236, "ENV_Test_proba_accuracy_strategy_107_epoch13": 0.8511274092858596, "ENV_Test_proba_accuracy_strategy_43_epoch13": 0.8000624632448455, "ENV_Test_proba_accuracy_strategy_17_epoch13": 0.7598198020044736, "ENV_Test_proba_accuracy_strategy_93_epoch13": 0.7977943080717352, "ENV_Test_proba_accuracy_per_mean_strategy_epoch13": 0.8031406050746347, "ENV_Test_proba_accuracy_per_mean_user_epoch13": 0.7974469206541639, "ENV_Test_proba_accuracy_per_mean_user_and_bot_epoch13": 0.8266945516776407, "ENV_Test_accuracy_epoch13": 0.800064, "ENV_Test_accuracy_strategy_132_epoch13": 0.8368271954674221, "ENV_Test_accuracy_strategy_23_epoch13": 0.7910809500727096, "ENV_Test_accuracy_strategy_107_epoch13": 0.8587848932676518, "ENV_Test_accuracy_strategy_43_epoch13": 0.8256997455470738, "ENV_Test_accuracy_strategy_17_epoch13": 0.7788112522686026, "ENV_Test_accuracy_strategy_93_epoch13": 0.8077634011090573, "ENV_Test_accuracy_per_mean_strategy_epoch13": 0.8164945729554196, "ENV_Test_accuracy_per_mean_user_epoch13": 0.810902404968265, "ENV_Test_accuracy_per_mean_user_and_bot_epoch13": 0.8405155720993535, "ENV_Train_TotalLoss_epoch14": 417.85384458913086, "ENV_Train_Right action_epoch14": 0.9186473834975197, "ENV_Train_Probability to choose the right action_epoch14": 0.8845342122029329, "ENV_Train_Weighted right action_epoch14": 0.9186473834975197, "ENV_Train_Weighted probability to choose the right action:_epoch14": 0.8845342122029329, "ENV_Test_TotalLoss_epoch14": 393.4327671537837, "ENV_Test_Right action_epoch14": 0.796672, "ENV_Test_Probability to choose the right action_epoch14": 0.7839216342138414, "ENV_Test_Weighted right action_epoch14": 0.8344514157663603, "ENV_Test_Weighted probability to choose the right action:_epoch14": 0.8251621499259858, "ENV_Test_proba_accuracy_epoch14": 0.7839216342138411, "ENV_Test_proba_accuracy_strategy_132_epoch14": 0.833522398515916, "ENV_Test_proba_accuracy_strategy_23_epoch14": 0.7796167005866054, "ENV_Test_proba_accuracy_strategy_107_epoch14": 0.8602645028250973, "ENV_Test_proba_accuracy_strategy_43_epoch14": 0.7933759682338396, "ENV_Test_proba_accuracy_strategy_17_epoch14": 0.7533425297687136, "ENV_Test_proba_accuracy_strategy_93_epoch14": 0.7955071772417794, "ENV_Test_proba_accuracy_per_mean_strategy_epoch14": 0.8026048795286584, "ENV_Test_proba_accuracy_per_mean_user_epoch14": 0.7950403522233833, "ENV_Test_proba_accuracy_per_mean_user_and_bot_epoch14": 0.8251621499259869, "ENV_Test_accuracy_epoch14": 0.796672, "ENV_Test_accuracy_strategy_132_epoch14": 0.8419263456090652, "ENV_Test_accuracy_strategy_23_epoch14": 0.7954435288414929, "ENV_Test_accuracy_strategy_107_epoch14": 0.8653530377668309, "ENV_Test_accuracy_strategy_43_epoch14": 0.8040712468193384, "ENV_Test_accuracy_strategy_17_epoch14": 0.7638384754990926, "ENV_Test_accuracy_strategy_93_epoch14": 0.8142329020332717, "ENV_Test_accuracy_per_mean_strategy_epoch14": 0.8141442560948486, "ENV_Test_accuracy_per_mean_user_epoch14": 0.8060421069376829, "ENV_Test_accuracy_per_mean_user_and_bot_epoch14": 0.8344514157663614, "ENV_Train_TotalLoss_epoch15": 392.00146868437577, "ENV_Train_Right action_epoch15": 0.9237618641580118, "ENV_Train_Probability to choose the right action_epoch15": 0.8920269883204632, "ENV_Train_Weighted right action_epoch15": 0.9237618641580118, "ENV_Train_Weighted probability to choose the right action:_epoch15": 0.8920269883204632, "ENV_Test_TotalLoss_epoch15": 413.13197086705867, "ENV_Test_Right action_epoch15": 0.789568, "ENV_Test_Probability to choose the right action_epoch15": 0.7789274899717604, "ENV_Test_Weighted right action_epoch15": 0.8337911003845015, "ENV_Test_Weighted probability to choose the right action:_epoch15": 0.8202368615144527, "ENV_Test_proba_accuracy_epoch15": 0.7789274899717602, "ENV_Test_proba_accuracy_strategy_132_epoch15": 0.8300262923709094, "ENV_Test_proba_accuracy_strategy_23_epoch15": 0.7747100925719066, "ENV_Test_proba_accuracy_strategy_107_epoch15": 0.8652506799115468, "ENV_Test_proba_accuracy_strategy_43_epoch15": 0.7873584767907751, "ENV_Test_proba_accuracy_strategy_17_epoch15": 0.7459895346220442, "ENV_Test_proba_accuracy_strategy_93_epoch15": 0.7930478776814838, "ENV_Test_proba_accuracy_per_mean_strategy_epoch15": 0.7993971589914443, "ENV_Test_proba_accuracy_per_mean_user_epoch15": 0.7908376788795954, "ENV_Test_proba_accuracy_per_mean_user_and_bot_epoch15": 0.8202368615144526, "ENV_Test_accuracy_epoch15": 0.789568, "ENV_Test_accuracy_strategy_132_epoch15": 0.8373937677053824, "ENV_Test_accuracy_strategy_23_epoch15": 0.785425755372435, "ENV_Test_accuracy_strategy_107_epoch15": 0.8768472906403941, "ENV_Test_accuracy_strategy_43_epoch15": 0.8002544529262087, "ENV_Test_accuracy_strategy_17_epoch15": 0.756578947368421, "ENV_Test_accuracy_strategy_93_epoch15": 0.8049907578558225, "ENV_Test_accuracy_per_mean_strategy_epoch15": 0.8102484953114439, "ENV_Test_accuracy_per_mean_user_epoch15": 0.8020396848897189, "ENV_Test_accuracy_per_mean_user_and_bot_epoch15": 0.8337911003845022, "ENV_Train_TotalLoss_epoch16": 360.09958573631985, "ENV_Train_Right action_epoch16": 0.9309207307697683, "ENV_Train_Probability to choose the right action_epoch16": 0.9014019858194146, "ENV_Train_Weighted right action_epoch16": 0.9309207307697683, "ENV_Train_Weighted probability to choose the right action:_epoch16": 0.9014019858194146, "ENV_Test_TotalLoss_epoch16": 463.18721019663985, "ENV_Test_Right action_epoch16": 0.78464, "ENV_Test_Probability to choose the right action_epoch16": 0.7762925388245583, "ENV_Test_Weighted right action_epoch16": 0.8218094883026866, "ENV_Test_Weighted probability to choose the right action:_epoch16": 0.8120927730499321, "ENV_Test_proba_accuracy_epoch16": 0.7762925388245585, "ENV_Test_proba_accuracy_strategy_132_epoch16": 0.827170446167113, "ENV_Test_proba_accuracy_strategy_23_epoch16": 0.7747877727016756, "ENV_Test_proba_accuracy_strategy_107_epoch16": 0.8420721972180089, "ENV_Test_proba_accuracy_strategy_43_epoch16": 0.7806718411372733, "ENV_Test_proba_accuracy_strategy_17_epoch16": 0.7454762803572149, "ENV_Test_proba_accuracy_strategy_93_epoch16": 0.7840628560165755, "ENV_Test_proba_accuracy_per_mean_strategy_epoch16": 0.7923735655996436, "ENV_Test_proba_accuracy_per_mean_user_epoch16": 0.7865551522556696, "ENV_Test_proba_accuracy_per_mean_user_and_bot_epoch16": 0.8120927730499328, "ENV_Test_accuracy_epoch16": 0.78464, "ENV_Test_accuracy_strategy_132_epoch16": 0.8328611898016998, "ENV_Test_accuracy_strategy_23_epoch16": 0.7836484084666343, "ENV_Test_accuracy_strategy_107_epoch16": 0.8489326765188834, "ENV_Test_accuracy_strategy_43_epoch16": 0.7907124681933843, "ENV_Test_accuracy_strategy_17_epoch16": 0.7538566243194192, "ENV_Test_accuracy_strategy_93_epoch16": 0.7920517560073937, "ENV_Test_accuracy_per_mean_strategy_epoch16": 0.8003438538845692, "ENV_Test_accuracy_per_mean_user_epoch16": 0.7955633482690597, "ENV_Test_accuracy_per_mean_user_and_bot_epoch16": 0.8218094883026872, "ENV_Train_TotalLoss_epoch17": 338.89751249747275, "ENV_Train_Right action_epoch17": 0.9350004892436293, "ENV_Train_Probability to choose the right action_epoch17": 0.9076082978869057, "ENV_Train_Weighted right action_epoch17": 0.9350004892436293, "ENV_Train_Weighted probability to choose the right action:_epoch17": 0.9076082978869057, "ENV_Test_TotalLoss_epoch17": 467.3159333940652, "ENV_Test_Right action_epoch17": 0.792768, "ENV_Test_Probability to choose the right action_epoch17": 0.781535750915648, "ENV_Test_Weighted right action_epoch17": 0.8311711217260358, "ENV_Test_Weighted probability to choose the right action:_epoch17": 0.81951404700306, "ENV_Test_proba_accuracy_epoch17": 0.7815357509156476, "ENV_Test_proba_accuracy_strategy_132_epoch17": 0.8378923705176511, "ENV_Test_proba_accuracy_strategy_23_epoch17": 0.7759051778339231, "ENV_Test_proba_accuracy_strategy_107_epoch17": 0.8547710246271246, "ENV_Test_proba_accuracy_strategy_43_epoch17": 0.7882775423096631, "ENV_Test_proba_accuracy_strategy_17_epoch17": 0.7512184430854477, "ENV_Test_proba_accuracy_strategy_93_epoch17": 0.7943070063307087, "ENV_Test_proba_accuracy_per_mean_strategy_epoch17": 0.8003952607840864, "ENV_Test_proba_accuracy_per_mean_user_epoch17": 0.7928712248897343, "ENV_Test_proba_accuracy_per_mean_user_and_bot_epoch17": 0.8195140470030605, "ENV_Test_accuracy_epoch17": 0.792768, "ENV_Test_accuracy_strategy_132_epoch17": 0.8481586402266289, "ENV_Test_accuracy_strategy_23_epoch17": 0.7865567943124899, "ENV_Test_accuracy_strategy_107_epoch17": 0.8719211822660099, "ENV_Test_accuracy_strategy_43_epoch17": 0.8015267175572519, "ENV_Test_accuracy_strategy_17_epoch17": 0.7620235934664247, "ENV_Test_accuracy_strategy_93_epoch17": 0.8059149722735675, "ENV_Test_accuracy_per_mean_strategy_epoch17": 0.8126836500170621, "ENV_Test_accuracy_per_mean_user_epoch17": 0.8036716004087705, "ENV_Test_accuracy_per_mean_user_and_bot_epoch17": 0.831171121726035, "ENV_Train_TotalLoss_epoch18": 317.37658045169627, "ENV_Train_Right action_epoch18": 0.940616614490161, "ENV_Train_Probability to choose the right action_epoch18": 0.9140698984740756, "ENV_Train_Weighted right action_epoch18": 0.940616614490161, "ENV_Train_Weighted probability to choose the right action:_epoch18": 0.9140698984740756, "ENV_Test_TotalLoss_epoch18": 470.39990849718754, "ENV_Test_Right action_epoch18": 0.788416, "ENV_Test_Probability to choose the right action_epoch18": 0.7802522996088428, "ENV_Test_Weighted right action_epoch18": 0.8329632663554916, "ENV_Test_Weighted probability to choose the right action:_epoch18": 0.8222680857850204, "ENV_Test_proba_accuracy_epoch18": 0.7802522996088431, "ENV_Test_proba_accuracy_strategy_132_epoch18": 0.8322405890345927, "ENV_Test_proba_accuracy_strategy_23_epoch18": 0.775160312140967, "ENV_Test_proba_accuracy_strategy_107_epoch18": 0.8648621527154031, "ENV_Test_proba_accuracy_strategy_43_epoch18": 0.7939885804161996, "ENV_Test_proba_accuracy_strategy_17_epoch18": 0.74813175897452, "ENV_Test_proba_accuracy_strategy_93_epoch18": 0.7878507180444015, "ENV_Test_proba_accuracy_per_mean_strategy_epoch18": 0.8003723518876807, "ENV_Test_proba_accuracy_per_mean_user_epoch18": 0.7924546210857392, "ENV_Test_proba_accuracy_per_mean_user_and_bot_epoch18": 0.8222680857850216, "ENV_Test_accuracy_epoch18": 0.788416, "ENV_Test_accuracy_strategy_132_epoch18": 0.8356940509915014, "ENV_Test_accuracy_strategy_23_epoch18": 0.7831636774923251, "ENV_Test_accuracy_strategy_107_epoch18": 0.8752052545155994, "ENV_Test_accuracy_strategy_43_epoch18": 0.8015267175572519, "ENV_Test_accuracy_strategy_17_epoch18": 0.7568058076225045, "ENV_Test_accuracy_strategy_93_epoch18": 0.8022181146025879, "ENV_Test_accuracy_per_mean_strategy_epoch18": 0.8091022704636283, "ENV_Test_accuracy_per_mean_user_epoch18": 0.8012713632470503, "ENV_Test_accuracy_per_mean_user_and_bot_epoch18": 0.8329632663554907, "ENV_Train_TotalLoss_epoch19": 294.8997304634914, "ENV_Train_Right action_epoch19": 0.9455129997204361, "ENV_Train_Probability to choose the right action_epoch19": 0.9208053262469301, "ENV_Train_Weighted right action_epoch19": 0.9455129997204361, "ENV_Train_Weighted probability to choose the right action:_epoch19": 0.9208053262469301, "ENV_Test_TotalLoss_epoch19": 499.01372629373975, "ENV_Test_Right action_epoch19": 0.789184, "ENV_Test_Probability to choose the right action_epoch19": 0.7817874884018381, "ENV_Test_Weighted right action_epoch19": 0.8275325966589412, "ENV_Test_Weighted probability to choose the right action:_epoch19": 0.8217511394230068, "ENV_Test_proba_accuracy_epoch19": 0.7817874884018383, "ENV_Test_proba_accuracy_strategy_132_epoch19": 0.8324615857920286, "ENV_Test_proba_accuracy_strategy_23_epoch19": 0.7758124032867102, "ENV_Test_proba_accuracy_strategy_107_epoch19": 0.8570639405716446, "ENV_Test_proba_accuracy_strategy_43_epoch19": 0.7891405429690894, "ENV_Test_proba_accuracy_strategy_17_epoch19": 0.7552673473642182, "ENV_Test_proba_accuracy_strategy_93_epoch19": 0.7882925165224877, "ENV_Test_proba_accuracy_per_mean_strategy_epoch19": 0.7996730560843632, "ENV_Test_proba_accuracy_per_mean_user_epoch19": 0.7936378239407842, "ENV_Test_proba_accuracy_per_mean_user_and_bot_epoch19": 0.8217511394230064, "ENV_Test_accuracy_epoch19": 0.789184, "ENV_Test_accuracy_strategy_132_epoch19": 0.8385269121813032, "ENV_Test_accuracy_strategy_23_epoch19": 0.7833252544837616, "ENV_Test_accuracy_strategy_107_epoch19": 0.8555008210180624, "ENV_Test_accuracy_strategy_43_epoch19": 0.7989821882951654, "ENV_Test_accuracy_strategy_17_epoch19": 0.7624773139745916, "ENV_Test_accuracy_strategy_93_epoch19": 0.7994454713493531, "ENV_Test_accuracy_per_mean_strategy_epoch19": 0.8063763268837062, "ENV_Test_accuracy_per_mean_user_epoch19": 0.8003624947045058, "ENV_Test_accuracy_per_mean_user_and_bot_epoch19": 0.8275325966589413, "ENV_Train_TotalLoss_epoch20": 272.88834569115477, "ENV_Train_Right action_epoch20": 0.9491397503808578, "ENV_Train_Probability to choose the right action_epoch20": 0.9266984816630941, "ENV_Train_Weighted right action_epoch20": 0.9491397503808578, "ENV_Train_Weighted probability to choose the right action:_epoch20": 0.9266984816630941, "ENV_Test_TotalLoss_epoch20": 510.61512822556205, "ENV_Test_Right action_epoch20": 0.79264, "ENV_Test_Probability to choose the right action_epoch20": 0.7842378421299459, "ENV_Test_Weighted right action_epoch20": 0.8310811976848821, "ENV_Test_Weighted probability to choose the right action:_epoch20": 0.8248970513594067, "ENV_Test_proba_accuracy_epoch20": 0.7842378421299455, "ENV_Test_proba_accuracy_strategy_132_epoch20": 0.8276282226995302, "ENV_Test_proba_accuracy_strategy_23_epoch20": 0.7804957540510097, "ENV_Test_proba_accuracy_strategy_107_epoch20": 0.8651714460242037, "ENV_Test_proba_accuracy_strategy_43_epoch20": 0.7863944824469049, "ENV_Test_proba_accuracy_strategy_17_epoch20": 0.7560670361876387, "ENV_Test_proba_accuracy_strategy_93_epoch20": 0.8009419739774878, "ENV_Test_proba_accuracy_per_mean_strategy_epoch20": 0.8027831525644625, "ENV_Test_proba_accuracy_per_mean_user_epoch20": 0.7951679253452376, "ENV_Test_proba_accuracy_per_mean_user_and_bot_epoch20": 0.8248970513594076, "ENV_Test_accuracy_epoch20": 0.79264, "ENV_Test_accuracy_strategy_132_epoch20": 0.8294617563739377, "ENV_Test_accuracy_strategy_23_epoch20": 0.7889804491840362, "ENV_Test_accuracy_strategy_107_epoch20": 0.8719211822660099, "ENV_Test_accuracy_strategy_43_epoch20": 0.7938931297709924, "ENV_Test_accuracy_strategy_17_epoch20": 0.7681488203266787, "ENV_Test_accuracy_strategy_93_epoch20": 0.8068391866913124, "ENV_Test_accuracy_per_mean_strategy_epoch20": 0.8098740874354946, "ENV_Test_accuracy_per_mean_user_epoch20": 0.8028765634797935, "ENV_Test_accuracy_per_mean_user_and_bot_epoch20": 0.8310811976848834, "ENV_Train_TotalLoss_epoch21": 256.71708347238507, "ENV_Train_Right action_epoch21": 0.9535341960367814, "ENV_Train_Probability to choose the right action_epoch21": 0.9316397304244372, "ENV_Train_Weighted right action_epoch21": 0.9535341960367814, "ENV_Train_Weighted probability to choose the right action:_epoch21": 0.9316397304244372, "ENV_Test_TotalLoss_epoch21": 610.6980188124337, "ENV_Test_Right action_epoch21": 0.791552, "ENV_Test_Probability to choose the right action_epoch21": 0.7875106114300701, "ENV_Test_Weighted right action_epoch21": 0.8310219405993067, "ENV_Test_Weighted probability to choose the right action:_epoch21": 0.8261209381122493, "ENV_Test_proba_accuracy_epoch21": 0.7875106114300691, "ENV_Test_proba_accuracy_strategy_132_epoch21": 0.8334128455486228, "ENV_Test_proba_accuracy_strategy_23_epoch21": 0.7850716411759512, "ENV_Test_proba_accuracy_strategy_107_epoch21": 0.8627571358894817, "ENV_Test_proba_accuracy_strategy_43_epoch21": 0.7938157827802823, "ENV_Test_proba_accuracy_strategy_17_epoch21": 0.757685842415234, "ENV_Test_proba_accuracy_strategy_93_epoch21": 0.7965753644268936, "ENV_Test_proba_accuracy_per_mean_strategy_epoch21": 0.8048864353727444, "ENV_Test_proba_accuracy_per_mean_user_epoch21": 0.7973832654256758, "ENV_Test_proba_accuracy_per_mean_user_and_bot_epoch21": 0.8261209381122492, "ENV_Test_accuracy_epoch21": 0.791552, "ENV_Test_accuracy_strategy_132_epoch21": 0.8373937677053824, "ENV_Test_accuracy_strategy_23_epoch21": 0.7875262562611084, "ENV_Test_accuracy_strategy_107_epoch21": 0.8637110016420362, "ENV_Test_accuracy_strategy_43_epoch21": 0.7989821882951654, "ENV_Test_accuracy_strategy_17_epoch21": 0.7633847549909256, "ENV_Test_accuracy_strategy_93_epoch21": 0.8031423290203327, "ENV_Test_accuracy_per_mean_strategy_epoch21": 0.8090233829858251, "ENV_Test_accuracy_per_mean_user_epoch21": 0.8010560811949691, "ENV_Test_accuracy_per_mean_user_and_bot_epoch21": 0.8310219405993076, "ENV_Train_TotalLoss_epoch22": 241.2994353711613, "ENV_Train_Right action_epoch22": 0.9573531261793936, "ENV_Train_Probability to choose the right action_epoch22": 0.9371756644461144, "ENV_Train_Weighted right action_epoch22": 0.9573531261793936, "ENV_Train_Weighted probability to choose the right action:_epoch22": 0.9371756644461144, "ENV_Test_TotalLoss_epoch22": 593.0829390344777, "ENV_Test_Right action_epoch22": 0.79072, "ENV_Test_Probability to choose the right action_epoch22": 0.7852789790676566, "ENV_Test_Weighted right action_epoch22": 0.8273395600852893, "ENV_Test_Weighted probability to choose the right action:_epoch22": 0.8228509374392731, "ENV_Test_proba_accuracy_epoch22": 0.7852789790676561, "ENV_Test_proba_accuracy_strategy_132_epoch22": 0.833783135747618, "ENV_Test_proba_accuracy_strategy_23_epoch22": 0.7840763745976044, "ENV_Test_proba_accuracy_strategy_107_epoch22": 0.8585119343732811, "ENV_Test_proba_accuracy_strategy_43_epoch22": 0.7883806473520475, "ENV_Test_proba_accuracy_strategy_17_epoch22": 0.7563784143316383, "ENV_Test_proba_accuracy_strategy_93_epoch22": 0.7850498474199631, "ENV_Test_proba_accuracy_per_mean_strategy_epoch22": 0.8010300589703587, "ENV_Test_proba_accuracy_per_mean_user_epoch22": 0.7963772776102692, "ENV_Test_proba_accuracy_per_mean_user_and_bot_epoch22": 0.8228509374392745, "ENV_Test_accuracy_epoch22": 0.79072, "ENV_Test_accuracy_strategy_132_epoch22": 0.8385269121813032, "ENV_Test_accuracy_strategy_23_epoch22": 0.7888188721925998, "ENV_Test_accuracy_strategy_107_epoch22": 0.8653530377668309, "ENV_Test_accuracy_strategy_43_epoch22": 0.7932569974554707, "ENV_Test_accuracy_strategy_17_epoch22": 0.7627041742286751, "ENV_Test_accuracy_strategy_93_epoch22": 0.7920517560073937, "ENV_Test_accuracy_per_mean_strategy_epoch22": 0.8067852916387123, "ENV_Test_accuracy_per_mean_user_epoch22": 0.8009403250250423, "ENV_Test_accuracy_per_mean_user_and_bot_epoch22": 0.8273395600852899, "ENV_Train_TotalLoss_epoch23": 222.60096944533473, "ENV_Train_Right action_epoch23": 0.9595259391771019, "ENV_Train_Probability to choose the right action_epoch23": 0.9413645569201826, "ENV_Train_Weighted right action_epoch23": 0.9595259391771019, "ENV_Train_Weighted probability to choose the right action:_epoch23": 0.9413645569201826, "ENV_Test_TotalLoss_epoch23": 633.9013965404213, "ENV_Test_Right action_epoch23": 0.78848, "ENV_Test_Probability to choose the right action_epoch23": 0.7826289934838269, "ENV_Test_Weighted right action_epoch23": 0.8233770620476103, "ENV_Test_Weighted probability to choose the right action:_epoch23": 0.8201781301274045, "ENV_Test_proba_accuracy_epoch23": 0.7826289934838273, "ENV_Test_proba_accuracy_strategy_132_epoch23": 0.8287831251771247, "ENV_Test_proba_accuracy_strategy_23_epoch23": 0.7796407993249068, "ENV_Test_proba_accuracy_strategy_107_epoch23": 0.8509140165848127, "ENV_Test_proba_accuracy_strategy_43_epoch23": 0.7910811762643316, "ENV_Test_proba_accuracy_strategy_17_epoch23": 0.7537399680202558, "ENV_Test_proba_accuracy_strategy_93_epoch23": 0.791411160817339, "ENV_Test_proba_accuracy_per_mean_strategy_epoch23": 0.7992617076981284, "ENV_Test_proba_accuracy_per_mean_user_epoch23": 0.7937666195631049, "ENV_Test_proba_accuracy_per_mean_user_and_bot_epoch23": 0.8201781301274044, "ENV_Test_accuracy_epoch23": 0.78848, "ENV_Test_accuracy_strategy_132_epoch23": 0.8311614730878187, "ENV_Test_accuracy_strategy_23_epoch23": 0.785425755372435, "ENV_Test_accuracy_strategy_107_epoch23": 0.8522167487684729, "ENV_Test_accuracy_strategy_43_epoch23": 0.7951653944020356, "ENV_Test_accuracy_strategy_17_epoch23": 0.7620235934664247, "ENV_Test_accuracy_strategy_93_epoch23": 0.7985212569316081, "ENV_Test_accuracy_per_mean_strategy_epoch23": 0.8040857036714658, "ENV_Test_accuracy_per_mean_user_epoch23": 0.7986734264772283, "ENV_Test_accuracy_per_mean_user_and_bot_epoch23": 0.8233770620476102, "ENV_Train_TotalLoss_epoch24": 215.4907615608166, "ENV_Train_Right action_epoch24": 0.961507820034383, "ENV_Train_Probability to choose the right action_epoch24": 0.9439915898162972, "ENV_Train_Weighted right action_epoch24": 0.961507820034383, "ENV_Train_Weighted probability to choose the right action:_epoch24": 0.9439915898162972, "ENV_Test_TotalLoss_epoch24": 712.705098082258, "ENV_Test_Right action_epoch24": 0.789632, "ENV_Test_Probability to choose the right action_epoch24": 0.786171376809525, "ENV_Test_Weighted right action_epoch24": 0.8286145926141214, "ENV_Test_Weighted probability to choose the right action:_epoch24": 0.8248864521134361, "ENV_Test_proba_accuracy_epoch24": 0.7861713768095251, "ENV_Test_proba_accuracy_strategy_132_epoch24": 0.8273231559467016, "ENV_Test_proba_accuracy_strategy_23_epoch24": 0.7846753229672825, "ENV_Test_proba_accuracy_strategy_107_epoch24": 0.8589915123075426, "ENV_Test_proba_accuracy_strategy_43_epoch24": 0.782188684360172, "ENV_Test_proba_accuracy_strategy_17_epoch24": 0.7616675682674514, "ENV_Test_proba_accuracy_strategy_93_epoch24": 0.7922271116691124, "ENV_Test_proba_accuracy_per_mean_strategy_epoch24": 0.8011788925863771, "ENV_Test_proba_accuracy_per_mean_user_epoch24": 0.7985995255122078, "ENV_Test_proba_accuracy_per_mean_user_and_bot_epoch24": 0.824886452113436, "ENV_Test_accuracy_epoch24": 0.789632, "ENV_Test_accuracy_strategy_132_epoch24": 0.8288951841359773, "ENV_Test_accuracy_strategy_23_epoch24": 0.7886572952011633, "ENV_Test_accuracy_strategy_107_epoch24": 0.8637110016420362, "ENV_Test_accuracy_strategy_43_epoch24": 0.7811704834605598, "ENV_Test_accuracy_strategy_17_epoch24": 0.7651996370235935, "ENV_Test_accuracy_strategy_93_epoch24": 0.8012939001848429, "ENV_Test_accuracy_per_mean_strategy_epoch24": 0.8048212502746953, "ENV_Test_accuracy_per_mean_user_epoch24": 0.8025588940735551, "ENV_Test_accuracy_per_mean_user_and_bot_epoch24": 0.8286145926141216, "_wandb": {"runtime": 2246}}