{"ENV_Train_TotalLoss": 1027.417788683739, "ENV_Train_TotalLoss_epoch0": 1212.718177439532, "ENV_Train_Right action": 0.7916689963656696, "ENV_Train_Right action_epoch0": 0.7394579786713629, "ENV_Train_Probability to choose the right action": 0.7086542910398207, "ENV_Train_Probability to choose the right action_epoch0": 0.6433180350343966, "ENV_Train_Weighted right action": 0.7916689963656696, "ENV_Train_Weighted right action_epoch0": 0.7394579786713629, "ENV_Train_Weighted probability to choose the right action:": 0.7086542910398207, "ENV_Train_Weighted probability to choose the right action:_epoch0": 0.6433180350343966, "_timestamp": 1720502237.55642, "_runtime": 3610.7412860393524, "_step": 49, "ENV_Test_TotalLoss": 245.80698153356394, "ENV_Test_TotalLoss_epoch0": 241.20066026885152, "ENV_Test_Right action": 0.75424, "ENV_Test_Right action_epoch0": 0.759424, "ENV_Test_Probability to choose the right action": 0.6904966208804483, "ENV_Test_Probability to choose the right action_epoch0": 0.7020950860088335, "ENV_Test_Weighted right action": 0.8127724864072673, "ENV_Test_Weighted right action_epoch0": 0.8175702552976637, "ENV_Test_Weighted probability to choose the right action:": 0.7411110918425385, "ENV_Test_Weighted probability to choose the right action:_epoch0": 0.757907764912336, "ENV_Test_proba_accuracy": 0.6904966208804489, "ENV_Test_proba_accuracy_epoch0": 0.7020950860088332, "ENV_Test_proba_accuracy_strategy_132": 0.751734745071392, "ENV_Test_proba_accuracy_strategy_132_epoch0": 0.7628133994032522, "ENV_Test_proba_accuracy_strategy_23": 0.6837828944173922, "ENV_Test_proba_accuracy_strategy_23_epoch0": 0.689323276381378, "ENV_Test_proba_accuracy_strategy_107": 0.7704580244181731, "ENV_Test_proba_accuracy_strategy_107_epoch0": 0.7964415956369438, "ENV_Test_proba_accuracy_strategy_43": 0.699882642654632, "ENV_Test_proba_accuracy_strategy_43_epoch0": 0.7202938859305159, "ENV_Test_proba_accuracy_strategy_17": 0.658552448500774, "ENV_Test_proba_accuracy_strategy_17_epoch0": 0.6709733148138892, "ENV_Test_proba_accuracy_strategy_93": 0.7005008304451104, "ENV_Test_proba_accuracy_strategy_93_epoch0": 0.7233484466650968, "ENV_Test_proba_accuracy_per_mean_strategy": 0.7108185975845789, "ENV_Test_proba_accuracy_per_mean_strategy_epoch0": 0.727198986471846, "ENV_Test_proba_accuracy_per_mean_user": 0.7083587325228041, "ENV_Test_proba_accuracy_per_mean_user_epoch0": 0.7209670644171186, "ENV_Test_proba_accuracy_per_mean_user_and_bot": 0.7411110918425377, "ENV_Test_proba_accuracy_per_mean_user_and_bot_epoch0": 0.7579077649123358, "ENV_Test_accuracy": 0.75424, "ENV_Test_accuracy_epoch0": 0.759424, "ENV_Test_accuracy_strategy_132": 0.8152974504249292, "ENV_Test_accuracy_strategy_132_epoch0": 0.8181303116147309, "ENV_Test_accuracy_strategy_23": 0.7479398933591856, "ENV_Test_accuracy_strategy_23_epoch0": 0.7476167393763128, "ENV_Test_accuracy_strategy_107": 0.8522167487684729, "ENV_Test_accuracy_strategy_107_epoch0": 0.8604269293924466, "ENV_Test_accuracy_strategy_43": 0.7748091603053435, "ENV_Test_accuracy_strategy_43_epoch0": 0.7760814249363868, "ENV_Test_accuracy_strategy_17": 0.7146098003629764, "ENV_Test_accuracy_strategy_17_epoch0": 0.7266333938294011, "ENV_Test_accuracy_strategy_93": 0.767097966728281, "ENV_Test_accuracy_strategy_93_epoch0": 0.7837338262476895, "ENV_Test_accuracy_per_mean_strategy": 0.7786618366581982, "ENV_Test_accuracy_per_mean_strategy_epoch0": 0.785437104232828, "ENV_Test_accuracy_per_mean_user": 0.7737556421226431, "ENV_Test_accuracy_per_mean_user_epoch0": 0.7795826402502926, "ENV_Test_accuracy_per_mean_user_and_bot": 0.8127724864072677, "ENV_Test_accuracy_per_mean_user_and_bot_epoch0": 0.8175702552976645, "ENV_Train_TotalLoss_epoch1": 1057.0155743681257, "ENV_Train_Right action_epoch1": 0.782829271019678, "ENV_Train_Probability to choose the right action_epoch1": 0.698947184551978, "ENV_Train_Weighted right action_epoch1": 0.782829271019678, "ENV_Train_Weighted probability to choose the right action:_epoch1": 0.698947184551978, "ENV_Test_TotalLoss_epoch1": 239.28833321932646, "ENV_Test_Right action_epoch1": 0.759552, "ENV_Test_Probability to choose the right action_epoch1": 0.7041893701832539, "ENV_Test_Weighted right action_epoch1": 0.8239538551345843, "ENV_Test_Weighted probability to choose the right action:_epoch1": 0.7577640484923992, "ENV_Test_proba_accuracy_epoch1": 0.7041893701832543, "ENV_Test_proba_accuracy_strategy_132_epoch1": 0.7634151286047467, "ENV_Test_proba_accuracy_strategy_23_epoch1": 0.6940418679777206, "ENV_Test_proba_accuracy_strategy_107_epoch1": 0.7856804077895614, "ENV_Test_proba_accuracy_strategy_43_epoch1": 0.7216613909366622, "ENV_Test_proba_accuracy_strategy_17_epoch1": 0.6733255985734952, "ENV_Test_proba_accuracy_strategy_93_epoch1": 0.7201069988942838, "ENV_Test_proba_accuracy_per_mean_strategy_epoch1": 0.7263718987960782, "ENV_Test_proba_accuracy_per_mean_user_epoch1": 0.7221001637977502, "ENV_Test_proba_accuracy_per_mean_user_and_bot_epoch1": 0.7577640484923996, "ENV_Test_accuracy_epoch1": 0.759552, "ENV_Test_accuracy_strategy_132_epoch1": 0.8209631728045326, "ENV_Test_accuracy_strategy_23_epoch1": 0.7479398933591856, "ENV_Test_accuracy_strategy_107_epoch1": 0.8669950738916257, "ENV_Test_accuracy_strategy_43_epoch1": 0.7868956743002544, "ENV_Test_accuracy_strategy_17_epoch1": 0.721415607985481, "ENV_Test_accuracy_strategy_93_epoch1": 0.7809611829944547, "ENV_Test_accuracy_per_mean_strategy_epoch1": 0.787528434222589, "ENV_Test_accuracy_per_mean_user_epoch1": 0.7800625004799786, "ENV_Test_accuracy_per_mean_user_and_bot_epoch1": 0.8239538551345846, "ENV_Train_TotalLoss_epoch2": 1026.655001014145, "ENV_Train_Right action_epoch2": 0.7903969807100922, "ENV_Train_Probability to choose the right action_epoch2": 0.7087025838288833, "ENV_Train_Weighted right action_epoch2": 0.7903969807100922, "ENV_Train_Weighted probability to choose the right action:_epoch2": 0.7087025838288833, "ENV_Test_TotalLoss_epoch2": 243.1410906165144, "ENV_Test_Right action_epoch2": 0.76736, "ENV_Test_Probability to choose the right action_epoch2": 0.720128922822625, "ENV_Test_Weighted right action_epoch2": 0.8259186218211244, "ENV_Test_Weighted probability to choose the right action:_epoch2": 0.7765136153443358, "ENV_Test_proba_accuracy_epoch2": 0.7201289228226252, "ENV_Test_proba_accuracy_strategy_132_epoch2": 0.778043013041752, "ENV_Test_proba_accuracy_strategy_23_epoch2": 0.7088741392561343, "ENV_Test_proba_accuracy_strategy_107_epoch2": 0.8188931684538967, "ENV_Test_proba_accuracy_strategy_43_epoch2": 0.7418070262938558, "ENV_Test_proba_accuracy_strategy_17_epoch2": 0.6874077289957793, "ENV_Test_proba_accuracy_strategy_93_epoch2": 0.7362537882558718, "ENV_Test_proba_accuracy_per_mean_strategy_epoch2": 0.7452131440495483, "ENV_Test_proba_accuracy_per_mean_user_epoch2": 0.7384534608126171, "ENV_Test_proba_accuracy_per_mean_user_and_bot_epoch2": 0.7765136153443362, "ENV_Test_accuracy_epoch2": 0.76736, "ENV_Test_accuracy_strategy_132_epoch2": 0.8254957507082153, "ENV_Test_accuracy_strategy_23_epoch2": 0.7560187429310066, "ENV_Test_accuracy_strategy_107_epoch2": 0.8637110016420362, "ENV_Test_accuracy_strategy_43_epoch2": 0.7907124681933843, "ENV_Test_accuracy_strategy_17_epoch2": 0.7361615245009074, "ENV_Test_accuracy_strategy_93_epoch2": 0.7763401109057301, "ENV_Test_accuracy_per_mean_strategy_epoch2": 0.7914065998135467, "ENV_Test_accuracy_per_mean_user_epoch2": 0.7874744362042836, "ENV_Test_accuracy_per_mean_user_and_bot_epoch2": 0.8259186218211244, "ENV_Train_TotalLoss_epoch3": 1013.7403866896377, "ENV_Train_Right action_epoch3": 0.7935979871400615, "ENV_Train_Probability to choose the right action_epoch3": 0.7131944994305751, "ENV_Train_Weighted right action_epoch3": 0.7935979871400615, "ENV_Train_Weighted probability to choose the right action:_epoch3": 0.7131944994305751, "ENV_Test_TotalLoss_epoch3": 243.73351123610985, "ENV_Test_Right action_epoch3": 0.767168, "ENV_Test_Probability to choose the right action_epoch3": 0.7148470839500727, "ENV_Test_Weighted right action_epoch3": 0.8272931488932036, "ENV_Test_Weighted probability to choose the right action:_epoch3": 0.7662068767149559, "ENV_Test_proba_accuracy_epoch3": 0.7148470839500726, "ENV_Test_proba_accuracy_strategy_132_epoch3": 0.7705678779403962, "ENV_Test_proba_accuracy_strategy_23_epoch3": 0.7075515627052947, "ENV_Test_proba_accuracy_strategy_107_epoch3": 0.8009562779963476, "ENV_Test_proba_accuracy_strategy_43_epoch3": 0.7263580561185008, "ENV_Test_proba_accuracy_strategy_17_epoch3": 0.6842246667857872, "ENV_Test_proba_accuracy_strategy_93_epoch3": 0.7252469425713538, "ENV_Test_proba_accuracy_per_mean_strategy_epoch3": 0.7358175640196135, "ENV_Test_proba_accuracy_per_mean_user_epoch3": 0.7335402316914774, "ENV_Test_proba_accuracy_per_mean_user_and_bot_epoch3": 0.766206876714957, "ENV_Test_accuracy_epoch3": 0.767168, "ENV_Test_accuracy_strategy_132_epoch3": 0.8254957507082153, "ENV_Test_accuracy_strategy_23_epoch3": 0.754241396025206, "ENV_Test_accuracy_strategy_107_epoch3": 0.8719211822660099, "ENV_Test_accuracy_strategy_43_epoch3": 0.7926208651399491, "ENV_Test_accuracy_strategy_17_epoch3": 0.734573502722323, "ENV_Test_accuracy_strategy_93_epoch3": 0.7828096118299446, "ENV_Test_accuracy_per_mean_strategy_epoch3": 0.7936103847819412, "ENV_Test_accuracy_per_mean_user_epoch3": 0.789798721308147, "ENV_Test_accuracy_per_mean_user_and_bot_epoch3": 0.8272931488932026, "ENV_Train_TotalLoss_epoch4": 1017.2546899987758, "ENV_Train_Right action_epoch4": 0.7923631687817968, "ENV_Train_Probability to choose the right action_epoch4": 0.7113374229898608, "ENV_Train_Weighted right action_epoch4": 0.7923631687817968, "ENV_Train_Weighted probability to choose the right action:_epoch4": 0.7113374229898608, "ENV_Test_TotalLoss_epoch4": 238.23623089248997, "ENV_Test_Right action_epoch4": 0.77024, "ENV_Test_Probability to choose the right action_epoch4": 0.721487999037284, "ENV_Test_Weighted right action_epoch4": 0.8262706275272378, "ENV_Test_Weighted probability to choose the right action:_epoch4": 0.7771606049672637, "ENV_Test_proba_accuracy_epoch4": 0.7214879990372842, "ENV_Test_proba_accuracy_strategy_132_epoch4": 0.7773163190288728, "ENV_Test_proba_accuracy_strategy_23_epoch4": 0.7121960938417932, "ENV_Test_proba_accuracy_strategy_107_epoch4": 0.817752617586871, "ENV_Test_proba_accuracy_strategy_43_epoch4": 0.741639161991486, "ENV_Test_proba_accuracy_strategy_17_epoch4": 0.6888990681690786, "ENV_Test_proba_accuracy_strategy_93_epoch4": 0.7328741754477159, "ENV_Test_proba_accuracy_per_mean_strategy_epoch4": 0.7451129060109696, "ENV_Test_proba_accuracy_per_mean_user_epoch4": 0.7398347141185705, "ENV_Test_proba_accuracy_per_mean_user_and_bot_epoch4": 0.7771606049672636, "ENV_Test_accuracy_epoch4": 0.77024, "ENV_Test_accuracy_strategy_132_epoch4": 0.8243626062322946, "ENV_Test_accuracy_strategy_23_epoch4": 0.7623202455970269, "ENV_Test_accuracy_strategy_107_epoch4": 0.8719211822660099, "ENV_Test_accuracy_strategy_43_epoch4": 0.7900763358778626, "ENV_Test_accuracy_strategy_17_epoch4": 0.7372958257713249, "ENV_Test_accuracy_strategy_93_epoch4": 0.7754158964879853, "ENV_Test_accuracy_per_mean_strategy_epoch4": 0.7935653487054174, "ENV_Test_accuracy_per_mean_user_epoch4": 0.790432679394784, "ENV_Test_accuracy_per_mean_user_and_bot_epoch4": 0.8262706275272382, "ENV_Train_TotalLoss_epoch5": 1013.4665381210582, "ENV_Train_Right action_epoch5": 0.7916928710186855, "ENV_Train_Probability to choose the right action_epoch5": 0.7128821726380211, "ENV_Train_Weighted right action_epoch5": 0.7916928710186855, "ENV_Train_Weighted probability to choose the right action:_epoch5": 0.7128821726380211, "ENV_Test_TotalLoss_epoch5": 246.2271518034018, "ENV_Test_Right action_epoch5": 0.765248, "ENV_Test_Probability to choose the right action_epoch5": 0.7176236161326481, "ENV_Test_Weighted right action_epoch5": 0.8234345653715376, "ENV_Test_Weighted probability to choose the right action:_epoch5": 0.7739202648555602, "ENV_Test_proba_accuracy_epoch5": 0.7176236161326481, "ENV_Test_proba_accuracy_strategy_132_epoch5": 0.7814809616809681, "ENV_Test_proba_accuracy_strategy_23_epoch5": 0.7038177810767697, "ENV_Test_proba_accuracy_strategy_107_epoch5": 0.8215864011135346, "ENV_Test_proba_accuracy_strategy_43_epoch5": 0.735602319669008, "ENV_Test_proba_accuracy_strategy_17_epoch5": 0.6884404517595911, "ENV_Test_proba_accuracy_strategy_93_epoch5": 0.726680574369213, "ENV_Test_proba_accuracy_per_mean_strategy_epoch5": 0.7429347482781808, "ENV_Test_proba_accuracy_per_mean_user_epoch5": 0.7361884861677283, "ENV_Test_proba_accuracy_per_mean_user_and_bot_epoch5": 0.7739202648555595, "ENV_Test_accuracy_epoch5": 0.765248, "ENV_Test_accuracy_strategy_132_epoch5": 0.8345609065155808, "ENV_Test_accuracy_strategy_23_epoch5": 0.7508482792050412, "ENV_Test_accuracy_strategy_107_epoch5": 0.8752052545155994, "ENV_Test_accuracy_strategy_43_epoch5": 0.7748091603053435, "ENV_Test_accuracy_strategy_17_epoch5": 0.7386569872958257, "ENV_Test_accuracy_strategy_93_epoch5": 0.767097966728281, "ENV_Test_accuracy_per_mean_strategy_epoch5": 0.7901964257609454, "ENV_Test_accuracy_per_mean_user_epoch5": 0.7853184149280994, "ENV_Test_accuracy_per_mean_user_and_bot_epoch5": 0.8234345653715375, "ENV_Train_TotalLoss_epoch6": 1008.924426863757, "ENV_Train_Right action_epoch6": 0.7927805805162318, "ENV_Train_Probability to choose the right action_epoch6": 0.7134708933480135, "ENV_Train_Weighted right action_epoch6": 0.7927805805162318, "ENV_Train_Weighted probability to choose the right action:_epoch6": 0.7134708933480135, "ENV_Test_TotalLoss_epoch6": 235.06179555527194, "ENV_Test_Right action_epoch6": 0.77088, "ENV_Test_Probability to choose the right action_epoch6": 0.724019951665814, "ENV_Test_Weighted right action_epoch6": 0.8297998368458755, "ENV_Test_Weighted probability to choose the right action:_epoch6": 0.7784934926025499, "ENV_Test_proba_accuracy_epoch6": 0.7240199516658145, "ENV_Test_proba_accuracy_strategy_132_epoch6": 0.7784242538337798, "ENV_Test_proba_accuracy_strategy_23_epoch6": 0.7148594148355915, "ENV_Test_proba_accuracy_strategy_107_epoch6": 0.8221948128434058, "ENV_Test_proba_accuracy_strategy_43_epoch6": 0.7444111864838459, "ENV_Test_proba_accuracy_strategy_17_epoch6": 0.691370126653522, "ENV_Test_proba_accuracy_strategy_93_epoch6": 0.735801731868105, "ENV_Test_proba_accuracy_per_mean_strategy_epoch6": 0.7478435877530417, "ENV_Test_proba_accuracy_per_mean_user_epoch6": 0.7422931771499742, "ENV_Test_proba_accuracy_per_mean_user_and_bot_epoch6": 0.7784934926025502, "ENV_Test_accuracy_epoch6": 0.77088, "ENV_Test_accuracy_strategy_132_epoch6": 0.8141643059490085, "ENV_Test_accuracy_strategy_23_epoch6": 0.7608660526740992, "ENV_Test_accuracy_strategy_107_epoch6": 0.8784893267651889, "ENV_Test_accuracy_strategy_43_epoch6": 0.7907124681933843, "ENV_Test_accuracy_strategy_17_epoch6": 0.7438747731397459, "ENV_Test_accuracy_strategy_93_epoch6": 0.7781885397412199, "ENV_Test_accuracy_per_mean_strategy_epoch6": 0.7943825777437744, "ENV_Test_accuracy_per_mean_user_epoch6": 0.7899687637477939, "ENV_Test_accuracy_per_mean_user_and_bot_epoch6": 0.8297998368458753, "ENV_Train_TotalLoss_epoch7": 1015.1743911340848, "ENV_Train_Right action_epoch7": 0.7922560805143976, "ENV_Train_Probability to choose the right action_epoch7": 0.712094002462353, "ENV_Train_Weighted right action_epoch7": 0.7922560805143976, "ENV_Train_Weighted probability to choose the right action:_epoch7": 0.712094002462353, "ENV_Test_TotalLoss_epoch7": 231.92635106729736, "ENV_Test_Right action_epoch7": 0.76512, "ENV_Test_Probability to choose the right action_epoch7": 0.7052156382145514, "ENV_Test_Weighted right action_epoch7": 0.8216929711681212, "ENV_Test_Weighted probability to choose the right action:_epoch7": 0.7613420588594875, "ENV_Test_proba_accuracy_epoch7": 0.7052156382145514, "ENV_Test_proba_accuracy_strategy_132_epoch7": 0.7623798329361064, "ENV_Test_proba_accuracy_strategy_23_epoch7": 0.6927863927742616, "ENV_Test_proba_accuracy_strategy_107_epoch7": 0.8012393573231439, "ENV_Test_proba_accuracy_strategy_43_epoch7": 0.7301314220657841, "ENV_Test_proba_accuracy_strategy_17_epoch7": 0.6722907059424963, "ENV_Test_proba_accuracy_strategy_93_epoch7": 0.72695024140342, "ENV_Test_proba_accuracy_per_mean_strategy_epoch7": 0.7309629920742021, "ENV_Test_proba_accuracy_per_mean_user_epoch7": 0.7226905446007255, "ENV_Test_proba_accuracy_per_mean_user_and_bot_epoch7": 0.7613420588594877, "ENV_Test_accuracy_epoch7": 0.76512, "ENV_Test_accuracy_strategy_132_epoch7": 0.8186968838526912, "ENV_Test_accuracy_strategy_23_epoch7": 0.7566650508967523, "ENV_Test_accuracy_strategy_107_epoch7": 0.8637110016420362, "ENV_Test_accuracy_strategy_43_epoch7": 0.789440203562341, "ENV_Test_accuracy_strategy_17_epoch7": 0.7286751361161524, "ENV_Test_accuracy_strategy_93_epoch7": 0.7837338262476895, "ENV_Test_accuracy_per_mean_strategy_epoch7": 0.7901536837196105, "ENV_Test_accuracy_per_mean_user_epoch7": 0.7831976750308042, "ENV_Test_accuracy_per_mean_user_and_bot_epoch7": 0.821692971168122, "ENV_Train_TotalLoss_epoch8": 1012.3010293307074, "ENV_Train_Right action_epoch8": 0.7933910856504122, "ENV_Train_Probability to choose the right action_epoch8": 0.7133037143110753, "ENV_Train_Weighted right action_epoch8": 0.7933910856504122, "ENV_Train_Weighted probability to choose the right action:_epoch8": 0.7133037143110753, "ENV_Test_TotalLoss_epoch8": 233.7311335896101, "ENV_Test_Right action_epoch8": 0.769664, "ENV_Test_Probability to choose the right action_epoch8": 0.7196235609308259, "ENV_Test_Weighted right action_epoch8": 0.8259915095818431, "ENV_Test_Weighted probability to choose the right action:_epoch8": 0.7720232251229348, "ENV_Test_proba_accuracy_epoch8": 0.7196235609308251, "ENV_Test_proba_accuracy_strategy_132_epoch8": 0.7784140401403382, "ENV_Test_proba_accuracy_strategy_23_epoch8": 0.7106824563796611, "ENV_Test_proba_accuracy_strategy_107_epoch8": 0.8110247819690549, "ENV_Test_proba_accuracy_strategy_43_epoch8": 0.7353953286842653, "ENV_Test_proba_accuracy_strategy_17_epoch8": 0.6872810284197949, "ENV_Test_proba_accuracy_strategy_93_epoch8": 0.7322673881492132, "ENV_Test_proba_accuracy_per_mean_strategy_epoch8": 0.7425108372903879, "ENV_Test_proba_accuracy_per_mean_user_epoch8": 0.7365893101377827, "ENV_Test_proba_accuracy_per_mean_user_and_bot_epoch8": 0.772023225122935, "ENV_Test_accuracy_epoch8": 0.769664, "ENV_Test_accuracy_strategy_132_epoch8": 0.8311614730878187, "ENV_Test_accuracy_strategy_23_epoch8": 0.7589271287768622, "ENV_Test_accuracy_strategy_107_epoch8": 0.8686371100164204, "ENV_Test_accuracy_strategy_43_epoch8": 0.7868956743002544, "ENV_Test_accuracy_strategy_17_epoch8": 0.7363883847549909, "ENV_Test_accuracy_strategy_93_epoch8": 0.7855822550831792, "ENV_Test_accuracy_per_mean_strategy_epoch8": 0.7945986710032543, "ENV_Test_accuracy_per_mean_user_epoch8": 0.7882547622278301, "ENV_Test_accuracy_per_mean_user_and_bot_epoch8": 0.8259915095818439, "ENV_Train_TotalLoss_epoch9": 1007.8340987086369, "ENV_Train_Right action_epoch9": 0.7938076600503216, "ENV_Train_Probability to choose the right action_epoch9": 0.7146504112577773, "ENV_Train_Weighted right action_epoch9": 0.7938076600503216, "ENV_Train_Weighted probability to choose the right action:_epoch9": 0.7146504112577773, "ENV_Test_TotalLoss_epoch9": 235.16121819405694, "ENV_Test_Right action_epoch9": 0.772416, "ENV_Test_Probability to choose the right action_epoch9": 0.721805426502094, "ENV_Test_Weighted right action_epoch9": 0.8303300587924867, "ENV_Test_Weighted probability to choose the right action:_epoch9": 0.7725392829325658, "ENV_Test_proba_accuracy_epoch9": 0.7218054265020929, "ENV_Test_proba_accuracy_strategy_132_epoch9": 0.7757820137275507, "ENV_Test_proba_accuracy_strategy_23_epoch9": 0.7162055701737421, "ENV_Test_proba_accuracy_strategy_107_epoch9": 0.8102748769306798, "ENV_Test_proba_accuracy_strategy_43_epoch9": 0.7402314158400679, "ENV_Test_proba_accuracy_strategy_17_epoch9": 0.6886340294019616, "ENV_Test_proba_accuracy_strategy_93_epoch9": 0.7243606965855509, "ENV_Test_proba_accuracy_per_mean_strategy_epoch9": 0.7425814337765922, "ENV_Test_proba_accuracy_per_mean_user_epoch9": 0.7387665540987419, "ENV_Test_proba_accuracy_per_mean_user_and_bot_epoch9": 0.7725392829325658, "ENV_Test_accuracy_epoch9": 0.772416, "ENV_Test_accuracy_strategy_132_epoch9": 0.8322946175637393, "ENV_Test_accuracy_strategy_23_epoch9": 0.7652286314428826, "ENV_Test_accuracy_strategy_107_epoch9": 0.8719211822660099, "ENV_Test_accuracy_strategy_43_epoch9": 0.8021628498727735, "ENV_Test_accuracy_strategy_17_epoch9": 0.7320780399274047, "ENV_Test_accuracy_strategy_93_epoch9": 0.7809611829944547, "ENV_Test_accuracy_per_mean_strategy_epoch9": 0.7974410840112108, "ENV_Test_accuracy_per_mean_user_epoch9": 0.7910620103149149, "ENV_Test_accuracy_per_mean_user_and_bot_epoch9": 0.8303300587924871, "ENV_Train_TotalLoss_epoch10": 1007.9464818698218, "ENV_Train_Right action_epoch10": 0.7924098406485882, "ENV_Train_Probability to choose the right action_epoch10": 0.7143319497646641, "ENV_Train_Weighted right action_epoch10": 0.7924098406485882, "ENV_Train_Weighted probability to choose the right action:_epoch10": 0.7143319497646641, "ENV_Test_TotalLoss_epoch10": 229.6255260780864, "ENV_Test_Right action_epoch10": 0.767168, "ENV_Test_Probability to choose the right action_epoch10": 0.7087348987818872, "ENV_Test_Weighted right action_epoch10": 0.8309367567082785, "ENV_Test_Weighted probability to choose the right action:_epoch10": 0.7613355058092476, "ENV_Test_proba_accuracy_epoch10": 0.7087348987818882, "ENV_Test_proba_accuracy_strategy_132_epoch10": 0.7683287500533615, "ENV_Test_proba_accuracy_strategy_23_epoch10": 0.7010064003279786, "ENV_Test_proba_accuracy_strategy_107_epoch10": 0.8059091186499583, "ENV_Test_proba_accuracy_strategy_43_epoch10": 0.7268823262848773, "ENV_Test_proba_accuracy_strategy_17_epoch10": 0.6738567829515288, "ENV_Test_proba_accuracy_strategy_93_epoch10": 0.7167611539417471, "ENV_Test_proba_accuracy_per_mean_strategy_epoch10": 0.7321240887015753, "ENV_Test_proba_accuracy_per_mean_user_epoch10": 0.7261539929926374, "ENV_Test_proba_accuracy_per_mean_user_and_bot_epoch10": 0.7613355058092472, "ENV_Test_accuracy_epoch10": 0.767168, "ENV_Test_accuracy_strategy_132_epoch10": 0.8328611898016998, "ENV_Test_accuracy_strategy_23_epoch10": 0.755372434965261, "ENV_Test_accuracy_strategy_107_epoch10": 0.8834154351395731, "ENV_Test_accuracy_strategy_43_epoch10": 0.8008905852417303, "ENV_Test_accuracy_strategy_17_epoch10": 0.7261796733212341, "ENV_Test_accuracy_strategy_93_epoch10": 0.7800369685767098, "ENV_Test_accuracy_per_mean_strategy_epoch10": 0.7964593811743681, "ENV_Test_accuracy_per_mean_user_epoch10": 0.7898515224984554, "ENV_Test_accuracy_per_mean_user_and_bot_epoch10": 0.8309367567082782, "ENV_Train_TotalLoss_epoch11": 1013.8315287434339, "ENV_Train_Right action_epoch11": 0.7923987643449211, "ENV_Train_Probability to choose the right action_epoch11": 0.712439604019167, "ENV_Train_Weighted right action_epoch11": 0.7923987643449211, "ENV_Train_Weighted probability to choose the right action:_epoch11": 0.712439604019167, "ENV_Test_TotalLoss_epoch11": 237.3538011545895, "ENV_Test_Right action_epoch11": 0.765824, "ENV_Test_Probability to choose the right action_epoch11": 0.7135419190904068, "ENV_Test_Weighted right action_epoch11": 0.8235948032322369, "ENV_Test_Weighted probability to choose the right action:_epoch11": 0.7687351097290023, "ENV_Test_proba_accuracy_epoch11": 0.7135419190904063, "ENV_Test_proba_accuracy_strategy_132_epoch11": 0.7761300982681631, "ENV_Test_proba_accuracy_strategy_23_epoch11": 0.7049069430645756, "ENV_Test_proba_accuracy_strategy_107_epoch11": 0.8091844890788549, "ENV_Test_proba_accuracy_strategy_43_epoch11": 0.733161038901564, "ENV_Test_proba_accuracy_strategy_17_epoch11": 0.6783749020945813, "ENV_Test_proba_accuracy_strategy_93_epoch11": 0.7217696083941179, "ENV_Test_proba_accuracy_per_mean_strategy_epoch11": 0.7372545133003094, "ENV_Test_proba_accuracy_per_mean_user_epoch11": 0.7310656697485749, "ENV_Test_proba_accuracy_per_mean_user_and_bot_epoch11": 0.7687351097290014, "ENV_Test_accuracy_epoch11": 0.765824, "ENV_Test_accuracy_strategy_132_epoch11": 0.830028328611898, "ENV_Test_accuracy_strategy_23_epoch11": 0.7587655517854257, "ENV_Test_accuracy_strategy_107_epoch11": 0.8784893267651889, "ENV_Test_accuracy_strategy_43_epoch11": 0.7843511450381679, "ENV_Test_accuracy_strategy_17_epoch11": 0.7257259528130672, "ENV_Test_accuracy_strategy_93_epoch11": 0.7744916820702403, "ENV_Test_accuracy_per_mean_strategy_epoch11": 0.7919753311806647, "ENV_Test_accuracy_per_mean_user_epoch11": 0.7826869315897463, "ENV_Test_accuracy_per_mean_user_and_bot_epoch11": 0.8235948032322378, "ENV_Train_TotalLoss_epoch12": 1013.7114156963513, "ENV_Train_Right action_epoch12": 0.7923291882073494, "ENV_Train_Probability to choose the right action_epoch12": 0.7132700477082633, "ENV_Train_Weighted right action_epoch12": 0.7923291882073494, "ENV_Train_Weighted probability to choose the right action:_epoch12": 0.7132700477082633, "ENV_Test_TotalLoss_epoch12": 233.58031491979102, "ENV_Test_Right action_epoch12": 0.77312, "ENV_Test_Probability to choose the right action_epoch12": 0.7085528428676854, "ENV_Test_Weighted right action_epoch12": 0.8260756894349952, "ENV_Test_Weighted probability to choose the right action:_epoch12": 0.7547663609045595, "ENV_Test_proba_accuracy_epoch12": 0.7085528428676856, "ENV_Test_proba_accuracy_strategy_132_epoch12": 0.7652124806144747, "ENV_Test_proba_accuracy_strategy_23_epoch12": 0.6988715588243568, "ENV_Test_proba_accuracy_strategy_107_epoch12": 0.7914000818938012, "ENV_Test_proba_accuracy_strategy_43_epoch12": 0.7240441409328185, "ENV_Test_proba_accuracy_strategy_17_epoch12": 0.6809353349186192, "ENV_Test_proba_accuracy_strategy_93_epoch12": 0.7148789909594323, "ENV_Test_proba_accuracy_per_mean_strategy_epoch12": 0.7292237646905838, "ENV_Test_proba_accuracy_per_mean_user_epoch12": 0.7230878538341925, "ENV_Test_proba_accuracy_per_mean_user_and_bot_epoch12": 0.7547663609045587, "ENV_Test_accuracy_epoch12": 0.77312, "ENV_Test_accuracy_strategy_132_epoch12": 0.8356940509915014, "ENV_Test_accuracy_strategy_23_epoch12": 0.7594118597511714, "ENV_Test_accuracy_strategy_107_epoch12": 0.8719211822660099, "ENV_Test_accuracy_strategy_43_epoch12": 0.794529262086514, "ENV_Test_accuracy_strategy_17_epoch12": 0.7443284936479129, "ENV_Test_accuracy_strategy_93_epoch12": 0.7800369685767098, "ENV_Test_accuracy_per_mean_strategy_epoch12": 0.7976536362199699, "ENV_Test_accuracy_per_mean_user_epoch12": 0.7911830976822978, "ENV_Test_accuracy_per_mean_user_and_bot_epoch12": 0.8260756894349941, "ENV_Train_TotalLoss_epoch13": 1010.921982430676, "ENV_Train_Right action_epoch13": 0.7925598814947316, "ENV_Train_Probability to choose the right action_epoch13": 0.7129497359831606, "ENV_Train_Weighted right action_epoch13": 0.7925598814947316, "ENV_Train_Weighted probability to choose the right action:_epoch13": 0.7129497359831606, "ENV_Test_TotalLoss_epoch13": 233.92274815353252, "ENV_Test_Right action_epoch13": 0.770304, "ENV_Test_Probability to choose the right action_epoch13": 0.7035545494266014, "ENV_Test_Weighted right action_epoch13": 0.8257542621161635, "ENV_Test_Weighted probability to choose the right action:_epoch13": 0.7572484805735795, "ENV_Test_proba_accuracy_epoch13": 0.7035545494266014, "ENV_Test_proba_accuracy_strategy_132_epoch13": 0.7657336803798824, "ENV_Test_proba_accuracy_strategy_23_epoch13": 0.6932229700948109, "ENV_Test_proba_accuracy_strategy_107_epoch13": 0.7956037317350474, "ENV_Test_proba_accuracy_strategy_43_epoch13": 0.7192745039076439, "ENV_Test_proba_accuracy_strategy_17_epoch13": 0.6718793027336639, "ENV_Test_proba_accuracy_strategy_93_epoch13": 0.7156162363991881, "ENV_Test_proba_accuracy_per_mean_strategy_epoch13": 0.7268884042083728, "ENV_Test_proba_accuracy_per_mean_user_epoch13": 0.720622949529463, "ENV_Test_proba_accuracy_per_mean_user_and_bot_epoch13": 0.7572484805735799, "ENV_Test_accuracy_epoch13": 0.770304, "ENV_Test_accuracy_strategy_132_epoch13": 0.826628895184136, "ENV_Test_accuracy_strategy_23_epoch13": 0.7586039747939893, "ENV_Test_accuracy_strategy_107_epoch13": 0.8604269293924466, "ENV_Test_accuracy_strategy_43_epoch13": 0.7951653944020356, "ENV_Test_accuracy_strategy_17_epoch13": 0.7379764065335753, "ENV_Test_accuracy_strategy_93_epoch13": 0.7902033271719039, "ENV_Test_accuracy_per_mean_strategy_epoch13": 0.794834154579681, "ENV_Test_accuracy_per_mean_user_epoch13": 0.7882176324713486, "ENV_Test_accuracy_per_mean_user_and_bot_epoch13": 0.8257542621161635, "ENV_Train_TotalLoss_epoch14": 1006.4123040870633, "ENV_Train_Right action_epoch14": 0.7927684910829094, "ENV_Train_Probability to choose the right action_epoch14": 0.7148691712307875, "ENV_Train_Weighted right action_epoch14": 0.7927684910829094, "ENV_Train_Weighted probability to choose the right action:_epoch14": 0.7148691712307875, "ENV_Test_TotalLoss_epoch14": 233.0813383402856, "ENV_Test_Right action_epoch14": 0.766144, "ENV_Test_Probability to choose the right action_epoch14": 0.7134096828560594, "ENV_Test_Weighted right action_epoch14": 0.8238846532372808, "ENV_Test_Weighted probability to choose the right action:_epoch14": 0.7628460268425135, "ENV_Test_proba_accuracy_epoch14": 0.7134096828560593, "ENV_Test_proba_accuracy_strategy_132_epoch14": 0.7728786899470925, "ENV_Test_proba_accuracy_strategy_23_epoch14": 0.7081698170742917, "ENV_Test_proba_accuracy_strategy_107_epoch14": 0.8000266469985009, "ENV_Test_proba_accuracy_strategy_43_epoch14": 0.729201182366821, "ENV_Test_proba_accuracy_strategy_17_epoch14": 0.6765674531259661, "ENV_Test_proba_accuracy_strategy_93_epoch14": 0.7247713391076958, "ENV_Test_proba_accuracy_per_mean_strategy_epoch14": 0.7352691881033947, "ENV_Test_proba_accuracy_per_mean_user_epoch14": 0.7293299045953487, "ENV_Test_proba_accuracy_per_mean_user_and_bot_epoch14": 0.7628460268425137, "ENV_Test_accuracy_epoch14": 0.766144, "ENV_Test_accuracy_strategy_132_epoch14": 0.8351274787535411, "ENV_Test_accuracy_strategy_23_epoch14": 0.7621586686055906, "ENV_Test_accuracy_strategy_107_epoch14": 0.8702791461412152, "ENV_Test_accuracy_strategy_43_epoch14": 0.787531806615776, "ENV_Test_accuracy_strategy_17_epoch14": 0.7184664246823956, "ENV_Test_accuracy_strategy_93_epoch14": 0.7809611829944547, "ENV_Test_accuracy_per_mean_strategy_epoch14": 0.7924207846321621, "ENV_Test_accuracy_per_mean_user_epoch14": 0.7849054104119096, "ENV_Test_accuracy_per_mean_user_and_bot_epoch14": 0.8238846532372808, "ENV_Train_TotalLoss_epoch15": 1002.2311710388195, "ENV_Train_Right action_epoch15": 0.7943758036562867, "ENV_Train_Probability to choose the right action_epoch15": 0.7159429232111616, "ENV_Train_Weighted right action_epoch15": 0.7943758036562867, "ENV_Train_Weighted probability to choose the right action:_epoch15": 0.7159429232111616, "ENV_Test_TotalLoss_epoch15": 235.82064954781075, "ENV_Test_Right action_epoch15": 0.764416, "ENV_Test_Probability to choose the right action_epoch15": 0.7116929794781127, "ENV_Test_Weighted right action_epoch15": 0.8231029936897655, "ENV_Test_Weighted probability to choose the right action:_epoch15": 0.7644766750384951, "ENV_Test_proba_accuracy_epoch15": 0.7116929794781123, "ENV_Test_proba_accuracy_strategy_132_epoch15": 0.7727953044797782, "ENV_Test_proba_accuracy_strategy_23_epoch15": 0.704770381485388, "ENV_Test_proba_accuracy_strategy_107_epoch15": 0.8008694252833009, "ENV_Test_proba_accuracy_strategy_43_epoch15": 0.7318680188531362, "ENV_Test_proba_accuracy_strategy_17_epoch15": 0.6747658255163749, "ENV_Test_proba_accuracy_strategy_93_epoch15": 0.7225521593482344, "ENV_Test_proba_accuracy_per_mean_strategy_epoch15": 0.7346035191610354, "ENV_Test_proba_accuracy_per_mean_user_epoch15": 0.7291456879924634, "ENV_Test_proba_accuracy_per_mean_user_and_bot_epoch15": 0.7644766750384957, "ENV_Test_accuracy_epoch15": 0.764416, "ENV_Test_accuracy_strategy_132_epoch15": 0.8271954674220963, "ENV_Test_accuracy_strategy_23_epoch15": 0.7602197447083535, "ENV_Test_accuracy_strategy_107_epoch15": 0.8571428571428571, "ENV_Test_accuracy_strategy_43_epoch15": 0.7958015267175572, "ENV_Test_accuracy_strategy_17_epoch15": 0.7177858439201452, "ENV_Test_accuracy_strategy_93_epoch15": 0.7781885397412199, "ENV_Test_accuracy_per_mean_strategy_epoch15": 0.789388996608705, "ENV_Test_accuracy_per_mean_user_epoch15": 0.7846293113433783, "ENV_Test_accuracy_per_mean_user_and_bot_epoch15": 0.8231029936897654, "ENV_Train_TotalLoss_epoch16": 1023.2478288136859, "ENV_Train_Right action_epoch16": 0.7874145618718812, "ENV_Train_Probability to choose the right action_epoch16": 0.7093026936816021, "ENV_Train_Weighted right action_epoch16": 0.7874145618718812, "ENV_Train_Weighted probability to choose the right action:_epoch16": 0.7093026936816021, "ENV_Test_TotalLoss_epoch16": 236.5174798935783, "ENV_Test_Right action_epoch16": 0.766656, "ENV_Test_Probability to choose the right action_epoch16": 0.7120076579120175, "ENV_Test_Weighted right action_epoch16": 0.8266716488081406, "ENV_Test_Weighted probability to choose the right action:_epoch16": 0.7673488626853903, "ENV_Test_proba_accuracy_epoch16": 0.7120076579120171, "ENV_Test_proba_accuracy_strategy_132_epoch16": 0.7744931948232214, "ENV_Test_proba_accuracy_strategy_23_epoch16": 0.7066010983458029, "ENV_Test_proba_accuracy_strategy_107_epoch16": 0.8052773684818448, "ENV_Test_proba_accuracy_strategy_43_epoch16": 0.7313758159457766, "ENV_Test_proba_accuracy_strategy_17_epoch16": 0.6730911413246676, "ENV_Test_proba_accuracy_strategy_93_epoch16": 0.7189117535293618, "ENV_Test_proba_accuracy_per_mean_strategy_epoch16": 0.7349583954084459, "ENV_Test_proba_accuracy_per_mean_user_epoch16": 0.7297673465519773, "ENV_Test_proba_accuracy_per_mean_user_and_bot_epoch16": 0.7673488626853904, "ENV_Test_accuracy_epoch16": 0.766656, "ENV_Test_accuracy_strategy_132_epoch16": 0.8351274787535411, "ENV_Test_accuracy_strategy_23_epoch16": 0.757311358862498, "ENV_Test_accuracy_strategy_107_epoch16": 0.8587848932676518, "ENV_Test_accuracy_strategy_43_epoch16": 0.7938931297709924, "ENV_Test_accuracy_strategy_17_epoch16": 0.7316243194192378, "ENV_Test_accuracy_strategy_93_epoch16": 0.7597042513863216, "ENV_Test_accuracy_per_mean_strategy_epoch16": 0.7894075719100404, "ENV_Test_accuracy_per_mean_user_epoch16": 0.7878740717620983, "ENV_Test_accuracy_per_mean_user_and_bot_epoch16": 0.8266716488081407, "ENV_Train_TotalLoss_epoch17": 1018.9516493667774, "ENV_Train_Right action_epoch17": 0.7892338444764394, "ENV_Train_Probability to choose the right action_epoch17": 0.7105945714018198, "ENV_Train_Weighted right action_epoch17": 0.7892338444764394, "ENV_Train_Weighted probability to choose the right action:_epoch17": 0.7105945714018198, "ENV_Test_TotalLoss_epoch17": 235.98898454185607, "ENV_Test_Right action_epoch17": 0.76992, "ENV_Test_Probability to choose the right action_epoch17": 0.7211403906815325, "ENV_Test_Weighted right action_epoch17": 0.8241282108188639, "ENV_Test_Weighted probability to choose the right action:_epoch17": 0.7733971248761229, "ENV_Test_proba_accuracy_epoch17": 0.7211403906815324, "ENV_Test_proba_accuracy_strategy_132_epoch17": 0.7788456183460315, "ENV_Test_proba_accuracy_strategy_23_epoch17": 0.714213426923393, "ENV_Test_proba_accuracy_strategy_107_epoch17": 0.8142942101044689, "ENV_Test_proba_accuracy_strategy_43_epoch17": 0.739697729293015, "ENV_Test_proba_accuracy_strategy_17_epoch17": 0.6848872626027808, "ENV_Test_proba_accuracy_strategy_93_epoch17": 0.734931729051774, "ENV_Test_proba_accuracy_per_mean_strategy_epoch17": 0.7444783293869105, "ENV_Test_proba_accuracy_per_mean_user_epoch17": 0.7370673030054439, "ENV_Test_proba_accuracy_per_mean_user_and_bot_epoch17": 0.7733971248761228, "ENV_Test_accuracy_epoch17": 0.76992, "ENV_Test_accuracy_strategy_132_epoch17": 0.8277620396600567, "ENV_Test_accuracy_strategy_23_epoch17": 0.7650670544514461, "ENV_Test_accuracy_strategy_107_epoch17": 0.8702791461412152, "ENV_Test_accuracy_strategy_43_epoch17": 0.794529262086514, "ENV_Test_accuracy_strategy_17_epoch17": 0.728448275862069, "ENV_Test_accuracy_strategy_93_epoch17": 0.7800369685767098, "ENV_Test_accuracy_per_mean_strategy_epoch17": 0.7943537911296685, "ENV_Test_accuracy_per_mean_user_epoch17": 0.7860939794776187, "ENV_Test_accuracy_per_mean_user_and_bot_epoch17": 0.8241282108188646, "ENV_Train_TotalLoss_epoch18": 1012.9891580854833, "ENV_Train_Right action_epoch18": 0.791671908416153, "ENV_Train_Probability to choose the right action_epoch18": 0.7131025875120621, "ENV_Train_Weighted right action_epoch18": 0.791671908416153, "ENV_Train_Weighted probability to choose the right action:_epoch18": 0.7131025875120621, "ENV_Test_TotalLoss_epoch18": 238.98218564550288, "ENV_Test_Right action_epoch18": 0.767488, "ENV_Test_Probability to choose the right action_epoch18": 0.7144116070648567, "ENV_Test_Weighted right action_epoch18": 0.8215979160982576, "ENV_Test_Weighted probability to choose the right action:_epoch18": 0.7620364980325086, "ENV_Test_proba_accuracy_epoch18": 0.714411607064856, "ENV_Test_proba_accuracy_strategy_132_epoch18": 0.7745532300018273, "ENV_Test_proba_accuracy_strategy_23_epoch18": 0.7093196163129364, "ENV_Test_proba_accuracy_strategy_107_epoch18": 0.7988115561148483, "ENV_Test_proba_accuracy_strategy_43_epoch18": 0.7294467572361213, "ENV_Test_proba_accuracy_strategy_17_epoch18": 0.6794121843750807, "ENV_Test_proba_accuracy_strategy_93_epoch18": 0.7186694596117426, "ENV_Test_proba_accuracy_per_mean_strategy_epoch18": 0.7350354672754261, "ENV_Test_proba_accuracy_per_mean_user_epoch18": 0.7292306511566045, "ENV_Test_proba_accuracy_per_mean_user_and_bot_epoch18": 0.7620364980325087, "ENV_Test_accuracy_epoch18": 0.767488, "ENV_Test_accuracy_strategy_132_epoch18": 0.8288951841359773, "ENV_Test_accuracy_strategy_23_epoch18": 0.7613507836484085, "ENV_Test_accuracy_strategy_107_epoch18": 0.8587848932676518, "ENV_Test_accuracy_strategy_43_epoch18": 0.7881679389312977, "ENV_Test_accuracy_strategy_17_epoch18": 0.728448275862069, "ENV_Test_accuracy_strategy_93_epoch18": 0.7800369685767098, "ENV_Test_accuracy_per_mean_strategy_epoch18": 0.7909473407370191, "ENV_Test_accuracy_per_mean_user_epoch18": 0.7866389549006465, "ENV_Test_accuracy_per_mean_user_and_bot_epoch18": 0.8215979160982569, "ENV_Train_TotalLoss_epoch19": 1015.3617132002281, "ENV_Train_Right action_epoch19": 0.7923887522361359, "ENV_Train_Probability to choose the right action_epoch19": 0.7124506085199589, "ENV_Train_Weighted right action_epoch19": 0.7923887522361359, "ENV_Train_Weighted probability to choose the right action:_epoch19": 0.7124506085199589, "ENV_Test_TotalLoss_epoch19": 238.23926731980626, "ENV_Test_Right action_epoch19": 0.770688, "ENV_Test_Probability to choose the right action_epoch19": 0.7085394172097247, "ENV_Test_Weighted right action_epoch19": 0.824499954175588, "ENV_Test_Weighted probability to choose the right action:_epoch19": 0.7604371490505705, "ENV_Test_proba_accuracy_epoch19": 0.7085394172097254, "ENV_Test_proba_accuracy_strategy_132_epoch19": 0.7692562368762612, "ENV_Test_proba_accuracy_strategy_23_epoch19": 0.7003792377019775, "ENV_Test_proba_accuracy_strategy_107_epoch19": 0.7960647195081125, "ENV_Test_proba_accuracy_strategy_43_epoch19": 0.727124626165304, "ENV_Test_proba_accuracy_strategy_17_epoch19": 0.6754569496918723, "ENV_Test_proba_accuracy_strategy_93_epoch19": 0.7146825073232412, "ENV_Test_proba_accuracy_per_mean_strategy_epoch19": 0.7304940462111281, "ENV_Test_proba_accuracy_per_mean_user_epoch19": 0.7250213275888212, "ENV_Test_proba_accuracy_per_mean_user_and_bot_epoch19": 0.7604371490505692, "ENV_Test_accuracy_epoch19": 0.770688, "ENV_Test_accuracy_strategy_132_epoch19": 0.8424929178470255, "ENV_Test_accuracy_strategy_23_epoch19": 0.7608660526740992, "ENV_Test_accuracy_strategy_107_epoch19": 0.8505747126436781, "ENV_Test_accuracy_strategy_43_epoch19": 0.7907124681933843, "ENV_Test_accuracy_strategy_17_epoch19": 0.735934664246824, "ENV_Test_accuracy_strategy_93_epoch19": 0.777264325323475, "ENV_Test_accuracy_per_mean_strategy_epoch19": 0.7929741901547477, "ENV_Test_accuracy_per_mean_user_epoch19": 0.7884263397449853, "ENV_Test_accuracy_per_mean_user_and_bot_epoch19": 0.8244999541755882, "ENV_Train_TotalLoss_epoch20": 1027.0611079798953, "ENV_Train_Right action_epoch20": 0.7866817629051872, "ENV_Train_Probability to choose the right action_epoch20": 0.7075059315495301, "ENV_Train_Weighted right action_epoch20": 0.7866817629051872, "ENV_Train_Weighted probability to choose the right action:_epoch20": 0.7075059315495301, "ENV_Test_TotalLoss_epoch20": 238.4442952130544, "ENV_Test_Right action_epoch20": 0.767616, "ENV_Test_Probability to choose the right action_epoch20": 0.7049848031335445, "ENV_Test_Weighted right action_epoch20": 0.8228933155091951, "ENV_Test_Weighted probability to choose the right action:_epoch20": 0.7562394374860794, "ENV_Test_proba_accuracy_epoch20": 0.7049848031335447, "ENV_Test_proba_accuracy_strategy_132_epoch20": 0.7637329293437647, "ENV_Test_proba_accuracy_strategy_23_epoch20": 0.6970558921683444, "ENV_Test_proba_accuracy_strategy_107_epoch20": 0.785041528762936, "ENV_Test_proba_accuracy_strategy_43_epoch20": 0.7260182759101586, "ENV_Test_proba_accuracy_strategy_17_epoch20": 0.6709642062279215, "ENV_Test_proba_accuracy_strategy_93_epoch20": 0.7174850002217487, "ENV_Test_proba_accuracy_per_mean_strategy_epoch20": 0.7267163054391457, "ENV_Test_proba_accuracy_per_mean_user_epoch20": 0.7210055133587822, "ENV_Test_proba_accuracy_per_mean_user_and_bot_epoch20": 0.75623943748608, "ENV_Test_accuracy_epoch20": 0.767616, "ENV_Test_accuracy_strategy_132_epoch20": 0.8311614730878187, "ENV_Test_accuracy_strategy_23_epoch20": 0.7582808208111165, "ENV_Test_accuracy_strategy_107_epoch20": 0.8522167487684729, "ENV_Test_accuracy_strategy_43_epoch20": 0.8015267175572519, "ENV_Test_accuracy_strategy_17_epoch20": 0.7304900181488203, "ENV_Test_accuracy_strategy_93_epoch20": 0.7717190388170055, "ENV_Test_accuracy_per_mean_strategy_epoch20": 0.7908991361984143, "ENV_Test_accuracy_per_mean_user_epoch20": 0.7859684216086347, "ENV_Test_accuracy_per_mean_user_and_bot_epoch20": 0.8228933155091952, "ENV_Train_TotalLoss_epoch21": 1019.9045905649303, "ENV_Train_Right action_epoch21": 0.7900408094812165, "ENV_Train_Probability to choose the right action_epoch21": 0.7107406697143718, "ENV_Train_Weighted right action_epoch21": 0.7900408094812165, "ENV_Train_Weighted probability to choose the right action:_epoch21": 0.7107406697143718, "ENV_Test_TotalLoss_epoch21": 239.27452256338856, "ENV_Test_Right action_epoch21": 0.771584, "ENV_Test_Probability to choose the right action_epoch21": 0.6991008883564375, "ENV_Test_Weighted right action_epoch21": 0.824937393749945, "ENV_Test_Weighted probability to choose the right action:_epoch21": 0.7467262870558985, "ENV_Test_proba_accuracy_epoch21": 0.6991008883564372, "ENV_Test_proba_accuracy_strategy_132_epoch21": 0.7563414226699058, "ENV_Test_proba_accuracy_strategy_23_epoch21": 0.6934063324774145, "ENV_Test_proba_accuracy_strategy_107_epoch21": 0.7703822573106943, "ENV_Test_proba_accuracy_strategy_43_epoch21": 0.7124857731097379, "ENV_Test_proba_accuracy_strategy_17_epoch21": 0.6668898735535814, "ENV_Test_proba_accuracy_strategy_93_epoch21": 0.7099593208866185, "ENV_Test_proba_accuracy_per_mean_strategy_epoch21": 0.7182441633346589, "ENV_Test_proba_accuracy_per_mean_user_epoch21": 0.7149214399816223, "ENV_Test_proba_accuracy_per_mean_user_and_bot_epoch21": 0.7467262870558987, "ENV_Test_accuracy_epoch21": 0.771584, "ENV_Test_accuracy_strategy_132_epoch21": 0.828328611898017, "ENV_Test_accuracy_strategy_23_epoch21": 0.767329132331556, "ENV_Test_accuracy_strategy_107_epoch21": 0.8620689655172413, "ENV_Test_accuracy_strategy_43_epoch21": 0.789440203562341, "ENV_Test_accuracy_strategy_17_epoch21": 0.7332123411978222, "ENV_Test_accuracy_strategy_93_epoch21": 0.7828096118299446, "ENV_Test_accuracy_per_mean_strategy_epoch21": 0.7938648110561536, "ENV_Test_accuracy_per_mean_user_epoch21": 0.7903459082815134, "ENV_Test_accuracy_per_mean_user_and_bot_epoch21": 0.8249373937499448, "ENV_Train_TotalLoss_epoch22": 1029.0217929830721, "ENV_Train_Right action_epoch22": 0.7875162476065354, "ENV_Train_Probability to choose the right action_epoch22": 0.7071561298028002, "ENV_Train_Weighted right action_epoch22": 0.7875162476065354, "ENV_Train_Weighted probability to choose the right action:_epoch22": 0.7071561298028002, "ENV_Test_TotalLoss_epoch22": 242.3366970803043, "ENV_Test_Right action_epoch22": 0.766144, "ENV_Test_Probability to choose the right action_epoch22": 0.6974849200911981, "ENV_Test_Weighted right action_epoch22": 0.8186275872004596, "ENV_Test_Weighted probability to choose the right action:_epoch22": 0.7431229381066228, "ENV_Test_proba_accuracy_epoch22": 0.6974849200911982, "ENV_Test_proba_accuracy_strategy_132_epoch22": 0.7534550187624138, "ENV_Test_proba_accuracy_strategy_23_epoch22": 0.6927542613308811, "ENV_Test_proba_accuracy_strategy_107_epoch22": 0.7715167012204667, "ENV_Test_proba_accuracy_strategy_43_epoch22": 0.7104128317346202, "ENV_Test_proba_accuracy_strategy_17_epoch22": 0.6640542979411397, "ENV_Test_proba_accuracy_strategy_93_epoch22": 0.7089867440645626, "ENV_Test_proba_accuracy_per_mean_strategy_epoch22": 0.7168633091756808, "ENV_Test_proba_accuracy_per_mean_user_epoch22": 0.7136550204056826, "ENV_Test_proba_accuracy_per_mean_user_and_bot_epoch22": 0.7431229381066227, "ENV_Test_accuracy_epoch22": 0.766144, "ENV_Test_accuracy_strategy_132_epoch22": 0.8203966005665723, "ENV_Test_accuracy_strategy_23_epoch22": 0.7618355146227177, "ENV_Test_accuracy_strategy_107_epoch22": 0.8637110016420362, "ENV_Test_accuracy_strategy_43_epoch22": 0.7919847328244275, "ENV_Test_accuracy_strategy_17_epoch22": 0.7236842105263158, "ENV_Test_accuracy_strategy_93_epoch22": 0.7828096118299446, "ENV_Test_accuracy_per_mean_strategy_epoch22": 0.7907369453353357, "ENV_Test_accuracy_per_mean_user_epoch22": 0.7837760457709301, "ENV_Test_accuracy_per_mean_user_and_bot_epoch22": 0.8186275872004601, "ENV_Train_TotalLoss_epoch23": 1030.665070064615, "ENV_Train_Right action_epoch23": 0.7875581769137234, "ENV_Train_Probability to choose the right action_epoch23": 0.7068939726507406, "ENV_Train_Weighted right action_epoch23": 0.7875581769137234, "ENV_Train_Weighted probability to choose the right action:_epoch23": 0.7068939726507406, "ENV_Test_TotalLoss_epoch23": 241.9683588411476, "ENV_Test_Right action_epoch23": 0.764928, "ENV_Test_Probability to choose the right action_epoch23": 0.7059583320444204, "ENV_Test_Weighted right action_epoch23": 0.8213802023031669, "ENV_Test_Weighted probability to choose the right action:_epoch23": 0.7551251124056618, "ENV_Test_proba_accuracy_epoch23": 0.7059583320444199, "ENV_Test_proba_accuracy_strategy_132_epoch23": 0.7615766388696696, "ENV_Test_proba_accuracy_strategy_23_epoch23": 0.7008181742574349, "ENV_Test_proba_accuracy_strategy_107_epoch23": 0.7942822859602939, "ENV_Test_proba_accuracy_strategy_43_epoch23": 0.7240208421899994, "ENV_Test_proba_accuracy_strategy_17_epoch23": 0.6701755357018012, "ENV_Test_proba_accuracy_strategy_93_epoch23": 0.7144547621661667, "ENV_Test_proba_accuracy_per_mean_strategy_epoch23": 0.7275547065242276, "ENV_Test_proba_accuracy_per_mean_user_epoch23": 0.720942061510446, "ENV_Test_proba_accuracy_per_mean_user_and_bot_epoch23": 0.7551251124056619, "ENV_Test_accuracy_epoch23": 0.764928, "ENV_Test_accuracy_strategy_132_epoch23": 0.8260623229461757, "ENV_Test_accuracy_strategy_23_epoch23": 0.7618355146227177, "ENV_Test_accuracy_strategy_107_epoch23": 0.8735632183908046, "ENV_Test_accuracy_strategy_43_epoch23": 0.7913486005089059, "ENV_Test_accuracy_strategy_17_epoch23": 0.7186932849364791, "ENV_Test_accuracy_strategy_93_epoch23": 0.7717190388170055, "ENV_Test_accuracy_per_mean_strategy_epoch23": 0.7905369967036814, "ENV_Test_accuracy_per_mean_user_epoch23": 0.7828754283587948, "ENV_Test_accuracy_per_mean_user_and_bot_epoch23": 0.8213802023031672, "ENV_Train_TotalLoss_epoch24": 1027.417788683739, "ENV_Train_Right action_epoch24": 0.7916689963656696, "ENV_Train_Probability to choose the right action_epoch24": 0.7086542910398207, "ENV_Train_Weighted right action_epoch24": 0.7916689963656696, "ENV_Train_Weighted probability to choose the right action:_epoch24": 0.7086542910398207, "ENV_Test_TotalLoss_epoch24": 245.80698153356394, "ENV_Test_Right action_epoch24": 0.75424, "ENV_Test_Probability to choose the right action_epoch24": 0.6904966208804483, "ENV_Test_Weighted right action_epoch24": 0.8127724864072673, "ENV_Test_Weighted probability to choose the right action:_epoch24": 0.7411110918425385, "ENV_Test_proba_accuracy_epoch24": 0.6904966208804489, "ENV_Test_proba_accuracy_strategy_132_epoch24": 0.751734745071392, "ENV_Test_proba_accuracy_strategy_23_epoch24": 0.6837828944173922, "ENV_Test_proba_accuracy_strategy_107_epoch24": 0.7704580244181731, "ENV_Test_proba_accuracy_strategy_43_epoch24": 0.699882642654632, "ENV_Test_proba_accuracy_strategy_17_epoch24": 0.658552448500774, "ENV_Test_proba_accuracy_strategy_93_epoch24": 0.7005008304451104, "ENV_Test_proba_accuracy_per_mean_strategy_epoch24": 0.7108185975845789, "ENV_Test_proba_accuracy_per_mean_user_epoch24": 0.7083587325228041, "ENV_Test_proba_accuracy_per_mean_user_and_bot_epoch24": 0.7411110918425377, "ENV_Test_accuracy_epoch24": 0.75424, "ENV_Test_accuracy_strategy_132_epoch24": 0.8152974504249292, "ENV_Test_accuracy_strategy_23_epoch24": 0.7479398933591856, "ENV_Test_accuracy_strategy_107_epoch24": 0.8522167487684729, "ENV_Test_accuracy_strategy_43_epoch24": 0.7748091603053435, "ENV_Test_accuracy_strategy_17_epoch24": 0.7146098003629764, "ENV_Test_accuracy_strategy_93_epoch24": 0.767097966728281, "ENV_Test_accuracy_per_mean_strategy_epoch24": 0.7786618366581982, "ENV_Test_accuracy_per_mean_user_epoch24": 0.7737556421226431, "ENV_Test_accuracy_per_mean_user_and_bot_epoch24": 0.8127724864072677, "_wandb": {"runtime": 3609}}