{"ENV_Train_TotalLoss": 426.09341302741433, "ENV_Train_TotalLoss_epoch0": 1044.382733207514, "ENV_Train_Right action": 0.9209330929319188, "ENV_Train_Right action_epoch0": 0.7855076918777683, "ENV_Train_Probability to choose the right action": 0.8841343582925288, "ENV_Train_Probability to choose the right action_epoch0": 0.7022904242394913, "ENV_Train_Weighted right action": 0.9209330929319188, "ENV_Train_Weighted right action_epoch0": 0.7855076918777683, "ENV_Train_Weighted probability to choose the right action:": 0.8841343582925288, "ENV_Train_Weighted probability to choose the right action:_epoch0": 0.7022904242394913, "_timestamp": 1720453890.1849413, "_runtime": 2498.8177762031555, "_step": 49, "ENV_Test_TotalLoss": 392.4080169935124, "ENV_Test_TotalLoss_epoch0": 218.54662257903485, "ENV_Test_Right action": 0.791232, "ENV_Test_Right action_epoch0": 0.801216, "ENV_Test_Probability to choose the right action": 0.7805488488221775, "ENV_Test_Probability to choose the right action_epoch0": 0.7551085455551435, "ENV_Test_Weighted right action": 0.8341036366567453, "ENV_Test_Weighted right action_epoch0": 0.8476505148617457, "ENV_Test_Weighted probability to choose the right action:": 0.8247247408598349, "ENV_Test_Weighted probability to choose the right action:_epoch0": 0.8042546936224693, "ENV_Test_proba_accuracy": 0.7805488488221788, "ENV_Test_proba_accuracy_epoch0": 0.755108545555143, "ENV_Test_proba_accuracy_strategy_132": 0.8311896367032701, "ENV_Test_proba_accuracy_strategy_132_epoch0": 0.8113540855998831, "ENV_Test_proba_accuracy_strategy_23": 0.7773793513401736, "ENV_Test_proba_accuracy_strategy_23_epoch0": 0.7504629355699458, "ENV_Test_proba_accuracy_strategy_107": 0.86145289039858, "ENV_Test_proba_accuracy_strategy_107_epoch0": 0.8477308337335655, "ENV_Test_proba_accuracy_strategy_43": 0.7951960752676865, "ENV_Test_proba_accuracy_strategy_43_epoch0": 0.7817346666942142, "ENV_Test_proba_accuracy_strategy_17": 0.7475757409418617, "ENV_Test_proba_accuracy_strategy_17_epoch0": 0.7138039735738538, "ENV_Test_proba_accuracy_strategy_93": 0.7835844195708621, "ENV_Test_proba_accuracy_strategy_93_epoch0": 0.767387306536346, "ENV_Test_proba_accuracy_per_mean_strategy": 0.7993963523704056, "ENV_Test_proba_accuracy_per_mean_strategy_epoch0": 0.778745633617968, "ENV_Test_proba_accuracy_per_mean_user": 0.7927073093232173, "ENV_Test_proba_accuracy_per_mean_user_epoch0": 0.7700676837484, "ENV_Test_proba_accuracy_per_mean_user_and_bot": 0.8247247408598357, "ENV_Test_proba_accuracy_per_mean_user_and_bot_epoch0": 0.8042546936224696, "ENV_Test_accuracy": 0.791232, "ENV_Test_accuracy_epoch0": 0.801216, "ENV_Test_accuracy_strategy_132": 0.8402266288951842, "ENV_Test_accuracy_strategy_132_epoch0": 0.8464589235127479, "ENV_Test_accuracy_strategy_23": 0.7886572952011633, "ENV_Test_accuracy_strategy_23_epoch0": 0.8043302633704961, "ENV_Test_accuracy_strategy_107": 0.8719211822660099, "ENV_Test_accuracy_strategy_107_epoch0": 0.8981937602627258, "ENV_Test_accuracy_strategy_43": 0.8085241730279898, "ENV_Test_accuracy_strategy_43_epoch0": 0.8225190839694656, "ENV_Test_accuracy_strategy_17": 0.7577132486388385, "ENV_Test_accuracy_strategy_17_epoch0": 0.7583938294010889, "ENV_Test_accuracy_strategy_93": 0.7920517560073937, "ENV_Test_accuracy_strategy_93_epoch0": 0.7985212569316081, "ENV_Test_accuracy_per_mean_strategy": 0.80984904733943, "ENV_Test_accuracy_per_mean_strategy_epoch0": 0.8214028529080221, "ENV_Test_accuracy_per_mean_user": 0.8028546867587936, "ENV_Test_accuracy_per_mean_user_epoch0": 0.8160833009747982, "ENV_Test_accuracy_per_mean_user_and_bot": 0.8341036366567445, "ENV_Test_accuracy_per_mean_user_and_bot_epoch0": 0.8476505148617469, "ENV_Train_TotalLoss_epoch1": 913.5359574621066, "ENV_Train_Right action_epoch1": 0.8149287112105116, "ENV_Train_Probability to choose the right action_epoch1": 0.7427449604055965, "ENV_Train_Weighted right action_epoch1": 0.8149287112105116, "ENV_Train_Weighted probability to choose the right action:_epoch1": 0.7427449604055965, "ENV_Test_TotalLoss_epoch1": 196.4937373676339, "ENV_Test_Right action_epoch1": 0.81184, "ENV_Test_Probability to choose the right action_epoch1": 0.754536023575001, "ENV_Test_Weighted right action_epoch1": 0.8561351473495825, "ENV_Test_Weighted probability to choose the right action:_epoch1": 0.7973808770037755, "ENV_Test_proba_accuracy_epoch1": 0.7545360235750013, "ENV_Test_proba_accuracy_strategy_132_epoch1": 0.8110210004669044, "ENV_Test_proba_accuracy_strategy_23_epoch1": 0.7502164766119649, "ENV_Test_proba_accuracy_strategy_107_epoch1": 0.8326773099760137, "ENV_Test_proba_accuracy_strategy_43_epoch1": 0.7669117087166665, "ENV_Test_proba_accuracy_strategy_17_epoch1": 0.7209836258425877, "ENV_Test_proba_accuracy_strategy_93_epoch1": 0.7618318097890396, "ENV_Test_proba_accuracy_per_mean_strategy_epoch1": 0.7739403219005294, "ENV_Test_proba_accuracy_per_mean_user_epoch1": 0.7684813995915644, "ENV_Test_proba_accuracy_per_mean_user_and_bot_epoch1": 0.7973808770037762, "ENV_Test_accuracy_epoch1": 0.81184, "ENV_Test_accuracy_strategy_132_epoch1": 0.8640226628895185, "ENV_Test_accuracy_strategy_23_epoch1": 0.8107933430279528, "ENV_Test_accuracy_strategy_107_epoch1": 0.8866995073891626, "ENV_Test_accuracy_strategy_43_epoch1": 0.8256997455470738, "ENV_Test_accuracy_strategy_17_epoch1": 0.7738203266787659, "ENV_Test_accuracy_strategy_93_epoch1": 0.8253234750462107, "ENV_Test_accuracy_per_mean_strategy_epoch1": 0.8310598434297808, "ENV_Test_accuracy_per_mean_user_epoch1": 0.8282811644245892, "ENV_Test_accuracy_per_mean_user_and_bot_epoch1": 0.8561351473495844, "ENV_Train_TotalLoss_epoch2": 862.6002715138303, "ENV_Train_Right action_epoch2": 0.8251729680620589, "ENV_Train_Probability to choose the right action_epoch2": 0.7566344296304931, "ENV_Train_Weighted right action_epoch2": 0.8251729680620589, "ENV_Train_Weighted probability to choose the right action:_epoch2": 0.7566344296304931, "ENV_Test_TotalLoss_epoch2": 191.13289293787494, "ENV_Test_Right action_epoch2": 0.81152, "ENV_Test_Probability to choose the right action_epoch2": 0.756739883588537, "ENV_Test_Weighted right action_epoch2": 0.8539224051700488, "ENV_Test_Weighted probability to choose the right action:_epoch2": 0.8005254318895136, "ENV_Test_proba_accuracy_epoch2": 0.756739883588537, "ENV_Test_proba_accuracy_strategy_132_epoch2": 0.8096274074987395, "ENV_Test_proba_accuracy_strategy_23_epoch2": 0.7547124855603597, "ENV_Test_proba_accuracy_strategy_107_epoch2": 0.8375573080637335, "ENV_Test_proba_accuracy_strategy_43_epoch2": 0.7647186696021251, "ENV_Test_proba_accuracy_strategy_17_epoch2": 0.7230796345498182, "ENV_Test_proba_accuracy_strategy_93_epoch2": 0.7621141916650612, "ENV_Test_proba_accuracy_per_mean_strategy_epoch2": 0.7753016161566396, "ENV_Test_proba_accuracy_per_mean_user_epoch2": 0.7714197129608652, "ENV_Test_proba_accuracy_per_mean_user_and_bot_epoch2": 0.800525431889513, "ENV_Test_accuracy_epoch2": 0.81152, "ENV_Test_accuracy_strategy_132_epoch2": 0.8583569405099151, "ENV_Test_accuracy_strategy_23_epoch2": 0.8127322669251899, "ENV_Test_accuracy_strategy_107_epoch2": 0.8932676518883416, "ENV_Test_accuracy_strategy_43_epoch2": 0.8212468193384224, "ENV_Test_accuracy_strategy_17_epoch2": 0.7738203266787659, "ENV_Test_accuracy_strategy_93_epoch2": 0.821626617375231, "ENV_Test_accuracy_per_mean_strategy_epoch2": 0.8301751037859776, "ENV_Test_accuracy_per_mean_user_epoch2": 0.8264455471993171, "ENV_Test_accuracy_per_mean_user_and_bot_epoch2": 0.853922405170049, "ENV_Train_TotalLoss_epoch3": 840.790952982898, "ENV_Train_Right action_epoch3": 0.8307363360677502, "ENV_Train_Probability to choose the right action_epoch3": 0.7637821120395393, "ENV_Train_Weighted right action_epoch3": 0.8307363360677502, "ENV_Train_Weighted probability to choose the right action:_epoch3": 0.7637821120395393, "ENV_Test_TotalLoss_epoch3": 213.53849676910656, "ENV_Test_Right action_epoch3": 0.79552, "ENV_Test_Probability to choose the right action_epoch3": 0.7262570159452408, "ENV_Test_Weighted right action_epoch3": 0.8466736306000641, "ENV_Test_Weighted probability to choose the right action:_epoch3": 0.7714058740702983, "ENV_Test_proba_accuracy_epoch3": 0.7262570159452411, "ENV_Test_proba_accuracy_strategy_132_epoch3": 0.7769926206737616, "ENV_Test_proba_accuracy_strategy_23_epoch3": 0.7245274922938111, "ENV_Test_proba_accuracy_strategy_107_epoch3": 0.7958429625469818, "ENV_Test_proba_accuracy_strategy_43_epoch3": 0.7380656841516198, "ENV_Test_proba_accuracy_strategy_17_epoch3": 0.6931462790326758, "ENV_Test_proba_accuracy_strategy_93_epoch3": 0.7319564059106398, "ENV_Test_proba_accuracy_per_mean_strategy_epoch3": 0.743421907434915, "ENV_Test_proba_accuracy_per_mean_user_epoch3": 0.740053093760413, "ENV_Test_proba_accuracy_per_mean_user_and_bot_epoch3": 0.7714058740702975, "ENV_Test_accuracy_epoch3": 0.79552, "ENV_Test_accuracy_strategy_132_epoch3": 0.8396600566572238, "ENV_Test_accuracy_strategy_23_epoch3": 0.7977056067216028, "ENV_Test_accuracy_strategy_107_epoch3": 0.8834154351395731, "ENV_Test_accuracy_strategy_43_epoch3": 0.8129770992366412, "ENV_Test_accuracy_strategy_17_epoch3": 0.7549909255898367, "ENV_Test_accuracy_strategy_93_epoch3": 0.8012939001848429, "ENV_Test_accuracy_per_mean_strategy_epoch3": 0.8150071705882868, "ENV_Test_accuracy_per_mean_user_epoch3": 0.8114272263881541, "ENV_Test_accuracy_per_mean_user_and_bot_epoch3": 0.8466736306000643, "ENV_Train_TotalLoss_epoch4": 814.8758819900297, "ENV_Train_Right action_epoch4": 0.8352760307477288, "ENV_Train_Probability to choose the right action_epoch4": 0.7700867867638423, "ENV_Train_Weighted right action_epoch4": 0.8352760307477288, "ENV_Train_Weighted probability to choose the right action:_epoch4": 0.7700867867638423, "ENV_Test_TotalLoss_epoch4": 205.68348059317614, "ENV_Test_Right action_epoch4": 0.809856, "ENV_Test_Probability to choose the right action_epoch4": 0.7649819046047525, "ENV_Test_Weighted right action_epoch4": 0.8525125561746099, "ENV_Test_Weighted probability to choose the right action:_epoch4": 0.8089017245181859, "ENV_Test_proba_accuracy_epoch4": 0.7649819046047526, "ENV_Test_proba_accuracy_strategy_132_epoch4": 0.8204191832388159, "ENV_Test_proba_accuracy_strategy_23_epoch4": 0.7613619912932776, "ENV_Test_proba_accuracy_strategy_107_epoch4": 0.8483808670667935, "ENV_Test_proba_accuracy_strategy_43_epoch4": 0.7761976124797385, "ENV_Test_proba_accuracy_strategy_17_epoch4": 0.7316511373354403, "ENV_Test_proba_accuracy_strategy_93_epoch4": 0.7678079747525022, "ENV_Test_proba_accuracy_per_mean_strategy_epoch4": 0.784303127694428, "ENV_Test_proba_accuracy_per_mean_user_epoch4": 0.7798785944916469, "ENV_Test_proba_accuracy_per_mean_user_and_bot_epoch4": 0.8089017245181856, "ENV_Test_accuracy_epoch4": 0.809856, "ENV_Test_accuracy_strategy_132_epoch4": 0.8555240793201133, "ENV_Test_accuracy_strategy_23_epoch4": 0.809339150105025, "ENV_Test_accuracy_strategy_107_epoch4": 0.8981937602627258, "ENV_Test_accuracy_strategy_43_epoch4": 0.8180661577608143, "ENV_Test_accuracy_strategy_17_epoch4": 0.7740471869328494, "ENV_Test_accuracy_strategy_93_epoch4": 0.822550831792976, "ENV_Test_accuracy_per_mean_strategy_epoch4": 0.8296201943624172, "ENV_Test_accuracy_per_mean_user_epoch4": 0.8246745248253682, "ENV_Test_accuracy_per_mean_user_and_bot_epoch4": 0.8525125561746103, "ENV_Train_TotalLoss_epoch5": 778.5657090101168, "ENV_Train_Right action_epoch5": 0.8417786102685249, "ENV_Train_Probability to choose the right action_epoch5": 0.7808918155376383, "ENV_Train_Weighted right action_epoch5": 0.8417786102685249, "ENV_Train_Weighted probability to choose the right action:_epoch5": 0.7808918155376383, "ENV_Test_TotalLoss_epoch5": 197.04169451257883, "ENV_Test_Right action_epoch5": 0.81024, "ENV_Test_Probability to choose the right action_epoch5": 0.7560141003353424, "ENV_Test_Weighted right action_epoch5": 0.8563172450357637, "ENV_Test_Weighted probability to choose the right action:_epoch5": 0.8011307911076806, "ENV_Test_proba_accuracy_epoch5": 0.7560141003353428, "ENV_Test_proba_accuracy_strategy_132_epoch5": 0.8110848632645485, "ENV_Test_proba_accuracy_strategy_23_epoch5": 0.7515417235112627, "ENV_Test_proba_accuracy_strategy_107_epoch5": 0.8306030333521254, "ENV_Test_proba_accuracy_strategy_43_epoch5": 0.764160525094913, "ENV_Test_proba_accuracy_strategy_17_epoch5": 0.7253603826066708, "ENV_Test_proba_accuracy_strategy_93_epoch5": 0.7628259223435716, "ENV_Test_proba_accuracy_per_mean_strategy_epoch5": 0.7742627416955153, "ENV_Test_proba_accuracy_per_mean_user_epoch5": 0.770560863628108, "ENV_Test_proba_accuracy_per_mean_user_and_bot_epoch5": 0.8011307911076793, "ENV_Test_accuracy_epoch5": 0.81024, "ENV_Test_accuracy_strategy_132_epoch5": 0.8538243626062323, "ENV_Test_accuracy_strategy_23_epoch5": 0.8095007270964615, "ENV_Test_accuracy_strategy_107_epoch5": 0.8866995073891626, "ENV_Test_accuracy_strategy_43_epoch5": 0.8244274809160306, "ENV_Test_accuracy_strategy_17_epoch5": 0.7779038112522686, "ENV_Test_accuracy_strategy_93_epoch5": 0.8114602587800369, "ENV_Test_accuracy_per_mean_strategy_epoch5": 0.8273026913400322, "ENV_Test_accuracy_per_mean_user_epoch5": 0.8264500168498021, "ENV_Test_accuracy_per_mean_user_and_bot_epoch5": 0.8563172450357636, "ENV_Train_TotalLoss_epoch6": 760.0904192253261, "ENV_Train_Right action_epoch6": 0.8482739343116702, "ENV_Train_Probability to choose the right action_epoch6": 0.7864125805273803, "ENV_Train_Weighted right action_epoch6": 0.8482739343116702, "ENV_Train_Weighted probability to choose the right action:_epoch6": 0.7864125805273803, "ENV_Test_TotalLoss_epoch6": 217.30847715876118, "ENV_Test_Right action_epoch6": 0.812096, "ENV_Test_Probability to choose the right action_epoch6": 0.7805777567145693, "ENV_Test_Weighted right action_epoch6": 0.857958640842988, "ENV_Test_Weighted probability to choose the right action:_epoch6": 0.8250282537445853, "ENV_Test_proba_accuracy_epoch6": 0.7805777567145693, "ENV_Test_proba_accuracy_strategy_132_epoch6": 0.8338515205608409, "ENV_Test_proba_accuracy_strategy_23_epoch6": 0.7784138304732773, "ENV_Test_proba_accuracy_strategy_107_epoch6": 0.8565993730168695, "ENV_Test_proba_accuracy_strategy_43_epoch6": 0.7887717983088234, "ENV_Test_proba_accuracy_strategy_17_epoch6": 0.747185935260573, "ENV_Test_proba_accuracy_strategy_93_epoch6": 0.787395961496117, "ENV_Test_proba_accuracy_per_mean_strategy_epoch6": 0.7987030698527501, "ENV_Test_proba_accuracy_per_mean_user_epoch6": 0.7954256934559035, "ENV_Test_proba_accuracy_per_mean_user_and_bot_epoch6": 0.8250282537445869, "ENV_Test_accuracy_epoch6": 0.812096, "ENV_Test_accuracy_strategy_132_epoch6": 0.8572237960339943, "ENV_Test_accuracy_strategy_23_epoch6": 0.8101470350622071, "ENV_Test_accuracy_strategy_107_epoch6": 0.8883415435139573, "ENV_Test_accuracy_strategy_43_epoch6": 0.8295165394402035, "ENV_Test_accuracy_strategy_17_epoch6": 0.7776769509981851, "ENV_Test_accuracy_strategy_93_epoch6": 0.821626617375231, "ENV_Test_accuracy_per_mean_strategy_epoch6": 0.8307554137372964, "ENV_Test_accuracy_per_mean_user_epoch6": 0.8267746775469462, "ENV_Test_accuracy_per_mean_user_and_bot_epoch6": 0.8579586408429883, "ENV_Train_TotalLoss_epoch7": 737.5686339997902, "ENV_Train_Right action_epoch7": 0.8522250796667972, "ENV_Train_Probability to choose the right action_epoch7": 0.7932627465298705, "ENV_Train_Weighted right action_epoch7": 0.8522250796667972, "ENV_Train_Weighted probability to choose the right action:_epoch7": 0.7932627465298705, "ENV_Test_TotalLoss_epoch7": 218.0989393175101, "ENV_Test_Right action_epoch7": 0.808768, "ENV_Test_Probability to choose the right action_epoch7": 0.770668744522628, "ENV_Test_Weighted right action_epoch7": 0.8516956383344291, "ENV_Test_Weighted probability to choose the right action:_epoch7": 0.8176290011895607, "ENV_Test_proba_accuracy_epoch7": 0.7706687445226281, "ENV_Test_proba_accuracy_strategy_132_epoch7": 0.8282886942905962, "ENV_Test_proba_accuracy_strategy_23_epoch7": 0.765003578255136, "ENV_Test_proba_accuracy_strategy_107_epoch7": 0.8475063933375281, "ENV_Test_proba_accuracy_strategy_43_epoch7": 0.7845998460730261, "ENV_Test_proba_accuracy_strategy_17_epoch7": 0.7376674679056898, "ENV_Test_proba_accuracy_strategy_93_epoch7": 0.7800387170281831, "ENV_Test_proba_accuracy_per_mean_strategy_epoch7": 0.7905174494816931, "ENV_Test_proba_accuracy_per_mean_user_epoch7": 0.786211479515817, "ENV_Test_proba_accuracy_per_mean_user_and_bot_epoch7": 0.8176290011895595, "ENV_Test_accuracy_epoch7": 0.808768, "ENV_Test_accuracy_strategy_132_epoch7": 0.8543909348441926, "ENV_Test_accuracy_strategy_23_epoch7": 0.8082081111649702, "ENV_Test_accuracy_strategy_107_epoch7": 0.8784893267651889, "ENV_Test_accuracy_strategy_43_epoch7": 0.8231552162849872, "ENV_Test_accuracy_strategy_17_epoch7": 0.7758620689655172, "ENV_Test_accuracy_strategy_93_epoch7": 0.8114602587800369, "ENV_Test_accuracy_per_mean_strategy_epoch7": 0.8252609861341488, "ENV_Test_accuracy_per_mean_user_epoch7": 0.8233220384949131, "ENV_Test_accuracy_per_mean_user_and_bot_epoch7": 0.8516956383344298, "ENV_Train_TotalLoss_epoch8": 728.3647241484446, "ENV_Train_Right action_epoch8": 0.8543236103928776, "ENV_Train_Probability to choose the right action_epoch8": 0.7956880028465548, "ENV_Train_Weighted right action_epoch8": 0.8543236103928776, "ENV_Train_Weighted probability to choose the right action:_epoch8": 0.7956880028465548, "ENV_Test_TotalLoss_epoch8": 218.31133978174708, "ENV_Test_Right action_epoch8": 0.809472, "ENV_Test_Probability to choose the right action_epoch8": 0.7744419046329609, "ENV_Test_Weighted right action_epoch8": 0.8532462922054488, "ENV_Test_Weighted probability to choose the right action:_epoch8": 0.8197214185992991, "ENV_Test_proba_accuracy_epoch8": 0.7744419046329614, "ENV_Test_proba_accuracy_strategy_132_epoch8": 0.8268717860544973, "ENV_Test_proba_accuracy_strategy_23_epoch8": 0.7706490407379131, "ENV_Test_proba_accuracy_strategy_107_epoch8": 0.8538176050108403, "ENV_Test_proba_accuracy_strategy_43_epoch8": 0.7840484495921807, "ENV_Test_proba_accuracy_strategy_17_epoch8": 0.7416216674097104, "ENV_Test_proba_accuracy_strategy_93_epoch8": 0.7856855362517344, "ENV_Test_proba_accuracy_per_mean_strategy_epoch8": 0.7937823475094795, "ENV_Test_proba_accuracy_per_mean_user_epoch8": 0.7889948940251923, "ENV_Test_proba_accuracy_per_mean_user_and_bot_epoch8": 0.8197214185992985, "ENV_Test_accuracy_epoch8": 0.809472, "ENV_Test_accuracy_strategy_132_epoch8": 0.8577903682719547, "ENV_Test_accuracy_strategy_23_epoch8": 0.8098238810793343, "ENV_Test_accuracy_strategy_107_epoch8": 0.8834154351395731, "ENV_Test_accuracy_strategy_43_epoch8": 0.8199745547073791, "ENV_Test_accuracy_strategy_17_epoch8": 0.7722323049001815, "ENV_Test_accuracy_strategy_93_epoch8": 0.8234750462107209, "ENV_Test_accuracy_per_mean_strategy_epoch8": 0.8277852650515239, "ENV_Test_accuracy_per_mean_user_epoch8": 0.823155688251929, "ENV_Test_accuracy_per_mean_user_and_bot_epoch8": 0.8532462922054487, "ENV_Train_TotalLoss_epoch9": 698.5129106277843, "ENV_Train_Right action_epoch9": 0.859680755898468, "ENV_Train_Probability to choose the right action_epoch9": 0.8046719701787672, "ENV_Train_Weighted right action_epoch9": 0.859680755898468, "ENV_Train_Weighted probability to choose the right action:_epoch9": 0.8046719701787672, "ENV_Test_TotalLoss_epoch9": 229.3013070899038, "ENV_Test_Right action_epoch9": 0.81024, "ENV_Test_Probability to choose the right action_epoch9": 0.779554667132798, "ENV_Test_Weighted right action_epoch9": 0.8530139228111768, "ENV_Test_Weighted probability to choose the right action:_epoch9": 0.8231976541124417, "ENV_Test_proba_accuracy_epoch9": 0.7795546671327971, "ENV_Test_proba_accuracy_strategy_132_epoch9": 0.8322574825788411, "ENV_Test_proba_accuracy_strategy_23_epoch9": 0.7781357762024409, "ENV_Test_proba_accuracy_strategy_107_epoch9": 0.8573051706944768, "ENV_Test_proba_accuracy_strategy_43_epoch9": 0.7834320480467256, "ENV_Test_proba_accuracy_strategy_17_epoch9": 0.7477350682843086, "ENV_Test_proba_accuracy_strategy_93_epoch9": 0.7819359415912861, "ENV_Test_proba_accuracy_per_mean_strategy_epoch9": 0.7968002478996797, "ENV_Test_proba_accuracy_per_mean_user_epoch9": 0.7936271132122749, "ENV_Test_proba_accuracy_per_mean_user_and_bot_epoch9": 0.8231976541124421, "ENV_Test_accuracy_epoch9": 0.81024, "ENV_Test_accuracy_strategy_132_epoch9": 0.851558073654391, "ENV_Test_accuracy_strategy_23_epoch9": 0.8132169978994991, "ENV_Test_accuracy_strategy_107_epoch9": 0.8866995073891626, "ENV_Test_accuracy_strategy_43_epoch9": 0.8174300254452926, "ENV_Test_accuracy_strategy_17_epoch9": 0.7763157894736842, "ENV_Test_accuracy_strategy_93_epoch9": 0.8105360443622921, "ENV_Test_accuracy_per_mean_strategy_epoch9": 0.8259594063707202, "ENV_Test_accuracy_per_mean_user_epoch9": 0.8254361993873903, "ENV_Test_accuracy_per_mean_user_and_bot_epoch9": 0.8530139228111777, "ENV_Train_TotalLoss_epoch10": 670.8593350344852, "ENV_Train_Right action_epoch10": 0.8662585946671139, "ENV_Train_Probability to choose the right action_epoch10": 0.8122606513979678, "ENV_Train_Weighted right action_epoch10": 0.8662585946671139, "ENV_Train_Weighted probability to choose the right action:_epoch10": 0.8122606513979678, "ENV_Test_TotalLoss_epoch10": 255.46272962583149, "ENV_Test_Right action_epoch10": 0.807808, "ENV_Test_Probability to choose the right action_epoch10": 0.7791123307505339, "ENV_Test_Weighted right action_epoch10": 0.8511255731072893, "ENV_Test_Weighted probability to choose the right action:_epoch10": 0.8253656801623358, "ENV_Test_proba_accuracy_epoch10": 0.7791123307505344, "ENV_Test_proba_accuracy_strategy_132_epoch10": 0.8297787729239456, "ENV_Test_proba_accuracy_strategy_23_epoch10": 0.7776393336500361, "ENV_Test_proba_accuracy_strategy_107_epoch10": 0.8631083877514115, "ENV_Test_proba_accuracy_strategy_43_epoch10": 0.7936087274848678, "ENV_Test_proba_accuracy_strategy_17_epoch10": 0.7435222499398954, "ENV_Test_proba_accuracy_strategy_93_epoch10": 0.7815423219264166, "ENV_Test_proba_accuracy_per_mean_strategy_epoch10": 0.7981999656127621, "ENV_Test_proba_accuracy_per_mean_user_epoch10": 0.7942477065766058, "ENV_Test_proba_accuracy_per_mean_user_and_bot_epoch10": 0.8253656801623362, "ENV_Test_accuracy_epoch10": 0.807808, "ENV_Test_accuracy_strategy_132_epoch10": 0.8453257790368272, "ENV_Test_accuracy_strategy_23_epoch10": 0.8125706899337535, "ENV_Test_accuracy_strategy_107_epoch10": 0.8801313628899836, "ENV_Test_accuracy_strategy_43_epoch10": 0.8244274809160306, "ENV_Test_accuracy_strategy_17_epoch10": 0.770644283121597, "ENV_Test_accuracy_strategy_93_epoch10": 0.8059149722735675, "ENV_Test_accuracy_per_mean_strategy_epoch10": 0.8231690946952931, "ENV_Test_accuracy_per_mean_user_epoch10": 0.8211587617525741, "ENV_Test_accuracy_per_mean_user_and_bot_epoch10": 0.8511255731072898, "ENV_Train_TotalLoss_epoch11": 655.4528095265908, "ENV_Train_Right action_epoch11": 0.8704366299547157, "ENV_Train_Probability to choose the right action_epoch11": 0.8171920459583724, "ENV_Train_Weighted right action_epoch11": 0.8704366299547157, "ENV_Train_Weighted probability to choose the right action:_epoch11": 0.8171920459583724, "ENV_Test_TotalLoss_epoch11": 283.0572884709087, "ENV_Test_Right action_epoch11": 0.801472, "ENV_Test_Probability to choose the right action_epoch11": 0.7760083433606743, "ENV_Test_Weighted right action_epoch11": 0.8483694985941642, "ENV_Test_Weighted probability to choose the right action:_epoch11": 0.8228143392288423, "ENV_Test_proba_accuracy_epoch11": 0.7760083433606746, "ENV_Test_proba_accuracy_strategy_132_epoch11": 0.8263160823959196, "ENV_Test_proba_accuracy_strategy_23_epoch11": 0.7712717367313391, "ENV_Test_proba_accuracy_strategy_107_epoch11": 0.8615062231012136, "ENV_Test_proba_accuracy_strategy_43_epoch11": 0.7892780679797989, "ENV_Test_proba_accuracy_strategy_17_epoch11": 0.7435190931846821, "ENV_Test_proba_accuracy_strategy_93_epoch11": 0.7859954948803362, "ENV_Test_proba_accuracy_per_mean_strategy_epoch11": 0.7963144497122149, "ENV_Test_proba_accuracy_per_mean_user_epoch11": 0.791017492223534, "ENV_Test_proba_accuracy_per_mean_user_and_bot_epoch11": 0.8228143392288423, "ENV_Test_accuracy_epoch11": 0.801472, "ENV_Test_accuracy_strategy_132_epoch11": 0.8424929178470255, "ENV_Test_accuracy_strategy_23_epoch11": 0.7985134916787849, "ENV_Test_accuracy_strategy_107_epoch11": 0.8834154351395731, "ENV_Test_accuracy_strategy_43_epoch11": 0.821882951653944, "ENV_Test_accuracy_strategy_17_epoch11": 0.7679219600725953, "ENV_Test_accuracy_strategy_93_epoch11": 0.8123844731977818, "ENV_Test_accuracy_per_mean_strategy_epoch11": 0.8211018715982842, "ENV_Test_accuracy_per_mean_user_epoch11": 0.8158257075369768, "ENV_Test_accuracy_per_mean_user_and_bot_epoch11": 0.8483694985941646, "ENV_Train_TotalLoss_epoch12": 636.1056374022255, "ENV_Train_Right action_epoch12": 0.8739971486875576, "ENV_Train_Probability to choose the right action_epoch12": 0.8232367860790375, "ENV_Train_Weighted right action_epoch12": 0.8739971486875576, "ENV_Train_Weighted probability to choose the right action:_epoch12": 0.8232367860790375, "ENV_Test_TotalLoss_epoch12": 281.24668875490585, "ENV_Test_Right action_epoch12": 0.804672, "ENV_Test_Probability to choose the right action_epoch12": 0.77983279711158, "ENV_Test_Weighted right action_epoch12": 0.842568550997911, "ENV_Test_Weighted probability to choose the right action:_epoch12": 0.8206510121607312, "ENV_Test_proba_accuracy_epoch12": 0.7798327971115797, "ENV_Test_proba_accuracy_strategy_132_epoch12": 0.8271976976527392, "ENV_Test_proba_accuracy_strategy_23_epoch12": 0.7780947172791152, "ENV_Test_proba_accuracy_strategy_107_epoch12": 0.8554182604368018, "ENV_Test_proba_accuracy_strategy_43_epoch12": 0.7905324820552674, "ENV_Test_proba_accuracy_strategy_17_epoch12": 0.7476320020009558, "ENV_Test_proba_accuracy_strategy_93_epoch12": 0.785606900234565, "ENV_Test_proba_accuracy_per_mean_strategy_epoch12": 0.7974136766099075, "ENV_Test_proba_accuracy_per_mean_user_epoch12": 0.7929259980299859, "ENV_Test_proba_accuracy_per_mean_user_and_bot_epoch12": 0.8206510121607312, "ENV_Test_accuracy_epoch12": 0.804672, "ENV_Test_accuracy_strategy_132_epoch12": 0.8453257790368272, "ENV_Test_accuracy_strategy_23_epoch12": 0.8038455323961868, "ENV_Test_accuracy_strategy_107_epoch12": 0.8752052545155994, "ENV_Test_accuracy_strategy_43_epoch12": 0.8136132315521628, "ENV_Test_accuracy_strategy_17_epoch12": 0.7758620689655172, "ENV_Test_accuracy_strategy_93_epoch12": 0.8077634011090573, "ENV_Test_accuracy_per_mean_strategy_epoch12": 0.8202692112625584, "ENV_Test_accuracy_per_mean_user_epoch12": 0.8179061083949483, "ENV_Test_accuracy_per_mean_user_and_bot_epoch12": 0.8425685509979118, "ENV_Train_TotalLoss_epoch13": 609.7279782053357, "ENV_Train_Right action_epoch13": 0.8801213324200785, "ENV_Train_Probability to choose the right action_epoch13": 0.8300303668416774, "ENV_Train_Weighted right action_epoch13": 0.8801213324200785, "ENV_Train_Weighted probability to choose the right action:_epoch13": 0.8300303668416774, "ENV_Test_TotalLoss_epoch13": 276.9082041152991, "ENV_Test_Right action_epoch13": 0.807104, "ENV_Test_Probability to choose the right action_epoch13": 0.7844854742553251, "ENV_Test_Weighted right action_epoch13": 0.8509333053879508, "ENV_Test_Weighted probability to choose the right action:_epoch13": 0.8276279883610465, "ENV_Test_proba_accuracy_epoch13": 0.7844854742553257, "ENV_Test_proba_accuracy_strategy_132_epoch13": 0.8329732033003873, "ENV_Test_proba_accuracy_strategy_23_epoch13": 0.783477092170519, "ENV_Test_proba_accuracy_strategy_107_epoch13": 0.8691767598050607, "ENV_Test_proba_accuracy_strategy_43_epoch13": 0.7975786249578339, "ENV_Test_proba_accuracy_strategy_17_epoch13": 0.7495182750585868, "ENV_Test_proba_accuracy_strategy_93_epoch13": 0.786921724914685, "ENV_Test_proba_accuracy_per_mean_strategy_epoch13": 0.8032742800345122, "ENV_Test_proba_accuracy_per_mean_user_epoch13": 0.7976129227415171, "ENV_Test_proba_accuracy_per_mean_user_and_bot_epoch13": 0.8276279883610476, "ENV_Test_accuracy_epoch13": 0.807104, "ENV_Test_accuracy_strategy_132_epoch13": 0.8487252124645892, "ENV_Test_accuracy_strategy_23_epoch13": 0.8099854580707707, "ENV_Test_accuracy_strategy_107_epoch13": 0.8883415435139573, "ENV_Test_accuracy_strategy_43_epoch13": 0.8206106870229007, "ENV_Test_accuracy_strategy_17_epoch13": 0.7697368421052632, "ENV_Test_accuracy_strategy_93_epoch13": 0.8096118299445472, "ENV_Test_accuracy_per_mean_strategy_epoch13": 0.8245019288536714, "ENV_Test_accuracy_per_mean_user_epoch13": 0.8197451557205284, "ENV_Test_accuracy_per_mean_user_and_bot_epoch13": 0.8509333053879513, "ENV_Train_TotalLoss_epoch14": 610.4269665630719, "ENV_Train_Right action_epoch14": 0.8817159225878572, "ENV_Train_Probability to choose the right action_epoch14": 0.8320699366896008, "ENV_Train_Weighted right action_epoch14": 0.8817159225878572, "ENV_Train_Weighted probability to choose the right action:_epoch14": 0.8320699366896008, "ENV_Test_TotalLoss_epoch14": 312.57941937908544, "ENV_Test_Right action_epoch14": 0.800768, "ENV_Test_Probability to choose the right action_epoch14": 0.781187193317355, "ENV_Test_Weighted right action_epoch14": 0.8437520899758375, "ENV_Test_Weighted probability to choose the right action:_epoch14": 0.823234691936955, "ENV_Test_proba_accuracy_epoch14": 0.7811871933173549, "ENV_Test_proba_accuracy_strategy_132_epoch14": 0.827711599848439, "ENV_Test_proba_accuracy_strategy_23_epoch14": 0.7784960264272494, "ENV_Test_proba_accuracy_strategy_107_epoch14": 0.853018891074716, "ENV_Test_proba_accuracy_strategy_43_epoch14": 0.7935856801829544, "ENV_Test_proba_accuracy_strategy_17_epoch14": 0.7506667660451797, "ENV_Test_proba_accuracy_strategy_93_epoch14": 0.7865829165006208, "ENV_Test_proba_accuracy_per_mean_strategy_epoch14": 0.7983436466798598, "ENV_Test_proba_accuracy_per_mean_user_epoch14": 0.7937702279250776, "ENV_Test_proba_accuracy_per_mean_user_and_bot_epoch14": 0.8232346919369548, "ENV_Test_accuracy_epoch14": 0.800768, "ENV_Test_accuracy_strategy_132_epoch14": 0.8390934844192635, "ENV_Test_accuracy_strategy_23_epoch14": 0.8014218775246404, "ENV_Test_accuracy_strategy_107_epoch14": 0.8735632183908046, "ENV_Test_accuracy_strategy_43_epoch14": 0.8174300254452926, "ENV_Test_accuracy_strategy_17_epoch14": 0.7676950998185118, "ENV_Test_accuracy_strategy_93_epoch14": 0.8040665434380776, "ENV_Test_accuracy_per_mean_strategy_epoch14": 0.8172117081727652, "ENV_Test_accuracy_per_mean_user_epoch14": 0.8139996864495482, "ENV_Test_accuracy_per_mean_user_and_bot_epoch14": 0.8437520899758383, "ENV_Train_TotalLoss_epoch15": 585.9930624553186, "ENV_Train_Right action_epoch15": 0.8878793385426131, "ENV_Train_Probability to choose the right action_epoch15": 0.8389115267005459, "ENV_Train_Weighted right action_epoch15": 0.8878793385426131, "ENV_Train_Weighted probability to choose the right action:_epoch15": 0.8389115267005459, "ENV_Test_TotalLoss_epoch15": 248.63986013974815, "ENV_Test_Right action_epoch15": 0.801408, "ENV_Test_Probability to choose the right action_epoch15": 0.7710701329526828, "ENV_Test_Weighted right action_epoch15": 0.8473615031409989, "ENV_Test_Weighted probability to choose the right action:_epoch15": 0.8141345793713142, "ENV_Test_proba_accuracy_epoch15": 0.7710701329526831, "ENV_Test_proba_accuracy_strategy_132_epoch15": 0.823867484732931, "ENV_Test_proba_accuracy_strategy_23_epoch15": 0.7681900489965666, "ENV_Test_proba_accuracy_strategy_107_epoch15": 0.84989150819843, "ENV_Test_proba_accuracy_strategy_43_epoch15": 0.7870073115797169, "ENV_Test_proba_accuracy_strategy_17_epoch15": 0.7369447340666547, "ENV_Test_proba_accuracy_strategy_93_epoch15": 0.7729248553884732, "ENV_Test_proba_accuracy_per_mean_strategy_epoch15": 0.7898043238271288, "ENV_Test_proba_accuracy_per_mean_user_epoch15": 0.7847481798246715, "ENV_Test_proba_accuracy_per_mean_user_and_bot_epoch15": 0.8141345793713142, "ENV_Test_accuracy_epoch15": 0.801408, "ENV_Test_accuracy_strategy_132_epoch15": 0.8487252124645892, "ENV_Test_accuracy_strategy_23_epoch15": 0.800452415576022, "ENV_Test_accuracy_strategy_107_epoch15": 0.8768472906403941, "ENV_Test_accuracy_strategy_43_epoch15": 0.8244274809160306, "ENV_Test_accuracy_strategy_17_epoch15": 0.76497277676951, "ENV_Test_accuracy_strategy_93_epoch15": 0.8022181146025879, "ENV_Test_accuracy_per_mean_strategy_epoch15": 0.8196072151615222, "ENV_Test_accuracy_per_mean_user_epoch15": 0.8158205448717805, "ENV_Test_accuracy_per_mean_user_and_bot_epoch15": 0.8473615031409991, "ENV_Train_TotalLoss_epoch16": 546.5725043427361, "ENV_Train_Right action_epoch16": 0.8951789882724591, "ENV_Train_Probability to choose the right action_epoch16": 0.8483576001378581, "ENV_Train_Weighted right action_epoch16": 0.8951789882724591, "ENV_Train_Weighted probability to choose the right action:_epoch16": 0.8483576001378581, "ENV_Test_TotalLoss_epoch16": 314.48616522671506, "ENV_Test_Right action_epoch16": 0.799872, "ENV_Test_Probability to choose the right action_epoch16": 0.7760660111315087, "ENV_Test_Weighted right action_epoch16": 0.8470093373465347, "ENV_Test_Weighted probability to choose the right action:_epoch16": 0.8197581279268515, "ENV_Test_proba_accuracy_epoch16": 0.7760660111315093, "ENV_Test_proba_accuracy_strategy_132_epoch16": 0.8253143232782291, "ENV_Test_proba_accuracy_strategy_23_epoch16": 0.7740482641797538, "ENV_Test_proba_accuracy_strategy_107_epoch16": 0.8550797885340115, "ENV_Test_proba_accuracy_strategy_43_epoch16": 0.7899939683040976, "ENV_Test_proba_accuracy_strategy_17_epoch16": 0.7441310868866778, "ENV_Test_proba_accuracy_strategy_93_epoch16": 0.7726645064210086, "ENV_Test_proba_accuracy_per_mean_strategy_epoch16": 0.7935386562672964, "ENV_Test_proba_accuracy_per_mean_user_epoch16": 0.7899313983257301, "ENV_Test_proba_accuracy_per_mean_user_and_bot_epoch16": 0.819758127926851, "ENV_Test_accuracy_epoch16": 0.799872, "ENV_Test_accuracy_strategy_132_epoch16": 0.8424929178470255, "ENV_Test_accuracy_strategy_23_epoch16": 0.7980287607044757, "ENV_Test_accuracy_strategy_107_epoch16": 0.8899835796387521, "ENV_Test_accuracy_strategy_43_epoch16": 0.8180661577608143, "ENV_Test_accuracy_strategy_17_epoch16": 0.7686025408348457, "ENV_Test_accuracy_strategy_93_epoch16": 0.7911275415896488, "ENV_Test_accuracy_per_mean_strategy_epoch16": 0.8180502497292604, "ENV_Test_accuracy_per_mean_user_epoch16": 0.8142261115628987, "ENV_Test_accuracy_per_mean_user_and_bot_epoch16": 0.847009337346535, "ENV_Train_TotalLoss_epoch17": 566.4236192633493, "ENV_Train_Right action_epoch17": 0.891919093082095, "ENV_Train_Probability to choose the right action_epoch17": 0.8457502173705276, "ENV_Train_Weighted right action_epoch17": 0.891919093082095, "ENV_Train_Weighted probability to choose the right action:_epoch17": 0.8457502173705276, "ENV_Test_TotalLoss_epoch17": 287.76134453721795, "ENV_Test_Right action_epoch17": 0.804032, "ENV_Test_Probability to choose the right action_epoch17": 0.7826273314119737, "ENV_Test_Weighted right action_epoch17": 0.8469974114863633, "ENV_Test_Weighted probability to choose the right action:_epoch17": 0.8243267938069041, "ENV_Test_proba_accuracy_epoch17": 0.7826273314119734, "ENV_Test_proba_accuracy_strategy_132_epoch17": 0.8283411516989475, "ENV_Test_proba_accuracy_strategy_23_epoch17": 0.7791786582909211, "ENV_Test_proba_accuracy_strategy_107_epoch17": 0.8602195900589755, "ENV_Test_proba_accuracy_strategy_43_epoch17": 0.7944788298792563, "ENV_Test_proba_accuracy_strategy_17_epoch17": 0.7537007412775607, "ENV_Test_proba_accuracy_strategy_93_epoch17": 0.7847374176833026, "ENV_Test_proba_accuracy_per_mean_strategy_epoch17": 0.8001093981481606, "ENV_Test_proba_accuracy_per_mean_user_epoch17": 0.7961462897416584, "ENV_Test_proba_accuracy_per_mean_user_and_bot_epoch17": 0.8243267938069043, "ENV_Test_accuracy_epoch17": 0.804032, "ENV_Test_accuracy_strategy_132_epoch17": 0.8470254957507082, "ENV_Test_accuracy_strategy_23_epoch17": 0.7998061076102763, "ENV_Test_accuracy_strategy_107_epoch17": 0.8801313628899836, "ENV_Test_accuracy_strategy_43_epoch17": 0.8174300254452926, "ENV_Test_accuracy_strategy_17_epoch17": 0.7772232304900182, "ENV_Test_accuracy_strategy_93_epoch17": 0.8049907578558225, "ENV_Test_accuracy_per_mean_strategy_epoch17": 0.8211011633403502, "ENV_Test_accuracy_per_mean_user_epoch17": 0.8180290599146426, "ENV_Test_accuracy_per_mean_user_and_bot_epoch17": 0.8469974114863633, "ENV_Train_TotalLoss_epoch18": 530.2845701585118, "ENV_Train_Right action_epoch18": 0.9006177325581395, "ENV_Train_Probability to choose the right action_epoch18": 0.8554440583901319, "ENV_Train_Weighted right action_epoch18": 0.9006177325581395, "ENV_Train_Weighted probability to choose the right action:_epoch18": 0.8554440583901319, "ENV_Test_TotalLoss_epoch18": 336.91245188393066, "ENV_Test_Right action_epoch18": 0.802496, "ENV_Test_Probability to choose the right action_epoch18": 0.7857767818239295, "ENV_Test_Weighted right action_epoch18": 0.8423291256864625, "ENV_Test_Weighted probability to choose the right action:_epoch18": 0.8259443465086397, "ENV_Test_proba_accuracy_epoch18": 0.7857767818239296, "ENV_Test_proba_accuracy_strategy_132_epoch18": 0.830629326254895, "ENV_Test_proba_accuracy_strategy_23_epoch18": 0.7844239957077597, "ENV_Test_proba_accuracy_strategy_107_epoch18": 0.8555098340675311, "ENV_Test_proba_accuracy_strategy_43_epoch18": 0.797563319592295, "ENV_Test_proba_accuracy_strategy_17_epoch18": 0.7556085624003012, "ENV_Test_proba_accuracy_strategy_93_epoch18": 0.7868796444703747, "ENV_Test_proba_accuracy_per_mean_strategy_epoch18": 0.8017691137488594, "ENV_Test_proba_accuracy_per_mean_user_epoch18": 0.7988784948052363, "ENV_Test_proba_accuracy_per_mean_user_and_bot_epoch18": 0.8259443465086398, "ENV_Test_accuracy_epoch18": 0.802496, "ENV_Test_accuracy_strategy_132_epoch18": 0.8419263456090652, "ENV_Test_accuracy_strategy_23_epoch18": 0.8030376474390046, "ENV_Test_accuracy_strategy_107_epoch18": 0.8702791461412152, "ENV_Test_accuracy_strategy_43_epoch18": 0.8180661577608143, "ENV_Test_accuracy_strategy_17_epoch18": 0.7722323049001815, "ENV_Test_accuracy_strategy_93_epoch18": 0.7975970425138632, "ENV_Test_accuracy_per_mean_strategy_epoch18": 0.8171897740606906, "ENV_Test_accuracy_per_mean_user_epoch18": 0.8159766927710729, "ENV_Test_accuracy_per_mean_user_and_bot_epoch18": 0.8423291256864633, "ENV_Train_TotalLoss_epoch19": 508.27022771570086, "ENV_Train_Right action_epoch19": 0.9042633491752865, "ENV_Train_Probability to choose the right action_epoch19": 0.8613889415899033, "ENV_Train_Weighted right action_epoch19": 0.9042633491752865, "ENV_Train_Weighted probability to choose the right action:_epoch19": 0.8613889415899033, "ENV_Test_TotalLoss_epoch19": 295.85135242549194, "ENV_Test_Right action_epoch19": 0.803712, "ENV_Test_Probability to choose the right action_epoch19": 0.7848057052659865, "ENV_Test_Weighted right action_epoch19": 0.8455962513827352, "ENV_Test_Weighted probability to choose the right action:_epoch19": 0.8263668443995381, "ENV_Test_proba_accuracy_epoch19": 0.7848057052659856, "ENV_Test_proba_accuracy_strategy_132_epoch19": 0.8315260420268413, "ENV_Test_proba_accuracy_strategy_23_epoch19": 0.7820378335846271, "ENV_Test_proba_accuracy_strategy_107_epoch19": 0.8640937983921054, "ENV_Test_proba_accuracy_strategy_43_epoch19": 0.7968824584976978, "ENV_Test_proba_accuracy_strategy_17_epoch19": 0.7542552641436034, "ENV_Test_proba_accuracy_strategy_93_epoch19": 0.7867134715565758, "ENV_Test_proba_accuracy_per_mean_strategy_epoch19": 0.8025848113669084, "ENV_Test_proba_accuracy_per_mean_user_epoch19": 0.7970536715840225, "ENV_Test_proba_accuracy_per_mean_user_and_bot_epoch19": 0.8263668443995384, "ENV_Test_accuracy_epoch19": 0.803712, "ENV_Test_accuracy_strategy_132_epoch19": 0.8487252124645892, "ENV_Test_accuracy_strategy_23_epoch19": 0.8009371465503312, "ENV_Test_accuracy_strategy_107_epoch19": 0.8866995073891626, "ENV_Test_accuracy_strategy_43_epoch19": 0.8148854961832062, "ENV_Test_accuracy_strategy_17_epoch19": 0.7747277676950998, "ENV_Test_accuracy_strategy_93_epoch19": 0.8012939001848429, "ENV_Test_accuracy_per_mean_strategy_epoch19": 0.8212115050778719, "ENV_Test_accuracy_per_mean_user_epoch19": 0.8153806048323854, "ENV_Test_accuracy_per_mean_user_and_bot_epoch19": 0.845596251382736, "ENV_Train_TotalLoss_epoch20": 478.97241692410455, "ENV_Train_Right action_epoch20": 0.9081748172581028, "ENV_Train_Probability to choose the right action_epoch20": 0.8678691979185876, "ENV_Train_Weighted right action_epoch20": 0.9081748172581028, "ENV_Train_Weighted probability to choose the right action:_epoch20": 0.8678691979185876, "ENV_Test_TotalLoss_epoch20": 296.00235810417655, "ENV_Test_Right action_epoch20": 0.799424, "ENV_Test_Probability to choose the right action_epoch20": 0.7780120140888704, "ENV_Test_Weighted right action_epoch20": 0.8408807395085176, "ENV_Test_Weighted probability to choose the right action:_epoch20": 0.8195496609971071, "ENV_Test_proba_accuracy_epoch20": 0.7780120140888702, "ENV_Test_proba_accuracy_strategy_132_epoch20": 0.8276934749824242, "ENV_Test_proba_accuracy_strategy_23_epoch20": 0.7739956092529174, "ENV_Test_proba_accuracy_strategy_107_epoch20": 0.8488860420870225, "ENV_Test_proba_accuracy_strategy_43_epoch20": 0.7886514374319573, "ENV_Test_proba_accuracy_strategy_17_epoch20": 0.7490971029171214, "ENV_Test_proba_accuracy_strategy_93_epoch20": 0.7823920722695089, "ENV_Test_proba_accuracy_per_mean_strategy_epoch20": 0.7951192898234919, "ENV_Test_proba_accuracy_per_mean_user_epoch20": 0.7903587715503304, "ENV_Test_proba_accuracy_per_mean_user_and_bot_epoch20": 0.8195496609971071, "ENV_Test_accuracy_epoch20": 0.799424, "ENV_Test_accuracy_strategy_132_epoch20": 0.8475920679886686, "ENV_Test_accuracy_strategy_23_epoch20": 0.7951203748586201, "ENV_Test_accuracy_strategy_107_epoch20": 0.8719211822660099, "ENV_Test_accuracy_strategy_43_epoch20": 0.8206106870229007, "ENV_Test_accuracy_strategy_17_epoch20": 0.7686025408348457, "ENV_Test_accuracy_strategy_93_epoch20": 0.7994454713493531, "ENV_Test_accuracy_per_mean_strategy_epoch20": 0.8172153873867329, "ENV_Test_accuracy_per_mean_user_epoch20": 0.8119560963147345, "ENV_Test_accuracy_per_mean_user_and_bot_epoch20": 0.840880739508518, "ENV_Train_TotalLoss_epoch21": 471.9928563878105, "ENV_Train_Right action_epoch21": 0.911135023337712, "ENV_Train_Probability to choose the right action_epoch21": 0.8711888765239316, "ENV_Train_Weighted right action_epoch21": 0.911135023337712, "ENV_Train_Weighted probability to choose the right action:_epoch21": 0.8711888765239316, "ENV_Test_TotalLoss_epoch21": 314.4693948059328, "ENV_Test_Right action_epoch21": 0.796544, "ENV_Test_Probability to choose the right action_epoch21": 0.7772502235337653, "ENV_Test_Weighted right action_epoch21": 0.839368162724034, "ENV_Test_Weighted probability to choose the right action:_epoch21": 0.8193170507441673, "ENV_Test_proba_accuracy_epoch21": 0.7772502235337658, "ENV_Test_proba_accuracy_strategy_132_epoch21": 0.822616020360832, "ENV_Test_proba_accuracy_strategy_23_epoch21": 0.7700144725855966, "ENV_Test_proba_accuracy_strategy_107_epoch21": 0.8562930382082596, "ENV_Test_proba_accuracy_strategy_43_epoch21": 0.7987900186141115, "ENV_Test_proba_accuracy_strategy_17_epoch21": 0.7483106558350849, "ENV_Test_proba_accuracy_strategy_93_epoch21": 0.7867506058176501, "ENV_Test_proba_accuracy_per_mean_strategy_epoch21": 0.7971291352369225, "ENV_Test_proba_accuracy_per_mean_user_epoch21": 0.7902453817758335, "ENV_Test_proba_accuracy_per_mean_user_and_bot_epoch21": 0.8193170507441679, "ENV_Test_accuracy_epoch21": 0.796544, "ENV_Test_accuracy_strategy_132_epoch21": 0.8396600566572238, "ENV_Test_accuracy_strategy_23_epoch21": 0.7914041040555825, "ENV_Test_accuracy_strategy_107_epoch21": 0.8686371100164204, "ENV_Test_accuracy_strategy_43_epoch21": 0.8212468193384224, "ENV_Test_accuracy_strategy_17_epoch21": 0.7663339382940109, "ENV_Test_accuracy_strategy_93_epoch21": 0.8022181146025879, "ENV_Test_accuracy_per_mean_strategy_epoch21": 0.8149166904940413, "ENV_Test_accuracy_per_mean_user_epoch21": 0.8114272898517593, "ENV_Test_accuracy_per_mean_user_and_bot_epoch21": 0.839368162724035, "ENV_Train_TotalLoss_epoch22": 458.79983555625944, "ENV_Train_Right action_epoch22": 0.9140353084245397, "ENV_Train_Probability to choose the right action_epoch22": 0.8742415819533026, "ENV_Train_Weighted right action_epoch22": 0.9140353084245397, "ENV_Train_Weighted probability to choose the right action:_epoch22": 0.8742415819533026, "ENV_Test_TotalLoss_epoch22": 362.1744650523427, "ENV_Test_Right action_epoch22": 0.793024, "ENV_Test_Probability to choose the right action_epoch22": 0.7759978113442785, "ENV_Test_Weighted right action_epoch22": 0.8379570743719049, "ENV_Test_Weighted probability to choose the right action:_epoch22": 0.8176278882237503, "ENV_Test_proba_accuracy_epoch22": 0.7759978113442784, "ENV_Test_proba_accuracy_strategy_132_epoch22": 0.8238561632483048, "ENV_Test_proba_accuracy_strategy_23_epoch22": 0.7701473121941214, "ENV_Test_proba_accuracy_strategy_107_epoch22": 0.8534371596794658, "ENV_Test_proba_accuracy_strategy_43_epoch22": 0.7914685249355916, "ENV_Test_proba_accuracy_strategy_17_epoch22": 0.7470348330063079, "ENV_Test_proba_accuracy_strategy_93_epoch22": 0.783324088369987, "ENV_Test_proba_accuracy_per_mean_strategy_epoch22": 0.7948780135722964, "ENV_Test_proba_accuracy_per_mean_user_epoch22": 0.7883452116686737, "ENV_Test_proba_accuracy_per_mean_user_and_bot_epoch22": 0.8176278882237515, "ENV_Test_accuracy_epoch22": 0.793024, "ENV_Test_accuracy_strategy_132_epoch22": 0.8419263456090652, "ENV_Test_accuracy_strategy_23_epoch22": 0.78429471643238, "ENV_Test_accuracy_strategy_107_epoch22": 0.8686371100164204, "ENV_Test_accuracy_strategy_43_epoch22": 0.8180661577608143, "ENV_Test_accuracy_strategy_17_epoch22": 0.764519056261343, "ENV_Test_accuracy_strategy_93_epoch22": 0.800369685767098, "ENV_Test_accuracy_per_mean_strategy_epoch22": 0.8129688453078535, "ENV_Test_accuracy_per_mean_user_epoch22": 0.8057166975386021, "ENV_Test_accuracy_per_mean_user_and_bot_epoch22": 0.8379570743719057, "ENV_Train_TotalLoss_epoch23": 448.5224623214244, "ENV_Train_Right action_epoch23": 0.9172909212880143, "ENV_Train_Probability to choose the right action_epoch23": 0.8788337530885688, "ENV_Train_Weighted right action_epoch23": 0.9172909212880143, "ENV_Train_Weighted probability to choose the right action:_epoch23": 0.8788337530885688, "ENV_Test_TotalLoss_epoch23": 338.48187805849903, "ENV_Test_Right action_epoch23": 0.791168, "ENV_Test_Probability to choose the right action_epoch23": 0.7737474007399124, "ENV_Test_Weighted right action_epoch23": 0.8347899603456315, "ENV_Test_Weighted probability to choose the right action:_epoch23": 0.8177093057834404, "ENV_Test_proba_accuracy_epoch23": 0.7737474007399121, "ENV_Test_proba_accuracy_strategy_132_epoch23": 0.8244992286454177, "ENV_Test_proba_accuracy_strategy_23_epoch23": 0.7685862274011891, "ENV_Test_proba_accuracy_strategy_107_epoch23": 0.8535822237214634, "ENV_Test_proba_accuracy_strategy_43_epoch23": 0.7897803286643308, "ENV_Test_proba_accuracy_strategy_17_epoch23": 0.7420633269272766, "ENV_Test_proba_accuracy_strategy_93_epoch23": 0.7813312759832433, "ENV_Test_proba_accuracy_per_mean_strategy_epoch23": 0.7933071018904868, "ENV_Test_proba_accuracy_per_mean_user_epoch23": 0.786738548473529, "ENV_Test_proba_accuracy_per_mean_user_and_bot_epoch23": 0.817709305783441, "ENV_Test_accuracy_epoch23": 0.791168, "ENV_Test_accuracy_strategy_132_epoch23": 0.8413597733711048, "ENV_Test_accuracy_strategy_23_epoch23": 0.788495718209727, "ENV_Test_accuracy_strategy_107_epoch23": 0.8669950738916257, "ENV_Test_accuracy_strategy_43_epoch23": 0.80470737913486, "ENV_Test_accuracy_strategy_17_epoch23": 0.7563520871143375, "ENV_Test_accuracy_strategy_93_epoch23": 0.8040665434380776, "ENV_Test_accuracy_per_mean_strategy_epoch23": 0.8103294291932888, "ENV_Test_accuracy_per_mean_user_epoch23": 0.8040366242257649, "ENV_Test_accuracy_per_mean_user_and_bot_epoch23": 0.834789960345632, "ENV_Train_TotalLoss_epoch24": 426.09341302741433, "ENV_Train_Right action_epoch24": 0.9209330929319188, "ENV_Train_Probability to choose the right action_epoch24": 0.8841343582925288, "ENV_Train_Weighted right action_epoch24": 0.9209330929319188, "ENV_Train_Weighted probability to choose the right action:_epoch24": 0.8841343582925288, "ENV_Test_TotalLoss_epoch24": 392.4080169935124, "ENV_Test_Right action_epoch24": 0.791232, "ENV_Test_Probability to choose the right action_epoch24": 0.7805488488221775, "ENV_Test_Weighted right action_epoch24": 0.8341036366567453, "ENV_Test_Weighted probability to choose the right action:_epoch24": 0.8247247408598349, "ENV_Test_proba_accuracy_epoch24": 0.7805488488221788, "ENV_Test_proba_accuracy_strategy_132_epoch24": 0.8311896367032701, "ENV_Test_proba_accuracy_strategy_23_epoch24": 0.7773793513401736, "ENV_Test_proba_accuracy_strategy_107_epoch24": 0.86145289039858, "ENV_Test_proba_accuracy_strategy_43_epoch24": 0.7951960752676865, "ENV_Test_proba_accuracy_strategy_17_epoch24": 0.7475757409418617, "ENV_Test_proba_accuracy_strategy_93_epoch24": 0.7835844195708621, "ENV_Test_proba_accuracy_per_mean_strategy_epoch24": 0.7993963523704056, "ENV_Test_proba_accuracy_per_mean_user_epoch24": 0.7927073093232173, "ENV_Test_proba_accuracy_per_mean_user_and_bot_epoch24": 0.8247247408598357, "ENV_Test_accuracy_epoch24": 0.791232, "ENV_Test_accuracy_strategy_132_epoch24": 0.8402266288951842, "ENV_Test_accuracy_strategy_23_epoch24": 0.7886572952011633, "ENV_Test_accuracy_strategy_107_epoch24": 0.8719211822660099, "ENV_Test_accuracy_strategy_43_epoch24": 0.8085241730279898, "ENV_Test_accuracy_strategy_17_epoch24": 0.7577132486388385, "ENV_Test_accuracy_strategy_93_epoch24": 0.7920517560073937, "ENV_Test_accuracy_per_mean_strategy_epoch24": 0.80984904733943, "ENV_Test_accuracy_per_mean_user_epoch24": 0.8028546867587936, "ENV_Test_accuracy_per_mean_user_and_bot_epoch24": 0.8341036366567445, "_wandb": {"runtime": 2498}}