{"ENV_Train_TotalLoss": 667.152750384166, "ENV_Train_TotalLoss_epoch0": 1200.7086743477173, "ENV_Train_Right action": 0.8741822756499861, "ENV_Train_Right action_epoch0": 0.7414566648496792, "ENV_Train_Probability to choose the right action": 0.8196922894792813, "ENV_Train_Probability to choose the right action_epoch0": 0.6453222789635377, "ENV_Train_Weighted right action": 0.8741822756499861, "ENV_Train_Weighted right action_epoch0": 0.7414566648496792, "ENV_Train_Weighted probability to choose the right action:": 0.8196922894792813, "ENV_Train_Weighted probability to choose the right action:_epoch0": 0.6453222789635377, "_timestamp": 1720412692.6915958, "_runtime": 1997.516919851303, "_step": 49, "ENV_Test_TotalLoss": 230.95333102852177, "ENV_Test_TotalLoss_epoch0": 249.60409124498494, "ENV_Test_Right action": 0.810368, "ENV_Test_Right action_epoch0": 0.759168, "ENV_Test_Probability to choose the right action": 0.777118670025144, "ENV_Test_Probability to choose the right action_epoch0": 0.7121036263781128, "ENV_Test_Weighted right action": 0.8393299298507587, "ENV_Test_Weighted right action_epoch0": 0.8129561038692594, "ENV_Test_Weighted probability to choose the right action:": 0.8101599924105716, "ENV_Test_Weighted probability to choose the right action:_epoch0": 0.7618404355092113, "ENV_Test_proba_accuracy": 0.7771186700251428, "ENV_Test_proba_accuracy_epoch0": 0.712103626378112, "ENV_Test_proba_accuracy_strategy_132": 0.8165248108419247, "ENV_Test_proba_accuracy_strategy_132_epoch0": 0.7638082178660738, "ENV_Test_proba_accuracy_strategy_23": 0.7777963519778689, "ENV_Test_proba_accuracy_strategy_23_epoch0": 0.7056192896170184, "ENV_Test_proba_accuracy_strategy_107": 0.8368778312051954, "ENV_Test_proba_accuracy_strategy_107_epoch0": 0.7938598171419747, "ENV_Test_proba_accuracy_strategy_43": 0.7825284633892827, "ENV_Test_proba_accuracy_strategy_43_epoch0": 0.7260634115704729, "ENV_Test_proba_accuracy_strategy_17": 0.751787229303595, "ENV_Test_proba_accuracy_strategy_17_epoch0": 0.6817787749323037, "ENV_Test_proba_accuracy_strategy_93": 0.7706653005486757, "ENV_Test_proba_accuracy_strategy_93_epoch0": 0.7220949377586066, "ENV_Test_proba_accuracy_per_mean_strategy": 0.7893633312110904, "ENV_Test_proba_accuracy_per_mean_strategy_epoch0": 0.7322040748144083, "ENV_Test_proba_accuracy_per_mean_user": 0.7881734247781511, "ENV_Test_proba_accuracy_per_mean_user_epoch0": 0.729755817542043, "ENV_Test_proba_accuracy_per_mean_user_and_bot": 0.8101599924105711, "ENV_Test_proba_accuracy_per_mean_user_and_bot_epoch0": 0.7618404355092112, "ENV_Test_accuracy": 0.810368, "ENV_Test_accuracy_epoch0": 0.759168, "ENV_Test_accuracy_strategy_132": 0.8481586402266289, "ENV_Test_accuracy_strategy_132_epoch0": 0.8135977337110482, "ENV_Test_accuracy_strategy_23": 0.8099854580707707, "ENV_Test_accuracy_strategy_23_epoch0": 0.7545645500080789, "ENV_Test_accuracy_strategy_107": 0.8637110016420362, "ENV_Test_accuracy_strategy_107_epoch0": 0.8472906403940886, "ENV_Test_accuracy_strategy_43": 0.8142493638676844, "ENV_Test_accuracy_strategy_43_epoch0": 0.7709923664122137, "ENV_Test_accuracy_strategy_17": 0.7887931034482759, "ENV_Test_accuracy_strategy_17_epoch0": 0.7245916515426497, "ENV_Test_accuracy_strategy_93": 0.8031423290203327, "ENV_Test_accuracy_strategy_93_epoch0": 0.7707948243992606, "ENV_Test_accuracy_per_mean_strategy": 0.8213399827126215, "ENV_Test_accuracy_per_mean_strategy_epoch0": 0.7803052944112233, "ENV_Test_accuracy_per_mean_user": 0.8218202623530569, "ENV_Test_accuracy_per_mean_user_epoch0": 0.7797840277125688, "ENV_Test_accuracy_per_mean_user_and_bot": 0.8393299298507592, "ENV_Test_accuracy_per_mean_user_and_bot_epoch0": 0.8129561038692587, "ENV_Train_TotalLoss_epoch1": 999.219572373982, "ENV_Train_Right action_epoch1": 0.7945969364937389, "ENV_Train_Probability to choose the right action_epoch1": 0.7170450301714058, "ENV_Train_Weighted right action_epoch1": 0.7945969364937389, "ENV_Train_Weighted probability to choose the right action:_epoch1": 0.7170450301714058, "ENV_Test_TotalLoss_epoch1": 225.75356407218328, "ENV_Test_Right action_epoch1": 0.777728, "ENV_Test_Probability to choose the right action_epoch1": 0.7275120942749471, "ENV_Test_Weighted right action_epoch1": 0.8334914419477045, "ENV_Test_Weighted probability to choose the right action:_epoch1": 0.779459557347507, "ENV_Test_proba_accuracy_epoch1": 0.7275120942749472, "ENV_Test_proba_accuracy_strategy_132_epoch1": 0.7813948657393767, "ENV_Test_proba_accuracy_strategy_23_epoch1": 0.7206430731776464, "ENV_Test_proba_accuracy_strategy_107_epoch1": 0.8176556669739037, "ENV_Test_proba_accuracy_strategy_43_epoch1": 0.7469876364825733, "ENV_Test_proba_accuracy_strategy_17_epoch1": 0.6922177680520102, "ENV_Test_proba_accuracy_strategy_93_epoch1": 0.7436615229284858, "ENV_Test_proba_accuracy_per_mean_strategy_epoch1": 0.7504267555589993, "ENV_Test_proba_accuracy_per_mean_user_epoch1": 0.7450379467311803, "ENV_Test_proba_accuracy_per_mean_user_and_bot_epoch1": 0.7794595573475078, "ENV_Test_accuracy_epoch1": 0.777728, "ENV_Test_accuracy_strategy_132_epoch1": 0.830028328611898, "ENV_Test_accuracy_strategy_23_epoch1": 0.7726611730489579, "ENV_Test_accuracy_strategy_107_epoch1": 0.8719211822660099, "ENV_Test_accuracy_strategy_43_epoch1": 0.8002544529262087, "ENV_Test_accuracy_strategy_17_epoch1": 0.7397912885662432, "ENV_Test_accuracy_strategy_93_epoch1": 0.7902033271719039, "ENV_Test_accuracy_per_mean_strategy_epoch1": 0.8008099587652034, "ENV_Test_accuracy_per_mean_user_epoch1": 0.79689673601346, "ENV_Test_accuracy_per_mean_user_and_bot_epoch1": 0.8334914419477046, "ENV_Train_TotalLoss_epoch2": 946.3786545977837, "ENV_Train_Right action_epoch2": 0.8076460721274812, "ENV_Train_Probability to choose the right action_epoch2": 0.7333616174821841, "ENV_Train_Weighted right action_epoch2": 0.8076460721274812, "ENV_Train_Weighted probability to choose the right action:_epoch2": 0.7333616174821841, "ENV_Test_TotalLoss_epoch2": 225.7818225994689, "ENV_Test_Right action_epoch2": 0.784704, "ENV_Test_Probability to choose the right action_epoch2": 0.742737908556171, "ENV_Test_Weighted right action_epoch2": 0.8360508396597388, "ENV_Test_Weighted probability to choose the right action:_epoch2": 0.7932000335274324, "ENV_Test_proba_accuracy_epoch2": 0.7427379085561704, "ENV_Test_proba_accuracy_strategy_132_epoch2": 0.7962340034576489, "ENV_Test_proba_accuracy_strategy_23_epoch2": 0.7389921821931478, "ENV_Test_proba_accuracy_strategy_107_epoch2": 0.8222060178862668, "ENV_Test_proba_accuracy_strategy_43_epoch2": 0.7597592824098323, "ENV_Test_proba_accuracy_strategy_17_epoch2": 0.7069449373818444, "ENV_Test_proba_accuracy_strategy_93_epoch2": 0.753258640179166, "ENV_Test_proba_accuracy_per_mean_strategy_epoch2": 0.7628991772513176, "ENV_Test_proba_accuracy_per_mean_user_epoch2": 0.7599779548273369, "ENV_Test_proba_accuracy_per_mean_user_and_bot_epoch2": 0.793200033527433, "ENV_Test_accuracy_epoch2": 0.784704, "ENV_Test_accuracy_strategy_132_epoch2": 0.8334277620396601, "ENV_Test_accuracy_strategy_23_epoch2": 0.7831636774923251, "ENV_Test_accuracy_strategy_107_epoch2": 0.8686371100164204, "ENV_Test_accuracy_strategy_43_epoch2": 0.806615776081425, "ENV_Test_accuracy_strategy_17_epoch2": 0.7465970961887477, "ENV_Test_accuracy_strategy_93_epoch2": 0.7902033271719039, "ENV_Test_accuracy_per_mean_strategy_epoch2": 0.8047741248317469, "ENV_Test_accuracy_per_mean_user_epoch2": 0.8022272998240629, "ENV_Test_accuracy_per_mean_user_and_bot_epoch2": 0.8360508396597378, "ENV_Train_TotalLoss_epoch3": 915.0394306903656, "ENV_Train_Right action_epoch3": 0.8148588202404249, "ENV_Train_Probability to choose the right action_epoch3": 0.7433441672739183, "ENV_Train_Weighted right action_epoch3": 0.8148588202404249, "ENV_Train_Weighted probability to choose the right action:_epoch3": 0.7433441672739183, "ENV_Test_TotalLoss_epoch3": 217.03295196975003, "ENV_Test_Right action_epoch3": 0.791424, "ENV_Test_Probability to choose the right action_epoch3": 0.7481820521753162, "ENV_Test_Weighted right action_epoch3": 0.8466501644077683, "ENV_Test_Weighted probability to choose the right action:_epoch3": 0.8008298629577199, "ENV_Test_proba_accuracy_epoch3": 0.7481820521753157, "ENV_Test_proba_accuracy_strategy_132_epoch3": 0.8024427361739154, "ENV_Test_proba_accuracy_strategy_23_epoch3": 0.7443296342662225, "ENV_Test_proba_accuracy_strategy_107_epoch3": 0.8353803650477457, "ENV_Test_proba_accuracy_strategy_43_epoch3": 0.763036388378875, "ENV_Test_proba_accuracy_strategy_17_epoch3": 0.7118280913537379, "ENV_Test_proba_accuracy_strategy_93_epoch3": 0.7591487595986619, "ENV_Test_proba_accuracy_per_mean_strategy_epoch3": 0.7693609958031932, "ENV_Test_proba_accuracy_per_mean_user_epoch3": 0.7655946495323205, "ENV_Test_proba_accuracy_per_mean_user_and_bot_epoch3": 0.8008298629577203, "ENV_Test_accuracy_epoch3": 0.791424, "ENV_Test_accuracy_strategy_132_epoch3": 0.8464589235127479, "ENV_Test_accuracy_strategy_23_epoch3": 0.788495718209727, "ENV_Test_accuracy_strategy_107_epoch3": 0.8801313628899836, "ENV_Test_accuracy_strategy_43_epoch3": 0.8097964376590331, "ENV_Test_accuracy_strategy_17_epoch3": 0.7518148820326679, "ENV_Test_accuracy_strategy_93_epoch3": 0.8031423290203327, "ENV_Test_accuracy_per_mean_strategy_epoch3": 0.8133066088874153, "ENV_Test_accuracy_per_mean_user_epoch3": 0.8082097490973659, "ENV_Test_accuracy_per_mean_user_and_bot_epoch3": 0.8466501644077684, "ENV_Train_TotalLoss_epoch4": 889.9092151626498, "ENV_Train_Right action_epoch4": 0.8217420472969196, "ENV_Train_Probability to choose the right action_epoch4": 0.7508642433463179, "ENV_Train_Weighted right action_epoch4": 0.8217420472969196, "ENV_Train_Weighted probability to choose the right action:_epoch4": 0.7508642433463179, "ENV_Test_TotalLoss_epoch4": 218.3756218849043, "ENV_Test_Right action_epoch4": 0.802624, "ENV_Test_Probability to choose the right action_epoch4": 0.7522809522456343, "ENV_Test_Weighted right action_epoch4": 0.8473443630775536, "ENV_Test_Weighted probability to choose the right action:_epoch4": 0.805520127595434, "ENV_Test_proba_accuracy_epoch4": 0.7522809522456338, "ENV_Test_proba_accuracy_strategy_132_epoch4": 0.8078015738865915, "ENV_Test_proba_accuracy_strategy_23_epoch4": 0.7471995658454139, "ENV_Test_proba_accuracy_strategy_107_epoch4": 0.8406427609274294, "ENV_Test_proba_accuracy_strategy_43_epoch4": 0.7703632145386897, "ENV_Test_proba_accuracy_strategy_17_epoch4": 0.7168584368770123, "ENV_Test_proba_accuracy_strategy_93_epoch4": 0.7590827943599185, "ENV_Test_proba_accuracy_per_mean_strategy_epoch4": 0.7736580577391758, "ENV_Test_proba_accuracy_per_mean_user_epoch4": 0.7695950421951986, "ENV_Test_proba_accuracy_per_mean_user_and_bot_epoch4": 0.8055201275954332, "ENV_Test_accuracy_epoch4": 0.802624, "ENV_Test_accuracy_strategy_132_epoch4": 0.8396600566572238, "ENV_Test_accuracy_strategy_23_epoch4": 0.8067539182420423, "ENV_Test_accuracy_strategy_107_epoch4": 0.8817733990147784, "ENV_Test_accuracy_strategy_43_epoch4": 0.8059796437659033, "ENV_Test_accuracy_strategy_17_epoch4": 0.7704174228675136, "ENV_Test_accuracy_strategy_93_epoch4": 0.800369685767098, "ENV_Test_accuracy_per_mean_strategy_epoch4": 0.81749235438576, "ENV_Test_accuracy_per_mean_user_epoch4": 0.8163389245363285, "ENV_Test_accuracy_per_mean_user_and_bot_epoch4": 0.8473443630775539, "ENV_Train_TotalLoss_epoch5": 872.8849031678941, "ENV_Train_Right action_epoch5": 0.8279736698670915, "ENV_Train_Probability to choose the right action_epoch5": 0.7574877653017411, "ENV_Train_Weighted right action_epoch5": 0.8279736698670915, "ENV_Train_Weighted probability to choose the right action:_epoch5": 0.7574877653017411, "ENV_Test_TotalLoss_epoch5": 208.86089960630397, "ENV_Test_Right action_epoch5": 0.804608, "ENV_Test_Probability to choose the right action_epoch5": 0.7538108088748138, "ENV_Test_Weighted right action_epoch5": 0.8510495438182206, "ENV_Test_Weighted probability to choose the right action:_epoch5": 0.8034851298713084, "ENV_Test_proba_accuracy_epoch5": 0.7538108088748131, "ENV_Test_proba_accuracy_strategy_132_epoch5": 0.8073018749584202, "ENV_Test_proba_accuracy_strategy_23_epoch5": 0.7502332657933246, "ENV_Test_proba_accuracy_strategy_107_epoch5": 0.8372943897583207, "ENV_Test_proba_accuracy_strategy_43_epoch5": 0.76749141185664, "ENV_Test_proba_accuracy_strategy_17_epoch5": 0.7185477137193726, "ENV_Test_proba_accuracy_strategy_93_epoch5": 0.763812654802224, "ENV_Test_proba_accuracy_per_mean_strategy_epoch5": 0.774113551814717, "ENV_Test_proba_accuracy_per_mean_user_epoch5": 0.7697154256248173, "ENV_Test_proba_accuracy_per_mean_user_and_bot_epoch5": 0.8034851298713098, "ENV_Test_accuracy_epoch5": 0.804608, "ENV_Test_accuracy_strategy_132_epoch5": 0.8436260623229461, "ENV_Test_accuracy_strategy_23_epoch5": 0.8057844562934238, "ENV_Test_accuracy_strategy_107_epoch5": 0.8817733990147784, "ENV_Test_accuracy_strategy_43_epoch5": 0.8097964376590331, "ENV_Test_accuracy_strategy_17_epoch5": 0.7745009074410163, "ENV_Test_accuracy_strategy_93_epoch5": 0.8059149722735675, "ENV_Test_accuracy_per_mean_strategy_epoch5": 0.8202327058341276, "ENV_Test_accuracy_per_mean_user_epoch5": 0.8193465009772001, "ENV_Test_accuracy_per_mean_user_and_bot_epoch5": 0.8510495438182205, "ENV_Train_TotalLoss_epoch6": 851.5884769555798, "ENV_Train_Right action_epoch6": 0.8323713962295792, "ENV_Train_Probability to choose the right action_epoch6": 0.7637000128673931, "ENV_Train_Weighted right action_epoch6": 0.8323713962295792, "ENV_Train_Weighted probability to choose the right action:_epoch6": 0.7637000128673931, "ENV_Test_TotalLoss_epoch6": 213.43820090177582, "ENV_Test_Right action_epoch6": 0.805952, "ENV_Test_Probability to choose the right action_epoch6": 0.7606970161119421, "ENV_Test_Weighted right action_epoch6": 0.8471273665011236, "ENV_Test_Weighted probability to choose the right action:_epoch6": 0.8078302997555606, "ENV_Test_proba_accuracy_epoch6": 0.760697016111942, "ENV_Test_proba_accuracy_strategy_132_epoch6": 0.8070145755575112, "ENV_Test_proba_accuracy_strategy_23_epoch6": 0.7582703920585327, "ENV_Test_proba_accuracy_strategy_107_epoch6": 0.8455512996292825, "ENV_Test_proba_accuracy_strategy_43_epoch6": 0.7728833710320202, "ENV_Test_proba_accuracy_strategy_17_epoch6": 0.7271904492111938, "ENV_Test_proba_accuracy_strategy_93_epoch6": 0.7700608073755243, "ENV_Test_proba_accuracy_per_mean_strategy_epoch6": 0.7801618158106777, "ENV_Test_proba_accuracy_per_mean_user_epoch6": 0.775383996474038, "ENV_Test_proba_accuracy_per_mean_user_and_bot_epoch6": 0.8078302997555603, "ENV_Test_accuracy_epoch6": 0.805952, "ENV_Test_accuracy_strategy_132_epoch6": 0.8373937677053824, "ENV_Test_accuracy_strategy_23_epoch6": 0.8085312651478429, "ENV_Test_accuracy_strategy_107_epoch6": 0.8866995073891626, "ENV_Test_accuracy_strategy_43_epoch6": 0.806615776081425, "ENV_Test_accuracy_strategy_17_epoch6": 0.7769963702359347, "ENV_Test_accuracy_strategy_93_epoch6": 0.8114602587800369, "ENV_Test_accuracy_per_mean_strategy_epoch6": 0.8212828242232973, "ENV_Test_accuracy_per_mean_user_epoch6": 0.818059811329942, "ENV_Test_accuracy_per_mean_user_and_bot_epoch6": 0.8471273665011237, "ENV_Train_TotalLoss_epoch7": 838.00222827313, "ENV_Train_Right action_epoch7": 0.8339809896561364, "ENV_Train_Probability to choose the right action_epoch7": 0.7678555191862487, "ENV_Train_Weighted right action_epoch7": 0.8339809896561364, "ENV_Train_Weighted probability to choose the right action:_epoch7": 0.7678555191862487, "ENV_Test_TotalLoss_epoch7": 207.1389666175586, "ENV_Test_Right action_epoch7": 0.812032, "ENV_Test_Probability to choose the right action_epoch7": 0.762479461863204, "ENV_Test_Weighted right action_epoch7": 0.8528898554731903, "ENV_Test_Weighted probability to choose the right action:_epoch7": 0.8036729720013761, "ENV_Test_proba_accuracy_epoch7": 0.7624794618632035, "ENV_Test_proba_accuracy_strategy_132_epoch7": 0.8092083289271685, "ENV_Test_proba_accuracy_strategy_23_epoch7": 0.7630120503305997, "ENV_Test_proba_accuracy_strategy_107_epoch7": 0.8305533498742408, "ENV_Test_proba_accuracy_strategy_43_epoch7": 0.7657495058255366, "ENV_Test_proba_accuracy_strategy_17_epoch7": 0.7301843329865509, "ENV_Test_proba_accuracy_strategy_93_epoch7": 0.771709388654479, "ENV_Test_proba_accuracy_per_mean_strategy_epoch7": 0.7784028260997626, "ENV_Test_proba_accuracy_per_mean_user_epoch7": 0.7750615556234351, "ENV_Test_proba_accuracy_per_mean_user_and_bot_epoch7": 0.8036729720013762, "ENV_Test_accuracy_epoch7": 0.812032, "ENV_Test_accuracy_strategy_132_epoch7": 0.8509915014164305, "ENV_Test_accuracy_strategy_23_epoch7": 0.8149943448052998, "ENV_Test_accuracy_strategy_107_epoch7": 0.8801313628899836, "ENV_Test_accuracy_strategy_43_epoch7": 0.8129770992366412, "ENV_Test_accuracy_strategy_17_epoch7": 0.7813067150635209, "ENV_Test_accuracy_strategy_93_epoch7": 0.8170055452865065, "ENV_Test_accuracy_per_mean_strategy_epoch7": 0.826234428116397, "ENV_Test_accuracy_per_mean_user_epoch7": 0.8245231044128927, "ENV_Test_accuracy_per_mean_user_and_bot_epoch7": 0.8528898554731902, "ENV_Train_TotalLoss_epoch8": 822.8670897626534, "ENV_Train_Right action_epoch8": 0.839262260723767, "ENV_Train_Probability to choose the right action_epoch8": 0.772704254031193, "ENV_Train_Weighted right action_epoch8": 0.839262260723767, "ENV_Train_Weighted probability to choose the right action:_epoch8": 0.772704254031193, "ENV_Test_TotalLoss_epoch8": 208.51543394056984, "ENV_Test_Right action_epoch8": 0.813312, "ENV_Test_Probability to choose the right action_epoch8": 0.7680405173915288, "ENV_Test_Weighted right action_epoch8": 0.8516872243585756, "ENV_Test_Weighted probability to choose the right action:_epoch8": 0.8116633215075859, "ENV_Test_proba_accuracy_epoch8": 0.7680405173915285, "ENV_Test_proba_accuracy_strategy_132_epoch8": 0.816157230812943, "ENV_Test_proba_accuracy_strategy_23_epoch8": 0.7665947029340067, "ENV_Test_proba_accuracy_strategy_107_epoch8": 0.8406716089095496, "ENV_Test_proba_accuracy_strategy_43_epoch8": 0.7768290911152913, "ENV_Test_proba_accuracy_strategy_17_epoch8": 0.7368182406368098, "ENV_Test_proba_accuracy_strategy_93_epoch8": 0.771369509808699, "ENV_Test_proba_accuracy_per_mean_strategy_epoch8": 0.7847400640362167, "ENV_Test_proba_accuracy_per_mean_user_epoch8": 0.7825493898265908, "ENV_Test_proba_accuracy_per_mean_user_and_bot_epoch8": 0.8116633215075856, "ENV_Test_accuracy_epoch8": 0.813312, "ENV_Test_accuracy_strategy_132_epoch8": 0.8538243626062323, "ENV_Test_accuracy_strategy_23_epoch8": 0.8141864598481177, "ENV_Test_accuracy_strategy_107_epoch8": 0.8752052545155994, "ENV_Test_accuracy_strategy_43_epoch8": 0.8199745547073791, "ENV_Test_accuracy_strategy_17_epoch8": 0.7862976406533575, "ENV_Test_accuracy_strategy_93_epoch8": 0.8077634011090573, "ENV_Test_accuracy_per_mean_strategy_epoch8": 0.8262086122399572, "ENV_Test_accuracy_per_mean_user_epoch8": 0.8258579890820494, "ENV_Test_accuracy_per_mean_user_and_bot_epoch8": 0.8516872243585754, "ENV_Train_TotalLoss_epoch9": 807.9510621217789, "ENV_Train_Right action_epoch9": 0.8424377970366229, "ENV_Train_Probability to choose the right action_epoch9": 0.7776407899546504, "ENV_Train_Weighted right action_epoch9": 0.8424377970366229, "ENV_Train_Weighted probability to choose the right action:_epoch9": 0.7776407899546504, "ENV_Test_TotalLoss_epoch9": 207.99629486777744, "ENV_Test_Right action_epoch9": 0.816832, "ENV_Test_Probability to choose the right action_epoch9": 0.770936948824608, "ENV_Test_Weighted right action_epoch9": 0.8544864480020827, "ENV_Test_Weighted probability to choose the right action:_epoch9": 0.8136816891053904, "ENV_Test_proba_accuracy_epoch9": 0.7709369488246075, "ENV_Test_proba_accuracy_strategy_132_epoch9": 0.8161626914003971, "ENV_Test_proba_accuracy_strategy_23_epoch9": 0.7705845515662406, "ENV_Test_proba_accuracy_strategy_107_epoch9": 0.842138225790611, "ENV_Test_proba_accuracy_strategy_43_epoch9": 0.7749334640120285, "ENV_Test_proba_accuracy_strategy_17_epoch9": 0.7404891063335522, "ENV_Test_proba_accuracy_strategy_93_epoch9": 0.7773394822251742, "ENV_Test_proba_accuracy_per_mean_strategy_epoch9": 0.7869412535546673, "ENV_Test_proba_accuracy_per_mean_user_epoch9": 0.7837800888292424, "ENV_Test_proba_accuracy_per_mean_user_and_bot_epoch9": 0.8136816891053914, "ENV_Test_accuracy_epoch9": 0.816832, "ENV_Test_accuracy_strategy_132_epoch9": 0.8487252124645892, "ENV_Test_accuracy_strategy_23_epoch9": 0.8175795766682824, "ENV_Test_accuracy_strategy_107_epoch9": 0.8916256157635468, "ENV_Test_accuracy_strategy_43_epoch9": 0.8155216284987278, "ENV_Test_accuracy_strategy_17_epoch9": 0.792649727767695, "ENV_Test_accuracy_strategy_93_epoch9": 0.8188539741219963, "ENV_Test_accuracy_per_mean_strategy_epoch9": 0.8308259558808063, "ENV_Test_accuracy_per_mean_user_epoch9": 0.8267115082976325, "ENV_Test_accuracy_per_mean_user_and_bot_epoch9": 0.8544864480020827, "ENV_Train_TotalLoss_epoch10": 792.078799016258, "ENV_Train_Right action_epoch10": 0.8472323175845681, "ENV_Train_Probability to choose the right action_epoch10": 0.7823375335408641, "ENV_Train_Weighted right action_epoch10": 0.8472323175845681, "ENV_Train_Weighted probability to choose the right action:_epoch10": 0.7823375335408641, "ENV_Test_TotalLoss_epoch10": 205.1392911149681, "ENV_Test_Right action_epoch10": 0.816448, "ENV_Test_Probability to choose the right action_epoch10": 0.7713008728661572, "ENV_Test_Weighted right action_epoch10": 0.8540327919584777, "ENV_Test_Weighted probability to choose the right action:_epoch10": 0.8134430134367657, "ENV_Test_proba_accuracy_epoch10": 0.771300872866158, "ENV_Test_proba_accuracy_strategy_132_epoch10": 0.8173279609252606, "ENV_Test_proba_accuracy_strategy_23_epoch10": 0.7709471018700722, "ENV_Test_proba_accuracy_strategy_107_epoch10": 0.8392921703309547, "ENV_Test_proba_accuracy_strategy_43_epoch10": 0.7779353726713986, "ENV_Test_proba_accuracy_strategy_17_epoch10": 0.7399746495843668, "ENV_Test_proba_accuracy_strategy_93_epoch10": 0.7779566368649528, "ENV_Test_proba_accuracy_per_mean_strategy_epoch10": 0.7872389820411675, "ENV_Test_proba_accuracy_per_mean_user_epoch10": 0.7857828703238042, "ENV_Test_proba_accuracy_per_mean_user_and_bot_epoch10": 0.8134430134367664, "ENV_Test_accuracy_epoch10": 0.816448, "ENV_Test_accuracy_strategy_132_epoch10": 0.856657223796034, "ENV_Test_accuracy_strategy_23_epoch10": 0.8187106156083374, "ENV_Test_accuracy_strategy_107_epoch10": 0.8801313628899836, "ENV_Test_accuracy_strategy_43_epoch10": 0.8129770992366412, "ENV_Test_accuracy_strategy_17_epoch10": 0.7892468239564429, "ENV_Test_accuracy_strategy_93_epoch10": 0.8179297597042514, "ENV_Test_accuracy_per_mean_strategy_epoch10": 0.8292754808652818, "ENV_Test_accuracy_per_mean_user_epoch10": 0.8293431177316322, "ENV_Test_accuracy_per_mean_user_and_bot_epoch10": 0.8540327919584781, "ENV_Train_TotalLoss_epoch11": 782.6943012738376, "ENV_Train_Right action_epoch11": 0.8480451768915727, "ENV_Train_Probability to choose the right action_epoch11": 0.7849723768820367, "ENV_Train_Weighted right action_epoch11": 0.8480451768915727, "ENV_Train_Weighted probability to choose the right action:_epoch11": 0.7849723768820367, "ENV_Test_TotalLoss_epoch11": 211.3598029376303, "ENV_Test_Right action_epoch11": 0.819136, "ENV_Test_Probability to choose the right action_epoch11": 0.7764778684357915, "ENV_Test_Weighted right action_epoch11": 0.8540872499410239, "ENV_Test_Weighted probability to choose the right action:_epoch11": 0.8165880275424368, "ENV_Test_proba_accuracy_epoch11": 0.7764778684357918, "ENV_Test_proba_accuracy_strategy_132_epoch11": 0.8173550280531356, "ENV_Test_proba_accuracy_strategy_23_epoch11": 0.7759771290115345, "ENV_Test_proba_accuracy_strategy_107_epoch11": 0.8492334473329433, "ENV_Test_proba_accuracy_strategy_43_epoch11": 0.7806979963462735, "ENV_Test_proba_accuracy_strategy_17_epoch11": 0.7486284303307098, "ENV_Test_proba_accuracy_strategy_93_epoch11": 0.7790370404465834, "ENV_Test_proba_accuracy_per_mean_strategy_epoch11": 0.7918215119201967, "ENV_Test_proba_accuracy_per_mean_user_epoch11": 0.7893690143535613, "ENV_Test_proba_accuracy_per_mean_user_and_bot_epoch11": 0.816588027542436, "ENV_Test_accuracy_epoch11": 0.819136, "ENV_Test_accuracy_strategy_132_epoch11": 0.8521246458923513, "ENV_Test_accuracy_strategy_23_epoch11": 0.8219421554370657, "ENV_Test_accuracy_strategy_107_epoch11": 0.8850574712643678, "ENV_Test_accuracy_strategy_43_epoch11": 0.8097964376590331, "ENV_Test_accuracy_strategy_17_epoch11": 0.79491833030853, "ENV_Test_accuracy_strategy_93_epoch11": 0.8243992606284658, "ENV_Test_accuracy_per_mean_strategy_epoch11": 0.8313730501983022, "ENV_Test_accuracy_per_mean_user_epoch11": 0.8303146391798657, "ENV_Test_accuracy_per_mean_user_and_bot_epoch11": 0.8540872499410244, "ENV_Train_TotalLoss_epoch12": 768.9134614601502, "ENV_Train_Right action_epoch12": 0.851432164314657, "ENV_Train_Probability to choose the right action_epoch12": 0.7894160231656504, "ENV_Train_Weighted right action_epoch12": 0.851432164314657, "ENV_Train_Weighted probability to choose the right action:_epoch12": 0.7894160231656504, "ENV_Test_TotalLoss_epoch12": 209.58910433787366, "ENV_Test_Right action_epoch12": 0.810752, "ENV_Test_Probability to choose the right action_epoch12": 0.770057892350381, "ENV_Test_Weighted right action_epoch12": 0.8507844960980645, "ENV_Test_Weighted probability to choose the right action:_epoch12": 0.8122177478581781, "ENV_Test_proba_accuracy_epoch12": 0.7700578923503816, "ENV_Test_proba_accuracy_strategy_132_epoch12": 0.8110384455697875, "ENV_Test_proba_accuracy_strategy_23_epoch12": 0.7713468895441021, "ENV_Test_proba_accuracy_strategy_107_epoch12": 0.8402440688965085, "ENV_Test_proba_accuracy_strategy_43_epoch12": 0.7791490150411507, "ENV_Test_proba_accuracy_strategy_17_epoch12": 0.7375963466584942, "ENV_Test_proba_accuracy_strategy_93_epoch12": 0.7753698950852894, "ENV_Test_proba_accuracy_per_mean_strategy_epoch12": 0.7857907767992222, "ENV_Test_proba_accuracy_per_mean_user_epoch12": 0.7834952670271838, "ENV_Test_proba_accuracy_per_mean_user_and_bot_epoch12": 0.8122177478581784, "ENV_Test_accuracy_epoch12": 0.810752, "ENV_Test_accuracy_strategy_132_epoch12": 0.8436260623229461, "ENV_Test_accuracy_strategy_23_epoch12": 0.814348036839554, "ENV_Test_accuracy_strategy_107_epoch12": 0.8686371100164204, "ENV_Test_accuracy_strategy_43_epoch12": 0.8148854961832062, "ENV_Test_accuracy_strategy_17_epoch12": 0.7813067150635209, "ENV_Test_accuracy_strategy_93_epoch12": 0.8179297597042514, "ENV_Test_accuracy_per_mean_strategy_epoch12": 0.8234555300216498, "ENV_Test_accuracy_per_mean_user_epoch12": 0.8240960251695558, "ENV_Test_accuracy_per_mean_user_and_bot_epoch12": 0.8507844960980646, "ENV_Train_TotalLoss_epoch13": 757.2840130022009, "ENV_Train_Right action_epoch13": 0.8542161603175047, "ENV_Train_Probability to choose the right action_epoch13": 0.7922372709825061, "ENV_Train_Weighted right action_epoch13": 0.8542161603175047, "ENV_Train_Weighted probability to choose the right action:_epoch13": 0.7922372709825061, "ENV_Test_TotalLoss_epoch13": 213.69260486605435, "ENV_Test_Right action_epoch13": 0.81504, "ENV_Test_Probability to choose the right action_epoch13": 0.76969283248303, "ENV_Test_Weighted right action_epoch13": 0.8516077618447425, "ENV_Test_Weighted probability to choose the right action:_epoch13": 0.8097050489284813, "ENV_Test_proba_accuracy_epoch13": 0.7696928324830304, "ENV_Test_proba_accuracy_strategy_132_epoch13": 0.8115701977765842, "ENV_Test_proba_accuracy_strategy_23_epoch13": 0.7683363067772556, "ENV_Test_proba_accuracy_strategy_107_epoch13": 0.8346440054917341, "ENV_Test_proba_accuracy_strategy_43_epoch13": 0.7809400829541203, "ENV_Test_proba_accuracy_strategy_17_epoch13": 0.7409778746783497, "ENV_Test_proba_accuracy_strategy_93_epoch13": 0.7732247915866319, "ENV_Test_proba_accuracy_per_mean_strategy_epoch13": 0.7849488765441127, "ENV_Test_proba_accuracy_per_mean_user_epoch13": 0.7831264819432606, "ENV_Test_proba_accuracy_per_mean_user_and_bot_epoch13": 0.8097050489284809, "ENV_Test_accuracy_epoch13": 0.81504, "ENV_Test_accuracy_strategy_132_epoch13": 0.8464589235127479, "ENV_Test_accuracy_strategy_23_epoch13": 0.8146711908224269, "ENV_Test_accuracy_strategy_107_epoch13": 0.8604269293924466, "ENV_Test_accuracy_strategy_43_epoch13": 0.8326972010178118, "ENV_Test_accuracy_strategy_17_epoch13": 0.7906079854809437, "ENV_Test_accuracy_strategy_93_epoch13": 0.8142329020332717, "ENV_Test_accuracy_per_mean_strategy_epoch13": 0.8265158553766082, "ENV_Test_accuracy_per_mean_user_epoch13": 0.8261188144138188, "ENV_Test_accuracy_per_mean_user_and_bot_epoch13": 0.8516077618447424, "ENV_Train_TotalLoss_epoch14": 747.6259022609321, "ENV_Train_Right action_epoch14": 0.8563202325711411, "ENV_Train_Probability to choose the right action_epoch14": 0.795657682721441, "ENV_Train_Weighted right action_epoch14": 0.8563202325711411, "ENV_Train_Weighted probability to choose the right action:_epoch14": 0.795657682721441, "ENV_Test_TotalLoss_epoch14": 215.84105950929145, "ENV_Test_Right action_epoch14": 0.815424, "ENV_Test_Probability to choose the right action_epoch14": 0.7786965569543915, "ENV_Test_Weighted right action_epoch14": 0.8537739105185065, "ENV_Test_Weighted probability to choose the right action:_epoch14": 0.8207833556602535, "ENV_Test_proba_accuracy_epoch14": 0.7786965569543914, "ENV_Test_proba_accuracy_strategy_132_epoch14": 0.8230945057191598, "ENV_Test_proba_accuracy_strategy_23_epoch14": 0.7776644154924718, "ENV_Test_proba_accuracy_strategy_107_epoch14": 0.850976358629917, "ENV_Test_proba_accuracy_strategy_43_epoch14": 0.7867291182624467, "ENV_Test_proba_accuracy_strategy_17_epoch14": 0.7496275851750431, "ENV_Test_proba_accuracy_strategy_93_epoch14": 0.7782492241861041, "ENV_Test_proba_accuracy_per_mean_strategy_epoch14": 0.7943902012441905, "ENV_Test_proba_accuracy_per_mean_user_epoch14": 0.7922129339256966, "ENV_Test_proba_accuracy_per_mean_user_and_bot_epoch14": 0.8207833556602543, "ENV_Test_accuracy_epoch14": 0.815424, "ENV_Test_accuracy_strategy_132_epoch14": 0.8475920679886686, "ENV_Test_accuracy_strategy_23_epoch14": 0.8159638067539182, "ENV_Test_accuracy_strategy_107_epoch14": 0.8817733990147784, "ENV_Test_accuracy_strategy_43_epoch14": 0.8256997455470738, "ENV_Test_accuracy_strategy_17_epoch14": 0.7899274047186933, "ENV_Test_accuracy_strategy_93_epoch14": 0.8114602587800369, "ENV_Test_accuracy_per_mean_strategy_epoch14": 0.8287361138005283, "ENV_Test_accuracy_per_mean_user_epoch14": 0.8265731914980723, "ENV_Test_accuracy_per_mean_user_and_bot_epoch14": 0.8537739105185055, "ENV_Train_TotalLoss_epoch15": 732.205254865909, "ENV_Train_Right action_epoch15": 0.8590177223682004, "ENV_Train_Probability to choose the right action_epoch15": 0.7995868397357607, "ENV_Train_Weighted right action_epoch15": 0.8590177223682004, "ENV_Train_Weighted probability to choose the right action:_epoch15": 0.7995868397357607, "ENV_Test_TotalLoss_epoch15": 214.89462011130666, "ENV_Test_Right action_epoch15": 0.81952, "ENV_Test_Probability to choose the right action_epoch15": 0.7806869341147207, "ENV_Test_Weighted right action_epoch15": 0.8550074325365875, "ENV_Test_Weighted probability to choose the right action:_epoch15": 0.8199835759897772, "ENV_Test_proba_accuracy_epoch15": 0.7806869341147205, "ENV_Test_proba_accuracy_strategy_132_epoch15": 0.8225228533223444, "ENV_Test_proba_accuracy_strategy_23_epoch15": 0.782136582558897, "ENV_Test_proba_accuracy_strategy_107_epoch15": 0.8515201618702398, "ENV_Test_proba_accuracy_strategy_43_epoch15": 0.787078267803225, "ENV_Test_proba_accuracy_strategy_17_epoch15": 0.7497227299469452, "ENV_Test_proba_accuracy_strategy_93_epoch15": 0.7811428750460043, "ENV_Test_proba_accuracy_per_mean_strategy_epoch15": 0.7956872450912759, "ENV_Test_proba_accuracy_per_mean_user_epoch15": 0.7926436571600197, "ENV_Test_proba_accuracy_per_mean_user_and_bot_epoch15": 0.8199835759897763, "ENV_Test_accuracy_epoch15": 0.81952, "ENV_Test_accuracy_strategy_132_epoch15": 0.851558073654391, "ENV_Test_accuracy_strategy_23_epoch15": 0.8250121182743577, "ENV_Test_accuracy_strategy_107_epoch15": 0.8850574712643678, "ENV_Test_accuracy_strategy_43_epoch15": 0.8231552162849872, "ENV_Test_accuracy_strategy_17_epoch15": 0.7897005444646098, "ENV_Test_accuracy_strategy_93_epoch15": 0.8151571164510166, "ENV_Test_accuracy_per_mean_strategy_epoch15": 0.8316067567322883, "ENV_Test_accuracy_per_mean_user_epoch15": 0.8288742944888497, "ENV_Test_accuracy_per_mean_user_and_bot_epoch15": 0.855007432536588, "ENV_Train_TotalLoss_epoch16": 727.1175819165719, "ENV_Train_Right action_epoch16": 0.8609228016717219, "ENV_Train_Probability to choose the right action_epoch16": 0.8018772036582592, "ENV_Train_Weighted right action_epoch16": 0.8609228016717219, "ENV_Train_Weighted probability to choose the right action:_epoch16": 0.8018772036582592, "ENV_Test_TotalLoss_epoch16": 221.85434908888953, "ENV_Test_Right action_epoch16": 0.819968, "ENV_Test_Probability to choose the right action_epoch16": 0.7847965052313841, "ENV_Test_Weighted right action_epoch16": 0.8531059369596654, "ENV_Test_Weighted probability to choose the right action:_epoch16": 0.8236986996196786, "ENV_Test_proba_accuracy_epoch16": 0.7847965052313827, "ENV_Test_proba_accuracy_strategy_132_epoch16": 0.82578212249566, "ENV_Test_proba_accuracy_strategy_23_epoch16": 0.78504804998954, "ENV_Test_proba_accuracy_strategy_107_epoch16": 0.8546530781022806, "ENV_Test_proba_accuracy_strategy_43_epoch16": 0.7901274605498434, "ENV_Test_proba_accuracy_strategy_17_epoch16": 0.7563099137706512, "ENV_Test_proba_accuracy_strategy_93_epoch16": 0.7854892552685567, "ENV_Test_proba_accuracy_per_mean_strategy_epoch16": 0.7995683133627552, "ENV_Test_proba_accuracy_per_mean_user_epoch16": 0.7971559384927474, "ENV_Test_proba_accuracy_per_mean_user_and_bot_epoch16": 0.823698699619679, "ENV_Test_accuracy_epoch16": 0.819968, "ENV_Test_accuracy_strategy_132_epoch16": 0.8475920679886686, "ENV_Test_accuracy_strategy_23_epoch16": 0.8214574244627565, "ENV_Test_accuracy_strategy_107_epoch16": 0.8784893267651889, "ENV_Test_accuracy_strategy_43_epoch16": 0.8256997455470738, "ENV_Test_accuracy_strategy_17_epoch16": 0.7958257713248639, "ENV_Test_accuracy_strategy_93_epoch16": 0.8234750462107209, "ENV_Test_accuracy_per_mean_strategy_epoch16": 0.8320898970498788, "ENV_Test_accuracy_per_mean_user_epoch16": 0.8307065827214606, "ENV_Test_accuracy_per_mean_user_and_bot_epoch16": 0.8531059369596652, "ENV_Train_TotalLoss_epoch17": 718.110787930956, "ENV_Train_Right action_epoch17": 0.8631935028446023, "ENV_Train_Probability to choose the right action_epoch17": 0.8044373068523281, "ENV_Train_Weighted right action_epoch17": 0.8631935028446023, "ENV_Train_Weighted probability to choose the right action:_epoch17": 0.8044373068523281, "ENV_Test_TotalLoss_epoch17": 216.1277317883271, "ENV_Test_Right action_epoch17": 0.818048, "ENV_Test_Probability to choose the right action_epoch17": 0.7793691024840521, "ENV_Test_Weighted right action_epoch17": 0.8545878571201242, "ENV_Test_Weighted probability to choose the right action:_epoch17": 0.8196731377019092, "ENV_Test_proba_accuracy_epoch17": 0.7793691024840521, "ENV_Test_proba_accuracy_strategy_132_epoch17": 0.8215502083752514, "ENV_Test_proba_accuracy_strategy_23_epoch17": 0.7790725244468591, "ENV_Test_proba_accuracy_strategy_107_epoch17": 0.8482297209111883, "ENV_Test_proba_accuracy_strategy_43_epoch17": 0.7875998701198963, "ENV_Test_proba_accuracy_strategy_17_epoch17": 0.7508226664915842, "ENV_Test_proba_accuracy_strategy_93_epoch17": 0.7778383040398241, "ENV_Test_proba_accuracy_per_mean_strategy_epoch17": 0.7941855490641005, "ENV_Test_proba_accuracy_per_mean_user_epoch17": 0.7928223985583297, "ENV_Test_proba_accuracy_per_mean_user_and_bot_epoch17": 0.8196731377019102, "ENV_Test_accuracy_epoch17": 0.818048, "ENV_Test_accuracy_strategy_132_epoch17": 0.853257790368272, "ENV_Test_accuracy_strategy_23_epoch17": 0.8177411536597189, "ENV_Test_accuracy_strategy_107_epoch17": 0.8768472906403941, "ENV_Test_accuracy_strategy_43_epoch17": 0.8282442748091603, "ENV_Test_accuracy_strategy_17_epoch17": 0.794010889292196, "ENV_Test_accuracy_strategy_93_epoch17": 0.8123844731977818, "ENV_Test_accuracy_per_mean_strategy_epoch17": 0.8304143119945873, "ENV_Test_accuracy_per_mean_user_epoch17": 0.8291395836524618, "ENV_Test_accuracy_per_mean_user_and_bot_epoch17": 0.8545878571201245, "ENV_Train_TotalLoss_epoch18": 706.7571327825351, "ENV_Train_Right action_epoch18": 0.8653219831984457, "ENV_Train_Probability to choose the right action_epoch18": 0.8076213050352355, "ENV_Train_Weighted right action_epoch18": 0.8653219831984457, "ENV_Train_Weighted probability to choose the right action:_epoch18": 0.8076213050352355, "ENV_Test_TotalLoss_epoch18": 222.83560787681614, "ENV_Test_Right action_epoch18": 0.816192, "ENV_Test_Probability to choose the right action_epoch18": 0.7820640391331677, "ENV_Test_Weighted right action_epoch18": 0.8515520073337471, "ENV_Test_Weighted probability to choose the right action:_epoch18": 0.8195123905464484, "ENV_Test_proba_accuracy_epoch18": 0.7820640391331687, "ENV_Test_proba_accuracy_strategy_132_epoch18": 0.8198049441088927, "ENV_Test_proba_accuracy_strategy_23_epoch18": 0.7822118365511261, "ENV_Test_proba_accuracy_strategy_107_epoch18": 0.8449847844732711, "ENV_Test_proba_accuracy_strategy_43_epoch18": 0.7886750509607126, "ENV_Test_proba_accuracy_strategy_17_epoch18": 0.756164082759239, "ENV_Test_proba_accuracy_strategy_93_epoch18": 0.7801493881991275, "ENV_Test_proba_accuracy_per_mean_strategy_epoch18": 0.7953316811753948, "ENV_Test_proba_accuracy_per_mean_user_epoch18": 0.7943909269789028, "ENV_Test_proba_accuracy_per_mean_user_and_bot_epoch18": 0.8195123905464481, "ENV_Test_accuracy_epoch18": 0.816192, "ENV_Test_accuracy_strategy_132_epoch18": 0.8543909348441926, "ENV_Test_accuracy_strategy_23_epoch18": 0.8161253837453547, "ENV_Test_accuracy_strategy_107_epoch18": 0.8735632183908046, "ENV_Test_accuracy_strategy_43_epoch18": 0.8199745547073791, "ENV_Test_accuracy_strategy_17_epoch18": 0.7910617059891107, "ENV_Test_accuracy_strategy_93_epoch18": 0.8188539741219963, "ENV_Test_accuracy_per_mean_strategy_epoch18": 0.828994961966473, "ENV_Test_accuracy_per_mean_user_epoch18": 0.8272620744740877, "ENV_Test_accuracy_per_mean_user_and_bot_epoch18": 0.8515520073337463, "ENV_Train_TotalLoss_epoch19": 700.366175126293, "ENV_Train_Right action_epoch19": 0.8670756932021467, "ENV_Train_Probability to choose the right action_epoch19": 0.8091228764682946, "ENV_Train_Weighted right action_epoch19": 0.8670756932021467, "ENV_Train_Weighted probability to choose the right action:_epoch19": 0.8091228764682946, "ENV_Test_TotalLoss_epoch19": 224.3741967112477, "ENV_Test_Right action_epoch19": 0.81504, "ENV_Test_Probability to choose the right action_epoch19": 0.7817891691785778, "ENV_Test_Weighted right action_epoch19": 0.8555419856815191, "ENV_Test_Weighted probability to choose the right action:_epoch19": 0.8245158626468837, "ENV_Test_proba_accuracy_epoch19": 0.781789169178578, "ENV_Test_proba_accuracy_strategy_132_epoch19": 0.823432021729952, "ENV_Test_proba_accuracy_strategy_23_epoch19": 0.7813703621434862, "ENV_Test_proba_accuracy_strategy_107_epoch19": 0.8522811281591145, "ENV_Test_proba_accuracy_strategy_43_epoch19": 0.7934604982454768, "ENV_Test_proba_accuracy_strategy_17_epoch19": 0.7517049985879155, "ENV_Test_proba_accuracy_strategy_93_epoch19": 0.7821833037796266, "ENV_Test_proba_accuracy_per_mean_strategy_epoch19": 0.7974053854409288, "ENV_Test_proba_accuracy_per_mean_user_epoch19": 0.7959343346720497, "ENV_Test_proba_accuracy_per_mean_user_and_bot_epoch19": 0.824515862646884, "ENV_Test_accuracy_epoch19": 0.81504, "ENV_Test_accuracy_strategy_132_epoch19": 0.8487252124645892, "ENV_Test_accuracy_strategy_23_epoch19": 0.8158022297624818, "ENV_Test_accuracy_strategy_107_epoch19": 0.8719211822660099, "ENV_Test_accuracy_strategy_43_epoch19": 0.823791348600509, "ENV_Test_accuracy_strategy_17_epoch19": 0.7894736842105263, "ENV_Test_accuracy_strategy_93_epoch19": 0.8151571164510166, "ENV_Test_accuracy_per_mean_strategy_epoch19": 0.8274784622925221, "ENV_Test_accuracy_per_mean_user_epoch19": 0.8282252199224333, "ENV_Test_accuracy_per_mean_user_and_bot_epoch19": 0.8555419856815184, "ENV_Train_TotalLoss_epoch20": 690.5305673051022, "ENV_Train_Right action_epoch20": 0.8688025048573546, "ENV_Train_Probability to choose the right action_epoch20": 0.8124146838129063, "ENV_Train_Weighted right action_epoch20": 0.8688025048573546, "ENV_Train_Weighted probability to choose the right action:_epoch20": 0.8124146838129063, "ENV_Test_TotalLoss_epoch20": 218.5997226387994, "ENV_Test_Right action_epoch20": 0.817792, "ENV_Test_Probability to choose the right action_epoch20": 0.7823640689440923, "ENV_Test_Weighted right action_epoch20": 0.8542835915550864, "ENV_Test_Weighted probability to choose the right action:_epoch20": 0.8204135518070337, "ENV_Test_proba_accuracy_epoch20": 0.7823640689440924, "ENV_Test_proba_accuracy_strategy_132_epoch20": 0.8176893018279272, "ENV_Test_proba_accuracy_strategy_23_epoch20": 0.7833769528655137, "ENV_Test_proba_accuracy_strategy_107_epoch20": 0.8546651898426381, "ENV_Test_proba_accuracy_strategy_43_epoch20": 0.7898284558719143, "ENV_Test_proba_accuracy_strategy_17_epoch20": 0.7532739034187772, "ENV_Test_proba_accuracy_strategy_93_epoch20": 0.7859188527963991, "ENV_Test_proba_accuracy_per_mean_strategy_epoch20": 0.7974587761038615, "ENV_Test_proba_accuracy_per_mean_user_epoch20": 0.7948746368869728, "ENV_Test_proba_accuracy_per_mean_user_and_bot_epoch20": 0.8204135518070332, "ENV_Test_accuracy_epoch20": 0.817792, "ENV_Test_accuracy_strategy_132_epoch20": 0.8402266288951842, "ENV_Test_accuracy_strategy_23_epoch20": 0.8182258846340281, "ENV_Test_accuracy_strategy_107_epoch20": 0.8850574712643678, "ENV_Test_accuracy_strategy_43_epoch20": 0.8256997455470738, "ENV_Test_accuracy_strategy_17_epoch20": 0.7937840290381125, "ENV_Test_accuracy_strategy_93_epoch20": 0.8271719038817006, "ENV_Test_accuracy_per_mean_strategy_epoch20": 0.8316942772100778, "ENV_Test_accuracy_per_mean_user_epoch20": 0.8297570358528655, "ENV_Test_accuracy_per_mean_user_and_bot_epoch20": 0.8542835915550858, "ENV_Train_TotalLoss_epoch21": 683.5753176621905, "ENV_Train_Right action_epoch21": 0.8705417039355993, "ENV_Train_Probability to choose the right action_epoch21": 0.8146573914797878, "ENV_Train_Weighted right action_epoch21": 0.8705417039355993, "ENV_Train_Weighted probability to choose the right action:_epoch21": 0.8146573914797878, "ENV_Test_TotalLoss_epoch21": 215.84277981309634, "ENV_Test_Right action_epoch21": 0.817216, "ENV_Test_Probability to choose the right action_epoch21": 0.7783760144964182, "ENV_Test_Weighted right action_epoch21": 0.8556187467988186, "ENV_Test_Weighted probability to choose the right action:_epoch21": 0.8179305038514157, "ENV_Test_proba_accuracy_epoch21": 0.7783760144964182, "ENV_Test_proba_accuracy_strategy_132_epoch21": 0.8173989776127744, "ENV_Test_proba_accuracy_strategy_23_epoch21": 0.7784224113337198, "ENV_Test_proba_accuracy_strategy_107_epoch21": 0.8474194557234144, "ENV_Test_proba_accuracy_strategy_43_epoch21": 0.7889059594561889, "ENV_Test_proba_accuracy_strategy_17_epoch21": 0.749802856864798, "ENV_Test_proba_accuracy_strategy_93_epoch21": 0.7767006630451745, "ENV_Test_proba_accuracy_per_mean_strategy_epoch21": 0.7931083873393451, "ENV_Test_proba_accuracy_per_mean_user_epoch21": 0.791966621907703, "ENV_Test_proba_accuracy_per_mean_user_and_bot_epoch21": 0.8179305038514155, "ENV_Test_accuracy_epoch21": 0.817216, "ENV_Test_accuracy_strategy_132_epoch21": 0.851558073654391, "ENV_Test_accuracy_strategy_23_epoch21": 0.8180643076425917, "ENV_Test_accuracy_strategy_107_epoch21": 0.8834154351395731, "ENV_Test_accuracy_strategy_43_epoch21": 0.8276081424936387, "ENV_Test_accuracy_strategy_17_epoch21": 0.7897005444646098, "ENV_Test_accuracy_strategy_93_epoch21": 0.8160813308687616, "ENV_Test_accuracy_per_mean_strategy_epoch21": 0.8310713057105944, "ENV_Test_accuracy_per_mean_user_epoch21": 0.8299491699789657, "ENV_Test_accuracy_per_mean_user_and_bot_epoch21": 0.8556187467988184, "ENV_Train_TotalLoss_epoch22": 672.7614335546093, "ENV_Train_Right action_epoch22": 0.8728563641700093, "ENV_Train_Probability to choose the right action_epoch22": 0.8174200757692436, "ENV_Train_Weighted right action_epoch22": 0.8728563641700093, "ENV_Train_Weighted probability to choose the right action:_epoch22": 0.8174200757692436, "ENV_Test_TotalLoss_epoch22": 220.80099337393244, "ENV_Test_Right action_epoch22": 0.81728, "ENV_Test_Probability to choose the right action_epoch22": 0.7840700378053995, "ENV_Test_Weighted right action_epoch22": 0.8531826542263015, "ENV_Test_Weighted probability to choose the right action:_epoch22": 0.8220136809530345, "ENV_Test_proba_accuracy_epoch22": 0.7840700378053992, "ENV_Test_proba_accuracy_strategy_132_epoch22": 0.8216757590100406, "ENV_Test_proba_accuracy_strategy_23_epoch22": 0.7864331516613131, "ENV_Test_proba_accuracy_strategy_107_epoch22": 0.853476204430043, "ENV_Test_proba_accuracy_strategy_43_epoch22": 0.7890739019199715, "ENV_Test_proba_accuracy_strategy_17_epoch22": 0.754837165432352, "ENV_Test_proba_accuracy_strategy_93_epoch22": 0.7819671375996994, "ENV_Test_proba_accuracy_per_mean_strategy_epoch22": 0.7979105533422367, "ENV_Test_proba_accuracy_per_mean_user_epoch22": 0.7961322008310724, "ENV_Test_proba_accuracy_per_mean_user_and_bot_epoch22": 0.8220136809530337, "ENV_Test_accuracy_epoch22": 0.81728, "ENV_Test_accuracy_strategy_132_epoch22": 0.8487252124645892, "ENV_Test_accuracy_strategy_23_epoch22": 0.821619001454193, "ENV_Test_accuracy_strategy_107_epoch22": 0.8850574712643678, "ENV_Test_accuracy_strategy_43_epoch22": 0.8263358778625954, "ENV_Test_accuracy_strategy_17_epoch22": 0.7872050816696915, "ENV_Test_accuracy_strategy_93_epoch22": 0.8123844731977818, "ENV_Test_accuracy_per_mean_strategy_epoch22": 0.8302211863188697, "ENV_Test_accuracy_per_mean_user_epoch22": 0.8272842025645508, "ENV_Test_accuracy_per_mean_user_and_bot_epoch22": 0.8531826542263008, "ENV_Train_TotalLoss_epoch23": 673.9290882155943, "ENV_Train_Right action_epoch23": 0.8730101049630323, "ENV_Train_Probability to choose the right action_epoch23": 0.8177346792085894, "ENV_Train_Weighted right action_epoch23": 0.8730101049630323, "ENV_Train_Weighted probability to choose the right action:_epoch23": 0.8177346792085894, "ENV_Test_TotalLoss_epoch23": 223.27081874242924, "ENV_Test_Right action_epoch23": 0.816512, "ENV_Test_Probability to choose the right action_epoch23": 0.7775078561071476, "ENV_Test_Weighted right action_epoch23": 0.8526001918805552, "ENV_Test_Weighted probability to choose the right action:_epoch23": 0.8188155610985294, "ENV_Test_proba_accuracy_epoch23": 0.7775078561071477, "ENV_Test_proba_accuracy_strategy_132_epoch23": 0.8180444815552439, "ENV_Test_proba_accuracy_strategy_23_epoch23": 0.7770677958171911, "ENV_Test_proba_accuracy_strategy_107_epoch23": 0.8480919983440725, "ENV_Test_proba_accuracy_strategy_43_epoch23": 0.7903758192833534, "ENV_Test_proba_accuracy_strategy_17_epoch23": 0.7476050964447248, "ENV_Test_proba_accuracy_strategy_93_epoch23": 0.7772985890788006, "ENV_Test_proba_accuracy_per_mean_strategy_epoch23": 0.7930806300872311, "ENV_Test_proba_accuracy_per_mean_user_epoch23": 0.7906069384256096, "ENV_Test_proba_accuracy_per_mean_user_and_bot_epoch23": 0.8188155610985294, "ENV_Test_accuracy_epoch23": 0.816512, "ENV_Test_accuracy_strategy_132_epoch23": 0.8470254957507082, "ENV_Test_accuracy_strategy_23_epoch23": 0.8183874616254645, "ENV_Test_accuracy_strategy_107_epoch23": 0.8801313628899836, "ENV_Test_accuracy_strategy_43_epoch23": 0.8244274809160306, "ENV_Test_accuracy_strategy_17_epoch23": 0.7915154264972777, "ENV_Test_accuracy_strategy_93_epoch23": 0.8105360443622921, "ENV_Test_accuracy_per_mean_strategy_epoch23": 0.8286705453402928, "ENV_Test_accuracy_per_mean_user_epoch23": 0.8283335887320808, "ENV_Test_accuracy_per_mean_user_and_bot_epoch23": 0.8526001918805554, "ENV_Train_TotalLoss_epoch24": 667.152750384166, "ENV_Train_Right action_epoch24": 0.8741822756499861, "ENV_Train_Probability to choose the right action_epoch24": 0.8196922894792813, "ENV_Train_Weighted right action_epoch24": 0.8741822756499861, "ENV_Train_Weighted probability to choose the right action:_epoch24": 0.8196922894792813, "ENV_Test_TotalLoss_epoch24": 230.95333102852177, "ENV_Test_Right action_epoch24": 0.810368, "ENV_Test_Probability to choose the right action_epoch24": 0.777118670025144, "ENV_Test_Weighted right action_epoch24": 0.8393299298507587, "ENV_Test_Weighted probability to choose the right action:_epoch24": 0.8101599924105716, "ENV_Test_proba_accuracy_epoch24": 0.7771186700251428, "ENV_Test_proba_accuracy_strategy_132_epoch24": 0.8165248108419247, "ENV_Test_proba_accuracy_strategy_23_epoch24": 0.7777963519778689, "ENV_Test_proba_accuracy_strategy_107_epoch24": 0.8368778312051954, "ENV_Test_proba_accuracy_strategy_43_epoch24": 0.7825284633892827, "ENV_Test_proba_accuracy_strategy_17_epoch24": 0.751787229303595, "ENV_Test_proba_accuracy_strategy_93_epoch24": 0.7706653005486757, "ENV_Test_proba_accuracy_per_mean_strategy_epoch24": 0.7893633312110904, "ENV_Test_proba_accuracy_per_mean_user_epoch24": 0.7881734247781511, "ENV_Test_proba_accuracy_per_mean_user_and_bot_epoch24": 0.8101599924105711, "ENV_Test_accuracy_epoch24": 0.810368, "ENV_Test_accuracy_strategy_132_epoch24": 0.8481586402266289, "ENV_Test_accuracy_strategy_23_epoch24": 0.8099854580707707, "ENV_Test_accuracy_strategy_107_epoch24": 0.8637110016420362, "ENV_Test_accuracy_strategy_43_epoch24": 0.8142493638676844, "ENV_Test_accuracy_strategy_17_epoch24": 0.7887931034482759, "ENV_Test_accuracy_strategy_93_epoch24": 0.8031423290203327, "ENV_Test_accuracy_per_mean_strategy_epoch24": 0.8213399827126215, "ENV_Test_accuracy_per_mean_user_epoch24": 0.8218202623530569, "ENV_Test_accuracy_per_mean_user_and_bot_epoch24": 0.8393299298507592, "_wandb": {"runtime": 1996}}