{"ENV_Train_TotalLoss": 465.06141402809607, "ENV_Train_TotalLoss_epoch0": 1041.8541363641823, "ENV_Train_Right action": 0.9126168812109522, "ENV_Train_Right action_epoch0": 0.7880227472788498, "ENV_Train_Probability to choose the right action": 0.8738742671680195, "ENV_Train_Probability to choose the right action_epoch0": 0.7034492676555483, "ENV_Train_Weighted right action": 0.9126168812109522, "ENV_Train_Weighted right action_epoch0": 0.7880227472788498, "ENV_Train_Weighted probability to choose the right action:": 0.8738742671680195, "ENV_Train_Weighted probability to choose the right action:_epoch0": 0.7034492676555483, "_timestamp": 1720446441.635675, "_runtime": 2495.4052979946136, "_step": 49, "ENV_Test_TotalLoss": 298.0746435177154, "ENV_Test_TotalLoss_epoch0": 220.76953695171977, "ENV_Test_Right action": 0.795904, "ENV_Test_Right action_epoch0": 0.79648, "ENV_Test_Probability to choose the right action": 0.7793362806741065, "ENV_Test_Probability to choose the right action_epoch0": 0.7419182077924501, "ENV_Test_Weighted right action": 0.837427423158186, "ENV_Test_Weighted right action_epoch0": 0.8441226105941328, "ENV_Test_Weighted probability to choose the right action:": 0.8195243187443321, "ENV_Test_Weighted probability to choose the right action:_epoch0": 0.7900548867349219, "ENV_Test_proba_accuracy": 0.7793362806741077, "ENV_Test_proba_accuracy_epoch0": 0.7419182077924513, "ENV_Test_proba_accuracy_strategy_132": 0.8339675140069762, "ENV_Test_proba_accuracy_strategy_132_epoch0": 0.798190663263159, "ENV_Test_proba_accuracy_strategy_23": 0.7805115087863457, "ENV_Test_proba_accuracy_strategy_23_epoch0": 0.73489605379381, "ENV_Test_proba_accuracy_strategy_107": 0.8675573733226691, "ENV_Test_proba_accuracy_strategy_107_epoch0": 0.8314509458918247, "ENV_Test_proba_accuracy_strategy_43": 0.7681756240853286, "ENV_Test_proba_accuracy_strategy_43_epoch0": 0.7637884721099608, "ENV_Test_proba_accuracy_strategy_17": 0.7491366298245128, "ENV_Test_proba_accuracy_strategy_17_epoch0": 0.7065438858731657, "ENV_Test_proba_accuracy_strategy_93": 0.7730889184379206, "ENV_Test_proba_accuracy_strategy_93_epoch0": 0.7522359020645049, "ENV_Test_proba_accuracy_per_mean_strategy": 0.7954062614106255, "ENV_Test_proba_accuracy_per_mean_strategy_epoch0": 0.7645176538327375, "ENV_Test_proba_accuracy_per_mean_user": 0.7925940109484217, "ENV_Test_proba_accuracy_per_mean_user_epoch0": 0.7567588062409143, "ENV_Test_proba_accuracy_per_mean_user_and_bot": 0.8195243187443315, "ENV_Test_proba_accuracy_per_mean_user_and_bot_epoch0": 0.7900548867349227, "ENV_Test_accuracy": 0.795904, "ENV_Test_accuracy_epoch0": 0.79648, "ENV_Test_accuracy_strategy_132": 0.8470254957507082, "ENV_Test_accuracy_strategy_132_epoch0": 0.8396600566572238, "ENV_Test_accuracy_strategy_23": 0.7996445306188399, "ENV_Test_accuracy_strategy_23_epoch0": 0.7989982226530942, "ENV_Test_accuracy_strategy_107": 0.8916256157635468, "ENV_Test_accuracy_strategy_107_epoch0": 0.8768472906403941, "ENV_Test_accuracy_strategy_43": 0.7830788804071247, "ENV_Test_accuracy_strategy_43_epoch0": 0.80470737913486, "ENV_Test_accuracy_strategy_17": 0.764519056261343, "ENV_Test_accuracy_strategy_17_epoch0": 0.757940108892922, "ENV_Test_accuracy_strategy_93": 0.7837338262476895, "ENV_Test_accuracy_strategy_93_epoch0": 0.8114602587800369, "ENV_Test_accuracy_per_mean_strategy": 0.8116045675082088, "ENV_Test_accuracy_per_mean_strategy_epoch0": 0.8149355527930885, "ENV_Test_accuracy_per_mean_user": 0.8096054029729339, "ENV_Test_accuracy_per_mean_user_epoch0": 0.8132075932670033, "ENV_Test_accuracy_per_mean_user_and_bot": 0.8374274231581871, "ENV_Test_accuracy_per_mean_user_and_bot_epoch0": 0.8441226105941328, "ENV_Train_TotalLoss_epoch1": 904.7095338479619, "ENV_Train_Right action_epoch1": 0.8164942689404528, "ENV_Train_Probability to choose the right action_epoch1": 0.7450550686935825, "ENV_Train_Weighted right action_epoch1": 0.8164942689404528, "ENV_Train_Weighted probability to choose the right action:_epoch1": 0.7450550686935825, "ENV_Test_TotalLoss_epoch1": 191.54668694340756, "ENV_Test_Right action_epoch1": 0.812352, "ENV_Test_Probability to choose the right action_epoch1": 0.7526187962345151, "ENV_Test_Weighted right action_epoch1": 0.8551916027722237, "ENV_Test_Weighted probability to choose the right action:_epoch1": 0.7935805327965099, "ENV_Test_proba_accuracy_epoch1": 0.752618796234516, "ENV_Test_proba_accuracy_strategy_132_epoch1": 0.8015887407667609, "ENV_Test_proba_accuracy_strategy_23_epoch1": 0.749841882978995, "ENV_Test_proba_accuracy_strategy_107_epoch1": 0.8257275193694541, "ENV_Test_proba_accuracy_strategy_43_epoch1": 0.7637788171161083, "ENV_Test_proba_accuracy_strategy_17_epoch1": 0.7213728293601457, "ENV_Test_proba_accuracy_strategy_93_epoch1": 0.7585520871829357, "ENV_Test_proba_accuracy_per_mean_strategy_epoch1": 0.7701436461290667, "ENV_Test_proba_accuracy_per_mean_user_epoch1": 0.7660043856244424, "ENV_Test_proba_accuracy_per_mean_user_and_bot_epoch1": 0.7935805327965091, "ENV_Test_accuracy_epoch1": 0.812352, "ENV_Test_accuracy_strategy_132_epoch1": 0.8555240793201133, "ENV_Test_accuracy_strategy_23_epoch1": 0.814348036839554, "ENV_Test_accuracy_strategy_107_epoch1": 0.8834154351395731, "ENV_Test_accuracy_strategy_43_epoch1": 0.8256997455470738, "ENV_Test_accuracy_strategy_17_epoch1": 0.7735934664246824, "ENV_Test_accuracy_strategy_93_epoch1": 0.8290203327171903, "ENV_Test_accuracy_per_mean_strategy_epoch1": 0.8302668493313644, "ENV_Test_accuracy_per_mean_user_epoch1": 0.8277147764656672, "ENV_Test_accuracy_per_mean_user_and_bot_epoch1": 0.8551916027722245, "ENV_Train_TotalLoss_epoch2": 856.5311701413656, "ENV_Train_Right action_epoch2": 0.8253267174505556, "ENV_Train_Probability to choose the right action_epoch2": 0.7579703351812616, "ENV_Train_Weighted right action_epoch2": 0.8253267174505556, "ENV_Train_Weighted probability to choose the right action:_epoch2": 0.7579703351812616, "ENV_Test_TotalLoss_epoch2": 191.6566627040927, "ENV_Test_Right action_epoch2": 0.812608, "ENV_Test_Probability to choose the right action_epoch2": 0.7574194557529412, "ENV_Test_Weighted right action_epoch2": 0.8550420669591432, "ENV_Test_Weighted probability to choose the right action:_epoch2": 0.8033206372258865, "ENV_Test_proba_accuracy_epoch2": 0.7574194557529416, "ENV_Test_proba_accuracy_strategy_132_epoch2": 0.8075486891138892, "ENV_Test_proba_accuracy_strategy_23_epoch2": 0.7539811251183633, "ENV_Test_proba_accuracy_strategy_107_epoch2": 0.8400815723582473, "ENV_Test_proba_accuracy_strategy_43_epoch2": 0.7667877308500242, "ENV_Test_proba_accuracy_strategy_17_epoch2": 0.7259121805498949, "ENV_Test_proba_accuracy_strategy_93_epoch2": 0.7635355768667275, "ENV_Test_proba_accuracy_per_mean_strategy_epoch2": 0.776307812476191, "ENV_Test_proba_accuracy_per_mean_user_epoch2": 0.7724928010952572, "ENV_Test_proba_accuracy_per_mean_user_and_bot_epoch2": 0.8033206372258878, "ENV_Test_accuracy_epoch2": 0.812608, "ENV_Test_accuracy_strategy_132_epoch2": 0.8441926345609065, "ENV_Test_accuracy_strategy_23_epoch2": 0.8162869607367911, "ENV_Test_accuracy_strategy_107_epoch2": 0.8899835796387521, "ENV_Test_accuracy_strategy_43_epoch2": 0.8161577608142494, "ENV_Test_accuracy_strategy_17_epoch2": 0.7797186932849365, "ENV_Test_accuracy_strategy_93_epoch2": 0.8253234750462107, "ENV_Test_accuracy_per_mean_strategy_epoch2": 0.8286105173469744, "ENV_Test_accuracy_per_mean_user_epoch2": 0.828051549438996, "ENV_Test_accuracy_per_mean_user_and_bot_epoch2": 0.8550420669591436, "ENV_Train_TotalLoss_epoch3": 828.3762023278613, "ENV_Train_Right action_epoch3": 0.8315888033316098, "ENV_Train_Probability to choose the right action_epoch3": 0.7661610122927559, "ENV_Train_Weighted right action_epoch3": 0.8315888033316098, "ENV_Train_Weighted probability to choose the right action:_epoch3": 0.7661610122927559, "ENV_Test_TotalLoss_epoch3": 204.1054641819241, "ENV_Test_Right action_epoch3": 0.808576, "ENV_Test_Probability to choose the right action_epoch3": 0.7669854025693966, "ENV_Test_Weighted right action_epoch3": 0.8539598225508065, "ENV_Test_Weighted probability to choose the right action:_epoch3": 0.8140216181983913, "ENV_Test_proba_accuracy_epoch3": 0.7669854025693967, "ENV_Test_proba_accuracy_strategy_132_epoch3": 0.8191691461292324, "ENV_Test_proba_accuracy_strategy_23_epoch3": 0.7646136488527834, "ENV_Test_proba_accuracy_strategy_107_epoch3": 0.8464811072358212, "ENV_Test_proba_accuracy_strategy_43_epoch3": 0.7778507617969805, "ENV_Test_proba_accuracy_strategy_17_epoch3": 0.7330231315647371, "ENV_Test_proba_accuracy_strategy_93_epoch3": 0.7732579886229425, "ENV_Test_proba_accuracy_per_mean_strategy_epoch3": 0.7857326307004162, "ENV_Test_proba_accuracy_per_mean_user_epoch3": 0.7830791941111266, "ENV_Test_proba_accuracy_per_mean_user_and_bot_epoch3": 0.8140216181983921, "ENV_Test_accuracy_epoch3": 0.808576, "ENV_Test_accuracy_strategy_132_epoch3": 0.8436260623229461, "ENV_Test_accuracy_strategy_23_epoch3": 0.8111164970108257, "ENV_Test_accuracy_strategy_107_epoch3": 0.8801313628899836, "ENV_Test_accuracy_strategy_43_epoch3": 0.8174300254452926, "ENV_Test_accuracy_strategy_17_epoch3": 0.7754083484573503, "ENV_Test_accuracy_strategy_93_epoch3": 0.8188539741219963, "ENV_Test_accuracy_per_mean_strategy_epoch3": 0.8244277117080658, "ENV_Test_accuracy_per_mean_user_epoch3": 0.8251697833955417, "ENV_Test_accuracy_per_mean_user_and_bot_epoch3": 0.8539598225508076, "ENV_Train_TotalLoss_epoch4": 795.9301304637863, "ENV_Train_Right action_epoch4": 0.8378336827393431, "ENV_Train_Probability to choose the right action_epoch4": 0.775117327424776, "ENV_Train_Weighted right action_epoch4": 0.8378336827393431, "ENV_Train_Weighted probability to choose the right action:_epoch4": 0.775117327424776, "ENV_Test_TotalLoss_epoch4": 193.76263800116814, "ENV_Test_Right action_epoch4": 0.813696, "ENV_Test_Probability to choose the right action_epoch4": 0.770469674421049, "ENV_Test_Weighted right action_epoch4": 0.8560473498896287, "ENV_Test_Weighted probability to choose the right action:_epoch4": 0.8140594991006018, "ENV_Test_proba_accuracy_epoch4": 0.7704696744210487, "ENV_Test_proba_accuracy_strategy_132_epoch4": 0.8214784205403042, "ENV_Test_proba_accuracy_strategy_23_epoch4": 0.7682397591540779, "ENV_Test_proba_accuracy_strategy_107_epoch4": 0.8470726530922451, "ENV_Test_proba_accuracy_strategy_43_epoch4": 0.7779336036991904, "ENV_Test_proba_accuracy_strategy_17_epoch4": 0.7397801062152595, "ENV_Test_proba_accuracy_strategy_93_epoch4": 0.7710848449403817, "ENV_Test_proba_accuracy_per_mean_strategy_epoch4": 0.7875982312735766, "ENV_Test_proba_accuracy_per_mean_user_epoch4": 0.7851754987647069, "ENV_Test_proba_accuracy_per_mean_user_and_bot_epoch4": 0.8140594991006015, "ENV_Test_accuracy_epoch4": 0.813696, "ENV_Test_accuracy_strategy_132_epoch4": 0.8521246458923513, "ENV_Test_accuracy_strategy_23_epoch4": 0.8125706899337535, "ENV_Test_accuracy_strategy_107_epoch4": 0.8834154351395731, "ENV_Test_accuracy_strategy_43_epoch4": 0.8244274809160306, "ENV_Test_accuracy_strategy_17_epoch4": 0.7842558983666061, "ENV_Test_accuracy_strategy_93_epoch4": 0.822550831792976, "ENV_Test_accuracy_per_mean_strategy_epoch4": 0.829890830340215, "ENV_Test_accuracy_per_mean_user_epoch4": 0.8280649538005187, "ENV_Test_accuracy_per_mean_user_and_bot_epoch4": 0.8560473498896296, "ENV_Train_TotalLoss_epoch5": 777.841948375402, "ENV_Train_Right action_epoch5": 0.8424355945707935, "ENV_Train_Probability to choose the right action_epoch5": 0.7810001950640842, "ENV_Train_Weighted right action_epoch5": 0.8424355945707935, "ENV_Train_Weighted probability to choose the right action:_epoch5": 0.7810001950640842, "ENV_Test_TotalLoss_epoch5": 191.40062465277725, "ENV_Test_Right action_epoch5": 0.814976, "ENV_Test_Probability to choose the right action_epoch5": 0.7586379283420166, "ENV_Test_Weighted right action_epoch5": 0.8585527890887904, "ENV_Test_Weighted probability to choose the right action:_epoch5": 0.8045308276283917, "ENV_Test_proba_accuracy_epoch5": 0.7586379283420169, "ENV_Test_proba_accuracy_strategy_132_epoch5": 0.8168936284335927, "ENV_Test_proba_accuracy_strategy_23_epoch5": 0.7549919542003903, "ENV_Test_proba_accuracy_strategy_107_epoch5": 0.8399746795140425, "ENV_Test_proba_accuracy_strategy_43_epoch5": 0.7639499367861469, "ENV_Test_proba_accuracy_strategy_17_epoch5": 0.7268406252264086, "ENV_Test_proba_accuracy_strategy_93_epoch5": 0.7605062986715566, "ENV_Test_proba_accuracy_per_mean_strategy_epoch5": 0.7771928538053562, "ENV_Test_proba_accuracy_per_mean_user_epoch5": 0.7735707513080614, "ENV_Test_proba_accuracy_per_mean_user_and_bot_epoch5": 0.8045308276283928, "ENV_Test_accuracy_epoch5": 0.814976, "ENV_Test_accuracy_strategy_132_epoch5": 0.8691218130311614, "ENV_Test_accuracy_strategy_23_epoch5": 0.8130554209080627, "ENV_Test_accuracy_strategy_107_epoch5": 0.8916256157635468, "ENV_Test_accuracy_strategy_43_epoch5": 0.8206106870229007, "ENV_Test_accuracy_strategy_17_epoch5": 0.7815335753176044, "ENV_Test_accuracy_strategy_93_epoch5": 0.822550831792976, "ENV_Test_accuracy_per_mean_strategy_epoch5": 0.8330829906393754, "ENV_Test_accuracy_per_mean_user_epoch5": 0.8288501408386446, "ENV_Test_accuracy_per_mean_user_and_bot_epoch5": 0.8585527890887921, "ENV_Train_TotalLoss_epoch6": 752.8134417375809, "ENV_Train_Right action_epoch6": 0.8467225716282321, "ENV_Train_Probability to choose the right action_epoch6": 0.7883616448267616, "ENV_Train_Weighted right action_epoch6": 0.8467225716282321, "ENV_Train_Weighted probability to choose the right action:_epoch6": 0.7883616448267616, "ENV_Test_TotalLoss_epoch6": 214.3436976485693, "ENV_Test_Right action_epoch6": 0.81408, "ENV_Test_Probability to choose the right action_epoch6": 0.784635577436647, "ENV_Test_Weighted right action_epoch6": 0.8551516233369352, "ENV_Test_Weighted probability to choose the right action:_epoch6": 0.8286715329014132, "ENV_Test_proba_accuracy_epoch6": 0.7846355774366467, "ENV_Test_proba_accuracy_strategy_132_epoch6": 0.8406060222496934, "ENV_Test_proba_accuracy_strategy_23_epoch6": 0.782723793963208, "ENV_Test_proba_accuracy_strategy_107_epoch6": 0.8704153000762084, "ENV_Test_proba_accuracy_strategy_43_epoch6": 0.7908385541603407, "ENV_Test_proba_accuracy_strategy_17_epoch6": 0.7510136288553476, "ENV_Test_proba_accuracy_strategy_93_epoch6": 0.7839505604970091, "ENV_Test_proba_accuracy_per_mean_strategy_epoch6": 0.8032579766336346, "ENV_Test_proba_accuracy_per_mean_user_epoch6": 0.7986557806245956, "ENV_Test_proba_accuracy_per_mean_user_and_bot_epoch6": 0.8286715329014144, "ENV_Test_accuracy_epoch6": 0.81408, "ENV_Test_accuracy_strategy_132_epoch6": 0.8691218130311614, "ENV_Test_accuracy_strategy_23_epoch6": 0.8133785748909356, "ENV_Test_accuracy_strategy_107_epoch6": 0.8981937602627258, "ENV_Test_accuracy_strategy_43_epoch6": 0.8161577608142494, "ENV_Test_accuracy_strategy_17_epoch6": 0.7803992740471869, "ENV_Test_accuracy_strategy_93_epoch6": 0.8151571164510166, "ENV_Test_accuracy_per_mean_strategy_epoch6": 0.8320680499162126, "ENV_Test_accuracy_per_mean_user_epoch6": 0.826316227038711, "ENV_Test_accuracy_per_mean_user_and_bot_epoch6": 0.855151623336936, "ENV_Train_TotalLoss_epoch7": 726.772961256226, "ENV_Train_Right action_epoch7": 0.8534410465701348, "ENV_Train_Probability to choose the right action_epoch7": 0.7958685297918326, "ENV_Train_Weighted right action_epoch7": 0.8534410465701348, "ENV_Train_Weighted probability to choose the right action:_epoch7": 0.7958685297918326, "ENV_Test_TotalLoss_epoch7": 202.0650484823423, "ENV_Test_Right action_epoch7": 0.806272, "ENV_Test_Probability to choose the right action_epoch7": 0.765275871584017, "ENV_Test_Weighted right action_epoch7": 0.8493936747931957, "ENV_Test_Weighted probability to choose the right action:_epoch7": 0.810931871206855, "ENV_Test_proba_accuracy_epoch7": 0.7652758715840172, "ENV_Test_proba_accuracy_strategy_132_epoch7": 0.8201615137243826, "ENV_Test_proba_accuracy_strategy_23_epoch7": 0.7618119759648574, "ENV_Test_proba_accuracy_strategy_107_epoch7": 0.8527735393743904, "ENV_Test_proba_accuracy_strategy_43_epoch7": 0.7702187920765869, "ENV_Test_proba_accuracy_strategy_17_epoch7": 0.7340691632994321, "ENV_Test_proba_accuracy_strategy_93_epoch7": 0.7662626655110308, "ENV_Test_proba_accuracy_per_mean_strategy_epoch7": 0.7842162749917801, "ENV_Test_proba_accuracy_per_mean_user_epoch7": 0.7795999004081996, "ENV_Test_proba_accuracy_per_mean_user_and_bot_epoch7": 0.8109318712068568, "ENV_Test_accuracy_epoch7": 0.806272, "ENV_Test_accuracy_strategy_132_epoch7": 0.8487252124645892, "ENV_Test_accuracy_strategy_23_epoch7": 0.8090159961221522, "ENV_Test_accuracy_strategy_107_epoch7": 0.8850574712643678, "ENV_Test_accuracy_strategy_43_epoch7": 0.8072519083969466, "ENV_Test_accuracy_strategy_17_epoch7": 0.7717785843920145, "ENV_Test_accuracy_strategy_93_epoch7": 0.8160813308687616, "ENV_Test_accuracy_per_mean_strategy_epoch7": 0.8229850839181386, "ENV_Test_accuracy_per_mean_user_epoch7": 0.8204825406039735, "ENV_Test_accuracy_per_mean_user_and_bot_epoch7": 0.8493936747931963, "ENV_Train_TotalLoss_epoch8": 704.3705971588939, "ENV_Train_Right action_epoch8": 0.8571468504102084, "ENV_Train_Probability to choose the right action_epoch8": 0.8012210902351927, "ENV_Train_Weighted right action_epoch8": 0.8571468504102084, "ENV_Train_Weighted probability to choose the right action:_epoch8": 0.8012210902351927, "ENV_Test_TotalLoss_epoch8": 206.4682092052827, "ENV_Test_Right action_epoch8": 0.812224, "ENV_Test_Probability to choose the right action_epoch8": 0.7693975558777304, "ENV_Test_Weighted right action_epoch8": 0.8528205357788972, "ENV_Test_Weighted probability to choose the right action:_epoch8": 0.8099879912099885, "ENV_Test_proba_accuracy_epoch8": 0.7693975558777307, "ENV_Test_proba_accuracy_strategy_132_epoch8": 0.818818728248691, "ENV_Test_proba_accuracy_strategy_23_epoch8": 0.7677918065054529, "ENV_Test_proba_accuracy_strategy_107_epoch8": 0.8506548751597475, "ENV_Test_proba_accuracy_strategy_43_epoch8": 0.7687836921236821, "ENV_Test_proba_accuracy_strategy_17_epoch8": 0.7420484387291357, "ENV_Test_proba_accuracy_strategy_93_epoch8": 0.7645397078184938, "ENV_Test_proba_accuracy_per_mean_strategy_epoch8": 0.7854395414308671, "ENV_Test_proba_accuracy_per_mean_user_epoch8": 0.7820245998745454, "ENV_Test_proba_accuracy_per_mean_user_and_bot_epoch8": 0.8099879912099888, "ENV_Test_accuracy_epoch8": 0.812224, "ENV_Test_accuracy_strategy_132_epoch8": 0.8583569405099151, "ENV_Test_accuracy_strategy_23_epoch8": 0.8127322669251899, "ENV_Test_accuracy_strategy_107_epoch8": 0.8981937602627258, "ENV_Test_accuracy_strategy_43_epoch8": 0.811704834605598, "ENV_Test_accuracy_strategy_17_epoch8": 0.7826678765880217, "ENV_Test_accuracy_strategy_93_epoch8": 0.8068391866913124, "ENV_Test_accuracy_per_mean_strategy_epoch8": 0.8284158109304604, "ENV_Test_accuracy_per_mean_user_epoch8": 0.8247671613914976, "ENV_Test_accuracy_per_mean_user_and_bot_epoch8": 0.852820535778899, "ENV_Train_TotalLoss_epoch9": 678.3131751987298, "ENV_Train_Right action_epoch9": 0.8629794252487979, "ENV_Train_Probability to choose the right action_epoch9": 0.8088847617555786, "ENV_Train_Weighted right action_epoch9": 0.8629794252487979, "ENV_Train_Weighted probability to choose the right action:_epoch9": 0.8088847617555786, "ENV_Test_TotalLoss_epoch9": 216.37499640897286, "ENV_Test_Right action_epoch9": 0.80608, "ENV_Test_Probability to choose the right action_epoch9": 0.7692392192833526, "ENV_Test_Weighted right action_epoch9": 0.8464802001289916, "ENV_Test_Weighted probability to choose the right action:_epoch9": 0.8128761526770784, "ENV_Test_proba_accuracy_epoch9": 0.7692392192833526, "ENV_Test_proba_accuracy_strategy_132_epoch9": 0.8173731186777671, "ENV_Test_proba_accuracy_strategy_23_epoch9": 0.7671068334801722, "ENV_Test_proba_accuracy_strategy_107_epoch9": 0.8600341156998891, "ENV_Test_proba_accuracy_strategy_43_epoch9": 0.7702249208538596, "ENV_Test_proba_accuracy_strategy_17_epoch9": 0.739943396664709, "ENV_Test_proba_accuracy_strategy_93_epoch9": 0.769732171798342, "ENV_Test_proba_accuracy_per_mean_strategy_epoch9": 0.7874024261957898, "ENV_Test_proba_accuracy_per_mean_user_epoch9": 0.7822656958368953, "ENV_Test_proba_accuracy_per_mean_user_and_bot_epoch9": 0.8128761526770788, "ENV_Test_accuracy_epoch9": 0.80608, "ENV_Test_accuracy_strategy_132_epoch9": 0.8441926345609065, "ENV_Test_accuracy_strategy_23_epoch9": 0.8111164970108257, "ENV_Test_accuracy_strategy_107_epoch9": 0.9014778325123153, "ENV_Test_accuracy_strategy_43_epoch9": 0.8072519083969466, "ENV_Test_accuracy_strategy_17_epoch9": 0.7717785843920145, "ENV_Test_accuracy_strategy_93_epoch9": 0.7994454713493531, "ENV_Test_accuracy_per_mean_strategy_epoch9": 0.8225438213703935, "ENV_Test_accuracy_per_mean_user_epoch9": 0.8178938092139202, "ENV_Test_accuracy_per_mean_user_and_bot_epoch9": 0.8464802001289934, "ENV_Train_TotalLoss_epoch10": 664.7042504608822, "ENV_Train_Right action_epoch10": 0.8664821957627592, "ENV_Train_Probability to choose the right action_epoch10": 0.8133975107873319, "ENV_Train_Weighted right action_epoch10": 0.8664821957627592, "ENV_Train_Weighted probability to choose the right action:_epoch10": 0.8133975107873319, "ENV_Test_TotalLoss_epoch10": 223.20698314846965, "ENV_Test_Right action_epoch10": 0.801536, "ENV_Test_Probability to choose the right action_epoch10": 0.7686265064395775, "ENV_Test_Weighted right action_epoch10": 0.8414990856549118, "ENV_Test_Weighted probability to choose the right action:_epoch10": 0.8121107641149832, "ENV_Test_proba_accuracy_epoch10": 0.7686265064395766, "ENV_Test_proba_accuracy_strategy_132_epoch10": 0.8255627594856999, "ENV_Test_proba_accuracy_strategy_23_epoch10": 0.7653290390127689, "ENV_Test_proba_accuracy_strategy_107_epoch10": 0.8578575300617918, "ENV_Test_proba_accuracy_strategy_43_epoch10": 0.770568215419477, "ENV_Test_proba_accuracy_strategy_17_epoch10": 0.7374956210861915, "ENV_Test_proba_accuracy_strategy_93_epoch10": 0.7683921460084244, "ENV_Test_proba_accuracy_per_mean_strategy_epoch10": 0.7875342185123922, "ENV_Test_proba_accuracy_per_mean_user_epoch10": 0.7828543823242173, "ENV_Test_proba_accuracy_per_mean_user_and_bot_epoch10": 0.8121107641149838, "ENV_Test_accuracy_epoch10": 0.801536, "ENV_Test_accuracy_strategy_132_epoch10": 0.8453257790368272, "ENV_Test_accuracy_strategy_23_epoch10": 0.8028760704475683, "ENV_Test_accuracy_strategy_107_epoch10": 0.8866995073891626, "ENV_Test_accuracy_strategy_43_epoch10": 0.7989821882951654, "ENV_Test_accuracy_strategy_17_epoch10": 0.7724591651542649, "ENV_Test_accuracy_strategy_93_epoch10": 0.7966728280961183, "ENV_Test_accuracy_per_mean_strategy_epoch10": 0.8171692564031844, "ENV_Test_accuracy_per_mean_user_epoch10": 0.8158459191651469, "ENV_Test_accuracy_per_mean_user_and_bot_epoch10": 0.8414990856549123, "ENV_Train_TotalLoss_epoch11": 648.1553255433577, "ENV_Train_Right action_epoch11": 0.8712752278190865, "ENV_Train_Probability to choose the right action_epoch11": 0.818542943833092, "ENV_Train_Weighted right action_epoch11": 0.8712752278190865, "ENV_Train_Weighted probability to choose the right action:_epoch11": 0.818542943833092, "ENV_Test_TotalLoss_epoch11": 236.70436318686572, "ENV_Test_Right action_epoch11": 0.808192, "ENV_Test_Probability to choose the right action_epoch11": 0.7784223506846434, "ENV_Test_Weighted right action_epoch11": 0.8455760170976478, "ENV_Test_Weighted probability to choose the right action:_epoch11": 0.8183823776949117, "ENV_Test_proba_accuracy_epoch11": 0.7784223506846426, "ENV_Test_proba_accuracy_strategy_132_epoch11": 0.8267292065451195, "ENV_Test_proba_accuracy_strategy_23_epoch11": 0.7793998574722893, "ENV_Test_proba_accuracy_strategy_107_epoch11": 0.8609006777825178, "ENV_Test_proba_accuracy_strategy_43_epoch11": 0.7785129851911461, "ENV_Test_proba_accuracy_strategy_17_epoch11": 0.7471995245221764, "ENV_Test_proba_accuracy_strategy_93_epoch11": 0.7746765549127699, "ENV_Test_proba_accuracy_per_mean_strategy_epoch11": 0.7945698010710031, "ENV_Test_proba_accuracy_per_mean_user_epoch11": 0.7922923025699254, "ENV_Test_proba_accuracy_per_mean_user_and_bot_epoch11": 0.8183823776949123, "ENV_Test_accuracy_epoch11": 0.808192, "ENV_Test_accuracy_strategy_132_epoch11": 0.8487252124645892, "ENV_Test_accuracy_strategy_23_epoch11": 0.814348036839554, "ENV_Test_accuracy_strategy_107_epoch11": 0.8866995073891626, "ENV_Test_accuracy_strategy_43_epoch11": 0.80470737913486, "ENV_Test_accuracy_strategy_17_epoch11": 0.7735934664246824, "ENV_Test_accuracy_strategy_93_epoch11": 0.8086876155268022, "ENV_Test_accuracy_per_mean_strategy_epoch11": 0.8227935362966083, "ENV_Test_accuracy_per_mean_user_epoch11": 0.8216515704017484, "ENV_Test_accuracy_per_mean_user_and_bot_epoch11": 0.8455760170976494, "ENV_Train_TotalLoss_epoch12": 633.9685379507988, "ENV_Train_Right action_epoch12": 0.8732563665334191, "ENV_Train_Probability to choose the right action_epoch12": 0.8231696040543345, "ENV_Train_Weighted right action_epoch12": 0.8732563665334191, "ENV_Train_Weighted probability to choose the right action:_epoch12": 0.8231696040543345, "ENV_Test_TotalLoss_epoch12": 228.9387617922578, "ENV_Test_Right action_epoch12": 0.802816, "ENV_Test_Probability to choose the right action_epoch12": 0.7696362935460646, "ENV_Test_Weighted right action_epoch12": 0.8387027539254566, "ENV_Test_Weighted probability to choose the right action:_epoch12": 0.8080128496928113, "ENV_Test_proba_accuracy_epoch12": 0.7696362935460646, "ENV_Test_proba_accuracy_strategy_132_epoch12": 0.8133055942722749, "ENV_Test_proba_accuracy_strategy_23_epoch12": 0.7706268494365482, "ENV_Test_proba_accuracy_strategy_107_epoch12": 0.8551944524412807, "ENV_Test_proba_accuracy_strategy_43_epoch12": 0.765937441400708, "ENV_Test_proba_accuracy_strategy_17_epoch12": 0.7403052493990608, "ENV_Test_proba_accuracy_strategy_93_epoch12": 0.7694459545602431, "ENV_Test_proba_accuracy_per_mean_strategy_epoch12": 0.785802590251686, "ENV_Test_proba_accuracy_per_mean_user_epoch12": 0.7820295094721477, "ENV_Test_proba_accuracy_per_mean_user_and_bot_epoch12": 0.8080128496928116, "ENV_Test_accuracy_epoch12": 0.802816, "ENV_Test_accuracy_strategy_132_epoch12": 0.8390934844192635, "ENV_Test_accuracy_strategy_23_epoch12": 0.8069154952334787, "ENV_Test_accuracy_strategy_107_epoch12": 0.8817733990147784, "ENV_Test_accuracy_strategy_43_epoch12": 0.8027989821882952, "ENV_Test_accuracy_strategy_17_epoch12": 0.7713248638838476, "ENV_Test_accuracy_strategy_93_epoch12": 0.8040665434380776, "ENV_Test_accuracy_per_mean_strategy_epoch12": 0.8176621280296233, "ENV_Test_accuracy_per_mean_user_epoch12": 0.8146001742681944, "ENV_Test_accuracy_per_mean_user_and_bot_epoch12": 0.8387027539254579, "ENV_Train_TotalLoss_epoch13": 621.6715100619338, "ENV_Train_Right action_epoch13": 0.8774514600427739, "ENV_Train_Probability to choose the right action_epoch13": 0.8278719895365483, "ENV_Train_Weighted right action_epoch13": 0.8774514600427739, "ENV_Train_Weighted probability to choose the right action:_epoch13": 0.8278719895365483, "ENV_Test_TotalLoss_epoch13": 228.53800365401204, "ENV_Test_Right action_epoch13": 0.806848, "ENV_Test_Probability to choose the right action_epoch13": 0.7786666524776389, "ENV_Test_Weighted right action_epoch13": 0.8467195482009487, "ENV_Test_Weighted probability to choose the right action:_epoch13": 0.8211473869635906, "ENV_Test_proba_accuracy_epoch13": 0.778666652477639, "ENV_Test_proba_accuracy_strategy_132_epoch13": 0.8264918102776629, "ENV_Test_proba_accuracy_strategy_23_epoch13": 0.7779088898760272, "ENV_Test_proba_accuracy_strategy_107_epoch13": 0.8711450730544978, "ENV_Test_proba_accuracy_strategy_43_epoch13": 0.7819563044100675, "ENV_Test_proba_accuracy_strategy_17_epoch13": 0.7473845175602731, "ENV_Test_proba_accuracy_strategy_93_epoch13": 0.7755976589203362, "ENV_Test_proba_accuracy_per_mean_strategy_epoch13": 0.796747375683144, "ENV_Test_proba_accuracy_per_mean_user_epoch13": 0.7927582789730528, "ENV_Test_proba_accuracy_per_mean_user_and_bot_epoch13": 0.8211473869635904, "ENV_Test_accuracy_epoch13": 0.806848, "ENV_Test_accuracy_strategy_132_epoch13": 0.8475920679886686, "ENV_Test_accuracy_strategy_23_epoch13": 0.8095007270964615, "ENV_Test_accuracy_strategy_107_epoch13": 0.8949096880131363, "ENV_Test_accuracy_strategy_43_epoch13": 0.8142493638676844, "ENV_Test_accuracy_strategy_17_epoch13": 0.7742740471869328, "ENV_Test_accuracy_strategy_93_epoch13": 0.7975970425138632, "ENV_Test_accuracy_per_mean_strategy_epoch13": 0.8230204894444578, "ENV_Test_accuracy_per_mean_user_epoch13": 0.8210989226903476, "ENV_Test_accuracy_per_mean_user_and_bot_epoch13": 0.846719548200949, "ENV_Train_TotalLoss_epoch14": 590.0558120277642, "ENV_Train_Right action_epoch14": 0.8837839726123105, "ENV_Train_Probability to choose the right action_epoch14": 0.8355927975672843, "ENV_Train_Weighted right action_epoch14": 0.8837839726123105, "ENV_Train_Weighted probability to choose the right action:_epoch14": 0.8355927975672843, "ENV_Test_TotalLoss_epoch14": 230.35949413601705, "ENV_Test_Right action_epoch14": 0.80544, "ENV_Test_Probability to choose the right action_epoch14": 0.7726617567740864, "ENV_Test_Weighted right action_epoch14": 0.8422994240503187, "ENV_Test_Weighted probability to choose the right action:_epoch14": 0.8145421966377207, "ENV_Test_proba_accuracy_epoch14": 0.7726617567740857, "ENV_Test_proba_accuracy_strategy_132_epoch14": 0.8257757314607225, "ENV_Test_proba_accuracy_strategy_23_epoch14": 0.7712188453893694, "ENV_Test_proba_accuracy_strategy_107_epoch14": 0.8672323745766934, "ENV_Test_proba_accuracy_strategy_43_epoch14": 0.7678101359097314, "ENV_Test_proba_accuracy_strategy_17_epoch14": 0.7428839490995517, "ENV_Test_proba_accuracy_strategy_93_epoch14": 0.7694065176099613, "ENV_Test_proba_accuracy_per_mean_strategy_epoch14": 0.7907212590076717, "ENV_Test_proba_accuracy_per_mean_user_epoch14": 0.7868638914084783, "ENV_Test_proba_accuracy_per_mean_user_and_bot_epoch14": 0.8145421966377207, "ENV_Test_accuracy_epoch14": 0.80544, "ENV_Test_accuracy_strategy_132_epoch14": 0.8487252124645892, "ENV_Test_accuracy_strategy_23_epoch14": 0.8077233801906608, "ENV_Test_accuracy_strategy_107_epoch14": 0.9014778325123153, "ENV_Test_accuracy_strategy_43_epoch14": 0.7958015267175572, "ENV_Test_accuracy_strategy_17_epoch14": 0.7776769509981851, "ENV_Test_accuracy_strategy_93_epoch14": 0.7948243992606284, "ENV_Test_accuracy_per_mean_strategy_epoch14": 0.8210382170239893, "ENV_Test_accuracy_per_mean_user_epoch14": 0.8179367325693638, "ENV_Test_accuracy_per_mean_user_and_bot_epoch14": 0.8422994240503195, "ENV_Train_TotalLoss_epoch15": 563.1305560968736, "ENV_Train_Right action_epoch15": 0.8880191224367129, "ENV_Train_Probability to choose the right action_epoch15": 0.8425775143083939, "ENV_Train_Weighted right action_epoch15": 0.8880191224367129, "ENV_Train_Weighted probability to choose the right action:_epoch15": 0.8425775143083939, "ENV_Test_TotalLoss_epoch15": 257.8936958428084, "ENV_Test_Right action_epoch15": 0.799552, "ENV_Test_Probability to choose the right action_epoch15": 0.7721997815981825, "ENV_Test_Weighted right action_epoch15": 0.8387077293059597, "ENV_Test_Weighted probability to choose the right action:_epoch15": 0.8124340370630341, "ENV_Test_proba_accuracy_epoch15": 0.7721997815981828, "ENV_Test_proba_accuracy_strategy_132_epoch15": 0.8254038525571995, "ENV_Test_proba_accuracy_strategy_23_epoch15": 0.773831709830727, "ENV_Test_proba_accuracy_strategy_107_epoch15": 0.8622170462061736, "ENV_Test_proba_accuracy_strategy_43_epoch15": 0.7692582424209207, "ENV_Test_proba_accuracy_strategy_17_epoch15": 0.7384420439774666, "ENV_Test_proba_accuracy_strategy_93_epoch15": 0.7672113377891503, "ENV_Test_proba_accuracy_per_mean_strategy_epoch15": 0.7893940387969396, "ENV_Test_proba_accuracy_per_mean_user_epoch15": 0.7857927890112393, "ENV_Test_proba_accuracy_per_mean_user_and_bot_epoch15": 0.8124340370630351, "ENV_Test_accuracy_epoch15": 0.799552, "ENV_Test_accuracy_strategy_132_epoch15": 0.8464589235127479, "ENV_Test_accuracy_strategy_23_epoch15": 0.8083696881564065, "ENV_Test_accuracy_strategy_107_epoch15": 0.8932676518883416, "ENV_Test_accuracy_strategy_43_epoch15": 0.7932569974554707, "ENV_Test_accuracy_strategy_17_epoch15": 0.7595281306715064, "ENV_Test_accuracy_strategy_93_epoch15": 0.7920517560073937, "ENV_Test_accuracy_per_mean_strategy_epoch15": 0.8154888579486445, "ENV_Test_accuracy_per_mean_user_epoch15": 0.8130260160877388, "ENV_Test_accuracy_per_mean_user_and_bot_epoch15": 0.8387077293059606, "ENV_Train_TotalLoss_epoch16": 550.4709984308802, "ENV_Train_Right action_epoch16": 0.891404928642317, "ENV_Train_Probability to choose the right action_epoch16": 0.8465037590462241, "ENV_Train_Weighted right action_epoch16": 0.891404928642317, "ENV_Train_Weighted probability to choose the right action:_epoch16": 0.8465037590462241, "ENV_Test_TotalLoss_epoch16": 265.3599645172418, "ENV_Test_Right action_epoch16": 0.798464, "ENV_Test_Probability to choose the right action_epoch16": 0.7760691606942557, "ENV_Test_Weighted right action_epoch16": 0.8378194608779652, "ENV_Test_Weighted probability to choose the right action:_epoch16": 0.815734893805449, "ENV_Test_proba_accuracy_epoch16": 0.7760691606942556, "ENV_Test_proba_accuracy_strategy_132_epoch16": 0.8205440174299935, "ENV_Test_proba_accuracy_strategy_23_epoch16": 0.7782519490114848, "ENV_Test_proba_accuracy_strategy_107_epoch16": 0.871435324185137, "ENV_Test_proba_accuracy_strategy_43_epoch16": 0.7716646069090477, "ENV_Test_proba_accuracy_strategy_17_epoch16": 0.7446184516787013, "ENV_Test_proba_accuracy_strategy_93_epoch16": 0.7718855112405182, "ENV_Test_proba_accuracy_per_mean_strategy_epoch16": 0.793066643409147, "ENV_Test_proba_accuracy_per_mean_user_epoch16": 0.7889026222872162, "ENV_Test_proba_accuracy_per_mean_user_and_bot_epoch16": 0.8157348938054494, "ENV_Test_accuracy_epoch16": 0.798464, "ENV_Test_accuracy_strategy_132_epoch16": 0.8373937677053824, "ENV_Test_accuracy_strategy_23_epoch16": 0.8044918403619324, "ENV_Test_accuracy_strategy_107_epoch16": 0.9014778325123153, "ENV_Test_accuracy_strategy_43_epoch16": 0.7951653944020356, "ENV_Test_accuracy_strategy_17_epoch16": 0.7629310344827587, "ENV_Test_accuracy_strategy_93_epoch16": 0.7920517560073937, "ENV_Test_accuracy_per_mean_strategy_epoch16": 0.8155852709119698, "ENV_Test_accuracy_per_mean_user_epoch16": 0.8105392814360787, "ENV_Test_accuracy_per_mean_user_and_bot_epoch16": 0.8378194608779654, "ENV_Train_TotalLoss_epoch17": 537.7144464978948, "ENV_Train_Right action_epoch17": 0.8947147709640895, "ENV_Train_Probability to choose the right action_epoch17": 0.850492066964887, "ENV_Train_Weighted right action_epoch17": 0.8947147709640895, "ENV_Train_Weighted probability to choose the right action:_epoch17": 0.850492066964887, "ENV_Test_TotalLoss_epoch17": 269.1280945616446, "ENV_Test_Right action_epoch17": 0.803264, "ENV_Test_Probability to choose the right action_epoch17": 0.7817153663123856, "ENV_Test_Weighted right action_epoch17": 0.8420877011362952, "ENV_Test_Weighted probability to choose the right action:_epoch17": 0.8206117440080034, "ENV_Test_proba_accuracy_epoch17": 0.781715366312386, "ENV_Test_proba_accuracy_strategy_132_epoch17": 0.8284522889572792, "ENV_Test_proba_accuracy_strategy_23_epoch17": 0.7846872128853258, "ENV_Test_proba_accuracy_strategy_107_epoch17": 0.8699874637619622, "ENV_Test_proba_accuracy_strategy_43_epoch17": 0.7759555876609261, "ENV_Test_proba_accuracy_strategy_17_epoch17": 0.7507382685007515, "ENV_Test_proba_accuracy_strategy_93_epoch17": 0.7733607313205438, "ENV_Test_proba_accuracy_per_mean_strategy_epoch17": 0.7971969255144647, "ENV_Test_proba_accuracy_per_mean_user_epoch17": 0.7944687426954424, "ENV_Test_proba_accuracy_per_mean_user_and_bot_epoch17": 0.8206117440080042, "ENV_Test_accuracy_epoch17": 0.803264, "ENV_Test_accuracy_strategy_132_epoch17": 0.8475920679886686, "ENV_Test_accuracy_strategy_23_epoch17": 0.8085312651478429, "ENV_Test_accuracy_strategy_107_epoch17": 0.8916256157635468, "ENV_Test_accuracy_strategy_43_epoch17": 0.7958015267175572, "ENV_Test_accuracy_strategy_17_epoch17": 0.7697368421052632, "ENV_Test_accuracy_strategy_93_epoch17": 0.7985212569316081, "ENV_Test_accuracy_per_mean_strategy_epoch17": 0.8186347624424144, "ENV_Test_accuracy_per_mean_user_epoch17": 0.8155251569965601, "ENV_Test_accuracy_per_mean_user_and_bot_epoch17": 0.842087701136295, "ENV_Train_TotalLoss_epoch18": 523.2232946933161, "ENV_Train_Right action_epoch18": 0.8977526833631485, "ENV_Train_Probability to choose the right action_epoch18": 0.8553302286896989, "ENV_Train_Weighted right action_epoch18": 0.8977526833631485, "ENV_Train_Weighted probability to choose the right action:_epoch18": 0.8553302286896989, "ENV_Test_TotalLoss_epoch18": 282.6308090718639, "ENV_Test_Right action_epoch18": 0.79904, "ENV_Test_Probability to choose the right action_epoch18": 0.7798551895834386, "ENV_Test_Weighted right action_epoch18": 0.8374608559400196, "ENV_Test_Weighted probability to choose the right action:_epoch18": 0.8202001220414631, "ENV_Test_proba_accuracy_epoch18": 0.7798551895834382, "ENV_Test_proba_accuracy_strategy_132_epoch18": 0.8268931677476092, "ENV_Test_proba_accuracy_strategy_23_epoch18": 0.7848142526235389, "ENV_Test_proba_accuracy_strategy_107_epoch18": 0.8638551569121825, "ENV_Test_proba_accuracy_strategy_43_epoch18": 0.773296549889965, "ENV_Test_proba_accuracy_strategy_17_epoch18": 0.7474102613241894, "ENV_Test_proba_accuracy_strategy_93_epoch18": 0.7691876966506825, "ENV_Test_proba_accuracy_per_mean_strategy_epoch18": 0.7942428475246945, "ENV_Test_proba_accuracy_per_mean_user_epoch18": 0.7935012193330374, "ENV_Test_proba_accuracy_per_mean_user_and_bot_epoch18": 0.8202001220414629, "ENV_Test_accuracy_epoch18": 0.79904, "ENV_Test_accuracy_strategy_132_epoch18": 0.8345609065155808, "ENV_Test_accuracy_strategy_23_epoch18": 0.8083696881564065, "ENV_Test_accuracy_strategy_107_epoch18": 0.8932676518883416, "ENV_Test_accuracy_strategy_43_epoch18": 0.7900763358778626, "ENV_Test_accuracy_strategy_17_epoch18": 0.764519056261343, "ENV_Test_accuracy_strategy_93_epoch18": 0.788354898336414, "ENV_Test_accuracy_per_mean_strategy_epoch18": 0.8131914228393247, "ENV_Test_accuracy_per_mean_user_epoch18": 0.811315958131147, "ENV_Test_accuracy_per_mean_user_and_bot_epoch18": 0.8374608559400197, "ENV_Train_TotalLoss_epoch19": 500.09492636175514, "ENV_Train_Right action_epoch19": 0.9035923958624545, "ENV_Train_Probability to choose the right action_epoch19": 0.8620459000646541, "ENV_Train_Weighted right action_epoch19": 0.9035923958624545, "ENV_Train_Weighted probability to choose the right action:_epoch19": 0.8620459000646541, "ENV_Test_TotalLoss_epoch19": 271.47784116007216, "ENV_Test_Right action_epoch19": 0.79712, "ENV_Test_Probability to choose the right action_epoch19": 0.7750872895291563, "ENV_Test_Weighted right action_epoch19": 0.8345395362352952, "ENV_Test_Weighted probability to choose the right action:_epoch19": 0.8145137636562261, "ENV_Test_proba_accuracy_epoch19": 0.7750872895291571, "ENV_Test_proba_accuracy_strategy_132_epoch19": 0.8241370023835236, "ENV_Test_proba_accuracy_strategy_23_epoch19": 0.778197454438042, "ENV_Test_proba_accuracy_strategy_107_epoch19": 0.8614792067690066, "ENV_Test_proba_accuracy_strategy_43_epoch19": 0.7714324967581885, "ENV_Test_proba_accuracy_strategy_17_epoch19": 0.742381139624993, "ENV_Test_proba_accuracy_strategy_93_epoch19": 0.7672128085729695, "ENV_Test_proba_accuracy_per_mean_strategy_epoch19": 0.7908066847577873, "ENV_Test_proba_accuracy_per_mean_user_epoch19": 0.7881167489833414, "ENV_Test_proba_accuracy_per_mean_user_and_bot_epoch19": 0.8145137636562259, "ENV_Test_accuracy_epoch19": 0.79712, "ENV_Test_accuracy_strategy_132_epoch19": 0.8390934844192635, "ENV_Test_accuracy_strategy_23_epoch19": 0.8022297624818225, "ENV_Test_accuracy_strategy_107_epoch19": 0.8883415435139573, "ENV_Test_accuracy_strategy_43_epoch19": 0.7989821882951654, "ENV_Test_accuracy_strategy_17_epoch19": 0.7617967332123412, "ENV_Test_accuracy_strategy_93_epoch19": 0.789279112754159, "ENV_Test_accuracy_per_mean_strategy_epoch19": 0.813287137446118, "ENV_Test_accuracy_per_mean_user_epoch19": 0.8086601077238976, "ENV_Test_accuracy_per_mean_user_and_bot_epoch19": 0.8345395362352958, "ENV_Train_TotalLoss_epoch20": 502.30937071734604, "ENV_Train_Right action_epoch20": 0.9040797215894003, "ENV_Train_Probability to choose the right action_epoch20": 0.8627925986396472, "ENV_Train_Weighted right action_epoch20": 0.9040797215894003, "ENV_Train_Weighted probability to choose the right action:_epoch20": 0.8627925986396472, "ENV_Test_TotalLoss_epoch20": 274.2747340233201, "ENV_Test_Right action_epoch20": 0.7968, "ENV_Test_Probability to choose the right action_epoch20": 0.7699199447494224, "ENV_Test_Weighted right action_epoch20": 0.8403986535532435, "ENV_Test_Weighted probability to choose the right action:_epoch20": 0.8148828521005133, "ENV_Test_proba_accuracy_epoch20": 0.7699199447494219, "ENV_Test_proba_accuracy_strategy_132_epoch20": 0.82235200910946, "ENV_Test_proba_accuracy_strategy_23_epoch20": 0.7692682416428372, "ENV_Test_proba_accuracy_strategy_107_epoch20": 0.8616899323221922, "ENV_Test_proba_accuracy_strategy_43_epoch20": 0.7664849170889495, "ENV_Test_proba_accuracy_strategy_17_epoch20": 0.7375733227979803, "ENV_Test_proba_accuracy_strategy_93_epoch20": 0.7732347761205726, "ENV_Test_proba_accuracy_per_mean_strategy_epoch20": 0.7884338665136653, "ENV_Test_proba_accuracy_per_mean_user_epoch20": 0.7851531004360811, "ENV_Test_proba_accuracy_per_mean_user_and_bot_epoch20": 0.8148828521005138, "ENV_Test_accuracy_epoch20": 0.7968, "ENV_Test_accuracy_strategy_132_epoch20": 0.8441926345609065, "ENV_Test_accuracy_strategy_23_epoch20": 0.7985134916787849, "ENV_Test_accuracy_strategy_107_epoch20": 0.8883415435139573, "ENV_Test_accuracy_strategy_43_epoch20": 0.7888040712468194, "ENV_Test_accuracy_strategy_17_epoch20": 0.7647459165154264, "ENV_Test_accuracy_strategy_93_epoch20": 0.800369685767098, "ENV_Test_accuracy_per_mean_strategy_epoch20": 0.8141612238804988, "ENV_Test_accuracy_per_mean_user_epoch20": 0.8119198414073603, "ENV_Test_accuracy_per_mean_user_and_bot_epoch20": 0.8403986535532436, "ENV_Train_TotalLoss_epoch21": 474.8995042569376, "ENV_Train_Right action_epoch21": 0.9088431761647894, "ENV_Train_Probability to choose the right action_epoch21": 0.8692571015695657, "ENV_Train_Weighted right action_epoch21": 0.9088431761647894, "ENV_Train_Weighted probability to choose the right action:_epoch21": 0.8692571015695657, "ENV_Test_TotalLoss_epoch21": 336.45718813118543, "ENV_Test_Right action_epoch21": 0.792768, "ENV_Test_Probability to choose the right action_epoch21": 0.7766384413974714, "ENV_Test_Weighted right action_epoch21": 0.8327596113397775, "ENV_Test_Weighted probability to choose the right action:_epoch21": 0.817605455832971, "ENV_Test_proba_accuracy_epoch21": 0.7766384413974715, "ENV_Test_proba_accuracy_strategy_132_epoch21": 0.8314889664901398, "ENV_Test_proba_accuracy_strategy_23_epoch21": 0.7770351442280046, "ENV_Test_proba_accuracy_strategy_107_epoch21": 0.8640482783762101, "ENV_Test_proba_accuracy_strategy_43_epoch21": 0.7777480072798856, "ENV_Test_proba_accuracy_strategy_17_epoch21": 0.7442197678050396, "ENV_Test_proba_accuracy_strategy_93_epoch21": 0.7661562919533889, "ENV_Test_proba_accuracy_per_mean_strategy_epoch21": 0.7934494093554448, "ENV_Test_proba_accuracy_per_mean_user_epoch21": 0.7908984840521777, "ENV_Test_proba_accuracy_per_mean_user_and_bot_epoch21": 0.8176054558329712, "ENV_Test_accuracy_epoch21": 0.792768, "ENV_Test_accuracy_strategy_132_epoch21": 0.8441926345609065, "ENV_Test_accuracy_strategy_23_epoch21": 0.7946356438843108, "ENV_Test_accuracy_strategy_107_epoch21": 0.8883415435139573, "ENV_Test_accuracy_strategy_43_epoch21": 0.7900763358778626, "ENV_Test_accuracy_strategy_17_epoch21": 0.7602087114337568, "ENV_Test_accuracy_strategy_93_epoch21": 0.7809611829944547, "ENV_Test_accuracy_per_mean_strategy_epoch21": 0.8097360087108747, "ENV_Test_accuracy_per_mean_user_epoch21": 0.8061859139499864, "ENV_Test_accuracy_per_mean_user_and_bot_epoch21": 0.8327596113397785, "ENV_Train_TotalLoss_epoch22": 460.07696212344644, "ENV_Train_Right action_epoch22": 0.911099928712207, "ENV_Train_Probability to choose the right action_epoch22": 0.8734286630169772, "ENV_Train_Weighted right action_epoch22": 0.911099928712207, "ENV_Train_Weighted probability to choose the right action:_epoch22": 0.8734286630169772, "ENV_Test_TotalLoss_epoch22": 288.7203306125772, "ENV_Test_Right action_epoch22": 0.79904, "ENV_Test_Probability to choose the right action_epoch22": 0.7786269849242405, "ENV_Test_Weighted right action_epoch22": 0.837710743021139, "ENV_Test_Weighted probability to choose the right action:_epoch22": 0.8178549260444953, "ENV_Test_proba_accuracy_epoch22": 0.7786269849242404, "ENV_Test_proba_accuracy_strategy_132_epoch22": 0.8311015947942351, "ENV_Test_proba_accuracy_strategy_23_epoch22": 0.7813924868347153, "ENV_Test_proba_accuracy_strategy_107_epoch22": 0.8565001058957239, "ENV_Test_proba_accuracy_strategy_43_epoch22": 0.7727120662723302, "ENV_Test_proba_accuracy_strategy_17_epoch22": 0.7457095107205082, "ENV_Test_proba_accuracy_strategy_93_epoch22": 0.7760764950857468, "ENV_Test_proba_accuracy_per_mean_strategy_epoch22": 0.7939153766005432, "ENV_Test_proba_accuracy_per_mean_user_epoch22": 0.7920770188000011, "ENV_Test_proba_accuracy_per_mean_user_and_bot_epoch22": 0.8178549260444946, "ENV_Test_accuracy_epoch22": 0.79904, "ENV_Test_accuracy_strategy_132_epoch22": 0.8504249291784702, "ENV_Test_accuracy_strategy_23_epoch22": 0.8027144934561319, "ENV_Test_accuracy_strategy_107_epoch22": 0.8817733990147784, "ENV_Test_accuracy_strategy_43_epoch22": 0.7926208651399491, "ENV_Test_accuracy_strategy_17_epoch22": 0.76497277676951, "ENV_Test_accuracy_strategy_93_epoch22": 0.7957486136783734, "ENV_Test_accuracy_per_mean_strategy_epoch22": 0.8147091795395355, "ENV_Test_accuracy_per_mean_user_epoch22": 0.8118787755827666, "ENV_Test_accuracy_per_mean_user_and_bot_epoch22": 0.8377107430211395, "ENV_Train_TotalLoss_epoch23": 452.3737193930588, "ENV_Train_Right action_epoch23": 0.9148730992844365, "ENV_Train_Probability to choose the right action_epoch23": 0.876712018312396, "ENV_Train_Weighted right action_epoch23": 0.9148730992844365, "ENV_Train_Weighted probability to choose the right action:_epoch23": 0.876712018312396, "ENV_Test_TotalLoss_epoch23": 357.41577842941643, "ENV_Test_Right action_epoch23": 0.790144, "ENV_Test_Probability to choose the right action_epoch23": 0.7763918519540672, "ENV_Test_Weighted right action_epoch23": 0.8210062577573466, "ENV_Test_Weighted probability to choose the right action:_epoch23": 0.8076951573384725, "ENV_Test_proba_accuracy_epoch23": 0.7763918519540667, "ENV_Test_proba_accuracy_strategy_132_epoch23": 0.8192027478804765, "ENV_Test_proba_accuracy_strategy_23_epoch23": 0.7824780346119824, "ENV_Test_proba_accuracy_strategy_107_epoch23": 0.8553672359567457, "ENV_Test_proba_accuracy_strategy_43_epoch23": 0.7666986100828418, "ENV_Test_proba_accuracy_strategy_17_epoch23": 0.7463756659375316, "ENV_Test_proba_accuracy_strategy_93_epoch23": 0.7636603358217805, "ENV_Test_proba_accuracy_per_mean_strategy_epoch23": 0.7889637717152264, "ENV_Test_proba_accuracy_per_mean_user_epoch23": 0.786156464004789, "ENV_Test_proba_accuracy_per_mean_user_and_bot_epoch23": 0.8076951573384723, "ENV_Test_accuracy_epoch23": 0.790144, "ENV_Test_accuracy_strategy_132_epoch23": 0.8288951841359773, "ENV_Test_accuracy_strategy_23_epoch23": 0.7981903376959121, "ENV_Test_accuracy_strategy_107_epoch23": 0.8719211822660099, "ENV_Test_accuracy_strategy_43_epoch23": 0.7811704834605598, "ENV_Test_accuracy_strategy_17_epoch23": 0.7583938294010889, "ENV_Test_accuracy_strategy_93_epoch23": 0.777264325323475, "ENV_Test_accuracy_per_mean_strategy_epoch23": 0.8026392237138372, "ENV_Test_accuracy_per_mean_user_epoch23": 0.7995897728408753, "ENV_Test_accuracy_per_mean_user_and_bot_epoch23": 0.8210062577573473, "ENV_Train_TotalLoss_epoch24": 465.06141402809607, "ENV_Train_Right action_epoch24": 0.9126168812109522, "ENV_Train_Probability to choose the right action_epoch24": 0.8738742671680195, "ENV_Train_Weighted right action_epoch24": 0.9126168812109522, "ENV_Train_Weighted probability to choose the right action:_epoch24": 0.8738742671680195, "ENV_Test_TotalLoss_epoch24": 298.0746435177154, "ENV_Test_Right action_epoch24": 0.795904, "ENV_Test_Probability to choose the right action_epoch24": 0.7793362806741065, "ENV_Test_Weighted right action_epoch24": 0.837427423158186, "ENV_Test_Weighted probability to choose the right action:_epoch24": 0.8195243187443321, "ENV_Test_proba_accuracy_epoch24": 0.7793362806741077, "ENV_Test_proba_accuracy_strategy_132_epoch24": 0.8339675140069762, "ENV_Test_proba_accuracy_strategy_23_epoch24": 0.7805115087863457, "ENV_Test_proba_accuracy_strategy_107_epoch24": 0.8675573733226691, "ENV_Test_proba_accuracy_strategy_43_epoch24": 0.7681756240853286, "ENV_Test_proba_accuracy_strategy_17_epoch24": 0.7491366298245128, "ENV_Test_proba_accuracy_strategy_93_epoch24": 0.7730889184379206, "ENV_Test_proba_accuracy_per_mean_strategy_epoch24": 0.7954062614106255, "ENV_Test_proba_accuracy_per_mean_user_epoch24": 0.7925940109484217, "ENV_Test_proba_accuracy_per_mean_user_and_bot_epoch24": 0.8195243187443315, "ENV_Test_accuracy_epoch24": 0.795904, "ENV_Test_accuracy_strategy_132_epoch24": 0.8470254957507082, "ENV_Test_accuracy_strategy_23_epoch24": 0.7996445306188399, "ENV_Test_accuracy_strategy_107_epoch24": 0.8916256157635468, "ENV_Test_accuracy_strategy_43_epoch24": 0.7830788804071247, "ENV_Test_accuracy_strategy_17_epoch24": 0.764519056261343, "ENV_Test_accuracy_strategy_93_epoch24": 0.7837338262476895, "ENV_Test_accuracy_per_mean_strategy_epoch24": 0.8116045675082088, "ENV_Test_accuracy_per_mean_user_epoch24": 0.8096054029729339, "ENV_Test_accuracy_per_mean_user_and_bot_epoch24": 0.8374274231581871, "_wandb": {"runtime": 2494}}