{"ENV_Train_TotalLoss": 148.22162835095048, "ENV_Train_TotalLoss_epoch0": 927.349464921618, "ENV_Train_Right action": 0.9746152448314905, "ENV_Train_Right action_epoch0": 0.8084948776363052, "ENV_Train_Probability to choose the right action": 0.9616889833684036, "ENV_Train_Probability to choose the right action_epoch0": 0.7343570333481435, "ENV_Train_Weighted right action": 0.9746152448314905, "ENV_Train_Weighted right action_epoch0": 0.8084948776363052, "ENV_Train_Weighted probability to choose the right action:": 0.9616889833684036, "ENV_Train_Weighted probability to choose the right action:_epoch0": 0.7343570333481435, "_timestamp": 1720359829.6348746, "_runtime": 2639.99561047554, "_step": 49, "ENV_Test_TotalLoss": 491.90088758357433, "ENV_Test_TotalLoss_epoch0": 190.20685834480602, "ENV_Test_Right action": 0.8304, "ENV_Test_Right action_epoch0": 0.827712, "ENV_Test_Probability to choose the right action": 0.8261684627298986, "ENV_Test_Probability to choose the right action_epoch0": 0.7587774231132566, "ENV_Test_Weighted right action": 0.8520122362638834, "ENV_Test_Weighted right action_epoch0": 0.8560080600226994, "ENV_Test_Weighted probability to choose the right action:": 0.8468121237911049, "ENV_Test_Weighted probability to choose the right action:_epoch0": 0.7862873737053366, "ENV_Test_proba_accuracy": 0.8261684627298971, "ENV_Test_proba_accuracy_epoch0": 0.7587774231132557, "ENV_Test_proba_accuracy_strategy_132": 0.8532017805013641, "ENV_Test_proba_accuracy_strategy_132_epoch0": 0.8009404800561639, "ENV_Test_proba_accuracy_strategy_23": 0.8383567386677163, "ENV_Test_proba_accuracy_strategy_23_epoch0": 0.7631006380187589, "ENV_Test_proba_accuracy_strategy_107": 0.8612617740500903, "ENV_Test_proba_accuracy_strategy_107_epoch0": 0.8094790362661677, "ENV_Test_proba_accuracy_strategy_43": 0.8088556240768493, "ENV_Test_proba_accuracy_strategy_43_epoch0": 0.7540314533400735, "ENV_Test_proba_accuracy_strategy_17": 0.7982086541532997, "ENV_Test_proba_accuracy_strategy_17_epoch0": 0.7307176157770202, "ENV_Test_proba_accuracy_strategy_93": 0.831661758782054, "ENV_Test_proba_accuracy_strategy_93_epoch0": 0.7579427098572965, "ENV_Test_proba_accuracy_per_mean_strategy": 0.8319243883718955, "ENV_Test_proba_accuracy_per_mean_strategy_epoch0": 0.7693686555525799, "ENV_Test_proba_accuracy_per_mean_user": 0.8314157350664054, "ENV_Test_proba_accuracy_per_mean_user_epoch0": 0.7692887384254231, "ENV_Test_proba_accuracy_per_mean_user_and_bot": 0.8468121237911067, "ENV_Test_proba_accuracy_per_mean_user_and_bot_epoch0": 0.786287373705336, "ENV_Test_accuracy": 0.8304, "ENV_Test_accuracy_epoch0": 0.827712, "ENV_Test_accuracy_strategy_132": 0.8560906515580736, "ENV_Test_accuracy_strategy_132_epoch0": 0.8640226628895185, "ENV_Test_accuracy_strategy_23": 0.8416545483923089, "ENV_Test_accuracy_strategy_23_epoch0": 0.8342220067862336, "ENV_Test_accuracy_strategy_107": 0.8752052545155994, "ENV_Test_accuracy_strategy_107_epoch0": 0.8834154351395731, "ENV_Test_accuracy_strategy_43": 0.8142493638676844, "ENV_Test_accuracy_strategy_43_epoch0": 0.823791348600509, "ENV_Test_accuracy_strategy_17": 0.8024047186932849, "ENV_Test_accuracy_strategy_17_epoch0": 0.7944646098003629, "ENV_Test_accuracy_strategy_93": 0.8364140480591498, "ENV_Test_accuracy_strategy_93_epoch0": 0.8410351201478743, "ENV_Test_accuracy_per_mean_strategy": 0.8376697641810167, "ENV_Test_accuracy_per_mean_strategy_epoch0": 0.8401585305606786, "ENV_Test_accuracy_per_mean_user": 0.8358909406264182, "ENV_Test_accuracy_per_mean_user_epoch0": 0.8390379178350905, "ENV_Test_accuracy_per_mean_user_and_bot": 0.8520122362638823, "ENV_Test_accuracy_per_mean_user_and_bot_epoch0": 0.8560080600226996, "ENV_Train_TotalLoss_epoch1": 824.9064187002657, "ENV_Train_Right action_epoch1": 0.8324831952150035, "ENV_Train_Probability to choose the right action_epoch1": 0.7658329866007026, "ENV_Train_Weighted right action_epoch1": 0.8324831952150035, "ENV_Train_Weighted probability to choose the right action:_epoch1": 0.7658329866007026, "ENV_Test_TotalLoss_epoch1": 178.07005080297148, "ENV_Test_Right action_epoch1": 0.843328, "ENV_Test_Probability to choose the right action_epoch1": 0.7746015087189604, "ENV_Test_Weighted right action_epoch1": 0.868232257258628, "ENV_Test_Weighted probability to choose the right action:_epoch1": 0.7981905045202538, "ENV_Test_proba_accuracy_epoch1": 0.7746015087189597, "ENV_Test_proba_accuracy_strategy_132_epoch1": 0.8171111056920891, "ENV_Test_proba_accuracy_strategy_23_epoch1": 0.7833014929903849, "ENV_Test_proba_accuracy_strategy_107_epoch1": 0.8303781382572781, "ENV_Test_proba_accuracy_strategy_43_epoch1": 0.7604109456768796, "ENV_Test_proba_accuracy_strategy_17_epoch1": 0.7430887596987389, "ENV_Test_proba_accuracy_strategy_93_epoch1": 0.7730988784796113, "ENV_Test_proba_accuracy_per_mean_strategy_epoch1": 0.7845648867991636, "ENV_Test_proba_accuracy_per_mean_user_epoch1": 0.7822010708741085, "ENV_Test_proba_accuracy_per_mean_user_and_bot_epoch1": 0.7981905045202536, "ENV_Test_accuracy_epoch1": 0.843328, "ENV_Test_accuracy_strategy_132_epoch1": 0.8810198300283286, "ENV_Test_accuracy_strategy_23_epoch1": 0.859428017450315, "ENV_Test_accuracy_strategy_107_epoch1": 0.90311986863711, "ENV_Test_accuracy_strategy_43_epoch1": 0.8256997455470738, "ENV_Test_accuracy_strategy_17_epoch1": 0.802858439201452, "ENV_Test_accuracy_strategy_93_epoch1": 0.8465804066543438, "ENV_Test_accuracy_per_mean_strategy_epoch1": 0.8531177179197705, "ENV_Test_accuracy_per_mean_user_epoch1": 0.8503418008324993, "ENV_Test_accuracy_per_mean_user_and_bot_epoch1": 0.8682322572586282, "ENV_Train_TotalLoss_epoch2": 784.9999533325247, "ENV_Train_Right action_epoch2": 0.8431314994968131, "ENV_Train_Probability to choose the right action_epoch2": 0.7776709439558918, "ENV_Train_Weighted right action_epoch2": 0.8431314994968131, "ENV_Train_Weighted probability to choose the right action:_epoch2": 0.7776709439558918, "ENV_Test_TotalLoss_epoch2": 175.08427614630617, "ENV_Test_Right action_epoch2": 0.843712, "ENV_Test_Probability to choose the right action_epoch2": 0.7872884589146512, "ENV_Test_Weighted right action_epoch2": 0.8716825009887953, "ENV_Test_Weighted probability to choose the right action:_epoch2": 0.8179606591909965, "ENV_Test_proba_accuracy_epoch2": 0.7872884589146524, "ENV_Test_proba_accuracy_strategy_132_epoch2": 0.8337925941426458, "ENV_Test_proba_accuracy_strategy_23_epoch2": 0.7918732240702133, "ENV_Test_proba_accuracy_strategy_107_epoch2": 0.8478335524648104, "ENV_Test_proba_accuracy_strategy_43_epoch2": 0.7800377662961626, "ENV_Test_proba_accuracy_strategy_17_epoch2": 0.7568612324947999, "ENV_Test_proba_accuracy_strategy_93_epoch2": 0.7856197256963112, "ENV_Test_proba_accuracy_per_mean_strategy_epoch2": 0.7993363491941571, "ENV_Test_proba_accuracy_per_mean_user_epoch2": 0.798932977310629, "ENV_Test_proba_accuracy_per_mean_user_and_bot_epoch2": 0.8179606591909968, "ENV_Test_accuracy_epoch2": 0.843712, "ENV_Test_accuracy_strategy_132_epoch2": 0.8844192634560907, "ENV_Test_accuracy_strategy_23_epoch2": 0.8536112457586039, "ENV_Test_accuracy_strategy_107_epoch2": 0.896551724137931, "ENV_Test_accuracy_strategy_43_epoch2": 0.8282442748091603, "ENV_Test_accuracy_strategy_17_epoch2": 0.8096642468239564, "ENV_Test_accuracy_strategy_93_epoch2": 0.8521256931608133, "ENV_Test_accuracy_per_mean_strategy_epoch2": 0.8541027413577593, "ENV_Test_accuracy_per_mean_user_epoch2": 0.8530965568229778, "ENV_Test_accuracy_per_mean_user_and_bot_epoch2": 0.8716825009887963, "ENV_Train_TotalLoss_epoch3": 746.2718458031121, "ENV_Train_Right action_epoch3": 0.8509365389991613, "ENV_Train_Probability to choose the right action_epoch3": 0.7888279084086558, "ENV_Train_Weighted right action_epoch3": 0.8509365389991613, "ENV_Train_Weighted probability to choose the right action:_epoch3": 0.7888279084086558, "ENV_Test_TotalLoss_epoch3": 174.8199854654373, "ENV_Test_Right action_epoch3": 0.845376, "ENV_Test_Probability to choose the right action_epoch3": 0.7931933777550513, "ENV_Test_Weighted right action_epoch3": 0.8703838624570996, "ENV_Test_Weighted probability to choose the right action:_epoch3": 0.8190947057328439, "ENV_Test_proba_accuracy_epoch3": 0.7931933777550518, "ENV_Test_proba_accuracy_strategy_132_epoch3": 0.8339101638580619, "ENV_Test_proba_accuracy_strategy_23_epoch3": 0.8018905562552627, "ENV_Test_proba_accuracy_strategy_107_epoch3": 0.8470891831272223, "ENV_Test_proba_accuracy_strategy_43_epoch3": 0.7792023576744371, "ENV_Test_proba_accuracy_strategy_17_epoch3": 0.7621590306366967, "ENV_Test_proba_accuracy_strategy_93_epoch3": 0.7934510256138004, "ENV_Test_proba_accuracy_per_mean_strategy_epoch3": 0.8029503861942467, "ENV_Test_proba_accuracy_per_mean_user_epoch3": 0.8021486878746447, "ENV_Test_proba_accuracy_per_mean_user_and_bot_epoch3": 0.8190947057328439, "ENV_Test_accuracy_epoch3": 0.845376, "ENV_Test_accuracy_strategy_132_epoch3": 0.8770538243626063, "ENV_Test_accuracy_strategy_23_epoch3": 0.858620132493133, "ENV_Test_accuracy_strategy_107_epoch3": 0.896551724137931, "ENV_Test_accuracy_strategy_43_epoch3": 0.8250636132315522, "ENV_Test_accuracy_strategy_17_epoch3": 0.8114791288566243, "ENV_Test_accuracy_strategy_93_epoch3": 0.8567467652495379, "ENV_Test_accuracy_per_mean_strategy_epoch3": 0.854252531388564, "ENV_Test_accuracy_per_mean_user_epoch3": 0.854918240965896, "ENV_Test_accuracy_per_mean_user_and_bot_epoch3": 0.8703838624570992, "ENV_Train_TotalLoss_epoch4": 710.4963203931652, "ENV_Train_Right action_epoch4": 0.8591257915263003, "ENV_Train_Probability to choose the right action_epoch4": 0.7993495903205108, "ENV_Train_Weighted right action_epoch4": 0.8591257915263003, "ENV_Train_Weighted probability to choose the right action:_epoch4": 0.7993495903205108, "ENV_Test_TotalLoss_epoch4": 176.50567215888935, "ENV_Test_Right action_epoch4": 0.847552, "ENV_Test_Probability to choose the right action_epoch4": 0.8026112135219198, "ENV_Test_Weighted right action_epoch4": 0.8724353105671446, "ENV_Test_Weighted probability to choose the right action:_epoch4": 0.8256877284504673, "ENV_Test_proba_accuracy_epoch4": 0.80261121352192, "ENV_Test_proba_accuracy_strategy_132_epoch4": 0.8429675658957418, "ENV_Test_proba_accuracy_strategy_23_epoch4": 0.81162702292447, "ENV_Test_proba_accuracy_strategy_107_epoch4": 0.8550725120296913, "ENV_Test_proba_accuracy_strategy_43_epoch4": 0.783136501391158, "ENV_Test_proba_accuracy_strategy_17_epoch4": 0.7727741882574347, "ENV_Test_proba_accuracy_strategy_93_epoch4": 0.8055309156587032, "ENV_Test_proba_accuracy_per_mean_strategy_epoch4": 0.8118514510261999, "ENV_Test_proba_accuracy_per_mean_user_epoch4": 0.8096751418851196, "ENV_Test_proba_accuracy_per_mean_user_and_bot_epoch4": 0.8256877284504668, "ENV_Test_accuracy_epoch4": 0.847552, "ENV_Test_accuracy_strategy_132_epoch4": 0.884985835694051, "ENV_Test_accuracy_strategy_23_epoch4": 0.8570043625787688, "ENV_Test_accuracy_strategy_107_epoch4": 0.8998357963875205, "ENV_Test_accuracy_strategy_43_epoch4": 0.8231552162849872, "ENV_Test_accuracy_strategy_17_epoch4": 0.8166969147005445, "ENV_Test_accuracy_strategy_93_epoch4": 0.8641404805914972, "ENV_Test_accuracy_per_mean_strategy_epoch4": 0.8576364343728948, "ENV_Test_accuracy_per_mean_user_epoch4": 0.8550902809434902, "ENV_Test_accuracy_per_mean_user_and_bot_epoch4": 0.8724353105671466, "ENV_Train_TotalLoss_epoch5": 673.3047211725325, "ENV_Train_Right action_epoch5": 0.8675146771037182, "ENV_Train_Probability to choose the right action_epoch5": 0.8105262750587165, "ENV_Train_Weighted right action_epoch5": 0.8675146771037182, "ENV_Train_Weighted probability to choose the right action:_epoch5": 0.8105262750587165, "ENV_Test_TotalLoss_epoch5": 179.86497230686126, "ENV_Test_Right action_epoch5": 0.848512, "ENV_Test_Probability to choose the right action_epoch5": 0.8063688088744383, "ENV_Test_Weighted right action_epoch5": 0.8696671051996018, "ENV_Test_Weighted probability to choose the right action:_epoch5": 0.8302325026770194, "ENV_Test_proba_accuracy_epoch5": 0.8063688088744387, "ENV_Test_proba_accuracy_strategy_132_epoch5": 0.845026023052095, "ENV_Test_proba_accuracy_strategy_23_epoch5": 0.8148675305032727, "ENV_Test_proba_accuracy_strategy_107_epoch5": 0.8551407055301938, "ENV_Test_proba_accuracy_strategy_43_epoch5": 0.7915658471250951, "ENV_Test_proba_accuracy_strategy_17_epoch5": 0.7765012689316169, "ENV_Test_proba_accuracy_strategy_93_epoch5": 0.8104313926915883, "ENV_Test_proba_accuracy_per_mean_strategy_epoch5": 0.8155887946389769, "ENV_Test_proba_accuracy_per_mean_user_epoch5": 0.8149176291047764, "ENV_Test_proba_accuracy_per_mean_user_and_bot_epoch5": 0.8302325026770191, "ENV_Test_accuracy_epoch5": 0.848512, "ENV_Test_accuracy_strategy_132_epoch5": 0.8810198300283286, "ENV_Test_accuracy_strategy_23_epoch5": 0.8597511714331879, "ENV_Test_accuracy_strategy_107_epoch5": 0.8916256157635468, "ENV_Test_accuracy_strategy_43_epoch5": 0.8250636132315522, "ENV_Test_accuracy_strategy_17_epoch5": 0.8176043557168784, "ENV_Test_accuracy_strategy_93_epoch5": 0.866913123844732, "ENV_Test_accuracy_per_mean_strategy_epoch5": 0.8569962850030377, "ENV_Test_accuracy_per_mean_user_epoch5": 0.8564653012040363, "ENV_Test_accuracy_per_mean_user_and_bot_epoch5": 0.8696671051996014, "ENV_Train_TotalLoss_epoch6": 638.086869924565, "ENV_Train_Right action_epoch6": 0.873730246335704, "ENV_Train_Probability to choose the right action_epoch6": 0.8205342634619837, "ENV_Train_Weighted right action_epoch6": 0.873730246335704, "ENV_Train_Weighted probability to choose the right action:_epoch6": 0.8205342634619837, "ENV_Test_TotalLoss_epoch6": 188.10744558079935, "ENV_Test_Right action_epoch6": 0.847744, "ENV_Test_Probability to choose the right action_epoch6": 0.8169470499102678, "ENV_Test_Weighted right action_epoch6": 0.8712455213012755, "ENV_Test_Weighted probability to choose the right action:_epoch6": 0.8402776088467944, "ENV_Test_proba_accuracy_epoch6": 0.8169470499102688, "ENV_Test_proba_accuracy_strategy_132_epoch6": 0.8580203056055413, "ENV_Test_proba_accuracy_strategy_23_epoch6": 0.8267701426275011, "ENV_Test_proba_accuracy_strategy_107_epoch6": 0.86388593753868, "ENV_Test_proba_accuracy_strategy_43_epoch6": 0.8000621893587414, "ENV_Test_proba_accuracy_strategy_17_epoch6": 0.7849731428688955, "ENV_Test_proba_accuracy_strategy_93_epoch6": 0.8221307683303828, "ENV_Test_proba_accuracy_per_mean_strategy_epoch6": 0.8259737477216237, "ENV_Test_proba_accuracy_per_mean_user_epoch6": 0.8234808117560994, "ENV_Test_proba_accuracy_per_mean_user_and_bot_epoch6": 0.8402776088467958, "ENV_Test_accuracy_epoch6": 0.847744, "ENV_Test_accuracy_strategy_132_epoch6": 0.8855524079320113, "ENV_Test_accuracy_strategy_23_epoch6": 0.8579738245273874, "ENV_Test_accuracy_strategy_107_epoch6": 0.8932676518883416, "ENV_Test_accuracy_strategy_43_epoch6": 0.8269720101781171, "ENV_Test_accuracy_strategy_17_epoch6": 0.8153357531760436, "ENV_Test_accuracy_strategy_93_epoch6": 0.8641404805914972, "ENV_Test_accuracy_per_mean_strategy_epoch6": 0.857207021382233, "ENV_Test_accuracy_per_mean_user_epoch6": 0.8535317435067157, "ENV_Test_accuracy_per_mean_user_and_bot_epoch6": 0.8712455213012754, "ENV_Train_TotalLoss_epoch7": 600.8123113733287, "ENV_Train_Right action_epoch7": 0.8818423259714845, "ENV_Train_Probability to choose the right action_epoch7": 0.8320808047548703, "ENV_Train_Weighted right action_epoch7": 0.8818423259714845, "ENV_Train_Weighted probability to choose the right action:_epoch7": 0.8320808047548703, "ENV_Test_TotalLoss_epoch7": 198.29868565398172, "ENV_Test_Right action_epoch7": 0.845248, "ENV_Test_Probability to choose the right action_epoch7": 0.8141056861856788, "ENV_Test_Weighted right action_epoch7": 0.8665694258350484, "ENV_Test_Weighted probability to choose the right action:_epoch7": 0.834263339349045, "ENV_Test_proba_accuracy_epoch7": 0.8141056861856781, "ENV_Test_proba_accuracy_strategy_132_epoch7": 0.8523275110769079, "ENV_Test_proba_accuracy_strategy_23_epoch7": 0.8244225909420475, "ENV_Test_proba_accuracy_strategy_107_epoch7": 0.8601991312612342, "ENV_Test_proba_accuracy_strategy_43_epoch7": 0.792453181036243, "ENV_Test_proba_accuracy_strategy_17_epoch7": 0.7840457944179525, "ENV_Test_proba_accuracy_strategy_93_epoch7": 0.8207212023463444, "ENV_Test_proba_accuracy_per_mean_strategy_epoch7": 0.8223615685134549, "ENV_Test_proba_accuracy_per_mean_user_epoch7": 0.8208611548206939, "ENV_Test_proba_accuracy_per_mean_user_and_bot_epoch7": 0.8342633393490447, "ENV_Test_accuracy_epoch7": 0.845248, "ENV_Test_accuracy_strategy_132_epoch7": 0.8770538243626063, "ENV_Test_accuracy_strategy_23_epoch7": 0.8542575537243496, "ENV_Test_accuracy_strategy_107_epoch7": 0.8899835796387521, "ENV_Test_accuracy_strategy_43_epoch7": 0.8193384223918575, "ENV_Test_accuracy_strategy_17_epoch7": 0.8194192377495463, "ENV_Test_accuracy_strategy_93_epoch7": 0.8595194085027726, "ENV_Test_accuracy_per_mean_strategy_epoch7": 0.8532620043949807, "ENV_Test_accuracy_per_mean_user_epoch7": 0.8519713758761523, "ENV_Test_accuracy_per_mean_user_and_bot_epoch7": 0.8665694258350484, "ENV_Train_TotalLoss_epoch8": 562.4834890496046, "ENV_Train_Right action_epoch8": 0.8897974587998491, "ENV_Train_Probability to choose the right action_epoch8": 0.8427824612601958, "ENV_Train_Weighted right action_epoch8": 0.8897974587998491, "ENV_Train_Weighted probability to choose the right action:_epoch8": 0.8427824612601958, "ENV_Test_TotalLoss_epoch8": 206.746160738975, "ENV_Test_Right action_epoch8": 0.844992, "ENV_Test_Probability to choose the right action_epoch8": 0.818655104334799, "ENV_Test_Weighted right action_epoch8": 0.8652730464263253, "ENV_Test_Weighted probability to choose the right action:_epoch8": 0.8404729231699993, "ENV_Test_proba_accuracy_epoch8": 0.8186551043347992, "ENV_Test_proba_accuracy_strategy_132_epoch8": 0.8581037827156738, "ENV_Test_proba_accuracy_strategy_23_epoch8": 0.8275652174881272, "ENV_Test_proba_accuracy_strategy_107_epoch8": 0.8630336394736499, "ENV_Test_proba_accuracy_strategy_43_epoch8": 0.8000697982365107, "ENV_Test_proba_accuracy_strategy_17_epoch8": 0.7891674790960854, "ENV_Test_proba_accuracy_strategy_93_epoch8": 0.825493752847747, "ENV_Test_proba_accuracy_per_mean_strategy_epoch8": 0.8272389449762989, "ENV_Test_proba_accuracy_per_mean_user_epoch8": 0.8251244159275135, "ENV_Test_proba_accuracy_per_mean_user_and_bot_epoch8": 0.8404729231699988, "ENV_Test_accuracy_epoch8": 0.844992, "ENV_Test_accuracy_strategy_132_epoch8": 0.88328611898017, "ENV_Test_accuracy_strategy_23_epoch8": 0.8542575537243496, "ENV_Test_accuracy_strategy_107_epoch8": 0.8817733990147784, "ENV_Test_accuracy_strategy_43_epoch8": 0.8276081424936387, "ENV_Test_accuracy_strategy_17_epoch8": 0.8144283121597096, "ENV_Test_accuracy_strategy_93_epoch8": 0.8585951940850277, "ENV_Test_accuracy_per_mean_strategy_epoch8": 0.8533247867429457, "ENV_Test_accuracy_per_mean_user_epoch8": 0.8507880636439286, "ENV_Test_accuracy_per_mean_user_and_bot_epoch8": 0.8652730464263247, "ENV_Train_TotalLoss_epoch9": 525.4463408030183, "ENV_Train_Right action_epoch9": 0.8973291031321192, "ENV_Train_Probability to choose the right action_epoch9": 0.8532989408920933, "ENV_Train_Weighted right action_epoch9": 0.8973291031321192, "ENV_Train_Weighted probability to choose the right action:_epoch9": 0.8532989408920933, "ENV_Test_TotalLoss_epoch9": 199.85007251917781, "ENV_Test_Right action_epoch9": 0.841408, "ENV_Test_Probability to choose the right action_epoch9": 0.8107033131873581, "ENV_Test_Weighted right action_epoch9": 0.8601129190195753, "ENV_Test_Weighted probability to choose the right action:_epoch9": 0.8297480013738409, "ENV_Test_proba_accuracy_epoch9": 0.8107033131873578, "ENV_Test_proba_accuracy_strategy_132_epoch9": 0.8460442180654877, "ENV_Test_proba_accuracy_strategy_23_epoch9": 0.822386830529648, "ENV_Test_proba_accuracy_strategy_107_epoch9": 0.8512107898068683, "ENV_Test_proba_accuracy_strategy_43_epoch9": 0.7913255121507612, "ENV_Test_proba_accuracy_strategy_17_epoch9": 0.7789241365670007, "ENV_Test_proba_accuracy_strategy_93_epoch9": 0.8210447869114319, "ENV_Test_proba_accuracy_per_mean_strategy_epoch9": 0.8184893790051996, "ENV_Test_proba_accuracy_per_mean_user_epoch9": 0.8162553992481534, "ENV_Test_proba_accuracy_per_mean_user_and_bot_epoch9": 0.829748001373841, "ENV_Test_accuracy_epoch9": 0.841408, "ENV_Test_accuracy_strategy_132_epoch9": 0.8747875354107649, "ENV_Test_accuracy_strategy_23_epoch9": 0.8550654386815317, "ENV_Test_accuracy_strategy_107_epoch9": 0.8784893267651889, "ENV_Test_accuracy_strategy_43_epoch9": 0.8276081424936387, "ENV_Test_accuracy_strategy_17_epoch9": 0.8067150635208712, "ENV_Test_accuracy_strategy_93_epoch9": 0.8493530499075785, "ENV_Test_accuracy_per_mean_strategy_epoch9": 0.8486697594632625, "ENV_Test_accuracy_per_mean_user_epoch9": 0.8463690759664826, "ENV_Test_accuracy_per_mean_user_and_bot_epoch9": 0.8601129190195758, "ENV_Train_TotalLoss_epoch10": 487.79873788730447, "ENV_Train_Right action_epoch10": 0.9053816046966732, "ENV_Train_Probability to choose the right action_epoch10": 0.8645243908522009, "ENV_Train_Weighted right action_epoch10": 0.9053816046966732, "ENV_Train_Weighted probability to choose the right action:_epoch10": 0.8645243908522009, "ENV_Test_TotalLoss_epoch10": 235.7598508638272, "ENV_Test_Right action_epoch10": 0.83872, "ENV_Test_Probability to choose the right action_epoch10": 0.8159032329731115, "ENV_Test_Weighted right action_epoch10": 0.8583102620346494, "ENV_Test_Weighted probability to choose the right action:_epoch10": 0.8357847388271802, "ENV_Test_proba_accuracy_epoch10": 0.8159032329731134, "ENV_Test_proba_accuracy_strategy_132_epoch10": 0.8511917533449034, "ENV_Test_proba_accuracy_strategy_23_epoch10": 0.8260713781047746, "ENV_Test_proba_accuracy_strategy_107_epoch10": 0.8458105153412058, "ENV_Test_proba_accuracy_strategy_43_epoch10": 0.7971967363360218, "ENV_Test_proba_accuracy_strategy_17_epoch10": 0.7890170085411192, "ENV_Test_proba_accuracy_strategy_93_epoch10": 0.82005542000778, "ENV_Test_proba_accuracy_per_mean_strategy_epoch10": 0.8215571352793009, "ENV_Test_proba_accuracy_per_mean_user_epoch10": 0.8210669965344123, "ENV_Test_proba_accuracy_per_mean_user_and_bot_epoch10": 0.8357847388271804, "ENV_Test_accuracy_epoch10": 0.83872, "ENV_Test_accuracy_strategy_132_epoch10": 0.8719546742209632, "ENV_Test_accuracy_strategy_23_epoch10": 0.8507028599127484, "ENV_Test_accuracy_strategy_107_epoch10": 0.8604269293924466, "ENV_Test_accuracy_strategy_43_epoch10": 0.8244274809160306, "ENV_Test_accuracy_strategy_17_epoch10": 0.8110254083484574, "ENV_Test_accuracy_strategy_93_epoch10": 0.8373382624768947, "ENV_Test_accuracy_per_mean_strategy_epoch10": 0.8426459358779236, "ENV_Test_accuracy_per_mean_user_epoch10": 0.8423977785596036, "ENV_Test_accuracy_per_mean_user_and_bot_epoch10": 0.8583102620346483, "ENV_Train_TotalLoss_epoch11": 454.8647531848633, "ENV_Train_Right action_epoch11": 0.9113922281241263, "ENV_Train_Probability to choose the right action_epoch11": 0.8738480103147205, "ENV_Train_Weighted right action_epoch11": 0.9113922281241263, "ENV_Train_Weighted probability to choose the right action:_epoch11": 0.8738480103147205, "ENV_Test_TotalLoss_epoch11": 220.76597714809557, "ENV_Test_Right action_epoch11": 0.842752, "ENV_Test_Probability to choose the right action_epoch11": 0.8182850028655749, "ENV_Test_Weighted right action_epoch11": 0.8665999114966196, "ENV_Test_Weighted probability to choose the right action:_epoch11": 0.8393008044336357, "ENV_Test_proba_accuracy_epoch11": 0.8182850028655742, "ENV_Test_proba_accuracy_strategy_132_epoch11": 0.8498389026185937, "ENV_Test_proba_accuracy_strategy_23_epoch11": 0.8306706685220147, "ENV_Test_proba_accuracy_strategy_107_epoch11": 0.8593769633700208, "ENV_Test_proba_accuracy_strategy_43_epoch11": 0.8007953646782404, "ENV_Test_proba_accuracy_strategy_17_epoch11": 0.7882764905428605, "ENV_Test_proba_accuracy_strategy_93_epoch11": 0.8205019268859185, "ENV_Test_proba_accuracy_per_mean_strategy_epoch11": 0.8249100527696079, "ENV_Test_proba_accuracy_per_mean_user_epoch11": 0.8236052137290728, "ENV_Test_proba_accuracy_per_mean_user_and_bot_epoch11": 0.8393008044336352, "ENV_Test_accuracy_epoch11": 0.842752, "ENV_Test_accuracy_strategy_132_epoch11": 0.8725212464589235, "ENV_Test_accuracy_strategy_23_epoch11": 0.8550654386815317, "ENV_Test_accuracy_strategy_107_epoch11": 0.8850574712643678, "ENV_Test_accuracy_strategy_43_epoch11": 0.8288804071246819, "ENV_Test_accuracy_strategy_17_epoch11": 0.8123865698729582, "ENV_Test_accuracy_strategy_93_epoch11": 0.8438077634011091, "ENV_Test_accuracy_per_mean_strategy_epoch11": 0.8496198161339287, "ENV_Test_accuracy_per_mean_user_epoch11": 0.8476372454565696, "ENV_Test_accuracy_per_mean_user_and_bot_epoch11": 0.8665999114966195, "ENV_Train_TotalLoss_epoch12": 415.12866769793294, "ENV_Train_Right action_epoch12": 0.9195191837305192, "ENV_Train_Probability to choose the right action_epoch12": 0.8852047262456751, "ENV_Train_Weighted right action_epoch12": 0.9195191837305192, "ENV_Train_Weighted probability to choose the right action:_epoch12": 0.8852047262456751, "ENV_Test_TotalLoss_epoch12": 296.1935531105227, "ENV_Test_Right action_epoch12": 0.838016, "ENV_Test_Probability to choose the right action_epoch12": 0.823824455764796, "ENV_Test_Weighted right action_epoch12": 0.8608291205329258, "ENV_Test_Weighted probability to choose the right action:_epoch12": 0.846115263720069, "ENV_Test_proba_accuracy_epoch12": 0.8238244557647967, "ENV_Test_proba_accuracy_strategy_132_epoch12": 0.8625717142954458, "ENV_Test_proba_accuracy_strategy_23_epoch12": 0.8324347261625995, "ENV_Test_proba_accuracy_strategy_107_epoch12": 0.8646430789953403, "ENV_Test_proba_accuracy_strategy_43_epoch12": 0.8070386708422429, "ENV_Test_proba_accuracy_strategy_17_epoch12": 0.7958308703226472, "ENV_Test_proba_accuracy_strategy_93_epoch12": 0.8268249753408139, "ENV_Test_proba_accuracy_per_mean_strategy_epoch12": 0.831557339326515, "ENV_Test_proba_accuracy_per_mean_user_epoch12": 0.8310082999311766, "ENV_Test_proba_accuracy_per_mean_user_and_bot_epoch12": 0.8461152637200693, "ENV_Test_accuracy_epoch12": 0.838016, "ENV_Test_accuracy_strategy_132_epoch12": 0.8742209631728045, "ENV_Test_accuracy_strategy_23_epoch12": 0.8468250121182743, "ENV_Test_accuracy_strategy_107_epoch12": 0.8801313628899836, "ENV_Test_accuracy_strategy_43_epoch12": 0.823791348600509, "ENV_Test_accuracy_strategy_17_epoch12": 0.8092105263157895, "ENV_Test_accuracy_strategy_93_epoch12": 0.8428835489833642, "ENV_Test_accuracy_per_mean_strategy_epoch12": 0.8461771270134543, "ENV_Test_accuracy_per_mean_user_epoch12": 0.84404764278949, "ENV_Test_accuracy_per_mean_user_and_bot_epoch12": 0.8608291205329272, "ENV_Train_TotalLoss_epoch13": 382.4011969867381, "ENV_Train_Right action_epoch13": 0.9260775982557164, "ENV_Train_Probability to choose the right action_epoch13": 0.8947626370208223, "ENV_Train_Weighted right action_epoch13": 0.9260775982557164, "ENV_Train_Weighted probability to choose the right action:_epoch13": 0.8947626370208223, "ENV_Test_TotalLoss_epoch13": 301.159935260589, "ENV_Test_Right action_epoch13": 0.83776, "ENV_Test_Probability to choose the right action_epoch13": 0.825451756385678, "ENV_Test_Weighted right action_epoch13": 0.8576500464769851, "ENV_Test_Weighted probability to choose the right action:_epoch13": 0.8475112258369776, "ENV_Test_proba_accuracy_epoch13": 0.8254517563856784, "ENV_Test_proba_accuracy_strategy_132_epoch13": 0.8554866923265823, "ENV_Test_proba_accuracy_strategy_23_epoch13": 0.836853223683684, "ENV_Test_proba_accuracy_strategy_107_epoch13": 0.8708211752968367, "ENV_Test_proba_accuracy_strategy_43_epoch13": 0.8097856197279095, "ENV_Test_proba_accuracy_strategy_17_epoch13": 0.7943140777341917, "ENV_Test_proba_accuracy_strategy_93_epoch13": 0.8353193489566744, "ENV_Test_proba_accuracy_per_mean_strategy_epoch13": 0.8337633562876464, "ENV_Test_proba_accuracy_per_mean_user_epoch13": 0.8324371656694545, "ENV_Test_proba_accuracy_per_mean_user_and_bot_epoch13": 0.847511225836978, "ENV_Test_accuracy_epoch13": 0.83776, "ENV_Test_accuracy_strategy_132_epoch13": 0.8628895184135977, "ENV_Test_accuracy_strategy_23_epoch13": 0.8510260138956213, "ENV_Test_accuracy_strategy_107_epoch13": 0.8784893267651889, "ENV_Test_accuracy_strategy_43_epoch13": 0.821882951653944, "ENV_Test_accuracy_strategy_17_epoch13": 0.808076225045372, "ENV_Test_accuracy_strategy_93_epoch13": 0.8419593345656192, "ENV_Test_accuracy_per_mean_strategy_epoch13": 0.8440538950565571, "ENV_Test_accuracy_per_mean_user_epoch13": 0.8448135686437676, "ENV_Test_accuracy_per_mean_user_and_bot_epoch13": 0.8576500464769854, "ENV_Train_TotalLoss_epoch14": 350.5570111654706, "ENV_Train_Right action_epoch14": 0.9333417197808341, "ENV_Train_Probability to choose the right action_epoch14": 0.9040395101091586, "ENV_Train_Weighted right action_epoch14": 0.9333417197808341, "ENV_Train_Weighted probability to choose the right action:_epoch14": 0.9040395101091586, "ENV_Test_TotalLoss_epoch14": 320.0194720787449, "ENV_Test_Right action_epoch14": 0.838656, "ENV_Test_Probability to choose the right action_epoch14": 0.8260608204557531, "ENV_Test_Weighted right action_epoch14": 0.8597477267206535, "ENV_Test_Weighted probability to choose the right action:_epoch14": 0.8483074132765148, "ENV_Test_proba_accuracy_epoch14": 0.8260608204557532, "ENV_Test_proba_accuracy_strategy_132_epoch14": 0.854773408351841, "ENV_Test_proba_accuracy_strategy_23_epoch14": 0.8387367896738135, "ENV_Test_proba_accuracy_strategy_107_epoch14": 0.8693165810431562, "ENV_Test_proba_accuracy_strategy_43_epoch14": 0.8018511141040862, "ENV_Test_proba_accuracy_strategy_17_epoch14": 0.7982699290315546, "ENV_Test_proba_accuracy_strategy_93_epoch14": 0.8307630925978887, "ENV_Test_proba_accuracy_per_mean_strategy_epoch14": 0.8322851524670568, "ENV_Test_proba_accuracy_per_mean_user_epoch14": 0.8314411880286284, "ENV_Test_proba_accuracy_per_mean_user_and_bot_epoch14": 0.8483074132765152, "ENV_Test_accuracy_epoch14": 0.838656, "ENV_Test_accuracy_strategy_132_epoch14": 0.8640226628895185, "ENV_Test_accuracy_strategy_23_epoch14": 0.8540959767329133, "ENV_Test_accuracy_strategy_107_epoch14": 0.8817733990147784, "ENV_Test_accuracy_strategy_43_epoch14": 0.8136132315521628, "ENV_Test_accuracy_strategy_17_epoch14": 0.8101179673321234, "ENV_Test_accuracy_strategy_93_epoch14": 0.8373382624768947, "ENV_Test_accuracy_per_mean_strategy_epoch14": 0.8434935833330651, "ENV_Test_accuracy_per_mean_user_epoch14": 0.8435638786378798, "ENV_Test_accuracy_per_mean_user_and_bot_epoch14": 0.8597477267206535, "ENV_Train_TotalLoss_epoch15": 319.532087337226, "ENV_Train_Right action_epoch15": 0.9399488390947595, "ENV_Train_Probability to choose the right action_epoch15": 0.912992015579208, "ENV_Train_Weighted right action_epoch15": 0.9399488390947595, "ENV_Train_Weighted probability to choose the right action:_epoch15": 0.912992015579208, "ENV_Test_TotalLoss_epoch15": 349.8673599131935, "ENV_Test_Right action_epoch15": 0.83776, "ENV_Test_Probability to choose the right action_epoch15": 0.8273791567943792, "ENV_Test_Weighted right action_epoch15": 0.8555461680186526, "ENV_Test_Weighted probability to choose the right action:_epoch15": 0.845830269332719, "ENV_Test_proba_accuracy_epoch15": 0.8273791567943796, "ENV_Test_proba_accuracy_strategy_132_epoch15": 0.8600326764416274, "ENV_Test_proba_accuracy_strategy_23_epoch15": 0.8401077199365645, "ENV_Test_proba_accuracy_strategy_107_epoch15": 0.8678728131892942, "ENV_Test_proba_accuracy_strategy_43_epoch15": 0.8082528315837338, "ENV_Test_proba_accuracy_strategy_17_epoch15": 0.796328849144244, "ENV_Test_proba_accuracy_strategy_93_epoch15": 0.8327998251345412, "ENV_Test_proba_accuracy_per_mean_strategy_epoch15": 0.8342324525716674, "ENV_Test_proba_accuracy_per_mean_user_epoch15": 0.8315620947207473, "ENV_Test_proba_accuracy_per_mean_user_and_bot_epoch15": 0.8458302693327184, "ENV_Test_accuracy_epoch15": 0.83776, "ENV_Test_accuracy_strategy_132_epoch15": 0.8668555240793201, "ENV_Test_accuracy_strategy_23_epoch15": 0.8521570528356762, "ENV_Test_accuracy_strategy_107_epoch15": 0.8719211822660099, "ENV_Test_accuracy_strategy_43_epoch15": 0.8180661577608143, "ENV_Test_accuracy_strategy_17_epoch15": 0.8073956442831216, "ENV_Test_accuracy_strategy_93_epoch15": 0.8410351201478743, "ENV_Test_accuracy_per_mean_strategy_epoch15": 0.842905113562136, "ENV_Test_accuracy_per_mean_user_epoch15": 0.8408109408294774, "ENV_Test_accuracy_per_mean_user_and_bot_epoch15": 0.8555461680186526, "ENV_Train_TotalLoss_epoch16": 288.9405318258538, "ENV_Train_Right action_epoch16": 0.9458484763768521, "ENV_Train_Probability to choose the right action_epoch16": 0.9212840164023578, "ENV_Train_Weighted right action_epoch16": 0.9458484763768521, "ENV_Train_Weighted probability to choose the right action:_epoch16": 0.9212840164023578, "ENV_Test_TotalLoss_epoch16": 339.94142013604363, "ENV_Test_Right action_epoch16": 0.83168, "ENV_Test_Probability to choose the right action_epoch16": 0.8195713348823773, "ENV_Test_Weighted right action_epoch16": 0.8532156981499284, "ENV_Test_Weighted probability to choose the right action:_epoch16": 0.8416767794248915, "ENV_Test_proba_accuracy_epoch16": 0.8195713348823771, "ENV_Test_proba_accuracy_strategy_132_epoch16": 0.8487603140969578, "ENV_Test_proba_accuracy_strategy_23_epoch16": 0.8308907539879264, "ENV_Test_proba_accuracy_strategy_107_epoch16": 0.8597219534910957, "ENV_Test_proba_accuracy_strategy_43_epoch16": 0.8071495329669626, "ENV_Test_proba_accuracy_strategy_17_epoch16": 0.7878279824398061, "ENV_Test_proba_accuracy_strategy_93_epoch16": 0.8319794774768275, "ENV_Test_proba_accuracy_per_mean_strategy_epoch16": 0.827721669076596, "ENV_Test_proba_accuracy_per_mean_user_epoch16": 0.825367295004336, "ENV_Test_proba_accuracy_per_mean_user_and_bot_epoch16": 0.8416767794248912, "ENV_Test_accuracy_epoch16": 0.83168, "ENV_Test_accuracy_strategy_132_epoch16": 0.8577903682719547, "ENV_Test_accuracy_strategy_23_epoch16": 0.8440782032638552, "ENV_Test_accuracy_strategy_107_epoch16": 0.8669950738916257, "ENV_Test_accuracy_strategy_43_epoch16": 0.8199745547073791, "ENV_Test_accuracy_strategy_17_epoch16": 0.8003629764065335, "ENV_Test_accuracy_strategy_93_epoch16": 0.8428835489833642, "ENV_Test_accuracy_per_mean_strategy_epoch16": 0.8386807875874521, "ENV_Test_accuracy_per_mean_user_epoch16": 0.8372625687415977, "ENV_Test_accuracy_per_mean_user_and_bot_epoch16": 0.8532156981499286, "ENV_Train_TotalLoss_epoch17": 269.38335046906576, "ENV_Train_Right action_epoch17": 0.9504479948560965, "ENV_Train_Probability to choose the right action_epoch17": 0.9270841072454267, "ENV_Train_Weighted right action_epoch17": 0.9504479948560965, "ENV_Train_Weighted probability to choose the right action:_epoch17": 0.9270841072454267, "ENV_Test_TotalLoss_epoch17": 391.1383855022838, "ENV_Test_Right action_epoch17": 0.837696, "ENV_Test_Probability to choose the right action_epoch17": 0.829605461262644, "ENV_Test_Weighted right action_epoch17": 0.8604871199664293, "ENV_Test_Weighted probability to choose the right action:_epoch17": 0.8506928644146351, "ENV_Test_proba_accuracy_epoch17": 0.8296054612626441, "ENV_Test_proba_accuracy_strategy_132_epoch17": 0.8603187028226346, "ENV_Test_proba_accuracy_strategy_23_epoch17": 0.8406484120271833, "ENV_Test_proba_accuracy_strategy_107_epoch17": 0.8702078114518862, "ENV_Test_proba_accuracy_strategy_43_epoch17": 0.8110437665356862, "ENV_Test_proba_accuracy_strategy_17_epoch17": 0.8005214681135738, "ENV_Test_proba_accuracy_strategy_93_epoch17": 0.8389406747668171, "ENV_Test_proba_accuracy_per_mean_strategy_epoch17": 0.8369468059529636, "ENV_Test_proba_accuracy_per_mean_user_epoch17": 0.8341068720187724, "ENV_Test_proba_accuracy_per_mean_user_and_bot_epoch17": 0.8506928644146343, "ENV_Test_accuracy_epoch17": 0.837696, "ENV_Test_accuracy_strategy_132_epoch17": 0.8674220963172804, "ENV_Test_accuracy_strategy_23_epoch17": 0.8490870899983842, "ENV_Test_accuracy_strategy_107_epoch17": 0.8735632183908046, "ENV_Test_accuracy_strategy_43_epoch17": 0.8244274809160306, "ENV_Test_accuracy_strategy_17_epoch17": 0.8069419237749547, "ENV_Test_accuracy_strategy_93_epoch17": 0.8484288354898336, "ENV_Test_accuracy_per_mean_strategy_epoch17": 0.8449784408145481, "ENV_Test_accuracy_per_mean_user_epoch17": 0.8429184952931094, "ENV_Test_accuracy_per_mean_user_and_bot_epoch17": 0.8604871199664293, "ENV_Train_TotalLoss_epoch18": 244.36817784660835, "ENV_Train_Right action_epoch18": 0.955183208027055, "ENV_Train_Probability to choose the right action_epoch18": 0.9344046409599837, "ENV_Train_Weighted right action_epoch18": 0.955183208027055, "ENV_Train_Weighted probability to choose the right action:_epoch18": 0.9344046409599837, "ENV_Test_TotalLoss_epoch18": 392.3801266664143, "ENV_Test_Right action_epoch18": 0.834048, "ENV_Test_Probability to choose the right action_epoch18": 0.8256975459049665, "ENV_Test_Weighted right action_epoch18": 0.8571648868217528, "ENV_Test_Weighted probability to choose the right action:_epoch18": 0.847478664348708, "ENV_Test_proba_accuracy_epoch18": 0.8256975459049669, "ENV_Test_proba_accuracy_strategy_132_epoch18": 0.8598460465429193, "ENV_Test_proba_accuracy_strategy_23_epoch18": 0.8355574022036024, "ENV_Test_proba_accuracy_strategy_107_epoch18": 0.8737407024056226, "ENV_Test_proba_accuracy_strategy_43_epoch18": 0.806949961288234, "ENV_Test_proba_accuracy_strategy_17_epoch18": 0.7964456469817277, "ENV_Test_proba_accuracy_strategy_93_epoch18": 0.8329623674428589, "ENV_Test_proba_accuracy_per_mean_strategy_epoch18": 0.8342503544774941, "ENV_Test_proba_accuracy_per_mean_user_epoch18": 0.831922146907188, "ENV_Test_proba_accuracy_per_mean_user_and_bot_epoch18": 0.8474786643487088, "ENV_Test_accuracy_epoch18": 0.834048, "ENV_Test_accuracy_strategy_132_epoch18": 0.8640226628895185, "ENV_Test_accuracy_strategy_23_epoch18": 0.8439166262724188, "ENV_Test_accuracy_strategy_107_epoch18": 0.8866995073891626, "ENV_Test_accuracy_strategy_43_epoch18": 0.8161577608142494, "ENV_Test_accuracy_strategy_17_epoch18": 0.8035390199637024, "ENV_Test_accuracy_strategy_93_epoch18": 0.8493530499075785, "ENV_Test_accuracy_per_mean_strategy_epoch18": 0.8439481045394385, "ENV_Test_accuracy_per_mean_user_epoch18": 0.8396464380766533, "ENV_Test_accuracy_per_mean_user_and_bot_epoch18": 0.857164886821753, "ENV_Train_TotalLoss_epoch19": 222.36319052028512, "ENV_Train_Right action_epoch19": 0.9590998043052837, "ENV_Train_Probability to choose the right action_epoch19": 0.9403924987837806, "ENV_Train_Weighted right action_epoch19": 0.9590998043052837, "ENV_Train_Weighted probability to choose the right action:_epoch19": 0.9403924987837806, "ENV_Test_TotalLoss_epoch19": 424.04103383502303, "ENV_Test_Right action_epoch19": 0.833728, "ENV_Test_Probability to choose the right action_epoch19": 0.8267955430998339, "ENV_Test_Weighted right action_epoch19": 0.8539440914066828, "ENV_Test_Weighted probability to choose the right action:_epoch19": 0.8479304811438999, "ENV_Test_proba_accuracy_epoch19": 0.8267955430998336, "ENV_Test_proba_accuracy_strategy_132_epoch19": 0.8571209989652655, "ENV_Test_proba_accuracy_strategy_23_epoch19": 0.840523003234719, "ENV_Test_proba_accuracy_strategy_107_epoch19": 0.8613021531171106, "ENV_Test_proba_accuracy_strategy_43_epoch19": 0.8115630190805049, "ENV_Test_proba_accuracy_strategy_17_epoch19": 0.7925553239128224, "ENV_Test_proba_accuracy_strategy_93_epoch19": 0.8410083047051171, "ENV_Test_proba_accuracy_per_mean_strategy_epoch19": 0.8340121338359232, "ENV_Test_proba_accuracy_per_mean_user_epoch19": 0.8322788148284529, "ENV_Test_proba_accuracy_per_mean_user_and_bot_epoch19": 0.8479304811439009, "ENV_Test_accuracy_epoch19": 0.833728, "ENV_Test_accuracy_strategy_132_epoch19": 0.8623229461756374, "ENV_Test_accuracy_strategy_23_epoch19": 0.8476328970754564, "ENV_Test_accuracy_strategy_107_epoch19": 0.8637110016420362, "ENV_Test_accuracy_strategy_43_epoch19": 0.8180661577608143, "ENV_Test_accuracy_strategy_17_epoch19": 0.7999092558983666, "ENV_Test_accuracy_strategy_93_epoch19": 0.8512014787430684, "ENV_Test_accuracy_per_mean_strategy_epoch19": 0.8404739562158965, "ENV_Test_accuracy_per_mean_user_epoch19": 0.8393001025542925, "ENV_Test_accuracy_per_mean_user_and_bot_epoch19": 0.853944091406682, "ENV_Train_TotalLoss_epoch20": 202.62225152412523, "ENV_Train_Right action_epoch20": 0.9626502655856863, "ENV_Train_Probability to choose the right action_epoch20": 0.9460783679846674, "ENV_Train_Weighted right action_epoch20": 0.9626502655856863, "ENV_Train_Weighted probability to choose the right action:_epoch20": 0.9460783679846674, "ENV_Test_TotalLoss_epoch20": 428.03790234866534, "ENV_Test_Right action_epoch20": 0.836608, "ENV_Test_Probability to choose the right action_epoch20": 0.8280745703404148, "ENV_Test_Weighted right action_epoch20": 0.8586160790125636, "ENV_Test_Weighted probability to choose the right action:_epoch20": 0.8490818546995038, "ENV_Test_proba_accuracy_epoch20": 0.8280745703404144, "ENV_Test_proba_accuracy_strategy_132_epoch20": 0.8577289196668768, "ENV_Test_proba_accuracy_strategy_23_epoch20": 0.8395470814887603, "ENV_Test_proba_accuracy_strategy_107_epoch20": 0.8669750447958302, "ENV_Test_proba_accuracy_strategy_43_epoch20": 0.8047453858534559, "ENV_Test_proba_accuracy_strategy_17_epoch20": 0.7986439451809809, "ENV_Test_proba_accuracy_strategy_93_epoch20": 0.8459765913335892, "ENV_Test_proba_accuracy_per_mean_strategy_epoch20": 0.8356028280532488, "ENV_Test_proba_accuracy_per_mean_user_epoch20": 0.8334424269734224, "ENV_Test_proba_accuracy_per_mean_user_and_bot_epoch20": 0.8490818546995046, "ENV_Test_accuracy_epoch20": 0.836608, "ENV_Test_accuracy_strategy_132_epoch20": 0.8668555240793201, "ENV_Test_accuracy_strategy_23_epoch20": 0.8484407820326385, "ENV_Test_accuracy_strategy_107_epoch20": 0.8784893267651889, "ENV_Test_accuracy_strategy_43_epoch20": 0.8091603053435115, "ENV_Test_accuracy_strategy_17_epoch20": 0.8073956442831216, "ENV_Test_accuracy_strategy_93_epoch20": 0.8548983364140481, "ENV_Test_accuracy_per_mean_strategy_epoch20": 0.8442066531529715, "ENV_Test_accuracy_per_mean_user_epoch20": 0.841811574159472, "ENV_Test_accuracy_per_mean_user_and_bot_epoch20": 0.8586160790125638, "ENV_Train_TotalLoss_epoch21": 184.52890953423412, "ENV_Train_Right action_epoch21": 0.9675043327556326, "ENV_Train_Probability to choose the right action_epoch21": 0.9514540303090167, "ENV_Train_Weighted right action_epoch21": 0.9675043327556326, "ENV_Train_Weighted probability to choose the right action:_epoch21": 0.9514540303090167, "ENV_Test_TotalLoss_epoch21": 430.5143405081387, "ENV_Test_Right action_epoch21": 0.83488, "ENV_Test_Probability to choose the right action_epoch21": 0.8282547779454613, "ENV_Test_Weighted right action_epoch21": 0.854028917618407, "ENV_Test_Weighted probability to choose the right action:_epoch21": 0.848759752981286, "ENV_Test_proba_accuracy_epoch21": 0.828254777945461, "ENV_Test_proba_accuracy_strategy_132_epoch21": 0.8570829038207887, "ENV_Test_proba_accuracy_strategy_23_epoch21": 0.8397651823722403, "ENV_Test_proba_accuracy_strategy_107_epoch21": 0.8709966035108695, "ENV_Test_proba_accuracy_strategy_43_epoch21": 0.8183181058423078, "ENV_Test_proba_accuracy_strategy_17_epoch21": 0.7963636941741025, "ENV_Test_proba_accuracy_strategy_93_epoch21": 0.8356919672926714, "ENV_Test_proba_accuracy_per_mean_strategy_epoch21": 0.8363697428354967, "ENV_Test_proba_accuracy_per_mean_user_epoch21": 0.833173433371132, "ENV_Test_proba_accuracy_per_mean_user_and_bot_epoch21": 0.8487597529812869, "ENV_Test_accuracy_epoch21": 0.83488, "ENV_Test_accuracy_strategy_132_epoch21": 0.8583569405099151, "ENV_Test_accuracy_strategy_23_epoch21": 0.84747132008402, "ENV_Test_accuracy_strategy_107_epoch21": 0.8801313628899836, "ENV_Test_accuracy_strategy_43_epoch21": 0.8244274809160306, "ENV_Test_accuracy_strategy_17_epoch21": 0.8035390199637024, "ENV_Test_accuracy_strategy_93_epoch21": 0.8419593345656192, "ENV_Test_accuracy_per_mean_strategy_epoch21": 0.8426475764882118, "ENV_Test_accuracy_per_mean_user_epoch21": 0.8387149378902853, "ENV_Test_accuracy_per_mean_user_and_bot_epoch21": 0.8540289176184065, "ENV_Train_TotalLoss_epoch22": 172.8966224174172, "ENV_Train_Right action_epoch22": 0.9695415152362314, "ENV_Train_Probability to choose the right action_epoch22": 0.9545945726231483, "ENV_Train_Weighted right action_epoch22": 0.9695415152362314, "ENV_Train_Weighted probability to choose the right action:_epoch22": 0.9545945726231483, "ENV_Test_TotalLoss_epoch22": 480.54413688250474, "ENV_Test_Right action_epoch22": 0.827328, "ENV_Test_Probability to choose the right action_epoch22": 0.8218479299047736, "ENV_Test_Weighted right action_epoch22": 0.8475928283373385, "ENV_Test_Weighted probability to choose the right action:_epoch22": 0.8437136487854967, "ENV_Test_proba_accuracy_epoch22": 0.8218479299047725, "ENV_Test_proba_accuracy_strategy_132_epoch22": 0.8526073283112681, "ENV_Test_proba_accuracy_strategy_23_epoch22": 0.8314127168555253, "ENV_Test_proba_accuracy_strategy_107_epoch22": 0.8571956648741872, "ENV_Test_proba_accuracy_strategy_43_epoch22": 0.8040683999931877, "ENV_Test_proba_accuracy_strategy_17_epoch22": 0.7934790314584773, "ENV_Test_proba_accuracy_strategy_93_epoch22": 0.8384708043504594, "ENV_Test_proba_accuracy_per_mean_strategy_epoch22": 0.8295389909738508, "ENV_Test_proba_accuracy_per_mean_user_epoch22": 0.8284525446469466, "ENV_Test_proba_accuracy_per_mean_user_and_bot_epoch22": 0.8437136487854969, "ENV_Test_accuracy_epoch22": 0.827328, "ENV_Test_accuracy_strategy_132_epoch22": 0.8560906515580736, "ENV_Test_accuracy_strategy_23_epoch22": 0.8385845855550169, "ENV_Test_accuracy_strategy_107_epoch22": 0.8522167487684729, "ENV_Test_accuracy_strategy_43_epoch22": 0.8078880407124682, "ENV_Test_accuracy_strategy_17_epoch22": 0.7992286751361162, "ENV_Test_accuracy_strategy_93_epoch22": 0.844731977818854, "ENV_Test_accuracy_per_mean_strategy_epoch22": 0.8331234465915003, "ENV_Test_accuracy_per_mean_user_epoch22": 0.8330905077251348, "ENV_Test_accuracy_per_mean_user_and_bot_epoch22": 0.8475928283373392, "ENV_Train_TotalLoss_epoch23": 160.87791099848124, "ENV_Train_Right action_epoch23": 0.9712065302471207, "ENV_Train_Probability to choose the right action_epoch23": 0.9579478135967827, "ENV_Train_Weighted right action_epoch23": 0.9712065302471207, "ENV_Train_Weighted probability to choose the right action:_epoch23": 0.9579478135967827, "ENV_Test_TotalLoss_epoch23": 463.8096140779611, "ENV_Test_Right action_epoch23": 0.83136, "ENV_Test_Probability to choose the right action_epoch23": 0.8245306849015268, "ENV_Test_Weighted right action_epoch23": 0.8511687740541349, "ENV_Test_Weighted probability to choose the right action:_epoch23": 0.8435128860381395, "ENV_Test_proba_accuracy_epoch23": 0.8245306849015267, "ENV_Test_proba_accuracy_strategy_132_epoch23": 0.8531551903788752, "ENV_Test_proba_accuracy_strategy_23_epoch23": 0.8355622391685439, "ENV_Test_proba_accuracy_strategy_107_epoch23": 0.8624872431456577, "ENV_Test_proba_accuracy_strategy_43_epoch23": 0.810388806920792, "ENV_Test_proba_accuracy_strategy_17_epoch23": 0.7958653349682511, "ENV_Test_proba_accuracy_strategy_93_epoch23": 0.8307005640095022, "ENV_Test_proba_accuracy_per_mean_strategy_epoch23": 0.8313598964319371, "ENV_Test_proba_accuracy_per_mean_user_epoch23": 0.8296455775992864, "ENV_Test_proba_accuracy_per_mean_user_and_bot_epoch23": 0.8435128860381397, "ENV_Test_accuracy_epoch23": 0.83136, "ENV_Test_accuracy_strategy_132_epoch23": 0.8589235127478754, "ENV_Test_accuracy_strategy_23_epoch23": 0.8410082404265633, "ENV_Test_accuracy_strategy_107_epoch23": 0.8719211822660099, "ENV_Test_accuracy_strategy_43_epoch23": 0.821882951653944, "ENV_Test_accuracy_strategy_17_epoch23": 0.802858439201452, "ENV_Test_accuracy_strategy_93_epoch23": 0.8382624768946395, "ENV_Test_accuracy_per_mean_strategy_epoch23": 0.8391428005317474, "ENV_Test_accuracy_per_mean_user_epoch23": 0.8367123272434337, "ENV_Test_accuracy_per_mean_user_and_bot_epoch23": 0.8511687740541344, "ENV_Train_TotalLoss_epoch24": 148.22162835095048, "ENV_Train_Right action_epoch24": 0.9746152448314905, "ENV_Train_Probability to choose the right action_epoch24": 0.9616889833684036, "ENV_Train_Weighted right action_epoch24": 0.9746152448314905, "ENV_Train_Weighted probability to choose the right action:_epoch24": 0.9616889833684036, "ENV_Test_TotalLoss_epoch24": 491.90088758357433, "ENV_Test_Right action_epoch24": 0.8304, "ENV_Test_Probability to choose the right action_epoch24": 0.8261684627298986, "ENV_Test_Weighted right action_epoch24": 0.8520122362638834, "ENV_Test_Weighted probability to choose the right action:_epoch24": 0.8468121237911049, "ENV_Test_proba_accuracy_epoch24": 0.8261684627298971, "ENV_Test_proba_accuracy_strategy_132_epoch24": 0.8532017805013641, "ENV_Test_proba_accuracy_strategy_23_epoch24": 0.8383567386677163, "ENV_Test_proba_accuracy_strategy_107_epoch24": 0.8612617740500903, "ENV_Test_proba_accuracy_strategy_43_epoch24": 0.8088556240768493, "ENV_Test_proba_accuracy_strategy_17_epoch24": 0.7982086541532997, "ENV_Test_proba_accuracy_strategy_93_epoch24": 0.831661758782054, "ENV_Test_proba_accuracy_per_mean_strategy_epoch24": 0.8319243883718955, "ENV_Test_proba_accuracy_per_mean_user_epoch24": 0.8314157350664054, "ENV_Test_proba_accuracy_per_mean_user_and_bot_epoch24": 0.8468121237911067, "ENV_Test_accuracy_epoch24": 0.8304, "ENV_Test_accuracy_strategy_132_epoch24": 0.8560906515580736, "ENV_Test_accuracy_strategy_23_epoch24": 0.8416545483923089, "ENV_Test_accuracy_strategy_107_epoch24": 0.8752052545155994, "ENV_Test_accuracy_strategy_43_epoch24": 0.8142493638676844, "ENV_Test_accuracy_strategy_17_epoch24": 0.8024047186932849, "ENV_Test_accuracy_strategy_93_epoch24": 0.8364140480591498, "ENV_Test_accuracy_per_mean_strategy_epoch24": 0.8376697641810167, "ENV_Test_accuracy_per_mean_user_epoch24": 0.8358909406264182, "ENV_Test_accuracy_per_mean_user_and_bot_epoch24": 0.8520122362638823, "_wandb": {"runtime": 2639}}