{"ENV_Train_TotalLoss": 1029.7743570129403, "ENV_Train_TotalLoss_epoch0": 1202.0536560789465, "ENV_Train_Right action": 0.7885166394118551, "ENV_Train_Right action_epoch0": 0.740669843088488, "ENV_Train_Probability to choose the right action": 0.7075567987983472, "ENV_Train_Probability to choose the right action_epoch0": 0.6471281667677387, "ENV_Train_Weighted right action": 0.7885166394118551, "ENV_Train_Weighted right action_epoch0": 0.740669843088488, "ENV_Train_Weighted probability to choose the right action:": 0.7075567987983472, "ENV_Train_Weighted probability to choose the right action:_epoch0": 0.6471281667677387, "_timestamp": 1720490565.456842, "_runtime": 2594.8578448295593, "_step": 49, "ENV_Test_TotalLoss": 240.2205140278219, "ENV_Test_TotalLoss_epoch0": 249.82573957033838, "ENV_Test_Right action": 0.759616, "ENV_Test_Right action_epoch0": 0.757312, "ENV_Test_Probability to choose the right action": 0.7108246859160523, "ENV_Test_Probability to choose the right action_epoch0": 0.6960001630933718, "ENV_Test_Weighted right action": 0.8198852278834005, "ENV_Test_Weighted right action_epoch0": 0.8155006988065993, "ENV_Test_Weighted probability to choose the right action:": 0.7630377242913022, "ENV_Test_Weighted probability to choose the right action:_epoch0": 0.7477507375501256, "ENV_Test_proba_accuracy": 0.7108246859160522, "ENV_Test_proba_accuracy_epoch0": 0.6960001630933712, "ENV_Test_proba_accuracy_strategy_132": 0.7733615518461903, "ENV_Test_proba_accuracy_strategy_132_epoch0": 0.7494430874536785, "ENV_Test_proba_accuracy_strategy_23": 0.7016569341978115, "ENV_Test_proba_accuracy_strategy_23_epoch0": 0.6855145626907254, "ENV_Test_proba_accuracy_strategy_107": 0.8018573230091167, "ENV_Test_proba_accuracy_strategy_107_epoch0": 0.7834317978737807, "ENV_Test_proba_accuracy_strategy_43": 0.731605875280986, "ENV_Test_proba_accuracy_strategy_43_epoch0": 0.7174454405377293, "ENV_Test_proba_accuracy_strategy_17": 0.6771864386419965, "ENV_Test_proba_accuracy_strategy_17_epoch0": 0.6656892215888118, "ENV_Test_proba_accuracy_strategy_93": 0.7168617795668683, "ENV_Test_proba_accuracy_strategy_93_epoch0": 0.711916436498483, "ENV_Test_proba_accuracy_per_mean_strategy": 0.7337549837571616, "ENV_Test_proba_accuracy_per_mean_strategy_epoch0": 0.7189067577738681, "ENV_Test_proba_accuracy_per_mean_user": 0.7288644343070885, "ENV_Test_proba_accuracy_per_mean_user_epoch0": 0.7130637695370423, "ENV_Test_proba_accuracy_per_mean_user_and_bot": 0.7630377242913018, "ENV_Test_proba_accuracy_per_mean_user_and_bot_epoch0": 0.7477507375501264, "ENV_Test_accuracy": 0.759616, "ENV_Test_accuracy_epoch0": 0.757312, "ENV_Test_accuracy_strategy_132": 0.8186968838526912, "ENV_Test_accuracy_strategy_132_epoch0": 0.8135977337110482, "ENV_Test_accuracy_strategy_23": 0.7558571659395702, "ENV_Test_accuracy_strategy_23_epoch0": 0.7476167393763128, "ENV_Test_accuracy_strategy_107": 0.8637110016420362, "ENV_Test_accuracy_strategy_107_epoch0": 0.8571428571428571, "ENV_Test_accuracy_strategy_43": 0.787531806615776, "ENV_Test_accuracy_strategy_43_epoch0": 0.7868956743002544, "ENV_Test_accuracy_strategy_17": 0.7143829401088929, "ENV_Test_accuracy_strategy_17_epoch0": 0.7207350272232305, "ENV_Test_accuracy_strategy_93": 0.7698706099815157, "ENV_Test_accuracy_strategy_93_epoch0": 0.7707948243992606, "ENV_Test_accuracy_per_mean_strategy": 0.785008401356747, "ENV_Test_accuracy_per_mean_strategy_epoch0": 0.7827971426921606, "ENV_Test_accuracy_per_mean_user": 0.7803718151670661, "ENV_Test_accuracy_per_mean_user_epoch0": 0.7772777446245763, "ENV_Test_accuracy_per_mean_user_and_bot": 0.8198852278834013, "ENV_Test_accuracy_per_mean_user_and_bot_epoch0": 0.8155006988066004, "ENV_Train_TotalLoss_epoch1": 1054.243609559862, "ENV_Train_Right action_epoch1": 0.7816745876432765, "ENV_Train_Probability to choose the right action_epoch1": 0.6993574563842229, "ENV_Train_Weighted right action_epoch1": 0.7816745876432765, "ENV_Train_Weighted probability to choose the right action:_epoch1": 0.6993574563842229, "ENV_Test_TotalLoss_epoch1": 234.62748504391533, "ENV_Test_Right action_epoch1": 0.770688, "ENV_Test_Probability to choose the right action_epoch1": 0.6932054735443922, "ENV_Test_Weighted right action_epoch1": 0.8251236980848677, "ENV_Test_Weighted probability to choose the right action:_epoch1": 0.7482949105430019, "ENV_Test_proba_accuracy_epoch1": 0.6932054735443931, "ENV_Test_proba_accuracy_strategy_132_epoch1": 0.7555329767402477, "ENV_Test_proba_accuracy_strategy_23_epoch1": 0.6783005738281571, "ENV_Test_proba_accuracy_strategy_107_epoch1": 0.7788589106630102, "ENV_Test_proba_accuracy_strategy_43_epoch1": 0.7186786680226245, "ENV_Test_proba_accuracy_strategy_17_epoch1": 0.6639328652706264, "ENV_Test_proba_accuracy_strategy_93_epoch1": 0.7108258372679122, "ENV_Test_proba_accuracy_per_mean_strategy_epoch1": 0.7176883052987629, "ENV_Test_proba_accuracy_per_mean_user_epoch1": 0.711578063066486, "ENV_Test_proba_accuracy_per_mean_user_and_bot_epoch1": 0.7482949105430028, "ENV_Test_accuracy_epoch1": 0.770688, "ENV_Test_accuracy_strategy_132_epoch1": 0.8249291784702549, "ENV_Test_accuracy_strategy_23_epoch1": 0.7639360155113912, "ENV_Test_accuracy_strategy_107_epoch1": 0.8555008210180624, "ENV_Test_accuracy_strategy_43_epoch1": 0.794529262086514, "ENV_Test_accuracy_strategy_17_epoch1": 0.7341197822141561, "ENV_Test_accuracy_strategy_93_epoch1": 0.7874306839186691, "ENV_Test_accuracy_per_mean_strategy_epoch1": 0.7934076238698413, "ENV_Test_accuracy_per_mean_user_epoch1": 0.7892915486895046, "ENV_Test_accuracy_per_mean_user_and_bot_epoch1": 0.8251236980848671, "ENV_Train_TotalLoss_epoch2": 1018.2197056538141, "ENV_Train_Right action_epoch2": 0.7895310643650849, "ENV_Train_Probability to choose the right action_epoch2": 0.7104554093740474, "ENV_Train_Weighted right action_epoch2": 0.7895310643650849, "ENV_Train_Weighted probability to choose the right action:_epoch2": 0.7104554093740474, "ENV_Test_TotalLoss_epoch2": 239.6030821220075, "ENV_Test_Right action_epoch2": 0.766912, "ENV_Test_Probability to choose the right action_epoch2": 0.7017333138726376, "ENV_Test_Weighted right action_epoch2": 0.8268245690618814, "ENV_Test_Weighted probability to choose the right action:_epoch2": 0.7556665648013556, "ENV_Test_proba_accuracy_epoch2": 0.7017333138726379, "ENV_Test_proba_accuracy_strategy_132_epoch2": 0.7591002443196166, "ENV_Test_proba_accuracy_strategy_23_epoch2": 0.6902576733689924, "ENV_Test_proba_accuracy_strategy_107_epoch2": 0.7905159973561253, "ENV_Test_proba_accuracy_strategy_43_epoch2": 0.7230865932439937, "ENV_Test_proba_accuracy_strategy_17_epoch2": 0.6703893630835653, "ENV_Test_proba_accuracy_strategy_93_epoch2": 0.7204932330067992, "ENV_Test_proba_accuracy_per_mean_strategy_epoch2": 0.7256405173965154, "ENV_Test_proba_accuracy_per_mean_user_epoch2": 0.7192288765244482, "ENV_Test_proba_accuracy_per_mean_user_and_bot_epoch2": 0.7556665648013555, "ENV_Test_accuracy_epoch2": 0.766912, "ENV_Test_accuracy_strategy_132_epoch2": 0.8215297450424929, "ENV_Test_accuracy_strategy_23_epoch2": 0.7574729358539344, "ENV_Test_accuracy_strategy_107_epoch2": 0.8752052545155994, "ENV_Test_accuracy_strategy_43_epoch2": 0.7862595419847328, "ENV_Test_accuracy_strategy_17_epoch2": 0.7320780399274047, "ENV_Test_accuracy_strategy_93_epoch2": 0.7846580406654344, "ENV_Test_accuracy_per_mean_strategy_epoch2": 0.7928672596649332, "ENV_Test_accuracy_per_mean_user_epoch2": 0.7863044589791296, "ENV_Test_accuracy_per_mean_user_and_bot_epoch2": 0.8268245690618814, "ENV_Train_TotalLoss_epoch3": 1009.7908444802663, "ENV_Train_Right action_epoch3": 0.7922774850818228, "ENV_Train_Probability to choose the right action_epoch3": 0.7137874162751006, "ENV_Train_Weighted right action_epoch3": 0.7922774850818228, "ENV_Train_Weighted probability to choose the right action:_epoch3": 0.7137874162751006, "ENV_Test_TotalLoss_epoch3": 234.79465668091373, "ENV_Test_Right action_epoch3": 0.763648, "ENV_Test_Probability to choose the right action_epoch3": 0.7183261464266555, "ENV_Test_Weighted right action_epoch3": 0.8254677957981108, "ENV_Test_Weighted probability to choose the right action:_epoch3": 0.7784138078561886, "ENV_Test_proba_accuracy_epoch3": 0.718326146426656, "ENV_Test_proba_accuracy_strategy_132_epoch3": 0.7814929655179095, "ENV_Test_proba_accuracy_strategy_23_epoch3": 0.7051370575345326, "ENV_Test_proba_accuracy_strategy_107_epoch3": 0.8241957642889863, "ENV_Test_proba_accuracy_strategy_43_epoch3": 0.7459776876021118, "ENV_Test_proba_accuracy_strategy_17_epoch3": 0.6839046247883224, "ENV_Test_proba_accuracy_strategy_93_epoch3": 0.7311959087492901, "ENV_Test_proba_accuracy_per_mean_strategy_epoch3": 0.7453173347468588, "ENV_Test_proba_accuracy_per_mean_user_epoch3": 0.7378934173335188, "ENV_Test_proba_accuracy_per_mean_user_and_bot_epoch3": 0.7784138078561887, "ENV_Test_accuracy_epoch3": 0.763648, "ENV_Test_accuracy_strategy_132_epoch3": 0.8305949008498583, "ENV_Test_accuracy_strategy_23_epoch3": 0.7519793181450961, "ENV_Test_accuracy_strategy_107_epoch3": 0.8653530377668309, "ENV_Test_accuracy_strategy_43_epoch3": 0.7919847328244275, "ENV_Test_accuracy_strategy_17_epoch3": 0.7257259528130672, "ENV_Test_accuracy_strategy_93_epoch3": 0.777264325323475, "ENV_Test_accuracy_per_mean_strategy_epoch3": 0.7904837112871258, "ENV_Test_accuracy_per_mean_user_epoch3": 0.7831693338341761, "ENV_Test_accuracy_per_mean_user_and_bot_epoch3": 0.8254677957981119, "ENV_Train_TotalLoss_epoch4": 1020.110092220482, "ENV_Train_Right action_epoch4": 0.7890426275331935, "ENV_Train_Probability to choose the right action_epoch4": 0.7101524469394642, "ENV_Train_Weighted right action_epoch4": 0.7890426275331935, "ENV_Train_Weighted probability to choose the right action:_epoch4": 0.7101524469394642, "ENV_Test_TotalLoss_epoch4": 237.02831591244262, "ENV_Test_Right action_epoch4": 0.771264, "ENV_Test_Probability to choose the right action_epoch4": 0.7223640295343747, "ENV_Test_Weighted right action_epoch4": 0.8273112746513785, "ENV_Test_Weighted probability to choose the right action:_epoch4": 0.777025538637524, "ENV_Test_proba_accuracy_epoch4": 0.7223640295343755, "ENV_Test_proba_accuracy_strategy_132_epoch4": 0.7880108034571208, "ENV_Test_proba_accuracy_strategy_23_epoch4": 0.7137703426222068, "ENV_Test_proba_accuracy_strategy_107_epoch4": 0.8219006136885519, "ENV_Test_proba_accuracy_strategy_43_epoch4": 0.7451416334606604, "ENV_Test_proba_accuracy_strategy_17_epoch4": 0.6842320333762687, "ENV_Test_proba_accuracy_strategy_93_epoch4": 0.7306648042743819, "ENV_Test_proba_accuracy_per_mean_strategy_epoch4": 0.7472867051465317, "ENV_Test_proba_accuracy_per_mean_user_epoch4": 0.7403580683984661, "ENV_Test_proba_accuracy_per_mean_user_and_bot_epoch4": 0.7770255386375238, "ENV_Test_accuracy_epoch4": 0.771264, "ENV_Test_accuracy_strategy_132_epoch4": 0.8351274787535411, "ENV_Test_accuracy_strategy_23_epoch4": 0.7629665535627727, "ENV_Test_accuracy_strategy_107_epoch4": 0.8653530377668309, "ENV_Test_accuracy_strategy_43_epoch4": 0.794529262086514, "ENV_Test_accuracy_strategy_17_epoch4": 0.7316243194192378, "ENV_Test_accuracy_strategy_93_epoch4": 0.789279112754159, "ENV_Test_accuracy_per_mean_strategy_epoch4": 0.7964799607238425, "ENV_Test_accuracy_per_mean_user_epoch4": 0.7892149938144956, "ENV_Test_accuracy_per_mean_user_and_bot_epoch4": 0.8273112746513787, "ENV_Train_TotalLoss_epoch5": 1009.3275925515889, "ENV_Train_Right action_epoch5": 0.7916241490655447, "ENV_Train_Probability to choose the right action_epoch5": 0.7135748372627679, "ENV_Train_Weighted right action_epoch5": 0.7916241490655447, "ENV_Train_Weighted probability to choose the right action:_epoch5": 0.7135748372627679, "ENV_Test_TotalLoss_epoch5": 227.923230123218, "ENV_Test_Right action_epoch5": 0.770816, "ENV_Test_Probability to choose the right action_epoch5": 0.715712281774656, "ENV_Test_Weighted right action_epoch5": 0.8264690493773857, "ENV_Test_Weighted probability to choose the right action:_epoch5": 0.7688998850763852, "ENV_Test_proba_accuracy_epoch5": 0.7157122817746566, "ENV_Test_proba_accuracy_strategy_132_epoch5": 0.7773742743460583, "ENV_Test_proba_accuracy_strategy_23_epoch5": 0.7079666392118162, "ENV_Test_proba_accuracy_strategy_107_epoch5": 0.805175062650054, "ENV_Test_proba_accuracy_strategy_43_epoch5": 0.7323685182674544, "ENV_Test_proba_accuracy_strategy_17_epoch5": 0.6808103313790431, "ENV_Test_proba_accuracy_strategy_93_epoch5": 0.7270669259123297, "ENV_Test_proba_accuracy_per_mean_strategy_epoch5": 0.7384602919611258, "ENV_Test_proba_accuracy_per_mean_user_epoch5": 0.7330915050399712, "ENV_Test_proba_accuracy_per_mean_user_and_bot_epoch5": 0.7688998850763862, "ENV_Test_accuracy_epoch5": 0.770816, "ENV_Test_accuracy_strategy_132_epoch5": 0.8220963172804533, "ENV_Test_accuracy_strategy_23_epoch5": 0.7629665535627727, "ENV_Test_accuracy_strategy_107_epoch5": 0.8571428571428571, "ENV_Test_accuracy_strategy_43_epoch5": 0.7843511450381679, "ENV_Test_accuracy_strategy_17_epoch5": 0.7404718693284936, "ENV_Test_accuracy_strategy_93_epoch5": 0.7874306839186691, "ENV_Test_accuracy_per_mean_strategy_epoch5": 0.792409904378569, "ENV_Test_accuracy_per_mean_user_epoch5": 0.7897853182442127, "ENV_Test_accuracy_per_mean_user_and_bot_epoch5": 0.8264690493773859, "ENV_Train_TotalLoss_epoch6": 1006.1424488206092, "ENV_Train_Right action_epoch6": 0.7930538085255067, "ENV_Train_Probability to choose the right action_epoch6": 0.7152913741981227, "ENV_Train_Weighted right action_epoch6": 0.7930538085255067, "ENV_Train_Weighted probability to choose the right action:_epoch6": 0.7152913741981227, "ENV_Test_TotalLoss_epoch6": 237.11287778973852, "ENV_Test_Right action_epoch6": 0.76288, "ENV_Test_Probability to choose the right action_epoch6": 0.713787784576296, "ENV_Test_Weighted right action_epoch6": 0.821752388189771, "ENV_Test_Weighted probability to choose the right action:_epoch6": 0.7644128131774858, "ENV_Test_proba_accuracy_epoch6": 0.713787784576296, "ENV_Test_proba_accuracy_strategy_132_epoch6": 0.7728410288560376, "ENV_Test_proba_accuracy_strategy_23_epoch6": 0.7073147086267912, "ENV_Test_proba_accuracy_strategy_107_epoch6": 0.7860393188241441, "ENV_Test_proba_accuracy_strategy_43_epoch6": 0.7342216712963019, "ENV_Test_proba_accuracy_strategy_17_epoch6": 0.6796029039851863, "ENV_Test_proba_accuracy_strategy_93_epoch6": 0.7233964631923443, "ENV_Test_proba_accuracy_per_mean_strategy_epoch6": 0.7339026824634676, "ENV_Test_proba_accuracy_per_mean_user_epoch6": 0.7315427197472392, "ENV_Test_proba_accuracy_per_mean_user_and_bot_epoch6": 0.7644128131774873, "ENV_Test_accuracy_epoch6": 0.76288, "ENV_Test_accuracy_strategy_132_epoch6": 0.831728045325779, "ENV_Test_accuracy_strategy_23_epoch6": 0.7550492809823881, "ENV_Test_accuracy_strategy_107_epoch6": 0.8555008210180624, "ENV_Test_accuracy_strategy_43_epoch6": 0.7837150127226463, "ENV_Test_accuracy_strategy_17_epoch6": 0.7232304900181489, "ENV_Test_accuracy_strategy_93_epoch6": 0.7744916820702403, "ENV_Test_accuracy_per_mean_strategy_epoch6": 0.7872858886895441, "ENV_Test_accuracy_per_mean_user_epoch6": 0.7834461257278916, "ENV_Test_accuracy_per_mean_user_and_bot_epoch6": 0.8217523881897714, "ENV_Train_TotalLoss_epoch7": 1003.2878025881583, "ENV_Train_Right action_epoch7": 0.795074635209929, "ENV_Train_Probability to choose the right action_epoch7": 0.7159749413414277, "ENV_Train_Weighted right action_epoch7": 0.795074635209929, "ENV_Train_Weighted probability to choose the right action:_epoch7": 0.7159749413414277, "ENV_Test_TotalLoss_epoch7": 239.34361079768928, "ENV_Test_Right action_epoch7": 0.767232, "ENV_Test_Probability to choose the right action_epoch7": 0.7139272816253428, "ENV_Test_Weighted right action_epoch7": 0.8254294692870023, "ENV_Test_Weighted probability to choose the right action:_epoch7": 0.7657300990239034, "ENV_Test_proba_accuracy_epoch7": 0.713927281625343, "ENV_Test_proba_accuracy_strategy_132_epoch7": 0.7745523488827785, "ENV_Test_proba_accuracy_strategy_23_epoch7": 0.7059163818407196, "ENV_Test_proba_accuracy_strategy_107_epoch7": 0.8075554491448281, "ENV_Test_proba_accuracy_strategy_43_epoch7": 0.726734189025721, "ENV_Test_proba_accuracy_strategy_17_epoch7": 0.6815648652186144, "ENV_Test_proba_accuracy_strategy_93_epoch7": 0.7213928399670789, "ENV_Test_proba_accuracy_per_mean_strategy_epoch7": 0.7362860123466235, "ENV_Test_proba_accuracy_per_mean_user_epoch7": 0.7318228533429414, "ENV_Test_proba_accuracy_per_mean_user_and_bot_epoch7": 0.7657300990239029, "ENV_Test_accuracy_epoch7": 0.767232, "ENV_Test_accuracy_strategy_132_epoch7": 0.8277620396600567, "ENV_Test_accuracy_strategy_23_epoch7": 0.7615123606398448, "ENV_Test_accuracy_strategy_107_epoch7": 0.8752052545155994, "ENV_Test_accuracy_strategy_43_epoch7": 0.7818066157760815, "ENV_Test_accuracy_strategy_17_epoch7": 0.7291288566243194, "ENV_Test_accuracy_strategy_93_epoch7": 0.7744916820702403, "ENV_Test_accuracy_per_mean_strategy_epoch7": 0.7916511348810237, "ENV_Test_accuracy_per_mean_user_epoch7": 0.7868621700855207, "ENV_Test_accuracy_per_mean_user_and_bot_epoch7": 0.8254294692870027, "ENV_Train_TotalLoss_epoch8": 1006.971956863778, "ENV_Train_Right action_epoch8": 0.7945463947784036, "ENV_Train_Probability to choose the right action_epoch8": 0.7146776817988297, "ENV_Train_Weighted right action_epoch8": 0.7945463947784036, "ENV_Train_Weighted probability to choose the right action:_epoch8": 0.7146776817988297, "ENV_Test_TotalLoss_epoch8": 234.81823137349653, "ENV_Test_Right action_epoch8": 0.767872, "ENV_Test_Probability to choose the right action_epoch8": 0.7076312966069521, "ENV_Test_Weighted right action_epoch8": 0.8246068789395274, "ENV_Test_Weighted probability to choose the right action:_epoch8": 0.7609406039936176, "ENV_Test_proba_accuracy_epoch8": 0.7076312966069513, "ENV_Test_proba_accuracy_strategy_132_epoch8": 0.7691673153872878, "ENV_Test_proba_accuracy_strategy_23_epoch8": 0.6972519667006587, "ENV_Test_proba_accuracy_strategy_107_epoch8": 0.7997019344643199, "ENV_Test_proba_accuracy_strategy_43_epoch8": 0.7249410932369574, "ENV_Test_proba_accuracy_strategy_17_epoch8": 0.675561921439111, "ENV_Test_proba_accuracy_strategy_93_epoch8": 0.7202989367410407, "ENV_Test_proba_accuracy_per_mean_strategy_epoch8": 0.7311538613282291, "ENV_Test_proba_accuracy_per_mean_user_epoch8": 0.7262259397392471, "ENV_Test_proba_accuracy_per_mean_user_and_bot_epoch8": 0.7609406039936176, "ENV_Test_accuracy_epoch8": 0.767872, "ENV_Test_accuracy_strategy_132_epoch8": 0.8237960339943343, "ENV_Test_accuracy_strategy_23_epoch8": 0.7576345128453709, "ENV_Test_accuracy_strategy_107_epoch8": 0.8686371100164204, "ENV_Test_accuracy_strategy_43_epoch8": 0.7811704834605598, "ENV_Test_accuracy_strategy_17_epoch8": 0.735934664246824, "ENV_Test_accuracy_strategy_93_epoch8": 0.789279112754159, "ENV_Test_accuracy_per_mean_strategy_epoch8": 0.7927419862196113, "ENV_Test_accuracy_per_mean_user_epoch8": 0.7855866557642219, "ENV_Test_accuracy_per_mean_user_and_bot_epoch8": 0.8246068789395281, "ENV_Train_TotalLoss_epoch9": 1008.3245500024688, "ENV_Train_Right action_epoch9": 0.7924633791792464, "ENV_Train_Probability to choose the right action_epoch9": 0.7133357535326617, "ENV_Train_Weighted right action_epoch9": 0.7924633791792464, "ENV_Train_Weighted probability to choose the right action:_epoch9": 0.7133357535326617, "ENV_Test_TotalLoss_epoch9": 229.5850846400228, "ENV_Test_Right action_epoch9": 0.770048, "ENV_Test_Probability to choose the right action_epoch9": 0.7156631763109397, "ENV_Test_Weighted right action_epoch9": 0.8289863311187176, "ENV_Test_Weighted probability to choose the right action:_epoch9": 0.7705333806106036, "ENV_Test_proba_accuracy_epoch9": 0.7156631763109395, "ENV_Test_proba_accuracy_strategy_132_epoch9": 0.7793691963282978, "ENV_Test_proba_accuracy_strategy_23_epoch9": 0.7034077009527026, "ENV_Test_proba_accuracy_strategy_107_epoch9": 0.8104027675239959, "ENV_Test_proba_accuracy_strategy_43_epoch9": 0.7331549938637596, "ENV_Test_proba_accuracy_strategy_17_epoch9": 0.6853204329708256, "ENV_Test_proba_accuracy_strategy_93_epoch9": 0.7267216569605951, "ENV_Test_proba_accuracy_per_mean_strategy_epoch9": 0.7397294581000295, "ENV_Test_proba_accuracy_per_mean_user_epoch9": 0.7343641029014266, "ENV_Test_proba_accuracy_per_mean_user_and_bot_epoch9": 0.7705333806106047, "ENV_Test_accuracy_epoch9": 0.770048, "ENV_Test_accuracy_strategy_132_epoch9": 0.8277620396600567, "ENV_Test_accuracy_strategy_23_epoch9": 0.7600581677169171, "ENV_Test_accuracy_strategy_107_epoch9": 0.8686371100164204, "ENV_Test_accuracy_strategy_43_epoch9": 0.787531806615776, "ENV_Test_accuracy_strategy_17_epoch9": 0.7393375680580763, "ENV_Test_accuracy_strategy_93_epoch9": 0.777264325323475, "ENV_Test_accuracy_per_mean_strategy_epoch9": 0.7934318362317869, "ENV_Test_accuracy_per_mean_user_epoch9": 0.7898313151124884, "ENV_Test_accuracy_per_mean_user_and_bot_epoch9": 0.8289863311187178, "ENV_Train_TotalLoss_epoch10": 1009.4992972172199, "ENV_Train_Right action_epoch10": 0.7926798591313098, "ENV_Train_Probability to choose the right action_epoch10": 0.7144196558065198, "ENV_Train_Weighted right action_epoch10": 0.7926798591313098, "ENV_Train_Weighted probability to choose the right action:_epoch10": 0.7144196558065198, "ENV_Test_TotalLoss_epoch10": 236.99923380079758, "ENV_Test_Right action_epoch10": 0.765568, "ENV_Test_Probability to choose the right action_epoch10": 0.7126703346315624, "ENV_Test_Weighted right action_epoch10": 0.8246696214422673, "ENV_Test_Weighted probability to choose the right action:_epoch10": 0.7668265148320474, "ENV_Test_proba_accuracy_epoch10": 0.7126703346315625, "ENV_Test_proba_accuracy_strategy_132_epoch10": 0.7727073488555293, "ENV_Test_proba_accuracy_strategy_23_epoch10": 0.7036346706896023, "ENV_Test_proba_accuracy_strategy_107_epoch10": 0.8099496204594061, "ENV_Test_proba_accuracy_strategy_43_epoch10": 0.7315297681407569, "ENV_Test_proba_accuracy_strategy_17_epoch10": 0.6784056138632544, "ENV_Test_proba_accuracy_strategy_93_epoch10": 0.7238581060110252, "ENV_Test_proba_accuracy_per_mean_strategy_epoch10": 0.7366808546699289, "ENV_Test_proba_accuracy_per_mean_user_epoch10": 0.7300380795540446, "ENV_Test_proba_accuracy_per_mean_user_and_bot_epoch10": 0.7668265148320474, "ENV_Test_accuracy_epoch10": 0.765568, "ENV_Test_accuracy_strategy_132_epoch10": 0.8294617563739377, "ENV_Test_accuracy_strategy_23_epoch10": 0.7565034739053159, "ENV_Test_accuracy_strategy_107_epoch10": 0.8702791461412152, "ENV_Test_accuracy_strategy_43_epoch10": 0.7849872773536896, "ENV_Test_accuracy_strategy_17_epoch10": 0.7273139745916516, "ENV_Test_accuracy_strategy_93_epoch10": 0.7818853974121996, "ENV_Test_accuracy_per_mean_strategy_epoch10": 0.791738504296335, "ENV_Test_accuracy_per_mean_user_epoch10": 0.7864203593417212, "ENV_Test_accuracy_per_mean_user_and_bot_epoch10": 0.8246696214422674, "ENV_Train_TotalLoss_epoch11": 1019.477419493493, "ENV_Train_Right action_epoch11": 0.7922653323642869, "ENV_Train_Probability to choose the right action_epoch11": 0.7110128291271386, "ENV_Train_Weighted right action_epoch11": 0.7922653323642869, "ENV_Train_Weighted probability to choose the right action:_epoch11": 0.7110128291271386, "ENV_Test_TotalLoss_epoch11": 242.8953817859774, "ENV_Test_Right action_epoch11": 0.760384, "ENV_Test_Probability to choose the right action_epoch11": 0.7125279447906007, "ENV_Test_Weighted right action_epoch11": 0.8190651480384686, "ENV_Test_Weighted probability to choose the right action:_epoch11": 0.7661804287548296, "ENV_Test_proba_accuracy_epoch11": 0.7125279447906009, "ENV_Test_proba_accuracy_strategy_132_epoch11": 0.7732775960070715, "ENV_Test_proba_accuracy_strategy_23_epoch11": 0.7036801294978308, "ENV_Test_proba_accuracy_strategy_107_epoch11": 0.806059586769149, "ENV_Test_proba_accuracy_strategy_43_epoch11": 0.7316059807961873, "ENV_Test_proba_accuracy_strategy_17_epoch11": 0.6783247026817202, "ENV_Test_proba_accuracy_strategy_93_epoch11": 0.7230200363803533, "ENV_Test_proba_accuracy_per_mean_strategy_epoch11": 0.735994672022052, "ENV_Test_proba_accuracy_per_mean_user_epoch11": 0.730491069784221, "ENV_Test_proba_accuracy_per_mean_user_and_bot_epoch11": 0.7661804287548294, "ENV_Test_accuracy_epoch11": 0.760384, "ENV_Test_accuracy_strategy_132_epoch11": 0.826628895184136, "ENV_Test_accuracy_strategy_23_epoch11": 0.7508482792050412, "ENV_Test_accuracy_strategy_107_epoch11": 0.8637110016420362, "ENV_Test_accuracy_strategy_43_epoch11": 0.7881679389312977, "ENV_Test_accuracy_strategy_17_epoch11": 0.7180127041742287, "ENV_Test_accuracy_strategy_93_epoch11": 0.7809611829944547, "ENV_Test_accuracy_per_mean_strategy_epoch11": 0.788055000355199, "ENV_Test_accuracy_per_mean_user_epoch11": 0.7795002226817667, "ENV_Test_accuracy_per_mean_user_and_bot_epoch11": 0.8190651480384682, "ENV_Train_TotalLoss_epoch12": 1017.6906626223011, "ENV_Train_Right action_epoch12": 0.7899113856819389, "ENV_Train_Probability to choose the right action_epoch12": 0.7110510667860158, "ENV_Train_Weighted right action_epoch12": 0.7899113856819389, "ENV_Train_Weighted probability to choose the right action:_epoch12": 0.7110510667860158, "ENV_Test_TotalLoss_epoch12": 241.00738471720533, "ENV_Test_Right action_epoch12": 0.765248, "ENV_Test_Probability to choose the right action_epoch12": 0.7082496554319361, "ENV_Test_Weighted right action_epoch12": 0.8210234648230005, "ENV_Test_Weighted probability to choose the right action:_epoch12": 0.7588990890030444, "ENV_Test_proba_accuracy_epoch12": 0.7082496554319349, "ENV_Test_proba_accuracy_strategy_132_epoch12": 0.7658640881017157, "ENV_Test_proba_accuracy_strategy_23_epoch12": 0.7021454245085426, "ENV_Test_proba_accuracy_strategy_107_epoch12": 0.7922409496088882, "ENV_Test_proba_accuracy_strategy_43_epoch12": 0.7292677276247609, "ENV_Test_proba_accuracy_strategy_17_epoch12": 0.6721767328369156, "ENV_Test_proba_accuracy_strategy_93_epoch12": 0.7183309370222043, "ENV_Test_proba_accuracy_per_mean_strategy_epoch12": 0.7300043099505046, "ENV_Test_proba_accuracy_per_mean_user_epoch12": 0.7244758632750311, "ENV_Test_proba_accuracy_per_mean_user_and_bot_epoch12": 0.7588990890030453, "ENV_Test_accuracy_epoch12": 0.765248, "ENV_Test_accuracy_strategy_132_epoch12": 0.8237960339943343, "ENV_Test_accuracy_strategy_23_epoch12": 0.7586039747939893, "ENV_Test_accuracy_strategy_107_epoch12": 0.8555008210180624, "ENV_Test_accuracy_strategy_43_epoch12": 0.7843511450381679, "ENV_Test_accuracy_strategy_17_epoch12": 0.7273139745916516, "ENV_Test_accuracy_strategy_93_epoch12": 0.7837338262476895, "ENV_Test_accuracy_per_mean_strategy_epoch12": 0.7888832959473159, "ENV_Test_accuracy_per_mean_user_epoch12": 0.7812829013622022, "ENV_Test_accuracy_per_mean_user_and_bot_epoch12": 0.8210234648229998, "ENV_Train_TotalLoss_epoch13": 1036.9228919312768, "ENV_Train_Right action_epoch13": 0.7861725771956555, "ENV_Train_Probability to choose the right action_epoch13": 0.7050544970539785, "ENV_Train_Weighted right action_epoch13": 0.7861725771956555, "ENV_Train_Weighted probability to choose the right action:_epoch13": 0.7050544970539785, "ENV_Test_TotalLoss_epoch13": 252.23817303308218, "ENV_Test_Right action_epoch13": 0.758976, "ENV_Test_Probability to choose the right action_epoch13": 0.7006998481447706, "ENV_Test_Weighted right action_epoch13": 0.8133411789662048, "ENV_Test_Weighted probability to choose the right action:_epoch13": 0.7521003740608417, "ENV_Test_proba_accuracy_epoch13": 0.7006998481447708, "ENV_Test_proba_accuracy_strategy_132_epoch13": 0.7528385444956408, "ENV_Test_proba_accuracy_strategy_23_epoch13": 0.6920193454392651, "ENV_Test_proba_accuracy_strategy_107_epoch13": 0.8003309133789105, "ENV_Test_proba_accuracy_strategy_43_epoch13": 0.7192417725069432, "ENV_Test_proba_accuracy_strategy_17_epoch13": 0.6680117961723421, "ENV_Test_proba_accuracy_strategy_93_epoch13": 0.7154545075298272, "ENV_Test_proba_accuracy_per_mean_strategy_epoch13": 0.7246494799204881, "ENV_Test_proba_accuracy_per_mean_user_epoch13": 0.71712203247601, "ENV_Test_proba_accuracy_per_mean_user_and_bot_epoch13": 0.7521003740608426, "ENV_Test_accuracy_epoch13": 0.758976, "ENV_Test_accuracy_strategy_132_epoch13": 0.8079320113314448, "ENV_Test_accuracy_strategy_23_epoch13": 0.7487477783163677, "ENV_Test_accuracy_strategy_107_epoch13": 0.8604269293924466, "ENV_Test_accuracy_strategy_43_epoch13": 0.7818066157760815, "ENV_Test_accuracy_strategy_17_epoch13": 0.7275408348457351, "ENV_Test_accuracy_strategy_93_epoch13": 0.7754158964879853, "ENV_Test_accuracy_per_mean_strategy_epoch13": 0.7836450110250102, "ENV_Test_accuracy_per_mean_user_epoch13": 0.7771083472216459, "ENV_Test_accuracy_per_mean_user_and_bot_epoch13": 0.8133411789662043, "ENV_Train_TotalLoss_epoch14": 1027.311052038503, "ENV_Train_Right action_epoch14": 0.787116607280095, "ENV_Train_Probability to choose the right action_epoch14": 0.7082597291962072, "ENV_Train_Weighted right action_epoch14": 0.787116607280095, "ENV_Train_Weighted probability to choose the right action:_epoch14": 0.7082597291962072, "ENV_Test_TotalLoss_epoch14": 244.87816022748777, "ENV_Test_Right action_epoch14": 0.76128, "ENV_Test_Probability to choose the right action_epoch14": 0.6984351246435756, "ENV_Test_Weighted right action_epoch14": 0.8201169700810707, "ENV_Test_Weighted probability to choose the right action:_epoch14": 0.7524279044514665, "ENV_Test_proba_accuracy_epoch14": 0.6984351246435752, "ENV_Test_proba_accuracy_strategy_132_epoch14": 0.7634578265162631, "ENV_Test_proba_accuracy_strategy_23_epoch14": 0.687340464657446, "ENV_Test_proba_accuracy_strategy_107_epoch14": 0.7867121239389253, "ENV_Test_proba_accuracy_strategy_43_epoch14": 0.7187357760706496, "ENV_Test_proba_accuracy_strategy_17_epoch14": 0.6655477494698965, "ENV_Test_proba_accuracy_strategy_93_epoch14": 0.7106292235347078, "ENV_Test_proba_accuracy_per_mean_strategy_epoch14": 0.722070527364648, "ENV_Test_proba_accuracy_per_mean_user_epoch14": 0.7166040318995508, "ENV_Test_proba_accuracy_per_mean_user_and_bot_epoch14": 0.7524279044514659, "ENV_Test_accuracy_epoch14": 0.76128, "ENV_Test_accuracy_strategy_132_epoch14": 0.8186968838526912, "ENV_Test_accuracy_strategy_23_epoch14": 0.7447083535304573, "ENV_Test_accuracy_strategy_107_epoch14": 0.8653530377668309, "ENV_Test_accuracy_strategy_43_epoch14": 0.7977099236641222, "ENV_Test_accuracy_strategy_17_epoch14": 0.7304900181488203, "ENV_Test_accuracy_strategy_93_epoch14": 0.7763401109057301, "ENV_Test_accuracy_per_mean_strategy_epoch14": 0.7888830546447753, "ENV_Test_accuracy_per_mean_user_epoch14": 0.7814347780606511, "ENV_Test_accuracy_per_mean_user_and_bot_epoch14": 0.8201169700810702, "ENV_Train_TotalLoss_epoch15": 1047.5967294174995, "ENV_Train_Right action_epoch15": 0.7836005535442206, "ENV_Train_Probability to choose the right action_epoch15": 0.7011044244015759, "ENV_Train_Weighted right action_epoch15": 0.7836005535442206, "ENV_Train_Weighted probability to choose the right action:_epoch15": 0.7011044244015759, "ENV_Test_TotalLoss_epoch15": 245.87411832228017, "ENV_Test_Right action_epoch15": 0.759232, "ENV_Test_Probability to choose the right action_epoch15": 0.6949944090843035, "ENV_Test_Weighted right action_epoch15": 0.8129524970107372, "ENV_Test_Weighted probability to choose the right action:_epoch15": 0.744133720671244, "ENV_Test_proba_accuracy_epoch15": 0.6949944090843035, "ENV_Test_proba_accuracy_strategy_132_epoch15": 0.7540280480781429, "ENV_Test_proba_accuracy_strategy_23_epoch15": 0.6884894778994641, "ENV_Test_proba_accuracy_strategy_107_epoch15": 0.771595792910326, "ENV_Test_proba_accuracy_strategy_43_epoch15": 0.715660291863178, "ENV_Test_proba_accuracy_strategy_17_epoch15": 0.6609645510850726, "ENV_Test_proba_accuracy_strategy_93_epoch15": 0.7014003701388464, "ENV_Test_proba_accuracy_per_mean_strategy_epoch15": 0.7153564219958383, "ENV_Test_proba_accuracy_per_mean_user_epoch15": 0.7117158328052633, "ENV_Test_proba_accuracy_per_mean_user_and_bot_epoch15": 0.7441337206712444, "ENV_Test_accuracy_epoch15": 0.759232, "ENV_Test_accuracy_strategy_132_epoch15": 0.8226628895184136, "ENV_Test_accuracy_strategy_23_epoch15": 0.7503635482307319, "ENV_Test_accuracy_strategy_107_epoch15": 0.8505747126436781, "ENV_Test_accuracy_strategy_43_epoch15": 0.787531806615776, "ENV_Test_accuracy_strategy_17_epoch15": 0.7230036297640653, "ENV_Test_accuracy_strategy_93_epoch15": 0.7615526802218114, "ENV_Test_accuracy_per_mean_strategy_epoch15": 0.7826148778324127, "ENV_Test_accuracy_per_mean_user_epoch15": 0.7779693260967205, "ENV_Test_accuracy_per_mean_user_and_bot_epoch15": 0.8129524970107362, "ENV_Train_TotalLoss_epoch16": 1039.454021742148, "ENV_Train_Right action_epoch16": 0.7859828629736795, "ENV_Train_Probability to choose the right action_epoch16": 0.7040880216803607, "ENV_Train_Weighted right action_epoch16": 0.7859828629736795, "ENV_Train_Weighted probability to choose the right action:_epoch16": 0.7040880216803607, "ENV_Test_TotalLoss_epoch16": 243.1751107127173, "ENV_Test_Right action_epoch16": 0.76, "ENV_Test_Probability to choose the right action_epoch16": 0.6917941020363757, "ENV_Test_Weighted right action_epoch16": 0.8139930519302421, "ENV_Test_Weighted probability to choose the right action:_epoch16": 0.7427075985146216, "ENV_Test_proba_accuracy_epoch16": 0.6917941020363759, "ENV_Test_proba_accuracy_strategy_132_epoch16": 0.7506222775085049, "ENV_Test_proba_accuracy_strategy_23_epoch16": 0.6853162398037129, "ENV_Test_proba_accuracy_strategy_107_epoch16": 0.7679898141063495, "ENV_Test_proba_accuracy_strategy_43_epoch16": 0.7107877866901884, "ENV_Test_proba_accuracy_strategy_17_epoch16": 0.6581752885182304, "ENV_Test_proba_accuracy_strategy_93_epoch16": 0.6993636294959168, "ENV_Test_proba_accuracy_per_mean_strategy_epoch16": 0.7120425060204837, "ENV_Test_proba_accuracy_per_mean_user_epoch16": 0.7089676120338066, "ENV_Test_proba_accuracy_per_mean_user_and_bot_epoch16": 0.7427075985146216, "ENV_Test_accuracy_epoch16": 0.76, "ENV_Test_accuracy_strategy_132_epoch16": 0.8141643059490085, "ENV_Test_accuracy_strategy_23_epoch16": 0.7545645500080789, "ENV_Test_accuracy_strategy_107_epoch16": 0.8472906403940886, "ENV_Test_accuracy_strategy_43_epoch16": 0.7849872773536896, "ENV_Test_accuracy_strategy_17_epoch16": 0.7230036297640653, "ENV_Test_accuracy_strategy_93_epoch16": 0.7680221811460258, "ENV_Test_accuracy_per_mean_strategy_epoch16": 0.7820054307691594, "ENV_Test_accuracy_per_mean_user_epoch16": 0.7784566921393926, "ENV_Test_accuracy_per_mean_user_and_bot_epoch16": 0.8139930519302414, "ENV_Train_TotalLoss_epoch17": 1037.891163128678, "ENV_Train_Right action_epoch17": 0.7855295712827968, "ENV_Train_Probability to choose the right action_epoch17": 0.7045076615360931, "ENV_Train_Weighted right action_epoch17": 0.7855295712827968, "ENV_Train_Weighted probability to choose the right action:_epoch17": 0.7045076615360931, "ENV_Test_TotalLoss_epoch17": 236.24213665758228, "ENV_Test_Right action_epoch17": 0.765888, "ENV_Test_Probability to choose the right action_epoch17": 0.7092803338657017, "ENV_Test_Weighted right action_epoch17": 0.8270175157602576, "ENV_Test_Weighted probability to choose the right action:_epoch17": 0.7592321681563825, "ENV_Test_proba_accuracy_epoch17": 0.7092803338657016, "ENV_Test_proba_accuracy_strategy_132_epoch17": 0.7681077521550199, "ENV_Test_proba_accuracy_strategy_23_epoch17": 0.7035967831476975, "ENV_Test_proba_accuracy_strategy_107_epoch17": 0.7977431534477152, "ENV_Test_proba_accuracy_strategy_43_epoch17": 0.7218137831034875, "ENV_Test_proba_accuracy_strategy_17_epoch17": 0.6748293139221402, "ENV_Test_proba_accuracy_strategy_93_epoch17": 0.7181793714785049, "ENV_Test_proba_accuracy_per_mean_strategy_epoch17": 0.7307116928757608, "ENV_Test_proba_accuracy_per_mean_user_epoch17": 0.7261741591845747, "ENV_Test_proba_accuracy_per_mean_user_and_bot_epoch17": 0.7592321681563838, "ENV_Test_accuracy_epoch17": 0.765888, "ENV_Test_accuracy_strategy_132_epoch17": 0.8294617563739377, "ENV_Test_accuracy_strategy_23_epoch17": 0.7569882048796251, "ENV_Test_accuracy_strategy_107_epoch17": 0.8686371100164204, "ENV_Test_accuracy_strategy_43_epoch17": 0.7856234096692112, "ENV_Test_accuracy_strategy_17_epoch17": 0.728448275862069, "ENV_Test_accuracy_strategy_93_epoch17": 0.7791127541589649, "ENV_Test_accuracy_per_mean_strategy_epoch17": 0.7913785851600381, "ENV_Test_accuracy_per_mean_user_epoch17": 0.786586554651764, "ENV_Test_accuracy_per_mean_user_and_bot_epoch17": 0.8270175157602577, "ENV_Train_TotalLoss_epoch18": 1042.5244871663522, "ENV_Train_Right action_epoch18": 0.7864909436493739, "ENV_Train_Probability to choose the right action_epoch18": 0.7038107304965954, "ENV_Train_Weighted right action_epoch18": 0.7864909436493739, "ENV_Train_Weighted probability to choose the right action:_epoch18": 0.7038107304965954, "ENV_Test_TotalLoss_epoch18": 242.5108452006746, "ENV_Test_Right action_epoch18": 0.761408, "ENV_Test_Probability to choose the right action_epoch18": 0.7022824395034557, "ENV_Test_Weighted right action_epoch18": 0.8206457886025375, "ENV_Test_Weighted probability to choose the right action:_epoch18": 0.749372225787449, "ENV_Test_proba_accuracy_epoch18": 0.7022824395034558, "ENV_Test_proba_accuracy_strategy_132_epoch18": 0.7577143131469214, "ENV_Test_proba_accuracy_strategy_23_epoch18": 0.696963682184482, "ENV_Test_proba_accuracy_strategy_107_epoch18": 0.7780333765537562, "ENV_Test_proba_accuracy_strategy_43_epoch18": 0.715774793441417, "ENV_Test_proba_accuracy_strategy_17_epoch18": 0.6707050105429619, "ENV_Test_proba_accuracy_strategy_93_epoch18": 0.7086886667402007, "ENV_Test_proba_accuracy_per_mean_strategy_epoch18": 0.7213133071016232, "ENV_Test_proba_accuracy_per_mean_user_epoch18": 0.7179478723594084, "ENV_Test_proba_accuracy_per_mean_user_and_bot_epoch18": 0.7493722257874487, "ENV_Test_accuracy_epoch18": 0.761408, "ENV_Test_accuracy_strategy_132_epoch18": 0.8243626062322946, "ENV_Test_accuracy_strategy_23_epoch18": 0.7556955889481338, "ENV_Test_accuracy_strategy_107_epoch18": 0.8653530377668309, "ENV_Test_accuracy_strategy_43_epoch18": 0.7862595419847328, "ENV_Test_accuracy_strategy_17_epoch18": 0.719147005444646, "ENV_Test_accuracy_strategy_93_epoch18": 0.7689463955637708, "ENV_Test_accuracy_per_mean_strategy_epoch18": 0.7866273626567347, "ENV_Test_accuracy_per_mean_user_epoch18": 0.7798154432732323, "ENV_Test_accuracy_per_mean_user_and_bot_epoch18": 0.8206457886025381, "ENV_Train_TotalLoss_epoch19": 1038.3552183352379, "ENV_Train_Right action_epoch19": 0.7866368465194297, "ENV_Train_Probability to choose the right action_epoch19": 0.705073725013694, "ENV_Train_Weighted right action_epoch19": 0.7866368465194297, "ENV_Train_Weighted probability to choose the right action:_epoch19": 0.705073725013694, "ENV_Test_TotalLoss_epoch19": 235.54132066120565, "ENV_Test_Right action_epoch19": 0.765888, "ENV_Test_Probability to choose the right action_epoch19": 0.6978745359301779, "ENV_Test_Weighted right action_epoch19": 0.8231191521842944, "ENV_Test_Weighted probability to choose the right action:_epoch19": 0.7458543262849512, "ENV_Test_proba_accuracy_epoch19": 0.6978745359301777, "ENV_Test_proba_accuracy_strategy_132_epoch19": 0.7529277993795457, "ENV_Test_proba_accuracy_strategy_23_epoch19": 0.6908710529353266, "ENV_Test_proba_accuracy_strategy_107_epoch19": 0.7747637707472873, "ENV_Test_proba_accuracy_strategy_43_epoch19": 0.7169657506757958, "ENV_Test_proba_accuracy_strategy_17_epoch19": 0.6669244002808982, "ENV_Test_proba_accuracy_strategy_93_epoch19": 0.7032043054544771, "ENV_Test_proba_accuracy_per_mean_strategy_epoch19": 0.7176095132455552, "ENV_Test_proba_accuracy_per_mean_user_epoch19": 0.7145815926299721, "ENV_Test_proba_accuracy_per_mean_user_and_bot_epoch19": 0.745854326284951, "ENV_Test_accuracy_epoch19": 0.765888, "ENV_Test_accuracy_strategy_132_epoch19": 0.8192634560906515, "ENV_Test_accuracy_strategy_23_epoch19": 0.7568266278881888, "ENV_Test_accuracy_strategy_107_epoch19": 0.8571428571428571, "ENV_Test_accuracy_strategy_43_epoch19": 0.787531806615776, "ENV_Test_accuracy_strategy_17_epoch19": 0.73502722323049, "ENV_Test_accuracy_strategy_93_epoch19": 0.7735674676524954, "ENV_Test_accuracy_per_mean_strategy_epoch19": 0.7882265731034098, "ENV_Test_accuracy_per_mean_user_epoch19": 0.7863405215819889, "ENV_Test_accuracy_per_mean_user_and_bot_epoch19": 0.8231191521842945, "ENV_Train_TotalLoss_epoch20": 1037.8895136041144, "ENV_Train_Right action_epoch20": 0.785755216704636, "ENV_Train_Probability to choose the right action_epoch20": 0.7050449788493375, "ENV_Train_Weighted right action_epoch20": 0.785755216704636, "ENV_Train_Weighted probability to choose the right action:_epoch20": 0.7050449788493375, "ENV_Test_TotalLoss_epoch20": 239.6347923235229, "ENV_Test_Right action_epoch20": 0.761408, "ENV_Test_Probability to choose the right action_epoch20": 0.7015702328380192, "ENV_Test_Weighted right action_epoch20": 0.8210060584393745, "ENV_Test_Weighted probability to choose the right action:_epoch20": 0.7528721836055623, "ENV_Test_proba_accuracy_epoch20": 0.7015702328380194, "ENV_Test_proba_accuracy_strategy_132_epoch20": 0.7570870770794588, "ENV_Test_proba_accuracy_strategy_23_epoch20": 0.6944385456438599, "ENV_Test_proba_accuracy_strategy_107_epoch20": 0.7851291243184805, "ENV_Test_proba_accuracy_strategy_43_epoch20": 0.7218825888101802, "ENV_Test_proba_accuracy_strategy_17_epoch20": 0.6691464334774347, "ENV_Test_proba_accuracy_strategy_93_epoch20": 0.7073525813039475, "ENV_Test_proba_accuracy_per_mean_strategy_epoch20": 0.7225060584388935, "ENV_Test_proba_accuracy_per_mean_user_epoch20": 0.7184726686376979, "ENV_Test_proba_accuracy_per_mean_user_and_bot_epoch20": 0.7528721836055627, "ENV_Test_accuracy_epoch20": 0.761408, "ENV_Test_accuracy_strategy_132_epoch20": 0.8232294617563739, "ENV_Test_accuracy_strategy_23_epoch20": 0.7524640491194053, "ENV_Test_accuracy_strategy_107_epoch20": 0.8571428571428571, "ENV_Test_accuracy_strategy_43_epoch20": 0.7964376590330788, "ENV_Test_accuracy_strategy_17_epoch20": 0.721415607985481, "ENV_Test_accuracy_strategy_93_epoch20": 0.7698706099815157, "ENV_Test_accuracy_per_mean_strategy_epoch20": 0.786760040836452, "ENV_Test_accuracy_per_mean_user_epoch20": 0.7820604268971818, "ENV_Test_accuracy_per_mean_user_and_bot_epoch20": 0.821006058439374, "ENV_Train_TotalLoss_epoch21": 1021.9647120124074, "ENV_Train_Right action_epoch21": 0.7894016042930211, "ENV_Train_Probability to choose the right action_epoch21": 0.709488104484641, "ENV_Train_Weighted right action_epoch21": 0.7894016042930211, "ENV_Train_Weighted probability to choose the right action:_epoch21": 0.709488104484641, "ENV_Test_TotalLoss_epoch21": 231.29308202435521, "ENV_Test_Right action_epoch21": 0.765632, "ENV_Test_Probability to choose the right action_epoch21": 0.7098094238919878, "ENV_Test_Weighted right action_epoch21": 0.8255571295303256, "ENV_Test_Weighted probability to choose the right action:_epoch21": 0.7623655747584253, "ENV_Test_proba_accuracy_epoch21": 0.709809423891987, "ENV_Test_proba_accuracy_strategy_132_epoch21": 0.7668255981415572, "ENV_Test_proba_accuracy_strategy_23_epoch21": 0.7028208765360956, "ENV_Test_proba_accuracy_strategy_107_epoch21": 0.7934215589861766, "ENV_Test_proba_accuracy_strategy_43_epoch21": 0.7295360376104925, "ENV_Test_proba_accuracy_strategy_17_epoch21": 0.6760140510966718, "ENV_Test_proba_accuracy_strategy_93_epoch21": 0.71873599346594, "ENV_Test_proba_accuracy_per_mean_strategy_epoch21": 0.7312256859728223, "ENV_Test_proba_accuracy_per_mean_user_epoch21": 0.7275994538911645, "ENV_Test_proba_accuracy_per_mean_user_and_bot_epoch21": 0.762365574758426, "ENV_Test_accuracy_epoch21": 0.765632, "ENV_Test_accuracy_strategy_132_epoch21": 0.8147308781869689, "ENV_Test_accuracy_strategy_23_epoch21": 0.7586039747939893, "ENV_Test_accuracy_strategy_107_epoch21": 0.8653530377668309, "ENV_Test_accuracy_strategy_43_epoch21": 0.7951653944020356, "ENV_Test_accuracy_strategy_17_epoch21": 0.727994555353902, "ENV_Test_accuracy_strategy_93_epoch21": 0.7800369685767098, "ENV_Test_accuracy_per_mean_strategy_epoch21": 0.7903141348467395, "ENV_Test_accuracy_per_mean_user_epoch21": 0.7851457132324857, "ENV_Test_accuracy_per_mean_user_and_bot_epoch21": 0.8255571295303258, "ENV_Train_TotalLoss_epoch22": 1027.9516710543494, "ENV_Train_Right action_epoch22": 0.7869333668805301, "ENV_Train_Probability to choose the right action_epoch22": 0.7074976737556048, "ENV_Train_Weighted right action_epoch22": 0.7869333668805301, "ENV_Train_Weighted probability to choose the right action:_epoch22": 0.7074976737556048, "ENV_Test_TotalLoss_epoch22": 242.2148280768267, "ENV_Test_Right action_epoch22": 0.766528, "ENV_Test_Probability to choose the right action_epoch22": 0.70134989557884, "ENV_Test_Weighted right action_epoch22": 0.8209504059680407, "ENV_Test_Weighted probability to choose the right action:_epoch22": 0.7468017843314564, "ENV_Test_proba_accuracy_epoch22": 0.7013498955788403, "ENV_Test_proba_accuracy_strategy_132_epoch22": 0.7521917607322981, "ENV_Test_proba_accuracy_strategy_23_epoch22": 0.6983512641878605, "ENV_Test_proba_accuracy_strategy_107_epoch22": 0.772954885897321, "ENV_Test_proba_accuracy_strategy_43_epoch22": 0.7107724493234864, "ENV_Test_proba_accuracy_strategy_17_epoch22": 0.6711916028086704, "ENV_Test_proba_accuracy_strategy_93_epoch22": 0.704437417411826, "ENV_Test_proba_accuracy_per_mean_strategy_epoch22": 0.7183165633935772, "ENV_Test_proba_accuracy_per_mean_user_epoch22": 0.7169360683031946, "ENV_Test_proba_accuracy_per_mean_user_and_bot_epoch22": 0.7468017843314558, "ENV_Test_accuracy_epoch22": 0.766528, "ENV_Test_accuracy_strategy_132_epoch22": 0.8215297450424929, "ENV_Test_accuracy_strategy_23_epoch22": 0.7566650508967523, "ENV_Test_accuracy_strategy_107_epoch22": 0.8686371100164204, "ENV_Test_accuracy_strategy_43_epoch22": 0.7805343511450382, "ENV_Test_accuracy_strategy_17_epoch22": 0.7397912885662432, "ENV_Test_accuracy_strategy_93_epoch22": 0.7643253234750462, "ENV_Test_accuracy_per_mean_strategy_epoch22": 0.7885804781903322, "ENV_Test_accuracy_per_mean_user_epoch22": 0.784355202130834, "ENV_Test_accuracy_per_mean_user_and_bot_epoch22": 0.8209504059680408, "ENV_Train_TotalLoss_epoch23": 1027.9175059799904, "ENV_Train_Right action_epoch23": 0.787609011627907, "ENV_Train_Probability to choose the right action_epoch23": 0.7073767002873198, "ENV_Train_Weighted right action_epoch23": 0.787609011627907, "ENV_Train_Weighted probability to choose the right action:_epoch23": 0.7073767002873198, "ENV_Test_TotalLoss_epoch23": 248.37649621366833, "ENV_Test_Right action_epoch23": 0.761024, "ENV_Test_Probability to choose the right action_epoch23": 0.6969397820926677, "ENV_Test_Weighted right action_epoch23": 0.8088383111666525, "ENV_Test_Weighted probability to choose the right action:_epoch23": 0.741565037152504, "ENV_Test_proba_accuracy_epoch23": 0.6969397820926684, "ENV_Test_proba_accuracy_strategy_132_epoch23": 0.7523995211178693, "ENV_Test_proba_accuracy_strategy_23_epoch23": 0.6913173438609187, "ENV_Test_proba_accuracy_strategy_107_epoch23": 0.7633235263630516, "ENV_Test_proba_accuracy_strategy_43_epoch23": 0.7074530192518689, "ENV_Test_proba_accuracy_strategy_17_epoch23": 0.6659464140725634, "ENV_Test_proba_accuracy_strategy_93_epoch23": 0.712258717392591, "ENV_Test_proba_accuracy_per_mean_strategy_epoch23": 0.7154497570098105, "ENV_Test_proba_accuracy_per_mean_user_epoch23": 0.71430927506071, "ENV_Test_proba_accuracy_per_mean_user_and_bot_epoch23": 0.7415650371525049, "ENV_Test_accuracy_epoch23": 0.761024, "ENV_Test_accuracy_strategy_132_epoch23": 0.8164305949008499, "ENV_Test_accuracy_strategy_23_epoch23": 0.7556955889481338, "ENV_Test_accuracy_strategy_107_epoch23": 0.8390804597701149, "ENV_Test_accuracy_strategy_43_epoch23": 0.7767175572519084, "ENV_Test_accuracy_strategy_17_epoch23": 0.7264065335753176, "ENV_Test_accuracy_strategy_93_epoch23": 0.7754158964879853, "ENV_Test_accuracy_per_mean_strategy_epoch23": 0.7816244384890517, "ENV_Test_accuracy_per_mean_user_epoch23": 0.77968588062175, "ENV_Test_accuracy_per_mean_user_and_bot_epoch23": 0.808838311166652, "ENV_Train_TotalLoss_epoch24": 1029.7743570129403, "ENV_Train_Right action_epoch24": 0.7885166394118551, "ENV_Train_Probability to choose the right action_epoch24": 0.7075567987983472, "ENV_Train_Weighted right action_epoch24": 0.7885166394118551, "ENV_Train_Weighted probability to choose the right action:_epoch24": 0.7075567987983472, "ENV_Test_TotalLoss_epoch24": 240.2205140278219, "ENV_Test_Right action_epoch24": 0.759616, "ENV_Test_Probability to choose the right action_epoch24": 0.7108246859160523, "ENV_Test_Weighted right action_epoch24": 0.8198852278834005, "ENV_Test_Weighted probability to choose the right action:_epoch24": 0.7630377242913022, "ENV_Test_proba_accuracy_epoch24": 0.7108246859160522, "ENV_Test_proba_accuracy_strategy_132_epoch24": 0.7733615518461903, "ENV_Test_proba_accuracy_strategy_23_epoch24": 0.7016569341978115, "ENV_Test_proba_accuracy_strategy_107_epoch24": 0.8018573230091167, "ENV_Test_proba_accuracy_strategy_43_epoch24": 0.731605875280986, "ENV_Test_proba_accuracy_strategy_17_epoch24": 0.6771864386419965, "ENV_Test_proba_accuracy_strategy_93_epoch24": 0.7168617795668683, "ENV_Test_proba_accuracy_per_mean_strategy_epoch24": 0.7337549837571616, "ENV_Test_proba_accuracy_per_mean_user_epoch24": 0.7288644343070885, "ENV_Test_proba_accuracy_per_mean_user_and_bot_epoch24": 0.7630377242913018, "ENV_Test_accuracy_epoch24": 0.759616, "ENV_Test_accuracy_strategy_132_epoch24": 0.8186968838526912, "ENV_Test_accuracy_strategy_23_epoch24": 0.7558571659395702, "ENV_Test_accuracy_strategy_107_epoch24": 0.8637110016420362, "ENV_Test_accuracy_strategy_43_epoch24": 0.787531806615776, "ENV_Test_accuracy_strategy_17_epoch24": 0.7143829401088929, "ENV_Test_accuracy_strategy_93_epoch24": 0.7698706099815157, "ENV_Test_accuracy_per_mean_strategy_epoch24": 0.785008401356747, "ENV_Test_accuracy_per_mean_user_epoch24": 0.7803718151670661, "ENV_Test_accuracy_per_mean_user_and_bot_epoch24": 0.8198852278834013, "_wandb": {"runtime": 2594}}