{"ENV_Train_TotalLoss": 171.15091075338094, "ENV_Train_TotalLoss_epoch0": 1019.4620285726925, "ENV_Train_Right action": 0.9700447302208555, "ENV_Train_Right action_epoch0": 0.7870350958111452, "ENV_Train_Probability to choose the right action": 0.9556672156472475, "ENV_Train_Probability to choose the right action_epoch0": 0.7069835747420377, "ENV_Train_Weighted right action": 0.9700447302208555, "ENV_Train_Weighted right action_epoch0": 0.7870350958111452, "ENV_Train_Weighted probability to choose the right action:": 0.9556672156472475, "ENV_Train_Weighted probability to choose the right action:_epoch0": 0.7069835747420377, "_timestamp": 1720381195.5932987, "_runtime": 1769.1639177799225, "_step": 49, "ENV_Test_TotalLoss": 696.9897019566566, "ENV_Test_TotalLoss_epoch0": 211.90846328675687, "ENV_Test_Right action": 0.792832, "ENV_Test_Right action_epoch0": 0.799936, "ENV_Test_Probability to choose the right action": 0.7878494333866537, "ENV_Test_Probability to choose the right action_epoch0": 0.7487190153285767, "ENV_Test_Weighted right action": 0.8189155895813353, "ENV_Test_Weighted right action_epoch0": 0.8346437934723051, "ENV_Test_Weighted probability to choose the right action:": 0.8137864611092255, "ENV_Test_Weighted probability to choose the right action:_epoch0": 0.7778065151047964, "ENV_Test_proba_accuracy": 0.7878494333866551, "ENV_Test_proba_accuracy_epoch0": 0.7487190153285759, "ENV_Test_proba_accuracy_strategy_132": 0.8281914921630757, "ENV_Test_proba_accuracy_strategy_132_epoch0": 0.7891474195673861, "ENV_Test_proba_accuracy_strategy_23": 0.7944039730909119, "ENV_Test_proba_accuracy_strategy_23_epoch0": 0.7525226415321282, "ENV_Test_proba_accuracy_strategy_107": 0.833012058658356, "ENV_Test_proba_accuracy_strategy_107_epoch0": 0.8018383534902799, "ENV_Test_proba_accuracy_strategy_43": 0.7752695593185956, "ENV_Test_proba_accuracy_strategy_43_epoch0": 0.7472210955320288, "ENV_Test_proba_accuracy_strategy_17": 0.759107603300718, "ENV_Test_proba_accuracy_strategy_17_epoch0": 0.7190837404034527, "ENV_Test_proba_accuracy_strategy_93": 0.7944998310699338, "ENV_Test_proba_accuracy_strategy_93_epoch0": 0.7540245317743715, "ENV_Test_proba_accuracy_per_mean_strategy": 0.7974140862669318, "ENV_Test_proba_accuracy_per_mean_strategy_epoch0": 0.7606396303832744, "ENV_Test_proba_accuracy_per_mean_user": 0.7970546154295948, "ENV_Test_proba_accuracy_per_mean_user_epoch0": 0.7593247577396056, "ENV_Test_proba_accuracy_per_mean_user_and_bot": 0.8137864611092263, "ENV_Test_proba_accuracy_per_mean_user_and_bot_epoch0": 0.7778065151047965, "ENV_Test_accuracy": 0.792832, "ENV_Test_accuracy_epoch0": 0.799936, "ENV_Test_accuracy_strategy_132": 0.8322946175637393, "ENV_Test_accuracy_strategy_132_epoch0": 0.8458923512747876, "ENV_Test_accuracy_strategy_23": 0.7983519146873486, "ENV_Test_accuracy_strategy_23_epoch0": 0.8025529164646954, "ENV_Test_accuracy_strategy_107": 0.8407224958949097, "ENV_Test_accuracy_strategy_107_epoch0": 0.8653530377668309, "ENV_Test_accuracy_strategy_43": 0.7767175572519084, "ENV_Test_accuracy_strategy_43_epoch0": 0.8008905852417303, "ENV_Test_accuracy_strategy_17": 0.7665607985480943, "ENV_Test_accuracy_strategy_17_epoch0": 0.7688294010889292, "ENV_Test_accuracy_strategy_93": 0.800369685767098, "ENV_Test_accuracy_strategy_93_epoch0": 0.7985212569316081, "ENV_Test_accuracy_per_mean_strategy": 0.802502844952183, "ENV_Test_accuracy_per_mean_strategy_epoch0": 0.8136732581280969, "ENV_Test_accuracy_per_mean_user": 0.8025326167419623, "ENV_Test_accuracy_per_mean_user_epoch0": 0.8123057362832224, "ENV_Test_accuracy_per_mean_user_and_bot": 0.8189155895813364, "ENV_Test_accuracy_per_mean_user_and_bot_epoch0": 0.8346437934723054, "ENV_Train_TotalLoss_epoch1": 880.5772211612281, "ENV_Train_Right action_epoch1": 0.817237813059034, "ENV_Train_Probability to choose the right action_epoch1": 0.748421130677509, "ENV_Train_Weighted right action_epoch1": 0.817237813059034, "ENV_Train_Weighted probability to choose the right action:_epoch1": 0.748421130677509, "ENV_Test_TotalLoss_epoch1": 198.6375011039058, "ENV_Test_Right action_epoch1": 0.813824, "ENV_Test_Probability to choose the right action_epoch1": 0.7521334440460127, "ENV_Test_Weighted right action_epoch1": 0.8475199194117704, "ENV_Test_Weighted probability to choose the right action:_epoch1": 0.7801882280271215, "ENV_Test_proba_accuracy_epoch1": 0.7521334440460126, "ENV_Test_proba_accuracy_strategy_132_epoch1": 0.793125209906919, "ENV_Test_proba_accuracy_strategy_23_epoch1": 0.7563901555788091, "ENV_Test_proba_accuracy_strategy_107_epoch1": 0.7974769746122325, "ENV_Test_proba_accuracy_strategy_43_epoch1": 0.7441001501247755, "ENV_Test_proba_accuracy_strategy_17_epoch1": 0.7250023328148961, "ENV_Test_proba_accuracy_strategy_93_epoch1": 0.7575981499749778, "ENV_Test_proba_accuracy_per_mean_strategy_epoch1": 0.7622821621687684, "ENV_Test_proba_accuracy_per_mean_user_epoch1": 0.7629996884470557, "ENV_Test_proba_accuracy_per_mean_user_and_bot_epoch1": 0.780188228027123, "ENV_Test_accuracy_epoch1": 0.813824, "ENV_Test_accuracy_strategy_132_epoch1": 0.8538243626062323, "ENV_Test_accuracy_strategy_23_epoch1": 0.8172564226854095, "ENV_Test_accuracy_strategy_107_epoch1": 0.8620689655172413, "ENV_Test_accuracy_strategy_43_epoch1": 0.8110687022900763, "ENV_Test_accuracy_strategy_17_epoch1": 0.7828947368421053, "ENV_Test_accuracy_strategy_93_epoch1": 0.8317929759704251, "ENV_Test_accuracy_per_mean_strategy_epoch1": 0.8264843609852482, "ENV_Test_accuracy_per_mean_user_epoch1": 0.8267280604929775, "ENV_Test_accuracy_per_mean_user_and_bot_epoch1": 0.8475199194117706, "ENV_Train_TotalLoss_epoch2": 834.3960436658689, "ENV_Train_Right action_epoch2": 0.82783058428851, "ENV_Train_Probability to choose the right action_epoch2": 0.7617709925287425, "ENV_Train_Weighted right action_epoch2": 0.82783058428851, "ENV_Train_Weighted probability to choose the right action:_epoch2": 0.7617709925287425, "ENV_Test_TotalLoss_epoch2": 201.2806802306632, "ENV_Test_Right action_epoch2": 0.816512, "ENV_Test_Probability to choose the right action_epoch2": 0.7754471408458106, "ENV_Test_Weighted right action_epoch2": 0.8471394011092003, "ENV_Test_Weighted probability to choose the right action:_epoch2": 0.8047216871191967, "ENV_Test_proba_accuracy_epoch2": 0.7754471408458108, "ENV_Test_proba_accuracy_strategy_132_epoch2": 0.816195925429733, "ENV_Test_proba_accuracy_strategy_23_epoch2": 0.7806263597766322, "ENV_Test_proba_accuracy_strategy_107_epoch2": 0.8232430267791838, "ENV_Test_proba_accuracy_strategy_43_epoch2": 0.7680995800932889, "ENV_Test_proba_accuracy_strategy_17_epoch2": 0.7460334194643576, "ENV_Test_proba_accuracy_strategy_93_epoch2": 0.7829541316642092, "ENV_Test_proba_accuracy_per_mean_strategy_epoch2": 0.7861920738679009, "ENV_Test_proba_accuracy_per_mean_user_epoch2": 0.7868276898665257, "ENV_Test_proba_accuracy_per_mean_user_and_bot_epoch2": 0.8047216871191971, "ENV_Test_accuracy_epoch2": 0.816512, "ENV_Test_accuracy_strategy_132_epoch2": 0.856657223796034, "ENV_Test_accuracy_strategy_23_epoch2": 0.8240426563257393, "ENV_Test_accuracy_strategy_107_epoch2": 0.8571428571428571, "ENV_Test_accuracy_strategy_43_epoch2": 0.8161577608142494, "ENV_Test_accuracy_strategy_17_epoch2": 0.7822141560798548, "ENV_Test_accuracy_strategy_93_epoch2": 0.8253234750462107, "ENV_Test_accuracy_per_mean_strategy_epoch2": 0.8269230215341575, "ENV_Test_accuracy_per_mean_user_epoch2": 0.8269036177471087, "ENV_Test_accuracy_per_mean_user_and_bot_epoch2": 0.8471394011091999, "ENV_Train_TotalLoss_epoch3": 787.7944667018256, "ENV_Train_Right action_epoch3": 0.838705619233995, "ENV_Train_Probability to choose the right action_epoch3": 0.7750466730710518, "ENV_Train_Weighted right action_epoch3": 0.838705619233995, "ENV_Train_Weighted probability to choose the right action:_epoch3": 0.7750466730710518, "ENV_Test_TotalLoss_epoch3": 206.6240091091474, "ENV_Test_Right action_epoch3": 0.815232, "ENV_Test_Probability to choose the right action_epoch3": 0.7739970354418371, "ENV_Test_Weighted right action_epoch3": 0.849404158714075, "ENV_Test_Weighted probability to choose the right action:_epoch3": 0.8087438051987189, "ENV_Test_proba_accuracy_epoch3": 0.7739970354418371, "ENV_Test_proba_accuracy_strategy_132_epoch3": 0.8194218605932653, "ENV_Test_proba_accuracy_strategy_23_epoch3": 0.7771231930486087, "ENV_Test_proba_accuracy_strategy_107_epoch3": 0.8342804292681136, "ENV_Test_proba_accuracy_strategy_43_epoch3": 0.7671089219001591, "ENV_Test_proba_accuracy_strategy_17_epoch3": 0.7440022256551754, "ENV_Test_proba_accuracy_strategy_93_epoch3": 0.7802909757064754, "ENV_Test_proba_accuracy_per_mean_strategy_epoch3": 0.7870379343619662, "ENV_Test_proba_accuracy_per_mean_user_epoch3": 0.7871559768102218, "ENV_Test_proba_accuracy_per_mean_user_and_bot_epoch3": 0.8087438051987176, "ENV_Test_accuracy_epoch3": 0.815232, "ENV_Test_accuracy_strategy_132_epoch3": 0.8543909348441926, "ENV_Test_accuracy_strategy_23_epoch3": 0.8240426563257393, "ENV_Test_accuracy_strategy_107_epoch3": 0.8735632183908046, "ENV_Test_accuracy_strategy_43_epoch3": 0.8021628498727735, "ENV_Test_accuracy_strategy_17_epoch3": 0.7803992740471869, "ENV_Test_accuracy_strategy_93_epoch3": 0.8290203327171903, "ENV_Test_accuracy_per_mean_strategy_epoch3": 0.8272632110329813, "ENV_Test_accuracy_per_mean_user_epoch3": 0.8265459949719473, "ENV_Test_accuracy_per_mean_user_and_bot_epoch3": 0.8494041587140752, "ENV_Train_TotalLoss_epoch4": 747.2490687800686, "ENV_Train_Right action_epoch4": 0.8479202772963604, "ENV_Train_Probability to choose the right action_epoch4": 0.7875146118396666, "ENV_Train_Weighted right action_epoch4": 0.8479202772963604, "ENV_Train_Weighted probability to choose the right action:_epoch4": 0.7875146118396666, "ENV_Test_TotalLoss_epoch4": 222.97238267078512, "ENV_Test_Right action_epoch4": 0.814592, "ENV_Test_Probability to choose the right action_epoch4": 0.7807887907116395, "ENV_Test_Weighted right action_epoch4": 0.8427447963869568, "ENV_Test_Weighted probability to choose the right action:_epoch4": 0.8092746695325035, "ENV_Test_proba_accuracy_epoch4": 0.7807887907116404, "ENV_Test_proba_accuracy_strategy_132_epoch4": 0.8216018915936624, "ENV_Test_proba_accuracy_strategy_23_epoch4": 0.7886646930199726, "ENV_Test_proba_accuracy_strategy_107_epoch4": 0.8338453973102615, "ENV_Test_proba_accuracy_strategy_43_epoch4": 0.769130306781597, "ENV_Test_proba_accuracy_strategy_17_epoch4": 0.7486733277176784, "ENV_Test_proba_accuracy_strategy_93_epoch4": 0.7870748736634114, "ENV_Test_proba_accuracy_per_mean_strategy_epoch4": 0.7914984150144305, "ENV_Test_proba_accuracy_per_mean_user_epoch4": 0.7912320490856699, "ENV_Test_proba_accuracy_per_mean_user_and_bot_epoch4": 0.8092746695325042, "ENV_Test_accuracy_epoch4": 0.814592, "ENV_Test_accuracy_strategy_132_epoch4": 0.8504249291784702, "ENV_Test_accuracy_strategy_23_epoch4": 0.8275973501373405, "ENV_Test_accuracy_strategy_107_epoch4": 0.8735632183908046, "ENV_Test_accuracy_strategy_43_epoch4": 0.799618320610687, "ENV_Test_accuracy_strategy_17_epoch4": 0.7772232304900182, "ENV_Test_accuracy_strategy_93_epoch4": 0.822550831792976, "ENV_Test_accuracy_per_mean_strategy_epoch4": 0.8251629801000494, "ENV_Test_accuracy_per_mean_user_epoch4": 0.8232475981203236, "ENV_Test_accuracy_per_mean_user_and_bot_epoch4": 0.8427447963869568, "ENV_Train_TotalLoss_epoch5": 708.8636537894804, "ENV_Train_Right action_epoch5": 0.8569312258046483, "ENV_Train_Probability to choose the right action_epoch5": 0.7991736824051989, "ENV_Train_Weighted right action_epoch5": 0.8569312258046483, "ENV_Train_Weighted probability to choose the right action:_epoch5": 0.7991736824051989, "ENV_Test_TotalLoss_epoch5": 211.76732229618807, "ENV_Test_Right action_epoch5": 0.818816, "ENV_Test_Probability to choose the right action_epoch5": 0.778999988810283, "ENV_Test_Weighted right action_epoch5": 0.8508335027655798, "ENV_Test_Weighted probability to choose the right action:_epoch5": 0.8080177353966307, "ENV_Test_proba_accuracy_epoch5": 0.7789999888102837, "ENV_Test_proba_accuracy_strategy_132_epoch5": 0.8170175774268803, "ENV_Test_proba_accuracy_strategy_23_epoch5": 0.7871516937781486, "ENV_Test_proba_accuracy_strategy_107_epoch5": 0.8271554472432372, "ENV_Test_proba_accuracy_strategy_43_epoch5": 0.7635599174322488, "ENV_Test_proba_accuracy_strategy_17_epoch5": 0.7496550354415351, "ENV_Test_proba_accuracy_strategy_93_epoch5": 0.7852344865141987, "ENV_Test_proba_accuracy_per_mean_strategy_epoch5": 0.7882956929727082, "ENV_Test_proba_accuracy_per_mean_user_epoch5": 0.7897532082718689, "ENV_Test_proba_accuracy_per_mean_user_and_bot_epoch5": 0.8080177353966316, "ENV_Test_accuracy_epoch5": 0.818816, "ENV_Test_accuracy_strategy_132_epoch5": 0.8498583569405099, "ENV_Test_accuracy_strategy_23_epoch5": 0.8298594280174503, "ENV_Test_accuracy_strategy_107_epoch5": 0.8735632183908046, "ENV_Test_accuracy_strategy_43_epoch5": 0.8072519083969466, "ENV_Test_accuracy_strategy_17_epoch5": 0.7851633393829401, "ENV_Test_accuracy_strategy_93_epoch5": 0.8280961182994455, "ENV_Test_accuracy_per_mean_strategy_epoch5": 0.8289653949046829, "ENV_Test_accuracy_per_mean_user_epoch5": 0.8291827155892639, "ENV_Test_accuracy_per_mean_user_and_bot_epoch5": 0.8508335027655798, "ENV_Train_TotalLoss_epoch6": 663.4895203697688, "ENV_Train_Right action_epoch6": 0.8663303380521822, "ENV_Train_Probability to choose the right action_epoch6": 0.8119368851492142, "ENV_Train_Weighted right action_epoch6": 0.8663303380521822, "ENV_Train_Weighted probability to choose the right action:_epoch6": 0.8119368851492142, "ENV_Test_TotalLoss_epoch6": 238.87987925736508, "ENV_Test_Right action_epoch6": 0.810752, "ENV_Test_Probability to choose the right action_epoch6": 0.784190075848459, "ENV_Test_Weighted right action_epoch6": 0.8409098316307427, "ENV_Test_Weighted probability to choose the right action:_epoch6": 0.8168185270673558, "ENV_Test_proba_accuracy_epoch6": 0.7841900758484583, "ENV_Test_proba_accuracy_strategy_132_epoch6": 0.8263094249883036, "ENV_Test_proba_accuracy_strategy_23_epoch6": 0.7899755302970347, "ENV_Test_proba_accuracy_strategy_107_epoch6": 0.8402513210374508, "ENV_Test_proba_accuracy_strategy_43_epoch6": 0.7738513860753965, "ENV_Test_proba_accuracy_strategy_17_epoch6": 0.7526064570744782, "ENV_Test_proba_accuracy_strategy_93_epoch6": 0.7945273075904132, "ENV_Test_proba_accuracy_per_mean_strategy_epoch6": 0.7962535711771794, "ENV_Test_proba_accuracy_per_mean_user_epoch6": 0.7959463383492378, "ENV_Test_proba_accuracy_per_mean_user_and_bot_epoch6": 0.8168185270673561, "ENV_Test_accuracy_epoch6": 0.810752, "ENV_Test_accuracy_strategy_132_epoch6": 0.8458923512747876, "ENV_Test_accuracy_strategy_23_epoch6": 0.8214574244627565, "ENV_Test_accuracy_strategy_107_epoch6": 0.8702791461412152, "ENV_Test_accuracy_strategy_43_epoch6": 0.7951653944020356, "ENV_Test_accuracy_strategy_17_epoch6": 0.7769963702359347, "ENV_Test_accuracy_strategy_93_epoch6": 0.8188539741219963, "ENV_Test_accuracy_per_mean_strategy_epoch6": 0.821440776773121, "ENV_Test_accuracy_per_mean_user_epoch6": 0.820390260692709, "ENV_Test_accuracy_per_mean_user_and_bot_epoch6": 0.840909831630743, "ENV_Train_TotalLoss_epoch7": 627.7917520312118, "ENV_Train_Right action_epoch7": 0.874517752306402, "ENV_Train_Probability to choose the right action_epoch7": 0.8232540531687694, "ENV_Train_Weighted right action_epoch7": 0.874517752306402, "ENV_Train_Weighted probability to choose the right action:_epoch7": 0.8232540531687694, "ENV_Test_TotalLoss_epoch7": 247.51847728485808, "ENV_Test_Right action_epoch7": 0.806208, "ENV_Test_Probability to choose the right action_epoch7": 0.7813154322436969, "ENV_Test_Weighted right action_epoch7": 0.8370467481587358, "ENV_Test_Weighted probability to choose the right action:_epoch7": 0.8084091691811565, "ENV_Test_proba_accuracy_epoch7": 0.7813154322436969, "ENV_Test_proba_accuracy_strategy_132_epoch7": 0.8201529155904607, "ENV_Test_proba_accuracy_strategy_23_epoch7": 0.7897072738419192, "ENV_Test_proba_accuracy_strategy_107_epoch7": 0.8294471542978498, "ENV_Test_proba_accuracy_strategy_43_epoch7": 0.7695065339808057, "ENV_Test_proba_accuracy_strategy_17_epoch7": 0.7500431056210073, "ENV_Test_proba_accuracy_strategy_93_epoch7": 0.7874286663773972, "ENV_Test_proba_accuracy_per_mean_strategy_epoch7": 0.7910476082849066, "ENV_Test_proba_accuracy_per_mean_user_epoch7": 0.7906036732266125, "ENV_Test_proba_accuracy_per_mean_user_and_bot_epoch7": 0.8084091691811566, "ENV_Test_accuracy_epoch7": 0.806208, "ENV_Test_accuracy_strategy_132_epoch7": 0.8447592067988668, "ENV_Test_accuracy_strategy_23_epoch7": 0.818549038616901, "ENV_Test_accuracy_strategy_107_epoch7": 0.8538587848932676, "ENV_Test_accuracy_strategy_43_epoch7": 0.7983460559796438, "ENV_Test_accuracy_strategy_17_epoch7": 0.7683756805807622, "ENV_Test_accuracy_strategy_93_epoch7": 0.8114602587800369, "ENV_Test_accuracy_per_mean_strategy_epoch7": 0.8158915042749131, "ENV_Test_accuracy_per_mean_user_epoch7": 0.8167622803442224, "ENV_Test_accuracy_per_mean_user_and_bot_epoch7": 0.8370467481587357, "ENV_Train_TotalLoss_epoch8": 582.305086947873, "ENV_Train_Right action_epoch8": 0.8843370127148247, "ENV_Train_Probability to choose the right action_epoch8": 0.8361096049175027, "ENV_Train_Weighted right action_epoch8": 0.8843370127148247, "ENV_Train_Weighted probability to choose the right action:_epoch8": 0.8361096049175027, "ENV_Test_TotalLoss_epoch8": 289.08953658077394, "ENV_Test_Right action_epoch8": 0.808448, "ENV_Test_Probability to choose the right action_epoch8": 0.7875794044831681, "ENV_Test_Weighted right action_epoch8": 0.8349192994763593, "ENV_Test_Weighted probability to choose the right action:_epoch8": 0.8167373056529019, "ENV_Test_proba_accuracy_epoch8": 0.7875794044831674, "ENV_Test_proba_accuracy_strategy_132_epoch8": 0.8262839858346137, "ENV_Test_proba_accuracy_strategy_23_epoch8": 0.7950480622873611, "ENV_Test_proba_accuracy_strategy_107_epoch8": 0.8331430832678698, "ENV_Test_proba_accuracy_strategy_43_epoch8": 0.7804081173978962, "ENV_Test_proba_accuracy_strategy_17_epoch8": 0.7573831716552308, "ENV_Test_proba_accuracy_strategy_93_epoch8": 0.7895136632523447, "ENV_Test_proba_accuracy_per_mean_strategy_epoch8": 0.7969633472825528, "ENV_Test_proba_accuracy_per_mean_user_epoch8": 0.7980223848199077, "ENV_Test_proba_accuracy_per_mean_user_and_bot_epoch8": 0.8167373056529011, "ENV_Test_accuracy_epoch8": 0.808448, "ENV_Test_accuracy_strategy_132_epoch8": 0.8413597733711048, "ENV_Test_accuracy_strategy_23_epoch8": 0.818549038616901, "ENV_Test_accuracy_strategy_107_epoch8": 0.8472906403940886, "ENV_Test_accuracy_strategy_43_epoch8": 0.8034351145038168, "ENV_Test_accuracy_strategy_17_epoch8": 0.7790381125226861, "ENV_Test_accuracy_strategy_93_epoch8": 0.8022181146025879, "ENV_Test_accuracy_per_mean_strategy_epoch8": 0.8153151323351975, "ENV_Test_accuracy_per_mean_user_epoch8": 0.8181250437257035, "ENV_Test_accuracy_per_mean_user_and_bot_epoch8": 0.8349192994763598, "ENV_Train_TotalLoss_epoch9": 545.6656943011271, "ENV_Train_Right action_epoch9": 0.8920603857981548, "ENV_Train_Probability to choose the right action_epoch9": 0.8472848797121135, "ENV_Train_Weighted right action_epoch9": 0.8920603857981548, "ENV_Train_Weighted probability to choose the right action:_epoch9": 0.8472848797121135, "ENV_Test_TotalLoss_epoch9": 273.91839823250535, "ENV_Test_Right action_epoch9": 0.808704, "ENV_Test_Probability to choose the right action_epoch9": 0.7858720642196396, "ENV_Test_Weighted right action_epoch9": 0.8438121717329128, "ENV_Test_Weighted probability to choose the right action:_epoch9": 0.8187665683117531, "ENV_Test_proba_accuracy_epoch9": 0.7858720642196401, "ENV_Test_proba_accuracy_strategy_132_epoch9": 0.8267075661702298, "ENV_Test_proba_accuracy_strategy_23_epoch9": 0.7919168464148231, "ENV_Test_proba_accuracy_strategy_107_epoch9": 0.8424556970404251, "ENV_Test_proba_accuracy_strategy_43_epoch9": 0.7777072284286185, "ENV_Test_proba_accuracy_strategy_17_epoch9": 0.7551525720429942, "ENV_Test_proba_accuracy_strategy_93_epoch9": 0.7898474736849861, "ENV_Test_proba_accuracy_per_mean_strategy_epoch9": 0.797297897297013, "ENV_Test_proba_accuracy_per_mean_user_epoch9": 0.7966808949057437, "ENV_Test_proba_accuracy_per_mean_user_and_bot_epoch9": 0.8187665683117527, "ENV_Test_accuracy_epoch9": 0.808704, "ENV_Test_accuracy_strategy_132_epoch9": 0.8453257790368272, "ENV_Test_accuracy_strategy_23_epoch9": 0.8148327678138633, "ENV_Test_accuracy_strategy_107_epoch9": 0.8669950738916257, "ENV_Test_accuracy_strategy_43_epoch9": 0.80470737913486, "ENV_Test_accuracy_strategy_17_epoch9": 0.7772232304900182, "ENV_Test_accuracy_strategy_93_epoch9": 0.8151571164510166, "ENV_Test_accuracy_per_mean_strategy_epoch9": 0.8207068911363685, "ENV_Test_accuracy_per_mean_user_epoch9": 0.8196142470719538, "ENV_Test_accuracy_per_mean_user_and_bot_epoch9": 0.8438121717329122, "ENV_Train_TotalLoss_epoch10": 502.62746391747936, "ENV_Train_Right action_epoch10": 0.900670953312832, "ENV_Train_Probability to choose the right action_epoch10": 0.8595832596819633, "ENV_Train_Weighted right action_epoch10": 0.900670953312832, "ENV_Train_Weighted probability to choose the right action:_epoch10": 0.8595832596819633, "ENV_Test_TotalLoss_epoch10": 321.92128745661944, "ENV_Test_Right action_epoch10": 0.803072, "ENV_Test_Probability to choose the right action_epoch10": 0.7845151932405292, "ENV_Test_Weighted right action_epoch10": 0.8313739004709657, "ENV_Test_Weighted probability to choose the right action:_epoch10": 0.8117952005487195, "ENV_Test_proba_accuracy_epoch10": 0.7845151932405297, "ENV_Test_proba_accuracy_strategy_132_epoch10": 0.8220217221495776, "ENV_Test_proba_accuracy_strategy_23_epoch10": 0.7923589396334262, "ENV_Test_proba_accuracy_strategy_107_epoch10": 0.8243702891839902, "ENV_Test_proba_accuracy_strategy_43_epoch10": 0.7713285024980872, "ENV_Test_proba_accuracy_strategy_17_epoch10": 0.7576921737332325, "ENV_Test_proba_accuracy_strategy_93_epoch10": 0.7844686354361032, "ENV_Test_proba_accuracy_per_mean_strategy_epoch10": 0.7920400437724028, "ENV_Test_proba_accuracy_per_mean_user_epoch10": 0.7936655958605985, "ENV_Test_proba_accuracy_per_mean_user_and_bot_epoch10": 0.8117952005487192, "ENV_Test_accuracy_epoch10": 0.803072, "ENV_Test_accuracy_strategy_132_epoch10": 0.8396600566572238, "ENV_Test_accuracy_strategy_23_epoch10": 0.8098238810793343, "ENV_Test_accuracy_strategy_107_epoch10": 0.8505747126436781, "ENV_Test_accuracy_strategy_43_epoch10": 0.7951653944020356, "ENV_Test_accuracy_strategy_17_epoch10": 0.7774500907441017, "ENV_Test_accuracy_strategy_93_epoch10": 0.7939001848428835, "ENV_Test_accuracy_per_mean_strategy_epoch10": 0.8110957200615428, "ENV_Test_accuracy_per_mean_user_epoch10": 0.812246874571202, "ENV_Test_accuracy_per_mean_user_and_bot_epoch10": 0.8313739004709668, "ENV_Train_TotalLoss_epoch11": 474.07041451897305, "ENV_Train_Right action_epoch11": 0.9071860890957633, "ENV_Train_Probability to choose the right action_epoch11": 0.8681712881139216, "ENV_Train_Weighted right action_epoch11": 0.9071860890957633, "ENV_Train_Weighted probability to choose the right action:_epoch11": 0.8681712881139216, "ENV_Test_TotalLoss_epoch11": 359.1552559594483, "ENV_Test_Right action_epoch11": 0.800768, "ENV_Test_Probability to choose the right action_epoch11": 0.7878599846694995, "ENV_Test_Weighted right action_epoch11": 0.8254100234025398, "ENV_Test_Weighted probability to choose the right action:_epoch11": 0.8144622204221094, "ENV_Test_proba_accuracy_epoch11": 0.7878599846694992, "ENV_Test_proba_accuracy_strategy_132_epoch11": 0.8264541831870583, "ENV_Test_proba_accuracy_strategy_23_epoch11": 0.795413659039258, "ENV_Test_proba_accuracy_strategy_107_epoch11": 0.829406191508353, "ENV_Test_proba_accuracy_strategy_43_epoch11": 0.7798881961691344, "ENV_Test_proba_accuracy_strategy_17_epoch11": 0.758243362452229, "ENV_Test_proba_accuracy_strategy_93_epoch11": 0.7905509562346659, "ENV_Test_proba_accuracy_per_mean_strategy_epoch11": 0.7966594247651164, "ENV_Test_proba_accuracy_per_mean_user_epoch11": 0.7992771040841664, "ENV_Test_proba_accuracy_per_mean_user_and_bot_epoch11": 0.8144622204221099, "ENV_Test_accuracy_epoch11": 0.800768, "ENV_Test_accuracy_strategy_132_epoch11": 0.8379603399433427, "ENV_Test_accuracy_strategy_23_epoch11": 0.8088544191307158, "ENV_Test_accuracy_strategy_107_epoch11": 0.8390804597701149, "ENV_Test_accuracy_strategy_43_epoch11": 0.7964376590330788, "ENV_Test_accuracy_strategy_17_epoch11": 0.7708711433756806, "ENV_Test_accuracy_strategy_93_epoch11": 0.800369685767098, "ENV_Test_accuracy_per_mean_strategy_epoch11": 0.8089289511700052, "ENV_Test_accuracy_per_mean_user_epoch11": 0.8114145835722698, "ENV_Test_accuracy_per_mean_user_and_bot_epoch11": 0.8254100234025409, "ENV_Train_TotalLoss_epoch12": 431.0084185433891, "ENV_Train_Right action_epoch12": 0.9156070979460668, "ENV_Train_Probability to choose the right action_epoch12": 0.8806199305317965, "ENV_Train_Weighted right action_epoch12": 0.9156070979460668, "ENV_Train_Weighted probability to choose the right action:_epoch12": 0.8806199305317965, "ENV_Test_TotalLoss_epoch12": 354.781836484317, "ENV_Test_Right action_epoch12": 0.796672, "ENV_Test_Probability to choose the right action_epoch12": 0.7824875550830344, "ENV_Test_Weighted right action_epoch12": 0.8265926480492256, "ENV_Test_Weighted probability to choose the right action:_epoch12": 0.8131472669486003, "ENV_Test_proba_accuracy_epoch12": 0.7824875550830342, "ENV_Test_proba_accuracy_strategy_132_epoch12": 0.8213867621945881, "ENV_Test_proba_accuracy_strategy_23_epoch12": 0.7885955473534283, "ENV_Test_proba_accuracy_strategy_107_epoch12": 0.8329870791710696, "ENV_Test_proba_accuracy_strategy_43_epoch12": 0.7751084628180401, "ENV_Test_proba_accuracy_strategy_17_epoch12": 0.7536736409221173, "ENV_Test_proba_accuracy_strategy_93_epoch12": 0.7837795992409994, "ENV_Test_proba_accuracy_per_mean_strategy_epoch12": 0.7925885152833737, "ENV_Test_proba_accuracy_per_mean_user_epoch12": 0.7933979947610131, "ENV_Test_proba_accuracy_per_mean_user_and_bot_epoch12": 0.8131472669486002, "ENV_Test_accuracy_epoch12": 0.796672, "ENV_Test_accuracy_strategy_132_epoch12": 0.831728045325779, "ENV_Test_accuracy_strategy_23_epoch12": 0.8030376474390046, "ENV_Test_accuracy_strategy_107_epoch12": 0.8407224958949097, "ENV_Test_accuracy_strategy_43_epoch12": 0.7913486005089059, "ENV_Test_accuracy_strategy_17_epoch12": 0.7699637023593466, "ENV_Test_accuracy_strategy_93_epoch12": 0.7948243992606284, "ENV_Test_accuracy_per_mean_strategy_epoch12": 0.8052708151314291, "ENV_Test_accuracy_per_mean_user_epoch12": 0.8076764597142967, "ENV_Test_accuracy_per_mean_user_and_bot_epoch12": 0.8265926480492253, "ENV_Train_TotalLoss_epoch13": 400.2348450756227, "ENV_Train_Right action_epoch13": 0.9228318287263478, "ENV_Train_Probability to choose the right action_epoch13": 0.8893513026918657, "ENV_Train_Weighted right action_epoch13": 0.9228318287263478, "ENV_Train_Weighted probability to choose the right action:_epoch13": 0.8893513026918657, "ENV_Test_TotalLoss_epoch13": 391.5799846318693, "ENV_Test_Right action_epoch13": 0.795968, "ENV_Test_Probability to choose the right action_epoch13": 0.7828997041453595, "ENV_Test_Weighted right action_epoch13": 0.8274151480599884, "ENV_Test_Weighted probability to choose the right action:_epoch13": 0.8152379915858464, "ENV_Test_proba_accuracy_epoch13": 0.7828997041453598, "ENV_Test_proba_accuracy_strategy_132_epoch13": 0.8222696555175051, "ENV_Test_proba_accuracy_strategy_23_epoch13": 0.7889319679830188, "ENV_Test_proba_accuracy_strategy_107_epoch13": 0.8459667337973947, "ENV_Test_proba_accuracy_strategy_43_epoch13": 0.7774291299718561, "ENV_Test_proba_accuracy_strategy_17_epoch13": 0.7511104513140899, "ENV_Test_proba_accuracy_strategy_93_epoch13": 0.7861319619640199, "ENV_Test_proba_accuracy_per_mean_strategy_epoch13": 0.7953066500913141, "ENV_Test_proba_accuracy_per_mean_user_epoch13": 0.793696854373373, "ENV_Test_proba_accuracy_per_mean_user_and_bot_epoch13": 0.8152379915858469, "ENV_Test_accuracy_epoch13": 0.795968, "ENV_Test_accuracy_strategy_132_epoch13": 0.8385269121813032, "ENV_Test_accuracy_strategy_23_epoch13": 0.8022297624818225, "ENV_Test_accuracy_strategy_107_epoch13": 0.8555008210180624, "ENV_Test_accuracy_strategy_43_epoch13": 0.7868956743002544, "ENV_Test_accuracy_strategy_17_epoch13": 0.76497277676951, "ENV_Test_accuracy_strategy_93_epoch13": 0.7966728280961183, "ENV_Test_accuracy_per_mean_strategy_epoch13": 0.8074664624745117, "ENV_Test_accuracy_per_mean_user_epoch13": 0.8069232444441408, "ENV_Test_accuracy_per_mean_user_and_bot_epoch13": 0.8274151480599892, "ENV_Train_TotalLoss_epoch14": 366.666819496715, "ENV_Train_Right action_epoch14": 0.9299071951696763, "ENV_Train_Probability to choose the right action_epoch14": 0.8992287842090068, "ENV_Train_Weighted right action_epoch14": 0.9299071951696763, "ENV_Train_Weighted probability to choose the right action:_epoch14": 0.8992287842090068, "ENV_Test_TotalLoss_epoch14": 433.12661204187583, "ENV_Test_Right action_epoch14": 0.79808, "ENV_Test_Probability to choose the right action_epoch14": 0.7886065512520094, "ENV_Test_Weighted right action_epoch14": 0.830080310377455, "ENV_Test_Weighted probability to choose the right action:_epoch14": 0.8196947100862595, "ENV_Test_proba_accuracy_epoch14": 0.7886065512520106, "ENV_Test_proba_accuracy_strategy_132_epoch14": 0.8277651971366294, "ENV_Test_proba_accuracy_strategy_23_epoch14": 0.7953548440238348, "ENV_Test_proba_accuracy_strategy_107_epoch14": 0.8312069523543447, "ENV_Test_proba_accuracy_strategy_43_epoch14": 0.7850954311905021, "ENV_Test_proba_accuracy_strategy_17_epoch14": 0.7582478781961686, "ENV_Test_proba_accuracy_strategy_93_epoch14": 0.7909324970416134, "ENV_Test_proba_accuracy_per_mean_strategy_epoch14": 0.7981004666571822, "ENV_Test_proba_accuracy_per_mean_user_epoch14": 0.8005220894698991, "ENV_Test_proba_accuracy_per_mean_user_and_bot_epoch14": 0.8196947100862579, "ENV_Test_accuracy_epoch14": 0.79808, "ENV_Test_accuracy_strategy_132_epoch14": 0.8351274787535411, "ENV_Test_accuracy_strategy_23_epoch14": 0.8046534173533689, "ENV_Test_accuracy_strategy_107_epoch14": 0.8472906403940886, "ENV_Test_accuracy_strategy_43_epoch14": 0.7989821882951654, "ENV_Test_accuracy_strategy_17_epoch14": 0.7676950998185118, "ENV_Test_accuracy_strategy_93_epoch14": 0.7948243992606284, "ENV_Test_accuracy_per_mean_strategy_epoch14": 0.8080955373125507, "ENV_Test_accuracy_per_mean_user_epoch14": 0.8106127473382351, "ENV_Test_accuracy_per_mean_user_and_bot_epoch14": 0.8300803103774552, "ENV_Train_TotalLoss_epoch15": 335.3074356124673, "ENV_Train_Right action_epoch15": 0.9370492536479007, "ENV_Train_Probability to choose the right action_epoch15": 0.908051143898408, "ENV_Train_Weighted right action_epoch15": 0.9370492536479007, "ENV_Train_Weighted probability to choose the right action:_epoch15": 0.908051143898408, "ENV_Test_TotalLoss_epoch15": 494.0584371658559, "ENV_Test_Right action_epoch15": 0.793408, "ENV_Test_Probability to choose the right action_epoch15": 0.7854952018199393, "ENV_Test_Weighted right action_epoch15": 0.8251477851484782, "ENV_Test_Weighted probability to choose the right action:_epoch15": 0.8179341322068185, "ENV_Test_proba_accuracy_epoch15": 0.7854952018199379, "ENV_Test_proba_accuracy_strategy_132_epoch15": 0.8245967967549509, "ENV_Test_proba_accuracy_strategy_23_epoch15": 0.790159217365383, "ENV_Test_proba_accuracy_strategy_107_epoch15": 0.8343159608481706, "ENV_Test_proba_accuracy_strategy_43_epoch15": 0.7792627771826504, "ENV_Test_proba_accuracy_strategy_17_epoch15": 0.756124188974383, "ENV_Test_proba_accuracy_strategy_93_epoch15": 0.7962651155295237, "ENV_Test_proba_accuracy_per_mean_strategy_epoch15": 0.7967873427758435, "ENV_Test_proba_accuracy_per_mean_user_epoch15": 0.7969259950542198, "ENV_Test_proba_accuracy_per_mean_user_and_bot_epoch15": 0.8179341322068188, "ENV_Test_accuracy_epoch15": 0.793408, "ENV_Test_accuracy_strategy_132_epoch15": 0.8288951841359773, "ENV_Test_accuracy_strategy_23_epoch15": 0.79738245273873, "ENV_Test_accuracy_strategy_107_epoch15": 0.8390804597701149, "ENV_Test_accuracy_strategy_43_epoch15": 0.7900763358778626, "ENV_Test_accuracy_strategy_17_epoch15": 0.7661070780399274, "ENV_Test_accuracy_strategy_93_epoch15": 0.8031423290203327, "ENV_Test_accuracy_per_mean_strategy_epoch15": 0.8041139732638242, "ENV_Test_accuracy_per_mean_user_epoch15": 0.8040309728412682, "ENV_Test_accuracy_per_mean_user_and_bot_epoch15": 0.8251477851484775, "ENV_Train_TotalLoss_epoch16": 315.75242663110987, "ENV_Train_Right action_epoch16": 0.9406231217589421, "ENV_Train_Probability to choose the right action_epoch16": 0.9144812661091075, "ENV_Train_Weighted right action_epoch16": 0.9406231217589421, "ENV_Train_Weighted probability to choose the right action:_epoch16": 0.9144812661091075, "ENV_Test_TotalLoss_epoch16": 428.36607274289935, "ENV_Test_Right action_epoch16": 0.792768, "ENV_Test_Probability to choose the right action_epoch16": 0.7842085634412511, "ENV_Test_Weighted right action_epoch16": 0.8268067954859382, "ENV_Test_Weighted probability to choose the right action:_epoch16": 0.8168262179202701, "ENV_Test_proba_accuracy_epoch16": 0.7842085634412514, "ENV_Test_proba_accuracy_strategy_132_epoch16": 0.8206842490482567, "ENV_Test_proba_accuracy_strategy_23_epoch16": 0.7874983779552438, "ENV_Test_proba_accuracy_strategy_107_epoch16": 0.8347800914194152, "ENV_Test_proba_accuracy_strategy_43_epoch16": 0.7825082294040431, "ENV_Test_proba_accuracy_strategy_17_epoch16": 0.7576383978569625, "ENV_Test_proba_accuracy_strategy_93_epoch16": 0.7881419343653484, "ENV_Test_proba_accuracy_per_mean_strategy_epoch16": 0.7952085466748781, "ENV_Test_proba_accuracy_per_mean_user_epoch16": 0.7951413462485788, "ENV_Test_proba_accuracy_per_mean_user_and_bot_epoch16": 0.8168262179202702, "ENV_Test_accuracy_epoch16": 0.792768, "ENV_Test_accuracy_strategy_132_epoch16": 0.8277620396600567, "ENV_Test_accuracy_strategy_23_epoch16": 0.7960898368072387, "ENV_Test_accuracy_strategy_107_epoch16": 0.8472906403940886, "ENV_Test_accuracy_strategy_43_epoch16": 0.794529262086514, "ENV_Test_accuracy_strategy_17_epoch16": 0.76497277676951, "ENV_Test_accuracy_strategy_93_epoch16": 0.7966728280961183, "ENV_Test_accuracy_per_mean_strategy_epoch16": 0.8045528973022544, "ENV_Test_accuracy_per_mean_user_epoch16": 0.8041624206395874, "ENV_Test_accuracy_per_mean_user_and_bot_epoch16": 0.8268067954859392, "ENV_Train_TotalLoss_epoch17": 288.2603929273925, "ENV_Train_Right action_epoch17": 0.947231579977355, "ENV_Train_Probability to choose the right action_epoch17": 0.9223106830289469, "ENV_Train_Weighted right action_epoch17": 0.947231579977355, "ENV_Train_Weighted probability to choose the right action:_epoch17": 0.9223106830289469, "ENV_Test_TotalLoss_epoch17": 551.1511632350275, "ENV_Test_Right action_epoch17": 0.797632, "ENV_Test_Probability to choose the right action_epoch17": 0.7892651391357091, "ENV_Test_Weighted right action_epoch17": 0.8304757723572475, "ENV_Test_Weighted probability to choose the right action:_epoch17": 0.8217111917813767, "ENV_Test_proba_accuracy_epoch17": 0.7892651391357083, "ENV_Test_proba_accuracy_strategy_132_epoch17": 0.8336824646515707, "ENV_Test_proba_accuracy_strategy_23_epoch17": 0.7961339188983574, "ENV_Test_proba_accuracy_strategy_107_epoch17": 0.8410096970021376, "ENV_Test_proba_accuracy_strategy_43_epoch17": 0.7760796700265169, "ENV_Test_proba_accuracy_strategy_17_epoch17": 0.7574637614310414, "ENV_Test_proba_accuracy_strategy_93_epoch17": 0.7971099978553332, "ENV_Test_proba_accuracy_per_mean_strategy_epoch17": 0.800246584977493, "ENV_Test_proba_accuracy_per_mean_user_epoch17": 0.8005909858701316, "ENV_Test_proba_accuracy_per_mean_user_and_bot_epoch17": 0.8217111917813772, "ENV_Test_accuracy_epoch17": 0.797632, "ENV_Test_accuracy_strategy_132_epoch17": 0.8441926345609065, "ENV_Test_accuracy_strategy_23_epoch17": 0.8061076102762966, "ENV_Test_accuracy_strategy_107_epoch17": 0.8456486042692939, "ENV_Test_accuracy_strategy_43_epoch17": 0.7779898218829516, "ENV_Test_accuracy_strategy_17_epoch17": 0.7656533575317604, "ENV_Test_accuracy_strategy_93_epoch17": 0.8049907578558225, "ENV_Test_accuracy_per_mean_strategy_epoch17": 0.8074304643961719, "ENV_Test_accuracy_per_mean_user_epoch17": 0.8094773811975084, "ENV_Test_accuracy_per_mean_user_and_bot_epoch17": 0.8304757723572487, "ENV_Train_TotalLoss_epoch18": 259.6313083246871, "ENV_Train_Right action_epoch18": 0.953173704588977, "ENV_Train_Probability to choose the right action_epoch18": 0.9305593637577582, "ENV_Train_Weighted right action_epoch18": 0.953173704588977, "ENV_Train_Weighted probability to choose the right action:_epoch18": 0.9305593637577582, "ENV_Test_TotalLoss_epoch18": 501.73845516941867, "ENV_Test_Right action_epoch18": 0.793792, "ENV_Test_Probability to choose the right action_epoch18": 0.7867806396059915, "ENV_Test_Weighted right action_epoch18": 0.826583514946024, "ENV_Test_Weighted probability to choose the right action:_epoch18": 0.8192176564051882, "ENV_Test_proba_accuracy_epoch18": 0.786780639605992, "ENV_Test_proba_accuracy_strategy_132_epoch18": 0.8294711751893321, "ENV_Test_proba_accuracy_strategy_23_epoch18": 0.7909491741849555, "ENV_Test_proba_accuracy_strategy_107_epoch18": 0.8345213031468361, "ENV_Test_proba_accuracy_strategy_43_epoch18": 0.779126815922055, "ENV_Test_proba_accuracy_strategy_17_epoch18": 0.7595328561488818, "ENV_Test_proba_accuracy_strategy_93_epoch18": 0.7885533941345655, "ENV_Test_proba_accuracy_per_mean_strategy_epoch18": 0.7970257864544377, "ENV_Test_proba_accuracy_per_mean_user_epoch18": 0.7973697341575551, "ENV_Test_proba_accuracy_per_mean_user_and_bot_epoch18": 0.8192176564051896, "ENV_Test_accuracy_epoch18": 0.793792, "ENV_Test_accuracy_strategy_132_epoch18": 0.8339943342776204, "ENV_Test_accuracy_strategy_23_epoch18": 0.7972208757472936, "ENV_Test_accuracy_strategy_107_epoch18": 0.8440065681444991, "ENV_Test_accuracy_strategy_43_epoch18": 0.7919847328244275, "ENV_Test_accuracy_strategy_17_epoch18": 0.7663339382940109, "ENV_Test_accuracy_strategy_93_epoch18": 0.7948243992606284, "ENV_Test_accuracy_per_mean_strategy_epoch18": 0.80472747475808, "ENV_Test_accuracy_per_mean_user_epoch18": 0.8038695114797295, "ENV_Test_accuracy_per_mean_user_and_bot_epoch18": 0.826583514946025, "ENV_Train_TotalLoss_epoch19": 244.5684153053454, "ENV_Train_Right action_epoch19": 0.956535107334526, "ENV_Train_Probability to choose the right action_epoch19": 0.9350845337135547, "ENV_Train_Weighted right action_epoch19": 0.956535107334526, "ENV_Train_Weighted probability to choose the right action:_epoch19": 0.9350845337135547, "ENV_Test_TotalLoss_epoch19": 540.9675718954555, "ENV_Test_Right action_epoch19": 0.793152, "ENV_Test_Probability to choose the right action_epoch19": 0.785947319425046, "ENV_Test_Weighted right action_epoch19": 0.8281513415816161, "ENV_Test_Weighted probability to choose the right action:_epoch19": 0.8205922530152179, "ENV_Test_proba_accuracy_epoch19": 0.7859473194250469, "ENV_Test_proba_accuracy_strategy_132_epoch19": 0.8300968335233484, "ENV_Test_proba_accuracy_strategy_23_epoch19": 0.7910068186177255, "ENV_Test_proba_accuracy_strategy_107_epoch19": 0.84454007474081, "ENV_Test_proba_accuracy_strategy_43_epoch19": 0.7750069137384596, "ENV_Test_proba_accuracy_strategy_17_epoch19": 0.7581601136221249, "ENV_Test_proba_accuracy_strategy_93_epoch19": 0.781108317617565, "ENV_Test_proba_accuracy_per_mean_strategy_epoch19": 0.7966531786433388, "ENV_Test_proba_accuracy_per_mean_user_epoch19": 0.7973230365274842, "ENV_Test_proba_accuracy_per_mean_user_and_bot_epoch19": 0.820592253015219, "ENV_Test_accuracy_epoch19": 0.793152, "ENV_Test_accuracy_strategy_132_epoch19": 0.8328611898016998, "ENV_Test_accuracy_strategy_23_epoch19": 0.7983519146873486, "ENV_Test_accuracy_strategy_107_epoch19": 0.8571428571428571, "ENV_Test_accuracy_strategy_43_epoch19": 0.7843511450381679, "ENV_Test_accuracy_strategy_17_epoch19": 0.7665607985480943, "ENV_Test_accuracy_strategy_93_epoch19": 0.7837338262476895, "ENV_Test_accuracy_per_mean_strategy_epoch19": 0.8038336219109762, "ENV_Test_accuracy_per_mean_user_epoch19": 0.8031054813242134, "ENV_Test_accuracy_per_mean_user_and_bot_epoch19": 0.828151341581617, "ENV_Train_TotalLoss_epoch20": 221.97228806964918, "ENV_Train_Right action_epoch20": 0.9596734739519995, "ENV_Train_Probability to choose the right action_epoch20": 0.9410041833934613, "ENV_Train_Weighted right action_epoch20": 0.9596734739519995, "ENV_Train_Weighted probability to choose the right action:_epoch20": 0.9410041833934613, "ENV_Test_TotalLoss_epoch20": 569.4583043937639, "ENV_Test_Right action_epoch20": 0.792256, "ENV_Test_Probability to choose the right action_epoch20": 0.7855931894675807, "ENV_Test_Weighted right action_epoch20": 0.8291794118726361, "ENV_Test_Weighted probability to choose the right action:_epoch20": 0.8219497962476495, "ENV_Test_proba_accuracy_epoch20": 0.7855931894675808, "ENV_Test_proba_accuracy_strategy_132_epoch20": 0.8310877051407108, "ENV_Test_proba_accuracy_strategy_23_epoch20": 0.7905514876944186, "ENV_Test_proba_accuracy_strategy_107_epoch20": 0.8499773154102248, "ENV_Test_proba_accuracy_strategy_43_epoch20": 0.7800304610994093, "ENV_Test_proba_accuracy_strategy_17_epoch20": 0.7530335327159513, "ENV_Test_proba_accuracy_strategy_93_epoch20": 0.7875090077373631, "ENV_Test_proba_accuracy_per_mean_strategy_epoch20": 0.798698251633013, "ENV_Test_proba_accuracy_per_mean_user_epoch20": 0.7981482903526502, "ENV_Test_proba_accuracy_per_mean_user_and_bot_epoch20": 0.8219497962476505, "ENV_Test_accuracy_epoch20": 0.792256, "ENV_Test_accuracy_strategy_132_epoch20": 0.8356940509915014, "ENV_Test_accuracy_strategy_23_epoch20": 0.796251413798675, "ENV_Test_accuracy_strategy_107_epoch20": 0.8571428571428571, "ENV_Test_accuracy_strategy_43_epoch20": 0.7881679389312977, "ENV_Test_accuracy_strategy_17_epoch20": 0.7615698729582577, "ENV_Test_accuracy_strategy_93_epoch20": 0.7929759704251387, "ENV_Test_accuracy_per_mean_strategy_epoch20": 0.8053003507079546, "ENV_Test_accuracy_per_mean_user_epoch20": 0.8046391375004527, "ENV_Test_accuracy_per_mean_user_and_bot_epoch20": 0.8291794118726364, "ENV_Train_TotalLoss_epoch21": 210.78064038644544, "ENV_Train_Right action_epoch21": 0.9623490608228981, "ENV_Train_Probability to choose the right action_epoch21": 0.9446823508175495, "ENV_Train_Weighted right action_epoch21": 0.9623490608228981, "ENV_Train_Weighted probability to choose the right action:_epoch21": 0.9446823508175495, "ENV_Test_TotalLoss_epoch21": 611.0222486207205, "ENV_Test_Right action_epoch21": 0.793472, "ENV_Test_Probability to choose the right action_epoch21": 0.7869257693574407, "ENV_Test_Weighted right action_epoch21": 0.828952454862354, "ENV_Test_Weighted probability to choose the right action:_epoch21": 0.8231515957574688, "ENV_Test_proba_accuracy_epoch21": 0.786925769357441, "ENV_Test_proba_accuracy_strategy_132_epoch21": 0.8367564570739967, "ENV_Test_proba_accuracy_strategy_23_epoch21": 0.7896417864134772, "ENV_Test_proba_accuracy_strategy_107_epoch21": 0.8488004397487566, "ENV_Test_proba_accuracy_strategy_43_epoch21": 0.7811735180788201, "ENV_Test_proba_accuracy_strategy_17_epoch21": 0.7563702878520896, "ENV_Test_proba_accuracy_strategy_93_epoch21": 0.7881169281723588, "ENV_Test_proba_accuracy_per_mean_strategy_epoch21": 0.8001432362232498, "ENV_Test_proba_accuracy_per_mean_user_epoch21": 0.800553828904039, "ENV_Test_proba_accuracy_per_mean_user_and_bot_epoch21": 0.8231515957574697, "ENV_Test_accuracy_epoch21": 0.793472, "ENV_Test_accuracy_strategy_132_epoch21": 0.8441926345609065, "ENV_Test_accuracy_strategy_23_epoch21": 0.7968977217644208, "ENV_Test_accuracy_strategy_107_epoch21": 0.8571428571428571, "ENV_Test_accuracy_strategy_43_epoch21": 0.7856234096692112, "ENV_Test_accuracy_strategy_17_epoch21": 0.7617967332123412, "ENV_Test_accuracy_strategy_93_epoch21": 0.7957486136783734, "ENV_Test_accuracy_per_mean_strategy_epoch21": 0.8069003283380184, "ENV_Test_accuracy_per_mean_user_epoch21": 0.8069884367908795, "ENV_Test_accuracy_per_mean_user_and_bot_epoch21": 0.828952454862355, "ENV_Train_TotalLoss_epoch22": 193.3076288631484, "ENV_Train_Right action_epoch22": 0.9661490726634894, "ENV_Train_Probability to choose the right action_epoch22": 0.9495970958055109, "ENV_Train_Weighted right action_epoch22": 0.9661490726634894, "ENV_Train_Weighted probability to choose the right action:_epoch22": 0.9495970958055109, "ENV_Test_TotalLoss_epoch22": 687.3966714335297, "ENV_Test_Right action_epoch22": 0.796352, "ENV_Test_Probability to choose the right action_epoch22": 0.79104296673531, "ENV_Test_Weighted right action_epoch22": 0.8262416317060245, "ENV_Test_Weighted probability to choose the right action:_epoch22": 0.8205139368054574, "ENV_Test_proba_accuracy_epoch22": 0.7910429667353095, "ENV_Test_proba_accuracy_strategy_132_epoch22": 0.8309095263271025, "ENV_Test_proba_accuracy_strategy_23_epoch22": 0.795598105117526, "ENV_Test_proba_accuracy_strategy_107_epoch22": 0.8437207033793837, "ENV_Test_proba_accuracy_strategy_43_epoch22": 0.7851865392091733, "ENV_Test_proba_accuracy_strategy_17_epoch22": 0.7634396556065043, "ENV_Test_proba_accuracy_strategy_93_epoch22": 0.7912691486055172, "ENV_Test_proba_accuracy_per_mean_strategy_epoch22": 0.8016872797075344, "ENV_Test_proba_accuracy_per_mean_user_epoch22": 0.800035452895838, "ENV_Test_proba_accuracy_per_mean_user_and_bot_epoch22": 0.8205139368054579, "ENV_Test_accuracy_epoch22": 0.796352, "ENV_Test_accuracy_strategy_132_epoch22": 0.8339943342776204, "ENV_Test_accuracy_strategy_23_epoch22": 0.8020681854903862, "ENV_Test_accuracy_strategy_107_epoch22": 0.8555008210180624, "ENV_Test_accuracy_strategy_43_epoch22": 0.789440203562341, "ENV_Test_accuracy_strategy_17_epoch22": 0.7670145190562614, "ENV_Test_accuracy_strategy_93_epoch22": 0.7985212569316081, "ENV_Test_accuracy_per_mean_strategy_epoch22": 0.8077565533893799, "ENV_Test_accuracy_per_mean_user_epoch22": 0.8054129698621104, "ENV_Test_accuracy_per_mean_user_and_bot_epoch22": 0.8262416317060264, "ENV_Train_TotalLoss_epoch23": 182.19390938414426, "ENV_Train_Right action_epoch23": 0.966987658807251, "ENV_Train_Probability to choose the right action_epoch23": 0.9524091852852136, "ENV_Train_Weighted right action_epoch23": 0.966987658807251, "ENV_Train_Weighted probability to choose the right action:_epoch23": 0.9524091852852136, "ENV_Test_TotalLoss_epoch23": 631.9177889288026, "ENV_Test_Right action_epoch23": 0.79104, "ENV_Test_Probability to choose the right action_epoch23": 0.7846401878768032, "ENV_Test_Weighted right action_epoch23": 0.8224040347548519, "ENV_Test_Weighted probability to choose the right action:_epoch23": 0.8169620939482912, "ENV_Test_proba_accuracy_epoch23": 0.7846401878768033, "ENV_Test_proba_accuracy_strategy_132_epoch23": 0.8366910525725875, "ENV_Test_proba_accuracy_strategy_23_epoch23": 0.788259471225668, "ENV_Test_proba_accuracy_strategy_107_epoch23": 0.8428822550155128, "ENV_Test_proba_accuracy_strategy_43_epoch23": 0.7741440972286124, "ENV_Test_proba_accuracy_strategy_17_epoch23": 0.7529372248582744, "ENV_Test_proba_accuracy_strategy_93_epoch23": 0.7906545832215113, "ENV_Test_proba_accuracy_per_mean_strategy_epoch23": 0.7975947806870277, "ENV_Test_proba_accuracy_per_mean_user_epoch23": 0.7952187452787284, "ENV_Test_proba_accuracy_per_mean_user_and_bot_epoch23": 0.8169620939482911, "ENV_Test_accuracy_epoch23": 0.79104, "ENV_Test_accuracy_strategy_132_epoch23": 0.8453257790368272, "ENV_Test_accuracy_strategy_23_epoch23": 0.7939893359185652, "ENV_Test_accuracy_strategy_107_epoch23": 0.8440065681444991, "ENV_Test_accuracy_strategy_43_epoch23": 0.7792620865139949, "ENV_Test_accuracy_strategy_17_epoch23": 0.7604355716878403, "ENV_Test_accuracy_strategy_93_epoch23": 0.7975970425138632, "ENV_Test_accuracy_per_mean_strategy_epoch23": 0.803436063969265, "ENV_Test_accuracy_per_mean_user_epoch23": 0.8012047389080794, "ENV_Test_accuracy_per_mean_user_and_bot_epoch23": 0.8224040347548524, "ENV_Train_TotalLoss_epoch24": 171.15091075338094, "ENV_Train_Right action_epoch24": 0.9700447302208555, "ENV_Train_Probability to choose the right action_epoch24": 0.9556672156472475, "ENV_Train_Weighted right action_epoch24": 0.9700447302208555, "ENV_Train_Weighted probability to choose the right action:_epoch24": 0.9556672156472475, "ENV_Test_TotalLoss_epoch24": 696.9897019566566, "ENV_Test_Right action_epoch24": 0.792832, "ENV_Test_Probability to choose the right action_epoch24": 0.7878494333866537, "ENV_Test_Weighted right action_epoch24": 0.8189155895813353, "ENV_Test_Weighted probability to choose the right action:_epoch24": 0.8137864611092255, "ENV_Test_proba_accuracy_epoch24": 0.7878494333866551, "ENV_Test_proba_accuracy_strategy_132_epoch24": 0.8281914921630757, "ENV_Test_proba_accuracy_strategy_23_epoch24": 0.7944039730909119, "ENV_Test_proba_accuracy_strategy_107_epoch24": 0.833012058658356, "ENV_Test_proba_accuracy_strategy_43_epoch24": 0.7752695593185956, "ENV_Test_proba_accuracy_strategy_17_epoch24": 0.759107603300718, "ENV_Test_proba_accuracy_strategy_93_epoch24": 0.7944998310699338, "ENV_Test_proba_accuracy_per_mean_strategy_epoch24": 0.7974140862669318, "ENV_Test_proba_accuracy_per_mean_user_epoch24": 0.7970546154295948, "ENV_Test_proba_accuracy_per_mean_user_and_bot_epoch24": 0.8137864611092263, "ENV_Test_accuracy_epoch24": 0.792832, "ENV_Test_accuracy_strategy_132_epoch24": 0.8322946175637393, "ENV_Test_accuracy_strategy_23_epoch24": 0.7983519146873486, "ENV_Test_accuracy_strategy_107_epoch24": 0.8407224958949097, "ENV_Test_accuracy_strategy_43_epoch24": 0.7767175572519084, "ENV_Test_accuracy_strategy_17_epoch24": 0.7665607985480943, "ENV_Test_accuracy_strategy_93_epoch24": 0.800369685767098, "ENV_Test_accuracy_per_mean_strategy_epoch24": 0.802502844952183, "ENV_Test_accuracy_per_mean_user_epoch24": 0.8025326167419623, "ENV_Test_accuracy_per_mean_user_and_bot_epoch24": 0.8189155895813364, "_wandb": {"runtime": 1768}}