{"ENV_Train_TotalLoss": 383.1679641381994, "ENV_Train_TotalLoss_epoch0": 1024.335497290497, "ENV_Train_Right action": 0.9275090858261112, "ENV_Train_Right action_epoch0": 0.7876221225208604, "ENV_Train_Probability to choose the right action": 0.8958333878465479, "ENV_Train_Probability to choose the right action_epoch0": 0.7062600810432624, "ENV_Train_Weighted right action": 0.9275090858261112, "ENV_Train_Weighted right action_epoch0": 0.7876221225208604, "ENV_Train_Weighted probability to choose the right action:": 0.8958333878465479, "ENV_Train_Weighted probability to choose the right action:_epoch0": 0.7062600810432624, "_timestamp": 1720463676.2714581, "_runtime": 2505.0696551799774, "_step": 49, "ENV_Test_TotalLoss": 380.6765185108638, "ENV_Test_TotalLoss_epoch0": 208.55003335731314, "ENV_Test_Right action": 0.791424, "ENV_Test_Right action_epoch0": 0.79904, "ENV_Test_Probability to choose the right action": 0.7757961484313499, "ENV_Test_Probability to choose the right action_epoch0": 0.7470783699700085, "ENV_Test_Weighted right action": 0.8191299002060479, "ENV_Test_Weighted right action_epoch0": 0.8339948914946171, "ENV_Test_Weighted probability to choose the right action:": 0.8046696436297057, "ENV_Test_Weighted probability to choose the right action:_epoch0": 0.7757799293573486, "ENV_Test_proba_accuracy": 0.7757961484313491, "ENV_Test_proba_accuracy_epoch0": 0.7470783699700096, "ENV_Test_proba_accuracy_strategy_132": 0.8089477027717293, "ENV_Test_proba_accuracy_strategy_132_epoch0": 0.7817277352237119, "ENV_Test_proba_accuracy_strategy_23": 0.781228304576415, "ENV_Test_proba_accuracy_strategy_23_epoch0": 0.7514051890429765, "ENV_Test_proba_accuracy_strategy_107": 0.8354717170977312, "ENV_Test_proba_accuracy_strategy_107_epoch0": 0.804902965130136, "ENV_Test_proba_accuracy_strategy_43": 0.7654173494699236, "ENV_Test_proba_accuracy_strategy_43_epoch0": 0.7460244327440736, "ENV_Test_proba_accuracy_strategy_17": 0.7520870916436416, "ENV_Test_proba_accuracy_strategy_17_epoch0": 0.719429653056821, "ENV_Test_proba_accuracy_strategy_93": 0.7687263380590449, "ENV_Test_proba_accuracy_strategy_93_epoch0": 0.7474317360556045, "ENV_Test_proba_accuracy_per_mean_strategy": 0.7853130839364143, "ENV_Test_proba_accuracy_per_mean_strategy_epoch0": 0.7584869518755539, "ENV_Test_proba_accuracy_per_mean_user": 0.7863826180233323, "ENV_Test_proba_accuracy_per_mean_user_epoch0": 0.7570484595218545, "ENV_Test_proba_accuracy_per_mean_user_and_bot": 0.8046696436297058, "ENV_Test_proba_accuracy_per_mean_user_and_bot_epoch0": 0.775779929357348, "ENV_Test_accuracy": 0.791424, "ENV_Test_accuracy_epoch0": 0.79904, "ENV_Test_accuracy_strategy_132": 0.8220963172804533, "ENV_Test_accuracy_strategy_132_epoch0": 0.8362606232294617, "ENV_Test_accuracy_strategy_23": 0.7965745677815479, "ENV_Test_accuracy_strategy_23_epoch0": 0.8062691872677331, "ENV_Test_accuracy_strategy_107": 0.8489326765188834, "ENV_Test_accuracy_strategy_107_epoch0": 0.8702791461412152, "ENV_Test_accuracy_strategy_43": 0.7830788804071247, "ENV_Test_accuracy_strategy_43_epoch0": 0.7938931297709924, "ENV_Test_accuracy_strategy_17": 0.7690562613430127, "ENV_Test_accuracy_strategy_17_epoch0": 0.7651996370235935, "ENV_Test_accuracy_strategy_93": 0.7828096118299446, "ENV_Test_accuracy_strategy_93_epoch0": 0.8022181146025879, "ENV_Test_accuracy_per_mean_strategy": 0.8004247191934944, "ENV_Test_accuracy_per_mean_strategy_epoch0": 0.8123533063392641, "ENV_Test_accuracy_per_mean_user": 0.8025462510319125, "ENV_Test_accuracy_per_mean_user_epoch0": 0.8124828590884221, "ENV_Test_accuracy_per_mean_user_and_bot": 0.8191299002060485, "ENV_Test_accuracy_per_mean_user_and_bot_epoch0": 0.8339948914946163, "ENV_Train_TotalLoss_epoch1": 898.8605082620271, "ENV_Train_Right action_epoch1": 0.813827705724508, "ENV_Train_Probability to choose the right action_epoch1": 0.7438697638941096, "ENV_Train_Weighted right action_epoch1": 0.813827705724508, "ENV_Train_Weighted probability to choose the right action:_epoch1": 0.7438697638941096, "ENV_Test_TotalLoss_epoch1": 203.23441041992285, "ENV_Test_Right action_epoch1": 0.806144, "ENV_Test_Probability to choose the right action_epoch1": 0.7519033244871262, "ENV_Test_Weighted right action_epoch1": 0.8431926126692059, "ENV_Test_Weighted probability to choose the right action:_epoch1": 0.780622475405845, "ENV_Test_proba_accuracy_epoch1": 0.7519033244871259, "ENV_Test_proba_accuracy_strategy_132_epoch1": 0.7880260604999569, "ENV_Test_proba_accuracy_strategy_23_epoch1": 0.7572378842927, "ENV_Test_proba_accuracy_strategy_107_epoch1": 0.8033931297925867, "ENV_Test_proba_accuracy_strategy_43_epoch1": 0.7449063104392446, "ENV_Test_proba_accuracy_strategy_17_epoch1": 0.725002981114442, "ENV_Test_proba_accuracy_strategy_93_epoch1": 0.7532402085348989, "ENV_Test_proba_accuracy_per_mean_strategy_epoch1": 0.7619677624456381, "ENV_Test_proba_accuracy_per_mean_user_epoch1": 0.762721904585761, "ENV_Test_proba_accuracy_per_mean_user_and_bot_epoch1": 0.7806224754058454, "ENV_Test_accuracy_epoch1": 0.806144, "ENV_Test_accuracy_strategy_132_epoch1": 0.8396600566572238, "ENV_Test_accuracy_strategy_23_epoch1": 0.8140248828566812, "ENV_Test_accuracy_strategy_107_epoch1": 0.8752052545155994, "ENV_Test_accuracy_strategy_43_epoch1": 0.799618320610687, "ENV_Test_accuracy_strategy_17_epoch1": 0.770644283121597, "ENV_Test_accuracy_strategy_93_epoch1": 0.821626617375231, "ENV_Test_accuracy_per_mean_strategy_epoch1": 0.8201299025228366, "ENV_Test_accuracy_per_mean_user_epoch1": 0.8196631762172668, "ENV_Test_accuracy_per_mean_user_and_bot_epoch1": 0.8431926126692054, "ENV_Train_TotalLoss_epoch2": 859.0495825897428, "ENV_Train_Right action_epoch2": 0.821792004473022, "ENV_Train_Probability to choose the right action_epoch2": 0.7551962409173344, "ENV_Train_Weighted right action_epoch2": 0.821792004473022, "ENV_Train_Weighted probability to choose the right action:_epoch2": 0.7551962409173344, "ENV_Test_TotalLoss_epoch2": 205.13638149253114, "ENV_Test_Right action_epoch2": 0.806272, "ENV_Test_Probability to choose the right action_epoch2": 0.7644709917912347, "ENV_Test_Weighted right action_epoch2": 0.8363855864560048, "ENV_Test_Weighted probability to choose the right action:_epoch2": 0.7902247523807701, "ENV_Test_proba_accuracy_epoch2": 0.764470991791235, "ENV_Test_proba_accuracy_strategy_132_epoch2": 0.8027313762883693, "ENV_Test_proba_accuracy_strategy_23_epoch2": 0.7716229065342016, "ENV_Test_proba_accuracy_strategy_107_epoch2": 0.8211148877170342, "ENV_Test_proba_accuracy_strategy_43_epoch2": 0.7544067142884382, "ENV_Test_proba_accuracy_strategy_17_epoch2": 0.7359952084223964, "ENV_Test_proba_accuracy_strategy_93_epoch2": 0.7598992595581144, "ENV_Test_proba_accuracy_per_mean_strategy_epoch2": 0.7742950588014256, "ENV_Test_proba_accuracy_per_mean_user_epoch2": 0.7750634859022865, "ENV_Test_proba_accuracy_per_mean_user_and_bot_epoch2": 0.7902247523807705, "ENV_Test_accuracy_epoch2": 0.806272, "ENV_Test_accuracy_strategy_132_epoch2": 0.8504249291784702, "ENV_Test_accuracy_strategy_23_epoch2": 0.8148327678138633, "ENV_Test_accuracy_strategy_107_epoch2": 0.8702791461412152, "ENV_Test_accuracy_strategy_43_epoch2": 0.7958015267175572, "ENV_Test_accuracy_strategy_17_epoch2": 0.772912885662432, "ENV_Test_accuracy_strategy_93_epoch2": 0.800369685767098, "ENV_Test_accuracy_per_mean_strategy_epoch2": 0.8174368235467727, "ENV_Test_accuracy_per_mean_user_epoch2": 0.8200256792989843, "ENV_Test_accuracy_per_mean_user_and_bot_epoch2": 0.8363855864560057, "ENV_Train_TotalLoss_epoch3": 821.7775985986926, "ENV_Train_Right action_epoch3": 0.8300251607492312, "ENV_Train_Probability to choose the right action_epoch3": 0.7656721709511757, "ENV_Train_Weighted right action_epoch3": 0.8300251607492312, "ENV_Train_Weighted probability to choose the right action:_epoch3": 0.7656721709511757, "ENV_Test_TotalLoss_epoch3": 203.54597748888918, "ENV_Test_Right action_epoch3": 0.80832, "ENV_Test_Probability to choose the right action_epoch3": 0.7597485071444675, "ENV_Test_Weighted right action_epoch3": 0.8433298324495891, "ENV_Test_Weighted probability to choose the right action:_epoch3": 0.7906345644578513, "ENV_Test_proba_accuracy_epoch3": 0.7597485071444688, "ENV_Test_proba_accuracy_strategy_132_epoch3": 0.8023691528338104, "ENV_Test_proba_accuracy_strategy_23_epoch3": 0.7633576934296255, "ENV_Test_proba_accuracy_strategy_107_epoch3": 0.8195204805647567, "ENV_Test_proba_accuracy_strategy_43_epoch3": 0.7554064782360964, "ENV_Test_proba_accuracy_strategy_17_epoch3": 0.7322050756099434, "ENV_Test_proba_accuracy_strategy_93_epoch3": 0.75445579945008, "ENV_Test_proba_accuracy_per_mean_strategy_epoch3": 0.7712191133540521, "ENV_Test_proba_accuracy_per_mean_user_epoch3": 0.7719038968486596, "ENV_Test_proba_accuracy_per_mean_user_and_bot_epoch3": 0.7906345644578514, "ENV_Test_accuracy_epoch3": 0.80832, "ENV_Test_accuracy_strategy_132_epoch3": 0.856657223796034, "ENV_Test_accuracy_strategy_23_epoch3": 0.8127322669251899, "ENV_Test_accuracy_strategy_107_epoch3": 0.8735632183908046, "ENV_Test_accuracy_strategy_43_epoch3": 0.8072519083969466, "ENV_Test_accuracy_strategy_17_epoch3": 0.7760889292196007, "ENV_Test_accuracy_strategy_93_epoch3": 0.800369685767098, "ENV_Test_accuracy_per_mean_strategy_epoch3": 0.821110538749279, "ENV_Test_accuracy_per_mean_user_epoch3": 0.8220002269951375, "ENV_Test_accuracy_per_mean_user_and_bot_epoch3": 0.8433298324495893, "ENV_Train_TotalLoss_epoch4": 789.1769809050741, "ENV_Train_Right action_epoch4": 0.8369486219041762, "ENV_Train_Probability to choose the right action_epoch4": 0.7759271059031582, "ENV_Train_Weighted right action_epoch4": 0.8369486219041762, "ENV_Train_Weighted probability to choose the right action:_epoch4": 0.7759271059031582, "ENV_Test_TotalLoss_epoch4": 211.8254093599636, "ENV_Test_Right action_epoch4": 0.809408, "ENV_Test_Probability to choose the right action_epoch4": 0.7730843910906552, "ENV_Test_Weighted right action_epoch4": 0.8426589773515617, "ENV_Test_Weighted probability to choose the right action:_epoch4": 0.8056113963389662, "ENV_Test_proba_accuracy_epoch4": 0.7730843910906562, "ENV_Test_proba_accuracy_strategy_132_epoch4": 0.8124390837400682, "ENV_Test_proba_accuracy_strategy_23_epoch4": 0.777533956739755, "ENV_Test_proba_accuracy_strategy_107_epoch4": 0.83796824255213, "ENV_Test_proba_accuracy_strategy_43_epoch4": 0.7685460751153249, "ENV_Test_proba_accuracy_strategy_17_epoch4": 0.7437783369149611, "ENV_Test_proba_accuracy_strategy_93_epoch4": 0.77290108208064, "ENV_Test_proba_accuracy_per_mean_strategy_epoch4": 0.7855277961904799, "ENV_Test_proba_accuracy_per_mean_user_epoch4": 0.7855672850579735, "ENV_Test_proba_accuracy_per_mean_user_and_bot_epoch4": 0.8056113963389666, "ENV_Test_accuracy_epoch4": 0.809408, "ENV_Test_accuracy_strategy_132_epoch4": 0.8526912181303116, "ENV_Test_accuracy_strategy_23_epoch4": 0.8153174987881726, "ENV_Test_accuracy_strategy_107_epoch4": 0.8735632183908046, "ENV_Test_accuracy_strategy_43_epoch4": 0.8072519083969466, "ENV_Test_accuracy_strategy_17_epoch4": 0.7769963702359347, "ENV_Test_accuracy_strategy_93_epoch4": 0.8040665434380776, "ENV_Test_accuracy_per_mean_strategy_epoch4": 0.8216477928967079, "ENV_Test_accuracy_per_mean_user_epoch4": 0.8229772237186631, "ENV_Test_accuracy_per_mean_user_and_bot_epoch4": 0.8426589773515623, "ENV_Train_TotalLoss_epoch5": 757.3428686423963, "ENV_Train_Right action_epoch5": 0.8451497491370034, "ENV_Train_Probability to choose the right action_epoch5": 0.7858224261936599, "ENV_Train_Weighted right action_epoch5": 0.8451497491370034, "ENV_Train_Weighted probability to choose the right action:_epoch5": 0.7858224261936599, "ENV_Test_TotalLoss_epoch5": 217.67492255563786, "ENV_Test_Right action_epoch5": 0.809024, "ENV_Test_Probability to choose the right action_epoch5": 0.7667252436657871, "ENV_Test_Weighted right action_epoch5": 0.8377717624555396, "ENV_Test_Weighted probability to choose the right action:_epoch5": 0.7979982065867097, "ENV_Test_proba_accuracy_epoch5": 0.7667252436657871, "ENV_Test_proba_accuracy_strategy_132_epoch5": 0.812745041329846, "ENV_Test_proba_accuracy_strategy_23_epoch5": 0.7683109808317843, "ENV_Test_proba_accuracy_strategy_107_epoch5": 0.8257682714174538, "ENV_Test_proba_accuracy_strategy_43_epoch5": 0.7608452498375476, "ENV_Test_proba_accuracy_strategy_17_epoch5": 0.7400064145331454, "ENV_Test_proba_accuracy_strategy_93_epoch5": 0.7667471244573666, "ENV_Test_proba_accuracy_per_mean_strategy_epoch5": 0.7790705137345241, "ENV_Test_proba_accuracy_per_mean_user_epoch5": 0.7787677967496524, "ENV_Test_proba_accuracy_per_mean_user_and_bot_epoch5": 0.797998206586711, "ENV_Test_accuracy_epoch5": 0.809024, "ENV_Test_accuracy_strategy_132_epoch5": 0.8487252124645892, "ENV_Test_accuracy_strategy_23_epoch5": 0.8133785748909356, "ENV_Test_accuracy_strategy_107_epoch5": 0.8702791461412152, "ENV_Test_accuracy_strategy_43_epoch5": 0.80470737913486, "ENV_Test_accuracy_strategy_17_epoch5": 0.77994555353902, "ENV_Test_accuracy_strategy_93_epoch5": 0.8096118299445472, "ENV_Test_accuracy_per_mean_strategy_epoch5": 0.8211079493525278, "ENV_Test_accuracy_per_mean_user_epoch5": 0.8221255678439198, "ENV_Test_accuracy_per_mean_user_and_bot_epoch5": 0.8377717624555414, "ENV_Train_TotalLoss_epoch6": 730.596032395682, "ENV_Train_Right action_epoch6": 0.8516567212152549, "ENV_Train_Probability to choose the right action_epoch6": 0.7937347691015971, "ENV_Train_Weighted right action_epoch6": 0.8516567212152549, "ENV_Train_Weighted probability to choose the right action:_epoch6": 0.7937347691015971, "ENV_Test_TotalLoss_epoch6": 247.00046931364116, "ENV_Test_Right action_epoch6": 0.809408, "ENV_Test_Probability to choose the right action_epoch6": 0.7730429805325872, "ENV_Test_Weighted right action_epoch6": 0.8369575913508001, "ENV_Test_Weighted probability to choose the right action:_epoch6": 0.8047497774090303, "ENV_Test_proba_accuracy_epoch6": 0.7730429805325869, "ENV_Test_proba_accuracy_strategy_132_epoch6": 0.8162738772008532, "ENV_Test_proba_accuracy_strategy_23_epoch6": 0.7768127906514163, "ENV_Test_proba_accuracy_strategy_107_epoch6": 0.8372975812249327, "ENV_Test_proba_accuracy_strategy_43_epoch6": 0.7721564812096596, "ENV_Test_proba_accuracy_strategy_17_epoch6": 0.7422184310202001, "ENV_Test_proba_accuracy_strategy_93_epoch6": 0.7716596643770239, "ENV_Test_proba_accuracy_per_mean_strategy_epoch6": 0.786069804280681, "ENV_Test_proba_accuracy_per_mean_user_epoch6": 0.7853052226370848, "ENV_Test_proba_accuracy_per_mean_user_and_bot_epoch6": 0.8047497774090308, "ENV_Test_accuracy_epoch6": 0.809408, "ENV_Test_accuracy_strategy_132_epoch6": 0.8441926345609065, "ENV_Test_accuracy_strategy_23_epoch6": 0.8177411536597189, "ENV_Test_accuracy_strategy_107_epoch6": 0.8669950738916257, "ENV_Test_accuracy_strategy_43_epoch6": 0.8015267175572519, "ENV_Test_accuracy_strategy_17_epoch6": 0.7788112522686026, "ENV_Test_accuracy_strategy_93_epoch6": 0.8086876155268022, "ENV_Test_accuracy_per_mean_strategy_epoch6": 0.8196590745774847, "ENV_Test_accuracy_per_mean_user_epoch6": 0.8212313134948226, "ENV_Test_accuracy_per_mean_user_and_bot_epoch6": 0.8369575913508003, "ENV_Train_TotalLoss_epoch7": 706.1398087914507, "ENV_Train_Right action_epoch7": 0.8576181157394465, "ENV_Train_Probability to choose the right action_epoch7": 0.8012108804462992, "ENV_Train_Weighted right action_epoch7": 0.8576181157394465, "ENV_Train_Weighted probability to choose the right action:_epoch7": 0.8012108804462992, "ENV_Test_TotalLoss_epoch7": 264.2053196216761, "ENV_Test_Right action_epoch7": 0.804736, "ENV_Test_Probability to choose the right action_epoch7": 0.7766098851418107, "ENV_Test_Weighted right action_epoch7": 0.8296951266482959, "ENV_Test_Weighted probability to choose the right action:_epoch7": 0.8013877348672093, "ENV_Test_proba_accuracy_epoch7": 0.7766098851418104, "ENV_Test_proba_accuracy_strategy_132_epoch7": 0.8127644193383106, "ENV_Test_proba_accuracy_strategy_23_epoch7": 0.7854547807839881, "ENV_Test_proba_accuracy_strategy_107_epoch7": 0.831808828556565, "ENV_Test_proba_accuracy_strategy_43_epoch7": 0.7669915174153193, "ENV_Test_proba_accuracy_strategy_17_epoch7": 0.7464571220821716, "ENV_Test_proba_accuracy_strategy_93_epoch7": 0.7727868584385633, "ENV_Test_proba_accuracy_per_mean_strategy_epoch7": 0.7860439211024862, "ENV_Test_proba_accuracy_per_mean_user_epoch7": 0.7863560176309937, "ENV_Test_proba_accuracy_per_mean_user_and_bot_epoch7": 0.8013877348672097, "ENV_Test_accuracy_epoch7": 0.804736, "ENV_Test_accuracy_strategy_132_epoch7": 0.8441926345609065, "ENV_Test_accuracy_strategy_23_epoch7": 0.8183874616254645, "ENV_Test_accuracy_strategy_107_epoch7": 0.8555008210180624, "ENV_Test_accuracy_strategy_43_epoch7": 0.7926208651399491, "ENV_Test_accuracy_strategy_17_epoch7": 0.7686025408348457, "ENV_Test_accuracy_strategy_93_epoch7": 0.7985212569316081, "ENV_Test_accuracy_per_mean_strategy_epoch7": 0.8129709300184728, "ENV_Test_accuracy_per_mean_user_epoch7": 0.8153386164643078, "ENV_Test_accuracy_per_mean_user_and_bot_epoch7": 0.8296951266482958, "ENV_Train_TotalLoss_epoch8": 677.0133939756057, "ENV_Train_Right action_epoch8": 0.8633365935447813, "ENV_Train_Probability to choose the right action_epoch8": 0.8097274051526505, "ENV_Train_Weighted right action_epoch8": 0.8633365935447813, "ENV_Train_Weighted probability to choose the right action:_epoch8": 0.8097274051526505, "ENV_Test_TotalLoss_epoch8": 253.125827833616, "ENV_Test_Right action_epoch8": 0.810112, "ENV_Test_Probability to choose the right action_epoch8": 0.7775884537943903, "ENV_Test_Weighted right action_epoch8": 0.8381332347032457, "ENV_Test_Weighted probability to choose the right action:_epoch8": 0.8066459488724649, "ENV_Test_proba_accuracy_epoch8": 0.7775884537943902, "ENV_Test_proba_accuracy_strategy_132_epoch8": 0.8209286301935513, "ENV_Test_proba_accuracy_strategy_23_epoch8": 0.7817562959047663, "ENV_Test_proba_accuracy_strategy_107_epoch8": 0.8390535159655651, "ENV_Test_proba_accuracy_strategy_43_epoch8": 0.7676835559520991, "ENV_Test_proba_accuracy_strategy_17_epoch8": 0.7507219626031721, "ENV_Test_proba_accuracy_strategy_93_epoch8": 0.7722978655791312, "ENV_Test_proba_accuracy_per_mean_strategy_epoch8": 0.7887403043663808, "ENV_Test_proba_accuracy_per_mean_user_epoch8": 0.7893620024307373, "ENV_Test_proba_accuracy_per_mean_user_and_bot_epoch8": 0.8066459488724658, "ENV_Test_accuracy_epoch8": 0.810112, "ENV_Test_accuracy_strategy_132_epoch8": 0.8464589235127479, "ENV_Test_accuracy_strategy_23_epoch8": 0.8211342704798836, "ENV_Test_accuracy_strategy_107_epoch8": 0.8686371100164204, "ENV_Test_accuracy_strategy_43_epoch8": 0.7932569974554707, "ENV_Test_accuracy_strategy_17_epoch8": 0.7792649727767695, "ENV_Test_accuracy_strategy_93_epoch8": 0.8049907578558225, "ENV_Test_accuracy_per_mean_strategy_epoch8": 0.8189571720161859, "ENV_Test_accuracy_per_mean_user_epoch8": 0.8207503520103755, "ENV_Test_accuracy_per_mean_user_and_bot_epoch8": 0.8381332347032454, "ENV_Train_TotalLoss_epoch9": 654.6874780689808, "ENV_Train_Right action_epoch9": 0.8698769918926474, "ENV_Train_Probability to choose the right action_epoch9": 0.8170236232994413, "ENV_Train_Weighted right action_epoch9": 0.8698769918926474, "ENV_Train_Weighted probability to choose the right action:_epoch9": 0.8170236232994413, "ENV_Test_TotalLoss_epoch9": 250.14479012129544, "ENV_Test_Right action_epoch9": 0.802816, "ENV_Test_Probability to choose the right action_epoch9": 0.7765406278726179, "ENV_Test_Weighted right action_epoch9": 0.8296331999047386, "ENV_Test_Weighted probability to choose the right action:_epoch9": 0.8057094061018609, "ENV_Test_proba_accuracy_epoch9": 0.7765406278726172, "ENV_Test_proba_accuracy_strategy_132_epoch9": 0.8202602285689278, "ENV_Test_proba_accuracy_strategy_23_epoch9": 0.7820840337257499, "ENV_Test_proba_accuracy_strategy_107_epoch9": 0.8374063303974354, "ENV_Test_proba_accuracy_strategy_43_epoch9": 0.7680014072614013, "ENV_Test_proba_accuracy_strategy_17_epoch9": 0.7457492210382775, "ENV_Test_proba_accuracy_strategy_93_epoch9": 0.7771059968513234, "ENV_Test_proba_accuracy_per_mean_strategy_epoch9": 0.7884345363071859, "ENV_Test_proba_accuracy_per_mean_user_epoch9": 0.7872277198960446, "ENV_Test_proba_accuracy_per_mean_user_and_bot_epoch9": 0.8057094061018606, "ENV_Test_accuracy_epoch9": 0.802816, "ENV_Test_accuracy_strategy_132_epoch9": 0.8413597733711048, "ENV_Test_accuracy_strategy_23_epoch9": 0.8111164970108257, "ENV_Test_accuracy_strategy_107_epoch9": 0.8653530377668309, "ENV_Test_accuracy_strategy_43_epoch9": 0.7932569974554707, "ENV_Test_accuracy_strategy_17_epoch9": 0.7701905626134301, "ENV_Test_accuracy_strategy_93_epoch9": 0.8040665434380776, "ENV_Test_accuracy_per_mean_strategy_epoch9": 0.8142239019426234, "ENV_Test_accuracy_per_mean_user_epoch9": 0.8112217593531372, "ENV_Test_accuracy_per_mean_user_and_bot_epoch9": 0.8296331999047395, "ENV_Train_TotalLoss_epoch10": 625.5086872242074, "ENV_Train_Right action_epoch10": 0.8763069611406207, "ENV_Train_Probability to choose the right action_epoch10": 0.8247070882339915, "ENV_Train_Weighted right action_epoch10": 0.8763069611406207, "ENV_Train_Weighted probability to choose the right action:_epoch10": 0.8247070882339915, "ENV_Test_TotalLoss_epoch10": 267.81478576843284, "ENV_Test_Right action_epoch10": 0.81056, "ENV_Test_Probability to choose the right action_epoch10": 0.784676937134596, "ENV_Test_Weighted right action_epoch10": 0.8356999321027403, "ENV_Test_Weighted probability to choose the right action:_epoch10": 0.8105532935445068, "ENV_Test_proba_accuracy_epoch10": 0.7846769371345956, "ENV_Test_proba_accuracy_strategy_132_epoch10": 0.8222912683523741, "ENV_Test_proba_accuracy_strategy_23_epoch10": 0.7924450428539526, "ENV_Test_proba_accuracy_strategy_107_epoch10": 0.8332148387538536, "ENV_Test_proba_accuracy_strategy_43_epoch10": 0.7731481544275904, "ENV_Test_proba_accuracy_strategy_17_epoch10": 0.7580746498114831, "ENV_Test_proba_accuracy_strategy_93_epoch10": 0.7766921367215504, "ENV_Test_proba_accuracy_per_mean_strategy_epoch10": 0.7926443484868008, "ENV_Test_proba_accuracy_per_mean_user_epoch10": 0.7944114598421151, "ENV_Test_proba_accuracy_per_mean_user_and_bot_epoch10": 0.8105532935445067, "ENV_Test_accuracy_epoch10": 0.81056, "ENV_Test_accuracy_strategy_132_epoch10": 0.8521246458923513, "ENV_Test_accuracy_strategy_23_epoch10": 0.8214574244627565, "ENV_Test_accuracy_strategy_107_epoch10": 0.8604269293924466, "ENV_Test_accuracy_strategy_43_epoch10": 0.7900763358778626, "ENV_Test_accuracy_strategy_17_epoch10": 0.780852994555354, "ENV_Test_accuracy_strategy_93_epoch10": 0.8031423290203327, "ENV_Test_accuracy_per_mean_strategy_epoch10": 0.8180134432001839, "ENV_Test_accuracy_per_mean_user_epoch10": 0.8193875036572624, "ENV_Test_accuracy_per_mean_user_and_bot_epoch10": 0.835699932102741, "ENV_Train_TotalLoss_epoch11": 606.6412827316136, "ENV_Train_Right action_epoch11": 0.8812848576340839, "ENV_Train_Probability to choose the right action_epoch11": 0.8307638716443836, "ENV_Train_Weighted right action_epoch11": 0.8812848576340839, "ENV_Train_Weighted probability to choose the right action:_epoch11": 0.8307638716443836, "ENV_Test_TotalLoss_epoch11": 298.3053935671298, "ENV_Test_Right action_epoch11": 0.80704, "ENV_Test_Probability to choose the right action_epoch11": 0.7832364589321512, "ENV_Test_Weighted right action_epoch11": 0.8298527483890054, "ENV_Test_Weighted probability to choose the right action:_epoch11": 0.8065672822222616, "ENV_Test_proba_accuracy_epoch11": 0.7832364589321509, "ENV_Test_proba_accuracy_strategy_132_epoch11": 0.8143556041245933, "ENV_Test_proba_accuracy_strategy_23_epoch11": 0.792153224753332, "ENV_Test_proba_accuracy_strategy_107_epoch11": 0.8303431325554824, "ENV_Test_proba_accuracy_strategy_43_epoch11": 0.7710060996666844, "ENV_Test_proba_accuracy_strategy_17_epoch11": 0.7572247685706386, "ENV_Test_proba_accuracy_strategy_93_epoch11": 0.7786953653187498, "ENV_Test_proba_accuracy_per_mean_strategy_epoch11": 0.7906296991649134, "ENV_Test_proba_accuracy_per_mean_user_epoch11": 0.790152278992747, "ENV_Test_proba_accuracy_per_mean_user_and_bot_epoch11": 0.8065672822222634, "ENV_Test_accuracy_epoch11": 0.80704, "ENV_Test_accuracy_strategy_132_epoch11": 0.8356940509915014, "ENV_Test_accuracy_strategy_23_epoch11": 0.8198416545483923, "ENV_Test_accuracy_strategy_107_epoch11": 0.8505747126436781, "ENV_Test_accuracy_strategy_43_epoch11": 0.7919847328244275, "ENV_Test_accuracy_strategy_17_epoch11": 0.7776769509981851, "ENV_Test_accuracy_strategy_93_epoch11": 0.8040665434380776, "ENV_Test_accuracy_per_mean_strategy_epoch11": 0.8133064409073771, "ENV_Test_accuracy_per_mean_user_epoch11": 0.8130829848050495, "ENV_Test_accuracy_per_mean_user_and_bot_epoch11": 0.8298527483890057, "ENV_Train_TotalLoss_epoch12": 581.3065956805436, "ENV_Train_Right action_epoch12": 0.88802570909599, "ENV_Train_Probability to choose the right action_epoch12": 0.8384702482216302, "ENV_Train_Weighted right action_epoch12": 0.88802570909599, "ENV_Train_Weighted probability to choose the right action:_epoch12": 0.8384702482216302, "ENV_Test_TotalLoss_epoch12": 287.0163642563831, "ENV_Test_Right action_epoch12": 0.8064, "ENV_Test_Probability to choose the right action_epoch12": 0.781891130072833, "ENV_Test_Weighted right action_epoch12": 0.8327624259579958, "ENV_Test_Weighted probability to choose the right action:_epoch12": 0.8094398739156485, "ENV_Test_proba_accuracy_epoch12": 0.7818911300728326, "ENV_Test_proba_accuracy_strategy_132_epoch12": 0.8214058356850681, "ENV_Test_proba_accuracy_strategy_23_epoch12": 0.7870872709175198, "ENV_Test_proba_accuracy_strategy_107_epoch12": 0.8342166584113458, "ENV_Test_proba_accuracy_strategy_43_epoch12": 0.772598877916992, "ENV_Test_proba_accuracy_strategy_17_epoch12": 0.7552238649364008, "ENV_Test_proba_accuracy_strategy_93_epoch12": 0.7804013955616065, "ENV_Test_proba_accuracy_per_mean_strategy_epoch12": 0.7918223172381555, "ENV_Test_proba_accuracy_per_mean_user_epoch12": 0.7905033896854956, "ENV_Test_proba_accuracy_per_mean_user_and_bot_epoch12": 0.8094398739156485, "ENV_Test_accuracy_epoch12": 0.8064, "ENV_Test_accuracy_strategy_132_epoch12": 0.8447592067988668, "ENV_Test_accuracy_strategy_23_epoch12": 0.8140248828566812, "ENV_Test_accuracy_strategy_107_epoch12": 0.8571428571428571, "ENV_Test_accuracy_strategy_43_epoch12": 0.7907124681933843, "ENV_Test_accuracy_strategy_17_epoch12": 0.7797186932849365, "ENV_Test_accuracy_strategy_93_epoch12": 0.8031423290203327, "ENV_Test_accuracy_per_mean_strategy_epoch12": 0.8149167395495097, "ENV_Test_accuracy_per_mean_user_epoch12": 0.8126848798863254, "ENV_Test_accuracy_per_mean_user_and_bot_epoch12": 0.8327624259579968, "ENV_Train_TotalLoss_epoch13": 556.5273199371621, "ENV_Train_Right action_epoch13": 0.890256854579502, "ENV_Train_Probability to choose the right action_epoch13": 0.844706340003331, "ENV_Train_Weighted right action_epoch13": 0.890256854579502, "ENV_Train_Weighted probability to choose the right action:_epoch13": 0.844706340003331, "ENV_Test_TotalLoss_epoch13": 330.1365717971837, "ENV_Test_Right action_epoch13": 0.802432, "ENV_Test_Probability to choose the right action_epoch13": 0.7836276245240487, "ENV_Test_Weighted right action_epoch13": 0.8241566168763851, "ENV_Test_Weighted probability to choose the right action:_epoch13": 0.808521836853265, "ENV_Test_proba_accuracy_epoch13": 0.783627624524049, "ENV_Test_proba_accuracy_strategy_132_epoch13": 0.8257789431088903, "ENV_Test_proba_accuracy_strategy_23_epoch13": 0.7915689037210074, "ENV_Test_proba_accuracy_strategy_107_epoch13": 0.830145948102416, "ENV_Test_proba_accuracy_strategy_43_epoch13": 0.7727038166657761, "ENV_Test_proba_accuracy_strategy_17_epoch13": 0.7564101675592252, "ENV_Test_proba_accuracy_strategy_93_epoch13": 0.7700152982234038, "ENV_Test_proba_accuracy_per_mean_strategy_epoch13": 0.7911038462301199, "ENV_Test_proba_accuracy_per_mean_user_epoch13": 0.7926747980534455, "ENV_Test_proba_accuracy_per_mean_user_and_bot_epoch13": 0.8085218368532662, "ENV_Test_accuracy_epoch13": 0.802432, "ENV_Test_accuracy_strategy_132_epoch13": 0.8430594900849858, "ENV_Test_accuracy_strategy_23_epoch13": 0.8114396509936985, "ENV_Test_accuracy_strategy_107_epoch13": 0.8407224958949097, "ENV_Test_accuracy_strategy_43_epoch13": 0.7977099236641222, "ENV_Test_accuracy_strategy_17_epoch13": 0.7749546279491834, "ENV_Test_accuracy_strategy_93_epoch13": 0.7818853974121996, "ENV_Test_accuracy_per_mean_strategy_epoch13": 0.8082952643331832, "ENV_Test_accuracy_per_mean_user_epoch13": 0.8091940327292159, "ENV_Test_accuracy_per_mean_user_and_bot_epoch13": 0.824156616876386, "ENV_Train_TotalLoss_epoch14": 546.7063712999143, "ENV_Train_Right action_epoch14": 0.893498071224912, "ENV_Train_Probability to choose the right action_epoch14": 0.8486277244484614, "ENV_Train_Weighted right action_epoch14": 0.893498071224912, "ENV_Train_Weighted probability to choose the right action:_epoch14": 0.8486277244484614, "ENV_Test_TotalLoss_epoch14": 307.63712637838483, "ENV_Test_Right action_epoch14": 0.801216, "ENV_Test_Probability to choose the right action_epoch14": 0.7813768451728758, "ENV_Test_Weighted right action_epoch14": 0.8251612003629387, "ENV_Test_Weighted probability to choose the right action:_epoch14": 0.8070387358047018, "ENV_Test_proba_accuracy_epoch14": 0.7813768451728755, "ENV_Test_proba_accuracy_strategy_132_epoch14": 0.8186018564276847, "ENV_Test_proba_accuracy_strategy_23_epoch14": 0.7880842464304432, "ENV_Test_proba_accuracy_strategy_107_epoch14": 0.8361525732292561, "ENV_Test_proba_accuracy_strategy_43_epoch14": 0.7659588976231417, "ENV_Test_proba_accuracy_strategy_17_epoch14": 0.7569855200378739, "ENV_Test_proba_accuracy_strategy_93_epoch14": 0.7732264802090201, "ENV_Test_proba_accuracy_per_mean_strategy_epoch14": 0.7898349289929033, "ENV_Test_proba_accuracy_per_mean_user_epoch14": 0.7894572270432488, "ENV_Test_proba_accuracy_per_mean_user_and_bot_epoch14": 0.8070387358047025, "ENV_Test_accuracy_epoch14": 0.801216, "ENV_Test_accuracy_strategy_132_epoch14": 0.8390934844192635, "ENV_Test_accuracy_strategy_23_epoch14": 0.8090159961221522, "ENV_Test_accuracy_strategy_107_epoch14": 0.8604269293924466, "ENV_Test_accuracy_strategy_43_epoch14": 0.7798982188295165, "ENV_Test_accuracy_strategy_17_epoch14": 0.7765426497277677, "ENV_Test_accuracy_strategy_93_epoch14": 0.7929759704251387, "ENV_Test_accuracy_per_mean_strategy_epoch14": 0.8096588748193808, "ENV_Test_accuracy_per_mean_user_epoch14": 0.8078198833195576, "ENV_Test_accuracy_per_mean_user_and_bot_epoch14": 0.8251612003629399, "ENV_Train_TotalLoss_epoch15": 525.6457678371238, "ENV_Train_Right action_epoch15": 0.896852462682395, "ENV_Train_Probability to choose the right action_epoch15": 0.8533796232416999, "ENV_Train_Weighted right action_epoch15": 0.896852462682395, "ENV_Train_Weighted probability to choose the right action:_epoch15": 0.8533796232416999, "ENV_Test_TotalLoss_epoch15": 364.06399023712083, "ENV_Test_Right action_epoch15": 0.801088, "ENV_Test_Probability to choose the right action_epoch15": 0.7831079434721401, "ENV_Test_Weighted right action_epoch15": 0.8309930983285116, "ENV_Test_Weighted probability to choose the right action:_epoch15": 0.814653658102805, "ENV_Test_proba_accuracy_epoch15": 0.783107943472141, "ENV_Test_proba_accuracy_strategy_132_epoch15": 0.8298321555046131, "ENV_Test_proba_accuracy_strategy_23_epoch15": 0.7862931076363666, "ENV_Test_proba_accuracy_strategy_107_epoch15": 0.845671184536296, "ENV_Test_proba_accuracy_strategy_43_epoch15": 0.7692942208776717, "ENV_Test_proba_accuracy_strategy_17_epoch15": 0.7564641047517069, "ENV_Test_proba_accuracy_strategy_93_epoch15": 0.782071884267337, "ENV_Test_proba_accuracy_per_mean_strategy_epoch15": 0.7949377762623318, "ENV_Test_proba_accuracy_per_mean_user_epoch15": 0.7929469247716959, "ENV_Test_proba_accuracy_per_mean_user_and_bot_epoch15": 0.8146536581028051, "ENV_Test_accuracy_epoch15": 0.801088, "ENV_Test_accuracy_strategy_132_epoch15": 0.8487252124645892, "ENV_Test_accuracy_strategy_23_epoch15": 0.8065923412506059, "ENV_Test_accuracy_strategy_107_epoch15": 0.8571428571428571, "ENV_Test_accuracy_strategy_43_epoch15": 0.7837150127226463, "ENV_Test_accuracy_strategy_17_epoch15": 0.772912885662432, "ENV_Test_accuracy_strategy_93_epoch15": 0.800369685767098, "ENV_Test_accuracy_per_mean_strategy_epoch15": 0.8115763325017048, "ENV_Test_accuracy_per_mean_user_epoch15": 0.809448680471659, "ENV_Test_accuracy_per_mean_user_and_bot_epoch15": 0.8309930983285118, "ENV_Train_TotalLoss_epoch16": 504.19517853434, "ENV_Train_Right action_epoch16": 0.9020449240317012, "ENV_Train_Probability to choose the right action_epoch16": 0.8602088734317407, "ENV_Train_Weighted right action_epoch16": 0.9020449240317012, "ENV_Train_Weighted probability to choose the right action:_epoch16": 0.8602088734317407, "ENV_Test_TotalLoss_epoch16": 357.3640748012258, "ENV_Test_Right action_epoch16": 0.80064, "ENV_Test_Probability to choose the right action_epoch16": 0.7865280073309859, "ENV_Test_Weighted right action_epoch16": 0.8297198369515282, "ENV_Test_Weighted probability to choose the right action:_epoch16": 0.814331983162962, "ENV_Test_proba_accuracy_epoch16": 0.7865280073309849, "ENV_Test_proba_accuracy_strategy_132_epoch16": 0.8269680560537003, "ENV_Test_proba_accuracy_strategy_23_epoch16": 0.7943683937900085, "ENV_Test_proba_accuracy_strategy_107_epoch16": 0.8440260152322322, "ENV_Test_proba_accuracy_strategy_43_epoch16": 0.774024819430407, "ENV_Test_proba_accuracy_strategy_17_epoch16": 0.758315846572142, "ENV_Test_proba_accuracy_strategy_93_epoch16": 0.7764513820096707, "ENV_Test_proba_accuracy_per_mean_strategy_epoch16": 0.7956924188480268, "ENV_Test_proba_accuracy_per_mean_user_epoch16": 0.7955941075990615, "ENV_Test_proba_accuracy_per_mean_user_and_bot_epoch16": 0.8143319831629624, "ENV_Test_accuracy_epoch16": 0.80064, "ENV_Test_accuracy_strategy_132_epoch16": 0.8379603399433427, "ENV_Test_accuracy_strategy_23_epoch16": 0.8095007270964615, "ENV_Test_accuracy_strategy_107_epoch16": 0.8620689655172413, "ENV_Test_accuracy_strategy_43_epoch16": 0.7849872773536896, "ENV_Test_accuracy_strategy_17_epoch16": 0.7733666061705989, "ENV_Test_accuracy_strategy_93_epoch16": 0.788354898336414, "ENV_Test_accuracy_per_mean_strategy_epoch16": 0.8093731357362913, "ENV_Test_accuracy_per_mean_user_epoch16": 0.809087383918855, "ENV_Test_accuracy_per_mean_user_and_bot_epoch16": 0.8297198369515296, "ENV_Train_TotalLoss_epoch17": 487.67331557983385, "ENV_Train_Right action_epoch17": 0.9054781308097681, "ENV_Train_Probability to choose the right action_epoch17": 0.8653556694521158, "ENV_Train_Weighted right action_epoch17": 0.9054781308097681, "ENV_Train_Weighted probability to choose the right action:_epoch17": 0.8653556694521158, "ENV_Test_TotalLoss_epoch17": 429.76771638858185, "ENV_Test_Right action_epoch17": 0.794624, "ENV_Test_Probability to choose the right action_epoch17": 0.7820671999603636, "ENV_Test_Weighted right action_epoch17": 0.8240361880083815, "ENV_Test_Weighted probability to choose the right action:_epoch17": 0.809824443701346, "ENV_Test_proba_accuracy_epoch17": 0.782067199960364, "ENV_Test_proba_accuracy_strategy_132_epoch17": 0.8193821708607193, "ENV_Test_proba_accuracy_strategy_23_epoch17": 0.7877557230484504, "ENV_Test_proba_accuracy_strategy_107_epoch17": 0.8388137673259322, "ENV_Test_proba_accuracy_strategy_43_epoch17": 0.7713732136485812, "ENV_Test_proba_accuracy_strategy_17_epoch17": 0.7556732940292866, "ENV_Test_proba_accuracy_strategy_93_epoch17": 0.7797838647195008, "ENV_Test_proba_accuracy_per_mean_strategy_epoch17": 0.7921303389387452, "ENV_Test_proba_accuracy_per_mean_user_epoch17": 0.7924377006475011, "ENV_Test_proba_accuracy_per_mean_user_and_bot_epoch17": 0.8098244437013465, "ENV_Test_accuracy_epoch17": 0.794624, "ENV_Test_accuracy_strategy_132_epoch17": 0.8328611898016998, "ENV_Test_accuracy_strategy_23_epoch17": 0.8007755695588948, "ENV_Test_accuracy_strategy_107_epoch17": 0.8538587848932676, "ENV_Test_accuracy_strategy_43_epoch17": 0.7830788804071247, "ENV_Test_accuracy_strategy_17_epoch17": 0.7661070780399274, "ENV_Test_accuracy_strategy_93_epoch17": 0.7966728280961183, "ENV_Test_accuracy_per_mean_strategy_epoch17": 0.8055590551328389, "ENV_Test_accuracy_per_mean_user_epoch17": 0.805300092323226, "ENV_Test_accuracy_per_mean_user_and_bot_epoch17": 0.8240361880083825, "ENV_Train_TotalLoss_epoch18": 469.35804541150736, "ENV_Train_Right action_epoch18": 0.9087516249423407, "ENV_Train_Probability to choose the right action_epoch18": 0.8704747482291981, "ENV_Train_Weighted right action_epoch18": 0.9087516249423407, "ENV_Train_Weighted probability to choose the right action:_epoch18": 0.8704747482291981, "ENV_Test_TotalLoss_epoch18": 386.89667834711935, "ENV_Test_Right action_epoch18": 0.794176, "ENV_Test_Probability to choose the right action_epoch18": 0.7794363844666917, "ENV_Test_Weighted right action_epoch18": 0.8212698614058573, "ENV_Test_Weighted probability to choose the right action:_epoch18": 0.8096347038890118, "ENV_Test_proba_accuracy_epoch18": 0.779436384466692, "ENV_Test_proba_accuracy_strategy_132_epoch18": 0.8221316969124681, "ENV_Test_proba_accuracy_strategy_23_epoch18": 0.7829433513144753, "ENV_Test_proba_accuracy_strategy_107_epoch18": 0.8355773482944309, "ENV_Test_proba_accuracy_strategy_43_epoch18": 0.768094339291846, "ENV_Test_proba_accuracy_strategy_17_epoch18": 0.7535746425683332, "ENV_Test_proba_accuracy_strategy_93_epoch18": 0.779969251420485, "ENV_Test_proba_accuracy_per_mean_strategy_epoch18": 0.7903817716336731, "ENV_Test_proba_accuracy_per_mean_user_epoch18": 0.7901890889128027, "ENV_Test_proba_accuracy_per_mean_user_and_bot_epoch18": 0.8096347038890107, "ENV_Test_accuracy_epoch18": 0.794176, "ENV_Test_accuracy_strategy_132_epoch18": 0.8322946175637393, "ENV_Test_accuracy_strategy_23_epoch18": 0.799321376635967, "ENV_Test_accuracy_strategy_107_epoch18": 0.8472906403940886, "ENV_Test_accuracy_strategy_43_epoch18": 0.77735368956743, "ENV_Test_accuracy_strategy_17_epoch18": 0.770644283121597, "ENV_Test_accuracy_strategy_93_epoch18": 0.7929759704251387, "ENV_Test_accuracy_per_mean_strategy_epoch18": 0.8033134296179935, "ENV_Test_accuracy_per_mean_user_epoch18": 0.8032739782387315, "ENV_Test_accuracy_per_mean_user_and_bot_epoch18": 0.821269861405858, "ENV_Train_TotalLoss_epoch19": 450.86582463955324, "ENV_Train_Right action_epoch19": 0.913769007155635, "ENV_Train_Probability to choose the right action_epoch19": 0.8758815761429956, "ENV_Train_Weighted right action_epoch19": 0.913769007155635, "ENV_Train_Weighted probability to choose the right action:_epoch19": 0.8758815761429956, "ENV_Test_TotalLoss_epoch19": 385.92479510473726, "ENV_Test_Right action_epoch19": 0.797888, "ENV_Test_Probability to choose the right action_epoch19": 0.7861511909106154, "ENV_Test_Weighted right action_epoch19": 0.8280076955563384, "ENV_Test_Weighted probability to choose the right action:_epoch19": 0.8152941305205186, "ENV_Test_proba_accuracy_epoch19": 0.7861511909106147, "ENV_Test_proba_accuracy_strategy_132_epoch19": 0.8262026364454539, "ENV_Test_proba_accuracy_strategy_23_epoch19": 0.7902325654205634, "ENV_Test_proba_accuracy_strategy_107_epoch19": 0.8421367612068362, "ENV_Test_proba_accuracy_strategy_43_epoch19": 0.7726134452771656, "ENV_Test_proba_accuracy_strategy_17_epoch19": 0.7625946548761858, "ENV_Test_proba_accuracy_strategy_93_epoch19": 0.7815975000178998, "ENV_Test_proba_accuracy_per_mean_strategy_epoch19": 0.7958962605406841, "ENV_Test_proba_accuracy_per_mean_user_epoch19": 0.7964914795565412, "ENV_Test_proba_accuracy_per_mean_user_and_bot_epoch19": 0.8152941305205194, "ENV_Test_accuracy_epoch19": 0.797888, "ENV_Test_accuracy_strategy_132_epoch19": 0.8368271954674221, "ENV_Test_accuracy_strategy_23_epoch19": 0.8007755695588948, "ENV_Test_accuracy_strategy_107_epoch19": 0.8571428571428571, "ENV_Test_accuracy_strategy_43_epoch19": 0.7881679389312977, "ENV_Test_accuracy_strategy_17_epoch19": 0.7747277676950998, "ENV_Test_accuracy_strategy_93_epoch19": 0.7929759704251387, "ENV_Test_accuracy_per_mean_strategy_epoch19": 0.808436216536785, "ENV_Test_accuracy_per_mean_user_epoch19": 0.8086950660746863, "ENV_Test_accuracy_per_mean_user_and_bot_epoch19": 0.8280076955563404, "ENV_Train_TotalLoss_epoch20": 433.16740187270307, "ENV_Train_Right action_epoch20": 0.9170685341272836, "ENV_Train_Probability to choose the right action_epoch20": 0.8803338567903782, "ENV_Train_Weighted right action_epoch20": 0.9170685341272836, "ENV_Train_Weighted probability to choose the right action:_epoch20": 0.8803338567903782, "ENV_Test_TotalLoss_epoch20": 351.6559174335448, "ENV_Test_Right action_epoch20": 0.794688, "ENV_Test_Probability to choose the right action_epoch20": 0.773809239055799, "ENV_Test_Weighted right action_epoch20": 0.82427826751705, "ENV_Test_Weighted probability to choose the right action:_epoch20": 0.8046614058355047, "ENV_Test_proba_accuracy_epoch20": 0.7738092390557983, "ENV_Test_proba_accuracy_strategy_132_epoch20": 0.813649521471323, "ENV_Test_proba_accuracy_strategy_23_epoch20": 0.7788327441439582, "ENV_Test_proba_accuracy_strategy_107_epoch20": 0.8321567453880577, "ENV_Test_proba_accuracy_strategy_43_epoch20": 0.7646523015690027, "ENV_Test_proba_accuracy_strategy_17_epoch20": 0.7468731469174028, "ENV_Test_proba_accuracy_strategy_93_epoch20": 0.7702850219254147, "ENV_Test_proba_accuracy_per_mean_strategy_epoch20": 0.7844082469025264, "ENV_Test_proba_accuracy_per_mean_user_epoch20": 0.7842560967783943, "ENV_Test_proba_accuracy_per_mean_user_and_bot_epoch20": 0.8046614058355052, "ENV_Test_accuracy_epoch20": 0.794688, "ENV_Test_accuracy_strategy_132_epoch20": 0.830028328611898, "ENV_Test_accuracy_strategy_23_epoch20": 0.8059460332848603, "ENV_Test_accuracy_strategy_107_epoch20": 0.8604269293924466, "ENV_Test_accuracy_strategy_43_epoch20": 0.7798982188295165, "ENV_Test_accuracy_strategy_17_epoch20": 0.7611161524500908, "ENV_Test_accuracy_strategy_93_epoch20": 0.7939001848428835, "ENV_Test_accuracy_per_mean_strategy_epoch20": 0.8052193079019493, "ENV_Test_accuracy_per_mean_user_epoch20": 0.8056726485525338, "ENV_Test_accuracy_per_mean_user_and_bot_epoch20": 0.8242782675170512, "ENV_Train_TotalLoss_epoch21": 425.6448932181065, "ENV_Train_Right action_epoch21": 0.9188562164579607, "ENV_Train_Probability to choose the right action_epoch21": 0.8838216789064043, "ENV_Train_Weighted right action_epoch21": 0.9188562164579607, "ENV_Train_Weighted probability to choose the right action:_epoch21": 0.8838216789064043, "ENV_Test_TotalLoss_epoch21": 332.65073728546815, "ENV_Test_Right action_epoch21": 0.798528, "ENV_Test_Probability to choose the right action_epoch21": 0.7784789090218587, "ENV_Test_Weighted right action_epoch21": 0.8237545386788205, "ENV_Test_Weighted probability to choose the right action:_epoch21": 0.8057887317956589, "ENV_Test_proba_accuracy_epoch21": 0.77847890902186, "ENV_Test_proba_accuracy_strategy_132_epoch21": 0.8156203426495875, "ENV_Test_proba_accuracy_strategy_23_epoch21": 0.786196245094446, "ENV_Test_proba_accuracy_strategy_107_epoch21": 0.8348343589833678, "ENV_Test_proba_accuracy_strategy_43_epoch21": 0.7706345564669774, "ENV_Test_proba_accuracy_strategy_17_epoch21": 0.7512574436484175, "ENV_Test_proba_accuracy_strategy_93_epoch21": 0.7643253501028925, "ENV_Test_proba_accuracy_per_mean_strategy_epoch21": 0.7871447161576147, "ENV_Test_proba_accuracy_per_mean_user_epoch21": 0.789025662643769, "ENV_Test_proba_accuracy_per_mean_user_and_bot_epoch21": 0.8057887317956589, "ENV_Test_accuracy_epoch21": 0.798528, "ENV_Test_accuracy_strategy_132_epoch21": 0.8288951841359773, "ENV_Test_accuracy_strategy_23_epoch21": 0.8080465341735337, "ENV_Test_accuracy_strategy_107_epoch21": 0.8522167487684729, "ENV_Test_accuracy_strategy_43_epoch21": 0.7824427480916031, "ENV_Test_accuracy_strategy_17_epoch21": 0.7735934664246824, "ENV_Test_accuracy_strategy_93_epoch21": 0.789279112754159, "ENV_Test_accuracy_per_mean_strategy_epoch21": 0.8057456323914046, "ENV_Test_accuracy_per_mean_user_epoch21": 0.8084785298411714, "ENV_Test_accuracy_per_mean_user_and_bot_epoch21": 0.8237545386788213, "ENV_Train_TotalLoss_epoch22": 429.4668751998414, "ENV_Train_Right action_epoch22": 0.9191463193056507, "ENV_Train_Probability to choose the right action_epoch22": 0.8834336992784243, "ENV_Train_Weighted right action_epoch22": 0.9191463193056507, "ENV_Train_Weighted probability to choose the right action:_epoch22": 0.8834336992784243, "ENV_Test_TotalLoss_epoch22": 371.25666758538966, "ENV_Test_Right action_epoch22": 0.79392, "ENV_Test_Probability to choose the right action_epoch22": 0.7786164538974767, "ENV_Test_Weighted right action_epoch22": 0.8186496832445473, "ENV_Test_Weighted probability to choose the right action:_epoch22": 0.8071085358715356, "ENV_Test_proba_accuracy_epoch22": 0.7786164538974762, "ENV_Test_proba_accuracy_strategy_132_epoch22": 0.8170203702130733, "ENV_Test_proba_accuracy_strategy_23_epoch22": 0.7848182239372692, "ENV_Test_proba_accuracy_strategy_107_epoch22": 0.8362897589468858, "ENV_Test_proba_accuracy_strategy_43_epoch22": 0.7664918344971471, "ENV_Test_proba_accuracy_strategy_17_epoch22": 0.7514604825018973, "ENV_Test_proba_accuracy_strategy_93_epoch22": 0.776282547946118, "ENV_Test_proba_accuracy_per_mean_strategy_epoch22": 0.7887272030070651, "ENV_Test_proba_accuracy_per_mean_user_epoch22": 0.7881963097244745, "ENV_Test_proba_accuracy_per_mean_user_and_bot_epoch22": 0.8071085358715349, "ENV_Test_accuracy_epoch22": 0.79392, "ENV_Test_accuracy_strategy_132_epoch22": 0.8288951841359773, "ENV_Test_accuracy_strategy_23_epoch22": 0.8041686863790596, "ENV_Test_accuracy_strategy_107_epoch22": 0.8472906403940886, "ENV_Test_accuracy_strategy_43_epoch22": 0.7779898218829516, "ENV_Test_accuracy_strategy_17_epoch22": 0.7638384754990926, "ENV_Test_accuracy_strategy_93_epoch22": 0.7939001848428835, "ENV_Test_accuracy_per_mean_strategy_epoch22": 0.8026804988556755, "ENV_Test_accuracy_per_mean_user_epoch22": 0.801537963928404, "ENV_Test_accuracy_per_mean_user_and_bot_epoch22": 0.8186496832445476, "ENV_Train_TotalLoss_epoch23": 394.84485893711457, "ENV_Train_Right action_epoch23": 0.9247368935973947, "ENV_Train_Probability to choose the right action_epoch23": 0.8919445030808807, "ENV_Train_Weighted right action_epoch23": 0.9247368935973947, "ENV_Train_Weighted probability to choose the right action:_epoch23": 0.8919445030808807, "ENV_Test_TotalLoss_epoch23": 366.3771645800938, "ENV_Test_Right action_epoch23": 0.792576, "ENV_Test_Probability to choose the right action_epoch23": 0.7775529730496359, "ENV_Test_Weighted right action_epoch23": 0.8214343858002383, "ENV_Test_Weighted probability to choose the right action:_epoch23": 0.8076965695355861, "ENV_Test_proba_accuracy_epoch23": 0.777552973049636, "ENV_Test_proba_accuracy_strategy_132_epoch23": 0.8162235618680185, "ENV_Test_proba_accuracy_strategy_23_epoch23": 0.7830031245558932, "ENV_Test_proba_accuracy_strategy_107_epoch23": 0.8384310431436338, "ENV_Test_proba_accuracy_strategy_43_epoch23": 0.7640489001248062, "ENV_Test_proba_accuracy_strategy_17_epoch23": 0.7531561835643997, "ENV_Test_proba_accuracy_strategy_93_epoch23": 0.7680429259746248, "ENV_Test_proba_accuracy_per_mean_strategy_epoch23": 0.7871509565385627, "ENV_Test_proba_accuracy_per_mean_user_epoch23": 0.7888842705741366, "ENV_Test_proba_accuracy_per_mean_user_and_bot_epoch23": 0.8076965695355862, "ENV_Test_accuracy_epoch23": 0.792576, "ENV_Test_accuracy_strategy_132_epoch23": 0.8260623229461757, "ENV_Test_accuracy_strategy_23_epoch23": 0.7981903376959121, "ENV_Test_accuracy_strategy_107_epoch23": 0.8587848932676518, "ENV_Test_accuracy_strategy_43_epoch23": 0.77735368956743, "ENV_Test_accuracy_strategy_17_epoch23": 0.7690562613430127, "ENV_Test_accuracy_strategy_93_epoch23": 0.7865064695009242, "ENV_Test_accuracy_per_mean_strategy_epoch23": 0.8026589957201843, "ENV_Test_accuracy_per_mean_user_epoch23": 0.8030019780853845, "ENV_Test_accuracy_per_mean_user_and_bot_epoch23": 0.8214343858002389, "ENV_Train_TotalLoss_epoch24": 383.1679641381994, "ENV_Train_Right action_epoch24": 0.9275090858261112, "ENV_Train_Probability to choose the right action_epoch24": 0.8958333878465479, "ENV_Train_Weighted right action_epoch24": 0.9275090858261112, "ENV_Train_Weighted probability to choose the right action:_epoch24": 0.8958333878465479, "ENV_Test_TotalLoss_epoch24": 380.6765185108638, "ENV_Test_Right action_epoch24": 0.791424, "ENV_Test_Probability to choose the right action_epoch24": 0.7757961484313499, "ENV_Test_Weighted right action_epoch24": 0.8191299002060479, "ENV_Test_Weighted probability to choose the right action:_epoch24": 0.8046696436297057, "ENV_Test_proba_accuracy_epoch24": 0.7757961484313491, "ENV_Test_proba_accuracy_strategy_132_epoch24": 0.8089477027717293, "ENV_Test_proba_accuracy_strategy_23_epoch24": 0.781228304576415, "ENV_Test_proba_accuracy_strategy_107_epoch24": 0.8354717170977312, "ENV_Test_proba_accuracy_strategy_43_epoch24": 0.7654173494699236, "ENV_Test_proba_accuracy_strategy_17_epoch24": 0.7520870916436416, "ENV_Test_proba_accuracy_strategy_93_epoch24": 0.7687263380590449, "ENV_Test_proba_accuracy_per_mean_strategy_epoch24": 0.7853130839364143, "ENV_Test_proba_accuracy_per_mean_user_epoch24": 0.7863826180233323, "ENV_Test_proba_accuracy_per_mean_user_and_bot_epoch24": 0.8046696436297058, "ENV_Test_accuracy_epoch24": 0.791424, "ENV_Test_accuracy_strategy_132_epoch24": 0.8220963172804533, "ENV_Test_accuracy_strategy_23_epoch24": 0.7965745677815479, "ENV_Test_accuracy_strategy_107_epoch24": 0.8489326765188834, "ENV_Test_accuracy_strategy_43_epoch24": 0.7830788804071247, "ENV_Test_accuracy_strategy_17_epoch24": 0.7690562613430127, "ENV_Test_accuracy_strategy_93_epoch24": 0.7828096118299446, "ENV_Test_accuracy_per_mean_strategy_epoch24": 0.8004247191934944, "ENV_Test_accuracy_per_mean_user_epoch24": 0.8025462510319125, "ENV_Test_accuracy_per_mean_user_and_bot_epoch24": 0.8191299002060485, "_wandb": {"runtime": 2504}}