{"ENV_Train_TotalLoss": 684.2099326701997, "ENV_Train_TotalLoss_epoch0": 1076.3832330710136, "ENV_Train_Right action": 0.8680168280990118, "ENV_Train_Right action_epoch0": 0.7740781623328536, "ENV_Train_Probability to choose the right action": 0.8125760546414004, "ENV_Train_Probability to choose the right action_epoch0": 0.6890754120686912, "ENV_Train_Weighted right action": 0.8680168280990118, "ENV_Train_Weighted right action_epoch0": 0.7740781623328536, "ENV_Train_Weighted probability to choose the right action:": 0.8125760546414004, "ENV_Train_Weighted probability to choose the right action:_epoch0": 0.6890754120686912, "_timestamp": 1720482575.340512, "_runtime": 2641.1742770671844, "_step": 49, "ENV_Test_TotalLoss": 200.39484801324733, "ENV_Test_TotalLoss_epoch0": 217.1429481424658, "ENV_Test_Right action": 0.8336, "ENV_Test_Right action_epoch0": 0.800768, "ENV_Test_Probability to choose the right action": 0.7961789834458792, "ENV_Test_Probability to choose the right action_epoch0": 0.7362070342509802, "ENV_Test_Weighted right action": 0.8644820898088726, "ENV_Test_Weighted right action_epoch0": 0.8373867731905066, "ENV_Test_Weighted probability to choose the right action:": 0.8277455381859832, "ENV_Test_Weighted probability to choose the right action:_epoch0": 0.7721378680450206, "ENV_Test_proba_accuracy": 0.7961789834458795, "ENV_Test_proba_accuracy_epoch0": 0.7362070342509806, "ENV_Test_proba_accuracy_strategy_132": 0.8253302381747287, "ENV_Test_proba_accuracy_strategy_132_epoch0": 0.776829096926264, "ENV_Test_proba_accuracy_strategy_23": 0.7986391030312602, "ENV_Test_proba_accuracy_strategy_23_epoch0": 0.7386919318991435, "ENV_Test_proba_accuracy_strategy_107": 0.8632079169417006, "ENV_Test_proba_accuracy_strategy_107_epoch0": 0.8031690330897727, "ENV_Test_proba_accuracy_strategy_43": 0.7938761548352173, "ENV_Test_proba_accuracy_strategy_43_epoch0": 0.7356149555788473, "ENV_Test_proba_accuracy_strategy_17": 0.770055262592722, "ENV_Test_proba_accuracy_strategy_17_epoch0": 0.7058528664279973, "ENV_Test_proba_accuracy_strategy_93": 0.8065996330645332, "ENV_Test_proba_accuracy_strategy_93_epoch0": 0.7425610915311321, "ENV_Test_proba_accuracy_per_mean_strategy": 0.809618051440027, "ENV_Test_proba_accuracy_per_mean_strategy_epoch0": 0.7504531625755262, "ENV_Test_proba_accuracy_per_mean_user": 0.8047538376687431, "ENV_Test_proba_accuracy_per_mean_user_epoch0": 0.7462810851607737, "ENV_Test_proba_accuracy_per_mean_user_and_bot": 0.8277455381859838, "ENV_Test_proba_accuracy_per_mean_user_and_bot_epoch0": 0.7721378680450205, "ENV_Test_accuracy": 0.8336, "ENV_Test_accuracy_epoch0": 0.800768, "ENV_Test_accuracy_strategy_132": 0.8577903682719547, "ENV_Test_accuracy_strategy_132_epoch0": 0.8351274787535411, "ENV_Test_accuracy_strategy_23": 0.8385845855550169, "ENV_Test_accuracy_strategy_23_epoch0": 0.8074002262077881, "ENV_Test_accuracy_strategy_107": 0.8981937602627258, "ENV_Test_accuracy_strategy_107_epoch0": 0.8620689655172413, "ENV_Test_accuracy_strategy_43": 0.833969465648855, "ENV_Test_accuracy_strategy_43_epoch0": 0.7983460559796438, "ENV_Test_accuracy_strategy_17": 0.8060344827586207, "ENV_Test_accuracy_strategy_17_epoch0": 0.7676950998185118, "ENV_Test_accuracy_strategy_93": 0.8410351201478743, "ENV_Test_accuracy_strategy_93_epoch0": 0.8105360443622921, "ENV_Test_accuracy_per_mean_strategy": 0.8459346304408412, "ENV_Test_accuracy_per_mean_strategy_epoch0": 0.8135289784398364, "ENV_Test_accuracy_per_mean_user": 0.8411343452285295, "ENV_Test_accuracy_per_mean_user_epoch0": 0.8100560662285154, "ENV_Test_accuracy_per_mean_user_and_bot": 0.8644820898088728, "ENV_Test_accuracy_per_mean_user_and_bot_epoch0": 0.8373867731905068, "ENV_Train_TotalLoss_epoch1": 945.6776729208347, "ENV_Train_Right action_epoch1": 0.811965334078837, "ENV_Train_Probability to choose the right action_epoch1": 0.7339060300588636, "ENV_Train_Weighted right action_epoch1": 0.811965334078837, "ENV_Train_Weighted probability to choose the right action:_epoch1": 0.7339060300588636, "ENV_Test_TotalLoss_epoch1": 207.42930025824955, "ENV_Test_Right action_epoch1": 0.807488, "ENV_Test_Probability to choose the right action_epoch1": 0.7328167337512502, "ENV_Test_Weighted right action_epoch1": 0.8443717692636842, "ENV_Test_Weighted probability to choose the right action:_epoch1": 0.7631411081464218, "ENV_Test_proba_accuracy_epoch1": 0.73281673375125, "ENV_Test_proba_accuracy_strategy_132_epoch1": 0.7682875621614358, "ENV_Test_proba_accuracy_strategy_23_epoch1": 0.7350606894523332, "ENV_Test_proba_accuracy_strategy_107_epoch1": 0.7966375364448016, "ENV_Test_proba_accuracy_strategy_43_epoch1": 0.7329477398708538, "ENV_Test_proba_accuracy_strategy_17_epoch1": 0.7063736693738814, "ENV_Test_proba_accuracy_strategy_93_epoch1": 0.7337357386838463, "ENV_Test_proba_accuracy_per_mean_strategy_epoch1": 0.7455071559978587, "ENV_Test_proba_accuracy_per_mean_user_epoch1": 0.7415763101451945, "ENV_Test_proba_accuracy_per_mean_user_and_bot_epoch1": 0.7631411081464213, "ENV_Test_accuracy_epoch1": 0.807488, "ENV_Test_accuracy_strategy_132_epoch1": 0.8458923512747876, "ENV_Test_accuracy_strategy_23_epoch1": 0.8044918403619324, "ENV_Test_accuracy_strategy_107_epoch1": 0.8768472906403941, "ENV_Test_accuracy_strategy_43_epoch1": 0.8123409669211196, "ENV_Test_accuracy_strategy_17_epoch1": 0.7826678765880217, "ENV_Test_accuracy_strategy_93_epoch1": 0.8170055452865065, "ENV_Test_accuracy_per_mean_strategy_epoch1": 0.8232076451787936, "ENV_Test_accuracy_per_mean_user_epoch1": 0.8182954435863713, "ENV_Test_accuracy_per_mean_user_and_bot_epoch1": 0.8443717692636843, "ENV_Train_TotalLoss_epoch2": 896.7742326531704, "ENV_Train_Right action_epoch2": 0.8211475295268712, "ENV_Train_Probability to choose the right action_epoch2": 0.7482732311301937, "ENV_Train_Weighted right action_epoch2": 0.8211475295268712, "ENV_Train_Weighted probability to choose the right action:_epoch2": 0.7482732311301937, "ENV_Test_TotalLoss_epoch2": 198.44328739687333, "ENV_Test_Right action_epoch2": 0.822784, "ENV_Test_Probability to choose the right action_epoch2": 0.7680391057025532, "ENV_Test_Weighted right action_epoch2": 0.8558832884367518, "ENV_Test_Weighted probability to choose the right action:_epoch2": 0.8002907481766913, "ENV_Test_proba_accuracy_epoch2": 0.768039105702553, "ENV_Test_proba_accuracy_strategy_132_epoch2": 0.8054434617059766, "ENV_Test_proba_accuracy_strategy_23_epoch2": 0.77245355062927, "ENV_Test_proba_accuracy_strategy_107_epoch2": 0.8362225645656148, "ENV_Test_proba_accuracy_strategy_43_epoch2": 0.7693882270567692, "ENV_Test_proba_accuracy_strategy_17_epoch2": 0.7361864884520178, "ENV_Test_proba_accuracy_strategy_93_epoch2": 0.771201863213119, "ENV_Test_proba_accuracy_per_mean_strategy_epoch2": 0.781816025937128, "ENV_Test_proba_accuracy_per_mean_user_epoch2": 0.7765488218382901, "ENV_Test_proba_accuracy_per_mean_user_and_bot_epoch2": 0.8002907481766919, "ENV_Test_accuracy_epoch2": 0.822784, "ENV_Test_accuracy_strategy_132_epoch2": 0.8504249291784702, "ENV_Test_accuracy_strategy_23_epoch2": 0.8298594280174503, "ENV_Test_accuracy_strategy_107_epoch2": 0.8883415435139573, "ENV_Test_accuracy_strategy_43_epoch2": 0.8199745547073791, "ENV_Test_accuracy_strategy_17_epoch2": 0.7915154264972777, "ENV_Test_accuracy_strategy_93_epoch2": 0.8317929759704251, "ENV_Test_accuracy_per_mean_strategy_epoch2": 0.8353181429808266, "ENV_Test_accuracy_per_mean_user_epoch2": 0.8302981130432012, "ENV_Test_accuracy_per_mean_user_and_bot_epoch2": 0.8558832884367524, "ENV_Train_TotalLoss_epoch3": 863.818735919092, "ENV_Train_Right action_epoch3": 0.8276059644758724, "ENV_Train_Probability to choose the right action_epoch3": 0.7585308757318557, "ENV_Train_Weighted right action_epoch3": 0.8276059644758724, "ENV_Train_Weighted probability to choose the right action:_epoch3": 0.7585308757318557, "ENV_Test_TotalLoss_epoch3": 193.8077736672254, "ENV_Test_Right action_epoch3": 0.825728, "ENV_Test_Probability to choose the right action_epoch3": 0.7752266522935227, "ENV_Test_Weighted right action_epoch3": 0.8611272710239933, "ENV_Test_Weighted probability to choose the right action:_epoch3": 0.8117083011059341, "ENV_Test_proba_accuracy_epoch3": 0.7752266522935217, "ENV_Test_proba_accuracy_strategy_132_epoch3": 0.815321639011729, "ENV_Test_proba_accuracy_strategy_23_epoch3": 0.7770179432283041, "ENV_Test_proba_accuracy_strategy_107_epoch3": 0.8472646928691977, "ENV_Test_proba_accuracy_strategy_43_epoch3": 0.7789626929677727, "ENV_Test_proba_accuracy_strategy_17_epoch3": 0.7432009103756629, "ENV_Test_proba_accuracy_strategy_93_epoch3": 0.784072582580405, "ENV_Test_proba_accuracy_per_mean_strategy_epoch3": 0.7909734101721786, "ENV_Test_proba_accuracy_per_mean_user_epoch3": 0.7845846034826222, "ENV_Test_proba_accuracy_per_mean_user_and_bot_epoch3": 0.811708301105935, "ENV_Test_accuracy_epoch3": 0.825728, "ENV_Test_accuracy_strategy_132_epoch3": 0.8560906515580736, "ENV_Test_accuracy_strategy_23_epoch3": 0.8311520439489417, "ENV_Test_accuracy_strategy_107_epoch3": 0.8850574712643678, "ENV_Test_accuracy_strategy_43_epoch3": 0.8276081424936387, "ENV_Test_accuracy_strategy_17_epoch3": 0.7928765880217786, "ENV_Test_accuracy_strategy_93_epoch3": 0.8428835489833642, "ENV_Test_accuracy_per_mean_strategy_epoch3": 0.8392780743783607, "ENV_Test_accuracy_per_mean_user_epoch3": 0.8330781507033933, "ENV_Test_accuracy_per_mean_user_and_bot_epoch3": 0.8611272710239936, "ENV_Train_TotalLoss_epoch4": 844.5382284402306, "ENV_Train_Right action_epoch4": 0.8337526205450734, "ENV_Train_Probability to choose the right action_epoch4": 0.7650435162879515, "ENV_Train_Weighted right action_epoch4": 0.8337526205450734, "ENV_Train_Weighted probability to choose the right action:_epoch4": 0.7650435162879515, "ENV_Test_TotalLoss_epoch4": 193.29142265049285, "ENV_Test_Right action_epoch4": 0.82528, "ENV_Test_Probability to choose the right action_epoch4": 0.7697926731113421, "ENV_Test_Weighted right action_epoch4": 0.8567528587678892, "ENV_Test_Weighted probability to choose the right action:_epoch4": 0.8016768492879168, "ENV_Test_proba_accuracy_epoch4": 0.7697926731113407, "ENV_Test_proba_accuracy_strategy_132_epoch4": 0.8049586122928427, "ENV_Test_proba_accuracy_strategy_23_epoch4": 0.7742306622128979, "ENV_Test_proba_accuracy_strategy_107_epoch4": 0.838064304717842, "ENV_Test_proba_accuracy_strategy_43_epoch4": 0.7625564317673806, "ENV_Test_proba_accuracy_strategy_17_epoch4": 0.7415536348121229, "ENV_Test_proba_accuracy_strategy_93_epoch4": 0.7741744026514598, "ENV_Test_proba_accuracy_per_mean_strategy_epoch4": 0.7825896747424244, "ENV_Test_proba_accuracy_per_mean_user_epoch4": 0.7787059357524632, "ENV_Test_proba_accuracy_per_mean_user_and_bot_epoch4": 0.8016768492879166, "ENV_Test_accuracy_epoch4": 0.82528, "ENV_Test_accuracy_strategy_132_epoch4": 0.8504249291784702, "ENV_Test_accuracy_strategy_23_epoch4": 0.8306673129746324, "ENV_Test_accuracy_strategy_107_epoch4": 0.8817733990147784, "ENV_Test_accuracy_strategy_43_epoch4": 0.8199745547073791, "ENV_Test_accuracy_strategy_17_epoch4": 0.8001361161524501, "ENV_Test_accuracy_strategy_93_epoch4": 0.8317929759704251, "ENV_Test_accuracy_per_mean_strategy_epoch4": 0.8357948813330225, "ENV_Test_accuracy_per_mean_user_epoch4": 0.8347383460757137, "ENV_Test_accuracy_per_mean_user_and_bot_epoch4": 0.8567528587678891, "ENV_Train_TotalLoss_epoch5": 822.1254132057825, "ENV_Train_Right action_epoch5": 0.8381442290219321, "ENV_Train_Probability to choose the right action_epoch5": 0.7713583682794759, "ENV_Train_Weighted right action_epoch5": 0.8381442290219321, "ENV_Train_Weighted probability to choose the right action:_epoch5": 0.7713583682794759, "ENV_Test_TotalLoss_epoch5": 189.06047025537728, "ENV_Test_Right action_epoch5": 0.829824, "ENV_Test_Probability to choose the right action_epoch5": 0.7779846753067476, "ENV_Test_Weighted right action_epoch5": 0.8627925654942228, "ENV_Test_Weighted probability to choose the right action:_epoch5": 0.8093235544722321, "ENV_Test_proba_accuracy_epoch5": 0.7779846753067472, "ENV_Test_proba_accuracy_strategy_132_epoch5": 0.8126866269617853, "ENV_Test_proba_accuracy_strategy_23_epoch5": 0.7803432474487961, "ENV_Test_proba_accuracy_strategy_107_epoch5": 0.848307437821835, "ENV_Test_proba_accuracy_strategy_43_epoch5": 0.7724306724698642, "ENV_Test_proba_accuracy_strategy_17_epoch5": 0.7510690483389378, "ENV_Test_proba_accuracy_strategy_93_epoch5": 0.7860274351068502, "ENV_Test_proba_accuracy_per_mean_strategy_epoch5": 0.7918107446913446, "ENV_Test_proba_accuracy_per_mean_user_epoch5": 0.7856753122844913, "ENV_Test_proba_accuracy_per_mean_user_and_bot_epoch5": 0.809323554472232, "ENV_Test_accuracy_epoch5": 0.829824, "ENV_Test_accuracy_strategy_132_epoch5": 0.8628895184135977, "ENV_Test_accuracy_strategy_23_epoch5": 0.8334141218290515, "ENV_Test_accuracy_strategy_107_epoch5": 0.896551724137931, "ENV_Test_accuracy_strategy_43_epoch5": 0.8295165394402035, "ENV_Test_accuracy_strategy_17_epoch5": 0.8001361161524501, "ENV_Test_accuracy_strategy_93_epoch5": 0.8391866913123844, "ENV_Test_accuracy_per_mean_strategy_epoch5": 0.8436157852142697, "ENV_Test_accuracy_per_mean_user_epoch5": 0.8374118539494522, "ENV_Test_accuracy_per_mean_user_and_bot_epoch5": 0.862792565494223, "ENV_Train_TotalLoss_epoch6": 803.6223158794469, "ENV_Train_Right action_epoch6": 0.8438294898672257, "ENV_Train_Probability to choose the right action_epoch6": 0.777486044096293, "ENV_Train_Weighted right action_epoch6": 0.8438294898672257, "ENV_Train_Weighted probability to choose the right action:_epoch6": 0.777486044096293, "ENV_Test_TotalLoss_epoch6": 189.9757370181898, "ENV_Test_Right action_epoch6": 0.830144, "ENV_Test_Probability to choose the right action_epoch6": 0.7852307269597576, "ENV_Test_Weighted right action_epoch6": 0.8629515944488144, "ENV_Test_Weighted probability to choose the right action:_epoch6": 0.8148552427932865, "ENV_Test_proba_accuracy_epoch6": 0.7852307269597578, "ENV_Test_proba_accuracy_strategy_132_epoch6": 0.8140990570261853, "ENV_Test_proba_accuracy_strategy_23_epoch6": 0.7895317157480813, "ENV_Test_proba_accuracy_strategy_107_epoch6": 0.8447366611626284, "ENV_Test_proba_accuracy_strategy_43_epoch6": 0.7824265680035374, "ENV_Test_proba_accuracy_strategy_17_epoch6": 0.7589746709239477, "ENV_Test_proba_accuracy_strategy_93_epoch6": 0.7910849753676173, "ENV_Test_proba_accuracy_per_mean_strategy_epoch6": 0.7968089413719995, "ENV_Test_proba_accuracy_per_mean_user_epoch6": 0.7926463316921838, "ENV_Test_proba_accuracy_per_mean_user_and_bot_epoch6": 0.8148552427932862, "ENV_Test_accuracy_epoch6": 0.830144, "ENV_Test_accuracy_strategy_132_epoch6": 0.8572237960339943, "ENV_Test_accuracy_strategy_23_epoch6": 0.8348683147519793, "ENV_Test_accuracy_strategy_107_epoch6": 0.8916256157635468, "ENV_Test_accuracy_strategy_43_epoch6": 0.8358778625954199, "ENV_Test_accuracy_strategy_17_epoch6": 0.7990018148820327, "ENV_Test_accuracy_strategy_93_epoch6": 0.8428835489833642, "ENV_Test_accuracy_per_mean_strategy_epoch6": 0.8435801588350563, "ENV_Test_accuracy_per_mean_user_epoch6": 0.8371076670087406, "ENV_Test_accuracy_per_mean_user_and_bot_epoch6": 0.8629515944488154, "ENV_Train_TotalLoss_epoch7": 790.9497477927835, "ENV_Train_Right action_epoch7": 0.846410801140493, "ENV_Train_Probability to choose the right action_epoch7": 0.7812774966950615, "ENV_Train_Weighted right action_epoch7": 0.846410801140493, "ENV_Train_Weighted probability to choose the right action:_epoch7": 0.7812774966950615, "ENV_Test_TotalLoss_epoch7": 196.41070197614508, "ENV_Test_Right action_epoch7": 0.831168, "ENV_Test_Probability to choose the right action_epoch7": 0.7867849065885637, "ENV_Test_Weighted right action_epoch7": 0.8595919712882105, "ENV_Test_Weighted probability to choose the right action:_epoch7": 0.8207622178443287, "ENV_Test_proba_accuracy_epoch7": 0.7867849065885639, "ENV_Test_proba_accuracy_strategy_132_epoch7": 0.8255822271185898, "ENV_Test_proba_accuracy_strategy_23_epoch7": 0.7880742732469688, "ENV_Test_proba_accuracy_strategy_107_epoch7": 0.8546754646050955, "ENV_Test_proba_accuracy_strategy_43_epoch7": 0.7814305449774617, "ENV_Test_proba_accuracy_strategy_17_epoch7": 0.7594367277827283, "ENV_Test_proba_accuracy_strategy_93_epoch7": 0.7971040542894369, "ENV_Test_proba_accuracy_per_mean_strategy_epoch7": 0.8010505486700468, "ENV_Test_proba_accuracy_per_mean_user_epoch7": 0.7954106518622055, "ENV_Test_proba_accuracy_per_mean_user_and_bot_epoch7": 0.8207622178443287, "ENV_Test_accuracy_epoch7": 0.831168, "ENV_Test_accuracy_strategy_132_epoch7": 0.863456090651558, "ENV_Test_accuracy_strategy_23_epoch7": 0.8372919696235256, "ENV_Test_accuracy_strategy_107_epoch7": 0.8883415435139573, "ENV_Test_accuracy_strategy_43_epoch7": 0.8231552162849872, "ENV_Test_accuracy_strategy_17_epoch7": 0.801497277676951, "ENV_Test_accuracy_strategy_93_epoch7": 0.8438077634011091, "ENV_Test_accuracy_per_mean_strategy_epoch7": 0.8429249768586814, "ENV_Test_accuracy_per_mean_user_epoch7": 0.8377738610402051, "ENV_Test_accuracy_per_mean_user_and_bot_epoch7": 0.8595919712882107, "ENV_Train_TotalLoss_epoch8": 772.0737652562012, "ENV_Train_Right action_epoch8": 0.8487470125368628, "ENV_Train_Probability to choose the right action_epoch8": 0.7860943821776936, "ENV_Train_Weighted right action_epoch8": 0.8487470125368628, "ENV_Train_Weighted probability to choose the right action:_epoch8": 0.7860943821776936, "ENV_Test_TotalLoss_epoch8": 197.41366958079533, "ENV_Test_Right action_epoch8": 0.835264, "ENV_Test_Probability to choose the right action_epoch8": 0.7893081424839562, "ENV_Test_Weighted right action_epoch8": 0.8672143491615147, "ENV_Test_Weighted probability to choose the right action:_epoch8": 0.8246858499474544, "ENV_Test_proba_accuracy_epoch8": 0.7893081424839562, "ENV_Test_proba_accuracy_strategy_132_epoch8": 0.8265930347373073, "ENV_Test_proba_accuracy_strategy_23_epoch8": 0.7914786529266988, "ENV_Test_proba_accuracy_strategy_107_epoch8": 0.8609210905303355, "ENV_Test_proba_accuracy_strategy_43_epoch8": 0.7884108285256458, "ENV_Test_proba_accuracy_strategy_17_epoch8": 0.7607636341108059, "ENV_Test_proba_accuracy_strategy_93_epoch8": 0.7933574596131296, "ENV_Test_proba_accuracy_per_mean_strategy_epoch8": 0.8035874500739872, "ENV_Test_proba_accuracy_per_mean_user_epoch8": 0.7993923448155883, "ENV_Test_proba_accuracy_per_mean_user_and_bot_epoch8": 0.8246858499474543, "ENV_Test_accuracy_epoch8": 0.835264, "ENV_Test_accuracy_strategy_132_epoch8": 0.8543909348441926, "ENV_Test_accuracy_strategy_23_epoch8": 0.8398772014865084, "ENV_Test_accuracy_strategy_107_epoch8": 0.9014778325123153, "ENV_Test_accuracy_strategy_43_epoch8": 0.8282442748091603, "ENV_Test_accuracy_strategy_17_epoch8": 0.8119328493647913, "ENV_Test_accuracy_strategy_93_epoch8": 0.8456561922365989, "ENV_Test_accuracy_per_mean_strategy_epoch8": 0.8469298808755945, "ENV_Test_accuracy_per_mean_user_epoch8": 0.8425645452425806, "ENV_Test_accuracy_per_mean_user_and_bot_epoch8": 0.8672143491615145, "ENV_Train_TotalLoss_epoch9": 762.5572545067191, "ENV_Train_Right action_epoch9": 0.8520630660852063, "ENV_Train_Probability to choose the right action_epoch9": 0.788892776073361, "ENV_Train_Weighted right action_epoch9": 0.8520630660852063, "ENV_Train_Weighted probability to choose the right action:_epoch9": 0.788892776073361, "ENV_Test_TotalLoss_epoch9": 192.15779568103443, "ENV_Test_Right action_epoch9": 0.836608, "ENV_Test_Probability to choose the right action_epoch9": 0.7894837870532908, "ENV_Test_Weighted right action_epoch9": 0.8678924701578944, "ENV_Test_Weighted probability to choose the right action:_epoch9": 0.8200407225261933, "ENV_Test_proba_accuracy_epoch9": 0.7894837870532903, "ENV_Test_proba_accuracy_strategy_132_epoch9": 0.824175930358818, "ENV_Test_proba_accuracy_strategy_23_epoch9": 0.7918970904875504, "ENV_Test_proba_accuracy_strategy_107_epoch9": 0.854640205845888, "ENV_Test_proba_accuracy_strategy_43_epoch9": 0.7867065152252537, "ENV_Test_proba_accuracy_strategy_17_epoch9": 0.7626438765630005, "ENV_Test_proba_accuracy_strategy_93_epoch9": 0.7957946648918173, "ENV_Test_proba_accuracy_per_mean_strategy_epoch9": 0.8026430472287213, "ENV_Test_proba_accuracy_per_mean_user_epoch9": 0.7971465731524991, "ENV_Test_proba_accuracy_per_mean_user_and_bot_epoch9": 0.8200407225261923, "ENV_Test_accuracy_epoch9": 0.836608, "ENV_Test_accuracy_strategy_132_epoch9": 0.8668555240793201, "ENV_Test_accuracy_strategy_23_epoch9": 0.8400387784779447, "ENV_Test_accuracy_strategy_107_epoch9": 0.90311986863711, "ENV_Test_accuracy_strategy_43_epoch9": 0.8377862595419847, "ENV_Test_accuracy_strategy_17_epoch9": 0.8073956442831216, "ENV_Test_accuracy_strategy_93_epoch9": 0.8475046210720887, "ENV_Test_accuracy_per_mean_strategy_epoch9": 0.8504501160152614, "ENV_Test_accuracy_per_mean_user_epoch9": 0.8436455499933934, "ENV_Test_accuracy_per_mean_user_and_bot_epoch9": 0.8678924701578943, "ENV_Train_TotalLoss_epoch10": 755.927615834566, "ENV_Train_Right action_epoch10": 0.854687237967466, "ENV_Train_Probability to choose the right action_epoch10": 0.7921972090938109, "ENV_Train_Weighted right action_epoch10": 0.854687237967466, "ENV_Train_Weighted probability to choose the right action:_epoch10": 0.7921972090938109, "ENV_Test_TotalLoss_epoch10": 196.62811596952082, "ENV_Test_Right action_epoch10": 0.832384, "ENV_Test_Probability to choose the right action_epoch10": 0.7870777228736118, "ENV_Test_Weighted right action_epoch10": 0.8639492741686888, "ENV_Test_Weighted probability to choose the right action:_epoch10": 0.8207352739967548, "ENV_Test_proba_accuracy_epoch10": 0.7870777228736117, "ENV_Test_proba_accuracy_strategy_132_epoch10": 0.8229519999961046, "ENV_Test_proba_accuracy_strategy_23_epoch10": 0.7904052091404656, "ENV_Test_proba_accuracy_strategy_107_epoch10": 0.8542418406962349, "ENV_Test_proba_accuracy_strategy_43_epoch10": 0.784180454263773, "ENV_Test_proba_accuracy_strategy_17_epoch10": 0.7583703914837371, "ENV_Test_proba_accuracy_strategy_93_epoch10": 0.7928832345561406, "ENV_Test_proba_accuracy_per_mean_strategy_epoch10": 0.8005055216894092, "ENV_Test_proba_accuracy_per_mean_user_epoch10": 0.7967993923086585, "ENV_Test_proba_accuracy_per_mean_user_and_bot_epoch10": 0.8207352739967537, "ENV_Test_accuracy_epoch10": 0.832384, "ENV_Test_accuracy_strategy_132_epoch10": 0.8628895184135977, "ENV_Test_accuracy_strategy_23_epoch10": 0.8363225076749071, "ENV_Test_accuracy_strategy_107_epoch10": 0.9047619047619048, "ENV_Test_accuracy_strategy_43_epoch10": 0.8263358778625954, "ENV_Test_accuracy_strategy_17_epoch10": 0.8044464609800362, "ENV_Test_accuracy_strategy_93_epoch10": 0.8419593345656192, "ENV_Test_accuracy_per_mean_strategy_epoch10": 0.8461192673764434, "ENV_Test_accuracy_per_mean_user_epoch10": 0.8401410708969799, "ENV_Test_accuracy_per_mean_user_and_bot_epoch10": 0.8639492741686893, "ENV_Train_TotalLoss_epoch11": 748.6096001480253, "ENV_Train_Right action_epoch11": 0.8552999385028233, "ENV_Train_Probability to choose the right action_epoch11": 0.7939414745897151, "ENV_Train_Weighted right action_epoch11": 0.8552999385028233, "ENV_Train_Weighted probability to choose the right action:_epoch11": 0.7939414745897151, "ENV_Test_TotalLoss_epoch11": 204.64026858426274, "ENV_Test_Right action_epoch11": 0.830656, "ENV_Test_Probability to choose the right action_epoch11": 0.7916711938626684, "ENV_Test_Weighted right action_epoch11": 0.8635940072161267, "ENV_Test_Weighted probability to choose the right action:_epoch11": 0.8265830923265708, "ENV_Test_proba_accuracy_epoch11": 0.7916711938626687, "ENV_Test_proba_accuracy_strategy_132_epoch11": 0.8281681819499345, "ENV_Test_proba_accuracy_strategy_23_epoch11": 0.7921335677166323, "ENV_Test_proba_accuracy_strategy_107_epoch11": 0.8636921654123018, "ENV_Test_proba_accuracy_strategy_43_epoch11": 0.7937439538018445, "ENV_Test_proba_accuracy_strategy_17_epoch11": 0.763586790069187, "ENV_Test_proba_accuracy_strategy_93_epoch11": 0.8003570403204807, "ENV_Test_proba_accuracy_per_mean_strategy_epoch11": 0.8069469498783967, "ENV_Test_proba_accuracy_per_mean_user_epoch11": 0.8023190376794753, "ENV_Test_proba_accuracy_per_mean_user_and_bot_epoch11": 0.8265830923265696, "ENV_Test_accuracy_epoch11": 0.830656, "ENV_Test_accuracy_strategy_132_epoch11": 0.8611898016997167, "ENV_Test_accuracy_strategy_23_epoch11": 0.8340604297947972, "ENV_Test_accuracy_strategy_107_epoch11": 0.896551724137931, "ENV_Test_accuracy_strategy_43_epoch11": 0.8326972010178118, "ENV_Test_accuracy_strategy_17_epoch11": 0.800589836660617, "ENV_Test_accuracy_strategy_93_epoch11": 0.8438077634011091, "ENV_Test_accuracy_per_mean_strategy_epoch11": 0.8448161261186639, "ENV_Test_accuracy_per_mean_user_epoch11": 0.8394049617853232, "ENV_Test_accuracy_per_mean_user_and_bot_epoch11": 0.8635940072161269, "ENV_Train_TotalLoss_epoch12": 745.9496402076794, "ENV_Train_Right action_epoch12": 0.8553797556816594, "ENV_Train_Probability to choose the right action_epoch12": 0.7946334296705174, "ENV_Train_Weighted right action_epoch12": 0.8553797556816594, "ENV_Train_Weighted probability to choose the right action:_epoch12": 0.7946334296705174, "ENV_Test_TotalLoss_epoch12": 192.4480181545488, "ENV_Test_Right action_epoch12": 0.833088, "ENV_Test_Probability to choose the right action_epoch12": 0.7809675746851734, "ENV_Test_Weighted right action_epoch12": 0.8638684254457186, "ENV_Test_Weighted probability to choose the right action:_epoch12": 0.8143232995885824, "ENV_Test_proba_accuracy_epoch12": 0.7809675746851745, "ENV_Test_proba_accuracy_strategy_132_epoch12": 0.8181228445741527, "ENV_Test_proba_accuracy_strategy_23_epoch12": 0.7818835351877563, "ENV_Test_proba_accuracy_strategy_107_epoch12": 0.8460696273471775, "ENV_Test_proba_accuracy_strategy_43_epoch12": 0.781239909640711, "ENV_Test_proba_accuracy_strategy_17_epoch12": 0.754694536892369, "ENV_Test_proba_accuracy_strategy_93_epoch12": 0.7851157808449681, "ENV_Test_proba_accuracy_per_mean_strategy_epoch12": 0.7945210390811891, "ENV_Test_proba_accuracy_per_mean_user_epoch12": 0.7908453945875471, "ENV_Test_proba_accuracy_per_mean_user_and_bot_epoch12": 0.8143232995885819, "ENV_Test_accuracy_epoch12": 0.833088, "ENV_Test_accuracy_strategy_132_epoch12": 0.8594900849858357, "ENV_Test_accuracy_strategy_23_epoch12": 0.833575698820488, "ENV_Test_accuracy_strategy_107_epoch12": 0.8899835796387521, "ENV_Test_accuracy_strategy_43_epoch12": 0.8326972010178118, "ENV_Test_accuracy_strategy_17_epoch12": 0.8112522686025408, "ENV_Test_accuracy_strategy_93_epoch12": 0.844731977818854, "ENV_Test_accuracy_per_mean_strategy_epoch12": 0.8452884684807137, "ENV_Test_accuracy_per_mean_user_epoch12": 0.8409348964819313, "ENV_Test_accuracy_per_mean_user_and_bot_epoch12": 0.8638684254457184, "ENV_Train_TotalLoss_epoch13": 733.4580366267992, "ENV_Train_Right action_epoch13": 0.8591956834733502, "ENV_Train_Probability to choose the right action_epoch13": 0.7979689921614375, "ENV_Train_Weighted right action_epoch13": 0.8591956834733502, "ENV_Train_Weighted probability to choose the right action:_epoch13": 0.7979689921614375, "ENV_Test_TotalLoss_epoch13": 193.58432358335835, "ENV_Test_Right action_epoch13": 0.835904, "ENV_Test_Probability to choose the right action_epoch13": 0.7880616446582862, "ENV_Test_Weighted right action_epoch13": 0.8672652193441966, "ENV_Test_Weighted probability to choose the right action:_epoch13": 0.8185800833576704, "ENV_Test_proba_accuracy_epoch13": 0.7880616446582875, "ENV_Test_proba_accuracy_strategy_132_epoch13": 0.8197801634370944, "ENV_Test_proba_accuracy_strategy_23_epoch13": 0.7914572514529558, "ENV_Test_proba_accuracy_strategy_107_epoch13": 0.8514973339180946, "ENV_Test_proba_accuracy_strategy_43_epoch13": 0.7850028172400937, "ENV_Test_proba_accuracy_strategy_17_epoch13": 0.7606156732241568, "ENV_Test_proba_accuracy_strategy_93_epoch13": 0.7974510974559135, "ENV_Test_proba_accuracy_per_mean_strategy_epoch13": 0.8009673894547182, "ENV_Test_proba_accuracy_per_mean_user_epoch13": 0.7968924642830331, "ENV_Test_proba_accuracy_per_mean_user_and_bot_epoch13": 0.8185800833576717, "ENV_Test_accuracy_epoch13": 0.835904, "ENV_Test_accuracy_strategy_132_epoch13": 0.861756373937677, "ENV_Test_accuracy_strategy_23_epoch13": 0.8398772014865084, "ENV_Test_accuracy_strategy_107_epoch13": 0.896551724137931, "ENV_Test_accuracy_strategy_43_epoch13": 0.8371501272264631, "ENV_Test_accuracy_strategy_17_epoch13": 0.8062613430127041, "ENV_Test_accuracy_strategy_93_epoch13": 0.8558225508317929, "ENV_Test_accuracy_per_mean_strategy_epoch13": 0.8495698867721794, "ENV_Test_accuracy_per_mean_user_epoch13": 0.844576494351585, "ENV_Test_accuracy_per_mean_user_and_bot_epoch13": 0.8672652193441961, "ENV_Train_TotalLoss_epoch14": 728.4970155241579, "ENV_Train_Right action_epoch14": 0.85861803954447, "ENV_Train_Probability to choose the right action_epoch14": 0.7999233627080604, "ENV_Train_Weighted right action_epoch14": 0.85861803954447, "ENV_Train_Weighted probability to choose the right action:_epoch14": 0.7999233627080604, "ENV_Test_TotalLoss_epoch14": 197.52937846985114, "ENV_Test_Right action_epoch14": 0.828928, "ENV_Test_Probability to choose the right action_epoch14": 0.7777178401859097, "ENV_Test_Weighted right action_epoch14": 0.8604159864716514, "ENV_Test_Weighted probability to choose the right action:_epoch14": 0.8076054705417329, "ENV_Test_proba_accuracy_epoch14": 0.7777178401859093, "ENV_Test_proba_accuracy_strategy_132_epoch14": 0.8157840208483366, "ENV_Test_proba_accuracy_strategy_23_epoch14": 0.778970107054773, "ENV_Test_proba_accuracy_strategy_107_epoch14": 0.8408656490229954, "ENV_Test_proba_accuracy_strategy_43_epoch14": 0.7732160839809052, "ENV_Test_proba_accuracy_strategy_17_epoch14": 0.7517983907192393, "ENV_Test_proba_accuracy_strategy_93_epoch14": 0.7850520267857071, "ENV_Test_proba_accuracy_per_mean_strategy_epoch14": 0.7909477130686596, "ENV_Test_proba_accuracy_per_mean_user_epoch14": 0.786002573706663, "ENV_Test_proba_accuracy_per_mean_user_and_bot_epoch14": 0.8076054705417332, "ENV_Test_accuracy_epoch14": 0.828928, "ENV_Test_accuracy_strategy_132_epoch14": 0.861756373937677, "ENV_Test_accuracy_strategy_23_epoch14": 0.8298594280174503, "ENV_Test_accuracy_strategy_107_epoch14": 0.9014778325123153, "ENV_Test_accuracy_strategy_43_epoch14": 0.833969465648855, "ENV_Test_accuracy_strategy_17_epoch14": 0.8003629764065335, "ENV_Test_accuracy_strategy_93_epoch14": 0.8382624768946395, "ENV_Test_accuracy_per_mean_strategy_epoch14": 0.8442814255695784, "ENV_Test_accuracy_per_mean_user_epoch14": 0.8369923532353377, "ENV_Test_accuracy_per_mean_user_and_bot_epoch14": 0.8604159864716514, "ENV_Train_TotalLoss_epoch15": 718.7502678063353, "ENV_Train_Right action_epoch15": 0.8618655558506549, "ENV_Train_Probability to choose the right action_epoch15": 0.8018505872158711, "ENV_Train_Weighted right action_epoch15": 0.8618655558506549, "ENV_Train_Weighted probability to choose the right action:_epoch15": 0.8018505872158711, "ENV_Test_TotalLoss_epoch15": 194.2839955488126, "ENV_Test_Right action_epoch15": 0.836736, "ENV_Test_Probability to choose the right action_epoch15": 0.796157185615133, "ENV_Test_Weighted right action_epoch15": 0.8695279673963678, "ENV_Test_Weighted probability to choose the right action:_epoch15": 0.8278656127762998, "ENV_Test_proba_accuracy_epoch15": 0.7961571856151338, "ENV_Test_proba_accuracy_strategy_132_epoch15": 0.8268905741654533, "ENV_Test_proba_accuracy_strategy_23_epoch15": 0.7986102116477589, "ENV_Test_proba_accuracy_strategy_107_epoch15": 0.8564208446145601, "ENV_Test_proba_accuracy_strategy_43_epoch15": 0.7886012605924263, "ENV_Test_proba_accuracy_strategy_17_epoch15": 0.7719730007205651, "ENV_Test_proba_accuracy_strategy_93_epoch15": 0.8075758768471805, "ENV_Test_proba_accuracy_per_mean_strategy_epoch15": 0.8083452947646576, "ENV_Test_proba_accuracy_per_mean_user_epoch15": 0.8045993092385435, "ENV_Test_proba_accuracy_per_mean_user_and_bot_epoch15": 0.8278656127762986, "ENV_Test_accuracy_epoch15": 0.836736, "ENV_Test_accuracy_strategy_132_epoch15": 0.863456090651558, "ENV_Test_accuracy_strategy_23_epoch15": 0.841331394409436, "ENV_Test_accuracy_strategy_107_epoch15": 0.896551724137931, "ENV_Test_accuracy_strategy_43_epoch15": 0.8282442748091603, "ENV_Test_accuracy_strategy_17_epoch15": 0.8092105263157895, "ENV_Test_accuracy_strategy_93_epoch15": 0.8576709796672828, "ENV_Test_accuracy_per_mean_strategy_epoch15": 0.849410831665193, "ENV_Test_accuracy_per_mean_user_epoch15": 0.8447800448630668, "ENV_Test_accuracy_per_mean_user_and_bot_epoch15": 0.8695279673963672, "ENV_Train_TotalLoss_epoch16": 710.8320075006405, "ENV_Train_Right action_epoch16": 0.8626382074614557, "ENV_Train_Probability to choose the right action_epoch16": 0.8044325348074965, "ENV_Train_Weighted right action_epoch16": 0.8626382074614557, "ENV_Train_Weighted probability to choose the right action:_epoch16": 0.8044325348074965, "ENV_Test_TotalLoss_epoch16": 198.12965282755457, "ENV_Test_Right action_epoch16": 0.836544, "ENV_Test_Probability to choose the right action_epoch16": 0.7931124960711344, "ENV_Test_Weighted right action_epoch16": 0.8646495425215532, "ENV_Test_Weighted probability to choose the right action:_epoch16": 0.8227709221531366, "ENV_Test_proba_accuracy_epoch16": 0.7931124960711352, "ENV_Test_proba_accuracy_strategy_132_epoch16": 0.8245954101064027, "ENV_Test_proba_accuracy_strategy_23_epoch16": 0.7946831243556941, "ENV_Test_proba_accuracy_strategy_107_epoch16": 0.8533216285124875, "ENV_Test_proba_accuracy_strategy_43_epoch16": 0.7935689487123744, "ENV_Test_proba_accuracy_strategy_17_epoch16": 0.7680772535495074, "ENV_Test_proba_accuracy_strategy_93_epoch16": 0.8002127567930789, "ENV_Test_proba_accuracy_per_mean_strategy_epoch16": 0.8057431870049241, "ENV_Test_proba_accuracy_per_mean_user_epoch16": 0.8012634682295224, "ENV_Test_proba_accuracy_per_mean_user_and_bot_epoch16": 0.8227709221531365, "ENV_Test_accuracy_epoch16": 0.836544, "ENV_Test_accuracy_strategy_132_epoch16": 0.8645892351274788, "ENV_Test_accuracy_strategy_23_epoch16": 0.8400387784779447, "ENV_Test_accuracy_strategy_107_epoch16": 0.8899835796387521, "ENV_Test_accuracy_strategy_43_epoch16": 0.8384223918575063, "ENV_Test_accuracy_strategy_17_epoch16": 0.8105716878402904, "ENV_Test_accuracy_strategy_93_epoch16": 0.8438077634011091, "ENV_Test_accuracy_per_mean_strategy_epoch16": 0.8479022393905136, "ENV_Test_accuracy_per_mean_user_epoch16": 0.842250028944092, "ENV_Test_accuracy_per_mean_user_and_bot_epoch16": 0.8646495425215543, "ENV_Train_TotalLoss_epoch17": 711.9546198834305, "ENV_Train_Right action_epoch17": 0.8630397405610926, "ENV_Train_Probability to choose the right action_epoch17": 0.8043025732193877, "ENV_Train_Weighted right action_epoch17": 0.8630397405610926, "ENV_Train_Weighted probability to choose the right action:_epoch17": 0.8043025732193877, "ENV_Test_TotalLoss_epoch17": 190.8483708850447, "ENV_Test_Right action_epoch17": 0.837696, "ENV_Test_Probability to choose the right action_epoch17": 0.7940196102814097, "ENV_Test_Weighted right action_epoch17": 0.8703431840592682, "ENV_Test_Weighted probability to choose the right action:_epoch17": 0.826840035611297, "ENV_Test_proba_accuracy_epoch17": 0.7940196102814104, "ENV_Test_proba_accuracy_strategy_132_epoch17": 0.8232760645209083, "ENV_Test_proba_accuracy_strategy_23_epoch17": 0.7960242674372119, "ENV_Test_proba_accuracy_strategy_107_epoch17": 0.8534213775766459, "ENV_Test_proba_accuracy_strategy_43_epoch17": 0.7932819144116198, "ENV_Test_proba_accuracy_strategy_17_epoch17": 0.7699072519658761, "ENV_Test_proba_accuracy_strategy_93_epoch17": 0.8006987158353996, "ENV_Test_proba_accuracy_per_mean_strategy_epoch17": 0.8061015986246103, "ENV_Test_proba_accuracy_per_mean_user_epoch17": 0.8021048893037045, "ENV_Test_proba_accuracy_per_mean_user_and_bot_epoch17": 0.8268400356112955, "ENV_Test_accuracy_epoch17": 0.837696, "ENV_Test_accuracy_strategy_132_epoch17": 0.8640226628895185, "ENV_Test_accuracy_strategy_23_epoch17": 0.8437550492809824, "ENV_Test_accuracy_strategy_107_epoch17": 0.896551724137931, "ENV_Test_accuracy_strategy_43_epoch17": 0.8377862595419847, "ENV_Test_accuracy_strategy_17_epoch17": 0.8107985480943739, "ENV_Test_accuracy_strategy_93_epoch17": 0.8364140480591498, "ENV_Test_accuracy_per_mean_strategy_epoch17": 0.8482213820006567, "ENV_Test_accuracy_per_mean_user_epoch17": 0.844365863641053, "ENV_Test_accuracy_per_mean_user_and_bot_epoch17": 0.870343184059268, "ENV_Train_TotalLoss_epoch18": 703.2234777902192, "ENV_Train_Right action_epoch18": 0.864238595706619, "ENV_Train_Probability to choose the right action_epoch18": 0.8065945071243367, "ENV_Train_Weighted right action_epoch18": 0.864238595706619, "ENV_Train_Weighted probability to choose the right action:_epoch18": 0.8065945071243367, "ENV_Test_TotalLoss_epoch18": 192.8132612553702, "ENV_Test_Right action_epoch18": 0.837568, "ENV_Test_Probability to choose the right action_epoch18": 0.7965124657672153, "ENV_Test_Weighted right action_epoch18": 0.8718873073363829, "ENV_Test_Weighted probability to choose the right action:_epoch18": 0.8285509440084043, "ENV_Test_proba_accuracy_epoch18": 0.7965124657672157, "ENV_Test_proba_accuracy_strategy_132_epoch18": 0.8277708085688466, "ENV_Test_proba_accuracy_strategy_23_epoch18": 0.799395770123942, "ENV_Test_proba_accuracy_strategy_107_epoch18": 0.8626819358753407, "ENV_Test_proba_accuracy_strategy_43_epoch18": 0.7969705643115469, "ENV_Test_proba_accuracy_strategy_17_epoch18": 0.7694816328972589, "ENV_Test_proba_accuracy_strategy_93_epoch18": 0.8012433598287454, "ENV_Test_proba_accuracy_per_mean_strategy_epoch18": 0.8095906786009467, "ENV_Test_proba_accuracy_per_mean_user_epoch18": 0.8054053613085451, "ENV_Test_proba_accuracy_per_mean_user_and_bot_epoch18": 0.8285509440084042, "ENV_Test_accuracy_epoch18": 0.837568, "ENV_Test_accuracy_strategy_132_epoch18": 0.8657223796033995, "ENV_Test_accuracy_strategy_23_epoch18": 0.8419777023751818, "ENV_Test_accuracy_strategy_107_epoch18": 0.9211822660098522, "ENV_Test_accuracy_strategy_43_epoch18": 0.8384223918575063, "ENV_Test_accuracy_strategy_17_epoch18": 0.808076225045372, "ENV_Test_accuracy_strategy_93_epoch18": 0.8382624768946395, "ENV_Test_accuracy_per_mean_strategy_epoch18": 0.8522739069643253, "ENV_Test_accuracy_per_mean_user_epoch18": 0.8469432830820873, "ENV_Test_accuracy_per_mean_user_and_bot_epoch18": 0.8718873073363822, "ENV_Train_TotalLoss_epoch19": 702.7416172762172, "ENV_Train_Right action_epoch19": 0.8651663405088063, "ENV_Train_Probability to choose the right action_epoch19": 0.8077124968845912, "ENV_Train_Weighted right action_epoch19": 0.8651663405088063, "ENV_Train_Weighted probability to choose the right action:_epoch19": 0.8077124968845912, "ENV_Test_TotalLoss_epoch19": 193.21115164301267, "ENV_Test_Right action_epoch19": 0.837312, "ENV_Test_Probability to choose the right action_epoch19": 0.7923131453364554, "ENV_Test_Weighted right action_epoch19": 0.869602927105934, "ENV_Test_Weighted probability to choose the right action:_epoch19": 0.8233780756099267, "ENV_Test_proba_accuracy_epoch19": 0.7923131453364561, "ENV_Test_proba_accuracy_strategy_132_epoch19": 0.8224247702877179, "ENV_Test_proba_accuracy_strategy_23_epoch19": 0.7936303790507357, "ENV_Test_proba_accuracy_strategy_107_epoch19": 0.8563941148565879, "ENV_Test_proba_accuracy_strategy_43_epoch19": 0.7920886206280943, "ENV_Test_proba_accuracy_strategy_17_epoch19": 0.7664566475044887, "ENV_Test_proba_accuracy_strategy_93_epoch19": 0.8052555735716154, "ENV_Test_proba_accuracy_per_mean_strategy_epoch19": 0.80604168431654, "ENV_Test_proba_accuracy_per_mean_user_epoch19": 0.8012019825679717, "ENV_Test_proba_accuracy_per_mean_user_and_bot_epoch19": 0.8233780756099277, "ENV_Test_accuracy_epoch19": 0.837312, "ENV_Test_accuracy_strategy_132_epoch19": 0.8628895184135977, "ENV_Test_accuracy_strategy_23_epoch19": 0.8385845855550169, "ENV_Test_accuracy_strategy_107_epoch19": 0.9064039408866995, "ENV_Test_accuracy_strategy_43_epoch19": 0.8416030534351145, "ENV_Test_accuracy_strategy_17_epoch19": 0.808983666061706, "ENV_Test_accuracy_strategy_93_epoch19": 0.8585951940850277, "ENV_Test_accuracy_per_mean_strategy_epoch19": 0.8528433264061936, "ENV_Test_accuracy_per_mean_user_epoch19": 0.845360106162787, "ENV_Test_accuracy_per_mean_user_and_bot_epoch19": 0.8696029271059345, "ENV_Train_TotalLoss_epoch20": 691.9336467331846, "ENV_Train_Right action_epoch20": 0.867140001956701, "ENV_Train_Probability to choose the right action_epoch20": 0.8105298608845625, "ENV_Train_Weighted right action_epoch20": 0.867140001956701, "ENV_Train_Weighted probability to choose the right action:_epoch20": 0.8105298608845625, "ENV_Test_TotalLoss_epoch20": 190.69656456517225, "ENV_Test_Right action_epoch20": 0.834944, "ENV_Test_Probability to choose the right action_epoch20": 0.7959428892126487, "ENV_Test_Weighted right action_epoch20": 0.8694409610506328, "ENV_Test_Weighted probability to choose the right action:_epoch20": 0.8292923432236335, "ENV_Test_proba_accuracy_epoch20": 0.7959428892126482, "ENV_Test_proba_accuracy_strategy_132_epoch20": 0.8257447820995094, "ENV_Test_proba_accuracy_strategy_23_epoch20": 0.7967478951882193, "ENV_Test_proba_accuracy_strategy_107_epoch20": 0.8628359505425839, "ENV_Test_proba_accuracy_strategy_43_epoch20": 0.7976254975381455, "ENV_Test_proba_accuracy_strategy_17_epoch20": 0.7702315036433973, "ENV_Test_proba_accuracy_strategy_93_epoch20": 0.8073757265726548, "ENV_Test_proba_accuracy_per_mean_strategy_epoch20": 0.810093559264085, "ENV_Test_proba_accuracy_per_mean_user_epoch20": 0.8046787430243518, "ENV_Test_proba_accuracy_per_mean_user_and_bot_epoch20": 0.8292923432236341, "ENV_Test_accuracy_epoch20": 0.834944, "ENV_Test_accuracy_strategy_132_epoch20": 0.8679886685552408, "ENV_Test_accuracy_strategy_23_epoch20": 0.8353530457262885, "ENV_Test_accuracy_strategy_107_epoch20": 0.896551724137931, "ENV_Test_accuracy_strategy_43_epoch20": 0.8396946564885496, "ENV_Test_accuracy_strategy_17_epoch20": 0.8062613430127041, "ENV_Test_accuracy_strategy_93_epoch20": 0.8539741219963032, "ENV_Test_accuracy_per_mean_strategy_epoch20": 0.8499705933195029, "ENV_Test_accuracy_per_mean_user_epoch20": 0.8429381911120339, "ENV_Test_accuracy_per_mean_user_and_bot_epoch20": 0.8694409610506335, "ENV_Train_TotalLoss_epoch21": 691.4583448278908, "ENV_Train_Right action_epoch21": 0.8658151429609547, "ENV_Train_Probability to choose the right action_epoch21": 0.8097523584398783, "ENV_Train_Weighted right action_epoch21": 0.8658151429609547, "ENV_Train_Weighted probability to choose the right action:_epoch21": 0.8097523584398783, "ENV_Test_TotalLoss_epoch21": 193.37787707972169, "ENV_Test_Right action_epoch21": 0.83168, "ENV_Test_Probability to choose the right action_epoch21": 0.7931269604516954, "ENV_Test_Weighted right action_epoch21": 0.8649939980085115, "ENV_Test_Weighted probability to choose the right action:_epoch21": 0.8272914305361668, "ENV_Test_proba_accuracy_epoch21": 0.793126960451695, "ENV_Test_proba_accuracy_strategy_132_epoch21": 0.8250712472416927, "ENV_Test_proba_accuracy_strategy_23_epoch21": 0.7930400453514423, "ENV_Test_proba_accuracy_strategy_107_epoch21": 0.858986983864486, "ENV_Test_proba_accuracy_strategy_43_epoch21": 0.7927728019186093, "ENV_Test_proba_accuracy_strategy_17_epoch21": 0.768112764617158, "ENV_Test_proba_accuracy_strategy_93_epoch21": 0.8068670801978839, "ENV_Test_proba_accuracy_per_mean_strategy_epoch21": 0.807475153865212, "ENV_Test_proba_accuracy_per_mean_user_epoch21": 0.8014127015158433, "ENV_Test_proba_accuracy_per_mean_user_and_bot_epoch21": 0.8272914305361662, "ENV_Test_accuracy_epoch21": 0.83168, "ENV_Test_accuracy_strategy_132_epoch21": 0.8572237960339943, "ENV_Test_accuracy_strategy_23_epoch21": 0.8332525448376151, "ENV_Test_accuracy_strategy_107_epoch21": 0.896551724137931, "ENV_Test_accuracy_strategy_43_epoch21": 0.8269720101781171, "ENV_Test_accuracy_strategy_17_epoch21": 0.8098911070780399, "ENV_Test_accuracy_strategy_93_epoch21": 0.8401109057301294, "ENV_Test_accuracy_per_mean_strategy_epoch21": 0.8440003479993045, "ENV_Test_accuracy_per_mean_user_epoch21": 0.8390969232986645, "ENV_Test_accuracy_per_mean_user_and_bot_epoch21": 0.8649939980085121, "ENV_Train_TotalLoss_epoch22": 690.2161356572425, "ENV_Train_Right action_epoch22": 0.867768132958723, "ENV_Train_Probability to choose the right action_epoch22": 0.8111887708715673, "ENV_Train_Weighted right action_epoch22": 0.867768132958723, "ENV_Train_Weighted probability to choose the right action:_epoch22": 0.8111887708715673, "ENV_Test_TotalLoss_epoch22": 194.15537214237918, "ENV_Test_Right action_epoch22": 0.832704, "ENV_Test_Probability to choose the right action_epoch22": 0.788992341302769, "ENV_Test_Weighted right action_epoch22": 0.8677974988220063, "ENV_Test_Weighted probability to choose the right action:_epoch22": 0.8202896239677138, "ENV_Test_proba_accuracy_epoch22": 0.7889923413027685, "ENV_Test_proba_accuracy_strategy_132_epoch22": 0.8177045789055086, "ENV_Test_proba_accuracy_strategy_23_epoch22": 0.7889034803453628, "ENV_Test_proba_accuracy_strategy_107_epoch22": 0.8552982290142757, "ENV_Test_proba_accuracy_strategy_43_epoch22": 0.7889656756061426, "ENV_Test_proba_accuracy_strategy_17_epoch22": 0.7664901459776078, "ENV_Test_proba_accuracy_strategy_93_epoch22": 0.797055345876376, "ENV_Test_proba_accuracy_per_mean_strategy_epoch22": 0.8024029092875455, "ENV_Test_proba_accuracy_per_mean_user_epoch22": 0.7977643025467902, "ENV_Test_proba_accuracy_per_mean_user_and_bot_epoch22": 0.8202896239677139, "ENV_Test_accuracy_epoch22": 0.832704, "ENV_Test_accuracy_strategy_132_epoch22": 0.8645892351274788, "ENV_Test_accuracy_strategy_23_epoch22": 0.8319599289061238, "ENV_Test_accuracy_strategy_107_epoch22": 0.90311986863711, "ENV_Test_accuracy_strategy_43_epoch22": 0.8409669211195929, "ENV_Test_accuracy_strategy_17_epoch22": 0.8046733212341198, "ENV_Test_accuracy_strategy_93_epoch22": 0.8475046210720887, "ENV_Test_accuracy_per_mean_strategy_epoch22": 0.8488023160160857, "ENV_Test_accuracy_per_mean_user_epoch22": 0.8405018448118091, "ENV_Test_accuracy_per_mean_user_and_bot_epoch22": 0.8677974988220066, "ENV_Train_TotalLoss_epoch23": 689.7935758008722, "ENV_Train_Right action_epoch23": 0.8680959302325582, "ENV_Train_Probability to choose the right action_epoch23": 0.8117922851203073, "ENV_Train_Weighted right action_epoch23": 0.8680959302325582, "ENV_Train_Weighted probability to choose the right action:_epoch23": 0.8117922851203073, "ENV_Test_TotalLoss_epoch23": 196.75672548273653, "ENV_Test_Right action_epoch23": 0.832, "ENV_Test_Probability to choose the right action_epoch23": 0.7882116994210576, "ENV_Test_Weighted right action_epoch23": 0.8641983149866501, "ENV_Test_Weighted probability to choose the right action:_epoch23": 0.8221645028660279, "ENV_Test_proba_accuracy_epoch23": 0.7882116994210577, "ENV_Test_proba_accuracy_strategy_132_epoch23": 0.8194419692190803, "ENV_Test_proba_accuracy_strategy_23_epoch23": 0.7887421663551425, "ENV_Test_proba_accuracy_strategy_107_epoch23": 0.858845713432116, "ENV_Test_proba_accuracy_strategy_43_epoch23": 0.7929411794388581, "ENV_Test_proba_accuracy_strategy_17_epoch23": 0.7624749273511162, "ENV_Test_proba_accuracy_strategy_93_epoch23": 0.7924560137602682, "ENV_Test_proba_accuracy_per_mean_strategy_epoch23": 0.8024836615927636, "ENV_Test_proba_accuracy_per_mean_user_epoch23": 0.798909839755581, "ENV_Test_proba_accuracy_per_mean_user_and_bot_epoch23": 0.8221645028660287, "ENV_Test_accuracy_epoch23": 0.832, "ENV_Test_accuracy_strategy_132_epoch23": 0.853257790368272, "ENV_Test_accuracy_strategy_23_epoch23": 0.8376151236063984, "ENV_Test_accuracy_strategy_107_epoch23": 0.9047619047619048, "ENV_Test_accuracy_strategy_43_epoch23": 0.8346055979643766, "ENV_Test_accuracy_strategy_17_epoch23": 0.802858439201452, "ENV_Test_accuracy_strategy_93_epoch23": 0.8391866913123844, "ENV_Test_accuracy_per_mean_strategy_epoch23": 0.8453809245357982, "ENV_Test_accuracy_per_mean_user_epoch23": 0.839240013686758, "ENV_Test_accuracy_per_mean_user_and_bot_epoch23": 0.8641983149866502, "ENV_Train_TotalLoss_epoch24": 684.2099326701997, "ENV_Train_Right action_epoch24": 0.8680168280990118, "ENV_Train_Probability to choose the right action_epoch24": 0.8125760546414004, "ENV_Train_Weighted right action_epoch24": 0.8680168280990118, "ENV_Train_Weighted probability to choose the right action:_epoch24": 0.8125760546414004, "ENV_Test_TotalLoss_epoch24": 200.39484801324733, "ENV_Test_Right action_epoch24": 0.8336, "ENV_Test_Probability to choose the right action_epoch24": 0.7961789834458792, "ENV_Test_Weighted right action_epoch24": 0.8644820898088726, "ENV_Test_Weighted probability to choose the right action:_epoch24": 0.8277455381859832, "ENV_Test_proba_accuracy_epoch24": 0.7961789834458795, "ENV_Test_proba_accuracy_strategy_132_epoch24": 0.8253302381747287, "ENV_Test_proba_accuracy_strategy_23_epoch24": 0.7986391030312602, "ENV_Test_proba_accuracy_strategy_107_epoch24": 0.8632079169417006, "ENV_Test_proba_accuracy_strategy_43_epoch24": 0.7938761548352173, "ENV_Test_proba_accuracy_strategy_17_epoch24": 0.770055262592722, "ENV_Test_proba_accuracy_strategy_93_epoch24": 0.8065996330645332, "ENV_Test_proba_accuracy_per_mean_strategy_epoch24": 0.809618051440027, "ENV_Test_proba_accuracy_per_mean_user_epoch24": 0.8047538376687431, "ENV_Test_proba_accuracy_per_mean_user_and_bot_epoch24": 0.8277455381859838, "ENV_Test_accuracy_epoch24": 0.8336, "ENV_Test_accuracy_strategy_132_epoch24": 0.8577903682719547, "ENV_Test_accuracy_strategy_23_epoch24": 0.8385845855550169, "ENV_Test_accuracy_strategy_107_epoch24": 0.8981937602627258, "ENV_Test_accuracy_strategy_43_epoch24": 0.833969465648855, "ENV_Test_accuracy_strategy_17_epoch24": 0.8060344827586207, "ENV_Test_accuracy_strategy_93_epoch24": 0.8410351201478743, "ENV_Test_accuracy_per_mean_strategy_epoch24": 0.8459346304408412, "ENV_Test_accuracy_per_mean_user_epoch24": 0.8411343452285295, "ENV_Test_accuracy_per_mean_user_and_bot_epoch24": 0.8644820898088728, "_wandb": {"runtime": 2640}}