{"ENV_Train_TotalLoss": 395.22455736495317, "ENV_Train_TotalLoss_epoch0": 938.5466616424136, "ENV_Train_Right action": 0.9242176471410402, "ENV_Train_Right action_epoch0": 0.8080314102474535, "ENV_Train_Probability to choose the right action": 0.8917936233477206, "ENV_Train_Probability to choose the right action_epoch0": 0.732434165881662, "ENV_Train_Weighted right action": 0.9242176471410402, "ENV_Train_Weighted right action_epoch0": 0.8080314102474535, "ENV_Train_Weighted probability to choose the right action:": 0.8917936233477206, "ENV_Train_Weighted probability to choose the right action:_epoch0": 0.732434165881662, "_timestamp": 1720431113.6080108, "_runtime": 2549.580627679825, "_step": 49, "ENV_Test_TotalLoss": 315.58687437504875, "ENV_Test_TotalLoss_epoch0": 198.1207231904497, "ENV_Test_Right action": 0.836992, "ENV_Test_Right action_epoch0": 0.818496, "ENV_Test_Probability to choose the right action": 0.8231509469327799, "ENV_Test_Probability to choose the right action_epoch0": 0.7620646974416273, "ENV_Test_Weighted right action": 0.8529020697123387, "ENV_Test_Weighted right action_epoch0": 0.8472571214529174, "ENV_Test_Weighted probability to choose the right action:": 0.8409217247541599, "ENV_Test_Weighted probability to choose the right action:_epoch0": 0.7973666339241728, "ENV_Test_proba_accuracy": 0.8231509469327806, "ENV_Test_proba_accuracy_epoch0": 0.7620646974416269, "ENV_Test_proba_accuracy_strategy_132": 0.8523479598817286, "ENV_Test_proba_accuracy_strategy_132_epoch0": 0.8090043932979735, "ENV_Test_proba_accuracy_strategy_23": 0.8363966667269248, "ENV_Test_proba_accuracy_strategy_23_epoch0": 0.7641342965202264, "ENV_Test_proba_accuracy_strategy_107": 0.8674962413910001, "ENV_Test_proba_accuracy_strategy_107_epoch0": 0.8336819255945367, "ENV_Test_proba_accuracy_strategy_43": 0.8022138488525649, "ENV_Test_proba_accuracy_strategy_43_epoch0": 0.7651090207634885, "ENV_Test_proba_accuracy_strategy_17": 0.7953474761053857, "ENV_Test_proba_accuracy_strategy_17_epoch0": 0.7285975109685062, "ENV_Test_proba_accuracy_strategy_93": 0.8184874031281116, "ENV_Test_proba_accuracy_strategy_93_epoch0": 0.7652675420650297, "ENV_Test_proba_accuracy_per_mean_strategy": 0.8287149326809526, "ENV_Test_proba_accuracy_per_mean_strategy_epoch0": 0.7776324482016269, "ENV_Test_proba_accuracy_per_mean_user": 0.8266915267329454, "ENV_Test_proba_accuracy_per_mean_user_epoch0": 0.7743875926965014, "ENV_Test_proba_accuracy_per_mean_user_and_bot": 0.8409217247541596, "ENV_Test_proba_accuracy_per_mean_user_and_bot_epoch0": 0.7973666339241735, "ENV_Test_accuracy": 0.836992, "ENV_Test_accuracy_epoch0": 0.818496, "ENV_Test_accuracy_strategy_132": 0.860056657223796, "ENV_Test_accuracy_strategy_132_epoch0": 0.8447592067988668, "ENV_Test_accuracy_strategy_23": 0.8549038616900954, "ENV_Test_accuracy_strategy_23_epoch0": 0.8267894651801584, "ENV_Test_accuracy_strategy_107": 0.8752052545155994, "ENV_Test_accuracy_strategy_107_epoch0": 0.8768472906403941, "ENV_Test_accuracy_strategy_43": 0.8155216284987278, "ENV_Test_accuracy_strategy_43_epoch0": 0.8142493638676844, "ENV_Test_accuracy_strategy_17": 0.8053539019963702, "ENV_Test_accuracy_strategy_17_epoch0": 0.7872050816696915, "ENV_Test_accuracy_strategy_93": 0.8354898336414048, "ENV_Test_accuracy_strategy_93_epoch0": 0.8290203327171903, "ENV_Test_accuracy_per_mean_strategy": 0.8410885229276657, "ENV_Test_accuracy_per_mean_strategy_epoch0": 0.8298117901456643, "ENV_Test_accuracy_per_mean_user": 0.8391538801003104, "ENV_Test_accuracy_per_mean_user_epoch0": 0.828253279067105, "ENV_Test_accuracy_per_mean_user_and_bot": 0.852902069712338, "ENV_Test_accuracy_per_mean_user_and_bot_epoch0": 0.847257121452917, "ENV_Train_TotalLoss_epoch1": 847.0332362599859, "ENV_Train_Right action_epoch1": 0.8289208834218619, "ENV_Train_Probability to choose the right action_epoch1": 0.7600328705083595, "ENV_Train_Weighted right action_epoch1": 0.8289208834218619, "ENV_Train_Weighted probability to choose the right action:_epoch1": 0.7600328705083595, "ENV_Test_TotalLoss_epoch1": 183.21828566924097, "ENV_Test_Right action_epoch1": 0.837504, "ENV_Test_Probability to choose the right action_epoch1": 0.7635196991343239, "ENV_Test_Weighted right action_epoch1": 0.861425366973188, "ENV_Test_Weighted probability to choose the right action:_epoch1": 0.7910557458552678, "ENV_Test_proba_accuracy_epoch1": 0.7635196991343233, "ENV_Test_proba_accuracy_strategy_132_epoch1": 0.8046650562749458, "ENV_Test_proba_accuracy_strategy_23_epoch1": 0.7697931268224372, "ENV_Test_proba_accuracy_strategy_107_epoch1": 0.8218091725582722, "ENV_Test_proba_accuracy_strategy_43_epoch1": 0.7581440539098169, "ENV_Test_proba_accuracy_strategy_17_epoch1": 0.7329221860860189, "ENV_Test_proba_accuracy_strategy_93_epoch1": 0.7601724377477527, "ENV_Test_proba_accuracy_per_mean_strategy_epoch1": 0.7745843388998739, "ENV_Test_proba_accuracy_per_mean_user_epoch1": 0.7724741254621811, "ENV_Test_proba_accuracy_per_mean_user_and_bot_epoch1": 0.7910557458552678, "ENV_Test_accuracy_epoch1": 0.837504, "ENV_Test_accuracy_strategy_132_epoch1": 0.8645892351274788, "ENV_Test_accuracy_strategy_23_epoch1": 0.8500565519470027, "ENV_Test_accuracy_strategy_107_epoch1": 0.8899835796387521, "ENV_Test_accuracy_strategy_43_epoch1": 0.8320610687022901, "ENV_Test_accuracy_strategy_17_epoch1": 0.8033121597096189, "ENV_Test_accuracy_strategy_93_epoch1": 0.8391866913123844, "ENV_Test_accuracy_per_mean_strategy_epoch1": 0.8465315477395879, "ENV_Test_accuracy_per_mean_user_epoch1": 0.8453082347939646, "ENV_Test_accuracy_per_mean_user_and_bot_epoch1": 0.8614253669731876, "ENV_Train_TotalLoss_epoch2": 809.7499228126513, "ENV_Train_Right action_epoch2": 0.836466559508002, "ENV_Train_Probability to choose the right action_epoch2": 0.7705339430890181, "ENV_Train_Weighted right action_epoch2": 0.836466559508002, "ENV_Train_Weighted probability to choose the right action:_epoch2": 0.7705339430890181, "ENV_Test_TotalLoss_epoch2": 178.7699808238621, "ENV_Test_Right action_epoch2": 0.843392, "ENV_Test_Probability to choose the right action_epoch2": 0.7840736855140918, "ENV_Test_Weighted right action_epoch2": 0.8684529335233342, "ENV_Test_Weighted probability to choose the right action:_epoch2": 0.8124272101266216, "ENV_Test_proba_accuracy_epoch2": 0.7840736855140921, "ENV_Test_proba_accuracy_strategy_132_epoch2": 0.8244624732309405, "ENV_Test_proba_accuracy_strategy_23_epoch2": 0.7898820116688209, "ENV_Test_proba_accuracy_strategy_107_epoch2": 0.8473797371322528, "ENV_Test_proba_accuracy_strategy_43_epoch2": 0.7760599538611408, "ENV_Test_proba_accuracy_strategy_17_epoch2": 0.7547784349630213, "ENV_Test_proba_accuracy_strategy_93_epoch2": 0.780324816993061, "ENV_Test_proba_accuracy_per_mean_strategy_epoch2": 0.7954812379748729, "ENV_Test_proba_accuracy_per_mean_user_epoch2": 0.7931648197676132, "ENV_Test_proba_accuracy_per_mean_user_and_bot_epoch2": 0.8124272101266222, "ENV_Test_accuracy_epoch2": 0.843392, "ENV_Test_accuracy_strategy_132_epoch2": 0.8764872521246458, "ENV_Test_accuracy_strategy_23_epoch2": 0.8542575537243496, "ENV_Test_accuracy_strategy_107_epoch2": 0.8998357963875205, "ENV_Test_accuracy_strategy_43_epoch2": 0.8352417302798982, "ENV_Test_accuracy_strategy_17_epoch2": 0.809437386569873, "ENV_Test_accuracy_strategy_93_epoch2": 0.8456561922365989, "ENV_Test_accuracy_per_mean_strategy_epoch2": 0.8534859852204809, "ENV_Test_accuracy_per_mean_user_epoch2": 0.8515829809637854, "ENV_Test_accuracy_per_mean_user_and_bot_epoch2": 0.8684529335233341, "ENV_Train_TotalLoss_epoch3": 779.8636927110508, "ENV_Train_Right action_epoch3": 0.8438168173623825, "ENV_Train_Probability to choose the right action_epoch3": 0.7794964060646823, "ENV_Train_Weighted right action_epoch3": 0.8438168173623825, "ENV_Train_Weighted probability to choose the right action:_epoch3": 0.7794964060646823, "ENV_Test_TotalLoss_epoch3": 177.1305218067325, "ENV_Test_Right action_epoch3": 0.84096, "ENV_Test_Probability to choose the right action_epoch3": 0.7928174017820506, "ENV_Test_Weighted right action_epoch3": 0.863887999401705, "ENV_Test_Weighted probability to choose the right action:_epoch3": 0.8171263175541228, "ENV_Test_proba_accuracy_epoch3": 0.7928174017820504, "ENV_Test_proba_accuracy_strategy_132_epoch3": 0.8272993800026278, "ENV_Test_proba_accuracy_strategy_23_epoch3": 0.8016668973294022, "ENV_Test_proba_accuracy_strategy_107_epoch3": 0.8486059412337723, "ENV_Test_proba_accuracy_strategy_43_epoch3": 0.783973814551433, "ENV_Test_proba_accuracy_strategy_17_epoch3": 0.7629644194280375, "ENV_Test_proba_accuracy_strategy_93_epoch3": 0.7890176100214594, "ENV_Test_proba_accuracy_per_mean_strategy_epoch3": 0.8022546770944553, "ENV_Test_proba_accuracy_per_mean_user_epoch3": 0.8001821170619609, "ENV_Test_proba_accuracy_per_mean_user_and_bot_epoch3": 0.8171263175541241, "ENV_Test_accuracy_epoch3": 0.84096, "ENV_Test_accuracy_strategy_132_epoch3": 0.8662889518413598, "ENV_Test_accuracy_strategy_23_epoch3": 0.8532880917757312, "ENV_Test_accuracy_strategy_107_epoch3": 0.8949096880131363, "ENV_Test_accuracy_strategy_43_epoch3": 0.8276081424936387, "ENV_Test_accuracy_strategy_17_epoch3": 0.8117059891107078, "ENV_Test_accuracy_strategy_93_epoch3": 0.8373382624768947, "ENV_Test_accuracy_per_mean_strategy_epoch3": 0.848523187618578, "ENV_Test_accuracy_per_mean_user_epoch3": 0.8483059114959115, "ENV_Test_accuracy_per_mean_user_and_bot_epoch3": 0.8638879994017056, "ENV_Train_TotalLoss_epoch4": 752.3683889618658, "ENV_Train_Right action_epoch4": 0.8501327742837177, "ENV_Train_Probability to choose the right action_epoch4": 0.787914721513079, "ENV_Train_Weighted right action_epoch4": 0.8501327742837177, "ENV_Train_Weighted probability to choose the right action:_epoch4": 0.787914721513079, "ENV_Test_TotalLoss_epoch4": 180.79355747438635, "ENV_Test_Right action_epoch4": 0.842944, "ENV_Test_Probability to choose the right action_epoch4": 0.777594739555571, "ENV_Test_Weighted right action_epoch4": 0.8667400116219883, "ENV_Test_Weighted probability to choose the right action:_epoch4": 0.8028358407913153, "ENV_Test_proba_accuracy_epoch4": 0.7775947395555716, "ENV_Test_proba_accuracy_strategy_132_epoch4": 0.8157475765889562, "ENV_Test_proba_accuracy_strategy_23_epoch4": 0.7847102407450474, "ENV_Test_proba_accuracy_strategy_107_epoch4": 0.8298536025598834, "ENV_Test_proba_accuracy_strategy_43_epoch4": 0.7650360596569113, "ENV_Test_proba_accuracy_strategy_17_epoch4": 0.7510124484110704, "ENV_Test_proba_accuracy_strategy_93_epoch4": 0.7717848896206724, "ENV_Test_proba_accuracy_per_mean_strategy_epoch4": 0.7863574695970902, "ENV_Test_proba_accuracy_per_mean_user_epoch4": 0.785774742936747, "ENV_Test_proba_accuracy_per_mean_user_and_bot_epoch4": 0.8028358407913166, "ENV_Test_accuracy_epoch4": 0.842944, "ENV_Test_accuracy_strategy_132_epoch4": 0.8730878186968839, "ENV_Test_accuracy_strategy_23_epoch4": 0.851672321861367, "ENV_Test_accuracy_strategy_107_epoch4": 0.8883415435139573, "ENV_Test_accuracy_strategy_43_epoch4": 0.8276081424936387, "ENV_Test_accuracy_strategy_17_epoch4": 0.8153357531760436, "ENV_Test_accuracy_strategy_93_epoch4": 0.8530499075785583, "ENV_Test_accuracy_per_mean_strategy_epoch4": 0.851515914553408, "ENV_Test_accuracy_per_mean_user_epoch4": 0.8483526664366836, "ENV_Test_accuracy_per_mean_user_and_bot_epoch4": 0.8667400116219885, "ENV_Train_TotalLoss_epoch5": 728.8599879140568, "ENV_Train_Right action_epoch5": 0.855812913236137, "ENV_Train_Probability to choose the right action_epoch5": 0.7946981340372269, "ENV_Train_Weighted right action_epoch5": 0.855812913236137, "ENV_Train_Weighted probability to choose the right action:_epoch5": 0.7946981340372269, "ENV_Test_TotalLoss_epoch5": 178.92876073810288, "ENV_Test_Right action_epoch5": 0.845696, "ENV_Test_Probability to choose the right action_epoch5": 0.805501886210646, "ENV_Test_Weighted right action_epoch5": 0.8684470987203009, "ENV_Test_Weighted probability to choose the right action:_epoch5": 0.8308128894710377, "ENV_Test_proba_accuracy_epoch5": 0.8055018862106458, "ENV_Test_proba_accuracy_strategy_132_epoch5": 0.8425896409305859, "ENV_Test_proba_accuracy_strategy_23_epoch5": 0.8125249467346678, "ENV_Test_proba_accuracy_strategy_107_epoch5": 0.8587723933282514, "ENV_Test_proba_accuracy_strategy_43_epoch5": 0.7951018279263871, "ENV_Test_proba_accuracy_strategy_17_epoch5": 0.7784607579038388, "ENV_Test_proba_accuracy_strategy_93_epoch5": 0.8001218840856643, "ENV_Test_proba_accuracy_per_mean_strategy_epoch5": 0.8145952418182326, "ENV_Test_proba_accuracy_per_mean_user_epoch5": 0.8130948149095166, "ENV_Test_proba_accuracy_per_mean_user_and_bot_epoch5": 0.8308128894710378, "ENV_Test_accuracy_epoch5": 0.845696, "ENV_Test_accuracy_strategy_132_epoch5": 0.8742209631728045, "ENV_Test_accuracy_strategy_23_epoch5": 0.8545807077072225, "ENV_Test_accuracy_strategy_107_epoch5": 0.8916256157635468, "ENV_Test_accuracy_strategy_43_epoch5": 0.8269720101781171, "ENV_Test_accuracy_strategy_17_epoch5": 0.822141560798548, "ENV_Test_accuracy_strategy_93_epoch5": 0.8456561922365989, "ENV_Test_accuracy_per_mean_strategy_epoch5": 0.8525328416428065, "ENV_Test_accuracy_per_mean_user_epoch5": 0.8524743873354336, "ENV_Test_accuracy_per_mean_user_and_bot_epoch5": 0.8684470987203001, "ENV_Train_TotalLoss_epoch6": 702.2564014303082, "ENV_Train_Right action_epoch6": 0.8593431167016072, "ENV_Train_Probability to choose the right action_epoch6": 0.8026071884714688, "ENV_Train_Weighted right action_epoch6": 0.8593431167016072, "ENV_Train_Weighted probability to choose the right action:_epoch6": 0.8026071884714688, "ENV_Test_TotalLoss_epoch6": 175.66514568674458, "ENV_Test_Right action_epoch6": 0.84736, "ENV_Test_Probability to choose the right action_epoch6": 0.8004238596422866, "ENV_Test_Weighted right action_epoch6": 0.870608866025351, "ENV_Test_Weighted probability to choose the right action:_epoch6": 0.8287606462014709, "ENV_Test_proba_accuracy_epoch6": 0.8004238596422864, "ENV_Test_proba_accuracy_strategy_132_epoch6": 0.8416920219495742, "ENV_Test_proba_accuracy_strategy_23_epoch6": 0.8058557559464757, "ENV_Test_proba_accuracy_strategy_107_epoch6": 0.8529614381014801, "ENV_Test_proba_accuracy_strategy_43_epoch6": 0.792892286685797, "ENV_Test_proba_accuracy_strategy_17_epoch6": 0.7732035364100874, "ENV_Test_proba_accuracy_strategy_93_epoch6": 0.7943010495817457, "ENV_Test_proba_accuracy_per_mean_strategy_epoch6": 0.8101510147791933, "ENV_Test_proba_accuracy_per_mean_user_epoch6": 0.8086707548188975, "ENV_Test_proba_accuracy_per_mean_user_and_bot_epoch6": 0.8287606462014722, "ENV_Test_accuracy_epoch6": 0.84736, "ENV_Test_accuracy_strategy_132_epoch6": 0.8838526912181303, "ENV_Test_accuracy_strategy_23_epoch6": 0.8565196316044595, "ENV_Test_accuracy_strategy_107_epoch6": 0.8916256157635468, "ENV_Test_accuracy_strategy_43_epoch6": 0.8301526717557252, "ENV_Test_accuracy_strategy_17_epoch6": 0.8200998185117967, "ENV_Test_accuracy_strategy_93_epoch6": 0.8465804066543438, "ENV_Test_accuracy_per_mean_strategy_epoch6": 0.8548051392513337, "ENV_Test_accuracy_per_mean_user_epoch6": 0.853457511729478, "ENV_Test_accuracy_per_mean_user_and_bot_epoch6": 0.8706088660253506, "ENV_Train_TotalLoss_epoch7": 679.1415757904821, "ENV_Train_Right action_epoch7": 0.8671800749147426, "ENV_Train_Probability to choose the right action_epoch7": 0.809949058840265, "ENV_Train_Weighted right action_epoch7": 0.8671800749147426, "ENV_Train_Weighted probability to choose the right action:_epoch7": 0.809949058840265, "ENV_Test_TotalLoss_epoch7": 186.15371523721652, "ENV_Test_Right action_epoch7": 0.847168, "ENV_Test_Probability to choose the right action_epoch7": 0.8073465928428666, "ENV_Test_Weighted right action_epoch7": 0.8709208709881122, "ENV_Test_Weighted probability to choose the right action:_epoch7": 0.8353303752097626, "ENV_Test_proba_accuracy_epoch7": 0.807346592842868, "ENV_Test_proba_accuracy_strategy_132_epoch7": 0.8470034090904263, "ENV_Test_proba_accuracy_strategy_23_epoch7": 0.8138528528083724, "ENV_Test_proba_accuracy_strategy_107_epoch7": 0.8643209648337801, "ENV_Test_proba_accuracy_strategy_43_epoch7": 0.7994934847387967, "ENV_Test_proba_accuracy_strategy_17_epoch7": 0.7772499386098812, "ENV_Test_proba_accuracy_strategy_93_epoch7": 0.8073948568472067, "ENV_Test_proba_accuracy_per_mean_strategy_epoch7": 0.818219251154744, "ENV_Test_proba_accuracy_per_mean_user_epoch7": 0.815379935714582, "ENV_Test_proba_accuracy_per_mean_user_and_bot_epoch7": 0.8353303752097633, "ENV_Test_accuracy_epoch7": 0.847168, "ENV_Test_accuracy_strategy_132_epoch7": 0.8730878186968839, "ENV_Test_accuracy_strategy_23_epoch7": 0.8552270156729682, "ENV_Test_accuracy_strategy_107_epoch7": 0.8949096880131363, "ENV_Test_accuracy_strategy_43_epoch7": 0.8301526717557252, "ENV_Test_accuracy_strategy_17_epoch7": 0.8219147005444646, "ENV_Test_accuracy_strategy_93_epoch7": 0.8595194085027726, "ENV_Test_accuracy_per_mean_strategy_epoch7": 0.855801883864325, "ENV_Test_accuracy_per_mean_user_epoch7": 0.854203209875836, "ENV_Test_accuracy_per_mean_user_and_bot_epoch7": 0.870920870988111, "ENV_Train_TotalLoss_epoch8": 655.0594354532633, "ENV_Train_Right action_epoch8": 0.8707598988106053, "ENV_Train_Probability to choose the right action_epoch8": 0.8163322939781096, "ENV_Train_Weighted right action_epoch8": 0.8707598988106053, "ENV_Train_Weighted probability to choose the right action:_epoch8": 0.8163322939781096, "ENV_Test_TotalLoss_epoch8": 187.76211437151588, "ENV_Test_Right action_epoch8": 0.844352, "ENV_Test_Probability to choose the right action_epoch8": 0.7999649937324822, "ENV_Test_Weighted right action_epoch8": 0.8644678443263599, "ENV_Test_Weighted probability to choose the right action:_epoch8": 0.8263018065148936, "ENV_Test_proba_accuracy_epoch8": 0.7999649937324836, "ENV_Test_proba_accuracy_strategy_132_epoch8": 0.8353282628236945, "ENV_Test_proba_accuracy_strategy_23_epoch8": 0.8072985293056718, "ENV_Test_proba_accuracy_strategy_107_epoch8": 0.8511551549556522, "ENV_Test_proba_accuracy_strategy_43_epoch8": 0.7908600982717954, "ENV_Test_proba_accuracy_strategy_17_epoch8": 0.7728342115204153, "ENV_Test_proba_accuracy_strategy_93_epoch8": 0.7952765961924101, "ENV_Test_proba_accuracy_per_mean_strategy_epoch8": 0.8087921421782732, "ENV_Test_proba_accuracy_per_mean_user_epoch8": 0.8069710532808423, "ENV_Test_proba_accuracy_per_mean_user_and_bot_epoch8": 0.8263018065148929, "ENV_Test_accuracy_epoch8": 0.844352, "ENV_Test_accuracy_strategy_132_epoch8": 0.863456090651558, "ENV_Test_accuracy_strategy_23_epoch8": 0.8550654386815317, "ENV_Test_accuracy_strategy_107_epoch8": 0.8899835796387521, "ENV_Test_accuracy_strategy_43_epoch8": 0.8320610687022901, "ENV_Test_accuracy_strategy_17_epoch8": 0.8203266787658802, "ENV_Test_accuracy_strategy_93_epoch8": 0.8419593345656192, "ENV_Test_accuracy_per_mean_strategy_epoch8": 0.8504753651676052, "ENV_Test_accuracy_per_mean_user_epoch8": 0.8489593836894985, "ENV_Test_accuracy_per_mean_user_and_bot_epoch8": 0.8644678443263601, "ENV_Train_TotalLoss_epoch9": 631.6776423518104, "ENV_Train_Right action_epoch9": 0.8758526221625853, "ENV_Train_Probability to choose the right action_epoch9": 0.8229933013134304, "ENV_Train_Weighted right action_epoch9": 0.8758526221625853, "ENV_Train_Weighted probability to choose the right action:_epoch9": 0.8229933013134304, "ENV_Test_TotalLoss_epoch9": 187.84114241690492, "ENV_Test_Right action_epoch9": 0.845184, "ENV_Test_Probability to choose the right action_epoch9": 0.7989650838765605, "ENV_Test_Weighted right action_epoch9": 0.8612214205167424, "ENV_Test_Weighted probability to choose the right action:_epoch9": 0.8186299266013792, "ENV_Test_proba_accuracy_epoch9": 0.7989650838765611, "ENV_Test_proba_accuracy_strategy_132_epoch9": 0.831504666798362, "ENV_Test_proba_accuracy_strategy_23_epoch9": 0.8088526956250928, "ENV_Test_proba_accuracy_strategy_107_epoch9": 0.8435534041808217, "ENV_Test_proba_accuracy_strategy_43_epoch9": 0.7864470679675226, "ENV_Test_proba_accuracy_strategy_17_epoch9": 0.7715828294907581, "ENV_Test_proba_accuracy_strategy_93_epoch9": 0.7939726793550193, "ENV_Test_proba_accuracy_per_mean_strategy_epoch9": 0.8059855572362626, "ENV_Test_proba_accuracy_per_mean_user_epoch9": 0.805376641396998, "ENV_Test_proba_accuracy_per_mean_user_and_bot_epoch9": 0.8186299266013799, "ENV_Test_accuracy_epoch9": 0.845184, "ENV_Test_accuracy_strategy_132_epoch9": 0.8679886685552408, "ENV_Test_accuracy_strategy_23_epoch9": 0.8602359024074971, "ENV_Test_accuracy_strategy_107_epoch9": 0.8866995073891626, "ENV_Test_accuracy_strategy_43_epoch9": 0.8269720101781171, "ENV_Test_accuracy_strategy_17_epoch9": 0.8166969147005445, "ENV_Test_accuracy_strategy_93_epoch9": 0.8410351201478743, "ENV_Test_accuracy_per_mean_strategy_epoch9": 0.8499380205630728, "ENV_Test_accuracy_per_mean_user_epoch9": 0.8483616835880994, "ENV_Test_accuracy_per_mean_user_and_bot_epoch9": 0.861221420516742, "ENV_Train_TotalLoss_epoch10": 617.0559089319613, "ENV_Train_Right action_epoch10": 0.8794650343786684, "ENV_Train_Probability to choose the right action_epoch10": 0.827998763306051, "ENV_Train_Weighted right action_epoch10": 0.8794650343786684, "ENV_Train_Weighted probability to choose the right action:_epoch10": 0.827998763306051, "ENV_Test_TotalLoss_epoch10": 189.30367748609996, "ENV_Test_Right action_epoch10": 0.851392, "ENV_Test_Probability to choose the right action_epoch10": 0.8139537011763706, "ENV_Test_Weighted right action_epoch10": 0.8698058403174703, "ENV_Test_Weighted probability to choose the right action:_epoch10": 0.8369653719289535, "ENV_Test_proba_accuracy_epoch10": 0.8139537011763706, "ENV_Test_proba_accuracy_strategy_132_epoch10": 0.8523128732385628, "ENV_Test_proba_accuracy_strategy_23_epoch10": 0.8203208192707445, "ENV_Test_proba_accuracy_strategy_107_epoch10": 0.866228450526574, "ENV_Test_proba_accuracy_strategy_43_epoch10": 0.7992687554411785, "ENV_Test_proba_accuracy_strategy_17_epoch10": 0.7889051397581046, "ENV_Test_proba_accuracy_strategy_93_epoch10": 0.808919910508454, "ENV_Test_proba_accuracy_per_mean_strategy_epoch10": 0.8226593247906031, "ENV_Test_proba_accuracy_per_mean_user_epoch10": 0.8216035681265075, "ENV_Test_proba_accuracy_per_mean_user_and_bot_epoch10": 0.8369653719289556, "ENV_Test_accuracy_epoch10": 0.851392, "ENV_Test_accuracy_strategy_132_epoch10": 0.8776203966005666, "ENV_Test_accuracy_strategy_23_epoch10": 0.8591048634674422, "ENV_Test_accuracy_strategy_107_epoch10": 0.8981937602627258, "ENV_Test_accuracy_strategy_43_epoch10": 0.8307888040712468, "ENV_Test_accuracy_strategy_17_epoch10": 0.8318965517241379, "ENV_Test_accuracy_strategy_93_epoch10": 0.8475046210720887, "ENV_Test_accuracy_per_mean_strategy_epoch10": 0.8575181661997013, "ENV_Test_accuracy_per_mean_user_epoch10": 0.8581127808230349, "ENV_Test_accuracy_per_mean_user_and_bot_epoch10": 0.869805840317469, "ENV_Train_TotalLoss_epoch11": 600.3028845329503, "ENV_Train_Right action_epoch11": 0.882498462570582, "ENV_Train_Probability to choose the right action_epoch11": 0.8329799297130381, "ENV_Train_Weighted right action_epoch11": 0.882498462570582, "ENV_Train_Weighted probability to choose the right action:_epoch11": 0.8329799297130381, "ENV_Test_TotalLoss_epoch11": 209.78460915432248, "ENV_Test_Right action_epoch11": 0.84672, "ENV_Test_Probability to choose the right action_epoch11": 0.8151839360780944, "ENV_Test_Weighted right action_epoch11": 0.8697340572851825, "ENV_Test_Weighted probability to choose the right action:_epoch11": 0.842303479714781, "ENV_Test_proba_accuracy_epoch11": 0.8151839360780947, "ENV_Test_proba_accuracy_strategy_132_epoch11": 0.8553408698887849, "ENV_Test_proba_accuracy_strategy_23_epoch11": 0.8210748209971918, "ENV_Test_proba_accuracy_strategy_107_epoch11": 0.8733493755157774, "ENV_Test_proba_accuracy_strategy_43_epoch11": 0.8030856649465665, "ENV_Test_proba_accuracy_strategy_17_epoch11": 0.7882034684801014, "ENV_Test_proba_accuracy_strategy_93_epoch11": 0.8107384239089706, "ENV_Test_proba_accuracy_per_mean_strategy_epoch11": 0.8252987706228988, "ENV_Test_proba_accuracy_per_mean_user_epoch11": 0.8239181914404895, "ENV_Test_proba_accuracy_per_mean_user_and_bot_epoch11": 0.8423034797147813, "ENV_Test_accuracy_epoch11": 0.84672, "ENV_Test_accuracy_strategy_132_epoch11": 0.8742209631728045, "ENV_Test_accuracy_strategy_23_epoch11": 0.8545807077072225, "ENV_Test_accuracy_strategy_107_epoch11": 0.8998357963875205, "ENV_Test_accuracy_strategy_43_epoch11": 0.8326972010178118, "ENV_Test_accuracy_strategy_17_epoch11": 0.8237295825771325, "ENV_Test_accuracy_strategy_93_epoch11": 0.8410351201478743, "ENV_Test_accuracy_per_mean_strategy_epoch11": 0.8543498951683944, "ENV_Test_accuracy_per_mean_user_epoch11": 0.8530282869339854, "ENV_Test_accuracy_per_mean_user_and_bot_epoch11": 0.8697340572851826, "ENV_Train_TotalLoss_epoch12": 574.1519352062923, "ENV_Train_Right action_epoch12": 0.8884074581388198, "ENV_Train_Probability to choose the right action_epoch12": 0.8400551039198326, "ENV_Train_Weighted right action_epoch12": 0.8884074581388198, "ENV_Train_Weighted probability to choose the right action:_epoch12": 0.8400551039198326, "ENV_Test_TotalLoss_epoch12": 198.01066422803513, "ENV_Test_Right action_epoch12": 0.844928, "ENV_Test_Probability to choose the right action_epoch12": 0.7940474339370488, "ENV_Test_Weighted right action_epoch12": 0.8632599691888296, "ENV_Test_Weighted probability to choose the right action:_epoch12": 0.8177041377465488, "ENV_Test_proba_accuracy_epoch12": 0.7940474339370482, "ENV_Test_proba_accuracy_strategy_132_epoch12": 0.8295825031303878, "ENV_Test_proba_accuracy_strategy_23_epoch12": 0.8024736637591894, "ENV_Test_proba_accuracy_strategy_107_epoch12": 0.8439420555287787, "ENV_Test_proba_accuracy_strategy_43_epoch12": 0.7801622921466627, "ENV_Test_proba_accuracy_strategy_17_epoch12": 0.7674284328634025, "ENV_Test_proba_accuracy_strategy_93_epoch12": 0.7884178975066195, "ENV_Test_proba_accuracy_per_mean_strategy_epoch12": 0.8020011408225067, "ENV_Test_proba_accuracy_per_mean_user_epoch12": 0.8010660714233525, "ENV_Test_proba_accuracy_per_mean_user_and_bot_epoch12": 0.8177041377465502, "ENV_Test_accuracy_epoch12": 0.844928, "ENV_Test_accuracy_strategy_132_epoch12": 0.8668555240793201, "ENV_Test_accuracy_strategy_23_epoch12": 0.8578122475359509, "ENV_Test_accuracy_strategy_107_epoch12": 0.8949096880131363, "ENV_Test_accuracy_strategy_43_epoch12": 0.8212468193384224, "ENV_Test_accuracy_strategy_17_epoch12": 0.8212341197822142, "ENV_Test_accuracy_strategy_93_epoch12": 0.8382624768946395, "ENV_Test_accuracy_per_mean_strategy_epoch12": 0.8500534792739473, "ENV_Test_accuracy_per_mean_user_epoch12": 0.8489000805515242, "ENV_Test_accuracy_per_mean_user_and_bot_epoch12": 0.8632599691888291, "ENV_Train_TotalLoss_epoch13": 555.5307894791434, "ENV_Train_Right action_epoch13": 0.8916674820727156, "ENV_Train_Probability to choose the right action_epoch13": 0.8450213274001827, "ENV_Train_Weighted right action_epoch13": 0.8916674820727156, "ENV_Train_Weighted probability to choose the right action:_epoch13": 0.8450213274001827, "ENV_Test_TotalLoss_epoch13": 235.26697532059782, "ENV_Test_Right action_epoch13": 0.844608, "ENV_Test_Probability to choose the right action_epoch13": 0.8185171142586188, "ENV_Test_Weighted right action_epoch13": 0.8611694011133022, "ENV_Test_Weighted probability to choose the right action:_epoch13": 0.8407178265713345, "ENV_Test_proba_accuracy_epoch13": 0.818517114258618, "ENV_Test_proba_accuracy_strategy_132_epoch13": 0.8499491390061072, "ENV_Test_proba_accuracy_strategy_23_epoch13": 0.8287164389507983, "ENV_Test_proba_accuracy_strategy_107_epoch13": 0.8735118952086484, "ENV_Test_proba_accuracy_strategy_43_epoch13": 0.8040726937315557, "ENV_Test_proba_accuracy_strategy_17_epoch13": 0.7898334905668657, "ENV_Test_proba_accuracy_strategy_93_epoch13": 0.8157916766467836, "ENV_Test_proba_accuracy_per_mean_strategy_epoch13": 0.8269792223517932, "ENV_Test_proba_accuracy_per_mean_user_epoch13": 0.825494837238807, "ENV_Test_proba_accuracy_per_mean_user_and_bot_epoch13": 0.8407178265713355, "ENV_Test_accuracy_epoch13": 0.844608, "ENV_Test_accuracy_strategy_132_epoch13": 0.8628895184135977, "ENV_Test_accuracy_strategy_23_epoch13": 0.8568427855873324, "ENV_Test_accuracy_strategy_107_epoch13": 0.8949096880131363, "ENV_Test_accuracy_strategy_43_epoch13": 0.8269720101781171, "ENV_Test_accuracy_strategy_17_epoch13": 0.8203266787658802, "ENV_Test_accuracy_strategy_93_epoch13": 0.8410351201478743, "ENV_Test_accuracy_per_mean_strategy_epoch13": 0.8504959668509896, "ENV_Test_accuracy_per_mean_user_epoch13": 0.8503684038320819, "ENV_Test_accuracy_per_mean_user_and_bot_epoch13": 0.8611694011133019, "ENV_Train_TotalLoss_epoch14": 540.0622757576131, "ENV_Train_Right action_epoch14": 0.8950744078809474, "ENV_Train_Probability to choose the right action_epoch14": 0.8497595993808088, "ENV_Train_Weighted right action_epoch14": 0.8950744078809474, "ENV_Train_Weighted probability to choose the right action:_epoch14": 0.8497595993808088, "ENV_Test_TotalLoss_epoch14": 217.27585308823114, "ENV_Test_Right action_epoch14": 0.84288, "ENV_Test_Probability to choose the right action_epoch14": 0.8105872858011814, "ENV_Test_Weighted right action_epoch14": 0.864156444716701, "ENV_Test_Weighted probability to choose the right action:_epoch14": 0.8349474494370112, "ENV_Test_proba_accuracy_epoch14": 0.8105872858011807, "ENV_Test_proba_accuracy_strategy_132_epoch14": 0.8476628889070229, "ENV_Test_proba_accuracy_strategy_23_epoch14": 0.8195515724028591, "ENV_Test_proba_accuracy_strategy_107_epoch14": 0.8628202850142417, "ENV_Test_proba_accuracy_strategy_43_epoch14": 0.7967062905877682, "ENV_Test_proba_accuracy_strategy_17_epoch14": 0.7820109858190867, "ENV_Test_proba_accuracy_strategy_93_epoch14": 0.806018846814305, "ENV_Test_proba_accuracy_per_mean_strategy_epoch14": 0.8191284782575473, "ENV_Test_proba_accuracy_per_mean_user_epoch14": 0.8180765143906565, "ENV_Test_proba_accuracy_per_mean_user_and_bot_epoch14": 0.8349474494370122, "ENV_Test_accuracy_epoch14": 0.84288, "ENV_Test_accuracy_strategy_132_epoch14": 0.8747875354107649, "ENV_Test_accuracy_strategy_23_epoch14": 0.8524802068185491, "ENV_Test_accuracy_strategy_107_epoch14": 0.8899835796387521, "ENV_Test_accuracy_strategy_43_epoch14": 0.8250636132315522, "ENV_Test_accuracy_strategy_17_epoch14": 0.8189655172413793, "ENV_Test_accuracy_strategy_93_epoch14": 0.83271719038817, "ENV_Test_accuracy_per_mean_strategy_epoch14": 0.8489996071215279, "ENV_Test_accuracy_per_mean_user_epoch14": 0.8483489880327139, "ENV_Test_accuracy_per_mean_user_and_bot_epoch14": 0.8641564447167012, "ENV_Train_TotalLoss_epoch15": 522.6239911053376, "ENV_Train_Right action_epoch15": 0.8985867848306518, "ENV_Train_Probability to choose the right action_epoch15": 0.8548780950618577, "ENV_Train_Weighted right action_epoch15": 0.8985867848306518, "ENV_Train_Weighted probability to choose the right action:_epoch15": 0.8548780950618577, "ENV_Test_TotalLoss_epoch15": 226.11596930683703, "ENV_Test_Right action_epoch15": 0.843584, "ENV_Test_Probability to choose the right action_epoch15": 0.810492093272887, "ENV_Test_Weighted right action_epoch15": 0.858069532272397, "ENV_Test_Weighted probability to choose the right action:_epoch15": 0.833501328125713, "ENV_Test_proba_accuracy_epoch15": 0.810492093272887, "ENV_Test_proba_accuracy_strategy_132_epoch15": 0.8447919148484446, "ENV_Test_proba_accuracy_strategy_23_epoch15": 0.8199642583030747, "ENV_Test_proba_accuracy_strategy_107_epoch15": 0.8587210764503638, "ENV_Test_proba_accuracy_strategy_43_epoch15": 0.7980576464706768, "ENV_Test_proba_accuracy_strategy_17_epoch15": 0.7815607818416378, "ENV_Test_proba_accuracy_strategy_93_epoch15": 0.8091448714191404, "ENV_Test_proba_accuracy_per_mean_strategy_epoch15": 0.8187067582222229, "ENV_Test_proba_accuracy_per_mean_user_epoch15": 0.8179101864484773, "ENV_Test_proba_accuracy_per_mean_user_and_bot_epoch15": 0.8335013281257129, "ENV_Test_accuracy_epoch15": 0.843584, "ENV_Test_accuracy_strategy_132_epoch15": 0.8583569405099151, "ENV_Test_accuracy_strategy_23_epoch15": 0.8558733236387138, "ENV_Test_accuracy_strategy_107_epoch15": 0.8719211822660099, "ENV_Test_accuracy_strategy_43_epoch15": 0.8295165394402035, "ENV_Test_accuracy_strategy_17_epoch15": 0.8214609800362976, "ENV_Test_accuracy_strategy_93_epoch15": 0.8438077634011091, "ENV_Test_accuracy_per_mean_strategy_epoch15": 0.8468227882153748, "ENV_Test_accuracy_per_mean_user_epoch15": 0.8478814456126357, "ENV_Test_accuracy_per_mean_user_and_bot_epoch15": 0.8580695322723971, "ENV_Train_TotalLoss_epoch16": 505.8496009102807, "ENV_Train_Right action_epoch16": 0.9016927356341119, "ENV_Train_Probability to choose the right action_epoch16": 0.8592200958348641, "ENV_Train_Weighted right action_epoch16": 0.9016927356341119, "ENV_Train_Weighted probability to choose the right action:_epoch16": 0.8592200958348641, "ENV_Test_TotalLoss_epoch16": 236.128278303413, "ENV_Test_Right action_epoch16": 0.84256, "ENV_Test_Probability to choose the right action_epoch16": 0.8132452592159212, "ENV_Test_Weighted right action_epoch16": 0.8621988606086537, "ENV_Test_Weighted probability to choose the right action:_epoch16": 0.8347637552045528, "ENV_Test_proba_accuracy_epoch16": 0.8132452592159216, "ENV_Test_proba_accuracy_strategy_132_epoch16": 0.844384551099187, "ENV_Test_proba_accuracy_strategy_23_epoch16": 0.8241297599942897, "ENV_Test_proba_accuracy_strategy_107_epoch16": 0.8617167021052324, "ENV_Test_proba_accuracy_strategy_43_epoch16": 0.8020370208370767, "ENV_Test_proba_accuracy_strategy_17_epoch16": 0.784202355373361, "ENV_Test_proba_accuracy_strategy_93_epoch16": 0.8075117441130353, "ENV_Test_proba_accuracy_per_mean_strategy_epoch16": 0.8206636889203636, "ENV_Test_proba_accuracy_per_mean_user_epoch16": 0.8200630357190266, "ENV_Test_proba_accuracy_per_mean_user_and_bot_epoch16": 0.8347637552045533, "ENV_Test_accuracy_epoch16": 0.84256, "ENV_Test_accuracy_strategy_132_epoch16": 0.863456090651558, "ENV_Test_accuracy_strategy_23_epoch16": 0.8544191307157861, "ENV_Test_accuracy_strategy_107_epoch16": 0.8866995073891626, "ENV_Test_accuracy_strategy_43_epoch16": 0.8314249363867684, "ENV_Test_accuracy_strategy_17_epoch16": 0.816016333938294, "ENV_Test_accuracy_strategy_93_epoch16": 0.8401109057301294, "ENV_Test_accuracy_per_mean_strategy_epoch16": 0.8486878174686163, "ENV_Test_accuracy_per_mean_user_epoch16": 0.8482905647967216, "ENV_Test_accuracy_per_mean_user_and_bot_epoch16": 0.8621988606086524, "ENV_Train_TotalLoss_epoch17": 490.5612055635374, "ENV_Train_Right action_epoch17": 0.90451362194048, "ENV_Train_Probability to choose the right action_epoch17": 0.8639545125388686, "ENV_Train_Weighted right action_epoch17": 0.90451362194048, "ENV_Train_Weighted probability to choose the right action:_epoch17": 0.8639545125388686, "ENV_Test_TotalLoss_epoch17": 259.8353364142769, "ENV_Test_Right action_epoch17": 0.843584, "ENV_Test_Probability to choose the right action_epoch17": 0.8188354285100308, "ENV_Test_Weighted right action_epoch17": 0.8652097978661846, "ENV_Test_Weighted probability to choose the right action:_epoch17": 0.8435842609522137, "ENV_Test_proba_accuracy_epoch17": 0.8188354285100307, "ENV_Test_proba_accuracy_strategy_132_epoch17": 0.8494912636927285, "ENV_Test_proba_accuracy_strategy_23_epoch17": 0.8283302742925149, "ENV_Test_proba_accuracy_strategy_107_epoch17": 0.8784967973613317, "ENV_Test_proba_accuracy_strategy_43_epoch17": 0.8088743330738973, "ENV_Test_proba_accuracy_strategy_17_epoch17": 0.7882343740081621, "ENV_Test_proba_accuracy_strategy_93_epoch17": 0.8200769876543355, "ENV_Test_proba_accuracy_per_mean_strategy_epoch17": 0.8289173383471616, "ENV_Test_proba_accuracy_per_mean_user_epoch17": 0.8247633240176401, "ENV_Test_proba_accuracy_per_mean_user_and_bot_epoch17": 0.8435842609522132, "ENV_Test_accuracy_epoch17": 0.843584, "ENV_Test_accuracy_strategy_132_epoch17": 0.8623229461756374, "ENV_Test_accuracy_strategy_23_epoch17": 0.8537728227500404, "ENV_Test_accuracy_strategy_107_epoch17": 0.8998357963875205, "ENV_Test_accuracy_strategy_43_epoch17": 0.833969465648855, "ENV_Test_accuracy_strategy_17_epoch17": 0.8173774954627949, "ENV_Test_accuracy_strategy_93_epoch17": 0.8438077634011091, "ENV_Test_accuracy_per_mean_strategy_epoch17": 0.8518477149709929, "ENV_Test_accuracy_per_mean_user_epoch17": 0.8477851997474345, "ENV_Test_accuracy_per_mean_user_and_bot_epoch17": 0.8652097978661838, "ENV_Train_TotalLoss_epoch18": 475.4459642870954, "ENV_Train_Right action_epoch18": 0.9080249329159212, "ENV_Train_Probability to choose the right action_epoch18": 0.8685350017945014, "ENV_Train_Weighted right action_epoch18": 0.9080249329159212, "ENV_Train_Weighted probability to choose the right action:_epoch18": 0.8685350017945014, "ENV_Test_TotalLoss_epoch18": 243.95517431890158, "ENV_Test_Right action_epoch18": 0.842944, "ENV_Test_Probability to choose the right action_epoch18": 0.8153313131292692, "ENV_Test_Weighted right action_epoch18": 0.8595844354520181, "ENV_Test_Weighted probability to choose the right action:_epoch18": 0.838488096487403, "ENV_Test_proba_accuracy_epoch18": 0.8153313131292688, "ENV_Test_proba_accuracy_strategy_132_epoch18": 0.8511233789681283, "ENV_Test_proba_accuracy_strategy_23_epoch18": 0.8237975431383739, "ENV_Test_proba_accuracy_strategy_107_epoch18": 0.8654550185455026, "ENV_Test_proba_accuracy_strategy_43_epoch18": 0.801770175626268, "ENV_Test_proba_accuracy_strategy_17_epoch18": 0.7878147917361962, "ENV_Test_proba_accuracy_strategy_93_epoch18": 0.8121105221172161, "ENV_Test_proba_accuracy_per_mean_strategy_epoch18": 0.8236785716886142, "ENV_Test_proba_accuracy_per_mean_user_epoch18": 0.8220030673425579, "ENV_Test_proba_accuracy_per_mean_user_and_bot_epoch18": 0.8384880964874031, "ENV_Test_accuracy_epoch18": 0.842944, "ENV_Test_accuracy_strategy_132_epoch18": 0.8657223796033995, "ENV_Test_accuracy_strategy_23_epoch18": 0.8547422846986589, "ENV_Test_accuracy_strategy_107_epoch18": 0.8834154351395731, "ENV_Test_accuracy_strategy_43_epoch18": 0.8263358778625954, "ENV_Test_accuracy_strategy_17_epoch18": 0.8194192377495463, "ENV_Test_accuracy_strategy_93_epoch18": 0.8354898336414048, "ENV_Test_accuracy_per_mean_strategy_epoch18": 0.8475208414491963, "ENV_Test_accuracy_per_mean_user_epoch18": 0.8466872269690817, "ENV_Test_accuracy_per_mean_user_and_bot_epoch18": 0.859584435452018, "ENV_Train_TotalLoss_epoch19": 455.95043198261413, "ENV_Train_Right action_epoch19": 0.9099804305283757, "ENV_Train_Probability to choose the right action_epoch19": 0.8733037460854304, "ENV_Train_Weighted right action_epoch19": 0.9099804305283757, "ENV_Train_Weighted probability to choose the right action:_epoch19": 0.8733037460854304, "ENV_Test_TotalLoss_epoch19": 263.5719813464668, "ENV_Test_Right action_epoch19": 0.83648, "ENV_Test_Probability to choose the right action_epoch19": 0.8132257390001383, "ENV_Test_Weighted right action_epoch19": 0.8557174804668968, "ENV_Test_Weighted probability to choose the right action:_epoch19": 0.8349088960538955, "ENV_Test_proba_accuracy_epoch19": 0.8132257390001382, "ENV_Test_proba_accuracy_strategy_132_epoch19": 0.845317339846718, "ENV_Test_proba_accuracy_strategy_23_epoch19": 0.8210204626924331, "ENV_Test_proba_accuracy_strategy_107_epoch19": 0.8665896094751147, "ENV_Test_proba_accuracy_strategy_43_epoch19": 0.7958552423241719, "ENV_Test_proba_accuracy_strategy_17_epoch19": 0.7882046749736631, "ENV_Test_proba_accuracy_strategy_93_epoch19": 0.813426712621426, "ENV_Test_proba_accuracy_per_mean_strategy_epoch19": 0.8217356736555878, "ENV_Test_proba_accuracy_per_mean_user_epoch19": 0.8189745947824218, "ENV_Test_proba_accuracy_per_mean_user_and_bot_epoch19": 0.834908896053895, "ENV_Test_accuracy_epoch19": 0.83648, "ENV_Test_accuracy_strategy_132_epoch19": 0.856657223796034, "ENV_Test_accuracy_strategy_23_epoch19": 0.8473097430925837, "ENV_Test_accuracy_strategy_107_epoch19": 0.8932676518883416, "ENV_Test_accuracy_strategy_43_epoch19": 0.8142493638676844, "ENV_Test_accuracy_strategy_17_epoch19": 0.8142014519056261, "ENV_Test_accuracy_strategy_93_epoch19": 0.83271719038817, "ENV_Test_accuracy_per_mean_strategy_epoch19": 0.8430671041564066, "ENV_Test_accuracy_per_mean_user_epoch19": 0.8401164062044114, "ENV_Test_accuracy_per_mean_user_and_bot_epoch19": 0.8557174804668962, "ENV_Train_TotalLoss_epoch20": 448.5520165542277, "ENV_Train_Right action_epoch20": 0.9132901927350487, "ENV_Train_Probability to choose the right action_epoch20": 0.8762309584420641, "ENV_Train_Weighted right action_epoch20": 0.9132901927350487, "ENV_Train_Weighted probability to choose the right action:_epoch20": 0.8762309584420641, "ENV_Test_TotalLoss_epoch20": 302.4856871041782, "ENV_Test_Right action_epoch20": 0.840128, "ENV_Test_Probability to choose the right action_epoch20": 0.8197054919649098, "ENV_Test_Weighted right action_epoch20": 0.8565289127063999, "ENV_Test_Weighted probability to choose the right action:_epoch20": 0.8401507472620848, "ENV_Test_proba_accuracy_epoch20": 0.8197054919649104, "ENV_Test_proba_accuracy_strategy_132_epoch20": 0.8514468140884238, "ENV_Test_proba_accuracy_strategy_23_epoch20": 0.831690861639949, "ENV_Test_proba_accuracy_strategy_107_epoch20": 0.8694986656448863, "ENV_Test_proba_accuracy_strategy_43_epoch20": 0.8024806812937876, "ENV_Test_proba_accuracy_strategy_17_epoch20": 0.7905069983442814, "ENV_Test_proba_accuracy_strategy_93_epoch20": 0.8153241916107679, "ENV_Test_proba_accuracy_per_mean_strategy_epoch20": 0.8268247021036825, "ENV_Test_proba_accuracy_per_mean_user_epoch20": 0.8256308725957382, "ENV_Test_proba_accuracy_per_mean_user_and_bot_epoch20": 0.8401507472620854, "ENV_Test_accuracy_epoch20": 0.840128, "ENV_Test_accuracy_strategy_132_epoch20": 0.861756373937677, "ENV_Test_accuracy_strategy_23_epoch20": 0.8545807077072225, "ENV_Test_accuracy_strategy_107_epoch20": 0.8883415435139573, "ENV_Test_accuracy_strategy_43_epoch20": 0.8256997455470738, "ENV_Test_accuracy_strategy_17_epoch20": 0.8132940108892922, "ENV_Test_accuracy_strategy_93_epoch20": 0.8253234750462107, "ENV_Test_accuracy_per_mean_strategy_epoch20": 0.8448326427735723, "ENV_Test_accuracy_per_mean_user_epoch20": 0.8439292645177684, "ENV_Test_accuracy_per_mean_user_and_bot_epoch20": 0.856528912706399, "ENV_Train_TotalLoss_epoch21": 434.046570023409, "ENV_Train_Right action_epoch21": 0.9160820593085329, "ENV_Train_Probability to choose the right action_epoch21": 0.880166868097929, "ENV_Train_Weighted right action_epoch21": 0.9160820593085329, "ENV_Train_Weighted probability to choose the right action:_epoch21": 0.880166868097929, "ENV_Test_TotalLoss_epoch21": 290.14986402760394, "ENV_Test_Right action_epoch21": 0.83904, "ENV_Test_Probability to choose the right action_epoch21": 0.8192959573753756, "ENV_Test_Weighted right action_epoch21": 0.8604328481170116, "ENV_Test_Weighted probability to choose the right action:_epoch21": 0.8410284879969308, "ENV_Test_proba_accuracy_epoch21": 0.8192959573753755, "ENV_Test_proba_accuracy_strategy_132_epoch21": 0.8557595227346345, "ENV_Test_proba_accuracy_strategy_23_epoch21": 0.828915168364168, "ENV_Test_proba_accuracy_strategy_107_epoch21": 0.8660942057807339, "ENV_Test_proba_accuracy_strategy_43_epoch21": 0.8007140029426864, "ENV_Test_proba_accuracy_strategy_17_epoch21": 0.7927194038350148, "ENV_Test_proba_accuracy_strategy_93_epoch21": 0.8137217036105941, "ENV_Test_proba_accuracy_per_mean_strategy_epoch21": 0.826320667877972, "ENV_Test_proba_accuracy_per_mean_user_epoch21": 0.8248988493168887, "ENV_Test_proba_accuracy_per_mean_user_and_bot_epoch21": 0.8410284879969316, "ENV_Test_accuracy_epoch21": 0.83904, "ENV_Test_accuracy_strategy_132_epoch21": 0.8713881019830029, "ENV_Test_accuracy_strategy_23_epoch21": 0.8490870899983842, "ENV_Test_accuracy_strategy_107_epoch21": 0.8899835796387521, "ENV_Test_accuracy_strategy_43_epoch21": 0.8193384223918575, "ENV_Test_accuracy_strategy_17_epoch21": 0.8139745916515426, "ENV_Test_accuracy_strategy_93_epoch21": 0.8308687615526802, "ENV_Test_accuracy_per_mean_strategy_epoch21": 0.8457734245360365, "ENV_Test_accuracy_per_mean_user_epoch21": 0.8434620563958577, "ENV_Test_accuracy_per_mean_user_and_bot_epoch21": 0.86043284811701, "ENV_Train_TotalLoss_epoch22": 416.57119610990645, "ENV_Train_Right action_epoch22": 0.9188297619546834, "ENV_Train_Probability to choose the right action_epoch22": 0.8849003578924033, "ENV_Train_Weighted right action_epoch22": 0.9188297619546834, "ENV_Train_Weighted probability to choose the right action:_epoch22": 0.8849003578924033, "ENV_Test_TotalLoss_epoch22": 309.6386213667722, "ENV_Test_Right action_epoch22": 0.836672, "ENV_Test_Probability to choose the right action_epoch22": 0.8183959221993222, "ENV_Test_Weighted right action_epoch22": 0.8526614445055499, "ENV_Test_Weighted probability to choose the right action:_epoch22": 0.8367436118323464, "ENV_Test_proba_accuracy_epoch22": 0.8183959221993229, "ENV_Test_proba_accuracy_strategy_132_epoch22": 0.8469940739681875, "ENV_Test_proba_accuracy_strategy_23_epoch22": 0.8291165160877695, "ENV_Test_proba_accuracy_strategy_107_epoch22": 0.8691912294889614, "ENV_Test_proba_accuracy_strategy_43_epoch22": 0.7923924865246046, "ENV_Test_proba_accuracy_strategy_17_epoch22": 0.7958782580648083, "ENV_Test_proba_accuracy_strategy_93_epoch22": 0.8113491835658325, "ENV_Test_proba_accuracy_per_mean_strategy_epoch22": 0.8241536246166938, "ENV_Test_proba_accuracy_per_mean_user_epoch22": 0.8226258471854929, "ENV_Test_proba_accuracy_per_mean_user_and_bot_epoch22": 0.8367436118323461, "ENV_Test_accuracy_epoch22": 0.836672, "ENV_Test_accuracy_strategy_132_epoch22": 0.8583569405099151, "ENV_Test_accuracy_strategy_23_epoch22": 0.8500565519470027, "ENV_Test_accuracy_strategy_107_epoch22": 0.8932676518883416, "ENV_Test_accuracy_strategy_43_epoch22": 0.7951653944020356, "ENV_Test_accuracy_strategy_17_epoch22": 0.8171506352087115, "ENV_Test_accuracy_strategy_93_epoch22": 0.83271719038817, "ENV_Test_accuracy_per_mean_strategy_epoch22": 0.8411190607240293, "ENV_Test_accuracy_per_mean_user_epoch22": 0.8396429739796254, "ENV_Test_accuracy_per_mean_user_and_bot_epoch22": 0.8526614445055497, "ENV_Train_TotalLoss_epoch23": 402.12311735668754, "ENV_Train_Right action_epoch23": 0.9229092128801432, "ENV_Train_Probability to choose the right action_epoch23": 0.8891929149246518, "ENV_Train_Weighted right action_epoch23": 0.9229092128801432, "ENV_Train_Weighted probability to choose the right action:_epoch23": 0.8891929149246518, "ENV_Test_TotalLoss_epoch23": 289.35417110844594, "ENV_Test_Right action_epoch23": 0.836032, "ENV_Test_Probability to choose the right action_epoch23": 0.8180631523485455, "ENV_Test_Weighted right action_epoch23": 0.8530186428874906, "ENV_Test_Weighted probability to choose the right action:_epoch23": 0.8394796727681664, "ENV_Test_proba_accuracy_epoch23": 0.8180631523485455, "ENV_Test_proba_accuracy_strategy_132_epoch23": 0.845928059879428, "ENV_Test_proba_accuracy_strategy_23_epoch23": 0.82994796284008, "ENV_Test_proba_accuracy_strategy_107_epoch23": 0.8703877146727643, "ENV_Test_proba_accuracy_strategy_43_epoch23": 0.8026026660899014, "ENV_Test_proba_accuracy_strategy_17_epoch23": 0.7900682256872755, "ENV_Test_proba_accuracy_strategy_93_epoch23": 0.811689038431635, "ENV_Test_proba_accuracy_per_mean_strategy_epoch23": 0.8251039446001807, "ENV_Test_proba_accuracy_per_mean_user_epoch23": 0.82414074438067, "ENV_Test_proba_accuracy_per_mean_user_and_bot_epoch23": 0.8394796727681666, "ENV_Test_accuracy_epoch23": 0.836032, "ENV_Test_accuracy_strategy_132_epoch23": 0.8555240793201133, "ENV_Test_accuracy_strategy_23_epoch23": 0.8521570528356762, "ENV_Test_accuracy_strategy_107_epoch23": 0.8834154351395731, "ENV_Test_accuracy_strategy_43_epoch23": 0.8193384223918575, "ENV_Test_accuracy_strategy_17_epoch23": 0.8073956442831216, "ENV_Test_accuracy_strategy_93_epoch23": 0.8262476894639557, "ENV_Test_accuracy_per_mean_strategy_epoch23": 0.8406797205723829, "ENV_Test_accuracy_per_mean_user_epoch23": 0.8410988523138777, "ENV_Test_accuracy_per_mean_user_and_bot_epoch23": 0.8530186428874905, "ENV_Train_TotalLoss_epoch24": 395.22455736495317, "ENV_Train_Right action_epoch24": 0.9242176471410402, "ENV_Train_Probability to choose the right action_epoch24": 0.8917936233477206, "ENV_Train_Weighted right action_epoch24": 0.9242176471410402, "ENV_Train_Weighted probability to choose the right action:_epoch24": 0.8917936233477206, "ENV_Test_TotalLoss_epoch24": 315.58687437504875, "ENV_Test_Right action_epoch24": 0.836992, "ENV_Test_Probability to choose the right action_epoch24": 0.8231509469327799, "ENV_Test_Weighted right action_epoch24": 0.8529020697123387, "ENV_Test_Weighted probability to choose the right action:_epoch24": 0.8409217247541599, "ENV_Test_proba_accuracy_epoch24": 0.8231509469327806, "ENV_Test_proba_accuracy_strategy_132_epoch24": 0.8523479598817286, "ENV_Test_proba_accuracy_strategy_23_epoch24": 0.8363966667269248, "ENV_Test_proba_accuracy_strategy_107_epoch24": 0.8674962413910001, "ENV_Test_proba_accuracy_strategy_43_epoch24": 0.8022138488525649, "ENV_Test_proba_accuracy_strategy_17_epoch24": 0.7953474761053857, "ENV_Test_proba_accuracy_strategy_93_epoch24": 0.8184874031281116, "ENV_Test_proba_accuracy_per_mean_strategy_epoch24": 0.8287149326809526, "ENV_Test_proba_accuracy_per_mean_user_epoch24": 0.8266915267329454, "ENV_Test_proba_accuracy_per_mean_user_and_bot_epoch24": 0.8409217247541596, "ENV_Test_accuracy_epoch24": 0.836992, "ENV_Test_accuracy_strategy_132_epoch24": 0.860056657223796, "ENV_Test_accuracy_strategy_23_epoch24": 0.8549038616900954, "ENV_Test_accuracy_strategy_107_epoch24": 0.8752052545155994, "ENV_Test_accuracy_strategy_43_epoch24": 0.8155216284987278, "ENV_Test_accuracy_strategy_17_epoch24": 0.8053539019963702, "ENV_Test_accuracy_strategy_93_epoch24": 0.8354898336414048, "ENV_Test_accuracy_per_mean_strategy_epoch24": 0.8410885229276657, "ENV_Test_accuracy_per_mean_user_epoch24": 0.8391538801003104, "ENV_Test_accuracy_per_mean_user_and_bot_epoch24": 0.852902069712338, "_wandb": {"runtime": 2548}}