{"ENV_Train_TotalLoss": 195.82876948264504, "ENV_Train_TotalLoss_epoch0": 1045.774443885535, "ENV_Train_Right action": 0.9665082471344703, "ENV_Train_Right action_epoch0": 0.7847149426251275, "ENV_Train_Probability to choose the right action": 0.9498859070633029, "ENV_Train_Probability to choose the right action_epoch0": 0.700362613847622, "ENV_Train_Weighted right action": 0.9665082471344703, "ENV_Train_Weighted right action_epoch0": 0.7847149426251275, "ENV_Train_Weighted probability to choose the right action:": 0.9498859070633029, "ENV_Train_Weighted probability to choose the right action:_epoch0": 0.700362613847622, "_timestamp": 1720375688.3277411, "_runtime": 1779.2924902439117, "_step": 49, "ENV_Test_TotalLoss": 622.2349940401806, "ENV_Test_TotalLoss_epoch0": 208.21043980056336, "ENV_Test_Right action": 0.78976, "ENV_Test_Right action_epoch0": 0.802624, "ENV_Test_Probability to choose the right action": 0.7845038046650505, "ENV_Test_Probability to choose the right action_epoch0": 0.7532114048322014, "ENV_Test_Weighted right action": 0.8295335633395161, "ENV_Test_Weighted right action_epoch0": 0.8492544906344331, "ENV_Test_Weighted probability to choose the right action:": 0.8243178265642725, "ENV_Test_Weighted probability to choose the right action:_epoch0": 0.7981357916719056, "ENV_Test_proba_accuracy": 0.7845038046650514, "ENV_Test_proba_accuracy_epoch0": 0.7532114048322013, "ENV_Test_proba_accuracy_strategy_132": 0.8352088668238477, "ENV_Test_proba_accuracy_strategy_132_epoch0": 0.8024837704189479, "ENV_Test_proba_accuracy_strategy_23": 0.7879106219244467, "ENV_Test_proba_accuracy_strategy_23_epoch0": 0.7512482798503528, "ENV_Test_proba_accuracy_strategy_107": 0.8620496062756069, "ENV_Test_proba_accuracy_strategy_107_epoch0": 0.8409988560508934, "ENV_Test_proba_accuracy_strategy_43": 0.7802588105632521, "ENV_Test_proba_accuracy_strategy_43_epoch0": 0.7700911606015164, "ENV_Test_proba_accuracy_strategy_17": 0.7494564212694967, "ENV_Test_proba_accuracy_strategy_17_epoch0": 0.714947608059509, "ENV_Test_proba_accuracy_strategy_93": 0.7876067407335627, "ENV_Test_proba_accuracy_strategy_93_epoch0": 0.7660148591432311, "ENV_Test_proba_accuracy_per_mean_strategy": 0.8004151779317022, "ENV_Test_proba_accuracy_per_mean_strategy_epoch0": 0.7742974223540751, "ENV_Test_proba_accuracy_per_mean_user": 0.798677677700658, "ENV_Test_proba_accuracy_per_mean_user_epoch0": 0.7666390100878484, "ENV_Test_proba_accuracy_per_mean_user_and_bot": 0.8243178265642731, "ENV_Test_proba_accuracy_per_mean_user_and_bot_epoch0": 0.798135791671906, "ENV_Test_accuracy": 0.78976, "ENV_Test_accuracy_epoch0": 0.802624, "ENV_Test_accuracy_strategy_132": 0.8402266288951842, "ENV_Test_accuracy_strategy_132_epoch0": 0.8509915014164305, "ENV_Test_accuracy_strategy_23": 0.7918888350298917, "ENV_Test_accuracy_strategy_23_epoch0": 0.8049765713362417, "ENV_Test_accuracy_strategy_107": 0.8702791461412152, "ENV_Test_accuracy_strategy_107_epoch0": 0.8883415435139573, "ENV_Test_accuracy_strategy_43": 0.7862595419847328, "ENV_Test_accuracy_strategy_43_epoch0": 0.8136132315521628, "ENV_Test_accuracy_strategy_17": 0.7558983666061706, "ENV_Test_accuracy_strategy_17_epoch0": 0.7622504537205081, "ENV_Test_accuracy_strategy_93": 0.7929759704251387, "ENV_Test_accuracy_strategy_93_epoch0": 0.8105360443622921, "ENV_Test_accuracy_per_mean_strategy": 0.8062547481803888, "ENV_Test_accuracy_per_mean_strategy_epoch0": 0.8217848909835989, "ENV_Test_accuracy_per_mean_user": 0.8042160362197249, "ENV_Test_accuracy_per_mean_user_epoch0": 0.8185509041781697, "ENV_Test_accuracy_per_mean_user_and_bot": 0.8295335633395163, "ENV_Test_accuracy_per_mean_user_and_bot_epoch0": 0.8492544906344338, "ENV_Train_TotalLoss_epoch1": 883.2965142436472, "ENV_Train_Right action_epoch1": 0.8196556350626119, "ENV_Train_Probability to choose the right action_epoch1": 0.7498868802372866, "ENV_Train_Weighted right action_epoch1": 0.8196556350626119, "ENV_Train_Weighted probability to choose the right action:_epoch1": 0.7498868802372866, "ENV_Test_TotalLoss_epoch1": 194.33439470482153, "ENV_Test_Right action_epoch1": 0.811008, "ENV_Test_Probability to choose the right action_epoch1": 0.7576393253317842, "ENV_Test_Weighted right action_epoch1": 0.850961075976496, "ENV_Test_Weighted probability to choose the right action:_epoch1": 0.7960948738807586, "ENV_Test_proba_accuracy_epoch1": 0.7576393253317848, "ENV_Test_proba_accuracy_strategy_132_epoch1": 0.8025223286443884, "ENV_Test_proba_accuracy_strategy_23_epoch1": 0.7570204300223273, "ENV_Test_proba_accuracy_strategy_107_epoch1": 0.8268161316012392, "ENV_Test_proba_accuracy_strategy_43_epoch1": 0.7634129106430321, "ENV_Test_proba_accuracy_strategy_17_epoch1": 0.7280325488010306, "ENV_Test_proba_accuracy_strategy_93_epoch1": 0.7612564806401703, "ENV_Test_proba_accuracy_per_mean_strategy_epoch1": 0.7731768050586979, "ENV_Test_proba_accuracy_per_mean_user_epoch1": 0.771240601340942, "ENV_Test_proba_accuracy_per_mean_user_and_bot_epoch1": 0.7960948738807591, "ENV_Test_accuracy_epoch1": 0.811008, "ENV_Test_accuracy_strategy_132_epoch1": 0.8589235127478754, "ENV_Test_accuracy_strategy_23_epoch1": 0.8122475359508806, "ENV_Test_accuracy_strategy_107_epoch1": 0.8866995073891626, "ENV_Test_accuracy_strategy_43_epoch1": 0.8225190839694656, "ENV_Test_accuracy_strategy_17_epoch1": 0.7742740471869328, "ENV_Test_accuracy_strategy_93_epoch1": 0.8160813308687616, "ENV_Test_accuracy_per_mean_strategy_epoch1": 0.8284575030188464, "ENV_Test_accuracy_per_mean_user_epoch1": 0.8267134510050771, "ENV_Test_accuracy_per_mean_user_and_bot_epoch1": 0.8509610759764972, "ENV_Train_TotalLoss_epoch2": 833.4265675530884, "ENV_Train_Right action_epoch2": 0.8298714006150405, "ENV_Train_Probability to choose the right action_epoch2": 0.7638850411907113, "ENV_Train_Weighted right action_epoch2": 0.8298714006150405, "ENV_Train_Weighted probability to choose the right action:_epoch2": 0.7638850411907113, "ENV_Test_TotalLoss_epoch2": 196.86869539196968, "ENV_Test_Right action_epoch2": 0.81504, "ENV_Test_Probability to choose the right action_epoch2": 0.780767395279951, "ENV_Test_Weighted right action_epoch2": 0.8612702853753785, "ENV_Test_Weighted probability to choose the right action:_epoch2": 0.8219757945358498, "ENV_Test_proba_accuracy_epoch2": 0.7807673952799512, "ENV_Test_proba_accuracy_strategy_132_epoch2": 0.8278622488938567, "ENV_Test_proba_accuracy_strategy_23_epoch2": 0.7795108526017431, "ENV_Test_proba_accuracy_strategy_107_epoch2": 0.8619855688454446, "ENV_Test_proba_accuracy_strategy_43_epoch2": 0.7822251524404508, "ENV_Test_proba_accuracy_strategy_17_epoch2": 0.7493880053438274, "ENV_Test_proba_accuracy_strategy_93_epoch2": 0.7911382038637124, "ENV_Test_proba_accuracy_per_mean_strategy_epoch2": 0.7986850053315059, "ENV_Test_proba_accuracy_per_mean_user_epoch2": 0.7952578163358971, "ENV_Test_proba_accuracy_per_mean_user_and_bot_epoch2": 0.82197579453585, "ENV_Test_accuracy_epoch2": 0.81504, "ENV_Test_accuracy_strategy_132_epoch2": 0.8572237960339943, "ENV_Test_accuracy_strategy_23_epoch2": 0.8156406527710454, "ENV_Test_accuracy_strategy_107_epoch2": 0.9047619047619048, "ENV_Test_accuracy_strategy_43_epoch2": 0.8244274809160306, "ENV_Test_accuracy_strategy_17_epoch2": 0.7774500907441017, "ENV_Test_accuracy_strategy_93_epoch2": 0.8317929759704251, "ENV_Test_accuracy_per_mean_strategy_epoch2": 0.8352161501995837, "ENV_Test_accuracy_per_mean_user_epoch2": 0.8319142130908448, "ENV_Test_accuracy_per_mean_user_and_bot_epoch2": 0.861270285375379, "ENV_Train_TotalLoss_epoch3": 791.1809120377725, "ENV_Train_Right action_epoch3": 0.836650824713447, "ENV_Train_Probability to choose the right action_epoch3": 0.7751621103693327, "ENV_Train_Weighted right action_epoch3": 0.836650824713447, "ENV_Train_Weighted probability to choose the right action:_epoch3": 0.7751621103693327, "ENV_Test_TotalLoss_epoch3": 186.88321978928488, "ENV_Test_Right action_epoch3": 0.815424, "ENV_Test_Probability to choose the right action_epoch3": 0.7701896655881973, "ENV_Test_Weighted right action_epoch3": 0.8622636801465489, "ENV_Test_Weighted probability to choose the right action:_epoch3": 0.8174248772072135, "ENV_Test_proba_accuracy_epoch3": 0.7701896655881978, "ENV_Test_proba_accuracy_strategy_132_epoch3": 0.826304205037893, "ENV_Test_proba_accuracy_strategy_23_epoch3": 0.7661184943140403, "ENV_Test_proba_accuracy_strategy_107_epoch3": 0.8593150016803184, "ENV_Test_proba_accuracy_strategy_43_epoch3": 0.774409999762553, "ENV_Test_proba_accuracy_strategy_17_epoch3": 0.7377873201798243, "ENV_Test_proba_accuracy_strategy_93_epoch3": 0.777650072653789, "ENV_Test_proba_accuracy_per_mean_strategy_epoch3": 0.7902641822714029, "ENV_Test_proba_accuracy_per_mean_user_epoch3": 0.7861557185528181, "ENV_Test_proba_accuracy_per_mean_user_and_bot_epoch3": 0.8174248772072138, "ENV_Test_accuracy_epoch3": 0.815424, "ENV_Test_accuracy_strategy_132_epoch3": 0.863456090651558, "ENV_Test_accuracy_strategy_23_epoch3": 0.8158022297624818, "ENV_Test_accuracy_strategy_107_epoch3": 0.9080459770114943, "ENV_Test_accuracy_strategy_43_epoch3": 0.8180661577608143, "ENV_Test_accuracy_strategy_17_epoch3": 0.77994555353902, "ENV_Test_accuracy_strategy_93_epoch3": 0.8234750462107209, "ENV_Test_accuracy_per_mean_strategy_epoch3": 0.8347985091560147, "ENV_Test_accuracy_per_mean_user_epoch3": 0.8317330442534008, "ENV_Test_accuracy_per_mean_user_and_bot_epoch3": 0.8622636801465491, "ENV_Train_TotalLoss_epoch4": 756.2791757868308, "ENV_Train_Right action_epoch4": 0.8454464135964667, "ENV_Train_Probability to choose the right action_epoch4": 0.7855894085598095, "ENV_Train_Weighted right action_epoch4": 0.8454464135964667, "ENV_Train_Weighted probability to choose the right action:_epoch4": 0.7855894085598095, "ENV_Test_TotalLoss_epoch4": 225.92887195519162, "ENV_Test_Right action_epoch4": 0.81024, "ENV_Test_Probability to choose the right action_epoch4": 0.7798739703051658, "ENV_Test_Weighted right action_epoch4": 0.8561673689504478, "ENV_Test_Weighted probability to choose the right action:_epoch4": 0.8262057325083255, "ENV_Test_proba_accuracy_epoch4": 0.7798739703051655, "ENV_Test_proba_accuracy_strategy_132_epoch4": 0.8333134630146901, "ENV_Test_proba_accuracy_strategy_23_epoch4": 0.7761364530182022, "ENV_Test_proba_accuracy_strategy_107_epoch4": 0.8654357545969276, "ENV_Test_proba_accuracy_strategy_43_epoch4": 0.7875156214130823, "ENV_Test_proba_accuracy_strategy_17_epoch4": 0.74655171193926, "ENV_Test_proba_accuracy_strategy_93_epoch4": 0.790572216662179, "ENV_Test_proba_accuracy_per_mean_strategy_epoch4": 0.7999208701073902, "ENV_Test_proba_accuracy_per_mean_user_epoch4": 0.7965123474676215, "ENV_Test_proba_accuracy_per_mean_user_and_bot_epoch4": 0.8262057325083269, "ENV_Test_accuracy_epoch4": 0.81024, "ENV_Test_accuracy_strategy_132_epoch4": 0.8572237960339943, "ENV_Test_accuracy_strategy_23_epoch4": 0.8091775731135886, "ENV_Test_accuracy_strategy_107_epoch4": 0.896551724137931, "ENV_Test_accuracy_strategy_43_epoch4": 0.8187022900763359, "ENV_Test_accuracy_strategy_17_epoch4": 0.7760889292196007, "ENV_Test_accuracy_strategy_93_epoch4": 0.8179297597042514, "ENV_Test_accuracy_per_mean_strategy_epoch4": 0.8292790120476171, "ENV_Test_accuracy_per_mean_user_epoch4": 0.8267084019347694, "ENV_Test_accuracy_per_mean_user_and_bot_epoch4": 0.8561673689504481, "ENV_Train_TotalLoss_epoch5": 723.1825350242867, "ENV_Train_Right action_epoch5": 0.8529761156066132, "ENV_Train_Probability to choose the right action_epoch5": 0.7957470690974376, "ENV_Train_Weighted right action_epoch5": 0.8529761156066132, "ENV_Train_Weighted probability to choose the right action:_epoch5": 0.7957470690974376, "ENV_Test_TotalLoss_epoch5": 206.36885578244718, "ENV_Test_Right action_epoch5": 0.813376, "ENV_Test_Probability to choose the right action_epoch5": 0.7788042514831276, "ENV_Test_Weighted right action_epoch5": 0.8548031157065228, "ENV_Test_Weighted probability to choose the right action:_epoch5": 0.8198230022570572, "ENV_Test_proba_accuracy_epoch5": 0.7788042514831275, "ENV_Test_proba_accuracy_strategy_132_epoch5": 0.8297171468791317, "ENV_Test_proba_accuracy_strategy_23_epoch5": 0.7775458525728629, "ENV_Test_proba_accuracy_strategy_107_epoch5": 0.8548491261286719, "ENV_Test_proba_accuracy_strategy_43_epoch5": 0.7824252818752927, "ENV_Test_proba_accuracy_strategy_17_epoch5": 0.7467040605918421, "ENV_Test_proba_accuracy_strategy_93_epoch5": 0.7856628683914887, "ENV_Test_proba_accuracy_per_mean_strategy_epoch5": 0.7961507227398816, "ENV_Test_proba_accuracy_per_mean_user_epoch5": 0.7934365449360279, "ENV_Test_proba_accuracy_per_mean_user_and_bot_epoch5": 0.8198230022570581, "ENV_Test_accuracy_epoch5": 0.813376, "ENV_Test_accuracy_strategy_132_epoch5": 0.8606232294617564, "ENV_Test_accuracy_strategy_23_epoch5": 0.8138633058652448, "ENV_Test_accuracy_strategy_107_epoch5": 0.8866995073891626, "ENV_Test_accuracy_strategy_43_epoch5": 0.823791348600509, "ENV_Test_accuracy_strategy_17_epoch5": 0.7774500907441017, "ENV_Test_accuracy_strategy_93_epoch5": 0.8234750462107209, "ENV_Test_accuracy_per_mean_strategy_epoch5": 0.8309837547119159, "ENV_Test_accuracy_per_mean_user_epoch5": 0.8271149063239711, "ENV_Test_accuracy_per_mean_user_and_bot_epoch5": 0.854803115706523, "ENV_Train_TotalLoss_epoch6": 681.9499361998697, "ENV_Train_Right action_epoch6": 0.8626549464063613, "ENV_Train_Probability to choose the right action_epoch6": 0.8074792510114323, "ENV_Train_Weighted right action_epoch6": 0.8626549464063613, "ENV_Train_Weighted probability to choose the right action:_epoch6": 0.8074792510114323, "ENV_Test_TotalLoss_epoch6": 224.06581627771567, "ENV_Test_Right action_epoch6": 0.810432, "ENV_Test_Probability to choose the right action_epoch6": 0.7815285214779273, "ENV_Test_Weighted right action_epoch6": 0.8529355233774636, "ENV_Test_Weighted probability to choose the right action:_epoch6": 0.8259539942482925, "ENV_Test_proba_accuracy_epoch6": 0.781528521477927, "ENV_Test_proba_accuracy_strategy_132_epoch6": 0.8325529132516041, "ENV_Test_proba_accuracy_strategy_23_epoch6": 0.779010611967931, "ENV_Test_proba_accuracy_strategy_107_epoch6": 0.8621602740376013, "ENV_Test_proba_accuracy_strategy_43_epoch6": 0.7858697119856907, "ENV_Test_proba_accuracy_strategy_17_epoch6": 0.7498524869962346, "ENV_Test_proba_accuracy_strategy_93_epoch6": 0.7900536246988865, "ENV_Test_proba_accuracy_per_mean_strategy_epoch6": 0.7999166038229913, "ENV_Test_proba_accuracy_per_mean_user_epoch6": 0.7974618562680975, "ENV_Test_proba_accuracy_per_mean_user_and_bot_epoch6": 0.8259539942482926, "ENV_Test_accuracy_epoch6": 0.810432, "ENV_Test_accuracy_strategy_132_epoch6": 0.853257790368272, "ENV_Test_accuracy_strategy_23_epoch6": 0.8090159961221522, "ENV_Test_accuracy_strategy_107_epoch6": 0.8883415435139573, "ENV_Test_accuracy_strategy_43_epoch6": 0.8193384223918575, "ENV_Test_accuracy_strategy_17_epoch6": 0.7779038112522686, "ENV_Test_accuracy_strategy_93_epoch6": 0.8243992606284658, "ENV_Test_accuracy_per_mean_strategy_epoch6": 0.828709470712829, "ENV_Test_accuracy_per_mean_user_epoch6": 0.8246743547182976, "ENV_Test_accuracy_per_mean_user_and_bot_epoch6": 0.8529355233774638, "ENV_Train_TotalLoss_epoch7": 649.9075113311666, "ENV_Train_Right action_epoch7": 0.8689544310875035, "ENV_Train_Probability to choose the right action_epoch7": 0.8171551732632374, "ENV_Train_Weighted right action_epoch7": 0.8689544310875035, "ENV_Train_Weighted probability to choose the right action:_epoch7": 0.8171551732632374, "ENV_Test_TotalLoss_epoch7": 245.67493517870557, "ENV_Test_Right action_epoch7": 0.80672, "ENV_Test_Probability to choose the right action_epoch7": 0.7789760271126198, "ENV_Test_Weighted right action_epoch7": 0.8487712723792025, "ENV_Test_Weighted probability to choose the right action:_epoch7": 0.8192511686020953, "ENV_Test_proba_accuracy_epoch7": 0.7789760271126203, "ENV_Test_proba_accuracy_strategy_132_epoch7": 0.8278100286121892, "ENV_Test_proba_accuracy_strategy_23_epoch7": 0.778532427474386, "ENV_Test_proba_accuracy_strategy_107_epoch7": 0.8513169765335824, "ENV_Test_proba_accuracy_strategy_43_epoch7": 0.7830645511275791, "ENV_Test_proba_accuracy_strategy_17_epoch7": 0.746091636237648, "ENV_Test_proba_accuracy_strategy_93_epoch7": 0.7891655119021681, "ENV_Test_proba_accuracy_per_mean_strategy_epoch7": 0.7959968553145922, "ENV_Test_proba_accuracy_per_mean_user_epoch7": 0.7935587984272706, "ENV_Test_proba_accuracy_per_mean_user_and_bot_epoch7": 0.819251168602095, "ENV_Test_accuracy_epoch7": 0.80672, "ENV_Test_accuracy_strategy_132_epoch7": 0.8572237960339943, "ENV_Test_accuracy_strategy_23_epoch7": 0.8062691872677331, "ENV_Test_accuracy_strategy_107_epoch7": 0.8883415435139573, "ENV_Test_accuracy_strategy_43_epoch7": 0.8123409669211196, "ENV_Test_accuracy_strategy_17_epoch7": 0.772912885662432, "ENV_Test_accuracy_strategy_93_epoch7": 0.8105360443622921, "ENV_Test_accuracy_per_mean_strategy_epoch7": 0.8246040706269214, "ENV_Test_accuracy_per_mean_user_epoch7": 0.8223295450515594, "ENV_Test_accuracy_per_mean_user_and_bot_epoch7": 0.8487712723792025, "ENV_Train_TotalLoss_epoch8": 608.1363301517723, "ENV_Train_Right action_epoch8": 0.8783568534302082, "ENV_Train_Probability to choose the right action_epoch8": 0.8292787694087165, "ENV_Train_Weighted right action_epoch8": 0.8783568534302082, "ENV_Train_Weighted probability to choose the right action:_epoch8": 0.8292787694087165, "ENV_Test_TotalLoss_epoch8": 282.17808848050527, "ENV_Test_Right action_epoch8": 0.804288, "ENV_Test_Probability to choose the right action_epoch8": 0.7849955184015442, "ENV_Test_Weighted right action_epoch8": 0.8486535905896325, "ENV_Test_Weighted probability to choose the right action:_epoch8": 0.8263031259627331, "ENV_Test_proba_accuracy_epoch8": 0.7849955184015442, "ENV_Test_proba_accuracy_strategy_132_epoch8": 0.834474658151412, "ENV_Test_proba_accuracy_strategy_23_epoch8": 0.7861483088797093, "ENV_Test_proba_accuracy_strategy_107_epoch8": 0.8457959587653319, "ENV_Test_proba_accuracy_strategy_43_epoch8": 0.789099261102916, "ENV_Test_proba_accuracy_strategy_17_epoch8": 0.7520734276166101, "ENV_Test_proba_accuracy_strategy_93_epoch8": 0.7916283488488686, "ENV_Test_proba_accuracy_per_mean_strategy_epoch8": 0.7998699938941414, "ENV_Test_proba_accuracy_per_mean_user_epoch8": 0.8000241802549632, "ENV_Test_proba_accuracy_per_mean_user_and_bot_epoch8": 0.8263031259627333, "ENV_Test_accuracy_epoch8": 0.804288, "ENV_Test_accuracy_strategy_132_epoch8": 0.8509915014164305, "ENV_Test_accuracy_strategy_23_epoch8": 0.8046534173533689, "ENV_Test_accuracy_strategy_107_epoch8": 0.8669950738916257, "ENV_Test_accuracy_strategy_43_epoch8": 0.8053435114503816, "ENV_Test_accuracy_strategy_17_epoch8": 0.7733666061705989, "ENV_Test_accuracy_strategy_93_epoch8": 0.8151571164510166, "ENV_Test_accuracy_per_mean_strategy_epoch8": 0.8194178711222371, "ENV_Test_accuracy_per_mean_user_epoch8": 0.8204124892804884, "ENV_Test_accuracy_per_mean_user_and_bot_epoch8": 0.8486535905896336, "ENV_Train_TotalLoss_epoch9": 571.9630936398562, "ENV_Train_Right action_epoch9": 0.8868465194296897, "ENV_Train_Probability to choose the right action_epoch9": 0.8402499047168861, "ENV_Train_Weighted right action_epoch9": 0.8868465194296897, "ENV_Train_Weighted probability to choose the right action:_epoch9": 0.8402499047168861, "ENV_Test_TotalLoss_epoch9": 256.3048157982137, "ENV_Test_Right action_epoch9": 0.802304, "ENV_Test_Probability to choose the right action_epoch9": 0.7768137476184594, "ENV_Test_Weighted right action_epoch9": 0.8414539586963765, "ENV_Test_Weighted probability to choose the right action:_epoch9": 0.8179440032951591, "ENV_Test_proba_accuracy_epoch9": 0.7768137476184594, "ENV_Test_proba_accuracy_strategy_132_epoch9": 0.8310890365283454, "ENV_Test_proba_accuracy_strategy_23_epoch9": 0.7768541223991409, "ENV_Test_proba_accuracy_strategy_107_epoch9": 0.8470673065310664, "ENV_Test_proba_accuracy_strategy_43_epoch9": 0.7770912151141693, "ENV_Test_proba_accuracy_strategy_17_epoch9": 0.7446631073898278, "ENV_Test_proba_accuracy_strategy_93_epoch9": 0.7790814568635487, "ENV_Test_proba_accuracy_per_mean_strategy_epoch9": 0.7926410408043498, "ENV_Test_proba_accuracy_per_mean_user_epoch9": 0.7911090671395893, "ENV_Test_proba_accuracy_per_mean_user_and_bot_epoch9": 0.8179440032951589, "ENV_Test_accuracy_epoch9": 0.802304, "ENV_Test_accuracy_strategy_132_epoch9": 0.8560906515580736, "ENV_Test_accuracy_strategy_23_epoch9": 0.8041686863790596, "ENV_Test_accuracy_strategy_107_epoch9": 0.8637110016420362, "ENV_Test_accuracy_strategy_43_epoch9": 0.8027989821882952, "ENV_Test_accuracy_strategy_17_epoch9": 0.7708711433756806, "ENV_Test_accuracy_strategy_93_epoch9": 0.7966728280961183, "ENV_Test_accuracy_per_mean_strategy_epoch9": 0.8157188822065439, "ENV_Test_accuracy_per_mean_user_epoch9": 0.8160852215270084, "ENV_Test_accuracy_per_mean_user_and_bot_epoch9": 0.8414539586963775, "ENV_Train_TotalLoss_epoch10": 530.1169716855968, "ENV_Train_Right action_epoch10": 0.8949678501537601, "ENV_Train_Probability to choose the right action_epoch10": 0.8514114570557574, "ENV_Train_Weighted right action_epoch10": 0.8949678501537601, "ENV_Train_Weighted probability to choose the right action:_epoch10": 0.8514114570557574, "ENV_Test_TotalLoss_epoch10": 318.12585955113457, "ENV_Test_Right action_epoch10": 0.805184, "ENV_Test_Probability to choose the right action_epoch10": 0.788778988057387, "ENV_Test_Weighted right action_epoch10": 0.839470438789414, "ENV_Test_Weighted probability to choose the right action:_epoch10": 0.8279465801643895, "ENV_Test_proba_accuracy_epoch10": 0.7887789880573859, "ENV_Test_proba_accuracy_strategy_132_epoch10": 0.8426820634514757, "ENV_Test_proba_accuracy_strategy_23_epoch10": 0.7895239000398784, "ENV_Test_proba_accuracy_strategy_107_epoch10": 0.8510008157631002, "ENV_Test_proba_accuracy_strategy_43_epoch10": 0.78842044573575, "ENV_Test_proba_accuracy_strategy_17_epoch10": 0.7562005323543504, "ENV_Test_proba_accuracy_strategy_93_epoch10": 0.7948115017963868, "ENV_Test_proba_accuracy_per_mean_strategy_epoch10": 0.8037732098568235, "ENV_Test_proba_accuracy_per_mean_user_epoch10": 0.8028893850461234, "ENV_Test_proba_accuracy_per_mean_user_and_bot_epoch10": 0.8279465801643899, "ENV_Test_accuracy_epoch10": 0.805184, "ENV_Test_accuracy_strategy_132_epoch10": 0.8572237960339943, "ENV_Test_accuracy_strategy_23_epoch10": 0.8074002262077881, "ENV_Test_accuracy_strategy_107_epoch10": 0.8620689655172413, "ENV_Test_accuracy_strategy_43_epoch10": 0.799618320610687, "ENV_Test_accuracy_strategy_17_epoch10": 0.7726860254083484, "ENV_Test_accuracy_strategy_93_epoch10": 0.8160813308687616, "ENV_Test_accuracy_per_mean_strategy_epoch10": 0.8191797774411368, "ENV_Test_accuracy_per_mean_user_epoch10": 0.8180980946707086, "ENV_Test_accuracy_per_mean_user_and_bot_epoch10": 0.8394704387894149, "ENV_Train_TotalLoss_epoch11": 499.1835663038123, "ENV_Train_Right action_epoch11": 0.9025873275464419, "ENV_Train_Probability to choose the right action_epoch11": 0.8613272340425353, "ENV_Train_Weighted right action_epoch11": 0.9025873275464419, "ENV_Train_Weighted probability to choose the right action:_epoch11": 0.8613272340425353, "ENV_Test_TotalLoss_epoch11": 353.6898191095957, "ENV_Test_Right action_epoch11": 0.80544, "ENV_Test_Probability to choose the right action_epoch11": 0.7893623981179881, "ENV_Test_Weighted right action_epoch11": 0.8416258838556168, "ENV_Test_Weighted probability to choose the right action:_epoch11": 0.8253112608040929, "ENV_Test_proba_accuracy_epoch11": 0.7893623981179878, "ENV_Test_proba_accuracy_strategy_132_epoch11": 0.8427668270149266, "ENV_Test_proba_accuracy_strategy_23_epoch11": 0.7929714531474178, "ENV_Test_proba_accuracy_strategy_107_epoch11": 0.8554921600807933, "ENV_Test_proba_accuracy_strategy_43_epoch11": 0.7798712869057856, "ENV_Test_proba_accuracy_strategy_17_epoch11": 0.7550939741588233, "ENV_Test_proba_accuracy_strategy_93_epoch11": 0.7977791781752808, "ENV_Test_proba_accuracy_per_mean_strategy_epoch11": 0.8039958132471713, "ENV_Test_proba_accuracy_per_mean_user_epoch11": 0.8015836635946573, "ENV_Test_proba_accuracy_per_mean_user_and_bot_epoch11": 0.8253112608040932, "ENV_Test_accuracy_epoch11": 0.80544, "ENV_Test_accuracy_strategy_132_epoch11": 0.8589235127478754, "ENV_Test_accuracy_strategy_23_epoch11": 0.8103086120536436, "ENV_Test_accuracy_strategy_107_epoch11": 0.8686371100164204, "ENV_Test_accuracy_strategy_43_epoch11": 0.7964376590330788, "ENV_Test_accuracy_strategy_17_epoch11": 0.7695099818511797, "ENV_Test_accuracy_strategy_93_epoch11": 0.8142329020332717, "ENV_Test_accuracy_per_mean_strategy_epoch11": 0.8196749629559116, "ENV_Test_accuracy_per_mean_user_epoch11": 0.8183251303629917, "ENV_Test_accuracy_per_mean_user_and_bot_epoch11": 0.8416258838556174, "ENV_Train_TotalLoss_epoch12": 458.33584141159, "ENV_Train_Right action_epoch12": 0.9111219784826045, "ENV_Train_Probability to choose the right action_epoch12": 0.8732799258219008, "ENV_Train_Weighted right action_epoch12": 0.9111219784826045, "ENV_Train_Weighted probability to choose the right action:_epoch12": 0.8732799258219008, "ENV_Test_TotalLoss_epoch12": 374.0922031641428, "ENV_Test_Right action_epoch12": 0.800384, "ENV_Test_Probability to choose the right action_epoch12": 0.7870510988552056, "ENV_Test_Weighted right action_epoch12": 0.8368297470578024, "ENV_Test_Weighted probability to choose the right action:_epoch12": 0.8258126457485249, "ENV_Test_proba_accuracy_epoch12": 0.7870510988552065, "ENV_Test_proba_accuracy_strategy_132_epoch12": 0.8386077986899361, "ENV_Test_proba_accuracy_strategy_23_epoch12": 0.7907627232486364, "ENV_Test_proba_accuracy_strategy_107_epoch12": 0.8572265030434187, "ENV_Test_proba_accuracy_strategy_43_epoch12": 0.7783240334839275, "ENV_Test_proba_accuracy_strategy_17_epoch12": 0.7531517505009271, "ENV_Test_proba_accuracy_strategy_93_epoch12": 0.793004550407386, "ENV_Test_proba_accuracy_per_mean_strategy_epoch12": 0.8018462265623719, "ENV_Test_proba_accuracy_per_mean_user_epoch12": 0.8018196741002536, "ENV_Test_proba_accuracy_per_mean_user_and_bot_epoch12": 0.8258126457485258, "ENV_Test_accuracy_epoch12": 0.800384, "ENV_Test_accuracy_strategy_132_epoch12": 0.8509915014164305, "ENV_Test_accuracy_strategy_23_epoch12": 0.8085312651478429, "ENV_Test_accuracy_strategy_107_epoch12": 0.8669950738916257, "ENV_Test_accuracy_strategy_43_epoch12": 0.787531806615776, "ENV_Test_accuracy_strategy_17_epoch12": 0.7661070780399274, "ENV_Test_accuracy_strategy_93_epoch12": 0.7920517560073937, "ENV_Test_accuracy_per_mean_strategy_epoch12": 0.8120347468531661, "ENV_Test_accuracy_per_mean_user_epoch12": 0.8148278853817245, "ENV_Test_accuracy_per_mean_user_and_bot_epoch12": 0.8368297470578033, "ENV_Train_TotalLoss_epoch13": 425.2047425744495, "ENV_Train_Right action_epoch13": 0.9183459571256882, "ENV_Train_Probability to choose the right action_epoch13": 0.882994505739657, "ENV_Train_Weighted right action_epoch13": 0.9183459571256882, "ENV_Train_Weighted probability to choose the right action:_epoch13": 0.882994505739657, "ENV_Test_TotalLoss_epoch13": 373.2299187103868, "ENV_Test_Right action_epoch13": 0.80288, "ENV_Test_Probability to choose the right action_epoch13": 0.7865957239268075, "ENV_Test_Weighted right action_epoch13": 0.8402827098404422, "ENV_Test_Weighted probability to choose the right action:_epoch13": 0.8243636724739469, "ENV_Test_proba_accuracy_epoch13": 0.7865957239268075, "ENV_Test_proba_accuracy_strategy_132_epoch13": 0.8427324930767193, "ENV_Test_proba_accuracy_strategy_23_epoch13": 0.787743428544476, "ENV_Test_proba_accuracy_strategy_107_epoch13": 0.8644035706998912, "ENV_Test_proba_accuracy_strategy_43_epoch13": 0.7793984324102967, "ENV_Test_proba_accuracy_strategy_17_epoch13": 0.7533045733161022, "ENV_Test_proba_accuracy_strategy_93_epoch13": 0.7907473080698666, "ENV_Test_proba_accuracy_per_mean_strategy_epoch13": 0.8030549676862253, "ENV_Test_proba_accuracy_per_mean_user_epoch13": 0.7988226061658621, "ENV_Test_proba_accuracy_per_mean_user_and_bot_epoch13": 0.8243636724739479, "ENV_Test_accuracy_epoch13": 0.80288, "ENV_Test_accuracy_strategy_132_epoch13": 0.861756373937677, "ENV_Test_accuracy_strategy_23_epoch13": 0.8062691872677331, "ENV_Test_accuracy_strategy_107_epoch13": 0.8784893267651889, "ENV_Test_accuracy_strategy_43_epoch13": 0.7888040712468194, "ENV_Test_accuracy_strategy_17_epoch13": 0.7683756805807622, "ENV_Test_accuracy_strategy_93_epoch13": 0.8059149722735675, "ENV_Test_accuracy_per_mean_strategy_epoch13": 0.8182682686786248, "ENV_Test_accuracy_per_mean_user_epoch13": 0.8160534255387824, "ENV_Test_accuracy_per_mean_user_and_bot_epoch13": 0.8402827098404427, "ENV_Train_TotalLoss_epoch14": 395.16714185246366, "ENV_Train_Right action_epoch14": 0.9243025661094649, "ENV_Train_Probability to choose the right action_epoch14": 0.8920889580060977, "ENV_Train_Weighted right action_epoch14": 0.9243025661094649, "ENV_Train_Weighted probability to choose the right action:_epoch14": 0.8920889580060977, "ENV_Test_TotalLoss_epoch14": 369.80480016245554, "ENV_Test_Right action_epoch14": 0.79776, "ENV_Test_Probability to choose the right action_epoch14": 0.7832643967736945, "ENV_Test_Weighted right action_epoch14": 0.8379292376824065, "ENV_Test_Weighted probability to choose the right action:_epoch14": 0.8220918665395935, "ENV_Test_proba_accuracy_epoch14": 0.7832643967736946, "ENV_Test_proba_accuracy_strategy_132_epoch14": 0.8347366543700646, "ENV_Test_proba_accuracy_strategy_23_epoch14": 0.7881048924947571, "ENV_Test_proba_accuracy_strategy_107_epoch14": 0.8619451221034022, "ENV_Test_proba_accuracy_strategy_43_epoch14": 0.7757842051087059, "ENV_Test_proba_accuracy_strategy_17_epoch14": 0.7488804066615564, "ENV_Test_proba_accuracy_strategy_93_epoch14": 0.778274161386103, "ENV_Test_proba_accuracy_per_mean_strategy_epoch14": 0.7979542403540981, "ENV_Test_proba_accuracy_per_mean_user_epoch14": 0.7954064044524447, "ENV_Test_proba_accuracy_per_mean_user_and_bot_epoch14": 0.8220918665395938, "ENV_Test_accuracy_epoch14": 0.79776, "ENV_Test_accuracy_strategy_132_epoch14": 0.8470254957507082, "ENV_Test_accuracy_strategy_23_epoch14": 0.8057844562934238, "ENV_Test_accuracy_strategy_107_epoch14": 0.8784893267651889, "ENV_Test_accuracy_strategy_43_epoch14": 0.7881679389312977, "ENV_Test_accuracy_strategy_17_epoch14": 0.7613430127041743, "ENV_Test_accuracy_strategy_93_epoch14": 0.788354898336414, "ENV_Test_accuracy_per_mean_strategy_epoch14": 0.8115275214635346, "ENV_Test_accuracy_per_mean_user_epoch14": 0.8089287609310053, "ENV_Test_accuracy_per_mean_user_and_bot_epoch14": 0.837929237682407, "ENV_Train_TotalLoss_epoch15": 368.4563588169561, "ENV_Train_Right action_epoch15": 0.9310113490244312, "ENV_Train_Probability to choose the right action_epoch15": 0.8994232131770956, "ENV_Train_Weighted right action_epoch15": 0.9310113490244312, "ENV_Train_Weighted probability to choose the right action:_epoch15": 0.8994232131770956, "ENV_Test_TotalLoss_epoch15": 422.4770330717315, "ENV_Test_Right action_epoch15": 0.798272, "ENV_Test_Probability to choose the right action_epoch15": 0.7856108224719848, "ENV_Test_Weighted right action_epoch15": 0.8315068834263677, "ENV_Test_Weighted probability to choose the right action:_epoch15": 0.8221361264075603, "ENV_Test_proba_accuracy_epoch15": 0.7856108224719849, "ENV_Test_proba_accuracy_strategy_132_epoch15": 0.8412961668098953, "ENV_Test_proba_accuracy_strategy_23_epoch15": 0.7872406850448169, "ENV_Test_proba_accuracy_strategy_107_epoch15": 0.8510306039350681, "ENV_Test_proba_accuracy_strategy_43_epoch15": 0.780723580791288, "ENV_Test_proba_accuracy_strategy_17_epoch15": 0.7524619188459057, "ENV_Test_proba_accuracy_strategy_93_epoch15": 0.7907777466634127, "ENV_Test_proba_accuracy_per_mean_strategy_epoch15": 0.8005884503483979, "ENV_Test_proba_accuracy_per_mean_user_epoch15": 0.7983610303277167, "ENV_Test_proba_accuracy_per_mean_user_and_bot_epoch15": 0.8221361264075616, "ENV_Test_accuracy_epoch15": 0.798272, "ENV_Test_accuracy_strategy_132_epoch15": 0.8475920679886686, "ENV_Test_accuracy_strategy_23_epoch15": 0.8025529164646954, "ENV_Test_accuracy_strategy_107_epoch15": 0.8604269293924466, "ENV_Test_accuracy_strategy_43_epoch15": 0.7926208651399491, "ENV_Test_accuracy_strategy_17_epoch15": 0.7651996370235935, "ENV_Test_accuracy_strategy_93_epoch15": 0.8012939001848429, "ENV_Test_accuracy_per_mean_strategy_epoch15": 0.811614386032366, "ENV_Test_accuracy_per_mean_user_epoch15": 0.8101835317814435, "ENV_Test_accuracy_per_mean_user_and_bot_epoch15": 0.8315068834263687, "ENV_Train_TotalLoss_epoch16": 329.03823368917756, "ENV_Train_Right action_epoch16": 0.9384006821072641, "ENV_Train_Probability to choose the right action_epoch16": 0.9107988728602358, "ENV_Train_Weighted right action_epoch16": 0.9384006821072641, "ENV_Train_Weighted probability to choose the right action:_epoch16": 0.9107988728602358, "ENV_Test_TotalLoss_epoch16": 494.3217556749746, "ENV_Test_Right action_epoch16": 0.797312, "ENV_Test_Probability to choose the right action_epoch16": 0.7878723078407563, "ENV_Test_Weighted right action_epoch16": 0.8358387898601154, "ENV_Test_Weighted probability to choose the right action:_epoch16": 0.8254252716462277, "ENV_Test_proba_accuracy_epoch16": 0.7878723078407571, "ENV_Test_proba_accuracy_strategy_132_epoch16": 0.8366964469570551, "ENV_Test_proba_accuracy_strategy_23_epoch16": 0.7909831140001742, "ENV_Test_proba_accuracy_strategy_107_epoch16": 0.8713998492643839, "ENV_Test_proba_accuracy_strategy_43_epoch16": 0.7839827743635989, "ENV_Test_proba_accuracy_strategy_17_epoch16": 0.7533350124169855, "ENV_Test_proba_accuracy_strategy_93_epoch16": 0.7897753459795652, "ENV_Test_proba_accuracy_per_mean_strategy_epoch16": 0.8043620904969605, "ENV_Test_proba_accuracy_per_mean_user_epoch16": 0.7995764363355812, "ENV_Test_proba_accuracy_per_mean_user_and_bot_epoch16": 0.825425271646228, "ENV_Test_accuracy_epoch16": 0.797312, "ENV_Test_accuracy_strategy_132_epoch16": 0.8458923512747876, "ENV_Test_accuracy_strategy_23_epoch16": 0.8017450315075133, "ENV_Test_accuracy_strategy_107_epoch16": 0.8801313628899836, "ENV_Test_accuracy_strategy_43_epoch16": 0.7951653944020356, "ENV_Test_accuracy_strategy_17_epoch16": 0.7608892921960072, "ENV_Test_accuracy_strategy_93_epoch16": 0.7975970425138632, "ENV_Test_accuracy_per_mean_strategy_epoch16": 0.8135700791306985, "ENV_Test_accuracy_per_mean_user_epoch16": 0.809181968661997, "ENV_Test_accuracy_per_mean_user_and_bot_epoch16": 0.8358387898601164, "ENV_Train_TotalLoss_epoch17": 315.9152888438648, "ENV_Train_Right action_epoch17": 0.9415283970980863, "ENV_Train_Probability to choose the right action_epoch17": 0.9157744663564314, "ENV_Train_Weighted right action_epoch17": 0.9415283970980863, "ENV_Train_Weighted probability to choose the right action:_epoch17": 0.9157744663564314, "ENV_Test_TotalLoss_epoch17": 452.19814754687104, "ENV_Test_Right action_epoch17": 0.797632, "ENV_Test_Probability to choose the right action_epoch17": 0.7884916998532328, "ENV_Test_Weighted right action_epoch17": 0.8353023963083016, "ENV_Test_Weighted probability to choose the right action:_epoch17": 0.8259307573560788, "ENV_Test_proba_accuracy_epoch17": 0.7884916998532316, "ENV_Test_proba_accuracy_strategy_132_epoch17": 0.8429214870142246, "ENV_Test_proba_accuracy_strategy_23_epoch17": 0.7913253854631106, "ENV_Test_proba_accuracy_strategy_107_epoch17": 0.8692365766350565, "ENV_Test_proba_accuracy_strategy_43_epoch17": 0.7813740899310246, "ENV_Test_proba_accuracy_strategy_17_epoch17": 0.7534760359129061, "ENV_Test_proba_accuracy_strategy_93_epoch17": 0.7910407247218462, "ENV_Test_proba_accuracy_per_mean_strategy_epoch17": 0.8048957166130282, "ENV_Test_proba_accuracy_per_mean_user_epoch17": 0.8007009579295039, "ENV_Test_proba_accuracy_per_mean_user_and_bot_epoch17": 0.8259307573560783, "ENV_Test_accuracy_epoch17": 0.797632, "ENV_Test_accuracy_strategy_132_epoch17": 0.8538243626062323, "ENV_Test_accuracy_strategy_23_epoch17": 0.8007755695588948, "ENV_Test_accuracy_strategy_107_epoch17": 0.8752052545155994, "ENV_Test_accuracy_strategy_43_epoch17": 0.7868956743002544, "ENV_Test_accuracy_strategy_17_epoch17": 0.7627041742286751, "ENV_Test_accuracy_strategy_93_epoch17": 0.8022181146025879, "ENV_Test_accuracy_per_mean_strategy_epoch17": 0.8136038583020406, "ENV_Test_accuracy_per_mean_user_epoch17": 0.8104669169664154, "ENV_Test_accuracy_per_mean_user_and_bot_epoch17": 0.8353023963083029, "ENV_Train_TotalLoss_epoch18": 288.7614621960191, "ENV_Train_Right action_epoch18": 0.9470932751848591, "ENV_Train_Probability to choose the right action_epoch18": 0.9228100697097226, "ENV_Train_Weighted right action_epoch18": 0.9470932751848591, "ENV_Train_Weighted probability to choose the right action:_epoch18": 0.9228100697097226, "ENV_Test_TotalLoss_epoch18": 485.3396738751096, "ENV_Test_Right action_epoch18": 0.795968, "ENV_Test_Probability to choose the right action_epoch18": 0.7870194487052848, "ENV_Test_Weighted right action_epoch18": 0.8346530381753248, "ENV_Test_Weighted probability to choose the right action:_epoch18": 0.8259683046677846, "ENV_Test_proba_accuracy_epoch18": 0.7870194487052871, "ENV_Test_proba_accuracy_strategy_132_epoch18": 0.8408440492820274, "ENV_Test_proba_accuracy_strategy_23_epoch18": 0.7915789361977459, "ENV_Test_proba_accuracy_strategy_107_epoch18": 0.8567324872164916, "ENV_Test_proba_accuracy_strategy_43_epoch18": 0.7789223285196639, "ENV_Test_proba_accuracy_strategy_17_epoch18": 0.7526400852985344, "ENV_Test_proba_accuracy_strategy_93_epoch18": 0.7857242345340005, "ENV_Test_proba_accuracy_per_mean_strategy_epoch18": 0.8010736868414106, "ENV_Test_proba_accuracy_per_mean_user_epoch18": 0.8015473061035797, "ENV_Test_proba_accuracy_per_mean_user_and_bot_epoch18": 0.825968304667784, "ENV_Test_accuracy_epoch18": 0.795968, "ENV_Test_accuracy_strategy_132_epoch18": 0.8487252124645892, "ENV_Test_accuracy_strategy_23_epoch18": 0.8025529164646954, "ENV_Test_accuracy_strategy_107_epoch18": 0.8653530377668309, "ENV_Test_accuracy_strategy_43_epoch18": 0.7862595419847328, "ENV_Test_accuracy_strategy_17_epoch18": 0.7604355716878403, "ENV_Test_accuracy_strategy_93_epoch18": 0.7920517560073937, "ENV_Test_accuracy_per_mean_strategy_epoch18": 0.8092296727293471, "ENV_Test_accuracy_per_mean_user_epoch18": 0.8109515012472475, "ENV_Test_accuracy_per_mean_user_and_bot_epoch18": 0.8346530381753252, "ENV_Train_TotalLoss_epoch19": 265.8704497297807, "ENV_Train_Right action_epoch19": 0.9519929561717353, "ENV_Train_Probability to choose the right action_epoch19": 0.9293589604552903, "ENV_Train_Weighted right action_epoch19": 0.9519929561717353, "ENV_Train_Weighted probability to choose the right action:_epoch19": 0.9293589604552903, "ENV_Test_TotalLoss_epoch19": 524.7109026095522, "ENV_Test_Right action_epoch19": 0.79296, "ENV_Test_Probability to choose the right action_epoch19": 0.7873300780212663, "ENV_Test_Weighted right action_epoch19": 0.8299242052342255, "ENV_Test_Weighted probability to choose the right action:_epoch19": 0.825289839723341, "ENV_Test_proba_accuracy_epoch19": 0.7873300780212666, "ENV_Test_proba_accuracy_strategy_132_epoch19": 0.8419008716642893, "ENV_Test_proba_accuracy_strategy_23_epoch19": 0.7922494715959617, "ENV_Test_proba_accuracy_strategy_107_epoch19": 0.8549660017204886, "ENV_Test_proba_accuracy_strategy_43_epoch19": 0.7792008870246436, "ENV_Test_proba_accuracy_strategy_17_epoch19": 0.7527293387361017, "ENV_Test_proba_accuracy_strategy_93_epoch19": 0.7848765584918298, "ENV_Test_proba_accuracy_per_mean_strategy_epoch19": 0.8009871882055525, "ENV_Test_proba_accuracy_per_mean_user_epoch19": 0.8010593984244447, "ENV_Test_proba_accuracy_per_mean_user_and_bot_epoch19": 0.8252898397233412, "ENV_Test_accuracy_epoch19": 0.79296, "ENV_Test_accuracy_strategy_132_epoch19": 0.8436260623229461, "ENV_Test_accuracy_strategy_23_epoch19": 0.7999676846017127, "ENV_Test_accuracy_strategy_107_epoch19": 0.8571428571428571, "ENV_Test_accuracy_strategy_43_epoch19": 0.7868956743002544, "ENV_Test_accuracy_strategy_17_epoch19": 0.7577132486388385, "ENV_Test_accuracy_strategy_93_epoch19": 0.7865064695009242, "ENV_Test_accuracy_per_mean_strategy_epoch19": 0.8053086660845888, "ENV_Test_accuracy_per_mean_user_epoch19": 0.8068479842828529, "ENV_Test_accuracy_per_mean_user_and_bot_epoch19": 0.8299242052342262, "ENV_Train_TotalLoss_epoch20": 252.79643433219542, "ENV_Train_Right action_epoch20": 0.9555499643561035, "ENV_Train_Probability to choose the right action_epoch20": 0.9337181981962837, "ENV_Train_Weighted right action_epoch20": 0.9555499643561035, "ENV_Train_Weighted probability to choose the right action:_epoch20": 0.9337181981962837, "ENV_Test_TotalLoss_epoch20": 513.4919591081541, "ENV_Test_Right action_epoch20": 0.792512, "ENV_Test_Probability to choose the right action_epoch20": 0.7870539349833328, "ENV_Test_Weighted right action_epoch20": 0.8328048022502755, "ENV_Test_Weighted probability to choose the right action:_epoch20": 0.8263725181369337, "ENV_Test_proba_accuracy_epoch20": 0.7870539349833321, "ENV_Test_proba_accuracy_strategy_132_epoch20": 0.8407670130444916, "ENV_Test_proba_accuracy_strategy_23_epoch20": 0.7892475754011841, "ENV_Test_proba_accuracy_strategy_107_epoch20": 0.8582219183494915, "ENV_Test_proba_accuracy_strategy_43_epoch20": 0.785330277238262, "ENV_Test_proba_accuracy_strategy_17_epoch20": 0.7522306190646949, "ENV_Test_proba_accuracy_strategy_93_epoch20": 0.7912031414071574, "ENV_Test_proba_accuracy_per_mean_strategy_epoch20": 0.8028334240842135, "ENV_Test_proba_accuracy_per_mean_user_epoch20": 0.8003908192741628, "ENV_Test_proba_accuracy_per_mean_user_and_bot_epoch20": 0.8263725181369334, "ENV_Test_accuracy_epoch20": 0.792512, "ENV_Test_accuracy_strategy_132_epoch20": 0.8458923512747876, "ENV_Test_accuracy_strategy_23_epoch20": 0.7964129907901115, "ENV_Test_accuracy_strategy_107_epoch20": 0.8637110016420362, "ENV_Test_accuracy_strategy_43_epoch20": 0.7932569974554707, "ENV_Test_accuracy_strategy_17_epoch20": 0.7558983666061706, "ENV_Test_accuracy_strategy_93_epoch20": 0.7911275415896488, "ENV_Test_accuracy_per_mean_strategy_epoch20": 0.8077165415597042, "ENV_Test_accuracy_per_mean_user_epoch20": 0.8062247241905358, "ENV_Test_accuracy_per_mean_user_and_bot_epoch20": 0.8328048022502758, "ENV_Train_TotalLoss_epoch21": 230.86492583371586, "ENV_Train_Right action_epoch21": 0.9582820885509838, "ENV_Train_Probability to choose the right action_epoch21": 0.9390834739391235, "ENV_Train_Weighted right action_epoch21": 0.9582820885509838, "ENV_Train_Weighted probability to choose the right action:_epoch21": 0.9390834739391235, "ENV_Test_TotalLoss_epoch21": 501.06492444291, "ENV_Test_Right action_epoch21": 0.787392, "ENV_Test_Probability to choose the right action_epoch21": 0.7818188368546695, "ENV_Test_Weighted right action_epoch21": 0.8281113921160729, "ENV_Test_Weighted probability to choose the right action:_epoch21": 0.8237183922909501, "ENV_Test_proba_accuracy_epoch21": 0.7818188368546695, "ENV_Test_proba_accuracy_strategy_132_epoch21": 0.8296220796083449, "ENV_Test_proba_accuracy_strategy_23_epoch21": 0.7846284947420701, "ENV_Test_proba_accuracy_strategy_107_epoch21": 0.8607763567715555, "ENV_Test_proba_accuracy_strategy_43_epoch21": 0.7793291112949389, "ENV_Test_proba_accuracy_strategy_17_epoch21": 0.7478037407769804, "ENV_Test_proba_accuracy_strategy_93_epoch21": 0.7855208390132714, "ENV_Test_proba_accuracy_per_mean_strategy_epoch21": 0.7979467703678603, "ENV_Test_proba_accuracy_per_mean_user_epoch21": 0.7975493094421122, "ENV_Test_proba_accuracy_per_mean_user_and_bot_epoch21": 0.8237183922909512, "ENV_Test_accuracy_epoch21": 0.787392, "ENV_Test_accuracy_strategy_132_epoch21": 0.8322946175637393, "ENV_Test_accuracy_strategy_23_epoch21": 0.7917272580384553, "ENV_Test_accuracy_strategy_107_epoch21": 0.8604269293924466, "ENV_Test_accuracy_strategy_43_epoch21": 0.7798982188295165, "ENV_Test_accuracy_strategy_17_epoch21": 0.7554446460980037, "ENV_Test_accuracy_strategy_93_epoch21": 0.789279112754159, "ENV_Test_accuracy_per_mean_strategy_epoch21": 0.80151179711272, "ENV_Test_accuracy_per_mean_user_epoch21": 0.8030491993317723, "ENV_Test_accuracy_per_mean_user_and_bot_epoch21": 0.828111392116073, "ENV_Train_TotalLoss_epoch22": 218.29423161408013, "ENV_Train_Right action_epoch22": 0.9609218857007086, "ENV_Train_Probability to choose the right action_epoch22": 0.9427219828765782, "ENV_Train_Weighted right action_epoch22": 0.9609218857007086, "ENV_Train_Weighted probability to choose the right action:_epoch22": 0.9427219828765782, "ENV_Test_TotalLoss_epoch22": 571.0036148666712, "ENV_Test_Right action_epoch22": 0.78912, "ENV_Test_Probability to choose the right action_epoch22": 0.7845961588641702, "ENV_Test_Weighted right action_epoch22": 0.8344398174192704, "ENV_Test_Weighted probability to choose the right action:_epoch22": 0.8303722174730779, "ENV_Test_proba_accuracy_epoch22": 0.7845961588641712, "ENV_Test_proba_accuracy_strategy_132_epoch22": 0.8456169874280521, "ENV_Test_proba_accuracy_strategy_23_epoch22": 0.7867546769137441, "ENV_Test_proba_accuracy_strategy_107_epoch22": 0.8632957079996335, "ENV_Test_proba_accuracy_strategy_43_epoch22": 0.7820883254929951, "ENV_Test_proba_accuracy_strategy_17_epoch22": 0.7450539026498064, "ENV_Test_proba_accuracy_strategy_93_epoch22": 0.7931504318815986, "ENV_Test_proba_accuracy_per_mean_strategy_epoch22": 0.802660005394305, "ENV_Test_proba_accuracy_per_mean_user_epoch22": 0.80012630885776, "ENV_Test_proba_accuracy_per_mean_user_and_bot_epoch22": 0.8303722174730782, "ENV_Test_accuracy_epoch22": 0.78912, "ENV_Test_accuracy_strategy_132_epoch22": 0.8487252124645892, "ENV_Test_accuracy_strategy_23_epoch22": 0.7912425270641461, "ENV_Test_accuracy_strategy_107_epoch22": 0.8702791461412152, "ENV_Test_accuracy_strategy_43_epoch22": 0.7843511450381679, "ENV_Test_accuracy_strategy_17_epoch22": 0.7493194192377496, "ENV_Test_accuracy_strategy_93_epoch22": 0.8031423290203327, "ENV_Test_accuracy_per_mean_strategy_epoch22": 0.8078432964943668, "ENV_Test_accuracy_per_mean_user_epoch22": 0.8044165595227314, "ENV_Test_accuracy_per_mean_user_and_bot_epoch22": 0.8344398174192701, "ENV_Train_TotalLoss_epoch23": 201.58123888081772, "ENV_Train_Right action_epoch23": 0.9647234762190946, "ENV_Train_Probability to choose the right action_epoch23": 0.9478463130627268, "ENV_Train_Weighted right action_epoch23": 0.9647234762190946, "ENV_Train_Weighted probability to choose the right action:_epoch23": 0.9478463130627268, "ENV_Test_TotalLoss_epoch23": 574.7466318022543, "ENV_Test_Right action_epoch23": 0.797056, "ENV_Test_Probability to choose the right action_epoch23": 0.7904831762029303, "ENV_Test_Weighted right action_epoch23": 0.834807129796522, "ENV_Test_Weighted probability to choose the right action:_epoch23": 0.8282196690490913, "ENV_Test_proba_accuracy_epoch23": 0.7904831762029302, "ENV_Test_proba_accuracy_strategy_132_epoch23": 0.8370599945964761, "ENV_Test_proba_accuracy_strategy_23_epoch23": 0.7941464400622581, "ENV_Test_proba_accuracy_strategy_107_epoch23": 0.8610702804205714, "ENV_Test_proba_accuracy_strategy_43_epoch23": 0.7861156411118573, "ENV_Test_proba_accuracy_strategy_17_epoch23": 0.7578328799612322, "ENV_Test_proba_accuracy_strategy_93_epoch23": 0.7931825292879933, "ENV_Test_proba_accuracy_per_mean_strategy_epoch23": 0.8049012942400647, "ENV_Test_proba_accuracy_per_mean_user_epoch23": 0.8020003053889339, "ENV_Test_proba_accuracy_per_mean_user_and_bot_epoch23": 0.8282196690490918, "ENV_Test_accuracy_epoch23": 0.797056, "ENV_Test_accuracy_strategy_132_epoch23": 0.8419263456090652, "ENV_Test_accuracy_strategy_23_epoch23": 0.8019066084989498, "ENV_Test_accuracy_strategy_107_epoch23": 0.8669950738916257, "ENV_Test_accuracy_strategy_43_epoch23": 0.7938931297709924, "ENV_Test_accuracy_strategy_17_epoch23": 0.7638384754990926, "ENV_Test_accuracy_strategy_93_epoch23": 0.7966728280961183, "ENV_Test_accuracy_per_mean_strategy_epoch23": 0.8108720768943073, "ENV_Test_accuracy_per_mean_user_epoch23": 0.8083603980853782, "ENV_Test_accuracy_per_mean_user_and_bot_epoch23": 0.8348071297965225, "ENV_Train_TotalLoss_epoch24": 195.82876948264504, "ENV_Train_Right action_epoch24": 0.9665082471344703, "ENV_Train_Probability to choose the right action_epoch24": 0.9498859070633029, "ENV_Train_Weighted right action_epoch24": 0.9665082471344703, "ENV_Train_Weighted probability to choose the right action:_epoch24": 0.9498859070633029, "ENV_Test_TotalLoss_epoch24": 622.2349940401806, "ENV_Test_Right action_epoch24": 0.78976, "ENV_Test_Probability to choose the right action_epoch24": 0.7845038046650505, "ENV_Test_Weighted right action_epoch24": 0.8295335633395161, "ENV_Test_Weighted probability to choose the right action:_epoch24": 0.8243178265642725, "ENV_Test_proba_accuracy_epoch24": 0.7845038046650514, "ENV_Test_proba_accuracy_strategy_132_epoch24": 0.8352088668238477, "ENV_Test_proba_accuracy_strategy_23_epoch24": 0.7879106219244467, "ENV_Test_proba_accuracy_strategy_107_epoch24": 0.8620496062756069, "ENV_Test_proba_accuracy_strategy_43_epoch24": 0.7802588105632521, "ENV_Test_proba_accuracy_strategy_17_epoch24": 0.7494564212694967, "ENV_Test_proba_accuracy_strategy_93_epoch24": 0.7876067407335627, "ENV_Test_proba_accuracy_per_mean_strategy_epoch24": 0.8004151779317022, "ENV_Test_proba_accuracy_per_mean_user_epoch24": 0.798677677700658, "ENV_Test_proba_accuracy_per_mean_user_and_bot_epoch24": 0.8243178265642731, "ENV_Test_accuracy_epoch24": 0.78976, "ENV_Test_accuracy_strategy_132_epoch24": 0.8402266288951842, "ENV_Test_accuracy_strategy_23_epoch24": 0.7918888350298917, "ENV_Test_accuracy_strategy_107_epoch24": 0.8702791461412152, "ENV_Test_accuracy_strategy_43_epoch24": 0.7862595419847328, "ENV_Test_accuracy_strategy_17_epoch24": 0.7558983666061706, "ENV_Test_accuracy_strategy_93_epoch24": 0.7929759704251387, "ENV_Test_accuracy_per_mean_strategy_epoch24": 0.8062547481803888, "ENV_Test_accuracy_per_mean_user_epoch24": 0.8042160362197249, "ENV_Test_accuracy_per_mean_user_and_bot_epoch24": 0.8295335633395163, "_wandb": {"runtime": 1778}}