{"ENV_Train_TotalLoss": 593.6641380498337, "ENV_Train_TotalLoss_epoch0": 1153.9922758973134, "ENV_Train_Right action": 0.8881464914733016, "ENV_Train_Right action_epoch0": 0.7502480886689868, "ENV_Train_Probability to choose the right action": 0.8402071185682978, "ENV_Train_Probability to choose the right action_epoch0": 0.6605639346451182, "ENV_Train_Weighted right action": 0.8881464914733016, "ENV_Train_Weighted right action_epoch0": 0.7502480886689868, "ENV_Train_Weighted probability to choose the right action:": 0.8402071185682978, "ENV_Train_Weighted probability to choose the right action:_epoch0": 0.6605639346451182, "_timestamp": 1720418752.5673778, "_runtime": 2001.6814138889313, "_step": 49, "ENV_Test_TotalLoss": 245.38820180959354, "ENV_Test_TotalLoss_epoch0": 234.06330669676328, "ENV_Test_Right action": 0.812608, "ENV_Test_Right action_epoch0": 0.770048, "ENV_Test_Probability to choose the right action": 0.784712604894331, "ENV_Test_Probability to choose the right action_epoch0": 0.7135340299103985, "ENV_Test_Weighted right action": 0.8444129523534566, "ENV_Test_Weighted right action_epoch0": 0.8195089768764048, "ENV_Test_Weighted probability to choose the right action:": 0.8158685539965441, "ENV_Test_Weighted probability to choose the right action:_epoch0": 0.7584536812214776, "ENV_Test_proba_accuracy": 0.7847126048943319, "ENV_Test_proba_accuracy_epoch0": 0.7135340299103994, "ENV_Test_proba_accuracy_strategy_132": 0.8130459428421405, "ENV_Test_proba_accuracy_strategy_132_epoch0": 0.7634393519295194, "ENV_Test_proba_accuracy_strategy_23": 0.7928159317587534, "ENV_Test_proba_accuracy_strategy_23_epoch0": 0.7075620067894635, "ENV_Test_proba_accuracy_strategy_107": 0.8402069240547166, "ENV_Test_proba_accuracy_strategy_107_epoch0": 0.7904032679061586, "ENV_Test_proba_accuracy_strategy_43": 0.7826288926082658, "ENV_Test_proba_accuracy_strategy_43_epoch0": 0.7224527283578459, "ENV_Test_proba_accuracy_strategy_17": 0.7525101142568774, "ENV_Test_proba_accuracy_strategy_17_epoch0": 0.6832046911672347, "ENV_Test_proba_accuracy_strategy_93": 0.7951269326513862, "ENV_Test_proba_accuracy_strategy_93_epoch0": 0.733622868184697, "ENV_Test_proba_accuracy_per_mean_strategy": 0.7960557896953566, "ENV_Test_proba_accuracy_per_mean_strategy_epoch0": 0.7334474857224865, "ENV_Test_proba_accuracy_per_mean_user": 0.7945584091693852, "ENV_Test_proba_accuracy_per_mean_user_epoch0": 0.7291250408390024, "ENV_Test_proba_accuracy_per_mean_user_and_bot": 0.8158685539965437, "ENV_Test_proba_accuracy_per_mean_user_and_bot_epoch0": 0.7584536812214784, "ENV_Test_accuracy": 0.812608, "ENV_Test_accuracy_epoch0": 0.770048, "ENV_Test_accuracy_strategy_132": 0.8373937677053824, "ENV_Test_accuracy_strategy_132_epoch0": 0.8260623229461757, "ENV_Test_accuracy_strategy_23": 0.8227500403942478, "ENV_Test_accuracy_strategy_23_epoch0": 0.7663596703829375, "ENV_Test_accuracy_strategy_107": 0.8620689655172413, "ENV_Test_accuracy_strategy_107_epoch0": 0.8571428571428571, "ENV_Test_accuracy_strategy_43": 0.8072519083969466, "ENV_Test_accuracy_strategy_43_epoch0": 0.7830788804071247, "ENV_Test_accuracy_strategy_17": 0.7790381125226861, "ENV_Test_accuracy_strategy_17_epoch0": 0.7304900181488203, "ENV_Test_accuracy_strategy_93": 0.8308687615526802, "ENV_Test_accuracy_strategy_93_epoch0": 0.7929759704251387, "ENV_Test_accuracy_per_mean_strategy": 0.8232285926815307, "ENV_Test_accuracy_per_mean_strategy_epoch0": 0.7926849532421757, "ENV_Test_accuracy_per_mean_user": 0.8225540752200461, "ENV_Test_accuracy_per_mean_user_epoch0": 0.7882286846734701, "ENV_Test_accuracy_per_mean_user_and_bot": 0.8444129523534565, "ENV_Test_accuracy_per_mean_user_and_bot_epoch0": 0.8195089768764046, "ENV_Train_TotalLoss_epoch1": 980.9810233414987, "ENV_Train_Right action_epoch1": 0.7988595706618963, "ENV_Train_Probability to choose the right action_epoch1": 0.722083286139184, "ENV_Train_Weighted right action_epoch1": 0.7988595706618963, "ENV_Train_Weighted probability to choose the right action:_epoch1": 0.722083286139184, "ENV_Test_TotalLoss_epoch1": 222.95773890317577, "ENV_Test_Right action_epoch1": 0.788352, "ENV_Test_Probability to choose the right action_epoch1": 0.7339946952034178, "ENV_Test_Weighted right action_epoch1": 0.8318512578434099, "ENV_Test_Weighted probability to choose the right action:_epoch1": 0.7749380541272773, "ENV_Test_proba_accuracy_epoch1": 0.7339946952034176, "ENV_Test_proba_accuracy_strategy_132_epoch1": 0.7776406477464597, "ENV_Test_proba_accuracy_strategy_23_epoch1": 0.7304141273604131, "ENV_Test_proba_accuracy_strategy_107_epoch1": 0.8044311434119956, "ENV_Test_proba_accuracy_strategy_43_epoch1": 0.7487503287084121, "ENV_Test_proba_accuracy_strategy_17_epoch1": 0.7031376756280232, "ENV_Test_proba_accuracy_strategy_93_epoch1": 0.7479051550937582, "ENV_Test_proba_accuracy_per_mean_strategy_epoch1": 0.7520465129915103, "ENV_Test_proba_accuracy_per_mean_user_epoch1": 0.747774191769799, "ENV_Test_proba_accuracy_per_mean_user_and_bot_epoch1": 0.7749380541272788, "ENV_Test_accuracy_epoch1": 0.788352, "ENV_Test_accuracy_strategy_132_epoch1": 0.8368271954674221, "ENV_Test_accuracy_strategy_23_epoch1": 0.7872031022782355, "ENV_Test_accuracy_strategy_107_epoch1": 0.8604269293924466, "ENV_Test_accuracy_strategy_43_epoch1": 0.8097964376590331, "ENV_Test_accuracy_strategy_17_epoch1": 0.7515880217785844, "ENV_Test_accuracy_strategy_93_epoch1": 0.7939001848428835, "ENV_Test_accuracy_per_mean_strategy_epoch1": 0.8066236452364343, "ENV_Test_accuracy_per_mean_user_epoch1": 0.80333997461766, "ENV_Test_accuracy_per_mean_user_and_bot_epoch1": 0.8318512578434107, "ENV_Train_TotalLoss_epoch2": 932.0849751401893, "ENV_Train_Right action_epoch2": 0.8124825272574784, "ENV_Train_Probability to choose the right action_epoch2": 0.737371209003292, "ENV_Train_Weighted right action_epoch2": 0.8124825272574784, "ENV_Train_Weighted probability to choose the right action:_epoch2": 0.737371209003292, "ENV_Test_TotalLoss_epoch2": 223.53838529215753, "ENV_Test_Right action_epoch2": 0.794624, "ENV_Test_Probability to choose the right action_epoch2": 0.7484371106749562, "ENV_Test_Weighted right action_epoch2": 0.8353734461560343, "ENV_Test_Weighted probability to choose the right action:_epoch2": 0.7871940305451037, "ENV_Test_proba_accuracy_epoch2": 0.7484371106749566, "ENV_Test_proba_accuracy_strategy_132_epoch2": 0.7892374290475366, "ENV_Test_proba_accuracy_strategy_23_epoch2": 0.7502491817916458, "ENV_Test_proba_accuracy_strategy_107_epoch2": 0.8105811519720846, "ENV_Test_proba_accuracy_strategy_43_epoch2": 0.756650855860138, "ENV_Test_proba_accuracy_strategy_17_epoch2": 0.7162268401657267, "ENV_Test_proba_accuracy_strategy_93_epoch2": 0.7558286760675962, "ENV_Test_proba_accuracy_per_mean_strategy_epoch2": 0.7631290224841214, "ENV_Test_proba_accuracy_per_mean_user_epoch2": 0.7621585036232251, "ENV_Test_proba_accuracy_per_mean_user_and_bot_epoch2": 0.7871940305451037, "ENV_Test_accuracy_epoch2": 0.794624, "ENV_Test_accuracy_strategy_132_epoch2": 0.8362606232294617, "ENV_Test_accuracy_strategy_23_epoch2": 0.7996445306188399, "ENV_Test_accuracy_strategy_107_epoch2": 0.8587848932676518, "ENV_Test_accuracy_strategy_43_epoch2": 0.8021628498727735, "ENV_Test_accuracy_strategy_17_epoch2": 0.7561252268602541, "ENV_Test_accuracy_strategy_93_epoch2": 0.8077634011090573, "ENV_Test_accuracy_per_mean_strategy_epoch2": 0.8101235874930065, "ENV_Test_accuracy_per_mean_user_epoch2": 0.8072715926622324, "ENV_Test_accuracy_per_mean_user_and_bot_epoch2": 0.835373446156035, "ENV_Train_TotalLoss_epoch3": 893.3628792260473, "ENV_Train_Right action_epoch3": 0.8218059826670394, "ENV_Train_Probability to choose the right action_epoch3": 0.7498884640938025, "ENV_Train_Weighted right action_epoch3": 0.8218059826670394, "ENV_Train_Weighted probability to choose the right action:_epoch3": 0.7498884640938025, "ENV_Test_TotalLoss_epoch3": 210.59557296685546, "ENV_Test_Right action_epoch3": 0.8064, "ENV_Test_Probability to choose the right action_epoch3": 0.7558069808725786, "ENV_Test_Weighted right action_epoch3": 0.8492156734162257, "ENV_Test_Weighted probability to choose the right action:_epoch3": 0.7959401131991837, "ENV_Test_proba_accuracy_epoch3": 0.7558069808725797, "ENV_Test_proba_accuracy_strategy_132_epoch3": 0.7933149923238785, "ENV_Test_proba_accuracy_strategy_23_epoch3": 0.7594885436305148, "ENV_Test_proba_accuracy_strategy_107_epoch3": 0.8229703027466513, "ENV_Test_proba_accuracy_strategy_43_epoch3": 0.7593399836260868, "ENV_Test_proba_accuracy_strategy_17_epoch3": 0.7221990151081839, "ENV_Test_proba_accuracy_strategy_93_epoch3": 0.7675451856962686, "ENV_Test_proba_accuracy_per_mean_strategy_epoch3": 0.7708096705219307, "ENV_Test_proba_accuracy_per_mean_user_epoch3": 0.768093274144284, "ENV_Test_proba_accuracy_per_mean_user_and_bot_epoch3": 0.7959401131991838, "ENV_Test_accuracy_epoch3": 0.8064, "ENV_Test_accuracy_strategy_132_epoch3": 0.8356940509915014, "ENV_Test_accuracy_strategy_23_epoch3": 0.8122475359508806, "ENV_Test_accuracy_strategy_107_epoch3": 0.8752052545155994, "ENV_Test_accuracy_strategy_43_epoch3": 0.8085241730279898, "ENV_Test_accuracy_strategy_17_epoch3": 0.772912885662432, "ENV_Test_accuracy_strategy_93_epoch3": 0.8197781885397413, "ENV_Test_accuracy_per_mean_strategy_epoch3": 0.8207270147813572, "ENV_Test_accuracy_per_mean_user_epoch3": 0.8190844517698271, "ENV_Test_accuracy_per_mean_user_and_bot_epoch3": 0.8492156734162265, "ENV_Train_TotalLoss_epoch4": 860.4127495756312, "ENV_Train_Right action_epoch4": 0.829065801979091, "ENV_Train_Probability to choose the right action_epoch4": 0.759708939704924, "ENV_Train_Weighted right action_epoch4": 0.829065801979091, "ENV_Train_Weighted probability to choose the right action:_epoch4": 0.759708939704924, "ENV_Test_TotalLoss_epoch4": 208.44168131038597, "ENV_Test_Right action_epoch4": 0.813568, "ENV_Test_Probability to choose the right action_epoch4": 0.7664726807443596, "ENV_Test_Weighted right action_epoch4": 0.8485120132995874, "ENV_Test_Weighted probability to choose the right action:_epoch4": 0.806723362738494, "ENV_Test_proba_accuracy_epoch4": 0.7664726807443588, "ENV_Test_proba_accuracy_strategy_132_epoch4": 0.8038339046089867, "ENV_Test_proba_accuracy_strategy_23_epoch4": 0.7700839853406031, "ENV_Test_proba_accuracy_strategy_107_epoch4": 0.8363130656328052, "ENV_Test_proba_accuracy_strategy_43_epoch4": 0.7701825484587406, "ENV_Test_proba_accuracy_strategy_17_epoch4": 0.733268459805452, "ENV_Test_proba_accuracy_strategy_93_epoch4": 0.775443637479485, "ENV_Test_proba_accuracy_per_mean_strategy_epoch4": 0.7815209335543454, "ENV_Test_proba_accuracy_per_mean_user_epoch4": 0.7792328730951468, "ENV_Test_proba_accuracy_per_mean_user_and_bot_epoch4": 0.8067233627384939, "ENV_Test_accuracy_epoch4": 0.813568, "ENV_Test_accuracy_strategy_132_epoch4": 0.8402266288951842, "ENV_Test_accuracy_strategy_23_epoch4": 0.8222653094199386, "ENV_Test_accuracy_strategy_107_epoch4": 0.8768472906403941, "ENV_Test_accuracy_strategy_43_epoch4": 0.8002544529262087, "ENV_Test_accuracy_strategy_17_epoch4": 0.7853901996370236, "ENV_Test_accuracy_strategy_93_epoch4": 0.8188539741219963, "ENV_Test_accuracy_per_mean_strategy_epoch4": 0.8239729759401243, "ENV_Test_accuracy_per_mean_user_epoch4": 0.8220238431884734, "ENV_Test_accuracy_per_mean_user_and_bot_epoch4": 0.848512013299587, "ENV_Train_TotalLoss_epoch5": 838.6511326403545, "ENV_Train_Right action_epoch5": 0.8342207873883695, "ENV_Train_Probability to choose the right action_epoch5": 0.7676391268845075, "ENV_Train_Weighted right action_epoch5": 0.8342207873883695, "ENV_Train_Weighted probability to choose the right action:_epoch5": 0.7676391268845075, "ENV_Test_TotalLoss_epoch5": 205.19574896725732, "ENV_Test_Right action_epoch5": 0.81728, "ENV_Test_Probability to choose the right action_epoch5": 0.7706254893230922, "ENV_Test_Weighted right action_epoch5": 0.8542791581574593, "ENV_Test_Weighted probability to choose the right action:_epoch5": 0.8098642610698592, "ENV_Test_proba_accuracy_epoch5": 0.7706254893230923, "ENV_Test_proba_accuracy_strategy_132_epoch5": 0.8093161886277098, "ENV_Test_proba_accuracy_strategy_23_epoch5": 0.7738588016630116, "ENV_Test_proba_accuracy_strategy_107_epoch5": 0.8354414277989538, "ENV_Test_proba_accuracy_strategy_43_epoch5": 0.7743490333329272, "ENV_Test_proba_accuracy_strategy_17_epoch5": 0.738455088413387, "ENV_Test_proba_accuracy_strategy_93_epoch5": 0.778186261181049, "ENV_Test_proba_accuracy_per_mean_strategy_epoch5": 0.7849344668361731, "ENV_Test_proba_accuracy_per_mean_user_epoch5": 0.7833503658562473, "ENV_Test_proba_accuracy_per_mean_user_and_bot_epoch5": 0.8098642610698581, "ENV_Test_accuracy_epoch5": 0.81728, "ENV_Test_accuracy_strategy_132_epoch5": 0.8464589235127479, "ENV_Test_accuracy_strategy_23_epoch5": 0.8235579253514299, "ENV_Test_accuracy_strategy_107_epoch5": 0.8752052545155994, "ENV_Test_accuracy_strategy_43_epoch5": 0.8174300254452926, "ENV_Test_accuracy_strategy_17_epoch5": 0.786524500907441, "ENV_Test_accuracy_strategy_93_epoch5": 0.8262476894639557, "ENV_Test_accuracy_per_mean_strategy_epoch5": 0.8292373865327445, "ENV_Test_accuracy_per_mean_user_epoch5": 0.8284562044430899, "ENV_Test_accuracy_per_mean_user_and_bot_epoch5": 0.85427915815746, "ENV_Train_TotalLoss_epoch6": 814.8711673948834, "ENV_Train_Right action_epoch6": 0.8401274508433836, "ENV_Train_Probability to choose the right action_epoch6": 0.7744395637908665, "ENV_Train_Weighted right action_epoch6": 0.8401274508433836, "ENV_Train_Weighted probability to choose the right action:_epoch6": 0.7744395637908665, "ENV_Test_TotalLoss_epoch6": 211.55331897434172, "ENV_Test_Right action_epoch6": 0.81376, "ENV_Test_Probability to choose the right action_epoch6": 0.766596325320253, "ENV_Test_Weighted right action_epoch6": 0.8518756948325793, "ENV_Test_Weighted probability to choose the right action:_epoch6": 0.8070979612949835, "ENV_Test_proba_accuracy_epoch6": 0.7665963253202533, "ENV_Test_proba_accuracy_strategy_132_epoch6": 0.805724032863218, "ENV_Test_proba_accuracy_strategy_23_epoch6": 0.768565136970004, "ENV_Test_proba_accuracy_strategy_107_epoch6": 0.8381098409840931, "ENV_Test_proba_accuracy_strategy_43_epoch6": 0.7716394980297636, "ENV_Test_proba_accuracy_strategy_17_epoch6": 0.7332724425751345, "ENV_Test_proba_accuracy_strategy_93_epoch6": 0.7796893913906936, "ENV_Test_proba_accuracy_per_mean_strategy_epoch6": 0.7828333904688178, "ENV_Test_proba_accuracy_per_mean_user_epoch6": 0.7795766997944624, "ENV_Test_proba_accuracy_per_mean_user_and_bot_epoch6": 0.807097961294983, "ENV_Test_accuracy_epoch6": 0.81376, "ENV_Test_accuracy_strategy_132_epoch6": 0.8453257790368272, "ENV_Test_accuracy_strategy_23_epoch6": 0.8191953465826466, "ENV_Test_accuracy_strategy_107_epoch6": 0.8768472906403941, "ENV_Test_accuracy_strategy_43_epoch6": 0.806615776081425, "ENV_Test_accuracy_strategy_17_epoch6": 0.7833484573502723, "ENV_Test_accuracy_strategy_93_epoch6": 0.8299445471349353, "ENV_Test_accuracy_per_mean_strategy_epoch6": 0.8268795328044168, "ENV_Test_accuracy_per_mean_user_epoch6": 0.8254685832544154, "ENV_Test_accuracy_per_mean_user_and_bot_epoch6": 0.8518756948325802, "ENV_Train_TotalLoss_epoch7": 793.892209327105, "ENV_Train_Right action_epoch7": 0.8450656975118814, "ENV_Train_Probability to choose the right action_epoch7": 0.7808339350400716, "ENV_Train_Weighted right action_epoch7": 0.8450656975118814, "ENV_Train_Weighted probability to choose the right action:_epoch7": 0.7808339350400716, "ENV_Test_TotalLoss_epoch7": 204.94687107196083, "ENV_Test_Right action_epoch7": 0.82048, "ENV_Test_Probability to choose the right action_epoch7": 0.7716426193898209, "ENV_Test_Weighted right action_epoch7": 0.8560924558468728, "ENV_Test_Weighted probability to choose the right action:_epoch7": 0.8078368525494791, "ENV_Test_proba_accuracy_epoch7": 0.7716426193898202, "ENV_Test_proba_accuracy_strategy_132_epoch7": 0.8080666943659213, "ENV_Test_proba_accuracy_strategy_23_epoch7": 0.7755454619264097, "ENV_Test_proba_accuracy_strategy_107_epoch7": 0.839801287401481, "ENV_Test_proba_accuracy_strategy_43_epoch7": 0.7708161997480618, "ENV_Test_proba_accuracy_strategy_17_epoch7": 0.7404042187247113, "ENV_Test_proba_accuracy_strategy_93_epoch7": 0.7800032369478351, "ENV_Test_proba_accuracy_per_mean_strategy_epoch7": 0.7857728498524034, "ENV_Test_proba_accuracy_per_mean_user_epoch7": 0.7829633072703929, "ENV_Test_proba_accuracy_per_mean_user_and_bot_epoch7": 0.8078368525494795, "ENV_Test_accuracy_epoch7": 0.82048, "ENV_Test_accuracy_strategy_132_epoch7": 0.856657223796034, "ENV_Test_accuracy_strategy_23_epoch7": 0.8266278881887219, "ENV_Test_accuracy_strategy_107_epoch7": 0.8801313628899836, "ENV_Test_accuracy_strategy_43_epoch7": 0.8193384223918575, "ENV_Test_accuracy_strategy_17_epoch7": 0.7876588021778584, "ENV_Test_accuracy_strategy_93_epoch7": 0.8280961182994455, "ENV_Test_accuracy_per_mean_strategy_epoch7": 0.8330849696239836, "ENV_Test_accuracy_per_mean_user_epoch7": 0.8315000708134526, "ENV_Test_accuracy_per_mean_user_and_bot_epoch7": 0.8560924558468737, "ENV_Train_TotalLoss_epoch8": 778.1414338279869, "ENV_Train_Right action_epoch8": 0.8489031717199944, "ENV_Train_Probability to choose the right action_epoch8": 0.7856539651010239, "ENV_Train_Weighted right action_epoch8": 0.8489031717199944, "ENV_Train_Weighted probability to choose the right action:_epoch8": 0.7856539651010239, "ENV_Test_TotalLoss_epoch8": 207.84303739134555, "ENV_Test_Right action_epoch8": 0.822272, "ENV_Test_Probability to choose the right action_epoch8": 0.7761365175972712, "ENV_Test_Weighted right action_epoch8": 0.8539892693988979, "ENV_Test_Weighted probability to choose the right action:_epoch8": 0.8127292956618106, "ENV_Test_proba_accuracy_epoch8": 0.776136517597271, "ENV_Test_proba_accuracy_strategy_132_epoch8": 0.8123741935015385, "ENV_Test_proba_accuracy_strategy_23_epoch8": 0.7793736040559891, "ENV_Test_proba_accuracy_strategy_107_epoch8": 0.8453311566608638, "ENV_Test_proba_accuracy_strategy_43_epoch8": 0.7762169485291518, "ENV_Test_proba_accuracy_strategy_17_epoch8": 0.7464268706678857, "ENV_Test_proba_accuracy_strategy_93_epoch8": 0.7804806257174621, "ENV_Test_proba_accuracy_per_mean_strategy_epoch8": 0.7900338998554819, "ENV_Test_proba_accuracy_per_mean_user_epoch8": 0.7879681093635632, "ENV_Test_proba_accuracy_per_mean_user_and_bot_epoch8": 0.8127292956618096, "ENV_Test_accuracy_epoch8": 0.822272, "ENV_Test_accuracy_strategy_132_epoch8": 0.854957507082153, "ENV_Test_accuracy_strategy_23_epoch8": 0.8287283890773954, "ENV_Test_accuracy_strategy_107_epoch8": 0.8850574712643678, "ENV_Test_accuracy_strategy_43_epoch8": 0.8142493638676844, "ENV_Test_accuracy_strategy_17_epoch8": 0.7951451905626135, "ENV_Test_accuracy_strategy_93_epoch8": 0.8188539741219963, "ENV_Test_accuracy_per_mean_strategy_epoch8": 0.8328319826627016, "ENV_Test_accuracy_per_mean_user_epoch8": 0.8315510888414934, "ENV_Test_accuracy_per_mean_user_and_bot_epoch8": 0.8539892693988977, "ENV_Train_TotalLoss_epoch9": 758.8422746860339, "ENV_Train_Right action_epoch9": 0.8536063740564719, "ENV_Train_Probability to choose the right action_epoch9": 0.7911333122709573, "ENV_Train_Weighted right action_epoch9": 0.8536063740564719, "ENV_Train_Weighted probability to choose the right action:_epoch9": 0.7911333122709573, "ENV_Test_TotalLoss_epoch9": 210.31178144403555, "ENV_Test_Right action_epoch9": 0.822144, "ENV_Test_Probability to choose the right action_epoch9": 0.78096129518932, "ENV_Test_Weighted right action_epoch9": 0.8556602839984977, "ENV_Test_Weighted probability to choose the right action:_epoch9": 0.8156595348506965, "ENV_Test_proba_accuracy_epoch9": 0.7809612951893204, "ENV_Test_proba_accuracy_strategy_132_epoch9": 0.8160759587094728, "ENV_Test_proba_accuracy_strategy_23_epoch9": 0.7854885206425749, "ENV_Test_proba_accuracy_strategy_107_epoch9": 0.8410959856007131, "ENV_Test_proba_accuracy_strategy_43_epoch9": 0.7809097316141319, "ENV_Test_proba_accuracy_strategy_17_epoch9": 0.7500594334439183, "ENV_Test_proba_accuracy_strategy_93_epoch9": 0.7899058964925854, "ENV_Test_proba_accuracy_per_mean_strategy_epoch9": 0.7939225877505661, "ENV_Test_proba_accuracy_per_mean_user_epoch9": 0.7920107700795622, "ENV_Test_proba_accuracy_per_mean_user_and_bot_epoch9": 0.8156595348506969, "ENV_Test_accuracy_epoch9": 0.822144, "ENV_Test_accuracy_strategy_132_epoch9": 0.8555240793201133, "ENV_Test_accuracy_strategy_23_epoch9": 0.827435773145904, "ENV_Test_accuracy_strategy_107_epoch9": 0.8768472906403941, "ENV_Test_accuracy_strategy_43_epoch9": 0.8174300254452926, "ENV_Test_accuracy_strategy_17_epoch9": 0.7921960072595281, "ENV_Test_accuracy_strategy_93_epoch9": 0.8354898336414048, "ENV_Test_accuracy_per_mean_strategy_epoch9": 0.8341538349087728, "ENV_Test_accuracy_per_mean_user_epoch9": 0.8318275826758385, "ENV_Test_accuracy_per_mean_user_and_bot_epoch9": 0.8556602839984976, "ENV_Train_TotalLoss_epoch10": 744.4806177447813, "ENV_Train_Right action_epoch10": 0.8551160190103438, "ENV_Train_Probability to choose the right action_epoch10": 0.7954283053063522, "ENV_Train_Weighted right action_epoch10": 0.8551160190103438, "ENV_Train_Weighted probability to choose the right action:_epoch10": 0.7954283053063522, "ENV_Test_TotalLoss_epoch10": 214.2486639347971, "ENV_Test_Right action_epoch10": 0.82304, "ENV_Test_Probability to choose the right action_epoch10": 0.7839051660504874, "ENV_Test_Weighted right action_epoch10": 0.8572067672741275, "ENV_Test_Weighted probability to choose the right action:_epoch10": 0.819197045825189, "ENV_Test_proba_accuracy_epoch10": 0.7839051660504874, "ENV_Test_proba_accuracy_strategy_132_epoch10": 0.8189545572859213, "ENV_Test_proba_accuracy_strategy_23_epoch10": 0.7900092480216615, "ENV_Test_proba_accuracy_strategy_107_epoch10": 0.8500705777069618, "ENV_Test_proba_accuracy_strategy_43_epoch10": 0.7817223880854528, "ENV_Test_proba_accuracy_strategy_17_epoch10": 0.7508610621300937, "ENV_Test_proba_accuracy_strategy_93_epoch10": 0.792366037116292, "ENV_Test_proba_accuracy_per_mean_strategy_epoch10": 0.7973306450577305, "ENV_Test_proba_accuracy_per_mean_user_epoch10": 0.7951631839293356, "ENV_Test_proba_accuracy_per_mean_user_and_bot_epoch10": 0.8191970458251898, "ENV_Test_accuracy_epoch10": 0.82304, "ENV_Test_accuracy_strategy_132_epoch10": 0.8555240793201133, "ENV_Test_accuracy_strategy_23_epoch10": 0.8308288899660689, "ENV_Test_accuracy_strategy_107_epoch10": 0.8866995073891626, "ENV_Test_accuracy_strategy_43_epoch10": 0.8142493638676844, "ENV_Test_accuracy_strategy_17_epoch10": 0.7924228675136116, "ENV_Test_accuracy_strategy_93_epoch10": 0.8271719038817006, "ENV_Test_accuracy_per_mean_strategy_epoch10": 0.8344827686563902, "ENV_Test_accuracy_per_mean_user_epoch10": 0.8327368957599139, "ENV_Test_accuracy_per_mean_user_and_bot_epoch10": 0.8572067672741269, "ENV_Train_TotalLoss_epoch11": 725.3439945864236, "ENV_Train_Right action_epoch11": 0.8602339916970688, "ENV_Train_Probability to choose the right action_epoch11": 0.8013765944827151, "ENV_Train_Weighted right action_epoch11": 0.8602339916970688, "ENV_Train_Weighted probability to choose the right action:_epoch11": 0.8013765944827151, "ENV_Test_TotalLoss_epoch11": 213.72010077298216, "ENV_Test_Right action_epoch11": 0.821568, "ENV_Test_Probability to choose the right action_epoch11": 0.7819754374139974, "ENV_Test_Weighted right action_epoch11": 0.8546667360944701, "ENV_Test_Weighted probability to choose the right action:_epoch11": 0.8179411436529977, "ENV_Test_proba_accuracy_epoch11": 0.7819754374139973, "ENV_Test_proba_accuracy_strategy_132_epoch11": 0.8159457148611489, "ENV_Test_proba_accuracy_strategy_23_epoch11": 0.7868826220705168, "ENV_Test_proba_accuracy_strategy_107_epoch11": 0.8467386809225785, "ENV_Test_proba_accuracy_strategy_43_epoch11": 0.7795476474755615, "ENV_Test_proba_accuracy_strategy_17_epoch11": 0.7510655511334147, "ENV_Test_proba_accuracy_strategy_93_epoch11": 0.7914933151199883, "ENV_Test_proba_accuracy_per_mean_strategy_epoch11": 0.7952789219305347, "ENV_Test_proba_accuracy_per_mean_user_epoch11": 0.7938268066111958, "ENV_Test_proba_accuracy_per_mean_user_and_bot_epoch11": 0.8179411436529976, "ENV_Test_accuracy_epoch11": 0.821568, "ENV_Test_accuracy_strategy_132_epoch11": 0.854957507082153, "ENV_Test_accuracy_strategy_23_epoch11": 0.8269510421715948, "ENV_Test_accuracy_strategy_107_epoch11": 0.8768472906403941, "ENV_Test_accuracy_strategy_43_epoch11": 0.8136132315521628, "ENV_Test_accuracy_strategy_17_epoch11": 0.7944646098003629, "ENV_Test_accuracy_strategy_93_epoch11": 0.8271719038817006, "ENV_Test_accuracy_per_mean_strategy_epoch11": 0.8323342641880614, "ENV_Test_accuracy_per_mean_user_epoch11": 0.8324422905705691, "ENV_Test_accuracy_per_mean_user_and_bot_epoch11": 0.8546667360944695, "ENV_Train_TotalLoss_epoch12": 713.2073919335713, "ENV_Train_Right action_epoch12": 0.8628615341623586, "ENV_Train_Probability to choose the right action_epoch12": 0.8052373888626468, "ENV_Train_Weighted right action_epoch12": 0.8628615341623586, "ENV_Train_Weighted probability to choose the right action:_epoch12": 0.8052373888626468, "ENV_Test_TotalLoss_epoch12": 214.05230118520757, "ENV_Test_Right action_epoch12": 0.8208, "ENV_Test_Probability to choose the right action_epoch12": 0.7781348309732617, "ENV_Test_Weighted right action_epoch12": 0.8516170488064208, "ENV_Test_Weighted probability to choose the right action:_epoch12": 0.8107272800826671, "ENV_Test_proba_accuracy_epoch12": 0.7781348309732617, "ENV_Test_proba_accuracy_strategy_132_epoch12": 0.8106626159650577, "ENV_Test_proba_accuracy_strategy_23_epoch12": 0.7833552809475219, "ENV_Test_proba_accuracy_strategy_107_epoch12": 0.8325880974962211, "ENV_Test_proba_accuracy_strategy_43_epoch12": 0.7739814719673603, "ENV_Test_proba_accuracy_strategy_17_epoch12": 0.7495786387062668, "ENV_Test_proba_accuracy_strategy_93_epoch12": 0.7869350446114246, "ENV_Test_proba_accuracy_per_mean_strategy_epoch12": 0.7895168582823088, "ENV_Test_proba_accuracy_per_mean_user_epoch12": 0.7886595175861565, "ENV_Test_proba_accuracy_per_mean_user_and_bot_epoch12": 0.8107272800826691, "ENV_Test_accuracy_epoch12": 0.8208, "ENV_Test_accuracy_strategy_132_epoch12": 0.8555240793201133, "ENV_Test_accuracy_strategy_23_epoch12": 0.8271126191630311, "ENV_Test_accuracy_strategy_107_epoch12": 0.8719211822660099, "ENV_Test_accuracy_strategy_43_epoch12": 0.8091603053435115, "ENV_Test_accuracy_strategy_17_epoch12": 0.7921960072595281, "ENV_Test_accuracy_strategy_93_epoch12": 0.83271719038817, "ENV_Test_accuracy_per_mean_strategy_epoch12": 0.8314385639567273, "ENV_Test_accuracy_per_mean_user_epoch12": 0.8296733889075495, "ENV_Test_accuracy_per_mean_user_and_bot_epoch12": 0.8516170488064195, "ENV_Train_TotalLoss_epoch13": 698.0278190800136, "ENV_Train_Right action_epoch13": 0.8666256742782079, "ENV_Train_Probability to choose the right action_epoch13": 0.8089856662663292, "ENV_Train_Weighted right action_epoch13": 0.8666256742782079, "ENV_Train_Weighted probability to choose the right action:_epoch13": 0.8089856662663292, "ENV_Test_TotalLoss_epoch13": 217.76787624672605, "ENV_Test_Right action_epoch13": 0.820736, "ENV_Test_Probability to choose the right action_epoch13": 0.7747039436911545, "ENV_Test_Weighted right action_epoch13": 0.8520310406509987, "ENV_Test_Weighted probability to choose the right action:_epoch13": 0.8066990035963918, "ENV_Test_proba_accuracy_epoch13": 0.7747039436911544, "ENV_Test_proba_accuracy_strategy_132_epoch13": 0.8022700425699015, "ENV_Test_proba_accuracy_strategy_23_epoch13": 0.7825292832886501, "ENV_Test_proba_accuracy_strategy_107_epoch13": 0.8325554554407558, "ENV_Test_proba_accuracy_strategy_43_epoch13": 0.7706549806516312, "ENV_Test_proba_accuracy_strategy_17_epoch13": 0.744252967089016, "ENV_Test_proba_accuracy_strategy_93_epoch13": 0.7823528464776222, "ENV_Test_proba_accuracy_per_mean_strategy_epoch13": 0.7857692625862628, "ENV_Test_proba_accuracy_per_mean_user_epoch13": 0.7850260659849626, "ENV_Test_proba_accuracy_per_mean_user_and_bot_epoch13": 0.8066990035963909, "ENV_Test_accuracy_epoch13": 0.820736, "ENV_Test_accuracy_strategy_132_epoch13": 0.8441926345609065, "ENV_Test_accuracy_strategy_23_epoch13": 0.8322830828889967, "ENV_Test_accuracy_strategy_107_epoch13": 0.8686371100164204, "ENV_Test_accuracy_strategy_43_epoch13": 0.8148854961832062, "ENV_Test_accuracy_strategy_17_epoch13": 0.7890199637023594, "ENV_Test_accuracy_strategy_93_epoch13": 0.8271719038817006, "ENV_Test_accuracy_per_mean_strategy_epoch13": 0.829365031872265, "ENV_Test_accuracy_per_mean_user_epoch13": 0.8307044097582238, "ENV_Test_accuracy_per_mean_user_and_bot_epoch13": 0.852031040650998, "ENV_Train_TotalLoss_epoch14": 682.3370674561137, "ENV_Train_Right action_epoch14": 0.8688992005367027, "ENV_Train_Probability to choose the right action_epoch14": 0.813400122941837, "ENV_Train_Weighted right action_epoch14": 0.8688992005367027, "ENV_Train_Weighted probability to choose the right action:_epoch14": 0.813400122941837, "ENV_Test_TotalLoss_epoch14": 220.2115800123799, "ENV_Test_Right action_epoch14": 0.820864, "ENV_Test_Probability to choose the right action_epoch14": 0.7820482272298971, "ENV_Test_Weighted right action_epoch14": 0.8516643309030614, "ENV_Test_Weighted probability to choose the right action:_epoch14": 0.8124305913676442, "ENV_Test_proba_accuracy_epoch14": 0.7820482272298974, "ENV_Test_proba_accuracy_strategy_132_epoch14": 0.8115439538487305, "ENV_Test_proba_accuracy_strategy_23_epoch14": 0.7892629012697869, "ENV_Test_proba_accuracy_strategy_107_epoch14": 0.8374336196213693, "ENV_Test_proba_accuracy_strategy_43_epoch14": 0.7749075484830981, "ENV_Test_proba_accuracy_strategy_17_epoch14": 0.7521997071834436, "ENV_Test_proba_accuracy_strategy_93_epoch14": 0.7934679539149373, "ENV_Test_proba_accuracy_per_mean_strategy_epoch14": 0.7931359473868943, "ENV_Test_proba_accuracy_per_mean_user_epoch14": 0.7915722189909927, "ENV_Test_proba_accuracy_per_mean_user_and_bot_epoch14": 0.8124305913676443, "ENV_Test_accuracy_epoch14": 0.820864, "ENV_Test_accuracy_strategy_132_epoch14": 0.8481586402266289, "ENV_Test_accuracy_strategy_23_epoch14": 0.8316367749232509, "ENV_Test_accuracy_strategy_107_epoch14": 0.8735632183908046, "ENV_Test_accuracy_strategy_43_epoch14": 0.8091603053435115, "ENV_Test_accuracy_strategy_17_epoch14": 0.7894736842105263, "ENV_Test_accuracy_strategy_93_epoch14": 0.8299445471349353, "ENV_Test_accuracy_per_mean_strategy_epoch14": 0.8303228617049428, "ENV_Test_accuracy_per_mean_user_epoch14": 0.8301548634965936, "ENV_Test_accuracy_per_mean_user_and_bot_epoch14": 0.8516643309030609, "ENV_Train_TotalLoss_epoch15": 670.9860402103293, "ENV_Train_Right action_epoch15": 0.8719740593727288, "ENV_Train_Probability to choose the right action_epoch15": 0.8165121334436839, "ENV_Train_Weighted right action_epoch15": 0.8719740593727288, "ENV_Train_Weighted probability to choose the right action:_epoch15": 0.8165121334436839, "ENV_Test_TotalLoss_epoch15": 225.1313371458137, "ENV_Test_Right action_epoch15": 0.821824, "ENV_Test_Probability to choose the right action_epoch15": 0.786263014981727, "ENV_Test_Weighted right action_epoch15": 0.8526495836130212, "ENV_Test_Weighted probability to choose the right action:_epoch15": 0.8191095358705789, "ENV_Test_proba_accuracy_epoch15": 0.7862630149817271, "ENV_Test_proba_accuracy_strategy_132_epoch15": 0.8177661308026086, "ENV_Test_proba_accuracy_strategy_23_epoch15": 0.7926494665697762, "ENV_Test_proba_accuracy_strategy_107_epoch15": 0.8425626365561154, "ENV_Test_proba_accuracy_strategy_43_epoch15": 0.7801060534369368, "ENV_Test_proba_accuracy_strategy_17_epoch15": 0.7566611316301902, "ENV_Test_proba_accuracy_strategy_93_epoch15": 0.7961970515075056, "ENV_Test_proba_accuracy_per_mean_strategy_epoch15": 0.7976570784171888, "ENV_Test_proba_accuracy_per_mean_user_epoch15": 0.7963255441613037, "ENV_Test_proba_accuracy_per_mean_user_and_bot_epoch15": 0.8191095358705792, "ENV_Test_accuracy_epoch15": 0.821824, "ENV_Test_accuracy_strategy_132_epoch15": 0.8487252124645892, "ENV_Test_accuracy_strategy_23_epoch15": 0.8321215058975602, "ENV_Test_accuracy_strategy_107_epoch15": 0.8669950738916257, "ENV_Test_accuracy_strategy_43_epoch15": 0.8104325699745547, "ENV_Test_accuracy_strategy_17_epoch15": 0.7908348457350273, "ENV_Test_accuracy_strategy_93_epoch15": 0.8364140480591498, "ENV_Test_accuracy_per_mean_strategy_epoch15": 0.8309205426704177, "ENV_Test_accuracy_per_mean_user_epoch15": 0.8304355201232332, "ENV_Test_accuracy_per_mean_user_and_bot_epoch15": 0.8526495836130212, "ENV_Train_TotalLoss_epoch16": 663.0823448495742, "ENV_Train_Right action_epoch16": 0.8750681408383769, "ENV_Train_Probability to choose the right action_epoch16": 0.820101347590631, "ENV_Train_Weighted right action_epoch16": 0.8750681408383769, "ENV_Train_Weighted probability to choose the right action:_epoch16": 0.820101347590631, "ENV_Test_TotalLoss_epoch16": 242.31120853710652, "ENV_Test_Right action_epoch16": 0.820352, "ENV_Test_Probability to choose the right action_epoch16": 0.7904198509564313, "ENV_Test_Weighted right action_epoch16": 0.8503461869460125, "ENV_Test_Weighted probability to choose the right action:_epoch16": 0.8234004675951151, "ENV_Test_proba_accuracy_epoch16": 0.7904198509564302, "ENV_Test_proba_accuracy_strategy_132_epoch16": 0.82336511745253, "ENV_Test_proba_accuracy_strategy_23_epoch16": 0.7981855899041241, "ENV_Test_proba_accuracy_strategy_107_epoch16": 0.8453649910816845, "ENV_Test_proba_accuracy_strategy_43_epoch16": 0.787194968987752, "ENV_Test_proba_accuracy_strategy_17_epoch16": 0.758013670255628, "ENV_Test_proba_accuracy_strategy_93_epoch16": 0.7980389035763229, "ENV_Test_proba_accuracy_per_mean_strategy_epoch16": 0.801693873543007, "ENV_Test_proba_accuracy_per_mean_user_epoch16": 0.800842928922772, "ENV_Test_proba_accuracy_per_mean_user_and_bot_epoch16": 0.8234004675951158, "ENV_Test_accuracy_epoch16": 0.820352, "ENV_Test_accuracy_strategy_132_epoch16": 0.8475920679886686, "ENV_Test_accuracy_strategy_23_epoch16": 0.8334141218290515, "ENV_Test_accuracy_strategy_107_epoch16": 0.8702791461412152, "ENV_Test_accuracy_strategy_43_epoch16": 0.8085241730279898, "ENV_Test_accuracy_strategy_17_epoch16": 0.7858439201451906, "ENV_Test_accuracy_strategy_93_epoch16": 0.8308687615526802, "ENV_Test_accuracy_per_mean_strategy_epoch16": 0.8294203651141326, "ENV_Test_accuracy_per_mean_user_epoch16": 0.8286676868276862, "ENV_Test_accuracy_per_mean_user_and_bot_epoch16": 0.8503461869460127, "ENV_Train_TotalLoss_epoch17": 654.9359659961865, "ENV_Train_Right action_epoch17": 0.8751590041795384, "ENV_Train_Probability to choose the right action_epoch17": 0.8219649603729898, "ENV_Train_Weighted right action_epoch17": 0.8751590041795384, "ENV_Train_Weighted probability to choose the right action:_epoch17": 0.8219649603729898, "ENV_Test_TotalLoss_epoch17": 225.58971584563196, "ENV_Test_Right action_epoch17": 0.818944, "ENV_Test_Probability to choose the right action_epoch17": 0.7820881761516233, "ENV_Test_Weighted right action_epoch17": 0.84794185227943, "ENV_Test_Weighted probability to choose the right action:_epoch17": 0.8113434875956389, "ENV_Test_proba_accuracy_epoch17": 0.7820881761516236, "ENV_Test_proba_accuracy_strategy_132_epoch17": 0.8142503559425625, "ENV_Test_proba_accuracy_strategy_23_epoch17": 0.7883661193590018, "ENV_Test_proba_accuracy_strategy_107_epoch17": 0.8357781120634422, "ENV_Test_proba_accuracy_strategy_43_epoch17": 0.7769646637721641, "ENV_Test_proba_accuracy_strategy_17_epoch17": 0.75257573780527, "ENV_Test_proba_accuracy_strategy_93_epoch17": 0.7911707832490994, "ENV_Test_proba_accuracy_per_mean_strategy_epoch17": 0.7931842953652568, "ENV_Test_proba_accuracy_per_mean_user_epoch17": 0.7923693290833587, "ENV_Test_proba_accuracy_per_mean_user_and_bot_epoch17": 0.8113434875956397, "ENV_Test_accuracy_epoch17": 0.818944, "ENV_Test_accuracy_strategy_132_epoch17": 0.8475920679886686, "ENV_Test_accuracy_strategy_23_epoch17": 0.8296978510260139, "ENV_Test_accuracy_strategy_107_epoch17": 0.8686371100164204, "ENV_Test_accuracy_strategy_43_epoch17": 0.8085241730279898, "ENV_Test_accuracy_strategy_17_epoch17": 0.7853901996370236, "ENV_Test_accuracy_strategy_93_epoch17": 0.8345656192236599, "ENV_Test_accuracy_per_mean_strategy_epoch17": 0.8290678368199628, "ENV_Test_accuracy_per_mean_user_epoch17": 0.8282059834356946, "ENV_Test_accuracy_per_mean_user_and_bot_epoch17": 0.8479418522794295, "ENV_Train_TotalLoss_epoch18": 637.6106030577241, "ENV_Train_Right action_epoch18": 0.8784193679149019, "ENV_Train_Probability to choose the right action_epoch18": 0.8267132218583072, "ENV_Train_Weighted right action_epoch18": 0.8784193679149019, "ENV_Train_Weighted probability to choose the right action:_epoch18": 0.8267132218583072, "ENV_Test_TotalLoss_epoch18": 236.53183701368152, "ENV_Test_Right action_epoch18": 0.820032, "ENV_Test_Probability to choose the right action_epoch18": 0.7888215402652026, "ENV_Test_Weighted right action_epoch18": 0.8455174309379765, "ENV_Test_Weighted probability to choose the right action:_epoch18": 0.815061059056274, "ENV_Test_proba_accuracy_epoch18": 0.7888215402652029, "ENV_Test_proba_accuracy_strategy_132_epoch18": 0.8196091218856023, "ENV_Test_proba_accuracy_strategy_23_epoch18": 0.7963070660739449, "ENV_Test_proba_accuracy_strategy_107_epoch18": 0.8314522534892429, "ENV_Test_proba_accuracy_strategy_43_epoch18": 0.7769734333301159, "ENV_Test_proba_accuracy_strategy_17_epoch18": 0.7629339340308161, "ENV_Test_proba_accuracy_strategy_93_epoch18": 0.7944663528709176, "ENV_Test_proba_accuracy_per_mean_strategy_epoch18": 0.7969570269467733, "ENV_Test_proba_accuracy_per_mean_user_epoch18": 0.7980667841972937, "ENV_Test_proba_accuracy_per_mean_user_and_bot_epoch18": 0.8150610590562751, "ENV_Test_accuracy_epoch18": 0.820032, "ENV_Test_accuracy_strategy_132_epoch18": 0.851558073654391, "ENV_Test_accuracy_strategy_23_epoch18": 0.8292131200517047, "ENV_Test_accuracy_strategy_107_epoch18": 0.8555008210180624, "ENV_Test_accuracy_strategy_43_epoch18": 0.8027989821882952, "ENV_Test_accuracy_strategy_17_epoch18": 0.7942377495462795, "ENV_Test_accuracy_strategy_93_epoch18": 0.8262476894639557, "ENV_Test_accuracy_per_mean_strategy_epoch18": 0.8265927393204481, "ENV_Test_accuracy_per_mean_user_epoch18": 0.8284645871269711, "ENV_Test_accuracy_per_mean_user_and_bot_epoch18": 0.8455174309379767, "ENV_Train_TotalLoss_epoch19": 633.6743233975899, "ENV_Train_Right action_epoch19": 0.8791508273703041, "ENV_Train_Probability to choose the right action_epoch19": 0.8279878956236337, "ENV_Train_Weighted right action_epoch19": 0.8791508273703041, "ENV_Train_Weighted probability to choose the right action:_epoch19": 0.8279878956236337, "ENV_Test_TotalLoss_epoch19": 231.23278035922314, "ENV_Test_Right action_epoch19": 0.816896, "ENV_Test_Probability to choose the right action_epoch19": 0.7867073112183137, "ENV_Test_Weighted right action_epoch19": 0.8453825317392659, "ENV_Test_Weighted probability to choose the right action:_epoch19": 0.8176470734522802, "ENV_Test_proba_accuracy_epoch19": 0.7867073112183132, "ENV_Test_proba_accuracy_strategy_132_epoch19": 0.8205977338508066, "ENV_Test_proba_accuracy_strategy_23_epoch19": 0.7926237058322839, "ENV_Test_proba_accuracy_strategy_107_epoch19": 0.8373481970520583, "ENV_Test_proba_accuracy_strategy_43_epoch19": 0.7834079901586748, "ENV_Test_proba_accuracy_strategy_17_epoch19": 0.7566791694340536, "ENV_Test_proba_accuracy_strategy_93_epoch19": 0.7962055737005703, "ENV_Test_proba_accuracy_per_mean_strategy_epoch19": 0.7978103950047412, "ENV_Test_proba_accuracy_per_mean_user_epoch19": 0.7961678894122385, "ENV_Test_proba_accuracy_per_mean_user_and_bot_epoch19": 0.8176470734522798, "ENV_Test_accuracy_epoch19": 0.816896, "ENV_Test_accuracy_strategy_132_epoch19": 0.8481586402266289, "ENV_Test_accuracy_strategy_23_epoch19": 0.8248505412829213, "ENV_Test_accuracy_strategy_107_epoch19": 0.8538587848932676, "ENV_Test_accuracy_strategy_43_epoch19": 0.8085241730279898, "ENV_Test_accuracy_strategy_17_epoch19": 0.7853901996370236, "ENV_Test_accuracy_strategy_93_epoch19": 0.8401109057301294, "ENV_Test_accuracy_per_mean_strategy_epoch19": 0.8268155407996601, "ENV_Test_accuracy_per_mean_user_epoch19": 0.8246510755570482, "ENV_Test_accuracy_per_mean_user_and_bot_epoch19": 0.8453825317392659, "ENV_Train_TotalLoss_epoch20": 620.3100643312017, "ENV_Train_Right action_epoch20": 0.8811450776477824, "ENV_Train_Probability to choose the right action_epoch20": 0.8313243463000292, "ENV_Train_Weighted right action_epoch20": 0.8811450776477824, "ENV_Train_Weighted probability to choose the right action:_epoch20": 0.8313243463000292, "ENV_Test_TotalLoss_epoch20": 235.93628001008645, "ENV_Test_Right action_epoch20": 0.81696, "ENV_Test_Probability to choose the right action_epoch20": 0.785831297038159, "ENV_Test_Weighted right action_epoch20": 0.8488586519547121, "ENV_Test_Weighted probability to choose the right action:_epoch20": 0.8171215912388592, "ENV_Test_proba_accuracy_epoch20": 0.7858312970381588, "ENV_Test_proba_accuracy_strategy_132_epoch20": 0.8150453708326191, "ENV_Test_proba_accuracy_strategy_23_epoch20": 0.7930454909244687, "ENV_Test_proba_accuracy_strategy_107_epoch20": 0.8371461298078077, "ENV_Test_proba_accuracy_strategy_43_epoch20": 0.7797418216589044, "ENV_Test_proba_accuracy_strategy_17_epoch20": 0.7567032117686884, "ENV_Test_proba_accuracy_strategy_93_epoch20": 0.7955420510101561, "ENV_Test_proba_accuracy_per_mean_strategy_epoch20": 0.7962040126671074, "ENV_Test_proba_accuracy_per_mean_user_epoch20": 0.7958924060677292, "ENV_Test_proba_accuracy_per_mean_user_and_bot_epoch20": 0.81712159123886, "ENV_Test_accuracy_epoch20": 0.81696, "ENV_Test_accuracy_strategy_132_epoch20": 0.8436260623229461, "ENV_Test_accuracy_strategy_23_epoch20": 0.8272741961544676, "ENV_Test_accuracy_strategy_107_epoch20": 0.8555008210180624, "ENV_Test_accuracy_strategy_43_epoch20": 0.8053435114503816, "ENV_Test_accuracy_strategy_17_epoch20": 0.7887931034482759, "ENV_Test_accuracy_strategy_93_epoch20": 0.8243992606284658, "ENV_Test_accuracy_per_mean_strategy_epoch20": 0.8241561591704333, "ENV_Test_accuracy_per_mean_user_epoch20": 0.8277403585650231, "ENV_Test_accuracy_per_mean_user_and_bot_epoch20": 0.8488586519547121, "ENV_Train_TotalLoss_epoch21": 615.5001089096792, "ENV_Train_Right action_epoch21": 0.8836370751341681, "ENV_Train_Probability to choose the right action_epoch21": 0.8332042755332975, "ENV_Train_Weighted right action_epoch21": 0.8836370751341681, "ENV_Train_Weighted probability to choose the right action:_epoch21": 0.8332042755332975, "ENV_Test_TotalLoss_epoch21": 236.948701215223, "ENV_Test_Right action_epoch21": 0.818048, "ENV_Test_Probability to choose the right action_epoch21": 0.7857582195953504, "ENV_Test_Weighted right action_epoch21": 0.8524403326141708, "ENV_Test_Weighted probability to choose the right action:_epoch21": 0.818511172423649, "ENV_Test_proba_accuracy_epoch21": 0.7857582195953505, "ENV_Test_proba_accuracy_strategy_132_epoch21": 0.8159029344965997, "ENV_Test_proba_accuracy_strategy_23_epoch21": 0.7925446607815558, "ENV_Test_proba_accuracy_strategy_107_epoch21": 0.8404466207502932, "ENV_Test_proba_accuracy_strategy_43_epoch21": 0.7833242988841297, "ENV_Test_proba_accuracy_strategy_17_epoch21": 0.7543433387132339, "ENV_Test_proba_accuracy_strategy_93_epoch21": 0.7985040381544258, "ENV_Test_proba_accuracy_per_mean_strategy_epoch21": 0.7975109819633729, "ENV_Test_proba_accuracy_per_mean_user_epoch21": 0.7959941231178773, "ENV_Test_proba_accuracy_per_mean_user_and_bot_epoch21": 0.8185111724236498, "ENV_Test_accuracy_epoch21": 0.818048, "ENV_Test_accuracy_strategy_132_epoch21": 0.8475920679886686, "ENV_Test_accuracy_strategy_23_epoch21": 0.824365810308612, "ENV_Test_accuracy_strategy_107_epoch21": 0.8702791461412152, "ENV_Test_accuracy_strategy_43_epoch21": 0.8129770992366412, "ENV_Test_accuracy_strategy_17_epoch21": 0.7853901996370236, "ENV_Test_accuracy_strategy_93_epoch21": 0.844731977818854, "ENV_Test_accuracy_per_mean_strategy_epoch21": 0.8308893835218357, "ENV_Test_accuracy_per_mean_user_epoch21": 0.828612643682919, "ENV_Test_accuracy_per_mean_user_and_bot_epoch21": 0.852440332614171, "ENV_Train_TotalLoss_epoch22": 605.5545494124711, "ENV_Train_Right action_epoch22": 0.8855329913765392, "ENV_Train_Probability to choose the right action_epoch22": 0.8363539900446464, "ENV_Train_Weighted right action_epoch22": 0.8855329913765392, "ENV_Train_Weighted probability to choose the right action:_epoch22": 0.8363539900446464, "ENV_Test_TotalLoss_epoch22": 233.57339532612022, "ENV_Test_Right action_epoch22": 0.814976, "ENV_Test_Probability to choose the right action_epoch22": 0.7860802508347908, "ENV_Test_Weighted right action_epoch22": 0.8480880112195731, "ENV_Test_Weighted probability to choose the right action:_epoch22": 0.8190642842655598, "ENV_Test_proba_accuracy_epoch22": 0.7860802508347898, "ENV_Test_proba_accuracy_strategy_132_epoch22": 0.8193743701390831, "ENV_Test_proba_accuracy_strategy_23_epoch22": 0.7928547143311084, "ENV_Test_proba_accuracy_strategy_107_epoch22": 0.8383774531996665, "ENV_Test_proba_accuracy_strategy_43_epoch22": 0.7826774295429219, "ENV_Test_proba_accuracy_strategy_17_epoch22": 0.7562015350059907, "ENV_Test_proba_accuracy_strategy_93_epoch22": 0.7902524717711669, "ENV_Test_proba_accuracy_per_mean_strategy_epoch22": 0.7966229956649896, "ENV_Test_proba_accuracy_per_mean_user_epoch22": 0.7966518457099178, "ENV_Test_proba_accuracy_per_mean_user_and_bot_epoch22": 0.8190642842655592, "ENV_Test_accuracy_epoch22": 0.814976, "ENV_Test_accuracy_strategy_132_epoch22": 0.8470254957507082, "ENV_Test_accuracy_strategy_23_epoch22": 0.8266278881887219, "ENV_Test_accuracy_strategy_107_epoch22": 0.8653530377668309, "ENV_Test_accuracy_strategy_43_epoch22": 0.8027989821882952, "ENV_Test_accuracy_strategy_17_epoch22": 0.7826678765880217, "ENV_Test_accuracy_strategy_93_epoch22": 0.8170055452865065, "ENV_Test_accuracy_per_mean_strategy_epoch22": 0.8235798042948476, "ENV_Test_accuracy_per_mean_user_epoch22": 0.8259640707733953, "ENV_Test_accuracy_per_mean_user_and_bot_epoch22": 0.8480880112195734, "ENV_Train_TotalLoss_epoch23": 601.966570385268, "ENV_Train_Right action_epoch23": 0.8863016953416539, "ENV_Train_Probability to choose the right action_epoch23": 0.8377267360907782, "ENV_Train_Weighted right action_epoch23": 0.8863016953416539, "ENV_Train_Weighted probability to choose the right action:_epoch23": 0.8377267360907782, "ENV_Test_TotalLoss_epoch23": 233.00391339132022, "ENV_Test_Right action_epoch23": 0.814272, "ENV_Test_Probability to choose the right action_epoch23": 0.781583626158706, "ENV_Test_Weighted right action_epoch23": 0.8455592988755314, "ENV_Test_Weighted probability to choose the right action:_epoch23": 0.8129343948829018, "ENV_Test_proba_accuracy_epoch23": 0.7815836261587068, "ENV_Test_proba_accuracy_strategy_132_epoch23": 0.8094905947263856, "ENV_Test_proba_accuracy_strategy_23_epoch23": 0.7880403586105021, "ENV_Test_proba_accuracy_strategy_107_epoch23": 0.8360856742952912, "ENV_Test_proba_accuracy_strategy_43_epoch23": 0.7785522405618709, "ENV_Test_proba_accuracy_strategy_17_epoch23": 0.7526852893712435, "ENV_Test_proba_accuracy_strategy_93_epoch23": 0.7905863458778097, "ENV_Test_proba_accuracy_per_mean_strategy_epoch23": 0.7925734172405172, "ENV_Test_proba_accuracy_per_mean_user_epoch23": 0.792012095953684, "ENV_Test_proba_accuracy_per_mean_user_and_bot_epoch23": 0.8129343948829018, "ENV_Test_accuracy_epoch23": 0.814272, "ENV_Test_accuracy_strategy_132_epoch23": 0.8356940509915014, "ENV_Test_accuracy_strategy_23_epoch23": 0.8237195023428664, "ENV_Test_accuracy_strategy_107_epoch23": 0.8669950738916257, "ENV_Test_accuracy_strategy_43_epoch23": 0.8040712468193384, "ENV_Test_accuracy_strategy_17_epoch23": 0.7842558983666061, "ENV_Test_accuracy_strategy_93_epoch23": 0.83271719038817, "ENV_Test_accuracy_per_mean_strategy_epoch23": 0.824575493800018, "ENV_Test_accuracy_per_mean_user_epoch23": 0.8234036286559187, "ENV_Test_accuracy_per_mean_user_and_bot_epoch23": 0.8455592988755314, "ENV_Train_TotalLoss_epoch24": 593.6641380498337, "ENV_Train_Right action_epoch24": 0.8881464914733016, "ENV_Train_Probability to choose the right action_epoch24": 0.8402071185682978, "ENV_Train_Weighted right action_epoch24": 0.8881464914733016, "ENV_Train_Weighted probability to choose the right action:_epoch24": 0.8402071185682978, "ENV_Test_TotalLoss_epoch24": 245.38820180959354, "ENV_Test_Right action_epoch24": 0.812608, "ENV_Test_Probability to choose the right action_epoch24": 0.784712604894331, "ENV_Test_Weighted right action_epoch24": 0.8444129523534566, "ENV_Test_Weighted probability to choose the right action:_epoch24": 0.8158685539965441, "ENV_Test_proba_accuracy_epoch24": 0.7847126048943319, "ENV_Test_proba_accuracy_strategy_132_epoch24": 0.8130459428421405, "ENV_Test_proba_accuracy_strategy_23_epoch24": 0.7928159317587534, "ENV_Test_proba_accuracy_strategy_107_epoch24": 0.8402069240547166, "ENV_Test_proba_accuracy_strategy_43_epoch24": 0.7826288926082658, "ENV_Test_proba_accuracy_strategy_17_epoch24": 0.7525101142568774, "ENV_Test_proba_accuracy_strategy_93_epoch24": 0.7951269326513862, "ENV_Test_proba_accuracy_per_mean_strategy_epoch24": 0.7960557896953566, "ENV_Test_proba_accuracy_per_mean_user_epoch24": 0.7945584091693852, "ENV_Test_proba_accuracy_per_mean_user_and_bot_epoch24": 0.8158685539965437, "ENV_Test_accuracy_epoch24": 0.812608, "ENV_Test_accuracy_strategy_132_epoch24": 0.8373937677053824, "ENV_Test_accuracy_strategy_23_epoch24": 0.8227500403942478, "ENV_Test_accuracy_strategy_107_epoch24": 0.8620689655172413, "ENV_Test_accuracy_strategy_43_epoch24": 0.8072519083969466, "ENV_Test_accuracy_strategy_17_epoch24": 0.7790381125226861, "ENV_Test_accuracy_strategy_93_epoch24": 0.8308687615526802, "ENV_Test_accuracy_per_mean_strategy_epoch24": 0.8232285926815307, "ENV_Test_accuracy_per_mean_user_epoch24": 0.8225540752200461, "ENV_Test_accuracy_per_mean_user_and_bot_epoch24": 0.8444129523534565, "_wandb": {"runtime": 2000}}