{"ENV_Train_TotalLoss": 167.7843335460958, "ENV_Train_TotalLoss_epoch0": 1026.4126871834542, "ENV_Train_Right action": 0.9713335290089032, "ENV_Train_Right action_epoch0": 0.7865416590982129, "ENV_Train_Probability to choose the right action": 0.9572483215549676, "ENV_Train_Probability to choose the right action_epoch0": 0.705598567078808, "ENV_Train_Weighted right action": 0.9713335290089032, "ENV_Train_Weighted right action_epoch0": 0.7865416590982129, "ENV_Train_Weighted probability to choose the right action:": 0.9572483215549676, "ENV_Train_Weighted probability to choose the right action:_epoch0": 0.705598567078808, "_timestamp": 1720386144.7897315, "_runtime": 2752.4925196170807, "_step": 49, "ENV_Test_TotalLoss": 735.0992937780286, "ENV_Test_TotalLoss_epoch0": 213.64849926709252, "ENV_Test_Right action": 0.797632, "ENV_Test_Right action_epoch0": 0.803328, "ENV_Test_Probability to choose the right action": 0.7927065916640021, "ENV_Test_Probability to choose the right action_epoch0": 0.7459867375751372, "ENV_Test_Weighted right action": 0.8326263053458716, "ENV_Test_Weighted right action_epoch0": 0.8345609449071774, "ENV_Test_Weighted probability to choose the right action:": 0.8263677934630924, "ENV_Test_Weighted probability to choose the right action:_epoch0": 0.7740583459862627, "ENV_Test_proba_accuracy": 0.7927065916640011, "ENV_Test_proba_accuracy_epoch0": 0.7459867375751373, "ENV_Test_proba_accuracy_strategy_132": 0.830105557677508, "ENV_Test_proba_accuracy_strategy_132_epoch0": 0.7883786589296988, "ENV_Test_proba_accuracy_strategy_23": 0.8019323732692535, "ENV_Test_proba_accuracy_strategy_23_epoch0": 0.7497028781220707, "ENV_Test_proba_accuracy_strategy_107": 0.8644749473332523, "ENV_Test_proba_accuracy_strategy_107_epoch0": 0.7871381351059179, "ENV_Test_proba_accuracy_strategy_43": 0.7893898474093957, "ENV_Test_proba_accuracy_strategy_43_epoch0": 0.7439447446769152, "ENV_Test_proba_accuracy_strategy_17": 0.7554859244946408, "ENV_Test_proba_accuracy_strategy_17_epoch0": 0.7191247630683912, "ENV_Test_proba_accuracy_strategy_93": 0.7949876978372541, "ENV_Test_proba_accuracy_strategy_93_epoch0": 0.744818031780056, "ENV_Test_proba_accuracy_per_mean_strategy": 0.8060627246702174, "ENV_Test_proba_accuracy_per_mean_strategy_epoch0": 0.7555178686138418, "ENV_Test_proba_accuracy_per_mean_user": 0.8028239510086612, "ENV_Test_proba_accuracy_per_mean_user_epoch0": 0.7571115979539251, "ENV_Test_proba_accuracy_per_mean_user_and_bot": 0.8263677934630934, "ENV_Test_proba_accuracy_per_mean_user_and_bot_epoch0": 0.7740583459862627, "ENV_Test_accuracy": 0.797632, "ENV_Test_accuracy_epoch0": 0.803328, "ENV_Test_accuracy_strategy_132": 0.8322946175637393, "ENV_Test_accuracy_strategy_132_epoch0": 0.8413597733711048, "ENV_Test_accuracy_strategy_23": 0.8070770722249152, "ENV_Test_accuracy_strategy_23_epoch0": 0.8099854580707707, "ENV_Test_accuracy_strategy_107": 0.8735632183908046, "ENV_Test_accuracy_strategy_107_epoch0": 0.8505747126436781, "ENV_Test_accuracy_strategy_43": 0.7958015267175572, "ENV_Test_accuracy_strategy_43_epoch0": 0.8027989821882952, "ENV_Test_accuracy_strategy_17": 0.7602087114337568, "ENV_Test_accuracy_strategy_17_epoch0": 0.7713248638838476, "ENV_Test_accuracy_strategy_93": 0.7994454713493531, "ENV_Test_accuracy_strategy_93_epoch0": 0.8077634011090573, "ENV_Test_accuracy_per_mean_strategy": 0.8113984362800212, "ENV_Test_accuracy_per_mean_strategy_epoch0": 0.8139678652111256, "ENV_Test_accuracy_per_mean_user": 0.8079452737517724, "ENV_Test_accuracy_per_mean_user_epoch0": 0.815158383364352, "ENV_Test_accuracy_per_mean_user_and_bot": 0.8326263053458722, "ENV_Test_accuracy_per_mean_user_and_bot_epoch0": 0.8345609449071774, "ENV_Train_TotalLoss_epoch1": 886.5375270763843, "ENV_Train_Right action_epoch1": 0.8168996365669555, "ENV_Train_Probability to choose the right action_epoch1": 0.7474857704434693, "ENV_Train_Weighted right action_epoch1": 0.8168996365669555, "ENV_Train_Weighted probability to choose the right action:_epoch1": 0.7474857704434693, "ENV_Test_TotalLoss_epoch1": 200.0736082590438, "ENV_Test_Right action_epoch1": 0.815872, "ENV_Test_Probability to choose the right action_epoch1": 0.7586297218162199, "ENV_Test_Weighted right action_epoch1": 0.8446940968250239, "ENV_Test_Weighted probability to choose the right action:_epoch1": 0.7888911258642063, "ENV_Test_proba_accuracy_epoch1": 0.7586297218162199, "ENV_Test_proba_accuracy_strategy_132_epoch1": 0.8026022776966163, "ENV_Test_proba_accuracy_strategy_23_epoch1": 0.7611460420484242, "ENV_Test_proba_accuracy_strategy_107_epoch1": 0.8165413660482868, "ENV_Test_proba_accuracy_strategy_43_epoch1": 0.7548076582888444, "ENV_Test_proba_accuracy_strategy_17_epoch1": 0.7302694670666998, "ENV_Test_proba_accuracy_strategy_93_epoch1": 0.7610022064905047, "ENV_Test_proba_accuracy_per_mean_strategy_epoch1": 0.7710615029398961, "ENV_Test_proba_accuracy_per_mean_user_epoch1": 0.7706360317380696, "ENV_Test_proba_accuracy_per_mean_user_and_bot_epoch1": 0.788891125864206, "ENV_Test_accuracy_epoch1": 0.815872, "ENV_Test_accuracy_strategy_132_epoch1": 0.8606232294617564, "ENV_Test_accuracy_strategy_23_epoch1": 0.821619001454193, "ENV_Test_accuracy_strategy_107_epoch1": 0.8768472906403941, "ENV_Test_accuracy_strategy_43_epoch1": 0.8136132315521628, "ENV_Test_accuracy_strategy_17_epoch1": 0.7801724137931034, "ENV_Test_accuracy_strategy_93_epoch1": 0.8243992606284658, "ENV_Test_accuracy_per_mean_strategy_epoch1": 0.8295457379216793, "ENV_Test_accuracy_per_mean_user_epoch1": 0.826527063059669, "ENV_Test_accuracy_per_mean_user_and_bot_epoch1": 0.8446940968250245, "ENV_Train_TotalLoss_epoch2": 833.5296246361178, "ENV_Train_Right action_epoch2": 0.8284156824376266, "ENV_Train_Probability to choose the right action_epoch2": 0.7622664590302711, "ENV_Train_Weighted right action_epoch2": 0.8284156824376266, "ENV_Train_Weighted probability to choose the right action:_epoch2": 0.7622664590302711, "ENV_Test_TotalLoss_epoch2": 206.34933358518052, "ENV_Test_Right action_epoch2": 0.814464, "ENV_Test_Probability to choose the right action_epoch2": 0.7614917019904724, "ENV_Test_Weighted right action_epoch2": 0.8385730969601699, "ENV_Test_Weighted probability to choose the right action:_epoch2": 0.7846497576883781, "ENV_Test_proba_accuracy_epoch2": 0.7614917019904729, "ENV_Test_proba_accuracy_strategy_132_epoch2": 0.7995740116085654, "ENV_Test_proba_accuracy_strategy_23_epoch2": 0.7704781598512148, "ENV_Test_proba_accuracy_strategy_107_epoch2": 0.8106816041459092, "ENV_Test_proba_accuracy_strategy_43_epoch2": 0.74983876937895, "ENV_Test_proba_accuracy_strategy_17_epoch2": 0.7316273605831196, "ENV_Test_proba_accuracy_strategy_93_epoch2": 0.7588773881274403, "ENV_Test_proba_accuracy_per_mean_strategy_epoch2": 0.7701795489491999, "ENV_Test_proba_accuracy_per_mean_user_epoch2": 0.7702276951871502, "ENV_Test_proba_accuracy_per_mean_user_and_bot_epoch2": 0.7846497576883783, "ENV_Test_accuracy_epoch2": 0.814464, "ENV_Test_accuracy_strategy_132_epoch2": 0.8458923512747876, "ENV_Test_accuracy_strategy_23_epoch2": 0.8295362740345775, "ENV_Test_accuracy_strategy_107_epoch2": 0.8686371100164204, "ENV_Test_accuracy_strategy_43_epoch2": 0.7958015267175572, "ENV_Test_accuracy_strategy_17_epoch2": 0.778584392014519, "ENV_Test_accuracy_strategy_93_epoch2": 0.8197781885397413, "ENV_Test_accuracy_per_mean_strategy_epoch2": 0.8230383070996007, "ENV_Test_accuracy_per_mean_user_epoch2": 0.8235285386676447, "ENV_Test_accuracy_per_mean_user_and_bot_epoch2": 0.8385730969601696, "ENV_Train_TotalLoss_epoch3": 790.0398538576778, "ENV_Train_Right action_epoch3": 0.8380032701203236, "ENV_Train_Probability to choose the right action_epoch3": 0.7753040842077286, "ENV_Train_Weighted right action_epoch3": 0.8380032701203236, "ENV_Train_Weighted probability to choose the right action:_epoch3": 0.7753040842077286, "ENV_Test_TotalLoss_epoch3": 219.64696705806574, "ENV_Test_Right action_epoch3": 0.818368, "ENV_Test_Probability to choose the right action_epoch3": 0.7704446256801892, "ENV_Test_Weighted right action_epoch3": 0.8461274975506738, "ENV_Test_Weighted probability to choose the right action:_epoch3": 0.7986876592550164, "ENV_Test_proba_accuracy_epoch3": 0.77044462568019, "ENV_Test_proba_accuracy_strategy_132_epoch3": 0.8105801062211061, "ENV_Test_proba_accuracy_strategy_23_epoch3": 0.7767297327753747, "ENV_Test_proba_accuracy_strategy_107_epoch3": 0.8220412075780698, "ENV_Test_proba_accuracy_strategy_43_epoch3": 0.7626256992878508, "ENV_Test_proba_accuracy_strategy_17_epoch3": 0.7406813909722354, "ENV_Test_proba_accuracy_strategy_93_epoch3": 0.7725959394868444, "ENV_Test_proba_accuracy_per_mean_strategy_epoch3": 0.7808756793869135, "ENV_Test_proba_accuracy_per_mean_user_epoch3": 0.7809931065409731, "ENV_Test_proba_accuracy_per_mean_user_and_bot_epoch3": 0.7986876592550177, "ENV_Test_accuracy_epoch3": 0.818368, "ENV_Test_accuracy_strategy_132_epoch3": 0.8589235127478754, "ENV_Test_accuracy_strategy_23_epoch3": 0.8271126191630311, "ENV_Test_accuracy_strategy_107_epoch3": 0.8702791461412152, "ENV_Test_accuracy_strategy_43_epoch3": 0.80470737913486, "ENV_Test_accuracy_strategy_17_epoch3": 0.7838021778584392, "ENV_Test_accuracy_strategy_93_epoch3": 0.833641404805915, "ENV_Test_accuracy_per_mean_strategy_epoch3": 0.829744373308556, "ENV_Test_accuracy_per_mean_user_epoch3": 0.8275839618865592, "ENV_Test_accuracy_per_mean_user_and_bot_epoch3": 0.8461274975506738, "ENV_Train_TotalLoss_epoch4": 747.2827861118545, "ENV_Train_Right action_epoch4": 0.8483717679944095, "ENV_Train_Probability to choose the right action_epoch4": 0.7882141499529653, "ENV_Train_Weighted right action_epoch4": 0.8483717679944095, "ENV_Train_Weighted probability to choose the right action:_epoch4": 0.7882141499529653, "ENV_Test_TotalLoss_epoch4": 219.69054808857032, "ENV_Test_Right action_epoch4": 0.81984, "ENV_Test_Probability to choose the right action_epoch4": 0.7738611850097523, "ENV_Test_Weighted right action_epoch4": 0.8468097583417329, "ENV_Test_Weighted probability to choose the right action:_epoch4": 0.8040658158915053, "ENV_Test_proba_accuracy_epoch4": 0.773861185009752, "ENV_Test_proba_accuracy_strategy_132_epoch4": 0.8159110751463023, "ENV_Test_proba_accuracy_strategy_23_epoch4": 0.7785489925481993, "ENV_Test_proba_accuracy_strategy_107_epoch4": 0.8314816980836043, "ENV_Test_proba_accuracy_strategy_43_epoch4": 0.7682897528854313, "ENV_Test_proba_accuracy_strategy_17_epoch4": 0.7434848030145521, "ENV_Test_proba_accuracy_strategy_93_epoch4": 0.7778682032406528, "ENV_Test_proba_accuracy_per_mean_strategy_epoch4": 0.7859307541531236, "ENV_Test_proba_accuracy_per_mean_user_epoch4": 0.7846789372792602, "ENV_Test_proba_accuracy_per_mean_user_and_bot_epoch4": 0.8040658158915058, "ENV_Test_accuracy_epoch4": 0.81984, "ENV_Test_accuracy_strategy_132_epoch4": 0.8521246458923513, "ENV_Test_accuracy_strategy_23_epoch4": 0.8277589271287769, "ENV_Test_accuracy_strategy_107_epoch4": 0.8784893267651889, "ENV_Test_accuracy_strategy_43_epoch4": 0.8110687022900763, "ENV_Test_accuracy_strategy_17_epoch4": 0.7892468239564429, "ENV_Test_accuracy_strategy_93_epoch4": 0.8262476894639557, "ENV_Test_accuracy_per_mean_strategy_epoch4": 0.830822685916132, "ENV_Test_accuracy_per_mean_user_epoch4": 0.8282071855741711, "ENV_Test_accuracy_per_mean_user_and_bot_epoch4": 0.8468097583417336, "ENV_Train_TotalLoss_epoch5": 702.4104797234788, "ENV_Train_Right action_epoch5": 0.858818266959281, "ENV_Train_Probability to choose the right action_epoch5": 0.8011754409016968, "ENV_Train_Weighted right action_epoch5": 0.858818266959281, "ENV_Train_Weighted probability to choose the right action:_epoch5": 0.8011754409016968, "ENV_Test_TotalLoss_epoch5": 230.467843244632, "ENV_Test_Right action_epoch5": 0.819968, "ENV_Test_Probability to choose the right action_epoch5": 0.7808631836577627, "ENV_Test_Weighted right action_epoch5": 0.8469473215118959, "ENV_Test_Weighted probability to choose the right action:_epoch5": 0.8085625450432142, "ENV_Test_proba_accuracy_epoch5": 0.7808631836577631, "ENV_Test_proba_accuracy_strategy_132_epoch5": 0.8200003343464706, "ENV_Test_proba_accuracy_strategy_23_epoch5": 0.7881493285871, "ENV_Test_proba_accuracy_strategy_107_epoch5": 0.8368012804430419, "ENV_Test_proba_accuracy_strategy_43_epoch5": 0.772862048624242, "ENV_Test_proba_accuracy_strategy_17_epoch5": 0.7491843317389941, "ENV_Test_proba_accuracy_strategy_93_epoch5": 0.7845423339860064, "ENV_Test_proba_accuracy_per_mean_strategy_epoch5": 0.7919232762876424, "ENV_Test_proba_accuracy_per_mean_user_epoch5": 0.7904792157856533, "ENV_Test_proba_accuracy_per_mean_user_and_bot_epoch5": 0.8085625450432147, "ENV_Test_accuracy_epoch5": 0.819968, "ENV_Test_accuracy_strategy_132_epoch5": 0.856657223796034, "ENV_Test_accuracy_strategy_23_epoch5": 0.8296978510260139, "ENV_Test_accuracy_strategy_107_epoch5": 0.8719211822660099, "ENV_Test_accuracy_strategy_43_epoch5": 0.8091603053435115, "ENV_Test_accuracy_strategy_17_epoch5": 0.7876588021778584, "ENV_Test_accuracy_strategy_93_epoch5": 0.822550831792976, "ENV_Test_accuracy_per_mean_strategy_epoch5": 0.8296076994004008, "ENV_Test_accuracy_per_mean_user_epoch5": 0.8283607566703679, "ENV_Test_accuracy_per_mean_user_and_bot_epoch5": 0.846947321511896, "ENV_Train_TotalLoss_epoch6": 666.8604114344191, "ENV_Train_Right action_epoch6": 0.8660796645702306, "ENV_Train_Probability to choose the right action_epoch6": 0.8124080447139921, "ENV_Train_Weighted right action_epoch6": 0.8660796645702306, "ENV_Train_Weighted probability to choose the right action:_epoch6": 0.8124080447139921, "ENV_Test_TotalLoss_epoch6": 262.68966203573797, "ENV_Test_Right action_epoch6": 0.818304, "ENV_Test_Probability to choose the right action_epoch6": 0.7891046305796213, "ENV_Test_Weighted right action_epoch6": 0.8437654253224822, "ENV_Test_Weighted probability to choose the right action:_epoch6": 0.8153745735787301, "ENV_Test_proba_accuracy_epoch6": 0.7891046305796211, "ENV_Test_proba_accuracy_strategy_132_epoch6": 0.8243334296737086, "ENV_Test_proba_accuracy_strategy_23_epoch6": 0.7974003387742638, "ENV_Test_proba_accuracy_strategy_107_epoch6": 0.8449335936789478, "ENV_Test_proba_accuracy_strategy_43_epoch6": 0.7837562469044754, "ENV_Test_proba_accuracy_strategy_17_epoch6": 0.7578512456815629, "ENV_Test_proba_accuracy_strategy_93_epoch6": 0.7878585795840317, "ENV_Test_proba_accuracy_per_mean_strategy_epoch6": 0.7993555723828317, "ENV_Test_proba_accuracy_per_mean_user_epoch6": 0.798542824721591, "ENV_Test_proba_accuracy_per_mean_user_and_bot_epoch6": 0.8153745735787302, "ENV_Test_accuracy_epoch6": 0.818304, "ENV_Test_accuracy_strategy_132_epoch6": 0.8475920679886686, "ENV_Test_accuracy_strategy_23_epoch6": 0.827435773145904, "ENV_Test_accuracy_strategy_107_epoch6": 0.8752052545155994, "ENV_Test_accuracy_strategy_43_epoch6": 0.8091603053435115, "ENV_Test_accuracy_strategy_17_epoch6": 0.7901542649727767, "ENV_Test_accuracy_strategy_93_epoch6": 0.8142329020332717, "ENV_Test_accuracy_per_mean_strategy_epoch6": 0.8272967613332886, "ENV_Test_accuracy_per_mean_user_epoch6": 0.8274050862475734, "ENV_Test_accuracy_per_mean_user_and_bot_epoch6": 0.8437654253224821, "ENV_Train_TotalLoss_epoch7": 625.4669850379149, "ENV_Train_Right action_epoch7": 0.8758176329177615, "ENV_Train_Probability to choose the right action_epoch7": 0.8245812178003152, "ENV_Train_Weighted right action_epoch7": 0.8758176329177615, "ENV_Train_Weighted probability to choose the right action:_epoch7": 0.8245812178003152, "ENV_Test_TotalLoss_epoch7": 276.20406311936415, "ENV_Test_Right action_epoch7": 0.812864, "ENV_Test_Probability to choose the right action_epoch7": 0.7847708876825746, "ENV_Test_Weighted right action_epoch7": 0.8374034572961786, "ENV_Test_Weighted probability to choose the right action:_epoch7": 0.8121765660810409, "ENV_Test_proba_accuracy_epoch7": 0.784770887682575, "ENV_Test_proba_accuracy_strategy_132_epoch7": 0.8235897914806037, "ENV_Test_proba_accuracy_strategy_23_epoch7": 0.7909319483054101, "ENV_Test_proba_accuracy_strategy_107_epoch7": 0.8410522158179137, "ENV_Test_proba_accuracy_strategy_43_epoch7": 0.7773588260781613, "ENV_Test_proba_accuracy_strategy_17_epoch7": 0.7544170478015623, "ENV_Test_proba_accuracy_strategy_93_epoch7": 0.7889575686483528, "ENV_Test_proba_accuracy_per_mean_strategy_epoch7": 0.7960512330220008, "ENV_Test_proba_accuracy_per_mean_user_epoch7": 0.7951029638895498, "ENV_Test_proba_accuracy_per_mean_user_and_bot_epoch7": 0.8121765660810415, "ENV_Test_accuracy_epoch7": 0.812864, "ENV_Test_accuracy_strategy_132_epoch7": 0.8498583569405099, "ENV_Test_accuracy_strategy_23_epoch7": 0.8212958474713201, "ENV_Test_accuracy_strategy_107_epoch7": 0.8653530377668309, "ENV_Test_accuracy_strategy_43_epoch7": 0.7970737913486005, "ENV_Test_accuracy_strategy_17_epoch7": 0.7831215970961888, "ENV_Test_accuracy_strategy_93_epoch7": 0.8188539741219963, "ENV_Test_accuracy_per_mean_strategy_epoch7": 0.8225927674575745, "ENV_Test_accuracy_per_mean_user_epoch7": 0.8220335638702418, "ENV_Test_accuracy_per_mean_user_and_bot_epoch7": 0.8374034572961804, "ENV_Train_TotalLoss_epoch8": 573.8666100141195, "ENV_Train_Right action_epoch8": 0.8856168499909153, "ENV_Train_Probability to choose the right action_epoch8": 0.8387369721430576, "ENV_Train_Weighted right action_epoch8": 0.8856168499909153, "ENV_Train_Weighted probability to choose the right action:_epoch8": 0.8387369721430576, "ENV_Test_TotalLoss_epoch8": 296.16859547115956, "ENV_Test_Right action_epoch8": 0.810304, "ENV_Test_Probability to choose the right action_epoch8": 0.7840227339866978, "ENV_Test_Weighted right action_epoch8": 0.8342266738803974, "ENV_Test_Weighted probability to choose the right action:_epoch8": 0.8099853089415037, "ENV_Test_proba_accuracy_epoch8": 0.7840227339866974, "ENV_Test_proba_accuracy_strategy_132_epoch8": 0.8174294993436951, "ENV_Test_proba_accuracy_strategy_23_epoch8": 0.7917347990605947, "ENV_Test_proba_accuracy_strategy_107_epoch8": 0.8349805620161973, "ENV_Test_proba_accuracy_strategy_43_epoch8": 0.7747394775851807, "ENV_Test_proba_accuracy_strategy_17_epoch8": 0.7544410883988284, "ENV_Test_proba_accuracy_strategy_93_epoch8": 0.7907352514978757, "ENV_Test_proba_accuracy_per_mean_strategy_epoch8": 0.7940101129837287, "ENV_Test_proba_accuracy_per_mean_user_epoch8": 0.7921340784044045, "ENV_Test_proba_accuracy_per_mean_user_and_bot_epoch8": 0.809985308941504, "ENV_Test_accuracy_epoch8": 0.810304, "ENV_Test_accuracy_strategy_132_epoch8": 0.8407932011331445, "ENV_Test_accuracy_strategy_23_epoch8": 0.8195185005655194, "ENV_Test_accuracy_strategy_107_epoch8": 0.8587848932676518, "ENV_Test_accuracy_strategy_43_epoch8": 0.7938931297709924, "ENV_Test_accuracy_strategy_17_epoch8": 0.7810798548094374, "ENV_Test_accuracy_strategy_93_epoch8": 0.8234750462107209, "ENV_Test_accuracy_per_mean_strategy_epoch8": 0.8195907709595777, "ENV_Test_accuracy_per_mean_user_epoch8": 0.8164950184490006, "ENV_Test_accuracy_per_mean_user_and_bot_epoch8": 0.834226673880398, "ENV_Train_TotalLoss_epoch9": 535.6224153438405, "ENV_Train_Right action_epoch9": 0.8939533713518953, "ENV_Train_Probability to choose the right action_epoch9": 0.8500617831432152, "ENV_Train_Weighted right action_epoch9": 0.8939533713518953, "ENV_Train_Weighted probability to choose the right action:_epoch9": 0.8500617831432152, "ENV_Test_TotalLoss_epoch9": 301.4085845260038, "ENV_Test_Right action_epoch9": 0.806976, "ENV_Test_Probability to choose the right action_epoch9": 0.7801063750759564, "ENV_Test_Weighted right action_epoch9": 0.8326986607966496, "ENV_Test_Weighted probability to choose the right action:_epoch9": 0.8065458782522993, "ENV_Test_proba_accuracy_epoch9": 0.7801063750759564, "ENV_Test_proba_accuracy_strategy_132_epoch9": 0.8189587938578521, "ENV_Test_proba_accuracy_strategy_23_epoch9": 0.7885432520678562, "ENV_Test_proba_accuracy_strategy_107_epoch9": 0.827648845480862, "ENV_Test_proba_accuracy_strategy_43_epoch9": 0.7740625535893253, "ENV_Test_proba_accuracy_strategy_17_epoch9": 0.7476672006703743, "ENV_Test_proba_accuracy_strategy_93_epoch9": 0.7826470893340768, "ENV_Test_proba_accuracy_per_mean_strategy_epoch9": 0.7899212891667244, "ENV_Test_proba_accuracy_per_mean_user_epoch9": 0.7887783853196755, "ENV_Test_proba_accuracy_per_mean_user_and_bot_epoch9": 0.8065458782522994, "ENV_Test_accuracy_epoch9": 0.806976, "ENV_Test_accuracy_strategy_132_epoch9": 0.8373937677053824, "ENV_Test_accuracy_strategy_23_epoch9": 0.8180643076425917, "ENV_Test_accuracy_strategy_107_epoch9": 0.8538587848932676, "ENV_Test_accuracy_strategy_43_epoch9": 0.7958015267175572, "ENV_Test_accuracy_strategy_17_epoch9": 0.7747277676950998, "ENV_Test_accuracy_strategy_93_epoch9": 0.8151571164510166, "ENV_Test_accuracy_per_mean_strategy_epoch9": 0.8158338785174859, "ENV_Test_accuracy_per_mean_user_epoch9": 0.8154046739568122, "ENV_Test_accuracy_per_mean_user_and_bot_epoch9": 0.8326986607966498, "ENV_Train_TotalLoss_epoch10": 495.40552588442523, "ENV_Train_Right action_epoch10": 0.9029151992844765, "ENV_Train_Probability to choose the right action_epoch10": 0.8619938531997784, "ENV_Train_Weighted right action_epoch10": 0.9029151992844765, "ENV_Train_Weighted probability to choose the right action:_epoch10": 0.8619938531997784, "ENV_Test_TotalLoss_epoch10": 361.46677195558544, "ENV_Test_Right action_epoch10": 0.808704, "ENV_Test_Probability to choose the right action_epoch10": 0.787998170286989, "ENV_Test_Weighted right action_epoch10": 0.8322038329779715, "ENV_Test_Weighted probability to choose the right action:_epoch10": 0.81112736575669, "ENV_Test_proba_accuracy_epoch10": 0.7879981702869888, "ENV_Test_proba_accuracy_strategy_132_epoch10": 0.8202015206779151, "ENV_Test_proba_accuracy_strategy_23_epoch10": 0.7983929358907997, "ENV_Test_proba_accuracy_strategy_107_epoch10": 0.8357585559830274, "ENV_Test_proba_accuracy_strategy_43_epoch10": 0.7767074298778738, "ENV_Test_proba_accuracy_strategy_17_epoch10": 0.7575791987087338, "ENV_Test_proba_accuracy_strategy_93_epoch10": 0.7894562830311846, "ENV_Test_proba_accuracy_per_mean_strategy_epoch10": 0.7963493206949224, "ENV_Test_proba_accuracy_per_mean_user_epoch10": 0.7957373674341263, "ENV_Test_proba_accuracy_per_mean_user_and_bot_epoch10": 0.8111273657566902, "ENV_Test_accuracy_epoch10": 0.808704, "ENV_Test_accuracy_strategy_132_epoch10": 0.8362606232294617, "ENV_Test_accuracy_strategy_23_epoch10": 0.8214574244627565, "ENV_Test_accuracy_strategy_107_epoch10": 0.8604269293924466, "ENV_Test_accuracy_strategy_43_epoch10": 0.7932569974554707, "ENV_Test_accuracy_strategy_17_epoch10": 0.779491833030853, "ENV_Test_accuracy_strategy_93_epoch10": 0.8031423290203327, "ENV_Test_accuracy_per_mean_strategy_epoch10": 0.8156726894318869, "ENV_Test_accuracy_per_mean_user_epoch10": 0.8171059074790864, "ENV_Test_accuracy_per_mean_user_and_bot_epoch10": 0.8322038329779717, "ENV_Train_TotalLoss_epoch11": 456.4529338951091, "ENV_Train_Right action_epoch11": 0.9123525465421815, "ENV_Train_Probability to choose the right action_epoch11": 0.8739697087761998, "ENV_Train_Weighted right action_epoch11": 0.9123525465421815, "ENV_Train_Weighted probability to choose the right action:_epoch11": 0.8739697087761998, "ENV_Test_TotalLoss_epoch11": 373.1983348306343, "ENV_Test_Right action_epoch11": 0.804928, "ENV_Test_Probability to choose the right action_epoch11": 0.7882208925730081, "ENV_Test_Weighted right action_epoch11": 0.8300853647855885, "ENV_Test_Weighted probability to choose the right action:_epoch11": 0.8137930802038168, "ENV_Test_proba_accuracy_epoch11": 0.788220892573009, "ENV_Test_proba_accuracy_strategy_132_epoch11": 0.8272297141643312, "ENV_Test_proba_accuracy_strategy_23_epoch11": 0.7975334500039044, "ENV_Test_proba_accuracy_strategy_107_epoch11": 0.8380338915133974, "ENV_Test_proba_accuracy_strategy_43_epoch11": 0.777640618696367, "ENV_Test_proba_accuracy_strategy_17_epoch11": 0.7560892934401344, "ENV_Test_proba_accuracy_strategy_93_epoch11": 0.7895574684589612, "ENV_Test_proba_accuracy_per_mean_strategy_epoch11": 0.797680739379516, "ENV_Test_proba_accuracy_per_mean_user_epoch11": 0.7977793215796524, "ENV_Test_proba_accuracy_per_mean_user_and_bot_epoch11": 0.8137930802038165, "ENV_Test_accuracy_epoch11": 0.804928, "ENV_Test_accuracy_strategy_132_epoch11": 0.8424929178470255, "ENV_Test_accuracy_strategy_23_epoch11": 0.8179027306511553, "ENV_Test_accuracy_strategy_107_epoch11": 0.8505747126436781, "ENV_Test_accuracy_strategy_43_epoch11": 0.7926208651399491, "ENV_Test_accuracy_strategy_17_epoch11": 0.7697368421052632, "ENV_Test_accuracy_strategy_93_epoch11": 0.8049907578558225, "ENV_Test_accuracy_per_mean_strategy_epoch11": 0.8130531377071492, "ENV_Test_accuracy_per_mean_user_epoch11": 0.8151836915240436, "ENV_Test_accuracy_per_mean_user_and_bot_epoch11": 0.830085364785589, "ENV_Train_TotalLoss_epoch12": 416.71776872737775, "ENV_Train_Right action_epoch12": 0.9195901937215218, "ENV_Train_Probability to choose the right action_epoch12": 0.8848721788826953, "ENV_Train_Weighted right action_epoch12": 0.9195901937215218, "ENV_Train_Weighted probability to choose the right action:_epoch12": 0.8848721788826953, "ENV_Test_TotalLoss_epoch12": 372.97644033559453, "ENV_Test_Right action_epoch12": 0.803712, "ENV_Test_Probability to choose the right action_epoch12": 0.787539039321339, "ENV_Test_Weighted right action_epoch12": 0.8253231724979067, "ENV_Test_Weighted probability to choose the right action:_epoch12": 0.8109777750442245, "ENV_Test_proba_accuracy_epoch12": 0.7875390393213401, "ENV_Test_proba_accuracy_strategy_132_epoch12": 0.8233347247816506, "ENV_Test_proba_accuracy_strategy_23_epoch12": 0.7982703360895169, "ENV_Test_proba_accuracy_strategy_107_epoch12": 0.8313795257016716, "ENV_Test_proba_accuracy_strategy_43_epoch12": 0.7807813612943361, "ENV_Test_proba_accuracy_strategy_17_epoch12": 0.7553416058181633, "ENV_Test_proba_accuracy_strategy_93_epoch12": 0.7840779672318173, "ENV_Test_proba_accuracy_per_mean_strategy_epoch12": 0.7955309201528592, "ENV_Test_proba_accuracy_per_mean_user_epoch12": 0.7962940054296139, "ENV_Test_proba_accuracy_per_mean_user_and_bot_epoch12": 0.8109777750442249, "ENV_Test_accuracy_epoch12": 0.803712, "ENV_Test_accuracy_strategy_132_epoch12": 0.8373937677053824, "ENV_Test_accuracy_strategy_23_epoch12": 0.8193569235740831, "ENV_Test_accuracy_strategy_107_epoch12": 0.8390804597701149, "ENV_Test_accuracy_strategy_43_epoch12": 0.7926208651399491, "ENV_Test_accuracy_strategy_17_epoch12": 0.7704174228675136, "ENV_Test_accuracy_strategy_93_epoch12": 0.7911275415896488, "ENV_Test_accuracy_per_mean_strategy_epoch12": 0.808332830107782, "ENV_Test_accuracy_per_mean_user_epoch12": 0.8134971453516391, "ENV_Test_accuracy_per_mean_user_and_bot_epoch12": 0.8253231724979068, "ENV_Train_TotalLoss_epoch13": 378.7020097845144, "ENV_Train_Right action_epoch13": 0.9273123750681447, "ENV_Train_Probability to choose the right action_epoch13": 0.8956191750986997, "ENV_Train_Weighted right action_epoch13": 0.9273123750681447, "ENV_Train_Weighted probability to choose the right action:_epoch13": 0.8956191750986997, "ENV_Test_TotalLoss_epoch13": 414.07941656828376, "ENV_Test_Right action_epoch13": 0.803392, "ENV_Test_Probability to choose the right action_epoch13": 0.790248114956427, "ENV_Test_Weighted right action_epoch13": 0.8265904035474272, "ENV_Test_Weighted probability to choose the right action:_epoch13": 0.8141782240065815, "ENV_Test_proba_accuracy_epoch13": 0.7902481149564267, "ENV_Test_proba_accuracy_strategy_132_epoch13": 0.8234443528792301, "ENV_Test_proba_accuracy_strategy_23_epoch13": 0.8012377715449026, "ENV_Test_proba_accuracy_strategy_107_epoch13": 0.8338289823688239, "ENV_Test_proba_accuracy_strategy_43_epoch13": 0.7831294519009009, "ENV_Test_proba_accuracy_strategy_17_epoch13": 0.7579583626473969, "ENV_Test_proba_accuracy_strategy_93_epoch13": 0.7905962422092135, "ENV_Test_proba_accuracy_per_mean_strategy_epoch13": 0.7983658605917446, "ENV_Test_proba_accuracy_per_mean_user_epoch13": 0.7988297585676156, "ENV_Test_proba_accuracy_per_mean_user_and_bot_epoch13": 0.814178224006582, "ENV_Test_accuracy_epoch13": 0.803392, "ENV_Test_accuracy_strategy_132_epoch13": 0.8345609065155808, "ENV_Test_accuracy_strategy_23_epoch13": 0.8169332687025368, "ENV_Test_accuracy_strategy_107_epoch13": 0.8456486042692939, "ENV_Test_accuracy_strategy_43_epoch13": 0.794529262086514, "ENV_Test_accuracy_strategy_17_epoch13": 0.7717785843920145, "ENV_Test_accuracy_strategy_93_epoch13": 0.7929759704251387, "ENV_Test_accuracy_per_mean_strategy_epoch13": 0.8094044327318465, "ENV_Test_accuracy_per_mean_user_epoch13": 0.8120240153402954, "ENV_Test_accuracy_per_mean_user_and_bot_epoch13": 0.8265904035474264, "ENV_Train_TotalLoss_epoch14": 347.4911584086509, "ENV_Train_Right action_epoch14": 0.9347586110528889, "ENV_Train_Probability to choose the right action_epoch14": 0.9054467829007529, "ENV_Train_Weighted right action_epoch14": 0.9347586110528889, "ENV_Train_Weighted probability to choose the right action:_epoch14": 0.9054467829007529, "ENV_Test_TotalLoss_epoch14": 461.49975228421175, "ENV_Test_Right action_epoch14": 0.799552, "ENV_Test_Probability to choose the right action_epoch14": 0.7880274822803114, "ENV_Test_Weighted right action_epoch14": 0.8283087664612117, "ENV_Test_Weighted probability to choose the right action:_epoch14": 0.8167609163862823, "ENV_Test_proba_accuracy_epoch14": 0.7880274822803105, "ENV_Test_proba_accuracy_strategy_132_epoch14": 0.8176850067050472, "ENV_Test_proba_accuracy_strategy_23_epoch14": 0.7972493320445877, "ENV_Test_proba_accuracy_strategy_107_epoch14": 0.8387359651812551, "ENV_Test_proba_accuracy_strategy_43_epoch14": 0.7813313736840694, "ENV_Test_proba_accuracy_strategy_17_epoch14": 0.7563559277644624, "ENV_Test_proba_accuracy_strategy_93_epoch14": 0.7971157171524937, "ENV_Test_proba_accuracy_per_mean_strategy_epoch14": 0.7980788870886526, "ENV_Test_proba_accuracy_per_mean_user_epoch14": 0.7966799522218787, "ENV_Test_proba_accuracy_per_mean_user_and_bot_epoch14": 0.8167609163862819, "ENV_Test_accuracy_epoch14": 0.799552, "ENV_Test_accuracy_strategy_132_epoch14": 0.8243626062322946, "ENV_Test_accuracy_strategy_23_epoch14": 0.8101470350622071, "ENV_Test_accuracy_strategy_107_epoch14": 0.8522167487684729, "ENV_Test_accuracy_strategy_43_epoch14": 0.789440203562341, "ENV_Test_accuracy_strategy_17_epoch14": 0.7688294010889292, "ENV_Test_accuracy_strategy_93_epoch14": 0.8086876155268022, "ENV_Test_accuracy_per_mean_strategy_epoch14": 0.8089472683735077, "ENV_Test_accuracy_per_mean_user_epoch14": 0.807028086542818, "ENV_Test_accuracy_per_mean_user_and_bot_epoch14": 0.8283087664612121, "ENV_Train_TotalLoss_epoch15": 314.6559472755754, "ENV_Train_Right action_epoch15": 0.9404800178923385, "ENV_Train_Probability to choose the right action_epoch15": 0.9147358074914788, "ENV_Train_Weighted right action_epoch15": 0.9404800178923385, "ENV_Train_Weighted probability to choose the right action:_epoch15": 0.9147358074914788, "ENV_Test_TotalLoss_epoch15": 479.2742095431856, "ENV_Test_Right action_epoch15": 0.799488, "ENV_Test_Probability to choose the right action_epoch15": 0.7904394131007281, "ENV_Test_Weighted right action_epoch15": 0.8262737213397415, "ENV_Test_Weighted probability to choose the right action:_epoch15": 0.8182942640639361, "ENV_Test_proba_accuracy_epoch15": 0.7904394131007274, "ENV_Test_proba_accuracy_strategy_132_epoch15": 0.8194616995068418, "ENV_Test_proba_accuracy_strategy_23_epoch15": 0.7995610117107089, "ENV_Test_proba_accuracy_strategy_107_epoch15": 0.8366238642570673, "ENV_Test_proba_accuracy_strategy_43_epoch15": 0.7882268184293605, "ENV_Test_proba_accuracy_strategy_17_epoch15": 0.7579618007295469, "ENV_Test_proba_accuracy_strategy_93_epoch15": 0.8004535296417383, "ENV_Test_proba_accuracy_per_mean_strategy_epoch15": 0.8003814540458772, "ENV_Test_proba_accuracy_per_mean_user_epoch15": 0.8001606058623002, "ENV_Test_proba_accuracy_per_mean_user_and_bot_epoch15": 0.8182942640639358, "ENV_Test_accuracy_epoch15": 0.799488, "ENV_Test_accuracy_strategy_132_epoch15": 0.8254957507082153, "ENV_Test_accuracy_strategy_23_epoch15": 0.8107933430279528, "ENV_Test_accuracy_strategy_107_epoch15": 0.8407224958949097, "ENV_Test_accuracy_strategy_43_epoch15": 0.799618320610687, "ENV_Test_accuracy_strategy_17_epoch15": 0.7647459165154264, "ENV_Test_accuracy_strategy_93_epoch15": 0.8105360443622921, "ENV_Test_accuracy_per_mean_strategy_epoch15": 0.8086519785199139, "ENV_Test_accuracy_per_mean_user_epoch15": 0.8088448490995657, "ENV_Test_accuracy_per_mean_user_and_bot_epoch15": 0.8262737213397413, "ENV_Train_TotalLoss_epoch16": 292.5718757937246, "ENV_Train_Right action_epoch16": 0.9449686193930753, "ENV_Train_Probability to choose the right action_epoch16": 0.9213007489244633, "ENV_Train_Weighted right action_epoch16": 0.9449686193930753, "ENV_Train_Weighted probability to choose the right action:_epoch16": 0.9213007489244633, "ENV_Test_TotalLoss_epoch16": 488.6693929282113, "ENV_Test_Right action_epoch16": 0.800896, "ENV_Test_Probability to choose the right action_epoch16": 0.7916268103677606, "ENV_Test_Weighted right action_epoch16": 0.828385341875, "ENV_Test_Weighted probability to choose the right action:_epoch16": 0.8195203551583993, "ENV_Test_proba_accuracy_epoch16": 0.7916268103677607, "ENV_Test_proba_accuracy_strategy_132_epoch16": 0.8241211796612362, "ENV_Test_proba_accuracy_strategy_23_epoch16": 0.8023751017830264, "ENV_Test_proba_accuracy_strategy_107_epoch16": 0.8487985781945104, "ENV_Test_proba_accuracy_strategy_43_epoch16": 0.7812896469323257, "ENV_Test_proba_accuracy_strategy_17_epoch16": 0.7576296464861794, "ENV_Test_proba_accuracy_strategy_93_epoch16": 0.7984827949629177, "ENV_Test_proba_accuracy_per_mean_strategy_epoch16": 0.8021161580033661, "ENV_Test_proba_accuracy_per_mean_user_epoch16": 0.8006946623456458, "ENV_Test_proba_accuracy_per_mean_user_and_bot_epoch16": 0.8195203551583987, "ENV_Test_accuracy_epoch16": 0.800896, "ENV_Test_accuracy_strategy_132_epoch16": 0.831728045325779, "ENV_Test_accuracy_strategy_23_epoch16": 0.8125706899337535, "ENV_Test_accuracy_strategy_107_epoch16": 0.8587848932676518, "ENV_Test_accuracy_strategy_43_epoch16": 0.7843511450381679, "ENV_Test_accuracy_strategy_17_epoch16": 0.7683756805807622, "ENV_Test_accuracy_strategy_93_epoch16": 0.8077634011090573, "ENV_Test_accuracy_per_mean_strategy_epoch16": 0.8105956425425286, "ENV_Test_accuracy_per_mean_user_epoch16": 0.8101191253939556, "ENV_Test_accuracy_per_mean_user_and_bot_epoch16": 0.8283853418750011, "ENV_Train_TotalLoss_epoch17": 264.7191874136923, "ENV_Train_Right action_epoch17": 0.9522917569437649, "ENV_Train_Probability to choose the right action_epoch17": 0.929491451949305, "ENV_Train_Weighted right action_epoch17": 0.9522917569437649, "ENV_Train_Weighted probability to choose the right action:_epoch17": 0.929491451949305, "ENV_Test_TotalLoss_epoch17": 608.9199401782755, "ENV_Test_Right action_epoch17": 0.79456, "ENV_Test_Probability to choose the right action_epoch17": 0.7888460293953362, "ENV_Test_Weighted right action_epoch17": 0.8232438250747471, "ENV_Test_Weighted probability to choose the right action:_epoch17": 0.8174171451962968, "ENV_Test_proba_accuracy_epoch17": 0.7888460293953351, "ENV_Test_proba_accuracy_strategy_132_epoch17": 0.8295368904925821, "ENV_Test_proba_accuracy_strategy_23_epoch17": 0.7976567437722001, "ENV_Test_proba_accuracy_strategy_107_epoch17": 0.8389780368472866, "ENV_Test_proba_accuracy_strategy_43_epoch17": 0.7849264154816078, "ENV_Test_proba_accuracy_strategy_17_epoch17": 0.7517926157817872, "ENV_Test_proba_accuracy_strategy_93_epoch17": 0.8005038913432102, "ENV_Test_proba_accuracy_per_mean_strategy_epoch17": 0.800565765619779, "ENV_Test_proba_accuracy_per_mean_user_epoch17": 0.7975133329493463, "ENV_Test_proba_accuracy_per_mean_user_and_bot_epoch17": 0.817417145196298, "ENV_Test_accuracy_epoch17": 0.79456, "ENV_Test_accuracy_strategy_132_epoch17": 0.8356940509915014, "ENV_Test_accuracy_strategy_23_epoch17": 0.8041686863790596, "ENV_Test_accuracy_strategy_107_epoch17": 0.8472906403940886, "ENV_Test_accuracy_strategy_43_epoch17": 0.794529262086514, "ENV_Test_accuracy_strategy_17_epoch17": 0.7540834845735027, "ENV_Test_accuracy_strategy_93_epoch17": 0.8077634011090573, "ENV_Test_accuracy_per_mean_strategy_epoch17": 0.8072549209222872, "ENV_Test_accuracy_per_mean_user_epoch17": 0.8030415488998539, "ENV_Test_accuracy_per_mean_user_and_bot_epoch17": 0.823243825074748, "ENV_Train_TotalLoss_epoch18": 245.68367605622745, "ENV_Train_Right action_epoch18": 0.9549977638640429, "ENV_Train_Probability to choose the right action_epoch18": 0.9346765504648411, "ENV_Train_Weighted right action_epoch18": 0.9549977638640429, "ENV_Train_Weighted probability to choose the right action:_epoch18": 0.9346765504648411, "ENV_Test_TotalLoss_epoch18": 578.2561033330421, "ENV_Test_Right action_epoch18": 0.793152, "ENV_Test_Probability to choose the right action_epoch18": 0.7865997286908804, "ENV_Test_Weighted right action_epoch18": 0.8240206959518169, "ENV_Test_Weighted probability to choose the right action:_epoch18": 0.8168059397043012, "ENV_Test_proba_accuracy_epoch18": 0.7865997286908807, "ENV_Test_proba_accuracy_strategy_132_epoch18": 0.8211913111121626, "ENV_Test_proba_accuracy_strategy_23_epoch18": 0.7956351434585288, "ENV_Test_proba_accuracy_strategy_107_epoch18": 0.8355527972287247, "ENV_Test_proba_accuracy_strategy_43_epoch18": 0.7860109505276195, "ENV_Test_proba_accuracy_strategy_17_epoch18": 0.7529900309877372, "ENV_Test_proba_accuracy_strategy_93_epoch18": 0.7887165152324885, "ENV_Test_proba_accuracy_per_mean_strategy_epoch18": 0.7966827914245435, "ENV_Test_proba_accuracy_per_mean_user_epoch18": 0.7969361162863141, "ENV_Test_proba_accuracy_per_mean_user_and_bot_epoch18": 0.8168059397043009, "ENV_Test_accuracy_epoch18": 0.793152, "ENV_Test_accuracy_strategy_132_epoch18": 0.8288951841359773, "ENV_Test_accuracy_strategy_23_epoch18": 0.8020681854903862, "ENV_Test_accuracy_strategy_107_epoch18": 0.8407224958949097, "ENV_Test_accuracy_strategy_43_epoch18": 0.7926208651399491, "ENV_Test_accuracy_strategy_17_epoch18": 0.7608892921960072, "ENV_Test_accuracy_strategy_93_epoch18": 0.789279112754159, "ENV_Test_accuracy_per_mean_strategy_epoch18": 0.8024125226018981, "ENV_Test_accuracy_per_mean_user_epoch18": 0.8034735539512239, "ENV_Test_accuracy_per_mean_user_and_bot_epoch18": 0.8240206959518179, "ENV_Train_TotalLoss_epoch19": 226.19835390839287, "ENV_Train_Right action_epoch19": 0.9595471065138385, "ENV_Train_Probability to choose the right action_epoch19": 0.9408618329623769, "ENV_Train_Weighted right action_epoch19": 0.9595471065138385, "ENV_Train_Weighted probability to choose the right action:_epoch19": 0.9408618329623769, "ENV_Test_TotalLoss_epoch19": 540.7236449788334, "ENV_Test_Right action_epoch19": 0.794112, "ENV_Test_Probability to choose the right action_epoch19": 0.7857144543204381, "ENV_Test_Weighted right action_epoch19": 0.8257544786202949, "ENV_Test_Weighted probability to choose the right action:_epoch19": 0.8156609718730995, "ENV_Test_proba_accuracy_epoch19": 0.7857144543204382, "ENV_Test_proba_accuracy_strategy_132_epoch19": 0.8191100332269601, "ENV_Test_proba_accuracy_strategy_23_epoch19": 0.7963156869419203, "ENV_Test_proba_accuracy_strategy_107_epoch19": 0.8331761728137116, "ENV_Test_proba_accuracy_strategy_43_epoch19": 0.783360952330263, "ENV_Test_proba_accuracy_strategy_17_epoch19": 0.7478585332515164, "ENV_Test_proba_accuracy_strategy_93_epoch19": 0.8015279415418736, "ENV_Test_proba_accuracy_per_mean_strategy_epoch19": 0.7968915533510409, "ENV_Test_proba_accuracy_per_mean_user_epoch19": 0.7948138496775357, "ENV_Test_proba_accuracy_per_mean_user_and_bot_epoch19": 0.8156609718731, "ENV_Test_accuracy_epoch19": 0.794112, "ENV_Test_accuracy_strategy_132_epoch19": 0.8294617563739377, "ENV_Test_accuracy_strategy_23_epoch19": 0.8036839554047503, "ENV_Test_accuracy_strategy_107_epoch19": 0.8390804597701149, "ENV_Test_accuracy_strategy_43_epoch19": 0.7919847328244275, "ENV_Test_accuracy_strategy_17_epoch19": 0.7572595281306715, "ENV_Test_accuracy_strategy_93_epoch19": 0.8096118299445472, "ENV_Test_accuracy_per_mean_strategy_epoch19": 0.8051803770747415, "ENV_Test_accuracy_per_mean_user_epoch19": 0.8038299004408794, "ENV_Test_accuracy_per_mean_user_and_bot_epoch19": 0.8257544786202957, "ENV_Train_TotalLoss_epoch20": 209.5327016456935, "ENV_Train_Right action_epoch20": 0.9628506338313604, "ENV_Train_Probability to choose the right action_epoch20": 0.9450506634933306, "ENV_Train_Weighted right action_epoch20": 0.9628506338313604, "ENV_Train_Weighted probability to choose the right action:_epoch20": 0.9450506634933306, "ENV_Test_TotalLoss_epoch20": 658.2573190617148, "ENV_Test_Right action_epoch20": 0.79616, "ENV_Test_Probability to choose the right action_epoch20": 0.7918081455616875, "ENV_Test_Weighted right action_epoch20": 0.8238365112537793, "ENV_Test_Weighted probability to choose the right action:_epoch20": 0.8191312627759867, "ENV_Test_proba_accuracy_epoch20": 0.7918081455616872, "ENV_Test_proba_accuracy_strategy_132_epoch20": 0.827607961606049, "ENV_Test_proba_accuracy_strategy_23_epoch20": 0.8000904000701543, "ENV_Test_proba_accuracy_strategy_107_epoch20": 0.8405837034850194, "ENV_Test_proba_accuracy_strategy_43_epoch20": 0.7838981468341375, "ENV_Test_proba_accuracy_strategy_17_epoch20": 0.7593809555281104, "ENV_Test_proba_accuracy_strategy_93_epoch20": 0.802181258705128, "ENV_Test_proba_accuracy_per_mean_strategy_epoch20": 0.8022904043714331, "ENV_Test_proba_accuracy_per_mean_user_epoch20": 0.8007957164965573, "ENV_Test_proba_accuracy_per_mean_user_and_bot_epoch20": 0.819131262775987, "ENV_Test_accuracy_epoch20": 0.79616, "ENV_Test_accuracy_strategy_132_epoch20": 0.828328611898017, "ENV_Test_accuracy_strategy_23_epoch20": 0.8049765713362417, "ENV_Test_accuracy_strategy_107_epoch20": 0.8423645320197044, "ENV_Test_accuracy_strategy_43_epoch20": 0.7888040712468194, "ENV_Test_accuracy_strategy_17_epoch20": 0.7642921960072595, "ENV_Test_accuracy_strategy_93_epoch20": 0.8077634011090573, "ENV_Test_accuracy_per_mean_strategy_epoch20": 0.80608823060285, "ENV_Test_accuracy_per_mean_user_epoch20": 0.8056670138874493, "ENV_Test_accuracy_per_mean_user_and_bot_epoch20": 0.8238365112537795, "ENV_Train_TotalLoss_epoch21": 201.40910532885113, "ENV_Train_Right action_epoch21": 0.9639593057380027, "ENV_Train_Probability to choose the right action_epoch21": 0.9475793840207539, "ENV_Train_Weighted right action_epoch21": 0.9639593057380027, "ENV_Train_Weighted probability to choose the right action:_epoch21": 0.9475793840207539, "ENV_Test_TotalLoss_epoch21": 632.1762809538149, "ENV_Test_Right action_epoch21": 0.792576, "ENV_Test_Probability to choose the right action_epoch21": 0.785379375211793, "ENV_Test_Weighted right action_epoch21": 0.8193631565961942, "ENV_Test_Weighted probability to choose the right action:_epoch21": 0.812122956230502, "ENV_Test_proba_accuracy_epoch21": 0.7853793752117921, "ENV_Test_proba_accuracy_strategy_132_epoch21": 0.8195902469431375, "ENV_Test_proba_accuracy_strategy_23_epoch21": 0.7972284626261816, "ENV_Test_proba_accuracy_strategy_107_epoch21": 0.8325050945294185, "ENV_Test_proba_accuracy_strategy_43_epoch21": 0.7776896543496208, "ENV_Test_proba_accuracy_strategy_17_epoch21": 0.7490651571300967, "ENV_Test_proba_accuracy_strategy_93_epoch21": 0.7943863630320609, "ENV_Test_proba_accuracy_per_mean_strategy_epoch21": 0.795077496435086, "ENV_Test_proba_accuracy_per_mean_user_epoch21": 0.7944509898952757, "ENV_Test_proba_accuracy_per_mean_user_and_bot_epoch21": 0.8121229562305023, "ENV_Test_accuracy_epoch21": 0.792576, "ENV_Test_accuracy_strategy_132_epoch21": 0.8226628895184136, "ENV_Test_accuracy_strategy_23_epoch21": 0.8038455323961868, "ENV_Test_accuracy_strategy_107_epoch21": 0.8390804597701149, "ENV_Test_accuracy_strategy_43_epoch21": 0.7888040712468194, "ENV_Test_accuracy_strategy_17_epoch21": 0.7570326678765881, "ENV_Test_accuracy_strategy_93_epoch21": 0.8031423290203327, "ENV_Test_accuracy_per_mean_strategy_epoch21": 0.8024279916380759, "ENV_Test_accuracy_per_mean_user_epoch21": 0.802145648300368, "ENV_Test_accuracy_per_mean_user_and_bot_epoch21": 0.8193631565961949, "ENV_Train_TotalLoss_epoch22": 182.42550483902974, "ENV_Train_Right action_epoch22": 0.9687591730616011, "ENV_Train_Probability to choose the right action_epoch22": 0.9532770424236908, "ENV_Train_Weighted right action_epoch22": 0.9687591730616011, "ENV_Train_Weighted probability to choose the right action:_epoch22": 0.9532770424236908, "ENV_Test_TotalLoss_epoch22": 639.5654663420479, "ENV_Test_Right action_epoch22": 0.79456, "ENV_Test_Probability to choose the right action_epoch22": 0.7884307697194869, "ENV_Test_Weighted right action_epoch22": 0.8195319045252462, "ENV_Test_Weighted probability to choose the right action:_epoch22": 0.8119256661515633, "ENV_Test_proba_accuracy_epoch22": 0.788430769719487, "ENV_Test_proba_accuracy_strategy_132_epoch22": 0.8188564013934431, "ENV_Test_proba_accuracy_strategy_23_epoch22": 0.7993768116127108, "ENV_Test_proba_accuracy_strategy_107_epoch22": 0.8442569901604572, "ENV_Test_proba_accuracy_strategy_43_epoch22": 0.7792701894709653, "ENV_Test_proba_accuracy_strategy_17_epoch22": 0.7556598497360388, "ENV_Test_proba_accuracy_strategy_93_epoch22": 0.7915825127947843, "ENV_Test_proba_accuracy_per_mean_strategy_epoch22": 0.7981671258613999, "ENV_Test_proba_accuracy_per_mean_user_epoch22": 0.7939375599320152, "ENV_Test_proba_accuracy_per_mean_user_and_bot_epoch22": 0.8119256661515631, "ENV_Test_accuracy_epoch22": 0.79456, "ENV_Test_accuracy_strategy_132_epoch22": 0.8232294617563739, "ENV_Test_accuracy_strategy_23_epoch22": 0.8041686863790596, "ENV_Test_accuracy_strategy_107_epoch22": 0.8620689655172413, "ENV_Test_accuracy_strategy_43_epoch22": 0.7843511450381679, "ENV_Test_accuracy_strategy_17_epoch22": 0.7638384754990926, "ENV_Test_accuracy_strategy_93_epoch22": 0.7948243992606284, "ENV_Test_accuracy_per_mean_strategy_epoch22": 0.8054135222417607, "ENV_Test_accuracy_per_mean_user_epoch22": 0.8000001113098257, "ENV_Test_accuracy_per_mean_user_and_bot_epoch22": 0.8195319045252465, "ENV_Train_TotalLoss_epoch23": 180.3695099407223, "ENV_Train_Right action_epoch23": 0.9691273479427549, "ENV_Train_Probability to choose the right action_epoch23": 0.9537172373901964, "ENV_Train_Weighted right action_epoch23": 0.9691273479427549, "ENV_Train_Weighted probability to choose the right action:_epoch23": 0.9537172373901964, "ENV_Test_TotalLoss_epoch23": 708.5458963332401, "ENV_Test_Right action_epoch23": 0.789824, "ENV_Test_Probability to choose the right action_epoch23": 0.7869730807951312, "ENV_Test_Weighted right action_epoch23": 0.822909832399537, "ENV_Test_Weighted probability to choose the right action:_epoch23": 0.8202714298042315, "ENV_Test_proba_accuracy_epoch23": 0.7869730807951318, "ENV_Test_proba_accuracy_strategy_132_epoch23": 0.8259403689426762, "ENV_Test_proba_accuracy_strategy_23_epoch23": 0.7917352504660614, "ENV_Test_proba_accuracy_strategy_107_epoch23": 0.8452812762816667, "ENV_Test_proba_accuracy_strategy_43_epoch23": 0.7795428737586986, "ENV_Test_proba_accuracy_strategy_17_epoch23": 0.7546787787197012, "ENV_Test_proba_accuracy_strategy_93_epoch23": 0.8057101845702435, "ENV_Test_proba_accuracy_per_mean_strategy_epoch23": 0.800481455456508, "ENV_Test_proba_accuracy_per_mean_user_epoch23": 0.7965244275536683, "ENV_Test_proba_accuracy_per_mean_user_and_bot_epoch23": 0.8202714298042321, "ENV_Test_accuracy_epoch23": 0.789824, "ENV_Test_accuracy_strategy_132_epoch23": 0.826628895184136, "ENV_Test_accuracy_strategy_23_epoch23": 0.7956051058329294, "ENV_Test_accuracy_strategy_107_epoch23": 0.8489326765188834, "ENV_Test_accuracy_strategy_43_epoch23": 0.7824427480916031, "ENV_Test_accuracy_strategy_17_epoch23": 0.7570326678765881, "ENV_Test_accuracy_strategy_93_epoch23": 0.8077634011090573, "ENV_Test_accuracy_per_mean_strategy_epoch23": 0.8030675824355328, "ENV_Test_accuracy_per_mean_user_epoch23": 0.800000912169036, "ENV_Test_accuracy_per_mean_user_and_bot_epoch23": 0.8229098323995384, "ENV_Train_TotalLoss_epoch24": 167.7843335460958, "ENV_Train_Right action_epoch24": 0.9713335290089032, "ENV_Train_Probability to choose the right action_epoch24": 0.9572483215549676, "ENV_Train_Weighted right action_epoch24": 0.9713335290089032, "ENV_Train_Weighted probability to choose the right action:_epoch24": 0.9572483215549676, "ENV_Test_TotalLoss_epoch24": 735.0992937780286, "ENV_Test_Right action_epoch24": 0.797632, "ENV_Test_Probability to choose the right action_epoch24": 0.7927065916640021, "ENV_Test_Weighted right action_epoch24": 0.8326263053458716, "ENV_Test_Weighted probability to choose the right action:_epoch24": 0.8263677934630924, "ENV_Test_proba_accuracy_epoch24": 0.7927065916640011, "ENV_Test_proba_accuracy_strategy_132_epoch24": 0.830105557677508, "ENV_Test_proba_accuracy_strategy_23_epoch24": 0.8019323732692535, "ENV_Test_proba_accuracy_strategy_107_epoch24": 0.8644749473332523, "ENV_Test_proba_accuracy_strategy_43_epoch24": 0.7893898474093957, "ENV_Test_proba_accuracy_strategy_17_epoch24": 0.7554859244946408, "ENV_Test_proba_accuracy_strategy_93_epoch24": 0.7949876978372541, "ENV_Test_proba_accuracy_per_mean_strategy_epoch24": 0.8060627246702174, "ENV_Test_proba_accuracy_per_mean_user_epoch24": 0.8028239510086612, "ENV_Test_proba_accuracy_per_mean_user_and_bot_epoch24": 0.8263677934630934, "ENV_Test_accuracy_epoch24": 0.797632, "ENV_Test_accuracy_strategy_132_epoch24": 0.8322946175637393, "ENV_Test_accuracy_strategy_23_epoch24": 0.8070770722249152, "ENV_Test_accuracy_strategy_107_epoch24": 0.8735632183908046, "ENV_Test_accuracy_strategy_43_epoch24": 0.7958015267175572, "ENV_Test_accuracy_strategy_17_epoch24": 0.7602087114337568, "ENV_Test_accuracy_strategy_93_epoch24": 0.7994454713493531, "ENV_Test_accuracy_per_mean_strategy_epoch24": 0.8113984362800212, "ENV_Test_accuracy_per_mean_user_epoch24": 0.8079452737517724, "ENV_Test_accuracy_per_mean_user_and_bot_epoch24": 0.8326263053458722, "_wandb": {"runtime": 2751}}