{"ENV_Train_TotalLoss": 1005.5798599474174, "ENV_Train_TotalLoss_epoch0": 1206.2137346248412, "ENV_Train_Right action": 0.7928961825018521, "ENV_Train_Right action_epoch0": 0.740681211477449, "ENV_Train_Probability to choose the right action": 0.714726052176407, "ENV_Train_Probability to choose the right action_epoch0": 0.6455446006315119, "ENV_Train_Weighted right action": 0.7928961825018521, "ENV_Train_Weighted right action_epoch0": 0.740681211477449, "ENV_Train_Weighted probability to choose the right action:": 0.714726052176407, "ENV_Train_Weighted probability to choose the right action:_epoch0": 0.6455446006315119, "_timestamp": 1720487948.910898, "_runtime": 2703.3325340747833, "_step": 49, "ENV_Test_TotalLoss": 231.920132367389, "ENV_Test_TotalLoss_epoch0": 252.56325944908377, "ENV_Test_Right action": 0.7744, "ENV_Test_Right action_epoch0": 0.758656, "ENV_Test_Probability to choose the right action": 0.712743455494636, "ENV_Test_Probability to choose the right action_epoch0": 0.7003071294455284, "ENV_Test_Weighted right action": 0.8295948440222032, "ENV_Test_Weighted right action_epoch0": 0.8178534708354143, "ENV_Test_Weighted probability to choose the right action:": 0.7636817306150707, "ENV_Test_Weighted probability to choose the right action:_epoch0": 0.7517319625097857, "ENV_Test_proba_accuracy": 0.7127434554946362, "ENV_Test_proba_accuracy_epoch0": 0.700307129445529, "ENV_Test_proba_accuracy_strategy_132": 0.7738738547960893, "ENV_Test_proba_accuracy_strategy_132_epoch0": 0.7571197508886747, "ENV_Test_proba_accuracy_strategy_23": 0.7031233580102755, "ENV_Test_proba_accuracy_strategy_23_epoch0": 0.6894268463314976, "ENV_Test_proba_accuracy_strategy_107": 0.8082074595101455, "ENV_Test_proba_accuracy_strategy_107_epoch0": 0.7821833673090136, "ENV_Test_proba_accuracy_strategy_43": 0.7320702179492887, "ENV_Test_proba_accuracy_strategy_43_epoch0": 0.7178563702263676, "ENV_Test_proba_accuracy_strategy_17": 0.6789711738448876, "ENV_Test_proba_accuracy_strategy_17_epoch0": 0.6714519091090684, "ENV_Test_proba_accuracy_strategy_93": 0.723827186595909, "ENV_Test_proba_accuracy_strategy_93_epoch0": 0.7158409290965148, "ENV_Test_proba_accuracy_per_mean_strategy": 0.7366788751177659, "ENV_Test_proba_accuracy_per_mean_strategy_epoch0": 0.7223131954935228, "ENV_Test_proba_accuracy_per_mean_user": 0.7297555773919763, "ENV_Test_proba_accuracy_per_mean_user_epoch0": 0.717569076642054, "ENV_Test_proba_accuracy_per_mean_user_and_bot": 0.7636817306150715, "ENV_Test_proba_accuracy_per_mean_user_and_bot_epoch0": 0.7517319625097861, "ENV_Test_accuracy": 0.7744, "ENV_Test_accuracy_epoch0": 0.758656, "ENV_Test_accuracy_strategy_132": 0.8419263456090652, "ENV_Test_accuracy_strategy_132_epoch0": 0.8186968838526912, "ENV_Test_accuracy_strategy_23": 0.7628049765713363, "ENV_Test_accuracy_strategy_23_epoch0": 0.7490709322992406, "ENV_Test_accuracy_strategy_107": 0.8702791461412152, "ENV_Test_accuracy_strategy_107_epoch0": 0.8637110016420362, "ENV_Test_accuracy_strategy_43": 0.806615776081425, "ENV_Test_accuracy_strategy_43_epoch0": 0.7824427480916031, "ENV_Test_accuracy_strategy_17": 0.7395644283121597, "ENV_Test_accuracy_strategy_17_epoch0": 0.7189201451905626, "ENV_Test_accuracy_strategy_93": 0.7717190388170055, "ENV_Test_accuracy_strategy_93_epoch0": 0.7837338262476895, "ENV_Test_accuracy_per_mean_strategy": 0.7988182852553679, "ENV_Test_accuracy_per_mean_strategy_epoch0": 0.7860959228873039, "ENV_Test_accuracy_per_mean_user": 0.7935535667691134, "ENV_Test_accuracy_per_mean_user_epoch0": 0.7766640846742818, "ENV_Test_accuracy_per_mean_user_and_bot": 0.829594844022204, "ENV_Test_accuracy_per_mean_user_and_bot_epoch0": 0.8178534708354134, "ENV_Train_TotalLoss_epoch1": 1057.1905496088102, "ENV_Train_Right action_epoch1": 0.7821596769009321, "ENV_Train_Probability to choose the right action_epoch1": 0.6985002248193771, "ENV_Train_Weighted right action_epoch1": 0.7821596769009321, "ENV_Train_Weighted probability to choose the right action:_epoch1": 0.6985002248193771, "ENV_Test_TotalLoss_epoch1": 236.15805293415679, "ENV_Test_Right action_epoch1": 0.767104, "ENV_Test_Probability to choose the right action_epoch1": 0.7131384533559072, "ENV_Test_Weighted right action_epoch1": 0.8238751859841584, "ENV_Test_Weighted probability to choose the right action:_epoch1": 0.7612623216363043, "ENV_Test_proba_accuracy_epoch1": 0.7131384533559065, "ENV_Test_proba_accuracy_strategy_132_epoch1": 0.7641751080226674, "ENV_Test_proba_accuracy_strategy_23_epoch1": 0.7087280412963566, "ENV_Test_proba_accuracy_strategy_107_epoch1": 0.7944185829706196, "ENV_Test_proba_accuracy_strategy_43_epoch1": 0.7234156810758153, "ENV_Test_proba_accuracy_strategy_17_epoch1": 0.6807551514269011, "ENV_Test_proba_accuracy_strategy_93_epoch1": 0.7263607627290288, "ENV_Test_proba_accuracy_per_mean_strategy_epoch1": 0.7329755545868982, "ENV_Test_proba_accuracy_per_mean_user_epoch1": 0.7298765321225246, "ENV_Test_proba_accuracy_per_mean_user_and_bot_epoch1": 0.7612623216363049, "ENV_Test_accuracy_epoch1": 0.767104, "ENV_Test_accuracy_strategy_132_epoch1": 0.8192634560906515, "ENV_Test_accuracy_strategy_23_epoch1": 0.7615123606398448, "ENV_Test_accuracy_strategy_107_epoch1": 0.8620689655172413, "ENV_Test_accuracy_strategy_43_epoch1": 0.7792620865139949, "ENV_Test_accuracy_strategy_17_epoch1": 0.7304900181488203, "ENV_Test_accuracy_strategy_93_epoch1": 0.7920517560073937, "ENV_Test_accuracy_per_mean_strategy_epoch1": 0.7907747738196579, "ENV_Test_accuracy_per_mean_user_epoch1": 0.7875244965869714, "ENV_Test_accuracy_per_mean_user_and_bot_epoch1": 0.8238751859841587, "ENV_Train_TotalLoss_epoch2": 1021.0258572166578, "ENV_Train_Right action_epoch2": 0.7916526892541653, "ENV_Train_Probability to choose the right action_epoch2": 0.7105274913230812, "ENV_Train_Weighted right action_epoch2": 0.7916526892541653, "ENV_Train_Weighted probability to choose the right action:_epoch2": 0.7105274913230812, "ENV_Test_TotalLoss_epoch2": 230.7185896791251, "ENV_Test_Right action_epoch2": 0.770944, "ENV_Test_Probability to choose the right action_epoch2": 0.7142214892355881, "ENV_Test_Weighted right action_epoch2": 0.8292420378642171, "ENV_Test_Weighted probability to choose the right action:_epoch2": 0.7678087161848225, "ENV_Test_proba_accuracy_epoch2": 0.714221489235589, "ENV_Test_proba_accuracy_strategy_132_epoch2": 0.769915336744016, "ENV_Test_proba_accuracy_strategy_23_epoch2": 0.7088097746935406, "ENV_Test_proba_accuracy_strategy_107_epoch2": 0.7974868743292609, "ENV_Test_proba_accuracy_strategy_43_epoch2": 0.7328824738496817, "ENV_Test_proba_accuracy_strategy_17_epoch2": 0.6781724093871684, "ENV_Test_proba_accuracy_strategy_93_epoch2": 0.7272105068740382, "ENV_Test_proba_accuracy_per_mean_strategy_epoch2": 0.735746229312951, "ENV_Test_proba_accuracy_per_mean_user_epoch2": 0.7317277165813145, "ENV_Test_proba_accuracy_per_mean_user_and_bot_epoch2": 0.7678087161848236, "ENV_Test_accuracy_epoch2": 0.770944, "ENV_Test_accuracy_strategy_132_epoch2": 0.8243626062322946, "ENV_Test_accuracy_strategy_23_epoch2": 0.7679754402973017, "ENV_Test_accuracy_strategy_107_epoch2": 0.8538587848932676, "ENV_Test_accuracy_strategy_43_epoch2": 0.7951653944020356, "ENV_Test_accuracy_strategy_17_epoch2": 0.7298094373865699, "ENV_Test_accuracy_strategy_93_epoch2": 0.7865064695009242, "ENV_Test_accuracy_per_mean_strategy_epoch2": 0.7929463554520656, "ENV_Test_accuracy_per_mean_user_epoch2": 0.7905799725814209, "ENV_Test_accuracy_per_mean_user_and_bot_epoch2": 0.8292420378642175, "ENV_Train_TotalLoss_epoch3": 1005.5324026838696, "ENV_Train_Right action_epoch3": 0.7929969247973162, "ENV_Train_Probability to choose the right action_epoch3": 0.7148617157155532, "ENV_Train_Weighted right action_epoch3": 0.7929969247973162, "ENV_Train_Weighted probability to choose the right action:_epoch3": 0.7148617157155532, "ENV_Test_TotalLoss_epoch3": 227.14204427042839, "ENV_Test_Right action_epoch3": 0.769664, "ENV_Test_Probability to choose the right action_epoch3": 0.715585996483955, "ENV_Test_Weighted right action_epoch3": 0.8297608390962391, "ENV_Test_Weighted probability to choose the right action:_epoch3": 0.7665504283373109, "ENV_Test_proba_accuracy_epoch3": 0.7155859964839544, "ENV_Test_proba_accuracy_strategy_132_epoch3": 0.7642922767334357, "ENV_Test_proba_accuracy_strategy_23_epoch3": 0.7131397169675014, "ENV_Test_proba_accuracy_strategy_107_epoch3": 0.8068578818689411, "ENV_Test_proba_accuracy_strategy_43_epoch3": 0.7332223487203726, "ENV_Test_proba_accuracy_strategy_17_epoch3": 0.6777686352803491, "ENV_Test_proba_accuracy_strategy_93_epoch3": 0.727197312156208, "ENV_Test_proba_accuracy_per_mean_strategy_epoch3": 0.7370796952878013, "ENV_Test_proba_accuracy_per_mean_user_epoch3": 0.732674484810514, "ENV_Test_proba_accuracy_per_mean_user_and_bot_epoch3": 0.76655042833731, "ENV_Test_accuracy_epoch3": 0.769664, "ENV_Test_accuracy_strategy_132_epoch3": 0.8226628895184136, "ENV_Test_accuracy_strategy_23_epoch3": 0.7676522863144288, "ENV_Test_accuracy_strategy_107_epoch3": 0.8653530377668309, "ENV_Test_accuracy_strategy_43_epoch3": 0.7970737913486005, "ENV_Test_accuracy_strategy_17_epoch3": 0.7239110707803993, "ENV_Test_accuracy_strategy_93_epoch3": 0.7874306839186691, "ENV_Test_accuracy_per_mean_strategy_epoch3": 0.7940139599412236, "ENV_Test_accuracy_per_mean_user_epoch3": 0.7899627417439034, "ENV_Test_accuracy_per_mean_user_and_bot_epoch3": 0.8297608390962407, "ENV_Train_TotalLoss_epoch4": 999.2530734634163, "ENV_Train_Right action_epoch4": 0.7950768112498078, "ENV_Train_Probability to choose the right action_epoch4": 0.7172093516353046, "ENV_Train_Weighted right action_epoch4": 0.7950768112498078, "ENV_Train_Weighted probability to choose the right action:_epoch4": 0.7172093516353046, "ENV_Test_TotalLoss_epoch4": 226.29218990253867, "ENV_Test_Right action_epoch4": 0.769408, "ENV_Test_Probability to choose the right action_epoch4": 0.7054569415647999, "ENV_Test_Weighted right action_epoch4": 0.8279720299636755, "ENV_Test_Weighted probability to choose the right action:_epoch4": 0.7597107760080205, "ENV_Test_proba_accuracy_epoch4": 0.7054569415648005, "ENV_Test_proba_accuracy_strategy_132_epoch4": 0.7675671916525457, "ENV_Test_proba_accuracy_strategy_23_epoch4": 0.6973599706649648, "ENV_Test_proba_accuracy_strategy_107_epoch4": 0.7998357022113012, "ENV_Test_proba_accuracy_strategy_43_epoch4": 0.7213203810844708, "ENV_Test_proba_accuracy_strategy_17_epoch4": 0.6710957155792224, "ENV_Test_proba_accuracy_strategy_93_epoch4": 0.7142719632653561, "ENV_Test_proba_accuracy_per_mean_strategy_epoch4": 0.7285751540763101, "ENV_Test_proba_accuracy_per_mean_user_epoch4": 0.7234078211130421, "ENV_Test_proba_accuracy_per_mean_user_and_bot_epoch4": 0.7597107760080207, "ENV_Test_accuracy_epoch4": 0.769408, "ENV_Test_accuracy_strategy_132_epoch4": 0.8294617563739377, "ENV_Test_accuracy_strategy_23_epoch4": 0.7577960898368072, "ENV_Test_accuracy_strategy_107_epoch4": 0.8702791461412152, "ENV_Test_accuracy_strategy_43_epoch4": 0.787531806615776, "ENV_Test_accuracy_strategy_17_epoch4": 0.7361615245009074, "ENV_Test_accuracy_strategy_93_epoch4": 0.7902033271719039, "ENV_Test_accuracy_per_mean_strategy_epoch4": 0.7952389417734246, "ENV_Test_accuracy_per_mean_user_epoch4": 0.7904942903279819, "ENV_Test_accuracy_per_mean_user_and_bot_epoch4": 0.8279720299636761, "ENV_Train_TotalLoss_epoch5": 994.2104307190928, "ENV_Train_Right action_epoch5": 0.7976656415991054, "ENV_Train_Probability to choose the right action_epoch5": 0.7187390129545609, "ENV_Train_Weighted right action_epoch5": 0.7976656415991054, "ENV_Train_Weighted probability to choose the right action:_epoch5": 0.7187390129545609, "ENV_Test_TotalLoss_epoch5": 230.30321623689684, "ENV_Test_Right action_epoch5": 0.775808, "ENV_Test_Probability to choose the right action_epoch5": 0.7313175690511924, "ENV_Test_Weighted right action_epoch5": 0.8338535992313766, "ENV_Test_Weighted probability to choose the right action:_epoch5": 0.7838884479746908, "ENV_Test_proba_accuracy_epoch5": 0.7313175690511924, "ENV_Test_proba_accuracy_strategy_132_epoch5": 0.7916175046554963, "ENV_Test_proba_accuracy_strategy_23_epoch5": 0.7254827270864168, "ENV_Test_proba_accuracy_strategy_107_epoch5": 0.8224049843763017, "ENV_Test_proba_accuracy_strategy_43_epoch5": 0.7480654822186413, "ENV_Test_proba_accuracy_strategy_17_epoch5": 0.6953037888908737, "ENV_Test_proba_accuracy_strategy_93_epoch5": 0.7374462549041164, "ENV_Test_proba_accuracy_per_mean_strategy_epoch5": 0.7533867903553076, "ENV_Test_proba_accuracy_per_mean_user_epoch5": 0.7487710908533751, "ENV_Test_proba_accuracy_per_mean_user_and_bot_epoch5": 0.7838884479746913, "ENV_Test_accuracy_epoch5": 0.775808, "ENV_Test_accuracy_strategy_132_epoch5": 0.8368271954674221, "ENV_Test_accuracy_strategy_23_epoch5": 0.7705606721602843, "ENV_Test_accuracy_strategy_107_epoch5": 0.8768472906403941, "ENV_Test_accuracy_strategy_43_epoch5": 0.8002544529262087, "ENV_Test_accuracy_strategy_17_epoch5": 0.73502722323049, "ENV_Test_accuracy_strategy_93_epoch5": 0.7800369685767098, "ENV_Test_accuracy_per_mean_strategy_epoch5": 0.7999256338335848, "ENV_Test_accuracy_per_mean_user_epoch5": 0.7957236010585981, "ENV_Test_accuracy_per_mean_user_and_bot_epoch5": 0.8338535992313766, "ENV_Train_TotalLoss_epoch6": 985.7831014343406, "ENV_Train_Right action_epoch6": 0.7972585896128211, "ENV_Train_Probability to choose the right action_epoch6": 0.7216868790676984, "ENV_Train_Weighted right action_epoch6": 0.7972585896128211, "ENV_Train_Weighted probability to choose the right action:_epoch6": 0.7216868790676984, "ENV_Test_TotalLoss_epoch6": 225.06300880396145, "ENV_Test_Right action_epoch6": 0.777088, "ENV_Test_Probability to choose the right action_epoch6": 0.7233685374390483, "ENV_Test_Weighted right action_epoch6": 0.834431410483495, "ENV_Test_Weighted probability to choose the right action:_epoch6": 0.7788904728851617, "ENV_Test_proba_accuracy_epoch6": 0.7233685374390489, "ENV_Test_proba_accuracy_strategy_132_epoch6": 0.7861602062190989, "ENV_Test_proba_accuracy_strategy_23_epoch6": 0.7145278863153517, "ENV_Test_proba_accuracy_strategy_107_epoch6": 0.821615302455115, "ENV_Test_proba_accuracy_strategy_43_epoch6": 0.7434390587438897, "ENV_Test_proba_accuracy_strategy_17_epoch6": 0.6880393511883013, "ENV_Test_proba_accuracy_strategy_93_epoch6": 0.7309798202625966, "ENV_Test_proba_accuracy_per_mean_strategy_epoch6": 0.7474602708640589, "ENV_Test_proba_accuracy_per_mean_user_epoch6": 0.741261645889892, "ENV_Test_proba_accuracy_per_mean_user_and_bot_epoch6": 0.7788904728851619, "ENV_Test_accuracy_epoch6": 0.777088, "ENV_Test_accuracy_strategy_132_epoch6": 0.8294617563739377, "ENV_Test_accuracy_strategy_23_epoch6": 0.7707222491517208, "ENV_Test_accuracy_strategy_107_epoch6": 0.8768472906403941, "ENV_Test_accuracy_strategy_43_epoch6": 0.799618320610687, "ENV_Test_accuracy_strategy_17_epoch6": 0.7406987295825771, "ENV_Test_accuracy_strategy_93_epoch6": 0.7874306839186691, "ENV_Test_accuracy_per_mean_strategy_epoch6": 0.800796505046331, "ENV_Test_accuracy_per_mean_user_epoch6": 0.7964707167661557, "ENV_Test_accuracy_per_mean_user_and_bot_epoch6": 0.8344314104834945, "ENV_Train_TotalLoss_epoch7": 981.6174367738374, "ENV_Train_Right action_epoch7": 0.7983505731059547, "ENV_Train_Probability to choose the right action_epoch7": 0.7229611094703904, "ENV_Train_Weighted right action_epoch7": 0.7983505731059547, "ENV_Train_Weighted probability to choose the right action:_epoch7": 0.7229611094703904, "ENV_Test_TotalLoss_epoch7": 233.28490892413743, "ENV_Test_Right action_epoch7": 0.771264, "ENV_Test_Probability to choose the right action_epoch7": 0.7135447511074612, "ENV_Test_Weighted right action_epoch7": 0.8249383832944474, "ENV_Test_Weighted probability to choose the right action:_epoch7": 0.7672242042633661, "ENV_Test_proba_accuracy_epoch7": 0.7135447511074621, "ENV_Test_proba_accuracy_strategy_132_epoch7": 0.7743951469154716, "ENV_Test_proba_accuracy_strategy_23_epoch7": 0.7060185606277967, "ENV_Test_proba_accuracy_strategy_107_epoch7": 0.7987998771150902, "ENV_Test_proba_accuracy_strategy_43_epoch7": 0.7344621422680708, "ENV_Test_proba_accuracy_strategy_17_epoch7": 0.6786424826690722, "ENV_Test_proba_accuracy_strategy_93_epoch7": 0.7211467223743866, "ENV_Test_proba_accuracy_per_mean_strategy_epoch7": 0.7355774886616481, "ENV_Test_proba_accuracy_per_mean_user_epoch7": 0.7327897458939703, "ENV_Test_proba_accuracy_per_mean_user_and_bot_epoch7": 0.7672242042633665, "ENV_Test_accuracy_epoch7": 0.771264, "ENV_Test_accuracy_strategy_132_epoch7": 0.8311614730878187, "ENV_Test_accuracy_strategy_23_epoch7": 0.7626433995798998, "ENV_Test_accuracy_strategy_107_epoch7": 0.8620689655172413, "ENV_Test_accuracy_strategy_43_epoch7": 0.7977099236641222, "ENV_Test_accuracy_strategy_17_epoch7": 0.7382032667876588, "ENV_Test_accuracy_strategy_93_epoch7": 0.7680221811460258, "ENV_Test_accuracy_per_mean_strategy_epoch7": 0.7933015349637945, "ENV_Test_accuracy_per_mean_user_epoch7": 0.7917037919473853, "ENV_Test_accuracy_per_mean_user_and_bot_epoch7": 0.8249383832944478, "ENV_Train_TotalLoss_epoch8": 1000.6013086310301, "ENV_Train_Right action_epoch8": 0.795711550020268, "ENV_Train_Probability to choose the right action_epoch8": 0.7175409164444947, "ENV_Train_Weighted right action_epoch8": 0.795711550020268, "ENV_Train_Weighted probability to choose the right action:_epoch8": 0.7175409164444947, "ENV_Test_TotalLoss_epoch8": 231.0485950959365, "ENV_Test_Right action_epoch8": 0.771136, "ENV_Test_Probability to choose the right action_epoch8": 0.7146922543228375, "ENV_Test_Weighted right action_epoch8": 0.8284857686283214, "ENV_Test_Weighted probability to choose the right action:_epoch8": 0.7677280810280891, "ENV_Test_proba_accuracy_epoch8": 0.7146922543228367, "ENV_Test_proba_accuracy_strategy_132_epoch8": 0.7732436918086595, "ENV_Test_proba_accuracy_strategy_23_epoch8": 0.7051735499299352, "ENV_Test_proba_accuracy_strategy_107_epoch8": 0.8110192067438492, "ENV_Test_proba_accuracy_strategy_43_epoch8": 0.740110960778539, "ENV_Test_proba_accuracy_strategy_17_epoch8": 0.6798083225604505, "ENV_Test_proba_accuracy_strategy_93_epoch8": 0.7245952348783147, "ENV_Test_proba_accuracy_per_mean_strategy_epoch8": 0.7389918277832913, "ENV_Test_proba_accuracy_per_mean_user_epoch8": 0.7317100137136247, "ENV_Test_proba_accuracy_per_mean_user_and_bot_epoch8": 0.7677280810280889, "ENV_Test_accuracy_epoch8": 0.771136, "ENV_Test_accuracy_strategy_132_epoch8": 0.8294617563739377, "ENV_Test_accuracy_strategy_23_epoch8": 0.7618355146227177, "ENV_Test_accuracy_strategy_107_epoch8": 0.8719211822660099, "ENV_Test_accuracy_strategy_43_epoch8": 0.8008905852417303, "ENV_Test_accuracy_strategy_17_epoch8": 0.73502722323049, "ENV_Test_accuracy_strategy_93_epoch8": 0.7763401109057301, "ENV_Test_accuracy_per_mean_strategy_epoch8": 0.7959127287734359, "ENV_Test_accuracy_per_mean_user_epoch8": 0.7906108436045798, "ENV_Test_accuracy_per_mean_user_and_bot_epoch8": 0.828485768628321, "ENV_Train_TotalLoss_epoch9": 1002.1299954226596, "ENV_Train_Right action_epoch9": 0.7944485597282981, "ENV_Train_Probability to choose the right action_epoch9": 0.7157966462644935, "ENV_Train_Weighted right action_epoch9": 0.7944485597282981, "ENV_Train_Weighted probability to choose the right action:_epoch9": 0.7157966462644935, "ENV_Test_TotalLoss_epoch9": 230.63592611161766, "ENV_Test_Right action_epoch9": 0.76864, "ENV_Test_Probability to choose the right action_epoch9": 0.7161906572543233, "ENV_Test_Weighted right action_epoch9": 0.8267599274314972, "ENV_Test_Weighted probability to choose the right action:_epoch9": 0.7702231414965062, "ENV_Test_proba_accuracy_epoch9": 0.716190657254322, "ENV_Test_proba_accuracy_strategy_132_epoch9": 0.776445580249805, "ENV_Test_proba_accuracy_strategy_23_epoch9": 0.7073865596813698, "ENV_Test_proba_accuracy_strategy_107_epoch9": 0.803928795651446, "ENV_Test_proba_accuracy_strategy_43_epoch9": 0.740167322930077, "ENV_Test_proba_accuracy_strategy_17_epoch9": 0.6810570856608535, "ENV_Test_proba_accuracy_strategy_93_epoch9": 0.727173614416843, "ENV_Test_proba_accuracy_per_mean_strategy_epoch9": 0.7393598264317324, "ENV_Test_proba_accuracy_per_mean_user_epoch9": 0.7334843962239567, "ENV_Test_proba_accuracy_per_mean_user_and_bot_epoch9": 0.7702231414965061, "ENV_Test_accuracy_epoch9": 0.76864, "ENV_Test_accuracy_strategy_132_epoch9": 0.8249291784702549, "ENV_Test_accuracy_strategy_23_epoch9": 0.7610276296655356, "ENV_Test_accuracy_strategy_107_epoch9": 0.8653530377668309, "ENV_Test_accuracy_strategy_43_epoch9": 0.7989821882951654, "ENV_Test_accuracy_strategy_17_epoch9": 0.7311705989110708, "ENV_Test_accuracy_strategy_93_epoch9": 0.7744916820702403, "ENV_Test_accuracy_per_mean_strategy_epoch9": 0.7926590525298497, "ENV_Test_accuracy_per_mean_user_epoch9": 0.7894171661259254, "ENV_Test_accuracy_per_mean_user_and_bot_epoch9": 0.8267599274314981, "ENV_Train_TotalLoss_epoch10": 996.4425276472347, "ENV_Train_Right action_epoch10": 0.7953871959742801, "ENV_Train_Probability to choose the right action_epoch10": 0.7181990314894523, "ENV_Train_Weighted right action_epoch10": 0.7953871959742801, "ENV_Train_Weighted probability to choose the right action:_epoch10": 0.7181990314894523, "ENV_Test_TotalLoss_epoch10": 228.68834742264153, "ENV_Test_Right action_epoch10": 0.771904, "ENV_Test_Probability to choose the right action_epoch10": 0.721671931535412, "ENV_Test_Weighted right action_epoch10": 0.8292540977100673, "ENV_Test_Weighted probability to choose the right action:_epoch10": 0.7753293425927845, "ENV_Test_proba_accuracy_epoch10": 0.7216719315354116, "ENV_Test_proba_accuracy_strategy_132_epoch10": 0.778371365345522, "ENV_Test_proba_accuracy_strategy_23_epoch10": 0.7115724074340581, "ENV_Test_proba_accuracy_strategy_107_epoch10": 0.8104525490213618, "ENV_Test_proba_accuracy_strategy_43_epoch10": 0.74090939212892, "ENV_Test_proba_accuracy_strategy_17_epoch10": 0.6909230129541605, "ENV_Test_proba_accuracy_strategy_93_epoch10": 0.7343004001053266, "ENV_Test_proba_accuracy_per_mean_strategy_epoch10": 0.7444215211648917, "ENV_Test_proba_accuracy_per_mean_user_epoch10": 0.7389973181442274, "ENV_Test_proba_accuracy_per_mean_user_and_bot_epoch10": 0.7753293425927839, "ENV_Test_accuracy_epoch10": 0.771904, "ENV_Test_accuracy_strategy_132_epoch10": 0.8254957507082153, "ENV_Test_accuracy_strategy_23_epoch10": 0.7581192438196801, "ENV_Test_accuracy_strategy_107_epoch10": 0.8620689655172413, "ENV_Test_accuracy_strategy_43_epoch10": 0.7951653944020356, "ENV_Test_accuracy_strategy_17_epoch10": 0.7429673321234119, "ENV_Test_accuracy_strategy_93_epoch10": 0.7966728280961183, "ENV_Test_accuracy_per_mean_strategy_epoch10": 0.7967482524444506, "ENV_Test_accuracy_per_mean_user_epoch10": 0.7910774040262976, "ENV_Test_accuracy_per_mean_user_and_bot_epoch10": 0.829254097710068, "ENV_Train_TotalLoss_epoch11": 1002.6092369878082, "ENV_Train_Right action_epoch11": 0.7933324014537322, "ENV_Train_Probability to choose the right action_epoch11": 0.7156585532523875, "ENV_Train_Weighted right action_epoch11": 0.7933324014537322, "ENV_Train_Weighted probability to choose the right action:_epoch11": 0.7156585532523875, "ENV_Test_TotalLoss_epoch11": 234.467412147538, "ENV_Test_Right action_epoch11": 0.762176, "ENV_Test_Probability to choose the right action_epoch11": 0.7157260289566186, "ENV_Test_Weighted right action_epoch11": 0.8201573043868664, "ENV_Test_Weighted probability to choose the right action:_epoch11": 0.7686222187957298, "ENV_Test_proba_accuracy_epoch11": 0.7157260289566181, "ENV_Test_proba_accuracy_strategy_132_epoch11": 0.77827322216896, "ENV_Test_proba_accuracy_strategy_23_epoch11": 0.7064276042876353, "ENV_Test_proba_accuracy_strategy_107_epoch11": 0.8116323240713164, "ENV_Test_proba_accuracy_strategy_43_epoch11": 0.7362407040162607, "ENV_Test_proba_accuracy_strategy_17_epoch11": 0.6812361290216438, "ENV_Test_proba_accuracy_strategy_93_epoch11": 0.7236073877840739, "ENV_Test_proba_accuracy_per_mean_strategy_epoch11": 0.7395695618916482, "ENV_Test_proba_accuracy_per_mean_user_epoch11": 0.7332048083819979, "ENV_Test_proba_accuracy_per_mean_user_and_bot_epoch11": 0.7686222187957289, "ENV_Test_accuracy_epoch11": 0.762176, "ENV_Test_accuracy_strategy_132_epoch11": 0.8277620396600567, "ENV_Test_accuracy_strategy_23_epoch11": 0.7500403942478591, "ENV_Test_accuracy_strategy_107_epoch11": 0.8604269293924466, "ENV_Test_accuracy_strategy_43_epoch11": 0.8002544529262087, "ENV_Test_accuracy_strategy_17_epoch11": 0.7248185117967332, "ENV_Test_accuracy_strategy_93_epoch11": 0.7661737523105361, "ENV_Test_accuracy_per_mean_strategy_epoch11": 0.7882460133889734, "ENV_Test_accuracy_per_mean_user_epoch11": 0.7820657971649747, "ENV_Test_accuracy_per_mean_user_and_bot_epoch11": 0.8201573043868664, "ENV_Train_TotalLoss_epoch12": 997.9815793812627, "ENV_Train_Right action_epoch12": 0.7938919561115382, "ENV_Train_Probability to choose the right action_epoch12": 0.717110683538928, "ENV_Train_Weighted right action_epoch12": 0.7938919561115382, "ENV_Train_Weighted probability to choose the right action:_epoch12": 0.717110683538928, "ENV_Test_TotalLoss_epoch12": 229.12383901412522, "ENV_Test_Right action_epoch12": 0.767296, "ENV_Test_Probability to choose the right action_epoch12": 0.7165970878936454, "ENV_Test_Weighted right action_epoch12": 0.8261729531149435, "ENV_Test_Weighted probability to choose the right action:_epoch12": 0.7721421069167825, "ENV_Test_proba_accuracy_epoch12": 0.7165970878936448, "ENV_Test_proba_accuracy_strategy_132_epoch12": 0.7815700739139839, "ENV_Test_proba_accuracy_strategy_23_epoch12": 0.7076747583066454, "ENV_Test_proba_accuracy_strategy_107_epoch12": 0.8134883758210063, "ENV_Test_proba_accuracy_strategy_43_epoch12": 0.735984702164952, "ENV_Test_proba_accuracy_strategy_17_epoch12": 0.6816483406813014, "ENV_Test_proba_accuracy_strategy_93_epoch12": 0.7213225326420658, "ENV_Test_proba_accuracy_per_mean_strategy_epoch12": 0.7402814639216592, "ENV_Test_proba_accuracy_per_mean_user_epoch12": 0.7351625625830854, "ENV_Test_proba_accuracy_per_mean_user_and_bot_epoch12": 0.7721421069167838, "ENV_Test_accuracy_epoch12": 0.767296, "ENV_Test_accuracy_strategy_132_epoch12": 0.8311614730878187, "ENV_Test_accuracy_strategy_23_epoch12": 0.7605428986912264, "ENV_Test_accuracy_strategy_107_epoch12": 0.8686371100164204, "ENV_Test_accuracy_strategy_43_epoch12": 0.787531806615776, "ENV_Test_accuracy_strategy_17_epoch12": 0.7282214156079855, "ENV_Test_accuracy_strategy_93_epoch12": 0.7744916820702403, "ENV_Test_accuracy_per_mean_strategy_epoch12": 0.7917643976815779, "ENV_Test_accuracy_per_mean_user_epoch12": 0.7873088581444463, "ENV_Test_accuracy_per_mean_user_and_bot_epoch12": 0.826172953114943, "ENV_Train_TotalLoss_epoch13": 996.8290166676869, "ENV_Train_Right action_epoch13": 0.7954240509867502, "ENV_Train_Probability to choose the right action_epoch13": 0.7179768762682767, "ENV_Train_Weighted right action_epoch13": 0.7954240509867502, "ENV_Train_Weighted probability to choose the right action:_epoch13": 0.7179768762682767, "ENV_Test_TotalLoss_epoch13": 235.02110807305064, "ENV_Test_Right action_epoch13": 0.77024, "ENV_Test_Probability to choose the right action_epoch13": 0.7096717572257466, "ENV_Test_Weighted right action_epoch13": 0.8219125005669694, "ENV_Test_Weighted probability to choose the right action:_epoch13": 0.7638551148779625, "ENV_Test_proba_accuracy_epoch13": 0.7096717572257467, "ENV_Test_proba_accuracy_strategy_132_epoch13": 0.7774062509391696, "ENV_Test_proba_accuracy_strategy_23_epoch13": 0.6996218350782759, "ENV_Test_proba_accuracy_strategy_107_epoch13": 0.7951592873394415, "ENV_Test_proba_accuracy_strategy_43_epoch13": 0.731346204690309, "ENV_Test_proba_accuracy_strategy_17_epoch13": 0.6727232337571252, "ENV_Test_proba_accuracy_strategy_93_epoch13": 0.7275853810359659, "ENV_Test_proba_accuracy_per_mean_strategy_epoch13": 0.7339736988067145, "ENV_Test_proba_accuracy_per_mean_user_epoch13": 0.728232421586292, "ENV_Test_proba_accuracy_per_mean_user_and_bot_epoch13": 0.7638551148779636, "ENV_Test_accuracy_epoch13": 0.77024, "ENV_Test_accuracy_strategy_132_epoch13": 0.8305949008498583, "ENV_Test_accuracy_strategy_23_epoch13": 0.7660365164000646, "ENV_Test_accuracy_strategy_107_epoch13": 0.8440065681444991, "ENV_Test_accuracy_strategy_43_epoch13": 0.7900763358778626, "ENV_Test_accuracy_strategy_17_epoch13": 0.729355716878403, "ENV_Test_accuracy_strategy_93_epoch13": 0.7920517560073937, "ENV_Test_accuracy_per_mean_strategy_epoch13": 0.7920202990263469, "ENV_Test_accuracy_per_mean_user_epoch13": 0.788069199536443, "ENV_Test_accuracy_per_mean_user_and_bot_epoch13": 0.8219125005669691, "ENV_Train_TotalLoss_epoch14": 996.0618011597151, "ENV_Train_Right action_epoch14": 0.7942524879794253, "ENV_Train_Probability to choose the right action_epoch14": 0.717363406892167, "ENV_Train_Weighted right action_epoch14": 0.7942524879794253, "ENV_Train_Weighted probability to choose the right action:_epoch14": 0.717363406892167, "ENV_Test_TotalLoss_epoch14": 233.9281501571407, "ENV_Test_Right action_epoch14": 0.771776, "ENV_Test_Probability to choose the right action_epoch14": 0.7227274146087491, "ENV_Test_Weighted right action_epoch14": 0.8292779274231198, "ENV_Test_Weighted probability to choose the right action:_epoch14": 0.7764579670638792, "ENV_Test_proba_accuracy_epoch14": 0.7227274146087495, "ENV_Test_proba_accuracy_strategy_132_epoch14": 0.7837655065372369, "ENV_Test_proba_accuracy_strategy_23_epoch14": 0.7133843808728151, "ENV_Test_proba_accuracy_strategy_107_epoch14": 0.8198648200239278, "ENV_Test_proba_accuracy_strategy_43_epoch14": 0.7426765770680236, "ENV_Test_proba_accuracy_strategy_17_epoch14": 0.6878681560753128, "ENV_Test_proba_accuracy_strategy_93_epoch14": 0.7349590706803615, "ENV_Test_proba_accuracy_per_mean_strategy_epoch14": 0.7470864185429463, "ENV_Test_proba_accuracy_per_mean_user_epoch14": 0.7393859156891218, "ENV_Test_proba_accuracy_per_mean_user_and_bot_epoch14": 0.77645796706388, "ENV_Test_accuracy_epoch14": 0.771776, "ENV_Test_accuracy_strategy_132_epoch14": 0.8288951841359773, "ENV_Test_accuracy_strategy_23_epoch14": 0.7640975925028276, "ENV_Test_accuracy_strategy_107_epoch14": 0.8801313628899836, "ENV_Test_accuracy_strategy_43_epoch14": 0.794529262086514, "ENV_Test_accuracy_strategy_17_epoch14": 0.7334392014519057, "ENV_Test_accuracy_strategy_93_epoch14": 0.7846580406654344, "ENV_Test_accuracy_per_mean_strategy_epoch14": 0.7976251072887738, "ENV_Test_accuracy_per_mean_user_epoch14": 0.7884058140107791, "ENV_Test_accuracy_per_mean_user_and_bot_epoch14": 0.82927792742312, "ENV_Train_TotalLoss_epoch15": 997.7845182009075, "ENV_Train_Right action_epoch15": 0.7945316540628189, "ENV_Train_Probability to choose the right action_epoch15": 0.7171207417280824, "ENV_Train_Weighted right action_epoch15": 0.7945316540628189, "ENV_Train_Weighted probability to choose the right action:_epoch15": 0.7171207417280824, "ENV_Test_TotalLoss_epoch15": 229.59696067216072, "ENV_Test_Right action_epoch15": 0.769536, "ENV_Test_Probability to choose the right action_epoch15": 0.7183882111645041, "ENV_Test_Weighted right action_epoch15": 0.8230446712778108, "ENV_Test_Weighted probability to choose the right action:_epoch15": 0.7740650847817384, "ENV_Test_proba_accuracy_epoch15": 0.7183882111645048, "ENV_Test_proba_accuracy_strategy_132_epoch15": 0.7832659535932198, "ENV_Test_proba_accuracy_strategy_23_epoch15": 0.7072613891293708, "ENV_Test_proba_accuracy_strategy_107_epoch15": 0.8033598015441186, "ENV_Test_proba_accuracy_strategy_43_epoch15": 0.741892538909229, "ENV_Test_proba_accuracy_strategy_17_epoch15": 0.6845985038880226, "ENV_Test_proba_accuracy_strategy_93_epoch15": 0.7318847121881707, "ENV_Test_proba_accuracy_per_mean_strategy_epoch15": 0.7420438165420218, "ENV_Test_proba_accuracy_per_mean_user_epoch15": 0.7364286629458603, "ENV_Test_proba_accuracy_per_mean_user_and_bot_epoch15": 0.7740650847817384, "ENV_Test_accuracy_epoch15": 0.769536, "ENV_Test_accuracy_strategy_132_epoch15": 0.828328611898017, "ENV_Test_accuracy_strategy_23_epoch15": 0.766198093391501, "ENV_Test_accuracy_strategy_107_epoch15": 0.8604269293924466, "ENV_Test_accuracy_strategy_43_epoch15": 0.7881679389312977, "ENV_Test_accuracy_strategy_17_epoch15": 0.728448275862069, "ENV_Test_accuracy_strategy_93_epoch15": 0.7818853974121996, "ENV_Test_accuracy_per_mean_strategy_epoch15": 0.7922425411479218, "ENV_Test_accuracy_per_mean_user_epoch15": 0.7875217857351277, "ENV_Test_accuracy_per_mean_user_and_bot_epoch15": 0.8230446712778108, "ENV_Train_TotalLoss_epoch16": 997.8148687114049, "ENV_Train_Right action_epoch16": 0.7965194296896841, "ENV_Train_Probability to choose the right action_epoch16": 0.7184521575882015, "ENV_Train_Weighted right action_epoch16": 0.7965194296896841, "ENV_Train_Weighted probability to choose the right action:_epoch16": 0.7184521575882015, "ENV_Test_TotalLoss_epoch16": 234.2611839388005, "ENV_Test_Right action_epoch16": 0.77152, "ENV_Test_Probability to choose the right action_epoch16": 0.713624990009085, "ENV_Test_Weighted right action_epoch16": 0.8256177423762073, "ENV_Test_Weighted probability to choose the right action:_epoch16": 0.7642724137864231, "ENV_Test_proba_accuracy_epoch16": 0.7136249900090851, "ENV_Test_proba_accuracy_strategy_132_epoch16": 0.7706215515956607, "ENV_Test_proba_accuracy_strategy_23_epoch16": 0.7071314913563966, "ENV_Test_proba_accuracy_strategy_107_epoch16": 0.7958940991365605, "ENV_Test_proba_accuracy_strategy_43_epoch16": 0.7334380998292175, "ENV_Test_proba_accuracy_strategy_17_epoch16": 0.680190187089267, "ENV_Test_proba_accuracy_strategy_93_epoch16": 0.7189132036281788, "ENV_Test_proba_accuracy_per_mean_strategy_epoch16": 0.7343647721058802, "ENV_Test_proba_accuracy_per_mean_user_epoch16": 0.7300720756994852, "ENV_Test_proba_accuracy_per_mean_user_and_bot_epoch16": 0.7642724137864239, "ENV_Test_accuracy_epoch16": 0.77152, "ENV_Test_accuracy_strategy_132_epoch16": 0.8260623229461757, "ENV_Test_accuracy_strategy_23_epoch16": 0.767329132331556, "ENV_Test_accuracy_strategy_107_epoch16": 0.8653530377668309, "ENV_Test_accuracy_strategy_43_epoch16": 0.7919847328244275, "ENV_Test_accuracy_strategy_17_epoch16": 0.7329854809437386, "ENV_Test_accuracy_strategy_93_epoch16": 0.7809611829944547, "ENV_Test_accuracy_per_mean_strategy_epoch16": 0.7941126483011972, "ENV_Test_accuracy_per_mean_user_epoch16": 0.7884565314943636, "ENV_Test_accuracy_per_mean_user_and_bot_epoch16": 0.825617742376207, "ENV_Train_TotalLoss_epoch17": 993.6645670699488, "ENV_Train_Right action_epoch17": 0.7970254818915028, "ENV_Train_Probability to choose the right action_epoch17": 0.7186260318825275, "ENV_Train_Weighted right action_epoch17": 0.7970254818915028, "ENV_Train_Weighted probability to choose the right action:_epoch17": 0.7186260318825275, "ENV_Test_TotalLoss_epoch17": 242.06436478483204, "ENV_Test_Right action_epoch17": 0.762176, "ENV_Test_Probability to choose the right action_epoch17": 0.7118920294993151, "ENV_Test_Weighted right action_epoch17": 0.8197796414613491, "ENV_Test_Weighted probability to choose the right action:_epoch17": 0.7588829225538575, "ENV_Test_proba_accuracy_epoch17": 0.7118920294993147, "ENV_Test_proba_accuracy_strategy_132_epoch17": 0.7713505772525607, "ENV_Test_proba_accuracy_strategy_23_epoch17": 0.7060964858789667, "ENV_Test_proba_accuracy_strategy_107_epoch17": 0.7959027380106329, "ENV_Test_proba_accuracy_strategy_43_epoch17": 0.7266255109342965, "ENV_Test_proba_accuracy_strategy_17_epoch17": 0.6779010904759485, "ENV_Test_proba_accuracy_strategy_93_epoch17": 0.7178373045433718, "ENV_Test_proba_accuracy_per_mean_strategy_epoch17": 0.7326189511826295, "ENV_Test_proba_accuracy_per_mean_user_epoch17": 0.7274540706115553, "ENV_Test_proba_accuracy_per_mean_user_and_bot_epoch17": 0.7588829225538573, "ENV_Test_accuracy_epoch17": 0.762176, "ENV_Test_accuracy_strategy_132_epoch17": 0.8362606232294617, "ENV_Test_accuracy_strategy_23_epoch17": 0.7484246243334949, "ENV_Test_accuracy_strategy_107_epoch17": 0.8637110016420362, "ENV_Test_accuracy_strategy_43_epoch17": 0.7958015267175572, "ENV_Test_accuracy_strategy_17_epoch17": 0.7232304900181489, "ENV_Test_accuracy_strategy_93_epoch17": 0.7726432532347505, "ENV_Test_accuracy_per_mean_strategy_epoch17": 0.7900119198625749, "ENV_Test_accuracy_per_mean_user_epoch17": 0.7807389275861194, "ENV_Test_accuracy_per_mean_user_and_bot_epoch17": 0.8197796414613492, "ENV_Train_TotalLoss_epoch18": 1021.4582156091078, "ENV_Train_Right action_epoch18": 0.7915397300092233, "ENV_Train_Probability to choose the right action_epoch18": 0.7100066381771492, "ENV_Train_Weighted right action_epoch18": 0.7915397300092233, "ENV_Train_Weighted probability to choose the right action:_epoch18": 0.7100066381771492, "ENV_Test_TotalLoss_epoch18": 239.8208118143885, "ENV_Test_Right action_epoch18": 0.765696, "ENV_Test_Probability to choose the right action_epoch18": 0.7130095915315503, "ENV_Test_Weighted right action_epoch18": 0.8213479623770531, "ENV_Test_Weighted probability to choose the right action:_epoch18": 0.7623494056861797, "ENV_Test_proba_accuracy_epoch18": 0.7130095915315505, "ENV_Test_proba_accuracy_strategy_132_epoch18": 0.7743209968247369, "ENV_Test_proba_accuracy_strategy_23_epoch18": 0.7055855089783746, "ENV_Test_proba_accuracy_strategy_107_epoch18": 0.7929032826488431, "ENV_Test_proba_accuracy_strategy_43_epoch18": 0.730391522603915, "ENV_Test_proba_accuracy_strategy_17_epoch18": 0.6791918311465452, "ENV_Test_proba_accuracy_strategy_93_epoch18": 0.723011486929005, "ENV_Test_proba_accuracy_per_mean_strategy_epoch18": 0.7342341048552367, "ENV_Test_proba_accuracy_per_mean_user_epoch18": 0.7285424524767526, "ENV_Test_proba_accuracy_per_mean_user_and_bot_epoch18": 0.7623494056861791, "ENV_Test_accuracy_epoch18": 0.765696, "ENV_Test_accuracy_strategy_132_epoch18": 0.8277620396600567, "ENV_Test_accuracy_strategy_23_epoch18": 0.7577960898368072, "ENV_Test_accuracy_strategy_107_epoch18": 0.8604269293924466, "ENV_Test_accuracy_strategy_43_epoch18": 0.7958015267175572, "ENV_Test_accuracy_strategy_17_epoch18": 0.7264065335753176, "ENV_Test_accuracy_strategy_93_epoch18": 0.7726432532347505, "ENV_Test_accuracy_per_mean_strategy_epoch18": 0.7901393954028225, "ENV_Test_accuracy_per_mean_user_epoch18": 0.7827718169910506, "ENV_Test_accuracy_per_mean_user_and_bot_epoch18": 0.8213479623770533, "ENV_Train_TotalLoss_epoch19": 1012.0009537342494, "ENV_Train_Right action_epoch19": 0.7919066256639642, "ENV_Train_Probability to choose the right action_epoch19": 0.7131897224615628, "ENV_Train_Weighted right action_epoch19": 0.7919066256639642, "ENV_Train_Weighted probability to choose the right action:_epoch19": 0.7131897224615628, "ENV_Test_TotalLoss_epoch19": 231.3265192237639, "ENV_Test_Right action_epoch19": 0.767872, "ENV_Test_Probability to choose the right action_epoch19": 0.7099896363520601, "ENV_Test_Weighted right action_epoch19": 0.825146021199462, "ENV_Test_Weighted probability to choose the right action:_epoch19": 0.7686746148650117, "ENV_Test_proba_accuracy_epoch19": 0.7099896363520597, "ENV_Test_proba_accuracy_strategy_132_epoch19": 0.7766901336577526, "ENV_Test_proba_accuracy_strategy_23_epoch19": 0.6990488359072753, "ENV_Test_proba_accuracy_strategy_107_epoch19": 0.806774577698617, "ENV_Test_proba_accuracy_strategy_43_epoch19": 0.7344131943818527, "ENV_Test_proba_accuracy_strategy_17_epoch19": 0.6733623952861445, "ENV_Test_proba_accuracy_strategy_93_epoch19": 0.7230240654868926, "ENV_Test_proba_accuracy_per_mean_strategy_epoch19": 0.7355522004030891, "ENV_Test_proba_accuracy_per_mean_user_epoch19": 0.7295327751059586, "ENV_Test_proba_accuracy_per_mean_user_and_bot_epoch19": 0.7686746148650121, "ENV_Test_accuracy_epoch19": 0.767872, "ENV_Test_accuracy_strategy_132_epoch19": 0.8362606232294617, "ENV_Test_accuracy_strategy_23_epoch19": 0.7618355146227177, "ENV_Test_accuracy_strategy_107_epoch19": 0.8604269293924466, "ENV_Test_accuracy_strategy_43_epoch19": 0.7932569974554707, "ENV_Test_accuracy_strategy_17_epoch19": 0.7268602540834845, "ENV_Test_accuracy_strategy_93_epoch19": 0.7689463955637708, "ENV_Test_accuracy_per_mean_strategy_epoch19": 0.7912644523912253, "ENV_Test_accuracy_per_mean_user_epoch19": 0.7871448375667116, "ENV_Test_accuracy_per_mean_user_and_bot_epoch19": 0.8251460211994629, "ENV_Train_TotalLoss_epoch20": 1000.1629755594241, "ENV_Train_Right action_epoch20": 0.7932205759015936, "ENV_Train_Probability to choose the right action_epoch20": 0.7158668911195748, "ENV_Train_Weighted right action_epoch20": 0.7932205759015936, "ENV_Train_Weighted probability to choose the right action:_epoch20": 0.7158668911195748, "ENV_Test_TotalLoss_epoch20": 231.9518946426965, "ENV_Test_Right action_epoch20": 0.76768, "ENV_Test_Probability to choose the right action_epoch20": 0.7189592807816059, "ENV_Test_Weighted right action_epoch20": 0.8242325876809178, "ENV_Test_Weighted probability to choose the right action:_epoch20": 0.7739453229706662, "ENV_Test_proba_accuracy_epoch20": 0.7189592807816061, "ENV_Test_proba_accuracy_strategy_132_epoch20": 0.7705433725055041, "ENV_Test_proba_accuracy_strategy_23_epoch20": 0.7099338445345933, "ENV_Test_proba_accuracy_strategy_107_epoch20": 0.8165326612364161, "ENV_Test_proba_accuracy_strategy_43_epoch20": 0.7379467107759752, "ENV_Test_proba_accuracy_strategy_17_epoch20": 0.6854758425425297, "ENV_Test_proba_accuracy_strategy_93_epoch20": 0.7403428945984292, "ENV_Test_proba_accuracy_per_mean_strategy_epoch20": 0.7434625543655745, "ENV_Test_proba_accuracy_per_mean_user_epoch20": 0.7359357530747166, "ENV_Test_proba_accuracy_per_mean_user_and_bot_epoch20": 0.7739453229706669, "ENV_Test_accuracy_epoch20": 0.76768, "ENV_Test_accuracy_strategy_132_epoch20": 0.8209631728045326, "ENV_Test_accuracy_strategy_23_epoch20": 0.7624818225884634, "ENV_Test_accuracy_strategy_107_epoch20": 0.8637110016420362, "ENV_Test_accuracy_strategy_43_epoch20": 0.7926208651399491, "ENV_Test_accuracy_strategy_17_epoch20": 0.7282214156079855, "ENV_Test_accuracy_strategy_93_epoch20": 0.7809611829944547, "ENV_Test_accuracy_per_mean_strategy_epoch20": 0.7914932434629036, "ENV_Test_accuracy_per_mean_user_epoch20": 0.7851860222136853, "ENV_Test_accuracy_per_mean_user_and_bot_epoch20": 0.8242325876809183, "ENV_Train_TotalLoss_epoch21": 1016.5641394632407, "ENV_Train_Right action_epoch21": 0.7906300665287639, "ENV_Train_Probability to choose the right action_epoch21": 0.711631655350626, "ENV_Train_Weighted right action_epoch21": 0.7906300665287639, "ENV_Train_Weighted probability to choose the right action:_epoch21": 0.711631655350626, "ENV_Test_TotalLoss_epoch21": 238.68150531120773, "ENV_Test_Right action_epoch21": 0.764864, "ENV_Test_Probability to choose the right action_epoch21": 0.7094882909197144, "ENV_Test_Weighted right action_epoch21": 0.823562260452278, "ENV_Test_Weighted probability to choose the right action:_epoch21": 0.7621742119109077, "ENV_Test_proba_accuracy_epoch21": 0.7094882909197143, "ENV_Test_proba_accuracy_strategy_132_epoch21": 0.7528777361020447, "ENV_Test_proba_accuracy_strategy_23_epoch21": 0.7039455436807177, "ENV_Test_proba_accuracy_strategy_107_epoch21": 0.7982003554810821, "ENV_Test_proba_accuracy_strategy_43_epoch21": 0.7262578590595528, "ENV_Test_proba_accuracy_strategy_17_epoch21": 0.678863608210178, "ENV_Test_proba_accuracy_strategy_93_epoch21": 0.7208818998525021, "ENV_Test_proba_accuracy_per_mean_strategy_epoch21": 0.7301711670643463, "ENV_Test_proba_accuracy_per_mean_user_epoch21": 0.7261343092110747, "ENV_Test_proba_accuracy_per_mean_user_and_bot_epoch21": 0.7621742119109066, "ENV_Test_accuracy_epoch21": 0.764864, "ENV_Test_accuracy_strategy_132_epoch21": 0.8186968838526912, "ENV_Test_accuracy_strategy_23_epoch21": 0.7539182420423332, "ENV_Test_accuracy_strategy_107_epoch21": 0.8669950738916257, "ENV_Test_accuracy_strategy_43_epoch21": 0.7830788804071247, "ENV_Test_accuracy_strategy_17_epoch21": 0.7341197822141561, "ENV_Test_accuracy_strategy_93_epoch21": 0.7809611829944547, "ENV_Test_accuracy_per_mean_strategy_epoch21": 0.7896283409003977, "ENV_Test_accuracy_per_mean_user_epoch21": 0.783968966884497, "ENV_Test_accuracy_per_mean_user_and_bot_epoch21": 0.823562260452277, "ENV_Train_TotalLoss_epoch22": 1006.7203653563312, "ENV_Train_Right action_epoch22": 0.7919625384400335, "ENV_Train_Probability to choose the right action_epoch22": 0.7137888815392349, "ENV_Train_Weighted right action_epoch22": 0.7919625384400335, "ENV_Train_Weighted probability to choose the right action:_epoch22": 0.7137888815392349, "ENV_Test_TotalLoss_epoch22": 230.24164359000687, "ENV_Test_Right action_epoch22": 0.771648, "ENV_Test_Probability to choose the right action_epoch22": 0.7076769586251076, "ENV_Test_Weighted right action_epoch22": 0.8271409737235904, "ENV_Test_Weighted probability to choose the right action:_epoch22": 0.7599787158352174, "ENV_Test_proba_accuracy_epoch22": 0.7076769586251078, "ENV_Test_proba_accuracy_strategy_132_epoch22": 0.7683824139438761, "ENV_Test_proba_accuracy_strategy_23_epoch22": 0.6988993345932532, "ENV_Test_proba_accuracy_strategy_107_epoch22": 0.7925096804960584, "ENV_Test_proba_accuracy_strategy_43_epoch22": 0.727959455803262, "ENV_Test_proba_accuracy_strategy_17_epoch22": 0.6730723133468698, "ENV_Test_proba_accuracy_strategy_93_epoch22": 0.7226211820063706, "ENV_Test_proba_accuracy_per_mean_strategy_epoch22": 0.7305740633649483, "ENV_Test_proba_accuracy_per_mean_user_epoch22": 0.7241420931736309, "ENV_Test_proba_accuracy_per_mean_user_and_bot_epoch22": 0.7599787158352183, "ENV_Test_accuracy_epoch22": 0.771648, "ENV_Test_accuracy_strategy_132_epoch22": 0.8368271954674221, "ENV_Test_accuracy_strategy_23_epoch22": 0.7619970916141542, "ENV_Test_accuracy_strategy_107_epoch22": 0.8604269293924466, "ENV_Test_accuracy_strategy_43_epoch22": 0.7983460559796438, "ENV_Test_accuracy_strategy_17_epoch22": 0.7334392014519057, "ENV_Test_accuracy_strategy_93_epoch22": 0.7874306839186691, "ENV_Test_accuracy_per_mean_strategy_epoch22": 0.7964111929707068, "ENV_Test_accuracy_per_mean_user_epoch22": 0.7899437284471158, "ENV_Test_accuracy_per_mean_user_and_bot_epoch22": 0.827140973723591, "ENV_Train_TotalLoss_epoch23": 1009.2677281645143, "ENV_Train_Right action_epoch23": 0.7901571061165157, "ENV_Train_Probability to choose the right action_epoch23": 0.7129768228326241, "ENV_Train_Weighted right action_epoch23": 0.7901571061165157, "ENV_Train_Weighted probability to choose the right action:_epoch23": 0.7129768228326241, "ENV_Test_TotalLoss_epoch23": 238.49832957159117, "ENV_Test_Right action_epoch23": 0.763328, "ENV_Test_Probability to choose the right action_epoch23": 0.7105557601220438, "ENV_Test_Weighted right action_epoch23": 0.8147849551492065, "ENV_Test_Weighted probability to choose the right action:_epoch23": 0.7577415590661013, "ENV_Test_proba_accuracy_epoch23": 0.7105557601220436, "ENV_Test_proba_accuracy_strategy_132_epoch23": 0.7731376283514086, "ENV_Test_proba_accuracy_strategy_23_epoch23": 0.7011770910060422, "ENV_Test_proba_accuracy_strategy_107_epoch23": 0.8007250937154872, "ENV_Test_proba_accuracy_strategy_43_epoch23": 0.7306509804701639, "ENV_Test_proba_accuracy_strategy_17_epoch23": 0.6775275746640081, "ENV_Test_proba_accuracy_strategy_93_epoch23": 0.7167230583544557, "ENV_Test_proba_accuracy_per_mean_strategy_epoch23": 0.7333235710935943, "ENV_Test_proba_accuracy_per_mean_user_epoch23": 0.7257268773143064, "ENV_Test_proba_accuracy_per_mean_user_and_bot_epoch23": 0.7577415590661016, "ENV_Test_accuracy_epoch23": 0.763328, "ENV_Test_accuracy_strategy_132_epoch23": 0.8322946175637393, "ENV_Test_accuracy_strategy_23_epoch23": 0.7503635482307319, "ENV_Test_accuracy_strategy_107_epoch23": 0.8653530377668309, "ENV_Test_accuracy_strategy_43_epoch23": 0.7856234096692112, "ENV_Test_accuracy_strategy_17_epoch23": 0.7295825771324864, "ENV_Test_accuracy_strategy_93_epoch23": 0.7726432532347505, "ENV_Test_accuracy_per_mean_strategy_epoch23": 0.7893100739329584, "ENV_Test_accuracy_per_mean_user_epoch23": 0.7804214327702365, "ENV_Test_accuracy_per_mean_user_and_bot_epoch23": 0.8147849551492068, "ENV_Train_TotalLoss_epoch24": 1005.5798599474174, "ENV_Train_Right action_epoch24": 0.7928961825018521, "ENV_Train_Probability to choose the right action_epoch24": 0.714726052176407, "ENV_Train_Weighted right action_epoch24": 0.7928961825018521, "ENV_Train_Weighted probability to choose the right action:_epoch24": 0.714726052176407, "ENV_Test_TotalLoss_epoch24": 231.920132367389, "ENV_Test_Right action_epoch24": 0.7744, "ENV_Test_Probability to choose the right action_epoch24": 0.712743455494636, "ENV_Test_Weighted right action_epoch24": 0.8295948440222032, "ENV_Test_Weighted probability to choose the right action:_epoch24": 0.7636817306150707, "ENV_Test_proba_accuracy_epoch24": 0.7127434554946362, "ENV_Test_proba_accuracy_strategy_132_epoch24": 0.7738738547960893, "ENV_Test_proba_accuracy_strategy_23_epoch24": 0.7031233580102755, "ENV_Test_proba_accuracy_strategy_107_epoch24": 0.8082074595101455, "ENV_Test_proba_accuracy_strategy_43_epoch24": 0.7320702179492887, "ENV_Test_proba_accuracy_strategy_17_epoch24": 0.6789711738448876, "ENV_Test_proba_accuracy_strategy_93_epoch24": 0.723827186595909, "ENV_Test_proba_accuracy_per_mean_strategy_epoch24": 0.7366788751177659, "ENV_Test_proba_accuracy_per_mean_user_epoch24": 0.7297555773919763, "ENV_Test_proba_accuracy_per_mean_user_and_bot_epoch24": 0.7636817306150715, "ENV_Test_accuracy_epoch24": 0.7744, "ENV_Test_accuracy_strategy_132_epoch24": 0.8419263456090652, "ENV_Test_accuracy_strategy_23_epoch24": 0.7628049765713363, "ENV_Test_accuracy_strategy_107_epoch24": 0.8702791461412152, "ENV_Test_accuracy_strategy_43_epoch24": 0.806615776081425, "ENV_Test_accuracy_strategy_17_epoch24": 0.7395644283121597, "ENV_Test_accuracy_strategy_93_epoch24": 0.7717190388170055, "ENV_Test_accuracy_per_mean_strategy_epoch24": 0.7988182852553679, "ENV_Test_accuracy_per_mean_user_epoch24": 0.7935535667691134, "ENV_Test_accuracy_per_mean_user_and_bot_epoch24": 0.829594844022204, "_wandb": {"runtime": 2702}}