{"ENV_Train_TotalLoss": 442.03545012091945, "ENV_Train_TotalLoss_epoch0": 1047.4840652286155, "ENV_Train_Right action": 0.9155297735532569, "ENV_Train_Right action_epoch0": 0.7859868338295106, "ENV_Train_Probability to choose the right action": 0.8797565778062368, "ENV_Train_Probability to choose the right action_epoch0": 0.7014372269411983, "ENV_Train_Weighted right action": 0.9155297735532569, "ENV_Train_Weighted right action_epoch0": 0.7859868338295106, "ENV_Train_Weighted probability to choose the right action:": 0.8797565778062368, "ENV_Train_Weighted probability to choose the right action:_epoch0": 0.7014372269411983, "_timestamp": 1720456351.313925, "_runtime": 2443.0683040618896, "_step": 49, "ENV_Test_TotalLoss": 437.116362786544, "ENV_Test_TotalLoss_epoch0": 208.3979496735695, "ENV_Test_Right action": 0.79392, "ENV_Test_Right action_epoch0": 0.79808, "ENV_Test_Probability to choose the right action": 0.7809219465640264, "ENV_Test_Probability to choose the right action_epoch0": 0.75110184829727, "ENV_Test_Weighted right action": 0.8353881610974797, "ENV_Test_Weighted right action_epoch0": 0.8445915754175393, "ENV_Test_Weighted probability to choose the right action:": 0.8208907087136988, "ENV_Test_Weighted probability to choose the right action:_epoch0": 0.7974426701827987, "ENV_Test_proba_accuracy": 0.7809219465640268, "ENV_Test_proba_accuracy_epoch0": 0.7511018482972707, "ENV_Test_proba_accuracy_strategy_132": 0.8307912159228, "ENV_Test_proba_accuracy_strategy_132_epoch0": 0.8027562775224051, "ENV_Test_proba_accuracy_strategy_23": 0.7834204299399444, "ENV_Test_proba_accuracy_strategy_23_epoch0": 0.7481494360126038, "ENV_Test_proba_accuracy_strategy_107": 0.8640435334943746, "ENV_Test_proba_accuracy_strategy_107_epoch0": 0.8408848247131839, "ENV_Test_proba_accuracy_strategy_43": 0.784807856715406, "ENV_Test_proba_accuracy_strategy_43_epoch0": 0.7695278691076451, "ENV_Test_proba_accuracy_strategy_17": 0.7419544260196372, "ENV_Test_proba_accuracy_strategy_17_epoch0": 0.7126722591314086, "ENV_Test_proba_accuracy_strategy_93": 0.791602870158602, "ENV_Test_proba_accuracy_strategy_93_epoch0": 0.7629840144149792, "ENV_Test_proba_accuracy_per_mean_strategy": 0.7994367220417941, "ENV_Test_proba_accuracy_per_mean_strategy_epoch0": 0.7728291134837043, "ENV_Test_proba_accuracy_per_mean_user": 0.7938499661161017, "ENV_Test_proba_accuracy_per_mean_user_epoch0": 0.7644853542248834, "ENV_Test_proba_accuracy_per_mean_user_and_bot": 0.820890708713699, "ENV_Test_proba_accuracy_per_mean_user_and_bot_epoch0": 0.7974426701827986, "ENV_Test_accuracy": 0.79392, "ENV_Test_accuracy_epoch0": 0.79808, "ENV_Test_accuracy_strategy_132": 0.8402266288951842, "ENV_Test_accuracy_strategy_132_epoch0": 0.8419263456090652, "ENV_Test_accuracy_strategy_23": 0.7959282598158022, "ENV_Test_accuracy_strategy_23_epoch0": 0.8002908385845856, "ENV_Test_accuracy_strategy_107": 0.8834154351395731, "ENV_Test_accuracy_strategy_107_epoch0": 0.8850574712643678, "ENV_Test_accuracy_strategy_43": 0.8002544529262087, "ENV_Test_accuracy_strategy_43_epoch0": 0.816793893129771, "ENV_Test_accuracy_strategy_17": 0.7549909255898367, "ENV_Test_accuracy_strategy_17_epoch0": 0.7561252268602541, "ENV_Test_accuracy_strategy_93": 0.8059149722735675, "ENV_Test_accuracy_strategy_93_epoch0": 0.8086876155268022, "ENV_Test_accuracy_per_mean_strategy": 0.8134551124400288, "ENV_Test_accuracy_per_mean_strategy_epoch0": 0.8181468984958077, "ENV_Test_accuracy_per_mean_user": 0.8075129153274351, "ENV_Test_accuracy_per_mean_user_epoch0": 0.8125039586526972, "ENV_Test_accuracy_per_mean_user_and_bot": 0.8353881610974803, "ENV_Test_accuracy_per_mean_user_and_bot_epoch0": 0.8445915754175405, "ENV_Train_TotalLoss_epoch1": 904.0385350758252, "ENV_Train_Right action_epoch1": 0.817112030411449, "ENV_Train_Probability to choose the right action_epoch1": 0.7450617357918016, "ENV_Train_Weighted right action_epoch1": 0.817112030411449, "ENV_Train_Weighted probability to choose the right action:_epoch1": 0.7450617357918016, "ENV_Test_TotalLoss_epoch1": 197.610833664265, "ENV_Test_Right action_epoch1": 0.808768, "ENV_Test_Probability to choose the right action_epoch1": 0.7553176232180951, "ENV_Test_Weighted right action_epoch1": 0.8540297363829126, "ENV_Test_Weighted probability to choose the right action:_epoch1": 0.7959593226974081, "ENV_Test_proba_accuracy_epoch1": 0.7553176232180958, "ENV_Test_proba_accuracy_strategy_132_epoch1": 0.805295541447789, "ENV_Test_proba_accuracy_strategy_23_epoch1": 0.754855366592295, "ENV_Test_proba_accuracy_strategy_107_epoch1": 0.8245422751643382, "ENV_Test_proba_accuracy_strategy_43_epoch1": 0.7624759217298775, "ENV_Test_proba_accuracy_strategy_17_epoch1": 0.7219108511592431, "ENV_Test_proba_accuracy_strategy_93_epoch1": 0.763170001703599, "ENV_Test_proba_accuracy_per_mean_strategy_epoch1": 0.772041659632857, "ENV_Test_proba_accuracy_per_mean_user_epoch1": 0.768923296664331, "ENV_Test_proba_accuracy_per_mean_user_and_bot_epoch1": 0.7959593226974075, "ENV_Test_accuracy_epoch1": 0.808768, "ENV_Test_accuracy_strategy_132_epoch1": 0.861756373937677, "ENV_Test_accuracy_strategy_23_epoch1": 0.8086928421392794, "ENV_Test_accuracy_strategy_107_epoch1": 0.8752052545155994, "ENV_Test_accuracy_strategy_43_epoch1": 0.8256997455470738, "ENV_Test_accuracy_strategy_17_epoch1": 0.7676950998185118, "ENV_Test_accuracy_strategy_93_epoch1": 0.8280961182994455, "ENV_Test_accuracy_per_mean_strategy_epoch1": 0.8278575723762645, "ENV_Test_accuracy_per_mean_user_epoch1": 0.8242521238170113, "ENV_Test_accuracy_per_mean_user_and_bot_epoch1": 0.8540297363829132, "ENV_Train_TotalLoss_epoch2": 858.6389012768076, "ENV_Train_Right action_epoch2": 0.8253704221414593, "ENV_Train_Probability to choose the right action_epoch2": 0.7577774986796102, "ENV_Train_Weighted right action_epoch2": 0.8253704221414593, "ENV_Train_Weighted probability to choose the right action:_epoch2": 0.7577774986796102, "ENV_Test_TotalLoss_epoch2": 195.2486169558256, "ENV_Test_Right action_epoch2": 0.815616, "ENV_Test_Probability to choose the right action_epoch2": 0.7751287411960436, "ENV_Test_Weighted right action_epoch2": 0.8604030712590182, "ENV_Test_Weighted probability to choose the right action:_epoch2": 0.8173461141250512, "ENV_Test_proba_accuracy_epoch2": 0.7751287411960438, "ENV_Test_proba_accuracy_strategy_132_epoch2": 0.8242266759334719, "ENV_Test_proba_accuracy_strategy_23_epoch2": 0.7737192466539191, "ENV_Test_proba_accuracy_strategy_107_epoch2": 0.8579891729957935, "ENV_Test_proba_accuracy_strategy_43_epoch2": 0.777915277743828, "ENV_Test_proba_accuracy_strategy_17_epoch2": 0.7433871421966475, "ENV_Test_proba_accuracy_strategy_93_epoch2": 0.7817276662236068, "ENV_Test_proba_accuracy_per_mean_strategy_epoch2": 0.7931608636245443, "ENV_Test_proba_accuracy_per_mean_user_epoch2": 0.7893370162458686, "ENV_Test_proba_accuracy_per_mean_user_and_bot_epoch2": 0.8173461141250516, "ENV_Test_accuracy_epoch2": 0.815616, "ENV_Test_accuracy_strategy_132_epoch2": 0.8623229461756374, "ENV_Test_accuracy_strategy_23_epoch2": 0.8159638067539182, "ENV_Test_accuracy_strategy_107_epoch2": 0.8949096880131363, "ENV_Test_accuracy_strategy_43_epoch2": 0.811704834605598, "ENV_Test_accuracy_strategy_17_epoch2": 0.7831215970961888, "ENV_Test_accuracy_strategy_93_epoch2": 0.8308687615526802, "ENV_Test_accuracy_per_mean_strategy_epoch2": 0.8331486056995264, "ENV_Test_accuracy_per_mean_user_epoch2": 0.8321083254608677, "ENV_Test_accuracy_per_mean_user_and_bot_epoch2": 0.8604030712590183, "ENV_Train_TotalLoss_epoch3": 823.6439187743499, "ENV_Train_Right action_epoch3": 0.8310595471065139, "ENV_Train_Probability to choose the right action_epoch3": 0.767149695455349, "ENV_Train_Weighted right action_epoch3": 0.8310595471065139, "ENV_Train_Weighted probability to choose the right action:_epoch3": 0.767149695455349, "ENV_Test_TotalLoss_epoch3": 191.89951832965858, "ENV_Test_Right action_epoch3": 0.813696, "ENV_Test_Probability to choose the right action_epoch3": 0.7635805195524695, "ENV_Test_Weighted right action_epoch3": 0.8604714969267863, "ENV_Test_Weighted probability to choose the right action:_epoch3": 0.8066868220155607, "ENV_Test_proba_accuracy_epoch3": 0.7635805195524688, "ENV_Test_proba_accuracy_strategy_132_epoch3": 0.8177164621532105, "ENV_Test_proba_accuracy_strategy_23_epoch3": 0.7609550300914527, "ENV_Test_proba_accuracy_strategy_107_epoch3": 0.8455582871500835, "ENV_Test_proba_accuracy_strategy_43_epoch3": 0.7669835322260925, "ENV_Test_proba_accuracy_strategy_17_epoch3": 0.7311862582932016, "ENV_Test_proba_accuracy_strategy_93_epoch3": 0.7711767513684442, "ENV_Test_proba_accuracy_per_mean_strategy_epoch3": 0.7822627202137475, "ENV_Test_proba_accuracy_per_mean_user_epoch3": 0.7784497943355211, "ENV_Test_proba_accuracy_per_mean_user_and_bot_epoch3": 0.8066868220155616, "ENV_Test_accuracy_epoch3": 0.813696, "ENV_Test_accuracy_strategy_132_epoch3": 0.8662889518413598, "ENV_Test_accuracy_strategy_23_epoch3": 0.8109549200193893, "ENV_Test_accuracy_strategy_107_epoch3": 0.90311986863711, "ENV_Test_accuracy_strategy_43_epoch3": 0.8193384223918575, "ENV_Test_accuracy_strategy_17_epoch3": 0.779491833030853, "ENV_Test_accuracy_strategy_93_epoch3": 0.8243992606284658, "ENV_Test_accuracy_per_mean_strategy_epoch3": 0.8339322094248391, "ENV_Test_accuracy_per_mean_user_epoch3": 0.830871920684139, "ENV_Test_accuracy_per_mean_user_and_bot_epoch3": 0.8604714969267873, "ENV_Train_TotalLoss_epoch4": 802.5502028273577, "ENV_Train_Right action_epoch4": 0.8369905517973948, "ENV_Train_Probability to choose the right action_epoch4": 0.7739439593995364, "ENV_Train_Weighted right action_epoch4": 0.8369905517973948, "ENV_Train_Weighted probability to choose the right action:_epoch4": 0.7739439593995364, "ENV_Test_TotalLoss_epoch4": 203.6716707682372, "ENV_Test_Right action_epoch4": 0.814592, "ENV_Test_Probability to choose the right action_epoch4": 0.7786399868434963, "ENV_Test_Weighted right action_epoch4": 0.8617775295783681, "ENV_Test_Weighted probability to choose the right action:_epoch4": 0.8244745299857007, "ENV_Test_proba_accuracy_epoch4": 0.7786399868434963, "ENV_Test_proba_accuracy_strategy_132_epoch4": 0.8315143377583252, "ENV_Test_proba_accuracy_strategy_23_epoch4": 0.7760841307147436, "ENV_Test_proba_accuracy_strategy_107_epoch4": 0.8679201405082155, "ENV_Test_proba_accuracy_strategy_43_epoch4": 0.7842101759532418, "ENV_Test_proba_accuracy_strategy_17_epoch4": 0.7450418381246727, "ENV_Test_proba_accuracy_strategy_93_epoch4": 0.7855416993263223, "ENV_Test_proba_accuracy_per_mean_strategy_epoch4": 0.7983853870642535, "ENV_Test_proba_accuracy_per_mean_user_epoch4": 0.7952632018447591, "ENV_Test_proba_accuracy_per_mean_user_and_bot_epoch4": 0.8244745299857019, "ENV_Test_accuracy_epoch4": 0.814592, "ENV_Test_accuracy_strategy_132_epoch4": 0.861756373937677, "ENV_Test_accuracy_strategy_23_epoch4": 0.8146711908224269, "ENV_Test_accuracy_strategy_107_epoch4": 0.9080459770114943, "ENV_Test_accuracy_strategy_43_epoch4": 0.8263358778625954, "ENV_Test_accuracy_strategy_17_epoch4": 0.7779038112522686, "ENV_Test_accuracy_strategy_93_epoch4": 0.8170055452865065, "ENV_Test_accuracy_per_mean_strategy_epoch4": 0.8342864626954948, "ENV_Test_accuracy_per_mean_user_epoch4": 0.8321884141279139, "ENV_Test_accuracy_per_mean_user_and_bot_epoch4": 0.8617775295783677, "ENV_Train_TotalLoss_epoch5": 780.0634029135755, "ENV_Train_Right action_epoch5": 0.8435844758430814, "ENV_Train_Probability to choose the right action_epoch5": 0.7807618395056035, "ENV_Train_Weighted right action_epoch5": 0.8435844758430814, "ENV_Train_Weighted probability to choose the right action:_epoch5": 0.7807618395056035, "ENV_Test_TotalLoss_epoch5": 206.6284623256772, "ENV_Test_Right action_epoch5": 0.81216, "ENV_Test_Probability to choose the right action_epoch5": 0.7750144738705039, "ENV_Test_Weighted right action_epoch5": 0.85734362175912, "ENV_Test_Weighted probability to choose the right action:_epoch5": 0.8199440138552588, "ENV_Test_proba_accuracy_epoch5": 0.7750144738705037, "ENV_Test_proba_accuracy_strategy_132_epoch5": 0.8277067276104749, "ENV_Test_proba_accuracy_strategy_23_epoch5": 0.7738331597161707, "ENV_Test_proba_accuracy_strategy_107_epoch5": 0.8627741565395063, "ENV_Test_proba_accuracy_strategy_43_epoch5": 0.7813978938821385, "ENV_Test_proba_accuracy_strategy_17_epoch5": 0.7394409473279365, "ENV_Test_proba_accuracy_strategy_93_epoch5": 0.7820727432291362, "ENV_Test_proba_accuracy_per_mean_strategy_epoch5": 0.7945376047175605, "ENV_Test_proba_accuracy_per_mean_user_epoch5": 0.7912972025381912, "ENV_Test_proba_accuracy_per_mean_user_and_bot_epoch5": 0.8199440138552588, "ENV_Test_accuracy_epoch5": 0.81216, "ENV_Test_accuracy_strategy_132_epoch5": 0.854957507082153, "ENV_Test_accuracy_strategy_23_epoch5": 0.8162869607367911, "ENV_Test_accuracy_strategy_107_epoch5": 0.8916256157635468, "ENV_Test_accuracy_strategy_43_epoch5": 0.8161577608142494, "ENV_Test_accuracy_strategy_17_epoch5": 0.7760889292196007, "ENV_Test_accuracy_strategy_93_epoch5": 0.8151571164510166, "ENV_Test_accuracy_per_mean_strategy_epoch5": 0.8283789816778929, "ENV_Test_accuracy_per_mean_user_epoch5": 0.8305943873693895, "ENV_Test_accuracy_per_mean_user_and_bot_epoch5": 0.8573436217591204, "ENV_Train_TotalLoss_epoch6": 751.5923859462221, "ENV_Train_Right action_epoch6": 0.8482468521598167, "ENV_Train_Probability to choose the right action_epoch6": 0.7886124998597386, "ENV_Train_Weighted right action_epoch6": 0.8482468521598167, "ENV_Train_Weighted probability to choose the right action:_epoch6": 0.7886124998597386, "ENV_Test_TotalLoss_epoch6": 238.96996788389265, "ENV_Test_Right action_epoch6": 0.81248, "ENV_Test_Probability to choose the right action_epoch6": 0.7877538016756169, "ENV_Test_Weighted right action_epoch6": 0.8587943706288544, "ENV_Test_Weighted probability to choose the right action:_epoch6": 0.8339769478003133, "ENV_Test_proba_accuracy_epoch6": 0.787753801675616, "ENV_Test_proba_accuracy_strategy_132_epoch6": 0.8405205660424634, "ENV_Test_proba_accuracy_strategy_23_epoch6": 0.786957409785785, "ENV_Test_proba_accuracy_strategy_107_epoch6": 0.8772817748362031, "ENV_Test_proba_accuracy_strategy_43_epoch6": 0.7932155041073518, "ENV_Test_proba_accuracy_strategy_17_epoch6": 0.7510147367021807, "ENV_Test_proba_accuracy_strategy_93_epoch6": 0.797580970644284, "ENV_Test_proba_accuracy_per_mean_strategy_epoch6": 0.8077618270197112, "ENV_Test_proba_accuracy_per_mean_user_epoch6": 0.8044849751850955, "ENV_Test_proba_accuracy_per_mean_user_and_bot_epoch6": 0.8339769478003128, "ENV_Test_accuracy_epoch6": 0.81248, "ENV_Test_accuracy_strategy_132_epoch6": 0.8640226628895185, "ENV_Test_accuracy_strategy_23_epoch6": 0.8149943448052998, "ENV_Test_accuracy_strategy_107_epoch6": 0.8981937602627258, "ENV_Test_accuracy_strategy_43_epoch6": 0.8148854961832062, "ENV_Test_accuracy_strategy_17_epoch6": 0.7717785843920145, "ENV_Test_accuracy_strategy_93_epoch6": 0.8280961182994455, "ENV_Test_accuracy_per_mean_strategy_epoch6": 0.8319951611387016, "ENV_Test_accuracy_per_mean_user_epoch6": 0.8296817528782471, "ENV_Test_accuracy_per_mean_user_and_bot_epoch6": 0.8587943706288538, "ENV_Train_TotalLoss_epoch7": 735.3433725966858, "ENV_Train_Right action_epoch7": 0.8526698350573106, "ENV_Train_Probability to choose the right action_epoch7": 0.7941670745927757, "ENV_Train_Weighted right action_epoch7": 0.8526698350573106, "ENV_Train_Weighted probability to choose the right action:_epoch7": 0.7941670745927757, "ENV_Test_TotalLoss_epoch7": 221.41573476493434, "ENV_Test_Right action_epoch7": 0.816192, "ENV_Test_Probability to choose the right action_epoch7": 0.7840481447473056, "ENV_Test_Weighted right action_epoch7": 0.8540074047146624, "ENV_Test_Weighted probability to choose the right action:_epoch7": 0.8239861164813302, "ENV_Test_proba_accuracy_epoch7": 0.7840481447473058, "ENV_Test_proba_accuracy_strategy_132_epoch7": 0.8347658269906834, "ENV_Test_proba_accuracy_strategy_23_epoch7": 0.7850454247837076, "ENV_Test_proba_accuracy_strategy_107_epoch7": 0.8678441783227545, "ENV_Test_proba_accuracy_strategy_43_epoch7": 0.7853658694599308, "ENV_Test_proba_accuracy_strategy_17_epoch7": 0.7493317805468269, "ENV_Test_proba_accuracy_strategy_93_epoch7": 0.7879646053713019, "ENV_Test_proba_accuracy_per_mean_strategy_epoch7": 0.8017196142458677, "ENV_Test_proba_accuracy_per_mean_user_epoch7": 0.7986243369992626, "ENV_Test_proba_accuracy_per_mean_user_and_bot_epoch7": 0.8239861164813302, "ENV_Test_accuracy_epoch7": 0.816192, "ENV_Test_accuracy_strategy_132_epoch7": 0.853257790368272, "ENV_Test_accuracy_strategy_23_epoch7": 0.8227500403942478, "ENV_Test_accuracy_strategy_107_epoch7": 0.896551724137931, "ENV_Test_accuracy_strategy_43_epoch7": 0.8161577608142494, "ENV_Test_accuracy_strategy_17_epoch7": 0.77994555353902, "ENV_Test_accuracy_strategy_93_epoch7": 0.8207024029574861, "ENV_Test_accuracy_per_mean_strategy_epoch7": 0.8315608787018678, "ENV_Test_accuracy_per_mean_user_epoch7": 0.8303107587183832, "ENV_Test_accuracy_per_mean_user_and_bot_epoch7": 0.8540074047146632, "ENV_Train_TotalLoss_epoch8": 710.9790499541647, "ENV_Train_Right action_epoch8": 0.8569093195472963, "ENV_Train_Probability to choose the right action_epoch8": 0.8003766937433112, "ENV_Train_Weighted right action_epoch8": 0.8569093195472963, "ENV_Train_Weighted probability to choose the right action:_epoch8": 0.8003766937433112, "ENV_Test_TotalLoss_epoch8": 214.7685456601562, "ENV_Test_Right action_epoch8": 0.812096, "ENV_Test_Probability to choose the right action_epoch8": 0.7796263500185647, "ENV_Test_Weighted right action_epoch8": 0.8550671663578246, "ENV_Test_Weighted probability to choose the right action:_epoch8": 0.8240571084792596, "ENV_Test_proba_accuracy_epoch8": 0.7796263500185653, "ENV_Test_proba_accuracy_strategy_132_epoch8": 0.8309828614052089, "ENV_Test_proba_accuracy_strategy_23_epoch8": 0.7777797715325736, "ENV_Test_proba_accuracy_strategy_107_epoch8": 0.8684283237098233, "ENV_Test_proba_accuracy_strategy_43_epoch8": 0.7832599032164729, "ENV_Test_proba_accuracy_strategy_17_epoch8": 0.7469338371934058, "ENV_Test_proba_accuracy_strategy_93_epoch8": 0.7843402877085763, "ENV_Test_proba_accuracy_per_mean_strategy_epoch8": 0.7986208307943435, "ENV_Test_proba_accuracy_per_mean_user_epoch8": 0.7951001352297685, "ENV_Test_proba_accuracy_per_mean_user_and_bot_epoch8": 0.82405710847926, "ENV_Test_accuracy_epoch8": 0.812096, "ENV_Test_accuracy_strategy_132_epoch8": 0.8577903682719547, "ENV_Test_accuracy_strategy_23_epoch8": 0.8146711908224269, "ENV_Test_accuracy_strategy_107_epoch8": 0.896551724137931, "ENV_Test_accuracy_strategy_43_epoch8": 0.8142493638676844, "ENV_Test_accuracy_strategy_17_epoch8": 0.7758620689655172, "ENV_Test_accuracy_strategy_93_epoch8": 0.8197781885397413, "ENV_Test_accuracy_per_mean_strategy_epoch8": 0.8298171507675427, "ENV_Test_accuracy_per_mean_user_epoch8": 0.827150957850895, "ENV_Test_accuracy_per_mean_user_and_bot_epoch8": 0.8550671663578254, "ENV_Train_TotalLoss_epoch9": 698.989508692853, "ENV_Train_Right action_epoch9": 0.8598686049762371, "ENV_Train_Probability to choose the right action_epoch9": 0.805019553781664, "ENV_Train_Weighted right action_epoch9": 0.8598686049762371, "ENV_Train_Weighted probability to choose the right action:_epoch9": 0.805019553781664, "ENV_Test_TotalLoss_epoch9": 234.4003267476229, "ENV_Test_Right action_epoch9": 0.807616, "ENV_Test_Probability to choose the right action_epoch9": 0.774691277382525, "ENV_Test_Weighted right action_epoch9": 0.8511036601824405, "ENV_Test_Weighted probability to choose the right action:_epoch9": 0.8174689683995806, "ENV_Test_proba_accuracy_epoch9": 0.774691277382525, "ENV_Test_proba_accuracy_strategy_132_epoch9": 0.8313147386921889, "ENV_Test_proba_accuracy_strategy_23_epoch9": 0.773280301564173, "ENV_Test_proba_accuracy_strategy_107_epoch9": 0.8620671654166263, "ENV_Test_proba_accuracy_strategy_43_epoch9": 0.779738410148308, "ENV_Test_proba_accuracy_strategy_17_epoch9": 0.739679637589015, "ENV_Test_proba_accuracy_strategy_93_epoch9": 0.7765188372877334, "ENV_Test_proba_accuracy_per_mean_strategy_epoch9": 0.7937665151163408, "ENV_Test_proba_accuracy_per_mean_user_epoch9": 0.7893648044535324, "ENV_Test_proba_accuracy_per_mean_user_and_bot_epoch9": 0.8174689683995796, "ENV_Test_accuracy_epoch9": 0.807616, "ENV_Test_accuracy_strategy_132_epoch9": 0.8651558073654391, "ENV_Test_accuracy_strategy_23_epoch9": 0.8083696881564065, "ENV_Test_accuracy_strategy_107_epoch9": 0.8998357963875205, "ENV_Test_accuracy_strategy_43_epoch9": 0.8148854961832062, "ENV_Test_accuracy_strategy_17_epoch9": 0.7692831215970962, "ENV_Test_accuracy_strategy_93_epoch9": 0.8031423290203327, "ENV_Test_accuracy_per_mean_strategy_epoch9": 0.8267787064516668, "ENV_Test_accuracy_per_mean_user_epoch9": 0.8235041927260452, "ENV_Test_accuracy_per_mean_user_and_bot_epoch9": 0.8511036601824414, "ENV_Train_TotalLoss_epoch10": 668.1069429920328, "ENV_Train_Right action_epoch10": 0.8655018171652222, "ENV_Train_Probability to choose the right action_epoch10": 0.8127223225972728, "ENV_Train_Weighted right action_epoch10": 0.8655018171652222, "ENV_Train_Weighted probability to choose the right action:_epoch10": 0.8127223225972728, "ENV_Test_TotalLoss_epoch10": 275.9314008137762, "ENV_Test_Right action_epoch10": 0.807424, "ENV_Test_Probability to choose the right action_epoch10": 0.7849184526486774, "ENV_Test_Weighted right action_epoch10": 0.8481264526814004, "ENV_Test_Weighted probability to choose the right action:_epoch10": 0.824986148432556, "ENV_Test_proba_accuracy_epoch10": 0.7849184526486764, "ENV_Test_proba_accuracy_strategy_132_epoch10": 0.8381851002600484, "ENV_Test_proba_accuracy_strategy_23_epoch10": 0.7843769925999114, "ENV_Test_proba_accuracy_strategy_107_epoch10": 0.860003571411072, "ENV_Test_proba_accuracy_strategy_43_epoch10": 0.7860691650158527, "ENV_Test_proba_accuracy_strategy_17_epoch10": 0.7533082241145433, "ENV_Test_proba_accuracy_strategy_93_epoch10": 0.785969832887766, "ENV_Test_proba_accuracy_per_mean_strategy_epoch10": 0.8013188143815325, "ENV_Test_proba_accuracy_per_mean_user_epoch10": 0.7992297736297778, "ENV_Test_proba_accuracy_per_mean_user_and_bot_epoch10": 0.8249861484325552, "ENV_Test_accuracy_epoch10": 0.807424, "ENV_Test_accuracy_strategy_132_epoch10": 0.8543909348441926, "ENV_Test_accuracy_strategy_23_epoch10": 0.8082081111649702, "ENV_Test_accuracy_strategy_107_epoch10": 0.8817733990147784, "ENV_Test_accuracy_strategy_43_epoch10": 0.8110687022900763, "ENV_Test_accuracy_strategy_17_epoch10": 0.7742740471869328, "ENV_Test_accuracy_strategy_93_epoch10": 0.8142329020332717, "ENV_Test_accuracy_per_mean_strategy_epoch10": 0.8239913494223704, "ENV_Test_accuracy_per_mean_user_epoch10": 0.8217226955607012, "ENV_Test_accuracy_per_mean_user_and_bot_epoch10": 0.8481264526814005, "ENV_Train_TotalLoss_epoch11": 647.5378373575878, "ENV_Train_Right action_epoch11": 0.8694454927943417, "ENV_Train_Probability to choose the right action_epoch11": 0.8183378568984063, "ENV_Train_Weighted right action_epoch11": 0.8694454927943417, "ENV_Train_Weighted probability to choose the right action:_epoch11": 0.8183378568984063, "ENV_Test_TotalLoss_epoch11": 262.72738288582605, "ENV_Test_Right action_epoch11": 0.802688, "ENV_Test_Probability to choose the right action_epoch11": 0.7771614233213376, "ENV_Test_Weighted right action_epoch11": 0.8468985323140533, "ENV_Test_Weighted probability to choose the right action:_epoch11": 0.8204448782564309, "ENV_Test_proba_accuracy_epoch11": 0.7771614233213375, "ENV_Test_proba_accuracy_strategy_132_epoch11": 0.8330593132656476, "ENV_Test_proba_accuracy_strategy_23_epoch11": 0.7756155101023064, "ENV_Test_proba_accuracy_strategy_107_epoch11": 0.8480559813846716, "ENV_Test_proba_accuracy_strategy_43_epoch11": 0.7812611194822856, "ENV_Test_proba_accuracy_strategy_17_epoch11": 0.7446700793416098, "ENV_Test_proba_accuracy_strategy_93_epoch11": 0.78132983108283, "ENV_Test_proba_accuracy_per_mean_strategy_epoch11": 0.7939986391098919, "ENV_Test_proba_accuracy_per_mean_user_epoch11": 0.7916872405132577, "ENV_Test_proba_accuracy_per_mean_user_and_bot_epoch11": 0.8204448782564311, "ENV_Test_accuracy_epoch11": 0.802688, "ENV_Test_accuracy_strategy_132_epoch11": 0.8526912181303116, "ENV_Test_accuracy_strategy_23_epoch11": 0.8057844562934238, "ENV_Test_accuracy_strategy_107_epoch11": 0.8702791461412152, "ENV_Test_accuracy_strategy_43_epoch11": 0.806615776081425, "ENV_Test_accuracy_strategy_17_epoch11": 0.7658802177858439, "ENV_Test_accuracy_strategy_93_epoch11": 0.8096118299445472, "ENV_Test_accuracy_per_mean_strategy_epoch11": 0.8184771073961277, "ENV_Test_accuracy_per_mean_user_epoch11": 0.8177411430725298, "ENV_Test_accuracy_per_mean_user_and_bot_epoch11": 0.8468985323140533, "ENV_Train_TotalLoss_epoch12": 624.9278130152877, "ENV_Train_Right action_epoch12": 0.8740952913231801, "ENV_Train_Probability to choose the right action_epoch12": 0.8250210561762594, "ENV_Train_Weighted right action_epoch12": 0.8740952913231801, "ENV_Train_Weighted probability to choose the right action:_epoch12": 0.8250210561762594, "ENV_Test_TotalLoss_epoch12": 248.40022936594852, "ENV_Test_Right action_epoch12": 0.802368, "ENV_Test_Probability to choose the right action_epoch12": 0.7715415173316788, "ENV_Test_Weighted right action_epoch12": 0.8480148322984904, "ENV_Test_Weighted probability to choose the right action:_epoch12": 0.8140422556869374, "ENV_Test_proba_accuracy_epoch12": 0.771541517331679, "ENV_Test_proba_accuracy_strategy_132_epoch12": 0.8231570219281967, "ENV_Test_proba_accuracy_strategy_23_epoch12": 0.769146032564412, "ENV_Test_proba_accuracy_strategy_107_epoch12": 0.8486426620486667, "ENV_Test_proba_accuracy_strategy_43_epoch12": 0.7774375301045833, "ENV_Test_proba_accuracy_strategy_17_epoch12": 0.7397652775638468, "ENV_Test_proba_accuracy_strategy_93_epoch12": 0.7785385832251299, "ENV_Test_proba_accuracy_per_mean_strategy_epoch12": 0.7894478512391393, "ENV_Test_proba_accuracy_per_mean_user_epoch12": 0.7868676864853447, "ENV_Test_proba_accuracy_per_mean_user_and_bot_epoch12": 0.814042255686937, "ENV_Test_accuracy_epoch12": 0.802368, "ENV_Test_accuracy_strategy_132_epoch12": 0.8464589235127479, "ENV_Test_accuracy_strategy_23_epoch12": 0.7998061076102763, "ENV_Test_accuracy_strategy_107_epoch12": 0.8768472906403941, "ENV_Test_accuracy_strategy_43_epoch12": 0.8097964376590331, "ENV_Test_accuracy_strategy_17_epoch12": 0.7722323049001815, "ENV_Test_accuracy_strategy_93_epoch12": 0.8151571164510166, "ENV_Test_accuracy_per_mean_strategy_epoch12": 0.8200496967956084, "ENV_Test_accuracy_per_mean_user_epoch12": 0.8183339646240212, "ENV_Test_accuracy_per_mean_user_and_bot_epoch12": 0.8480148322984908, "ENV_Train_TotalLoss_epoch13": 605.7918016509452, "ENV_Train_Right action_epoch13": 0.8785600491908662, "ENV_Train_Probability to choose the right action_epoch13": 0.8308445881910962, "ENV_Train_Weighted right action_epoch13": 0.8785600491908662, "ENV_Train_Weighted probability to choose the right action:_epoch13": 0.8308445881910962, "ENV_Test_TotalLoss_epoch13": 330.99261400344847, "ENV_Test_Right action_epoch13": 0.801728, "ENV_Test_Probability to choose the right action_epoch13": 0.7853593307198787, "ENV_Test_Weighted right action_epoch13": 0.8468446455175633, "ENV_Test_Weighted probability to choose the right action:_epoch13": 0.8305869579958397, "ENV_Test_proba_accuracy_epoch13": 0.7853593307198795, "ENV_Test_proba_accuracy_strategy_132_epoch13": 0.836302328446474, "ENV_Test_proba_accuracy_strategy_23_epoch13": 0.7836583055739794, "ENV_Test_proba_accuracy_strategy_107_epoch13": 0.863913378143327, "ENV_Test_proba_accuracy_strategy_43_epoch13": 0.7949628633065462, "ENV_Test_proba_accuracy_strategy_17_epoch13": 0.7525889601859012, "ENV_Test_proba_accuracy_strategy_93_epoch13": 0.787326871244087, "ENV_Test_proba_accuracy_per_mean_strategy_epoch13": 0.8031254511500525, "ENV_Test_proba_accuracy_per_mean_user_epoch13": 0.801447512967281, "ENV_Test_proba_accuracy_per_mean_user_and_bot_epoch13": 0.8305869579958396, "ENV_Test_accuracy_epoch13": 0.801728, "ENV_Test_accuracy_strategy_132_epoch13": 0.8509915014164305, "ENV_Test_accuracy_strategy_23_epoch13": 0.8033608014218775, "ENV_Test_accuracy_strategy_107_epoch13": 0.8801313628899836, "ENV_Test_accuracy_strategy_43_epoch13": 0.8174300254452926, "ENV_Test_accuracy_strategy_17_epoch13": 0.764065335753176, "ENV_Test_accuracy_strategy_93_epoch13": 0.7985212569316081, "ENV_Test_accuracy_per_mean_strategy_epoch13": 0.8190833806430614, "ENV_Test_accuracy_per_mean_user_epoch13": 0.8171220552859121, "ENV_Test_accuracy_per_mean_user_and_bot_epoch13": 0.846844645517563, "ENV_Train_TotalLoss_epoch14": 603.3694625864251, "ENV_Train_Right action_epoch14": 0.8805417342203835, "ENV_Train_Probability to choose the right action_epoch14": 0.8336237388586774, "ENV_Train_Weighted right action_epoch14": 0.8805417342203835, "ENV_Train_Weighted probability to choose the right action:_epoch14": 0.8336237388586774, "ENV_Test_TotalLoss_epoch14": 406.3688984697517, "ENV_Test_Right action_epoch14": 0.799488, "ENV_Test_Probability to choose the right action_epoch14": 0.7754388278300756, "ENV_Test_Weighted right action_epoch14": 0.8418985615636496, "ENV_Test_Weighted probability to choose the right action:_epoch14": 0.816368709377096, "ENV_Test_proba_accuracy_epoch14": 0.7754388278300746, "ENV_Test_proba_accuracy_strategy_132_epoch14": 0.826807412614601, "ENV_Test_proba_accuracy_strategy_23_epoch14": 0.7751119583136088, "ENV_Test_proba_accuracy_strategy_107_epoch14": 0.8539696702332963, "ENV_Test_proba_accuracy_strategy_43_epoch14": 0.7765150413003412, "ENV_Test_proba_accuracy_strategy_17_epoch14": 0.744070195896219, "ENV_Test_proba_accuracy_strategy_93_epoch14": 0.7755435249264981, "ENV_Test_proba_accuracy_per_mean_strategy_epoch14": 0.7920029672140941, "ENV_Test_proba_accuracy_per_mean_user_epoch14": 0.7909720928631495, "ENV_Test_proba_accuracy_per_mean_user_and_bot_epoch14": 0.8163687093770956, "ENV_Test_accuracy_epoch14": 0.799488, "ENV_Test_accuracy_strategy_132_epoch14": 0.8453257790368272, "ENV_Test_accuracy_strategy_23_epoch14": 0.8010987235417677, "ENV_Test_accuracy_strategy_107_epoch14": 0.8866995073891626, "ENV_Test_accuracy_strategy_43_epoch14": 0.8034351145038168, "ENV_Test_accuracy_strategy_17_epoch14": 0.7663339382940109, "ENV_Test_accuracy_strategy_93_epoch14": 0.7957486136783734, "ENV_Test_accuracy_per_mean_strategy_epoch14": 0.8164402794073263, "ENV_Test_accuracy_per_mean_user_epoch14": 0.8155438983603805, "ENV_Test_accuracy_per_mean_user_and_bot_epoch14": 0.8418985615636497, "ENV_Train_TotalLoss_epoch15": 575.0064924744, "ENV_Train_Right action_epoch15": 0.8856152512998267, "ENV_Train_Probability to choose the right action_epoch15": 0.8403799397889887, "ENV_Train_Weighted right action_epoch15": 0.8856152512998267, "ENV_Train_Weighted probability to choose the right action:_epoch15": 0.8403799397889887, "ENV_Test_TotalLoss_epoch15": 521.2777049268477, "ENV_Test_Right action_epoch15": 0.803136, "ENV_Test_Probability to choose the right action_epoch15": 0.7878490574409546, "ENV_Test_Weighted right action_epoch15": 0.8454249669637337, "ENV_Test_Weighted probability to choose the right action:_epoch15": 0.8292069921775597, "ENV_Test_proba_accuracy_epoch15": 0.7878490574409542, "ENV_Test_proba_accuracy_strategy_132_epoch15": 0.8330710566894729, "ENV_Test_proba_accuracy_strategy_23_epoch15": 0.7906511437439137, "ENV_Test_proba_accuracy_strategy_107_epoch15": 0.8748266322224226, "ENV_Test_proba_accuracy_strategy_43_epoch15": 0.7821563555608984, "ENV_Test_proba_accuracy_strategy_17_epoch15": 0.756206936080664, "ENV_Test_proba_accuracy_strategy_93_epoch15": 0.7862770745084613, "ENV_Test_proba_accuracy_per_mean_strategy_epoch15": 0.8038648664676388, "ENV_Test_proba_accuracy_per_mean_user_epoch15": 0.8035391541895047, "ENV_Test_proba_accuracy_per_mean_user_and_bot_epoch15": 0.8292069921775583, "ENV_Test_accuracy_epoch15": 0.803136, "ENV_Test_accuracy_strategy_132_epoch15": 0.8458923512747876, "ENV_Test_accuracy_strategy_23_epoch15": 0.8088544191307158, "ENV_Test_accuracy_strategy_107_epoch15": 0.8981937602627258, "ENV_Test_accuracy_strategy_43_epoch15": 0.8002544529262087, "ENV_Test_accuracy_strategy_17_epoch15": 0.7672413793103449, "ENV_Test_accuracy_strategy_93_epoch15": 0.7975970425138632, "ENV_Test_accuracy_per_mean_strategy_epoch15": 0.819672234236441, "ENV_Test_accuracy_per_mean_user_epoch15": 0.8195352141849913, "ENV_Test_accuracy_per_mean_user_and_bot_epoch15": 0.8454249669637339, "ENV_Train_TotalLoss_epoch16": 557.9992233105181, "ENV_Train_Right action_epoch16": 0.8905133975371455, "ENV_Train_Probability to choose the right action_epoch16": 0.8453722969086751, "ENV_Train_Weighted right action_epoch16": 0.8905133975371455, "ENV_Train_Weighted probability to choose the right action:_epoch16": 0.8453722969086751, "ENV_Test_TotalLoss_epoch16": 348.84476045316364, "ENV_Test_Right action_epoch16": 0.797952, "ENV_Test_Probability to choose the right action_epoch16": 0.7855253081368976, "ENV_Test_Weighted right action_epoch16": 0.8407057601007724, "ENV_Test_Weighted probability to choose the right action:_epoch16": 0.828008502507467, "ENV_Test_proba_accuracy_epoch16": 0.7855253081368974, "ENV_Test_proba_accuracy_strategy_132_epoch16": 0.8302591674473637, "ENV_Test_proba_accuracy_strategy_23_epoch16": 0.7859267168748224, "ENV_Test_proba_accuracy_strategy_107_epoch16": 0.8709712679491926, "ENV_Test_proba_accuracy_strategy_43_epoch16": 0.7858350900793016, "ENV_Test_proba_accuracy_strategy_17_epoch16": 0.7550479486821567, "ENV_Test_proba_accuracy_strategy_93_epoch16": 0.7858774831603347, "ENV_Test_proba_accuracy_per_mean_strategy_epoch16": 0.8023196123655286, "ENV_Test_proba_accuracy_per_mean_user_epoch16": 0.8011114282061099, "ENV_Test_proba_accuracy_per_mean_user_and_bot_epoch16": 0.828008502507468, "ENV_Test_accuracy_epoch16": 0.797952, "ENV_Test_accuracy_strategy_132_epoch16": 0.8373937677053824, "ENV_Test_accuracy_strategy_23_epoch16": 0.800452415576022, "ENV_Test_accuracy_strategy_107_epoch16": 0.8817733990147784, "ENV_Test_accuracy_strategy_43_epoch16": 0.8027989821882952, "ENV_Test_accuracy_strategy_17_epoch16": 0.7663339382940109, "ENV_Test_accuracy_strategy_93_epoch16": 0.7939001848428835, "ENV_Test_accuracy_per_mean_strategy_epoch16": 0.8137754479368954, "ENV_Test_accuracy_per_mean_user_epoch16": 0.8137676805410461, "ENV_Test_accuracy_per_mean_user_and_bot_epoch16": 0.8407057601007728, "ENV_Train_TotalLoss_epoch17": 544.0538566084974, "ENV_Train_Right action_epoch17": 0.8920309201973748, "ENV_Train_Probability to choose the right action_epoch17": 0.8491501612680409, "ENV_Train_Weighted right action_epoch17": 0.8920309201973748, "ENV_Train_Weighted probability to choose the right action:_epoch17": 0.8491501612680409, "ENV_Test_TotalLoss_epoch17": 302.15551862725215, "ENV_Test_Right action_epoch17": 0.804288, "ENV_Test_Probability to choose the right action_epoch17": 0.7768068827480576, "ENV_Test_Weighted right action_epoch17": 0.8415213159741278, "ENV_Test_Weighted probability to choose the right action:_epoch17": 0.8149738461989435, "ENV_Test_proba_accuracy_epoch17": 0.7768068827480581, "ENV_Test_proba_accuracy_strategy_132_epoch17": 0.8287599318422466, "ENV_Test_proba_accuracy_strategy_23_epoch17": 0.7779451094205405, "ENV_Test_proba_accuracy_strategy_107_epoch17": 0.8504481889935176, "ENV_Test_proba_accuracy_strategy_43_epoch17": 0.7760832812909604, "ENV_Test_proba_accuracy_strategy_17_epoch17": 0.7439065452219016, "ENV_Test_proba_accuracy_strategy_93_epoch17": 0.7791849024108409, "ENV_Test_proba_accuracy_per_mean_strategy_epoch17": 0.7927213265300014, "ENV_Test_proba_accuracy_per_mean_user_epoch17": 0.7912710640951492, "ENV_Test_proba_accuracy_per_mean_user_and_bot_epoch17": 0.8149738461989449, "ENV_Test_accuracy_epoch17": 0.804288, "ENV_Test_accuracy_strategy_132_epoch17": 0.853257790368272, "ENV_Test_accuracy_strategy_23_epoch17": 0.8096623040878979, "ENV_Test_accuracy_strategy_107_epoch17": 0.8735632183908046, "ENV_Test_accuracy_strategy_43_epoch17": 0.8027989821882952, "ENV_Test_accuracy_strategy_17_epoch17": 0.7681488203266787, "ENV_Test_accuracy_strategy_93_epoch17": 0.8040665434380776, "ENV_Test_accuracy_per_mean_strategy_epoch17": 0.8185829431333378, "ENV_Test_accuracy_per_mean_user_epoch17": 0.8190769339931546, "ENV_Test_accuracy_per_mean_user_and_bot_epoch17": 0.8415213159741284, "ENV_Train_TotalLoss_epoch18": 520.1568407960751, "ENV_Train_Right action_epoch18": 0.8955004822409527, "ENV_Train_Probability to choose the right action_epoch18": 0.8550170979523573, "ENV_Train_Weighted right action_epoch18": 0.8955004822409527, "ENV_Train_Weighted probability to choose the right action:_epoch18": 0.8550170979523573, "ENV_Test_TotalLoss_epoch18": 413.41046803955425, "ENV_Test_Right action_epoch18": 0.796928, "ENV_Test_Probability to choose the right action_epoch18": 0.782614804795102, "ENV_Test_Weighted right action_epoch18": 0.836153212293005, "ENV_Test_Weighted probability to choose the right action:_epoch18": 0.8231863052446977, "ENV_Test_proba_accuracy_epoch18": 0.7826148047951017, "ENV_Test_proba_accuracy_strategy_132_epoch18": 0.8334867143686395, "ENV_Test_proba_accuracy_strategy_23_epoch18": 0.7834508828662825, "ENV_Test_proba_accuracy_strategy_107_epoch18": 0.85302636623749, "ENV_Test_proba_accuracy_strategy_43_epoch18": 0.7848502448794386, "ENV_Test_proba_accuracy_strategy_17_epoch18": 0.7506411112966268, "ENV_Test_proba_accuracy_strategy_93_epoch18": 0.7822283728454291, "ENV_Test_proba_accuracy_per_mean_strategy_epoch18": 0.7979472820823178, "ENV_Test_proba_accuracy_per_mean_user_epoch18": 0.7984375650386817, "ENV_Test_proba_accuracy_per_mean_user_and_bot_epoch18": 0.8231863052446974, "ENV_Test_accuracy_epoch18": 0.796928, "ENV_Test_accuracy_strategy_132_epoch18": 0.8492917847025496, "ENV_Test_accuracy_strategy_23_epoch18": 0.7994829536274034, "ENV_Test_accuracy_strategy_107_epoch18": 0.8587848932676518, "ENV_Test_accuracy_strategy_43_epoch18": 0.7970737913486005, "ENV_Test_accuracy_strategy_17_epoch18": 0.7642921960072595, "ENV_Test_accuracy_strategy_93_epoch18": 0.7948243992606284, "ENV_Test_accuracy_per_mean_strategy_epoch18": 0.8106250030356822, "ENV_Test_accuracy_per_mean_user_epoch18": 0.8130058061271945, "ENV_Test_accuracy_per_mean_user_and_bot_epoch18": 0.8361532122930055, "ENV_Train_TotalLoss_epoch19": 509.92130590047964, "ENV_Train_Right action_epoch19": 0.8987589445438283, "ENV_Train_Probability to choose the right action_epoch19": 0.8582637318010466, "ENV_Train_Weighted right action_epoch19": 0.8987589445438283, "ENV_Train_Weighted probability to choose the right action:_epoch19": 0.8582637318010466, "ENV_Test_TotalLoss_epoch19": 428.3542967416446, "ENV_Test_Right action_epoch19": 0.79328, "ENV_Test_Probability to choose the right action_epoch19": 0.7804282236171346, "ENV_Test_Weighted right action_epoch19": 0.8320564470754773, "ENV_Test_Weighted probability to choose the right action:_epoch19": 0.8203062413459462, "ENV_Test_proba_accuracy_epoch19": 0.7804282236171352, "ENV_Test_proba_accuracy_strategy_132_epoch19": 0.8353037032174049, "ENV_Test_proba_accuracy_strategy_23_epoch19": 0.7815431310792614, "ENV_Test_proba_accuracy_strategy_107_epoch19": 0.8569320502614535, "ENV_Test_proba_accuracy_strategy_43_epoch19": 0.778406951534316, "ENV_Test_proba_accuracy_strategy_17_epoch19": 0.747491717609192, "ENV_Test_proba_accuracy_strategy_93_epoch19": 0.7785939759214242, "ENV_Test_proba_accuracy_per_mean_strategy_epoch19": 0.7963785882705087, "ENV_Test_proba_accuracy_per_mean_user_epoch19": 0.7943605449572965, "ENV_Test_proba_accuracy_per_mean_user_and_bot_epoch19": 0.8203062413459462, "ENV_Test_accuracy_epoch19": 0.79328, "ENV_Test_accuracy_strategy_132_epoch19": 0.8436260623229461, "ENV_Test_accuracy_strategy_23_epoch19": 0.7972208757472936, "ENV_Test_accuracy_strategy_107_epoch19": 0.8735632183908046, "ENV_Test_accuracy_strategy_43_epoch19": 0.7938931297709924, "ENV_Test_accuracy_strategy_17_epoch19": 0.7568058076225045, "ENV_Test_accuracy_strategy_93_epoch19": 0.7911275415896488, "ENV_Test_accuracy_per_mean_strategy_epoch19": 0.8093727725740317, "ENV_Test_accuracy_per_mean_user_epoch19": 0.8067290818006368, "ENV_Test_accuracy_per_mean_user_and_bot_epoch19": 0.8320564470754774, "ENV_Train_TotalLoss_epoch20": 486.5576269076601, "ENV_Train_Right action_epoch20": 0.9037335234341147, "ENV_Train_Probability to choose the right action_epoch20": 0.8650087481308699, "ENV_Train_Weighted right action_epoch20": 0.9037335234341147, "ENV_Train_Weighted probability to choose the right action:_epoch20": 0.8650087481308699, "ENV_Test_TotalLoss_epoch20": 384.8759941840039, "ENV_Test_Right action_epoch20": 0.79616, "ENV_Test_Probability to choose the right action_epoch20": 0.7791713346743279, "ENV_Test_Weighted right action_epoch20": 0.8394348387542363, "ENV_Test_Weighted probability to choose the right action:_epoch20": 0.8206070929494352, "ENV_Test_proba_accuracy_epoch20": 0.7791713346743282, "ENV_Test_proba_accuracy_strategy_132_epoch20": 0.8322561184880766, "ENV_Test_proba_accuracy_strategy_23_epoch20": 0.7794338423468072, "ENV_Test_proba_accuracy_strategy_107_epoch20": 0.851622178996018, "ENV_Test_proba_accuracy_strategy_43_epoch20": 0.7870850576114216, "ENV_Test_proba_accuracy_strategy_17_epoch20": 0.7434199449890132, "ENV_Test_proba_accuracy_strategy_93_epoch20": 0.7844484933320097, "ENV_Test_proba_accuracy_per_mean_strategy_epoch20": 0.7963776059605577, "ENV_Test_proba_accuracy_per_mean_user_epoch20": 0.7940554759969057, "ENV_Test_proba_accuracy_per_mean_user_and_bot_epoch20": 0.8206070929494363, "ENV_Test_accuracy_epoch20": 0.79616, "ENV_Test_accuracy_strategy_132_epoch20": 0.853257790368272, "ENV_Test_accuracy_strategy_23_epoch20": 0.7977056067216028, "ENV_Test_accuracy_strategy_107_epoch20": 0.8752052545155994, "ENV_Test_accuracy_strategy_43_epoch20": 0.8110687022900763, "ENV_Test_accuracy_strategy_17_epoch20": 0.7538566243194192, "ENV_Test_accuracy_strategy_93_epoch20": 0.800369685767098, "ENV_Test_accuracy_per_mean_strategy_epoch20": 0.8152439439970114, "ENV_Test_accuracy_per_mean_user_epoch20": 0.8117120986256775, "ENV_Test_accuracy_per_mean_user_and_bot_epoch20": 0.8394348387542366, "ENV_Train_TotalLoss_epoch21": 477.51941850223824, "ENV_Train_Right action_epoch21": 0.9060263864042933, "ENV_Train_Probability to choose the right action_epoch21": 0.8681108846319077, "ENV_Train_Weighted right action_epoch21": 0.9060263864042933, "ENV_Train_Weighted probability to choose the right action:_epoch21": 0.8681108846319077, "ENV_Test_TotalLoss_epoch21": 425.50950952711025, "ENV_Test_Right action_epoch21": 0.796352, "ENV_Test_Probability to choose the right action_epoch21": 0.7819211519501853, "ENV_Test_Weighted right action_epoch21": 0.8391022143359874, "ENV_Test_Weighted probability to choose the right action:_epoch21": 0.8245016805627465, "ENV_Test_proba_accuracy_epoch21": 0.7819211519501856, "ENV_Test_proba_accuracy_strategy_132_epoch21": 0.8342352739824832, "ENV_Test_proba_accuracy_strategy_23_epoch21": 0.7831297038156478, "ENV_Test_proba_accuracy_strategy_107_epoch21": 0.8619181006872507, "ENV_Test_proba_accuracy_strategy_43_epoch21": 0.7813144077329577, "ENV_Test_proba_accuracy_strategy_17_epoch21": 0.7468464871184305, "ENV_Test_proba_accuracy_strategy_93_epoch21": 0.7884189613999426, "ENV_Test_proba_accuracy_per_mean_strategy_epoch21": 0.7993104891227855, "ENV_Test_proba_accuracy_per_mean_user_epoch21": 0.7960055354859144, "ENV_Test_proba_accuracy_per_mean_user_and_bot_epoch21": 0.824501680562747, "ENV_Test_accuracy_epoch21": 0.796352, "ENV_Test_accuracy_strategy_132_epoch21": 0.8458923512747876, "ENV_Test_accuracy_strategy_23_epoch21": 0.799321376635967, "ENV_Test_accuracy_strategy_107_epoch21": 0.8801313628899836, "ENV_Test_accuracy_strategy_43_epoch21": 0.7926208651399491, "ENV_Test_accuracy_strategy_17_epoch21": 0.7602087114337568, "ENV_Test_accuracy_strategy_93_epoch21": 0.8040665434380776, "ENV_Test_accuracy_per_mean_strategy_epoch21": 0.8137068684687536, "ENV_Test_accuracy_per_mean_user_epoch21": 0.8102085586269283, "ENV_Test_accuracy_per_mean_user_and_bot_epoch21": 0.839102214335988, "ENV_Train_TotalLoss_epoch22": 457.0072379106794, "ENV_Train_Right action_epoch22": 0.9104110469748005, "ENV_Train_Probability to choose the right action_epoch22": 0.8738839447606559, "ENV_Train_Weighted right action_epoch22": 0.9104110469748005, "ENV_Train_Weighted probability to choose the right action:_epoch22": 0.8738839447606559, "ENV_Test_TotalLoss_epoch22": 374.59789039757493, "ENV_Test_Right action_epoch22": 0.798528, "ENV_Test_Probability to choose the right action_epoch22": 0.778652554105332, "ENV_Test_Weighted right action_epoch22": 0.8367220499793288, "ENV_Test_Weighted probability to choose the right action:_epoch22": 0.8187904187736517, "ENV_Test_proba_accuracy_epoch22": 0.778652554105332, "ENV_Test_proba_accuracy_strategy_132_epoch22": 0.8336886306919026, "ENV_Test_proba_accuracy_strategy_23_epoch22": 0.7795834692549862, "ENV_Test_proba_accuracy_strategy_107_epoch22": 0.8559393357629397, "ENV_Test_proba_accuracy_strategy_43_epoch22": 0.7772176107645117, "ENV_Test_proba_accuracy_strategy_17_epoch22": 0.7437279191016256, "ENV_Test_proba_accuracy_strategy_93_epoch22": 0.7844157361405601, "ENV_Test_proba_accuracy_per_mean_strategy_epoch22": 0.7957621169527543, "ENV_Test_proba_accuracy_per_mean_user_epoch22": 0.7919507200109317, "ENV_Test_proba_accuracy_per_mean_user_and_bot_epoch22": 0.8187904187736523, "ENV_Test_accuracy_epoch22": 0.798528, "ENV_Test_accuracy_strategy_132_epoch22": 0.8509915014164305, "ENV_Test_accuracy_strategy_23_epoch22": 0.8019066084989498, "ENV_Test_accuracy_strategy_107_epoch22": 0.8587848932676518, "ENV_Test_accuracy_strategy_43_epoch22": 0.7970737913486005, "ENV_Test_accuracy_strategy_17_epoch22": 0.7631578947368421, "ENV_Test_accuracy_strategy_93_epoch22": 0.8059149722735675, "ENV_Test_accuracy_per_mean_strategy_epoch22": 0.8129716102570071, "ENV_Test_accuracy_per_mean_user_epoch22": 0.8121063220113545, "ENV_Test_accuracy_per_mean_user_and_bot_epoch22": 0.8367220499793302, "ENV_Train_TotalLoss_epoch23": 469.2670715240981, "ENV_Train_Right action_epoch23": 0.9093488378593692, "ENV_Train_Probability to choose the right action_epoch23": 0.8716975782150602, "ENV_Train_Weighted right action_epoch23": 0.9093488378593692, "ENV_Train_Weighted probability to choose the right action:_epoch23": 0.8716975782150602, "ENV_Test_TotalLoss_epoch23": 393.1331621278857, "ENV_Test_Right action_epoch23": 0.793344, "ENV_Test_Probability to choose the right action_epoch23": 0.7773114210135608, "ENV_Test_Weighted right action_epoch23": 0.8314628146133102, "ENV_Test_Weighted probability to choose the right action:_epoch23": 0.8159246963822422, "ENV_Test_proba_accuracy_epoch23": 0.7773114210135611, "ENV_Test_proba_accuracy_strategy_132_epoch23": 0.8321962587461119, "ENV_Test_proba_accuracy_strategy_23_epoch23": 0.7801690125016189, "ENV_Test_proba_accuracy_strategy_107_epoch23": 0.8555987690813862, "ENV_Test_proba_accuracy_strategy_43_epoch23": 0.7788481354331529, "ENV_Test_proba_accuracy_strategy_17_epoch23": 0.7393124899320266, "ENV_Test_proba_accuracy_strategy_93_epoch23": 0.7799446981382914, "ENV_Test_proba_accuracy_per_mean_strategy_epoch23": 0.794344893972098, "ENV_Test_proba_accuracy_per_mean_user_epoch23": 0.7901505666482068, "ENV_Test_proba_accuracy_per_mean_user_and_bot_epoch23": 0.8159246963822427, "ENV_Test_accuracy_epoch23": 0.793344, "ENV_Test_accuracy_strategy_132_epoch23": 0.8430594900849858, "ENV_Test_accuracy_strategy_23_epoch23": 0.7999676846017127, "ENV_Test_accuracy_strategy_107_epoch23": 0.8735632183908046, "ENV_Test_accuracy_strategy_43_epoch23": 0.7958015267175572, "ENV_Test_accuracy_strategy_17_epoch23": 0.7515880217785844, "ENV_Test_accuracy_strategy_93_epoch23": 0.7957486136783734, "ENV_Test_accuracy_per_mean_strategy_epoch23": 0.8099547592086699, "ENV_Test_accuracy_per_mean_user_epoch23": 0.8075055929257143, "ENV_Test_accuracy_per_mean_user_and_bot_epoch23": 0.8314628146133107, "ENV_Train_TotalLoss_epoch24": 442.03545012091945, "ENV_Train_Right action_epoch24": 0.9155297735532569, "ENV_Train_Probability to choose the right action_epoch24": 0.8797565778062368, "ENV_Train_Weighted right action_epoch24": 0.9155297735532569, "ENV_Train_Weighted probability to choose the right action:_epoch24": 0.8797565778062368, "ENV_Test_TotalLoss_epoch24": 437.116362786544, "ENV_Test_Right action_epoch24": 0.79392, "ENV_Test_Probability to choose the right action_epoch24": 0.7809219465640264, "ENV_Test_Weighted right action_epoch24": 0.8353881610974797, "ENV_Test_Weighted probability to choose the right action:_epoch24": 0.8208907087136988, "ENV_Test_proba_accuracy_epoch24": 0.7809219465640268, "ENV_Test_proba_accuracy_strategy_132_epoch24": 0.8307912159228, "ENV_Test_proba_accuracy_strategy_23_epoch24": 0.7834204299399444, "ENV_Test_proba_accuracy_strategy_107_epoch24": 0.8640435334943746, "ENV_Test_proba_accuracy_strategy_43_epoch24": 0.784807856715406, "ENV_Test_proba_accuracy_strategy_17_epoch24": 0.7419544260196372, "ENV_Test_proba_accuracy_strategy_93_epoch24": 0.791602870158602, "ENV_Test_proba_accuracy_per_mean_strategy_epoch24": 0.7994367220417941, "ENV_Test_proba_accuracy_per_mean_user_epoch24": 0.7938499661161017, "ENV_Test_proba_accuracy_per_mean_user_and_bot_epoch24": 0.820890708713699, "ENV_Test_accuracy_epoch24": 0.79392, "ENV_Test_accuracy_strategy_132_epoch24": 0.8402266288951842, "ENV_Test_accuracy_strategy_23_epoch24": 0.7959282598158022, "ENV_Test_accuracy_strategy_107_epoch24": 0.8834154351395731, "ENV_Test_accuracy_strategy_43_epoch24": 0.8002544529262087, "ENV_Test_accuracy_strategy_17_epoch24": 0.7549909255898367, "ENV_Test_accuracy_strategy_93_epoch24": 0.8059149722735675, "ENV_Test_accuracy_per_mean_strategy_epoch24": 0.8134551124400288, "ENV_Test_accuracy_per_mean_user_epoch24": 0.8075129153274351, "ENV_Test_accuracy_per_mean_user_and_bot_epoch24": 0.8353881610974803, "_wandb": {"runtime": 2442}}