{"ENV_Train_TotalLoss": 380.3963161827157, "ENV_Train_TotalLoss_epoch0": 1024.2083371261128, "ENV_Train_Right action": 0.9280333207541895, "ENV_Train_Right action_epoch0": 0.7883021978789699, "ENV_Train_Probability to choose the right action": 0.8964153041414752, "ENV_Train_Probability to choose the right action_epoch0": 0.707210538052504, "ENV_Train_Weighted right action": 0.9280333207541895, "ENV_Train_Weighted right action_epoch0": 0.7883021978789699, "ENV_Train_Weighted probability to choose the right action:": 0.8964153041414752, "ENV_Train_Weighted probability to choose the right action:_epoch0": 0.707210538052504, "_timestamp": 1720461143.3467972, "_runtime": 2103.857070207596, "_step": 49, "ENV_Test_TotalLoss": 599.7732005625102, "ENV_Test_TotalLoss_epoch0": 210.7769962117688, "ENV_Test_Right action": 0.79392, "ENV_Test_Right action_epoch0": 0.80128, "ENV_Test_Probability to choose the right action": 0.7864255250850357, "ENV_Test_Probability to choose the right action_epoch0": 0.7545040721335663, "ENV_Test_Weighted right action": 0.8211103903612872, "ENV_Test_Weighted right action_epoch0": 0.8360380847815455, "ENV_Test_Weighted probability to choose the right action:": 0.8140769656475855, "ENV_Test_Weighted probability to choose the right action:_epoch0": 0.7856805640755575, "ENV_Test_proba_accuracy": 0.786425525085035, "ENV_Test_proba_accuracy_epoch0": 0.7545040721335655, "ENV_Test_proba_accuracy_strategy_132": 0.8277114433607647, "ENV_Test_proba_accuracy_strategy_132_epoch0": 0.802688598996672, "ENV_Test_proba_accuracy_strategy_23": 0.7913281719321044, "ENV_Test_proba_accuracy_strategy_23_epoch0": 0.7559101307554389, "ENV_Test_proba_accuracy_strategy_107": 0.8434956750801831, "ENV_Test_proba_accuracy_strategy_107_epoch0": 0.8039607829477983, "ENV_Test_proba_accuracy_strategy_43": 0.773934270982713, "ENV_Test_proba_accuracy_strategy_43_epoch0": 0.7497673259494744, "ENV_Test_proba_accuracy_strategy_17": 0.7610526623186018, "ENV_Test_proba_accuracy_strategy_17_epoch0": 0.7277628586114903, "ENV_Test_proba_accuracy_strategy_93": 0.7804292053836182, "ENV_Test_proba_accuracy_strategy_93_epoch0": 0.7558483517977752, "ENV_Test_proba_accuracy_per_mean_strategy": 0.7963252381763307, "ENV_Test_proba_accuracy_per_mean_strategy_epoch0": 0.7659896748431082, "ENV_Test_proba_accuracy_per_mean_user": 0.7988223409091181, "ENV_Test_proba_accuracy_per_mean_user_epoch0": 0.7661574156772625, "ENV_Test_proba_accuracy_per_mean_user_and_bot": 0.8140769656475874, "ENV_Test_proba_accuracy_per_mean_user_and_bot_epoch0": 0.7856805640755581, "ENV_Test_accuracy": 0.79392, "ENV_Test_accuracy_epoch0": 0.80128, "ENV_Test_accuracy_strategy_132": 0.8339943342776204, "ENV_Test_accuracy_strategy_132_epoch0": 0.8470254957507082, "ENV_Test_accuracy_strategy_23": 0.8012603005332041, "ENV_Test_accuracy_strategy_23_epoch0": 0.8010987235417677, "ENV_Test_accuracy_strategy_107": 0.8505747126436781, "ENV_Test_accuracy_strategy_107_epoch0": 0.8555008210180624, "ENV_Test_accuracy_strategy_43": 0.7830788804071247, "ENV_Test_accuracy_strategy_43_epoch0": 0.8027989821882952, "ENV_Test_accuracy_strategy_17": 0.7658802177858439, "ENV_Test_accuracy_strategy_17_epoch0": 0.772005444646098, "ENV_Test_accuracy_strategy_93": 0.7846580406654344, "ENV_Test_accuracy_strategy_93_epoch0": 0.8142329020332717, "ENV_Test_accuracy_per_mean_strategy": 0.803241081052151, "ENV_Test_accuracy_per_mean_strategy_epoch0": 0.8154437281963672, "ENV_Test_accuracy_per_mean_user": 0.8065916766696315, "ENV_Test_accuracy_per_mean_user_epoch0": 0.8131267653166813, "ENV_Test_accuracy_per_mean_user_and_bot": 0.8211103903612866, "ENV_Test_accuracy_per_mean_user_and_bot_epoch0": 0.8360380847815463, "ENV_Train_TotalLoss_epoch1": 904.2620249351173, "ENV_Train_Right action_epoch1": 0.813265306122449, "ENV_Train_Probability to choose the right action_epoch1": 0.7430535455448933, "ENV_Train_Weighted right action_epoch1": 0.813265306122449, "ENV_Train_Weighted probability to choose the right action:_epoch1": 0.7430535455448933, "ENV_Test_TotalLoss_epoch1": 204.01961358914588, "ENV_Test_Right action_epoch1": 0.80704, "ENV_Test_Probability to choose the right action_epoch1": 0.7559172015743664, "ENV_Test_Weighted right action_epoch1": 0.843886443773936, "ENV_Test_Weighted probability to choose the right action:_epoch1": 0.784854384555821, "ENV_Test_proba_accuracy_epoch1": 0.7559172015743666, "ENV_Test_proba_accuracy_strategy_132_epoch1": 0.7972623831472179, "ENV_Test_proba_accuracy_strategy_23_epoch1": 0.7587113472533824, "ENV_Test_proba_accuracy_strategy_107_epoch1": 0.8077710707138789, "ENV_Test_proba_accuracy_strategy_43_epoch1": 0.7520003747576357, "ENV_Test_proba_accuracy_strategy_17_epoch1": 0.7292569919229145, "ENV_Test_proba_accuracy_strategy_93_epoch1": 0.7576078083303999, "ENV_Test_proba_accuracy_per_mean_strategy_epoch1": 0.7671016626875716, "ENV_Test_proba_accuracy_per_mean_user_epoch1": 0.7671226907764611, "ENV_Test_proba_accuracy_per_mean_user_and_bot_epoch1": 0.7848543845558204, "ENV_Test_accuracy_epoch1": 0.80704, "ENV_Test_accuracy_strategy_132_epoch1": 0.8577903682719547, "ENV_Test_accuracy_strategy_23_epoch1": 0.8061076102762966, "ENV_Test_accuracy_strategy_107_epoch1": 0.8719211822660099, "ENV_Test_accuracy_strategy_43_epoch1": 0.8091603053435115, "ENV_Test_accuracy_strategy_17_epoch1": 0.7776769509981851, "ENV_Test_accuracy_strategy_93_epoch1": 0.8096118299445472, "ENV_Test_accuracy_per_mean_strategy_epoch1": 0.8220447078500842, "ENV_Test_accuracy_per_mean_user_epoch1": 0.8217391599637421, "ENV_Test_accuracy_per_mean_user_and_bot_epoch1": 0.8438864437739353, "ENV_Train_TotalLoss_epoch2": 860.8553209102954, "ENV_Train_Right action_epoch2": 0.821524914389545, "ENV_Train_Probability to choose the right action_epoch2": 0.7544914566796588, "ENV_Train_Weighted right action_epoch2": 0.821524914389545, "ENV_Train_Weighted probability to choose the right action:_epoch2": 0.7544914566796588, "ENV_Test_TotalLoss_epoch2": 207.25455728218353, "ENV_Test_Right action_epoch2": 0.8, "ENV_Test_Probability to choose the right action_epoch2": 0.7571786237251864, "ENV_Test_Weighted right action_epoch2": 0.8325165676367631, "ENV_Test_Weighted probability to choose the right action:_epoch2": 0.7861767934865862, "ENV_Test_proba_accuracy_epoch2": 0.7571786237251856, "ENV_Test_proba_accuracy_strategy_132_epoch2": 0.798825104140047, "ENV_Test_proba_accuracy_strategy_23_epoch2": 0.7614581707555692, "ENV_Test_proba_accuracy_strategy_107_epoch2": 0.814923555670473, "ENV_Test_proba_accuracy_strategy_43_epoch2": 0.7496149155953541, "ENV_Test_proba_accuracy_strategy_17_epoch2": 0.729708105597452, "ENV_Test_proba_accuracy_strategy_93_epoch2": 0.755165107116305, "ENV_Test_proba_accuracy_per_mean_strategy_epoch2": 0.7682824931458666, "ENV_Test_proba_accuracy_per_mean_user_epoch2": 0.7694012397160465, "ENV_Test_proba_accuracy_per_mean_user_and_bot_epoch2": 0.7861767934865856, "ENV_Test_accuracy_epoch2": 0.8, "ENV_Test_accuracy_strategy_132_epoch2": 0.8419263456090652, "ENV_Test_accuracy_strategy_23_epoch2": 0.8036839554047503, "ENV_Test_accuracy_strategy_107_epoch2": 0.8702791461412152, "ENV_Test_accuracy_strategy_43_epoch2": 0.7958015267175572, "ENV_Test_accuracy_strategy_17_epoch2": 0.7676950998185118, "ENV_Test_accuracy_strategy_93_epoch2": 0.8086876155268022, "ENV_Test_accuracy_per_mean_strategy_epoch2": 0.8146789482029836, "ENV_Test_accuracy_per_mean_user_epoch2": 0.8150863142168225, "ENV_Test_accuracy_per_mean_user_and_bot_epoch2": 0.8325165676367634, "ENV_Train_TotalLoss_epoch3": 830.0529963554201, "ENV_Train_Right action_epoch3": 0.8287519040764705, "ENV_Train_Probability to choose the right action_epoch3": 0.7642488065193724, "ENV_Train_Weighted right action_epoch3": 0.8287519040764705, "ENV_Train_Weighted probability to choose the right action:_epoch3": 0.7642488065193724, "ENV_Test_TotalLoss_epoch3": 207.567079843623, "ENV_Test_Right action_epoch3": 0.805184, "ENV_Test_Probability to choose the right action_epoch3": 0.7537646933892641, "ENV_Test_Weighted right action_epoch3": 0.8408411363249467, "ENV_Test_Weighted probability to choose the right action:_epoch3": 0.7899196295106296, "ENV_Test_proba_accuracy_epoch3": 0.7537646933892643, "ENV_Test_proba_accuracy_strategy_132_epoch3": 0.8059481551214706, "ENV_Test_proba_accuracy_strategy_23_epoch3": 0.7537500597957303, "ENV_Test_proba_accuracy_strategy_107_epoch3": 0.817623166792056, "ENV_Test_proba_accuracy_strategy_43_epoch3": 0.7517839401169115, "ENV_Test_proba_accuracy_strategy_17_epoch3": 0.7237374186396862, "ENV_Test_proba_accuracy_strategy_93_epoch3": 0.757989201976156, "ENV_Test_proba_accuracy_per_mean_strategy_epoch3": 0.7684719904070018, "ENV_Test_proba_accuracy_per_mean_user_epoch3": 0.7682010399150607, "ENV_Test_proba_accuracy_per_mean_user_and_bot_epoch3": 0.78991962951063, "ENV_Test_accuracy_epoch3": 0.805184, "ENV_Test_accuracy_strategy_132_epoch3": 0.851558073654391, "ENV_Test_accuracy_strategy_23_epoch3": 0.8082081111649702, "ENV_Test_accuracy_strategy_107_epoch3": 0.8735632183908046, "ENV_Test_accuracy_strategy_43_epoch3": 0.806615776081425, "ENV_Test_accuracy_strategy_17_epoch3": 0.7695099818511797, "ENV_Test_accuracy_strategy_93_epoch3": 0.8170055452865065, "ENV_Test_accuracy_per_mean_strategy_epoch3": 0.8210767844048795, "ENV_Test_accuracy_per_mean_user_epoch3": 0.8185036449516008, "ENV_Test_accuracy_per_mean_user_and_bot_epoch3": 0.840841136324946, "ENV_Train_TotalLoss_epoch4": 797.4512053044195, "ENV_Train_Right action_epoch4": 0.8367155835080363, "ENV_Train_Probability to choose the right action_epoch4": 0.7736533568828952, "ENV_Train_Weighted right action_epoch4": 0.8367155835080363, "ENV_Train_Weighted probability to choose the right action:_epoch4": 0.7736533568828952, "ENV_Test_TotalLoss_epoch4": 214.97298725892375, "ENV_Test_Right action_epoch4": 0.808704, "ENV_Test_Probability to choose the right action_epoch4": 0.7691646808834954, "ENV_Test_Weighted right action_epoch4": 0.8460636033608041, "ENV_Test_Weighted probability to choose the right action:_epoch4": 0.8053859529436382, "ENV_Test_proba_accuracy_epoch4": 0.7691646808834957, "ENV_Test_proba_accuracy_strategy_132_epoch4": 0.8176688034975945, "ENV_Test_proba_accuracy_strategy_23_epoch4": 0.7690171189943515, "ENV_Test_proba_accuracy_strategy_107_epoch4": 0.8371913457387361, "ENV_Test_proba_accuracy_strategy_43_epoch4": 0.7655436572425933, "ENV_Test_proba_accuracy_strategy_17_epoch4": 0.7407217579919979, "ENV_Test_proba_accuracy_strategy_93_epoch4": 0.7737339031481965, "ENV_Test_proba_accuracy_per_mean_strategy_epoch4": 0.783979431102245, "ENV_Test_proba_accuracy_per_mean_user_epoch4": 0.7832954444450688, "ENV_Test_proba_accuracy_per_mean_user_and_bot_epoch4": 0.8053859529436381, "ENV_Test_accuracy_epoch4": 0.808704, "ENV_Test_accuracy_strategy_132_epoch4": 0.8475920679886686, "ENV_Test_accuracy_strategy_23_epoch4": 0.809339150105025, "ENV_Test_accuracy_strategy_107_epoch4": 0.8850574712643678, "ENV_Test_accuracy_strategy_43_epoch4": 0.8040712468193384, "ENV_Test_accuracy_strategy_17_epoch4": 0.7806261343012704, "ENV_Test_accuracy_strategy_93_epoch4": 0.8197781885397413, "ENV_Test_accuracy_per_mean_strategy_epoch4": 0.8244107098364019, "ENV_Test_accuracy_per_mean_user_epoch4": 0.8224460464288548, "ENV_Test_accuracy_per_mean_user_and_bot_epoch4": 0.846063603360805, "ENV_Train_TotalLoss_epoch5": 771.5456656841054, "ENV_Train_Right action_epoch5": 0.8424775297390235, "ENV_Train_Probability to choose the right action_epoch5": 0.7817674597690144, "ENV_Train_Weighted right action_epoch5": 0.8424775297390235, "ENV_Train_Weighted probability to choose the right action:_epoch5": 0.7817674597690144, "ENV_Test_TotalLoss_epoch5": 219.1325316544092, "ENV_Test_Right action_epoch5": 0.810112, "ENV_Test_Probability to choose the right action_epoch5": 0.7733488352991105, "ENV_Test_Weighted right action_epoch5": 0.8452805230409098, "ENV_Test_Weighted probability to choose the right action:_epoch5": 0.8081299973476502, "ENV_Test_proba_accuracy_epoch5": 0.7733488352991104, "ENV_Test_proba_accuracy_strategy_132_epoch5": 0.819570522709311, "ENV_Test_proba_accuracy_strategy_23_epoch5": 0.7745260065529063, "ENV_Test_proba_accuracy_strategy_107_epoch5": 0.8402717541080865, "ENV_Test_proba_accuracy_strategy_43_epoch5": 0.7665513428547683, "ENV_Test_proba_accuracy_strategy_17_epoch5": 0.7455865615252811, "ENV_Test_proba_accuracy_strategy_93_epoch5": 0.7765271275302857, "ENV_Test_proba_accuracy_per_mean_strategy_epoch5": 0.7871722192134398, "ENV_Test_proba_accuracy_per_mean_user_epoch5": 0.7868652658077443, "ENV_Test_proba_accuracy_per_mean_user_and_bot_epoch5": 0.8081299973476508, "ENV_Test_accuracy_epoch5": 0.810112, "ENV_Test_accuracy_strategy_132_epoch5": 0.8572237960339943, "ENV_Test_accuracy_strategy_23_epoch5": 0.8128938439166262, "ENV_Test_accuracy_strategy_107_epoch5": 0.8784893267651889, "ENV_Test_accuracy_strategy_43_epoch5": 0.7977099236641222, "ENV_Test_accuracy_strategy_17_epoch5": 0.780852994555354, "ENV_Test_accuracy_strategy_93_epoch5": 0.8160813308687616, "ENV_Test_accuracy_per_mean_strategy_epoch5": 0.8238752026340079, "ENV_Test_accuracy_per_mean_user_epoch5": 0.8233615653662406, "ENV_Test_accuracy_per_mean_user_and_bot_epoch5": 0.8452805230409102, "ENV_Train_TotalLoss_epoch6": 742.445378847885, "ENV_Train_Right action_epoch6": 0.849853249475891, "ENV_Train_Probability to choose the right action_epoch6": 0.7905586171938072, "ENV_Train_Weighted right action_epoch6": 0.849853249475891, "ENV_Train_Weighted probability to choose the right action:_epoch6": 0.7905586171938072, "ENV_Test_TotalLoss_epoch6": 240.5323677899985, "ENV_Test_Right action_epoch6": 0.810944, "ENV_Test_Probability to choose the right action_epoch6": 0.7832935400386015, "ENV_Test_Weighted right action_epoch6": 0.8442677500240489, "ENV_Test_Weighted probability to choose the right action:_epoch6": 0.8154562830769155, "ENV_Test_proba_accuracy_epoch6": 0.7832935400386017, "ENV_Test_proba_accuracy_strategy_132_epoch6": 0.8285576691452009, "ENV_Test_proba_accuracy_strategy_23_epoch6": 0.7850026467929453, "ENV_Test_proba_accuracy_strategy_107_epoch6": 0.8511715227024658, "ENV_Test_proba_accuracy_strategy_43_epoch6": 0.7736253030215163, "ENV_Test_proba_accuracy_strategy_17_epoch6": 0.7572329017907102, "ENV_Test_proba_accuracy_strategy_93_epoch6": 0.7816920806758398, "ENV_Test_proba_accuracy_per_mean_strategy_epoch6": 0.7962136873547797, "ENV_Test_proba_accuracy_per_mean_user_epoch6": 0.795773747427002, "ENV_Test_proba_accuracy_per_mean_user_and_bot_epoch6": 0.8154562830769159, "ENV_Test_accuracy_epoch6": 0.810944, "ENV_Test_accuracy_strategy_132_epoch6": 0.851558073654391, "ENV_Test_accuracy_strategy_23_epoch6": 0.8132169978994991, "ENV_Test_accuracy_strategy_107_epoch6": 0.8850574712643678, "ENV_Test_accuracy_strategy_43_epoch6": 0.8021628498727735, "ENV_Test_accuracy_strategy_17_epoch6": 0.7833484573502723, "ENV_Test_accuracy_strategy_93_epoch6": 0.8151571164510166, "ENV_Test_accuracy_per_mean_strategy_epoch6": 0.8250834944153866, "ENV_Test_accuracy_per_mean_user_epoch6": 0.8239679767242923, "ENV_Test_accuracy_per_mean_user_and_bot_epoch6": 0.8442677500240481, "ENV_Train_TotalLoss_epoch7": 716.454753211914, "ENV_Train_Right action_epoch7": 0.8565159054061608, "ENV_Train_Probability to choose the right action_epoch7": 0.7979396334679484, "ENV_Train_Weighted right action_epoch7": 0.8565159054061608, "ENV_Train_Weighted probability to choose the right action:_epoch7": 0.7979396334679484, "ENV_Test_TotalLoss_epoch7": 228.1969783574731, "ENV_Test_Right action_epoch7": 0.806528, "ENV_Test_Probability to choose the right action_epoch7": 0.7666287675303103, "ENV_Test_Weighted right action_epoch7": 0.8397430564470626, "ENV_Test_Weighted probability to choose the right action:_epoch7": 0.7997851768888419, "ENV_Test_proba_accuracy_epoch7": 0.76662876753031, "ENV_Test_proba_accuracy_strategy_132_epoch7": 0.8082826277981965, "ENV_Test_proba_accuracy_strategy_23_epoch7": 0.7679873029508507, "ENV_Test_proba_accuracy_strategy_107_epoch7": 0.83584879570095, "ENV_Test_proba_accuracy_strategy_43_epoch7": 0.7602202894301094, "ENV_Test_proba_accuracy_strategy_17_epoch7": 0.7387465152132777, "ENV_Test_proba_accuracy_strategy_93_epoch7": 0.7748515582332016, "ENV_Test_proba_accuracy_per_mean_strategy_epoch7": 0.7809895148877644, "ENV_Test_proba_accuracy_per_mean_user_epoch7": 0.7786320762759336, "ENV_Test_proba_accuracy_per_mean_user_and_bot_epoch7": 0.7997851768888422, "ENV_Test_accuracy_epoch7": 0.806528, "ENV_Test_accuracy_strategy_132_epoch7": 0.8396600566572238, "ENV_Test_accuracy_strategy_23_epoch7": 0.8111164970108257, "ENV_Test_accuracy_strategy_107_epoch7": 0.8817733990147784, "ENV_Test_accuracy_strategy_43_epoch7": 0.8015267175572519, "ENV_Test_accuracy_strategy_17_epoch7": 0.7745009074410163, "ENV_Test_accuracy_strategy_93_epoch7": 0.821626617375231, "ENV_Test_accuracy_per_mean_strategy_epoch7": 0.8217006991760546, "ENV_Test_accuracy_per_mean_user_epoch7": 0.8178916612730246, "ENV_Test_accuracy_per_mean_user_and_bot_epoch7": 0.8397430564470632, "ENV_Train_TotalLoss_epoch8": 689.7727337765458, "ENV_Train_Right action_epoch8": 0.8616612391507917, "ENV_Train_Probability to choose the right action_epoch8": 0.8062580821370711, "ENV_Train_Weighted right action_epoch8": 0.8616612391507917, "ENV_Train_Weighted probability to choose the right action:_epoch8": 0.8062580821370711, "ENV_Test_TotalLoss_epoch8": 238.05009781731465, "ENV_Test_Right action_epoch8": 0.805824, "ENV_Test_Probability to choose the right action_epoch8": 0.7748215974943702, "ENV_Test_Weighted right action_epoch8": 0.8411918571547051, "ENV_Test_Weighted probability to choose the right action:_epoch8": 0.8078264892260573, "ENV_Test_proba_accuracy_epoch8": 0.7748215974943706, "ENV_Test_proba_accuracy_strategy_132_epoch8": 0.8121659967333013, "ENV_Test_proba_accuracy_strategy_23_epoch8": 0.7774911004647278, "ENV_Test_proba_accuracy_strategy_107_epoch8": 0.8367483175604605, "ENV_Test_proba_accuracy_strategy_43_epoch8": 0.7683924882899806, "ENV_Test_proba_accuracy_strategy_17_epoch8": 0.7500212971175049, "ENV_Test_proba_accuracy_strategy_93_epoch8": 0.7741547700174984, "ENV_Test_proba_accuracy_per_mean_strategy_epoch8": 0.7864956616972455, "ENV_Test_proba_accuracy_per_mean_user_epoch8": 0.7870044034919306, "ENV_Test_proba_accuracy_per_mean_user_and_bot_epoch8": 0.8078264892260566, "ENV_Test_accuracy_epoch8": 0.805824, "ENV_Test_accuracy_strategy_132_epoch8": 0.8379603399433427, "ENV_Test_accuracy_strategy_23_epoch8": 0.8091775731135886, "ENV_Test_accuracy_strategy_107_epoch8": 0.8850574712643678, "ENV_Test_accuracy_strategy_43_epoch8": 0.8110687022900763, "ENV_Test_accuracy_strategy_17_epoch8": 0.7731397459165155, "ENV_Test_accuracy_strategy_93_epoch8": 0.8151571164510166, "ENV_Test_accuracy_per_mean_strategy_epoch8": 0.8219268248298178, "ENV_Test_accuracy_per_mean_user_epoch8": 0.817192403763239, "ENV_Test_accuracy_per_mean_user_and_bot_epoch8": 0.8411918571547046, "ENV_Train_TotalLoss_epoch9": 661.35315045433, "ENV_Train_Right action_epoch9": 0.8674242424242424, "ENV_Train_Probability to choose the right action_epoch9": 0.8140225501084809, "ENV_Train_Weighted right action_epoch9": 0.8674242424242424, "ENV_Train_Weighted probability to choose the right action:_epoch9": 0.8140225501084809, "ENV_Test_TotalLoss_epoch9": 278.83851960897704, "ENV_Test_Right action_epoch9": 0.8064, "ENV_Test_Probability to choose the right action_epoch9": 0.7827302368493007, "ENV_Test_Weighted right action_epoch9": 0.8388931798790575, "ENV_Test_Weighted probability to choose the right action:_epoch9": 0.8129167505586277, "ENV_Test_proba_accuracy_epoch9": 0.7827302368493012, "ENV_Test_proba_accuracy_strategy_132_epoch9": 0.8254346013661691, "ENV_Test_proba_accuracy_strategy_23_epoch9": 0.7854337392166307, "ENV_Test_proba_accuracy_strategy_107_epoch9": 0.8349286647040408, "ENV_Test_proba_accuracy_strategy_43_epoch9": 0.7722204038440833, "ENV_Test_proba_accuracy_strategy_17_epoch9": 0.760226612374117, "ENV_Test_proba_accuracy_strategy_93_epoch9": 0.77517331640901, "ENV_Test_proba_accuracy_per_mean_strategy_epoch9": 0.7922362229856751, "ENV_Test_proba_accuracy_per_mean_user_epoch9": 0.794782905784923, "ENV_Test_proba_accuracy_per_mean_user_and_bot_epoch9": 0.8129167505586277, "ENV_Test_accuracy_epoch9": 0.8064, "ENV_Test_accuracy_strategy_132_epoch9": 0.8475920679886686, "ENV_Test_accuracy_strategy_23_epoch9": 0.8085312651478429, "ENV_Test_accuracy_strategy_107_epoch9": 0.8620689655172413, "ENV_Test_accuracy_strategy_43_epoch9": 0.7983460559796438, "ENV_Test_accuracy_strategy_17_epoch9": 0.7831215970961888, "ENV_Test_accuracy_strategy_93_epoch9": 0.8022181146025879, "ENV_Test_accuracy_per_mean_strategy_epoch9": 0.8169796777220287, "ENV_Test_accuracy_per_mean_user_epoch9": 0.8176192655625015, "ENV_Test_accuracy_per_mean_user_and_bot_epoch9": 0.8388931798790574, "ENV_Train_TotalLoss_epoch10": 638.192531085685, "ENV_Train_Right action_epoch10": 0.8722399239756274, "ENV_Train_Probability to choose the right action_epoch10": 0.8211829556124735, "ENV_Train_Weighted right action_epoch10": 0.8722399239756274, "ENV_Train_Weighted probability to choose the right action:_epoch10": 0.8211829556124735, "ENV_Test_TotalLoss_epoch10": 272.4633321088553, "ENV_Test_Right action_epoch10": 0.805504, "ENV_Test_Probability to choose the right action_epoch10": 0.774561649968474, "ENV_Test_Weighted right action_epoch10": 0.834470389918245, "ENV_Test_Weighted probability to choose the right action:_epoch10": 0.8058505462422572, "ENV_Test_proba_accuracy_epoch10": 0.7745616499684743, "ENV_Test_proba_accuracy_strategy_132_epoch10": 0.8199853930221618, "ENV_Test_proba_accuracy_strategy_23_epoch10": 0.7751097441706218, "ENV_Test_proba_accuracy_strategy_107_epoch10": 0.8355980694985178, "ENV_Test_proba_accuracy_strategy_43_epoch10": 0.7681494006973748, "ENV_Test_proba_accuracy_strategy_17_epoch10": 0.7508503370221126, "ENV_Test_proba_accuracy_strategy_93_epoch10": 0.7688900070119916, "ENV_Test_proba_accuracy_per_mean_strategy_epoch10": 0.7864304919037967, "ENV_Test_proba_accuracy_per_mean_user_epoch10": 0.7866949181068732, "ENV_Test_proba_accuracy_per_mean_user_and_bot_epoch10": 0.8058505462422583, "ENV_Test_accuracy_epoch10": 0.805504, "ENV_Test_accuracy_strategy_132_epoch10": 0.8470254957507082, "ENV_Test_accuracy_strategy_23_epoch10": 0.8065923412506059, "ENV_Test_accuracy_strategy_107_epoch10": 0.8637110016420362, "ENV_Test_accuracy_strategy_43_epoch10": 0.7970737913486005, "ENV_Test_accuracy_strategy_17_epoch10": 0.7838021778584392, "ENV_Test_accuracy_strategy_93_epoch10": 0.7994454713493531, "ENV_Test_accuracy_per_mean_strategy_epoch10": 0.8162750465332905, "ENV_Test_accuracy_per_mean_user_epoch10": 0.8160109382417151, "ENV_Test_accuracy_per_mean_user_and_bot_epoch10": 0.8344703899182457, "ENV_Train_TotalLoss_epoch11": 607.1447854123683, "ENV_Train_Right action_epoch11": 0.8789763515402248, "ENV_Train_Probability to choose the right action_epoch11": 0.829850468953342, "ENV_Train_Weighted right action_epoch11": 0.8789763515402248, "ENV_Train_Weighted probability to choose the right action:_epoch11": 0.829850468953342, "ENV_Test_TotalLoss_epoch11": 283.5934923710159, "ENV_Test_Right action_epoch11": 0.80576, "ENV_Test_Probability to choose the right action_epoch11": 0.7789285165346027, "ENV_Test_Weighted right action_epoch11": 0.8332348304889347, "ENV_Test_Weighted probability to choose the right action:_epoch11": 0.8084679180431921, "ENV_Test_proba_accuracy_epoch11": 0.7789285165346022, "ENV_Test_proba_accuracy_strategy_132_epoch11": 0.8187779513660214, "ENV_Test_proba_accuracy_strategy_23_epoch11": 0.7818387771776625, "ENV_Test_proba_accuracy_strategy_107_epoch11": 0.8371812818298588, "ENV_Test_proba_accuracy_strategy_43_epoch11": 0.7674909750421529, "ENV_Test_proba_accuracy_strategy_17_epoch11": 0.7552543336946601, "ENV_Test_proba_accuracy_strategy_93_epoch11": 0.777554970806716, "ENV_Test_proba_accuracy_per_mean_strategy_epoch11": 0.7896830483195121, "ENV_Test_proba_accuracy_per_mean_user_epoch11": 0.7912944971831465, "ENV_Test_proba_accuracy_per_mean_user_and_bot_epoch11": 0.8084679180431922, "ENV_Test_accuracy_epoch11": 0.80576, "ENV_Test_accuracy_strategy_132_epoch11": 0.8430594900849858, "ENV_Test_accuracy_strategy_23_epoch11": 0.8098238810793343, "ENV_Test_accuracy_strategy_107_epoch11": 0.8637110016420362, "ENV_Test_accuracy_strategy_43_epoch11": 0.7900763358778626, "ENV_Test_accuracy_strategy_17_epoch11": 0.7810798548094374, "ENV_Test_accuracy_strategy_93_epoch11": 0.8123844731977818, "ENV_Test_accuracy_per_mean_strategy_epoch11": 0.8166891727819064, "ENV_Test_accuracy_per_mean_user_epoch11": 0.8170172263909922, "ENV_Test_accuracy_per_mean_user_and_bot_epoch11": 0.8332348304889348, "ENV_Train_TotalLoss_epoch12": 584.3800145992435, "ENV_Train_Right action_epoch12": 0.8837670869091214, "ENV_Train_Probability to choose the right action_epoch12": 0.8366345099204523, "ENV_Train_Weighted right action_epoch12": 0.8837670869091214, "ENV_Train_Weighted probability to choose the right action:_epoch12": 0.8366345099204523, "ENV_Test_TotalLoss_epoch12": 349.9177912864851, "ENV_Test_Right action_epoch12": 0.798976, "ENV_Test_Probability to choose the right action_epoch12": 0.7817465623382593, "ENV_Test_Weighted right action_epoch12": 0.8270227876564595, "ENV_Test_Weighted probability to choose the right action:_epoch12": 0.811857332149837, "ENV_Test_proba_accuracy_epoch12": 0.7817465623382588, "ENV_Test_proba_accuracy_strategy_132_epoch12": 0.8176892452019658, "ENV_Test_proba_accuracy_strategy_23_epoch12": 0.7872091684249979, "ENV_Test_proba_accuracy_strategy_107_epoch12": 0.8455143488616772, "ENV_Test_proba_accuracy_strategy_43_epoch12": 0.7740616341107125, "ENV_Test_proba_accuracy_strategy_17_epoch12": 0.7546457280853754, "ENV_Test_proba_accuracy_strategy_93_epoch12": 0.7775503499929552, "ENV_Test_proba_accuracy_per_mean_strategy_epoch12": 0.7927784124462808, "ENV_Test_proba_accuracy_per_mean_user_epoch12": 0.7944284968081264, "ENV_Test_proba_accuracy_per_mean_user_and_bot_epoch12": 0.8118573321498378, "ENV_Test_accuracy_epoch12": 0.798976, "ENV_Test_accuracy_strategy_132_epoch12": 0.8294617563739377, "ENV_Test_accuracy_strategy_23_epoch12": 0.8070770722249152, "ENV_Test_accuracy_strategy_107_epoch12": 0.8604269293924466, "ENV_Test_accuracy_strategy_43_epoch12": 0.7900763358778626, "ENV_Test_accuracy_strategy_17_epoch12": 0.7695099818511797, "ENV_Test_accuracy_strategy_93_epoch12": 0.8012939001848429, "ENV_Test_accuracy_per_mean_strategy_epoch12": 0.8096409959841976, "ENV_Test_accuracy_per_mean_user_epoch12": 0.8108329340504045, "ENV_Test_accuracy_per_mean_user_and_bot_epoch12": 0.8270227876564593, "ENV_Train_TotalLoss_epoch13": 560.1435017525317, "ENV_Train_Right action_epoch13": 0.8879911656578929, "ENV_Train_Probability to choose the right action_epoch13": 0.8433882240132624, "ENV_Train_Weighted right action_epoch13": 0.8879911656578929, "ENV_Train_Weighted probability to choose the right action:_epoch13": 0.8433882240132624, "ENV_Test_TotalLoss_epoch13": 336.8107591373875, "ENV_Test_Right action_epoch13": 0.800704, "ENV_Test_Probability to choose the right action_epoch13": 0.7811809024544518, "ENV_Test_Weighted right action_epoch13": 0.8333959427730614, "ENV_Test_Weighted probability to choose the right action:_epoch13": 0.8103053053107985, "ENV_Test_proba_accuracy_epoch13": 0.7811809024544514, "ENV_Test_proba_accuracy_strategy_132_epoch13": 0.8207297346336803, "ENV_Test_proba_accuracy_strategy_23_epoch13": 0.784243114010009, "ENV_Test_proba_accuracy_strategy_107_epoch13": 0.8422409974781444, "ENV_Test_proba_accuracy_strategy_43_epoch13": 0.7762004974484009, "ENV_Test_proba_accuracy_strategy_17_epoch13": 0.7562653795549468, "ENV_Test_proba_accuracy_strategy_93_epoch13": 0.77352425516001, "ENV_Test_proba_accuracy_per_mean_strategy_epoch13": 0.7922006630475319, "ENV_Test_proba_accuracy_per_mean_user_epoch13": 0.7932486118277899, "ENV_Test_proba_accuracy_per_mean_user_and_bot_epoch13": 0.8103053053107988, "ENV_Test_accuracy_epoch13": 0.800704, "ENV_Test_accuracy_strategy_132_epoch13": 0.8385269121813032, "ENV_Test_accuracy_strategy_23_epoch13": 0.8030376474390046, "ENV_Test_accuracy_strategy_107_epoch13": 0.8735632183908046, "ENV_Test_accuracy_strategy_43_epoch13": 0.7989821882951654, "ENV_Test_accuracy_strategy_17_epoch13": 0.7745009074410163, "ENV_Test_accuracy_strategy_93_epoch13": 0.7939001848428835, "ENV_Test_accuracy_per_mean_strategy_epoch13": 0.8137518430983629, "ENV_Test_accuracy_per_mean_user_epoch13": 0.8136371216402807, "ENV_Test_accuracy_per_mean_user_and_bot_epoch13": 0.833395942773062, "ENV_Train_TotalLoss_epoch14": 547.342023880494, "ENV_Train_Right action_epoch14": 0.8928247048138056, "ENV_Train_Probability to choose the right action_epoch14": 0.8484935022167606, "ENV_Train_Weighted right action_epoch14": 0.8928247048138056, "ENV_Train_Weighted probability to choose the right action:_epoch14": 0.8484935022167606, "ENV_Test_TotalLoss_epoch14": 325.58337693340076, "ENV_Test_Right action_epoch14": 0.797696, "ENV_Test_Probability to choose the right action_epoch14": 0.776426556038077, "ENV_Test_Weighted right action_epoch14": 0.8285283407903445, "ENV_Test_Weighted probability to choose the right action:_epoch14": 0.8039477735065385, "ENV_Test_proba_accuracy_epoch14": 0.7764265560380763, "ENV_Test_proba_accuracy_strategy_132_epoch14": 0.8149735573379328, "ENV_Test_proba_accuracy_strategy_23_epoch14": 0.7824484873418487, "ENV_Test_proba_accuracy_strategy_107_epoch14": 0.8372661857560342, "ENV_Test_proba_accuracy_strategy_43_epoch14": 0.7581668691909683, "ENV_Test_proba_accuracy_strategy_17_epoch14": 0.7513967986242958, "ENV_Test_proba_accuracy_strategy_93_epoch14": 0.7733571232950709, "ENV_Test_proba_accuracy_per_mean_strategy_epoch14": 0.7862681702576917, "ENV_Test_proba_accuracy_per_mean_user_epoch14": 0.788036949927201, "ENV_Test_proba_accuracy_per_mean_user_and_bot_epoch14": 0.8039477735065388, "ENV_Test_accuracy_epoch14": 0.797696, "ENV_Test_accuracy_strategy_132_epoch14": 0.8373937677053824, "ENV_Test_accuracy_strategy_23_epoch14": 0.8020681854903862, "ENV_Test_accuracy_strategy_107_epoch14": 0.8719211822660099, "ENV_Test_accuracy_strategy_43_epoch14": 0.7760814249363868, "ENV_Test_accuracy_strategy_17_epoch14": 0.7717785843920145, "ENV_Test_accuracy_strategy_93_epoch14": 0.8031423290203327, "ENV_Test_accuracy_per_mean_strategy_epoch14": 0.8103975789684187, "ENV_Test_accuracy_per_mean_user_epoch14": 0.8096962842340698, "ENV_Test_accuracy_per_mean_user_and_bot_epoch14": 0.8285283407903453, "ENV_Train_TotalLoss_epoch15": 526.4462225088673, "ENV_Train_Right action_epoch15": 0.8971330323320147, "ENV_Train_Probability to choose the right action_epoch15": 0.8538976861164627, "ENV_Train_Weighted right action_epoch15": 0.8971330323320147, "ENV_Train_Weighted probability to choose the right action:_epoch15": 0.8538976861164627, "ENV_Test_TotalLoss_epoch15": 339.9905563792022, "ENV_Test_Right action_epoch15": 0.798912, "ENV_Test_Probability to choose the right action_epoch15": 0.7804005640277191, "ENV_Test_Weighted right action_epoch15": 0.8311348865131393, "ENV_Test_Weighted probability to choose the right action:_epoch15": 0.8114540307379031, "ENV_Test_proba_accuracy_epoch15": 0.7804005640277183, "ENV_Test_proba_accuracy_strategy_132_epoch15": 0.8202826448928779, "ENV_Test_proba_accuracy_strategy_23_epoch15": 0.7845542152387266, "ENV_Test_proba_accuracy_strategy_107_epoch15": 0.8481311398126654, "ENV_Test_proba_accuracy_strategy_43_epoch15": 0.7682806177655609, "ENV_Test_proba_accuracy_strategy_17_epoch15": 0.7548247642065878, "ENV_Test_proba_accuracy_strategy_93_epoch15": 0.7752655736494225, "ENV_Test_proba_accuracy_per_mean_strategy_epoch15": 0.7918898259276402, "ENV_Test_proba_accuracy_per_mean_user_epoch15": 0.792806303812047, "ENV_Test_proba_accuracy_per_mean_user_and_bot_epoch15": 0.8114540307379037, "ENV_Test_accuracy_epoch15": 0.798912, "ENV_Test_accuracy_strategy_132_epoch15": 0.8396600566572238, "ENV_Test_accuracy_strategy_23_epoch15": 0.8030376474390046, "ENV_Test_accuracy_strategy_107_epoch15": 0.8571428571428571, "ENV_Test_accuracy_strategy_43_epoch15": 0.7856234096692112, "ENV_Test_accuracy_strategy_17_epoch15": 0.772912885662432, "ENV_Test_accuracy_strategy_93_epoch15": 0.8012939001848429, "ENV_Test_accuracy_per_mean_strategy_epoch15": 0.8099451261259286, "ENV_Test_accuracy_per_mean_user_epoch15": 0.8110109590313079, "ENV_Test_accuracy_per_mean_user_and_bot_epoch15": 0.8311348865131405, "ENV_Train_TotalLoss_epoch16": 510.30439630964077, "ENV_Train_Right action_epoch16": 0.900001397799863, "ENV_Train_Probability to choose the right action_epoch16": 0.8591895592174129, "ENV_Train_Weighted right action_epoch16": 0.900001397799863, "ENV_Train_Weighted probability to choose the right action:_epoch16": 0.8591895592174129, "ENV_Test_TotalLoss_epoch16": 326.3255081559439, "ENV_Test_Right action_epoch16": 0.797696, "ENV_Test_Probability to choose the right action_epoch16": 0.7771935673502042, "ENV_Test_Weighted right action_epoch16": 0.8280987268341824, "ENV_Test_Weighted probability to choose the right action:_epoch16": 0.8047025483632699, "ENV_Test_proba_accuracy_epoch16": 0.7771935673502038, "ENV_Test_proba_accuracy_strategy_132_epoch16": 0.8164512802756951, "ENV_Test_proba_accuracy_strategy_23_epoch16": 0.7815657064434115, "ENV_Test_proba_accuracy_strategy_107_epoch16": 0.8298316587575983, "ENV_Test_proba_accuracy_strategy_43_epoch16": 0.7628261335771658, "ENV_Test_proba_accuracy_strategy_17_epoch16": 0.7539596422353412, "ENV_Test_proba_accuracy_strategy_93_epoch16": 0.7740467262865015, "ENV_Test_proba_accuracy_per_mean_strategy_epoch16": 0.7864468579292855, "ENV_Test_proba_accuracy_per_mean_user_epoch16": 0.7886765749433445, "ENV_Test_proba_accuracy_per_mean_user_and_bot_epoch16": 0.8047025483632708, "ENV_Test_accuracy_epoch16": 0.797696, "ENV_Test_accuracy_strategy_132_epoch16": 0.8356940509915014, "ENV_Test_accuracy_strategy_23_epoch16": 0.800452415576022, "ENV_Test_accuracy_strategy_107_epoch16": 0.8505747126436781, "ENV_Test_accuracy_strategy_43_epoch16": 0.7862595419847328, "ENV_Test_accuracy_strategy_17_epoch16": 0.7765426497277677, "ENV_Test_accuracy_strategy_93_epoch16": 0.7929759704251387, "ENV_Test_accuracy_per_mean_strategy_epoch16": 0.8070832235581401, "ENV_Test_accuracy_per_mean_user_epoch16": 0.8093005940921677, "ENV_Test_accuracy_per_mean_user_and_bot_epoch16": 0.828098726834182, "ENV_Train_TotalLoss_epoch17": 486.623125142424, "ENV_Train_Right action_epoch17": 0.9032975020618125, "ENV_Train_Probability to choose the right action_epoch17": 0.8645172798559873, "ENV_Train_Weighted right action_epoch17": 0.9032975020618125, "ENV_Train_Weighted probability to choose the right action:_epoch17": 0.8645172798559873, "ENV_Test_TotalLoss_epoch17": 427.87875448277356, "ENV_Test_Right action_epoch17": 0.795776, "ENV_Test_Probability to choose the right action_epoch17": 0.7841294300770257, "ENV_Test_Weighted right action_epoch17": 0.8293224859406468, "ENV_Test_Weighted probability to choose the right action:_epoch17": 0.8153757282749435, "ENV_Test_proba_accuracy_epoch17": 0.7841294300770252, "ENV_Test_proba_accuracy_strategy_132_epoch17": 0.8232746192059557, "ENV_Test_proba_accuracy_strategy_23_epoch17": 0.7892925571335494, "ENV_Test_proba_accuracy_strategy_107_epoch17": 0.846771424893257, "ENV_Test_proba_accuracy_strategy_43_epoch17": 0.765131200408293, "ENV_Test_proba_accuracy_strategy_17_epoch17": 0.7589470303406568, "ENV_Test_proba_accuracy_strategy_93_epoch17": 0.78567694215529, "ENV_Test_proba_accuracy_per_mean_strategy_epoch17": 0.7948489623561669, "ENV_Test_proba_accuracy_per_mean_user_epoch17": 0.7966480352356063, "ENV_Test_proba_accuracy_per_mean_user_and_bot_epoch17": 0.8153757282749438, "ENV_Test_accuracy_epoch17": 0.795776, "ENV_Test_accuracy_strategy_132_epoch17": 0.8328611898016998, "ENV_Test_accuracy_strategy_23_epoch17": 0.8006139925674584, "ENV_Test_accuracy_strategy_107_epoch17": 0.8637110016420362, "ENV_Test_accuracy_strategy_43_epoch17": 0.7786259541984732, "ENV_Test_accuracy_strategy_17_epoch17": 0.7692831215970962, "ENV_Test_accuracy_strategy_93_epoch17": 0.8022181146025879, "ENV_Test_accuracy_per_mean_strategy_epoch17": 0.8078855624015587, "ENV_Test_accuracy_per_mean_user_epoch17": 0.8089148010979501, "ENV_Test_accuracy_per_mean_user_and_bot_epoch17": 0.8293224859406475, "ENV_Train_TotalLoss_epoch18": 480.46816997693804, "ENV_Train_Right action_epoch18": 0.9071165026833632, "ENV_Train_Probability to choose the right action_epoch18": 0.8684848495217807, "ENV_Train_Weighted right action_epoch18": 0.9071165026833632, "ENV_Train_Weighted probability to choose the right action:_epoch18": 0.8684848495217807, "ENV_Test_TotalLoss_epoch18": 417.27491181429514, "ENV_Test_Right action_epoch18": 0.795456, "ENV_Test_Probability to choose the right action_epoch18": 0.7786071771038998, "ENV_Test_Weighted right action_epoch18": 0.8246888188410425, "ENV_Test_Weighted probability to choose the right action:_epoch18": 0.8060954564497776, "ENV_Test_proba_accuracy_epoch18": 0.7786071771038994, "ENV_Test_proba_accuracy_strategy_132_epoch18": 0.8146053627488568, "ENV_Test_proba_accuracy_strategy_23_epoch18": 0.7851601157729007, "ENV_Test_proba_accuracy_strategy_107_epoch18": 0.8358475719560376, "ENV_Test_proba_accuracy_strategy_43_epoch18": 0.7618951309240676, "ENV_Test_proba_accuracy_strategy_17_epoch18": 0.7551093259029205, "ENV_Test_proba_accuracy_strategy_93_epoch18": 0.7701945422960083, "ENV_Test_proba_accuracy_per_mean_strategy_epoch18": 0.7871353416001319, "ENV_Test_proba_accuracy_per_mean_user_epoch18": 0.7897506789039413, "ENV_Test_proba_accuracy_per_mean_user_and_bot_epoch18": 0.8060954564497771, "ENV_Test_accuracy_epoch18": 0.795456, "ENV_Test_accuracy_strategy_132_epoch18": 0.8334277620396601, "ENV_Test_accuracy_strategy_23_epoch18": 0.800452415576022, "ENV_Test_accuracy_strategy_107_epoch18": 0.8604269293924466, "ENV_Test_accuracy_strategy_43_epoch18": 0.7798982188295165, "ENV_Test_accuracy_strategy_17_epoch18": 0.7708711433756806, "ENV_Test_accuracy_strategy_93_epoch18": 0.7911275415896488, "ENV_Test_accuracy_per_mean_strategy_epoch18": 0.8060340018004958, "ENV_Test_accuracy_per_mean_user_epoch18": 0.8060966911275014, "ENV_Test_accuracy_per_mean_user_and_bot_epoch18": 0.8246888188410432, "ENV_Train_TotalLoss_epoch19": 447.0054420467359, "ENV_Train_Right action_epoch19": 0.9133351970925356, "ENV_Train_Probability to choose the right action_epoch19": 0.8772458316021928, "ENV_Train_Weighted right action_epoch19": 0.9133351970925356, "ENV_Train_Weighted probability to choose the right action:_epoch19": 0.8772458316021928, "ENV_Test_TotalLoss_epoch19": 424.0173099655605, "ENV_Test_Right action_epoch19": 0.79392, "ENV_Test_Probability to choose the right action_epoch19": 0.7774884267350971, "ENV_Test_Weighted right action_epoch19": 0.8238239981245762, "ENV_Test_Weighted probability to choose the right action:_epoch19": 0.8055032150872001, "ENV_Test_proba_accuracy_epoch19": 0.7774884267350971, "ENV_Test_proba_accuracy_strategy_132_epoch19": 0.8206702606699394, "ENV_Test_proba_accuracy_strategy_23_epoch19": 0.7813070659541711, "ENV_Test_proba_accuracy_strategy_107_epoch19": 0.8288626385254466, "ENV_Test_proba_accuracy_strategy_43_epoch19": 0.7662044307324452, "ENV_Test_proba_accuracy_strategy_17_epoch19": 0.7523633943028585, "ENV_Test_proba_accuracy_strategy_93_epoch19": 0.7750422110930516, "ENV_Test_proba_accuracy_per_mean_strategy_epoch19": 0.7874083335463188, "ENV_Test_proba_accuracy_per_mean_user_epoch19": 0.7892654701916366, "ENV_Test_proba_accuracy_per_mean_user_and_bot_epoch19": 0.8055032150871997, "ENV_Test_accuracy_epoch19": 0.79392, "ENV_Test_accuracy_strategy_132_epoch19": 0.8390934844192635, "ENV_Test_accuracy_strategy_23_epoch19": 0.7975440297301665, "ENV_Test_accuracy_strategy_107_epoch19": 0.8472906403940886, "ENV_Test_accuracy_strategy_43_epoch19": 0.7862595419847328, "ENV_Test_accuracy_strategy_17_epoch19": 0.7663339382940109, "ENV_Test_accuracy_strategy_93_epoch19": 0.7929759704251387, "ENV_Test_accuracy_per_mean_strategy_epoch19": 0.8049162675412335, "ENV_Test_accuracy_per_mean_user_epoch19": 0.8056969478353488, "ENV_Test_accuracy_per_mean_user_and_bot_epoch19": 0.8238239981245767, "ENV_Train_TotalLoss_epoch20": 445.6945286784266, "ENV_Train_Right action_epoch20": 0.9149953178940307, "ENV_Train_Probability to choose the right action_epoch20": 0.8776270831328165, "ENV_Train_Weighted right action_epoch20": 0.9149953178940307, "ENV_Train_Weighted probability to choose the right action:_epoch20": 0.8776270831328165, "ENV_Test_TotalLoss_epoch20": 493.29019317825595, "ENV_Test_Right action_epoch20": 0.800512, "ENV_Test_Probability to choose the right action_epoch20": 0.7872038252342186, "ENV_Test_Weighted right action_epoch20": 0.8293291834173935, "ENV_Test_Weighted probability to choose the right action:_epoch20": 0.8151071026486799, "ENV_Test_proba_accuracy_epoch20": 0.7872038252342183, "ENV_Test_proba_accuracy_strategy_132_epoch20": 0.8298412194933465, "ENV_Test_proba_accuracy_strategy_23_epoch20": 0.7924639779880098, "ENV_Test_proba_accuracy_strategy_107_epoch20": 0.8372929289306559, "ENV_Test_proba_accuracy_strategy_43_epoch20": 0.774791143878273, "ENV_Test_proba_accuracy_strategy_17_epoch20": 0.7613392323531486, "ENV_Test_proba_accuracy_strategy_93_epoch20": 0.7827763854002024, "ENV_Test_proba_accuracy_per_mean_strategy_epoch20": 0.796417481340606, "ENV_Test_proba_accuracy_per_mean_user_epoch20": 0.7989734102218885, "ENV_Test_proba_accuracy_per_mean_user_and_bot_epoch20": 0.8151071026486811, "ENV_Test_accuracy_epoch20": 0.800512, "ENV_Test_accuracy_strategy_132_epoch20": 0.8475920679886686, "ENV_Test_accuracy_strategy_23_epoch20": 0.8062691872677331, "ENV_Test_accuracy_strategy_107_epoch20": 0.8505747126436781, "ENV_Test_accuracy_strategy_43_epoch20": 0.7837150127226463, "ENV_Test_accuracy_strategy_17_epoch20": 0.7735934664246824, "ENV_Test_accuracy_strategy_93_epoch20": 0.7966728280961183, "ENV_Test_accuracy_per_mean_strategy_epoch20": 0.8097362125239211, "ENV_Test_accuracy_per_mean_user_epoch20": 0.8118490284961282, "ENV_Test_accuracy_per_mean_user_and_bot_epoch20": 0.8293291834173929, "ENV_Train_TotalLoss_epoch21": 441.44130598499424, "ENV_Train_Right action_epoch21": 0.9166969451354147, "ENV_Train_Probability to choose the right action_epoch21": 0.8801755029047142, "ENV_Train_Weighted right action_epoch21": 0.9166969451354147, "ENV_Train_Weighted probability to choose the right action:_epoch21": 0.8801755029047142, "ENV_Test_TotalLoss_epoch21": 458.35584412707885, "ENV_Test_Right action_epoch21": 0.795968, "ENV_Test_Probability to choose the right action_epoch21": 0.7792197163472391, "ENV_Test_Weighted right action_epoch21": 0.8253789574301229, "ENV_Test_Weighted probability to choose the right action:_epoch21": 0.8083452783303335, "ENV_Test_proba_accuracy_epoch21": 0.7792197163472392, "ENV_Test_proba_accuracy_strategy_132_epoch21": 0.8223766708615136, "ENV_Test_proba_accuracy_strategy_23_epoch21": 0.7854736168050154, "ENV_Test_proba_accuracy_strategy_107_epoch21": 0.8394327922330984, "ENV_Test_proba_accuracy_strategy_43_epoch21": 0.7663005390916151, "ENV_Test_proba_accuracy_strategy_17_epoch21": 0.7519636138395321, "ENV_Test_proba_accuracy_strategy_93_epoch21": 0.7689670995583802, "ENV_Test_proba_accuracy_per_mean_strategy_epoch21": 0.7890857220648592, "ENV_Test_proba_accuracy_per_mean_user_epoch21": 0.7899857408157134, "ENV_Test_proba_accuracy_per_mean_user_and_bot_epoch21": 0.8083452783303321, "ENV_Test_accuracy_epoch21": 0.795968, "ENV_Test_accuracy_strategy_132_epoch21": 0.8419263456090652, "ENV_Test_accuracy_strategy_23_epoch21": 0.8028760704475683, "ENV_Test_accuracy_strategy_107_epoch21": 0.8620689655172413, "ENV_Test_accuracy_strategy_43_epoch21": 0.7849872773536896, "ENV_Test_accuracy_strategy_17_epoch21": 0.7681488203266787, "ENV_Test_accuracy_strategy_93_epoch21": 0.7735674676524954, "ENV_Test_accuracy_per_mean_strategy_epoch21": 0.8055958244844564, "ENV_Test_accuracy_per_mean_user_epoch21": 0.8065008321759777, "ENV_Test_accuracy_per_mean_user_and_bot_epoch21": 0.8253789574301234, "ENV_Train_TotalLoss_epoch22": 412.4885142816746, "ENV_Train_Right action_epoch22": 0.921303867712221, "ENV_Train_Probability to choose the right action_epoch22": 0.8871544915670952, "ENV_Train_Weighted right action_epoch22": 0.921303867712221, "ENV_Train_Weighted probability to choose the right action:_epoch22": 0.8871544915670952, "ENV_Test_TotalLoss_epoch22": 530.5950781599081, "ENV_Test_Right action_epoch22": 0.795968, "ENV_Test_Probability to choose the right action_epoch22": 0.7823223628421665, "ENV_Test_Weighted right action_epoch22": 0.8266044390496943, "ENV_Test_Weighted probability to choose the right action:_epoch22": 0.8127077337016924, "ENV_Test_proba_accuracy_epoch22": 0.7823223628421649, "ENV_Test_proba_accuracy_strategy_132_epoch22": 0.8248924707929729, "ENV_Test_proba_accuracy_strategy_23_epoch22": 0.7881663318673854, "ENV_Test_proba_accuracy_strategy_107_epoch22": 0.8492739908987077, "ENV_Test_proba_accuracy_strategy_43_epoch22": 0.7669820060512883, "ENV_Test_proba_accuracy_strategy_17_epoch22": 0.7532706851602112, "ENV_Test_proba_accuracy_strategy_93_epoch22": 0.7824117619000298, "ENV_Test_proba_accuracy_per_mean_strategy_epoch22": 0.7941662077784325, "ENV_Test_proba_accuracy_per_mean_user_epoch22": 0.7946189810852718, "ENV_Test_proba_accuracy_per_mean_user_and_bot_epoch22": 0.8127077337016926, "ENV_Test_accuracy_epoch22": 0.795968, "ENV_Test_accuracy_strategy_132_epoch22": 0.8402266288951842, "ENV_Test_accuracy_strategy_23_epoch22": 0.8030376474390046, "ENV_Test_accuracy_strategy_107_epoch22": 0.8587848932676518, "ENV_Test_accuracy_strategy_43_epoch22": 0.7805343511450382, "ENV_Test_accuracy_strategy_17_epoch22": 0.7651996370235935, "ENV_Test_accuracy_strategy_93_epoch22": 0.7957486136783734, "ENV_Test_accuracy_per_mean_strategy_epoch22": 0.8072552952414743, "ENV_Test_accuracy_per_mean_user_epoch22": 0.8083816784608956, "ENV_Test_accuracy_per_mean_user_and_bot_epoch22": 0.826604439049696, "ENV_Train_TotalLoss_epoch23": 397.97183034730153, "ENV_Train_Right action_epoch23": 0.923244633273703, "ENV_Train_Probability to choose the right action_epoch23": 0.8915484146058177, "ENV_Train_Weighted right action_epoch23": 0.923244633273703, "ENV_Train_Weighted probability to choose the right action:_epoch23": 0.8915484146058177, "ENV_Test_TotalLoss_epoch23": 429.02484474659644, "ENV_Test_Right action_epoch23": 0.795136, "ENV_Test_Probability to choose the right action_epoch23": 0.7788503716014296, "ENV_Test_Weighted right action_epoch23": 0.8214422505317416, "ENV_Test_Weighted probability to choose the right action:_epoch23": 0.8052676402745235, "ENV_Test_proba_accuracy_epoch23": 0.77885037160143, "ENV_Test_proba_accuracy_strategy_132_epoch23": 0.8174089572415961, "ENV_Test_proba_accuracy_strategy_23_epoch23": 0.7857134607823052, "ENV_Test_proba_accuracy_strategy_107_epoch23": 0.8395416609317247, "ENV_Test_proba_accuracy_strategy_43_epoch23": 0.7619554098665632, "ENV_Test_proba_accuracy_strategy_17_epoch23": 0.7523988617601383, "ENV_Test_proba_accuracy_strategy_93_epoch23": 0.7748435115553522, "ENV_Test_proba_accuracy_per_mean_strategy_epoch23": 0.7886436436896135, "ENV_Test_proba_accuracy_per_mean_user_epoch23": 0.7902398137163341, "ENV_Test_proba_accuracy_per_mean_user_and_bot_epoch23": 0.8052676402745246, "ENV_Test_accuracy_epoch23": 0.795136, "ENV_Test_accuracy_strategy_132_epoch23": 0.8305949008498583, "ENV_Test_accuracy_strategy_23_epoch23": 0.8025529164646954, "ENV_Test_accuracy_strategy_107_epoch23": 0.8604269293924466, "ENV_Test_accuracy_strategy_43_epoch23": 0.772264631043257, "ENV_Test_accuracy_strategy_17_epoch23": 0.7701905626134301, "ENV_Test_accuracy_strategy_93_epoch23": 0.7929759704251387, "ENV_Test_accuracy_per_mean_strategy_epoch23": 0.8048343184648044, "ENV_Test_accuracy_per_mean_user_epoch23": 0.806084888968528, "ENV_Test_accuracy_per_mean_user_and_bot_epoch23": 0.8214422505317422, "ENV_Train_TotalLoss_epoch24": 380.3963161827157, "ENV_Train_Right action_epoch24": 0.9280333207541895, "ENV_Train_Probability to choose the right action_epoch24": 0.8964153041414752, "ENV_Train_Weighted right action_epoch24": 0.9280333207541895, "ENV_Train_Weighted probability to choose the right action:_epoch24": 0.8964153041414752, "ENV_Test_TotalLoss_epoch24": 599.7732005625102, "ENV_Test_Right action_epoch24": 0.79392, "ENV_Test_Probability to choose the right action_epoch24": 0.7864255250850357, "ENV_Test_Weighted right action_epoch24": 0.8211103903612872, "ENV_Test_Weighted probability to choose the right action:_epoch24": 0.8140769656475855, "ENV_Test_proba_accuracy_epoch24": 0.786425525085035, "ENV_Test_proba_accuracy_strategy_132_epoch24": 0.8277114433607647, "ENV_Test_proba_accuracy_strategy_23_epoch24": 0.7913281719321044, "ENV_Test_proba_accuracy_strategy_107_epoch24": 0.8434956750801831, "ENV_Test_proba_accuracy_strategy_43_epoch24": 0.773934270982713, "ENV_Test_proba_accuracy_strategy_17_epoch24": 0.7610526623186018, "ENV_Test_proba_accuracy_strategy_93_epoch24": 0.7804292053836182, "ENV_Test_proba_accuracy_per_mean_strategy_epoch24": 0.7963252381763307, "ENV_Test_proba_accuracy_per_mean_user_epoch24": 0.7988223409091181, "ENV_Test_proba_accuracy_per_mean_user_and_bot_epoch24": 0.8140769656475874, "ENV_Test_accuracy_epoch24": 0.79392, "ENV_Test_accuracy_strategy_132_epoch24": 0.8339943342776204, "ENV_Test_accuracy_strategy_23_epoch24": 0.8012603005332041, "ENV_Test_accuracy_strategy_107_epoch24": 0.8505747126436781, "ENV_Test_accuracy_strategy_43_epoch24": 0.7830788804071247, "ENV_Test_accuracy_strategy_17_epoch24": 0.7658802177858439, "ENV_Test_accuracy_strategy_93_epoch24": 0.7846580406654344, "ENV_Test_accuracy_per_mean_strategy_epoch24": 0.803241081052151, "ENV_Test_accuracy_per_mean_user_epoch24": 0.8065916766696315, "ENV_Test_accuracy_per_mean_user_and_bot_epoch24": 0.8211103903612866, "_wandb": {"runtime": 2103}}