{"ENV_Train_TotalLoss": 201.1911777175863, "ENV_Train_TotalLoss_epoch0": 1047.5147625777292, "ENV_Train_Right action": 0.9646771037181996, "ENV_Train_Right action_epoch0": 0.7836527038170713, "ENV_Train_Probability to choose the right action": 0.9481948956599686, "ENV_Train_Probability to choose the right action_epoch0": 0.7000447334760032, "ENV_Train_Weighted right action": 0.9646771037181996, "ENV_Train_Weighted right action_epoch0": 0.7836527038170713, "ENV_Train_Weighted probability to choose the right action:": 0.9481948956599686, "ENV_Train_Weighted probability to choose the right action:_epoch0": 0.7000447334760032, "_timestamp": 1720369497.4741783, "_runtime": 2108.3056292533875, "_step": 49, "ENV_Test_TotalLoss": 591.4138615141856, "ENV_Test_TotalLoss_epoch0": 211.7305490392426, "ENV_Test_Right action": 0.791232, "ENV_Test_Right action_epoch0": 0.796864, "ENV_Test_Probability to choose the right action": 0.7872764381651204, "ENV_Test_Probability to choose the right action_epoch0": 0.7482293751253156, "ENV_Test_Weighted right action": 0.8265290236282118, "ENV_Test_Weighted right action_epoch0": 0.8448604338919461, "ENV_Test_Weighted probability to choose the right action:": 0.8219198406560965, "ENV_Test_Weighted probability to choose the right action:_epoch0": 0.7946704099360566, "ENV_Test_proba_accuracy": 0.7872764381651203, "ENV_Test_proba_accuracy_epoch0": 0.7482293751253158, "ENV_Test_proba_accuracy_strategy_132": 0.8264290184630546, "ENV_Test_proba_accuracy_strategy_132_epoch0": 0.7998854296144281, "ENV_Test_proba_accuracy_strategy_23": 0.7933113294559471, "ENV_Test_proba_accuracy_strategy_23_epoch0": 0.7443918953594898, "ENV_Test_proba_accuracy_strategy_107": 0.8519066854641576, "ENV_Test_proba_accuracy_strategy_107_epoch0": 0.840482093878775, "ENV_Test_proba_accuracy_strategy_43": 0.7835639527820293, "ENV_Test_proba_accuracy_strategy_43_epoch0": 0.7684162824863073, "ENV_Test_proba_accuracy_strategy_17": 0.7564675629223802, "ENV_Test_proba_accuracy_strategy_17_epoch0": 0.7096590592556556, "ENV_Test_proba_accuracy_strategy_93": 0.7834201369288201, "ENV_Test_proba_accuracy_strategy_93_epoch0": 0.761796338488109, "ENV_Test_proba_accuracy_per_mean_strategy": 0.7991831143360648, "ENV_Test_proba_accuracy_per_mean_strategy_epoch0": 0.7707718498471275, "ENV_Test_proba_accuracy_per_mean_user": 0.7969095854428263, "ENV_Test_proba_accuracy_per_mean_user_epoch0": 0.761813257409715, "ENV_Test_proba_accuracy_per_mean_user_and_bot": 0.8219198406560972, "ENV_Test_proba_accuracy_per_mean_user_and_bot_epoch0": 0.7946704099360566, "ENV_Test_accuracy": 0.791232, "ENV_Test_accuracy_epoch0": 0.796864, "ENV_Test_accuracy_strategy_132": 0.8271954674220963, "ENV_Test_accuracy_strategy_132_epoch0": 0.8447592067988668, "ENV_Test_accuracy_strategy_23": 0.7967361447729844, "ENV_Test_accuracy_strategy_23_epoch0": 0.7998061076102763, "ENV_Test_accuracy_strategy_107": 0.8538587848932676, "ENV_Test_accuracy_strategy_107_epoch0": 0.8834154351395731, "ENV_Test_accuracy_strategy_43": 0.789440203562341, "ENV_Test_accuracy_strategy_43_epoch0": 0.8155216284987278, "ENV_Test_accuracy_strategy_17": 0.7608892921960072, "ENV_Test_accuracy_strategy_17_epoch0": 0.7522686025408348, "ENV_Test_accuracy_strategy_93": 0.7920517560073937, "ENV_Test_accuracy_strategy_93_epoch0": 0.8077634011090573, "ENV_Test_accuracy_per_mean_strategy": 0.8033619414756817, "ENV_Test_accuracy_per_mean_strategy_epoch0": 0.8172557302828894, "ENV_Test_accuracy_per_mean_user": 0.801002009087657, "ENV_Test_accuracy_per_mean_user_epoch0": 0.8120750808089955, "ENV_Test_accuracy_per_mean_user_and_bot": 0.8265290236282115, "ENV_Test_accuracy_per_mean_user_and_bot_epoch0": 0.8448604338919468, "ENV_Train_TotalLoss_epoch1": 890.51814341252, "ENV_Train_Right action_epoch1": 0.8186633497316637, "ENV_Train_Probability to choose the right action_epoch1": 0.7482163538313236, "ENV_Train_Weighted right action_epoch1": 0.8186633497316637, "ENV_Train_Weighted probability to choose the right action:_epoch1": 0.7482163538313236, "ENV_Test_TotalLoss_epoch1": 196.71125383147637, "ENV_Test_Right action_epoch1": 0.810176, "ENV_Test_Probability to choose the right action_epoch1": 0.7567382025788507, "ENV_Test_Weighted right action_epoch1": 0.8521290407297761, "ENV_Test_Weighted probability to choose the right action:_epoch1": 0.7969730754208749, "ENV_Test_proba_accuracy_epoch1": 0.7567382025788514, "ENV_Test_proba_accuracy_strategy_132_epoch1": 0.8033433948495733, "ENV_Test_proba_accuracy_strategy_23_epoch1": 0.7555112400788678, "ENV_Test_proba_accuracy_strategy_107_epoch1": 0.8271909986426205, "ENV_Test_proba_accuracy_strategy_43_epoch1": 0.7640820140072501, "ENV_Test_proba_accuracy_strategy_17_epoch1": 0.7260759713802354, "ENV_Test_proba_accuracy_strategy_93_epoch1": 0.762324521719143, "ENV_Test_proba_accuracy_per_mean_strategy_epoch1": 0.7730880234462817, "ENV_Test_proba_accuracy_per_mean_user_epoch1": 0.7706465736477617, "ENV_Test_proba_accuracy_per_mean_user_and_bot_epoch1": 0.7969730754208754, "ENV_Test_accuracy_epoch1": 0.810176, "ENV_Test_accuracy_strategy_132_epoch1": 0.8538243626062323, "ENV_Test_accuracy_strategy_23_epoch1": 0.8116012279851349, "ENV_Test_accuracy_strategy_107_epoch1": 0.8784893267651889, "ENV_Test_accuracy_strategy_43_epoch1": 0.823791348600509, "ENV_Test_accuracy_strategy_17_epoch1": 0.7758620689655172, "ENV_Test_accuracy_strategy_93_epoch1": 0.8123844731977818, "ENV_Test_accuracy_per_mean_strategy_epoch1": 0.8259921346867274, "ENV_Test_accuracy_per_mean_user_epoch1": 0.8255570835276139, "ENV_Test_accuracy_per_mean_user_and_bot_epoch1": 0.8521290407297776, "ENV_Train_TotalLoss_epoch2": 834.7320937392368, "ENV_Train_Right action_epoch2": 0.8294800111825552, "ENV_Train_Probability to choose the right action_epoch2": 0.7637305572729535, "ENV_Train_Weighted right action_epoch2": 0.8294800111825552, "ENV_Train_Weighted probability to choose the right action:_epoch2": 0.7637305572729535, "ENV_Test_TotalLoss_epoch2": 195.7438642082686, "ENV_Test_Right action_epoch2": 0.81536, "ENV_Test_Probability to choose the right action_epoch2": 0.778443358202612, "ENV_Test_Weighted right action_epoch2": 0.8610710556360632, "ENV_Test_Weighted probability to choose the right action:_epoch2": 0.8205549914140005, "ENV_Test_proba_accuracy_epoch2": 0.7784433582026111, "ENV_Test_proba_accuracy_strategy_132_epoch2": 0.8253830335646848, "ENV_Test_proba_accuracy_strategy_23_epoch2": 0.7765668379862808, "ENV_Test_proba_accuracy_strategy_107_epoch2": 0.8613707120893478, "ENV_Test_proba_accuracy_strategy_43_epoch2": 0.7805451786265254, "ENV_Test_proba_accuracy_strategy_17_epoch2": 0.7475927135277505, "ENV_Test_proba_accuracy_strategy_93_epoch2": 0.7885617298367867, "ENV_Test_proba_accuracy_per_mean_strategy_epoch2": 0.7966700342718961, "ENV_Test_proba_accuracy_per_mean_user_epoch2": 0.7924020132625471, "ENV_Test_proba_accuracy_per_mean_user_and_bot_epoch2": 0.8205549914140012, "ENV_Test_accuracy_epoch2": 0.81536, "ENV_Test_accuracy_strategy_132_epoch2": 0.8555240793201133, "ENV_Test_accuracy_strategy_23_epoch2": 0.817417999676846, "ENV_Test_accuracy_strategy_107_epoch2": 0.8981937602627258, "ENV_Test_accuracy_strategy_43_epoch2": 0.8180661577608143, "ENV_Test_accuracy_strategy_17_epoch2": 0.7817604355716878, "ENV_Test_accuracy_strategy_93_epoch2": 0.8243992606284658, "ENV_Test_accuracy_per_mean_strategy_epoch2": 0.832560282203442, "ENV_Test_accuracy_per_mean_user_epoch2": 0.831094149637674, "ENV_Test_accuracy_per_mean_user_and_bot_epoch2": 0.861071055636064, "ENV_Train_TotalLoss_epoch3": 794.9601191061803, "ENV_Train_Right action_epoch3": 0.8372658652502096, "ENV_Train_Probability to choose the right action_epoch3": 0.7744427402702648, "ENV_Train_Weighted right action_epoch3": 0.8372658652502096, "ENV_Train_Weighted probability to choose the right action:_epoch3": 0.7744427402702648, "ENV_Test_TotalLoss_epoch3": 196.12351520379622, "ENV_Test_Right action_epoch3": 0.815936, "ENV_Test_Probability to choose the right action_epoch3": 0.777809938151622, "ENV_Test_Weighted right action_epoch3": 0.8588861812841062, "ENV_Test_Weighted probability to choose the right action:_epoch3": 0.8210686250507947, "ENV_Test_proba_accuracy_epoch3": 0.777809938151622, "ENV_Test_proba_accuracy_strategy_132_epoch3": 0.8307232091776444, "ENV_Test_proba_accuracy_strategy_23_epoch3": 0.7764547270818447, "ENV_Test_proba_accuracy_strategy_107_epoch3": 0.85877487339081, "ENV_Test_proba_accuracy_strategy_43_epoch3": 0.7803207290328377, "ENV_Test_proba_accuracy_strategy_17_epoch3": 0.7456142910876202, "ENV_Test_proba_accuracy_strategy_93_epoch3": 0.7811918987635508, "ENV_Test_proba_accuracy_per_mean_strategy_epoch3": 0.7955132880890513, "ENV_Test_proba_accuracy_per_mean_user_epoch3": 0.7924707389345541, "ENV_Test_proba_accuracy_per_mean_user_and_bot_epoch3": 0.8210686250507953, "ENV_Test_accuracy_epoch3": 0.815936, "ENV_Test_accuracy_strategy_132_epoch3": 0.8623229461756374, "ENV_Test_accuracy_strategy_23_epoch3": 0.8172564226854095, "ENV_Test_accuracy_strategy_107_epoch3": 0.8899835796387521, "ENV_Test_accuracy_strategy_43_epoch3": 0.8155216284987278, "ENV_Test_accuracy_strategy_17_epoch3": 0.7835753176043557, "ENV_Test_accuracy_strategy_93_epoch3": 0.8234750462107209, "ENV_Test_accuracy_per_mean_strategy_epoch3": 0.8320224901356005, "ENV_Test_accuracy_per_mean_user_epoch3": 0.8312238310541118, "ENV_Test_accuracy_per_mean_user_and_bot_epoch3": 0.8588861812841068, "ENV_Train_TotalLoss_epoch4": 760.5577110091646, "ENV_Train_Right action_epoch4": 0.8434617319841226, "ENV_Train_Probability to choose the right action_epoch4": 0.7844816360191504, "ENV_Train_Weighted right action_epoch4": 0.8434617319841226, "ENV_Train_Weighted probability to choose the right action:_epoch4": 0.7844816360191504, "ENV_Test_TotalLoss_epoch4": 204.47748672685395, "ENV_Test_Right action_epoch4": 0.809024, "ENV_Test_Probability to choose the right action_epoch4": 0.7710692629049843, "ENV_Test_Weighted right action_epoch4": 0.8516264257785162, "ENV_Test_Weighted probability to choose the right action:_epoch4": 0.8166272360102923, "ENV_Test_proba_accuracy_epoch4": 0.7710692629049839, "ENV_Test_proba_accuracy_strategy_132_epoch4": 0.8257265861415997, "ENV_Test_proba_accuracy_strategy_23_epoch4": 0.7677536580043206, "ENV_Test_proba_accuracy_strategy_107_epoch4": 0.8506803523651351, "ENV_Test_proba_accuracy_strategy_43_epoch4": 0.780481240373134, "ENV_Test_proba_accuracy_strategy_17_epoch4": 0.7394530177052311, "ENV_Test_proba_accuracy_strategy_93_epoch4": 0.7711947065250625, "ENV_Test_proba_accuracy_per_mean_strategy_epoch4": 0.7892149268524138, "ENV_Test_proba_accuracy_per_mean_user_epoch4": 0.7856981513610977, "ENV_Test_proba_accuracy_per_mean_user_and_bot_epoch4": 0.8166272360102923, "ENV_Test_accuracy_epoch4": 0.809024, "ENV_Test_accuracy_strategy_132_epoch4": 0.8572237960339943, "ENV_Test_accuracy_strategy_23_epoch4": 0.8086928421392794, "ENV_Test_accuracy_strategy_107_epoch4": 0.8801313628899836, "ENV_Test_accuracy_strategy_43_epoch4": 0.8244274809160306, "ENV_Test_accuracy_strategy_17_epoch4": 0.7751814882032668, "ENV_Test_accuracy_strategy_93_epoch4": 0.8077634011090573, "ENV_Test_accuracy_per_mean_strategy_epoch4": 0.8255700618819354, "ENV_Test_accuracy_per_mean_user_epoch4": 0.8225971655728298, "ENV_Test_accuracy_per_mean_user_and_bot_epoch4": 0.8516264257785167, "ENV_Train_TotalLoss_epoch5": 726.5508403786414, "ENV_Train_Right action_epoch5": 0.8532416530404037, "ENV_Train_Probability to choose the right action_epoch5": 0.7950291626165154, "ENV_Train_Weighted right action_epoch5": 0.8532416530404037, "ENV_Train_Weighted probability to choose the right action:_epoch5": 0.7950291626165154, "ENV_Test_TotalLoss_epoch5": 210.7287457519489, "ENV_Test_Right action_epoch5": 0.81408, "ENV_Test_Probability to choose the right action_epoch5": 0.7780109970761564, "ENV_Test_Weighted right action_epoch5": 0.8567929851031608, "ENV_Test_Weighted probability to choose the right action:_epoch5": 0.8238880839596682, "ENV_Test_proba_accuracy_epoch5": 0.7780109970761571, "ENV_Test_proba_accuracy_strategy_132_epoch5": 0.8361045773589589, "ENV_Test_proba_accuracy_strategy_23_epoch5": 0.7754989983257752, "ENV_Test_proba_accuracy_strategy_107_epoch5": 0.8674286206416226, "ENV_Test_proba_accuracy_strategy_43_epoch5": 0.7876859185542433, "ENV_Test_proba_accuracy_strategy_17_epoch5": 0.742608516842755, "ENV_Test_proba_accuracy_strategy_93_epoch5": 0.7774577758385263, "ENV_Test_proba_accuracy_per_mean_strategy_epoch5": 0.7977974012603135, "ENV_Test_proba_accuracy_per_mean_user_epoch5": 0.7928590811745955, "ENV_Test_proba_accuracy_per_mean_user_and_bot_epoch5": 0.8238880839596684, "ENV_Test_accuracy_epoch5": 0.81408, "ENV_Test_accuracy_strategy_132_epoch5": 0.8674220963172804, "ENV_Test_accuracy_strategy_23_epoch5": 0.8138633058652448, "ENV_Test_accuracy_strategy_107_epoch5": 0.896551724137931, "ENV_Test_accuracy_strategy_43_epoch5": 0.8263358778625954, "ENV_Test_accuracy_strategy_17_epoch5": 0.7792649727767695, "ENV_Test_accuracy_strategy_93_epoch5": 0.8059149722735675, "ENV_Test_accuracy_per_mean_strategy_epoch5": 0.8315588248722315, "ENV_Test_accuracy_per_mean_user_epoch5": 0.8287515287239796, "ENV_Test_accuracy_per_mean_user_and_bot_epoch5": 0.8567929851031617, "ENV_Train_TotalLoss_epoch6": 689.2059404035423, "ENV_Train_Right action_epoch6": 0.8601534441074947, "ENV_Train_Probability to choose the right action_epoch6": 0.8051785166437224, "ENV_Train_Weighted right action_epoch6": 0.8601534441074947, "ENV_Train_Weighted probability to choose the right action:_epoch6": 0.8051785166437224, "ENV_Test_TotalLoss_epoch6": 223.22652449497625, "ENV_Test_Right action_epoch6": 0.811456, "ENV_Test_Probability to choose the right action_epoch6": 0.7818276558734977, "ENV_Test_Weighted right action_epoch6": 0.8526865248721918, "ENV_Test_Weighted probability to choose the right action:_epoch6": 0.8249484170794706, "ENV_Test_proba_accuracy_epoch6": 0.7818276558734979, "ENV_Test_proba_accuracy_strategy_132_epoch6": 0.8356424698046435, "ENV_Test_proba_accuracy_strategy_23_epoch6": 0.7815782341373547, "ENV_Test_proba_accuracy_strategy_107_epoch6": 0.8596285708862694, "ENV_Test_proba_accuracy_strategy_43_epoch6": 0.7845762348437993, "ENV_Test_proba_accuracy_strategy_17_epoch6": 0.7493404713145052, "ENV_Test_proba_accuracy_strategy_93_epoch6": 0.7800370003175533, "ENV_Test_proba_accuracy_per_mean_strategy_epoch6": 0.7984671635506876, "ENV_Test_proba_accuracy_per_mean_user_epoch6": 0.7961951124155733, "ENV_Test_proba_accuracy_per_mean_user_and_bot_epoch6": 0.8249484170794706, "ENV_Test_accuracy_epoch6": 0.811456, "ENV_Test_accuracy_strategy_132_epoch6": 0.8640226628895185, "ENV_Test_accuracy_strategy_23_epoch6": 0.8135401518823719, "ENV_Test_accuracy_strategy_107_epoch6": 0.8817733990147784, "ENV_Test_accuracy_strategy_43_epoch6": 0.8180661577608143, "ENV_Test_accuracy_strategy_17_epoch6": 0.7769963702359347, "ENV_Test_accuracy_strategy_93_epoch6": 0.8049907578558225, "ENV_Test_accuracy_per_mean_strategy_epoch6": 0.82656491660654, "ENV_Test_accuracy_per_mean_user_epoch6": 0.8235719642683593, "ENV_Test_accuracy_per_mean_user_and_bot_epoch6": 0.8526865248721924, "ENV_Train_TotalLoss_epoch7": 659.2980200272648, "ENV_Train_Right action_epoch7": 0.8672351132233715, "ENV_Train_Probability to choose the right action_epoch7": 0.8148887315300993, "ENV_Train_Weighted right action_epoch7": 0.8672351132233715, "ENV_Train_Weighted probability to choose the right action:_epoch7": 0.8148887315300993, "ENV_Test_TotalLoss_epoch7": 249.3640097083209, "ENV_Test_Right action_epoch7": 0.813824, "ENV_Test_Probability to choose the right action_epoch7": 0.7855848481220351, "ENV_Test_Weighted right action_epoch7": 0.8533623731594785, "ENV_Test_Weighted probability to choose the right action:_epoch7": 0.8254297587978917, "ENV_Test_proba_accuracy_epoch7": 0.7855848481220347, "ENV_Test_proba_accuracy_strategy_132_epoch7": 0.8318610353628973, "ENV_Test_proba_accuracy_strategy_23_epoch7": 0.7885279580260588, "ENV_Test_proba_accuracy_strategy_107_epoch7": 0.8598436081078171, "ENV_Test_proba_accuracy_strategy_43_epoch7": 0.7883107385652711, "ENV_Test_proba_accuracy_strategy_17_epoch7": 0.7524575148959919, "ENV_Test_proba_accuracy_strategy_93_epoch7": 0.7824649059558255, "ENV_Test_proba_accuracy_per_mean_strategy_epoch7": 0.8005776268189769, "ENV_Test_proba_accuracy_per_mean_user_epoch7": 0.7988408356163078, "ENV_Test_proba_accuracy_per_mean_user_and_bot_epoch7": 0.8254297587978908, "ENV_Test_accuracy_epoch7": 0.813824, "ENV_Test_accuracy_strategy_132_epoch7": 0.8555240793201133, "ENV_Test_accuracy_strategy_23_epoch7": 0.8191953465826466, "ENV_Test_accuracy_strategy_107_epoch7": 0.8817733990147784, "ENV_Test_accuracy_strategy_43_epoch7": 0.8174300254452926, "ENV_Test_accuracy_strategy_17_epoch7": 0.778584392014519, "ENV_Test_accuracy_strategy_93_epoch7": 0.8151571164510166, "ENV_Test_accuracy_per_mean_strategy_epoch7": 0.8279440598047277, "ENV_Test_accuracy_per_mean_user_epoch7": 0.8257491854692584, "ENV_Test_accuracy_per_mean_user_and_bot_epoch7": 0.8533623731594793, "ENV_Train_TotalLoss_epoch8": 617.5555031448456, "ENV_Train_Right action_epoch8": 0.8760095011876484, "ENV_Train_Probability to choose the right action_epoch8": 0.8264117715109764, "ENV_Train_Weighted right action_epoch8": 0.8760095011876484, "ENV_Train_Weighted probability to choose the right action:_epoch8": 0.8264117715109764, "ENV_Test_TotalLoss_epoch8": 251.74972812579313, "ENV_Test_Right action_epoch8": 0.804096, "ENV_Test_Probability to choose the right action_epoch8": 0.7766322766675506, "ENV_Test_Weighted right action_epoch8": 0.8455928775418953, "ENV_Test_Weighted probability to choose the right action:_epoch8": 0.8180690091654492, "ENV_Test_proba_accuracy_epoch8": 0.7766322766675497, "ENV_Test_proba_accuracy_strategy_132_epoch8": 0.8236128009157759, "ENV_Test_proba_accuracy_strategy_23_epoch8": 0.7807102861941446, "ENV_Test_proba_accuracy_strategy_107_epoch8": 0.8526407804808593, "ENV_Test_proba_accuracy_strategy_43_epoch8": 0.7829448839495956, "ENV_Test_proba_accuracy_strategy_17_epoch8": 0.740569603887004, "ENV_Test_proba_accuracy_strategy_93_epoch8": 0.7716343449565968, "ENV_Test_proba_accuracy_per_mean_strategy_epoch8": 0.7920187833973293, "ENV_Test_proba_accuracy_per_mean_user_epoch8": 0.789094644816514, "ENV_Test_proba_accuracy_per_mean_user_and_bot_epoch8": 0.8180690091654482, "ENV_Test_accuracy_epoch8": 0.804096, "ENV_Test_accuracy_strategy_132_epoch8": 0.8498583569405099, "ENV_Test_accuracy_strategy_23_epoch8": 0.8078849571820973, "ENV_Test_accuracy_strategy_107_epoch8": 0.8669950738916257, "ENV_Test_accuracy_strategy_43_epoch8": 0.8155216284987278, "ENV_Test_accuracy_strategy_17_epoch8": 0.7679219600725953, "ENV_Test_accuracy_strategy_93_epoch8": 0.8031423290203327, "ENV_Test_accuracy_per_mean_strategy_epoch8": 0.8185540509343148, "ENV_Test_accuracy_per_mean_user_epoch8": 0.8172600782074771, "ENV_Test_accuracy_per_mean_user_and_bot_epoch8": 0.8455928775418957, "ENV_Train_TotalLoss_epoch9": 580.3198754961537, "ENV_Train_Right action_epoch9": 0.8848336594911937, "ENV_Train_Probability to choose the right action_epoch9": 0.8380313687604098, "ENV_Train_Weighted right action_epoch9": 0.8848336594911937, "ENV_Train_Weighted probability to choose the right action:_epoch9": 0.8380313687604098, "ENV_Test_TotalLoss_epoch9": 247.80909813049976, "ENV_Test_Right action_epoch9": 0.7984, "ENV_Test_Probability to choose the right action_epoch9": 0.772858092821594, "ENV_Test_Weighted right action_epoch9": 0.8419162065616432, "ENV_Test_Weighted probability to choose the right action:_epoch9": 0.8183719221945727, "ENV_Test_proba_accuracy_epoch9": 0.7728580928215937, "ENV_Test_proba_accuracy_strategy_132_epoch9": 0.8247377607437374, "ENV_Test_proba_accuracy_strategy_23_epoch9": 0.7726723858752004, "ENV_Test_proba_accuracy_strategy_107_epoch9": 0.8510595014519918, "ENV_Test_proba_accuracy_strategy_43_epoch9": 0.7853545712062087, "ENV_Test_proba_accuracy_strategy_17_epoch9": 0.7368745661339865, "ENV_Test_proba_accuracy_strategy_93_epoch9": 0.7737157547172414, "ENV_Test_proba_accuracy_per_mean_strategy_epoch9": 0.790735756688061, "ENV_Test_proba_accuracy_per_mean_user_epoch9": 0.7865552497888716, "ENV_Test_proba_accuracy_per_mean_user_and_bot_epoch9": 0.8183719221945734, "ENV_Test_accuracy_epoch9": 0.7984, "ENV_Test_accuracy_strategy_132_epoch9": 0.8504249291784702, "ENV_Test_accuracy_strategy_23_epoch9": 0.8007755695588948, "ENV_Test_accuracy_strategy_107_epoch9": 0.8719211822660099, "ENV_Test_accuracy_strategy_43_epoch9": 0.80470737913486, "ENV_Test_accuracy_strategy_17_epoch9": 0.7606624319419237, "ENV_Test_accuracy_strategy_93_epoch9": 0.8031423290203327, "ENV_Test_accuracy_per_mean_strategy_epoch9": 0.8152723035167485, "ENV_Test_accuracy_per_mean_user_epoch9": 0.811383485378031, "ENV_Test_accuracy_per_mean_user_and_bot_epoch9": 0.8419162065616428, "ENV_Train_TotalLoss_epoch10": 547.6073689161832, "ENV_Train_Right action_epoch10": 0.8906905227844563, "ENV_Train_Probability to choose the right action_epoch10": 0.8472706474688992, "ENV_Train_Weighted right action_epoch10": 0.8906905227844563, "ENV_Train_Weighted probability to choose the right action:_epoch10": 0.8472706474688992, "ENV_Test_TotalLoss_epoch10": 287.5424565330399, "ENV_Test_Right action_epoch10": 0.801088, "ENV_Test_Probability to choose the right action_epoch10": 0.7839556330177888, "ENV_Test_Weighted right action_epoch10": 0.8415837709694758, "ENV_Test_Weighted probability to choose the right action:_epoch10": 0.8246648350132497, "ENV_Test_proba_accuracy_epoch10": 0.7839556330177885, "ENV_Test_proba_accuracy_strategy_132_epoch10": 0.8336143392561306, "ENV_Test_proba_accuracy_strategy_23_epoch10": 0.7883577731038182, "ENV_Test_proba_accuracy_strategy_107_epoch10": 0.8462666168587025, "ENV_Test_proba_accuracy_strategy_43_epoch10": 0.7899223591989653, "ENV_Test_proba_accuracy_strategy_17_epoch10": 0.7477816353192098, "ENV_Test_proba_accuracy_strategy_93_epoch10": 0.7814005846225003, "ENV_Test_proba_accuracy_per_mean_strategy_epoch10": 0.7978905513932212, "ENV_Test_proba_accuracy_per_mean_user_epoch10": 0.7966838178953882, "ENV_Test_proba_accuracy_per_mean_user_and_bot_epoch10": 0.8246648350132494, "ENV_Test_accuracy_epoch10": 0.801088, "ENV_Test_accuracy_strategy_132_epoch10": 0.8521246458923513, "ENV_Test_accuracy_strategy_23_epoch10": 0.8075618031992244, "ENV_Test_accuracy_strategy_107_epoch10": 0.8604269293924466, "ENV_Test_accuracy_strategy_43_epoch10": 0.8072519083969466, "ENV_Test_accuracy_strategy_17_epoch10": 0.7627041742286751, "ENV_Test_accuracy_strategy_93_epoch10": 0.7948243992606284, "ENV_Test_accuracy_per_mean_strategy_epoch10": 0.8141489767283786, "ENV_Test_accuracy_per_mean_user_epoch10": 0.8141231833649257, "ENV_Test_accuracy_per_mean_user_and_bot_epoch10": 0.8415837709694749, "ENV_Train_TotalLoss_epoch11": 506.00058631710635, "ENV_Train_Right action_epoch11": 0.9011755496847962, "ENV_Train_Probability to choose the right action_epoch11": 0.8597362254054526, "ENV_Train_Weighted right action_epoch11": 0.9011755496847962, "ENV_Train_Weighted probability to choose the right action:_epoch11": 0.8597362254054526, "ENV_Test_TotalLoss_epoch11": 325.9960108639983, "ENV_Test_Right action_epoch11": 0.803712, "ENV_Test_Probability to choose the right action_epoch11": 0.789366473110596, "ENV_Test_Weighted right action_epoch11": 0.8448560524177615, "ENV_Test_Weighted probability to choose the right action:_epoch11": 0.830220357902492, "ENV_Test_proba_accuracy_epoch11": 0.789366473110596, "ENV_Test_proba_accuracy_strategy_132_epoch11": 0.832566503659014, "ENV_Test_proba_accuracy_strategy_23_epoch11": 0.7924649932774644, "ENV_Test_proba_accuracy_strategy_107_epoch11": 0.8710184320821301, "ENV_Test_proba_accuracy_strategy_43_epoch11": 0.7963667541541063, "ENV_Test_proba_accuracy_strategy_17_epoch11": 0.7549427103565418, "ENV_Test_proba_accuracy_strategy_93_epoch11": 0.7852857579304705, "ENV_Test_proba_accuracy_per_mean_strategy_epoch11": 0.8054408585766212, "ENV_Test_proba_accuracy_per_mean_user_epoch11": 0.8015209839506969, "ENV_Test_proba_accuracy_per_mean_user_and_bot_epoch11": 0.8302203579024928, "ENV_Test_accuracy_epoch11": 0.803712, "ENV_Test_accuracy_strategy_132_epoch11": 0.8470254957507082, "ENV_Test_accuracy_strategy_23_epoch11": 0.8088544191307158, "ENV_Test_accuracy_strategy_107_epoch11": 0.8817733990147784, "ENV_Test_accuracy_strategy_43_epoch11": 0.8085241730279898, "ENV_Test_accuracy_strategy_17_epoch11": 0.7661070780399274, "ENV_Test_accuracy_strategy_93_epoch11": 0.8059149722735675, "ENV_Test_accuracy_per_mean_strategy_epoch11": 0.8196999228729478, "ENV_Test_accuracy_per_mean_user_epoch11": 0.815225664547949, "ENV_Test_accuracy_per_mean_user_and_bot_epoch11": 0.8448560524177622, "ENV_Train_TotalLoss_epoch12": 472.1161078132527, "ENV_Train_Right action_epoch12": 0.9094592706441247, "ENV_Train_Probability to choose the right action_epoch12": 0.8700478941880484, "ENV_Train_Weighted right action_epoch12": 0.9094592706441247, "ENV_Train_Weighted probability to choose the right action:_epoch12": 0.8700478941880484, "ENV_Test_TotalLoss_epoch12": 335.6574898702689, "ENV_Test_Right action_epoch12": 0.799616, "ENV_Test_Probability to choose the right action_epoch12": 0.7872453255017136, "ENV_Test_Weighted right action_epoch12": 0.8396411398287257, "ENV_Test_Weighted probability to choose the right action:_epoch12": 0.8265910265335382, "ENV_Test_proba_accuracy_epoch12": 0.7872453255017134, "ENV_Test_proba_accuracy_strategy_132_epoch12": 0.8300184926330828, "ENV_Test_proba_accuracy_strategy_23_epoch12": 0.7902585002658978, "ENV_Test_proba_accuracy_strategy_107_epoch12": 0.8669437414055435, "ENV_Test_proba_accuracy_strategy_43_epoch12": 0.7953778358379795, "ENV_Test_proba_accuracy_strategy_17_epoch12": 0.7536544276501967, "ENV_Test_proba_accuracy_strategy_93_epoch12": 0.780410628267921, "ENV_Test_proba_accuracy_per_mean_strategy_epoch12": 0.8027772710101037, "ENV_Test_proba_accuracy_per_mean_user_epoch12": 0.7992169157334844, "ENV_Test_proba_accuracy_per_mean_user_and_bot_epoch12": 0.8265910265335387, "ENV_Test_accuracy_epoch12": 0.799616, "ENV_Test_accuracy_strategy_132_epoch12": 0.8385269121813032, "ENV_Test_accuracy_strategy_23_epoch12": 0.8009371465503312, "ENV_Test_accuracy_strategy_107_epoch12": 0.8784893267651889, "ENV_Test_accuracy_strategy_43_epoch12": 0.8174300254452926, "ENV_Test_accuracy_strategy_17_epoch12": 0.7676950998185118, "ENV_Test_accuracy_strategy_93_epoch12": 0.788354898336414, "ENV_Test_accuracy_per_mean_strategy_epoch12": 0.8152389015161736, "ENV_Test_accuracy_per_mean_user_epoch12": 0.8117184133378702, "ENV_Test_accuracy_per_mean_user_and_bot_epoch12": 0.8396411398287255, "ENV_Train_TotalLoss_epoch13": 438.23770275169016, "ENV_Train_Right action_epoch13": 0.9171860588613433, "ENV_Train_Probability to choose the right action_epoch13": 0.8798259765829651, "ENV_Train_Weighted right action_epoch13": 0.9171860588613433, "ENV_Train_Weighted probability to choose the right action:_epoch13": 0.8798259765829651, "ENV_Test_TotalLoss_epoch13": 352.2302540251701, "ENV_Test_Right action_epoch13": 0.800512, "ENV_Test_Probability to choose the right action_epoch13": 0.7886061030813629, "ENV_Test_Weighted right action_epoch13": 0.8407832581132298, "ENV_Test_Weighted probability to choose the right action:_epoch13": 0.8289371955418836, "ENV_Test_proba_accuracy_epoch13": 0.7886061030813631, "ENV_Test_proba_accuracy_strategy_132_epoch13": 0.8359095079894305, "ENV_Test_proba_accuracy_strategy_23_epoch13": 0.7906872435035686, "ENV_Test_proba_accuracy_strategy_107_epoch13": 0.8647540897691168, "ENV_Test_proba_accuracy_strategy_43_epoch13": 0.7998920899533578, "ENV_Test_proba_accuracy_strategy_17_epoch13": 0.7533798671066362, "ENV_Test_proba_accuracy_strategy_93_epoch13": 0.7837917455815563, "ENV_Test_proba_accuracy_per_mean_strategy_epoch13": 0.8047357573172779, "ENV_Test_proba_accuracy_per_mean_user_epoch13": 0.801620592237178, "ENV_Test_proba_accuracy_per_mean_user_and_bot_epoch13": 0.8289371955418836, "ENV_Test_accuracy_epoch13": 0.800512, "ENV_Test_accuracy_strategy_132_epoch13": 0.8458923512747876, "ENV_Test_accuracy_strategy_23_epoch13": 0.8012603005332041, "ENV_Test_accuracy_strategy_107_epoch13": 0.8735632183908046, "ENV_Test_accuracy_strategy_43_epoch13": 0.8123409669211196, "ENV_Test_accuracy_strategy_17_epoch13": 0.7690562613430127, "ENV_Test_accuracy_strategy_93_epoch13": 0.7920517560073937, "ENV_Test_accuracy_per_mean_strategy_epoch13": 0.8156941424117203, "ENV_Test_accuracy_per_mean_user_epoch13": 0.8150488046848396, "ENV_Test_accuracy_per_mean_user_and_bot_epoch13": 0.840783258113229, "ENV_Train_TotalLoss_epoch14": 405.9345472954335, "ENV_Train_Right action_epoch14": 0.9225834404875048, "ENV_Train_Probability to choose the right action_epoch14": 0.8893174785092107, "ENV_Train_Weighted right action_epoch14": 0.9225834404875048, "ENV_Train_Weighted probability to choose the right action:_epoch14": 0.8893174785092107, "ENV_Test_TotalLoss_epoch14": 359.08138018688726, "ENV_Test_Right action_epoch14": 0.797824, "ENV_Test_Probability to choose the right action_epoch14": 0.7843141752826274, "ENV_Test_Weighted right action_epoch14": 0.8385240201478089, "ENV_Test_Weighted probability to choose the right action:_epoch14": 0.8243625736078118, "ENV_Test_proba_accuracy_epoch14": 0.784314175282627, "ENV_Test_proba_accuracy_strategy_132_epoch14": 0.8356278598303002, "ENV_Test_proba_accuracy_strategy_23_epoch14": 0.7894985267122899, "ENV_Test_proba_accuracy_strategy_107_epoch14": 0.8604581937632793, "ENV_Test_proba_accuracy_strategy_43_epoch14": 0.7916756203944616, "ENV_Test_proba_accuracy_strategy_17_epoch14": 0.7460314071614385, "ENV_Test_proba_accuracy_strategy_93_epoch14": 0.7733640261909933, "ENV_Test_proba_accuracy_per_mean_strategy_epoch14": 0.7994426056754605, "ENV_Test_proba_accuracy_per_mean_user_epoch14": 0.796936215885543, "ENV_Test_proba_accuracy_per_mean_user_and_bot_epoch14": 0.8243625736078105, "ENV_Test_accuracy_epoch14": 0.797824, "ENV_Test_accuracy_strategy_132_epoch14": 0.8464589235127479, "ENV_Test_accuracy_strategy_23_epoch14": 0.8044918403619324, "ENV_Test_accuracy_strategy_107_epoch14": 0.8801313628899836, "ENV_Test_accuracy_strategy_43_epoch14": 0.8034351145038168, "ENV_Test_accuracy_strategy_17_epoch14": 0.757940108892922, "ENV_Test_accuracy_strategy_93_epoch14": 0.788354898336414, "ENV_Test_accuracy_per_mean_strategy_epoch14": 0.8134687080829694, "ENV_Test_accuracy_per_mean_user_epoch14": 0.8101023928720981, "ENV_Test_accuracy_per_mean_user_and_bot_epoch14": 0.8385240201478087, "ENV_Train_TotalLoss_epoch15": 373.7727058077607, "ENV_Train_Right action_epoch15": 0.9301447978979147, "ENV_Train_Probability to choose the right action_epoch15": 0.8981340275246492, "ENV_Train_Weighted right action_epoch15": 0.9301447978979147, "ENV_Train_Weighted probability to choose the right action:_epoch15": 0.8981340275246492, "ENV_Test_TotalLoss_epoch15": 403.784224490493, "ENV_Test_Right action_epoch15": 0.796224, "ENV_Test_Probability to choose the right action_epoch15": 0.7866610149371931, "ENV_Test_Weighted right action_epoch15": 0.8333688625964399, "ENV_Test_Weighted probability to choose the right action:_epoch15": 0.822719687854872, "ENV_Test_proba_accuracy_epoch15": 0.7866610149371926, "ENV_Test_proba_accuracy_strategy_132_epoch15": 0.825993891323536, "ENV_Test_proba_accuracy_strategy_23_epoch15": 0.792710816046682, "ENV_Test_proba_accuracy_strategy_107_epoch15": 0.8563006569768751, "ENV_Test_proba_accuracy_strategy_43_epoch15": 0.7937035161582419, "ENV_Test_proba_accuracy_strategy_17_epoch15": 0.7507317626451434, "ENV_Test_proba_accuracy_strategy_93_epoch15": 0.7848403534706223, "ENV_Test_proba_accuracy_per_mean_strategy_epoch15": 0.8007134994368501, "ENV_Test_proba_accuracy_per_mean_user_epoch15": 0.7980089182611918, "ENV_Test_proba_accuracy_per_mean_user_and_bot_epoch15": 0.822719687854873, "ENV_Test_accuracy_epoch15": 0.796224, "ENV_Test_accuracy_strategy_132_epoch15": 0.8334277620396601, "ENV_Test_accuracy_strategy_23_epoch15": 0.8048149943448053, "ENV_Test_accuracy_strategy_107_epoch15": 0.8604269293924466, "ENV_Test_accuracy_strategy_43_epoch15": 0.8027989821882952, "ENV_Test_accuracy_strategy_17_epoch15": 0.7563520871143375, "ENV_Test_accuracy_strategy_93_epoch15": 0.8031423290203327, "ENV_Test_accuracy_per_mean_strategy_epoch15": 0.8101605140166462, "ENV_Test_accuracy_per_mean_user_epoch15": 0.8068757265989289, "ENV_Test_accuracy_per_mean_user_and_bot_epoch15": 0.8333688625964397, "ENV_Train_TotalLoss_epoch16": 350.76322176814216, "ENV_Train_Right action_epoch16": 0.9345708175502845, "ENV_Train_Probability to choose the right action_epoch16": 0.9053300050281609, "ENV_Train_Weighted right action_epoch16": 0.9345708175502845, "ENV_Train_Weighted probability to choose the right action:_epoch16": 0.9053300050281609, "ENV_Test_TotalLoss_epoch16": 436.62420540864997, "ENV_Test_Right action_epoch16": 0.798848, "ENV_Test_Probability to choose the right action_epoch16": 0.7903099914525759, "ENV_Test_Weighted right action_epoch16": 0.8404735001412464, "ENV_Test_Weighted probability to choose the right action:_epoch16": 0.8314342042455701, "ENV_Test_proba_accuracy_epoch16": 0.7903099914525757, "ENV_Test_proba_accuracy_strategy_132_epoch16": 0.8317246443800491, "ENV_Test_proba_accuracy_strategy_23_epoch16": 0.7949445654743168, "ENV_Test_proba_accuracy_strategy_107_epoch16": 0.8726461762817261, "ENV_Test_proba_accuracy_strategy_43_epoch16": 0.7984554964329011, "ENV_Test_proba_accuracy_strategy_17_epoch16": 0.7520536504526008, "ENV_Test_proba_accuracy_strategy_93_epoch16": 0.7939201945027805, "ENV_Test_proba_accuracy_per_mean_strategy_epoch16": 0.8072907879207291, "ENV_Test_proba_accuracy_per_mean_user_epoch16": 0.8034015554027621, "ENV_Test_proba_accuracy_per_mean_user_and_bot_epoch16": 0.8314342042455705, "ENV_Test_accuracy_epoch16": 0.798848, "ENV_Test_accuracy_strategy_132_epoch16": 0.8402266288951842, "ENV_Test_accuracy_strategy_23_epoch16": 0.8030376474390046, "ENV_Test_accuracy_strategy_107_epoch16": 0.8752052545155994, "ENV_Test_accuracy_strategy_43_epoch16": 0.8123409669211196, "ENV_Test_accuracy_strategy_17_epoch16": 0.7590744101633394, "ENV_Test_accuracy_strategy_93_epoch16": 0.8068391866913124, "ENV_Test_accuracy_per_mean_strategy_epoch16": 0.8161206824375933, "ENV_Test_accuracy_per_mean_user_epoch16": 0.8127468812682477, "ENV_Test_accuracy_per_mean_user_and_bot_epoch16": 0.8404735001412472, "ENV_Train_TotalLoss_epoch17": 331.91520985252396, "ENV_Train_Right action_epoch17": 0.9398509903688897, "ENV_Train_Probability to choose the right action_epoch17": 0.9121889499123886, "ENV_Train_Weighted right action_epoch17": 0.9398509903688897, "ENV_Train_Weighted probability to choose the right action:_epoch17": 0.9121889499123886, "ENV_Test_TotalLoss_epoch17": 373.8152759757091, "ENV_Test_Right action_epoch17": 0.796608, "ENV_Test_Probability to choose the right action_epoch17": 0.7839021527900666, "ENV_Test_Weighted right action_epoch17": 0.8361827074103511, "ENV_Test_Weighted probability to choose the right action:_epoch17": 0.8242105849150763, "ENV_Test_proba_accuracy_epoch17": 0.7839021527900666, "ENV_Test_proba_accuracy_strategy_132_epoch17": 0.8327526199851926, "ENV_Test_proba_accuracy_strategy_23_epoch17": 0.7873049302253917, "ENV_Test_proba_accuracy_strategy_107_epoch17": 0.8601821588988163, "ENV_Test_proba_accuracy_strategy_43_epoch17": 0.7892043131960755, "ENV_Test_proba_accuracy_strategy_17_epoch17": 0.747833696508883, "ENV_Test_proba_accuracy_strategy_93_epoch17": 0.7810549912950188, "ENV_Test_proba_accuracy_per_mean_strategy_epoch17": 0.7997221183515629, "ENV_Test_proba_accuracy_per_mean_user_epoch17": 0.7968546739640425, "ENV_Test_proba_accuracy_per_mean_user_and_bot_epoch17": 0.824210584915076, "ENV_Test_accuracy_epoch17": 0.796608, "ENV_Test_accuracy_strategy_132_epoch17": 0.8470254957507082, "ENV_Test_accuracy_strategy_23_epoch17": 0.8010987235417677, "ENV_Test_accuracy_strategy_107_epoch17": 0.8669950738916257, "ENV_Test_accuracy_strategy_43_epoch17": 0.8091603053435115, "ENV_Test_accuracy_strategy_17_epoch17": 0.7568058076225045, "ENV_Test_accuracy_strategy_93_epoch17": 0.7929759704251387, "ENV_Test_accuracy_per_mean_strategy_epoch17": 0.8123435627625427, "ENV_Test_accuracy_per_mean_user_epoch17": 0.809098326370869, "ENV_Test_accuracy_per_mean_user_and_bot_epoch17": 0.8361827074103514, "ENV_Train_TotalLoss_epoch18": 300.9238839798356, "ENV_Train_Right action_epoch18": 0.9445772354314309, "ENV_Train_Probability to choose the right action_epoch18": 0.9193110629097684, "ENV_Train_Weighted right action_epoch18": 0.9445772354314309, "ENV_Train_Weighted probability to choose the right action:_epoch18": 0.9193110629097684, "ENV_Test_TotalLoss_epoch18": 447.65074219902885, "ENV_Test_Right action_epoch18": 0.79456, "ENV_Test_Probability to choose the right action_epoch18": 0.78772893264821, "ENV_Test_Weighted right action_epoch18": 0.8312040774671389, "ENV_Test_Weighted probability to choose the right action:_epoch18": 0.8243104482161524, "ENV_Test_proba_accuracy_epoch18": 0.7877289326482102, "ENV_Test_proba_accuracy_strategy_132_epoch18": 0.8326218506733817, "ENV_Test_proba_accuracy_strategy_23_epoch18": 0.7918898345043889, "ENV_Test_proba_accuracy_strategy_107_epoch18": 0.8633536578768741, "ENV_Test_proba_accuracy_strategy_43_epoch18": 0.7850430261263298, "ENV_Test_proba_accuracy_strategy_17_epoch18": 0.7568618030293331, "ENV_Test_proba_accuracy_strategy_93_epoch18": 0.7777855618957448, "ENV_Test_proba_accuracy_per_mean_strategy_epoch18": 0.8012592890176754, "ENV_Test_proba_accuracy_per_mean_user_epoch18": 0.7994491303680331, "ENV_Test_proba_accuracy_per_mean_user_and_bot_epoch18": 0.8243104482161538, "ENV_Test_accuracy_epoch18": 0.79456, "ENV_Test_accuracy_strategy_132_epoch18": 0.8390934844192635, "ENV_Test_accuracy_strategy_23_epoch18": 0.8001292615931491, "ENV_Test_accuracy_strategy_107_epoch18": 0.8702791461412152, "ENV_Test_accuracy_strategy_43_epoch18": 0.7907124681933843, "ENV_Test_accuracy_strategy_17_epoch18": 0.7624773139745916, "ENV_Test_accuracy_strategy_93_epoch18": 0.7837338262476895, "ENV_Test_accuracy_per_mean_strategy_epoch18": 0.8077375834282154, "ENV_Test_accuracy_per_mean_user_epoch18": 0.8057793730646332, "ENV_Test_accuracy_per_mean_user_and_bot_epoch18": 0.8312040774671396, "ENV_Train_TotalLoss_epoch19": 276.9161100956836, "ENV_Train_Right action_epoch19": 0.9498965787119857, "ENV_Train_Probability to choose the right action_epoch19": 0.9265023294760807, "ENV_Train_Weighted right action_epoch19": 0.9498965787119857, "ENV_Train_Weighted probability to choose the right action:_epoch19": 0.9265023294760807, "ENV_Test_TotalLoss_epoch19": 491.6387588693209, "ENV_Test_Right action_epoch19": 0.796864, "ENV_Test_Probability to choose the right action_epoch19": 0.7915510854595083, "ENV_Test_Weighted right action_epoch19": 0.8347962673239279, "ENV_Test_Weighted probability to choose the right action:_epoch19": 0.8298319282655373, "ENV_Test_proba_accuracy_epoch19": 0.7915510854595079, "ENV_Test_proba_accuracy_strategy_132_epoch19": 0.83924562265005, "ENV_Test_proba_accuracy_strategy_23_epoch19": 0.7938893589611087, "ENV_Test_proba_accuracy_strategy_107_epoch19": 0.8653943735247815, "ENV_Test_proba_accuracy_strategy_43_epoch19": 0.7934891835845949, "ENV_Test_proba_accuracy_strategy_17_epoch19": 0.7586020723997062, "ENV_Test_proba_accuracy_strategy_93_epoch19": 0.7902290559220799, "ENV_Test_proba_accuracy_per_mean_strategy_epoch19": 0.8068082778403869, "ENV_Test_proba_accuracy_per_mean_user_epoch19": 0.8040005287467814, "ENV_Test_proba_accuracy_per_mean_user_and_bot_epoch19": 0.8298319282655369, "ENV_Test_accuracy_epoch19": 0.796864, "ENV_Test_accuracy_strategy_132_epoch19": 0.8419263456090652, "ENV_Test_accuracy_strategy_23_epoch19": 0.7965745677815479, "ENV_Test_accuracy_strategy_107_epoch19": 0.8702791461412152, "ENV_Test_accuracy_strategy_43_epoch19": 0.799618320610687, "ENV_Test_accuracy_strategy_17_epoch19": 0.7683756805807622, "ENV_Test_accuracy_strategy_93_epoch19": 0.7957486136783734, "ENV_Test_accuracy_per_mean_strategy_epoch19": 0.812087112400275, "ENV_Test_accuracy_per_mean_user_epoch19": 0.8096388387033954, "ENV_Test_accuracy_per_mean_user_and_bot_epoch19": 0.8347962673239283, "ENV_Train_TotalLoss_epoch20": 261.9172909596864, "ENV_Train_Right action_epoch20": 0.9532016605862372, "ENV_Train_Probability to choose the right action_epoch20": 0.9308446732042234, "ENV_Train_Weighted right action_epoch20": 0.9532016605862372, "ENV_Train_Weighted probability to choose the right action:_epoch20": 0.9308446732042234, "ENV_Test_TotalLoss_epoch20": 489.66394917911947, "ENV_Test_Right action_epoch20": 0.793152, "ENV_Test_Probability to choose the right action_epoch20": 0.7876391286656251, "ENV_Test_Weighted right action_epoch20": 0.8305474520837336, "ENV_Test_Weighted probability to choose the right action:_epoch20": 0.8257876839871603, "ENV_Test_proba_accuracy_epoch20": 0.7876391286656251, "ENV_Test_proba_accuracy_strategy_132_epoch20": 0.8317084330610991, "ENV_Test_proba_accuracy_strategy_23_epoch20": 0.7877769387907793, "ENV_Test_proba_accuracy_strategy_107_epoch20": 0.8633671200088393, "ENV_Test_proba_accuracy_strategy_43_epoch20": 0.7867913495719587, "ENV_Test_proba_accuracy_strategy_17_epoch20": 0.7589189392832827, "ENV_Test_proba_accuracy_strategy_93_epoch20": 0.7905760304049976, "ENV_Test_proba_accuracy_per_mean_strategy_epoch20": 0.8031898018534928, "ENV_Test_proba_accuracy_per_mean_user_epoch20": 0.7995553620271494, "ENV_Test_proba_accuracy_per_mean_user_and_bot_epoch20": 0.8257876839871612, "ENV_Test_accuracy_epoch20": 0.793152, "ENV_Test_accuracy_strategy_132_epoch20": 0.8368271954674221, "ENV_Test_accuracy_strategy_23_epoch20": 0.7925351429956374, "ENV_Test_accuracy_strategy_107_epoch20": 0.8604269293924466, "ENV_Test_accuracy_strategy_43_epoch20": 0.7932569974554707, "ENV_Test_accuracy_strategy_17_epoch20": 0.7661070780399274, "ENV_Test_accuracy_strategy_93_epoch20": 0.7975970425138632, "ENV_Test_accuracy_per_mean_strategy_epoch20": 0.8077917309774613, "ENV_Test_accuracy_per_mean_user_epoch20": 0.8049096355245903, "ENV_Test_accuracy_per_mean_user_and_bot_epoch20": 0.8305474520837349, "ENV_Train_TotalLoss_epoch21": 238.62283453633037, "ENV_Train_Right action_epoch21": 0.9563534212880143, "ENV_Train_Probability to choose the right action_epoch21": 0.9367529688823483, "ENV_Train_Weighted right action_epoch21": 0.9563534212880143, "ENV_Train_Weighted probability to choose the right action:_epoch21": 0.9367529688823483, "ENV_Test_TotalLoss_epoch21": 509.8308433586481, "ENV_Test_Right action_epoch21": 0.793792, "ENV_Test_Probability to choose the right action_epoch21": 0.7883545731853807, "ENV_Test_Weighted right action_epoch21": 0.8303738884163281, "ENV_Test_Weighted probability to choose the right action:_epoch21": 0.8234009900187086, "ENV_Test_proba_accuracy_epoch21": 0.7883545731853803, "ENV_Test_proba_accuracy_strategy_132_epoch21": 0.8386509857032314, "ENV_Test_proba_accuracy_strategy_23_epoch21": 0.7937323374558989, "ENV_Test_proba_accuracy_strategy_107_epoch21": 0.8522099534788329, "ENV_Test_proba_accuracy_strategy_43_epoch21": 0.7883286919003482, "ENV_Test_proba_accuracy_strategy_17_epoch21": 0.7524515227946829, "ENV_Test_proba_accuracy_strategy_93_epoch21": 0.7859121089888069, "ENV_Test_proba_accuracy_per_mean_strategy_epoch21": 0.8018809333869669, "ENV_Test_proba_accuracy_per_mean_user_epoch21": 0.7991764694091483, "ENV_Test_proba_accuracy_per_mean_user_and_bot_epoch21": 0.8234009900187091, "ENV_Test_accuracy_epoch21": 0.793792, "ENV_Test_accuracy_strategy_132_epoch21": 0.8464589235127479, "ENV_Test_accuracy_strategy_23_epoch21": 0.7996445306188399, "ENV_Test_accuracy_strategy_107_epoch21": 0.8686371100164204, "ENV_Test_accuracy_strategy_43_epoch21": 0.7907124681933843, "ENV_Test_accuracy_strategy_17_epoch21": 0.7549909255898367, "ENV_Test_accuracy_strategy_93_epoch21": 0.7948243992606284, "ENV_Test_accuracy_per_mean_strategy_epoch21": 0.8092113928653096, "ENV_Test_accuracy_per_mean_user_epoch21": 0.8040110789218422, "ENV_Test_accuracy_per_mean_user_and_bot_epoch21": 0.8303738884163275, "ENV_Train_TotalLoss_epoch22": 229.2052026893988, "ENV_Train_Right action_epoch22": 0.9598317237138185, "ENV_Train_Probability to choose the right action_epoch22": 0.9401677813348774, "ENV_Train_Weighted right action_epoch22": 0.9598317237138185, "ENV_Train_Weighted probability to choose the right action:_epoch22": 0.9401677813348774, "ENV_Test_TotalLoss_epoch22": 494.2473896665982, "ENV_Test_Right action_epoch22": 0.799296, "ENV_Test_Probability to choose the right action_epoch22": 0.7921686513756385, "ENV_Test_Weighted right action_epoch22": 0.835691882543239, "ENV_Test_Weighted probability to choose the right action:_epoch22": 0.8296389524497739, "ENV_Test_proba_accuracy_epoch22": 0.7921686513756387, "ENV_Test_proba_accuracy_strategy_132_epoch22": 0.8396366839232831, "ENV_Test_proba_accuracy_strategy_23_epoch22": 0.7954978616795899, "ENV_Test_proba_accuracy_strategy_107_epoch22": 0.8553908182997864, "ENV_Test_proba_accuracy_strategy_43_epoch22": 0.7919307805228685, "ENV_Test_proba_accuracy_strategy_17_epoch22": 0.7586238660633091, "ENV_Test_proba_accuracy_strategy_93_epoch22": 0.7971145727829871, "ENV_Test_proba_accuracy_per_mean_strategy_epoch22": 0.8063657638786373, "ENV_Test_proba_accuracy_per_mean_user_epoch22": 0.8040784555603124, "ENV_Test_proba_accuracy_per_mean_user_and_bot_epoch22": 0.829638952449773, "ENV_Test_accuracy_epoch22": 0.799296, "ENV_Test_accuracy_strategy_132_epoch22": 0.8441926345609065, "ENV_Test_accuracy_strategy_23_epoch22": 0.8019066084989498, "ENV_Test_accuracy_strategy_107_epoch22": 0.8653530377668309, "ENV_Test_accuracy_strategy_43_epoch22": 0.8015267175572519, "ENV_Test_accuracy_strategy_17_epoch22": 0.7661070780399274, "ENV_Test_accuracy_strategy_93_epoch22": 0.8059149722735675, "ENV_Test_accuracy_per_mean_strategy_epoch22": 0.8141668414495724, "ENV_Test_accuracy_per_mean_user_epoch22": 0.8104619294505384, "ENV_Test_accuracy_per_mean_user_and_bot_epoch22": 0.8356918825432393, "ENV_Train_TotalLoss_epoch23": 218.41966167735868, "ENV_Train_Right action_epoch23": 0.9608380270863325, "ENV_Train_Probability to choose the right action_epoch23": 0.9430965817793671, "ENV_Train_Weighted right action_epoch23": 0.9608380270863325, "ENV_Train_Weighted probability to choose the right action:_epoch23": 0.9430965817793671, "ENV_Test_TotalLoss_epoch23": 554.5069150449298, "ENV_Test_Right action_epoch23": 0.79488, "ENV_Test_Probability to choose the right action_epoch23": 0.7883718261585101, "ENV_Test_Weighted right action_epoch23": 0.8268302440881536, "ENV_Test_Weighted probability to choose the right action:_epoch23": 0.8214975766294633, "ENV_Test_proba_accuracy_epoch23": 0.7883718261585101, "ENV_Test_proba_accuracy_strategy_132_epoch23": 0.8299956820858085, "ENV_Test_proba_accuracy_strategy_23_epoch23": 0.793033370376851, "ENV_Test_proba_accuracy_strategy_107_epoch23": 0.8546944215754532, "ENV_Test_proba_accuracy_strategy_43_epoch23": 0.7910665279762124, "ENV_Test_proba_accuracy_strategy_17_epoch23": 0.7548287304066523, "ENV_Test_proba_accuracy_strategy_93_epoch23": 0.7892175113053217, "ENV_Test_proba_accuracy_per_mean_strategy_epoch23": 0.8021393739543833, "ENV_Test_proba_accuracy_per_mean_user_epoch23": 0.7988380596839468, "ENV_Test_proba_accuracy_per_mean_user_and_bot_epoch23": 0.8214975766294644, "ENV_Test_accuracy_epoch23": 0.79488, "ENV_Test_accuracy_strategy_132_epoch23": 0.8356940509915014, "ENV_Test_accuracy_strategy_23_epoch23": 0.7994829536274034, "ENV_Test_accuracy_strategy_107_epoch23": 0.8604269293924466, "ENV_Test_accuracy_strategy_43_epoch23": 0.7989821882951654, "ENV_Test_accuracy_strategy_17_epoch23": 0.7604355716878403, "ENV_Test_accuracy_strategy_93_epoch23": 0.7994454713493531, "ENV_Test_accuracy_per_mean_strategy_epoch23": 0.8090778608906183, "ENV_Test_accuracy_per_mean_user_epoch23": 0.8052466166222904, "ENV_Test_accuracy_per_mean_user_and_bot_epoch23": 0.8268302440881541, "ENV_Train_TotalLoss_epoch24": 201.1911777175863, "ENV_Train_Right action_epoch24": 0.9646771037181996, "ENV_Train_Probability to choose the right action_epoch24": 0.9481948956599686, "ENV_Train_Weighted right action_epoch24": 0.9646771037181996, "ENV_Train_Weighted probability to choose the right action:_epoch24": 0.9481948956599686, "ENV_Test_TotalLoss_epoch24": 591.4138615141856, "ENV_Test_Right action_epoch24": 0.791232, "ENV_Test_Probability to choose the right action_epoch24": 0.7872764381651204, "ENV_Test_Weighted right action_epoch24": 0.8265290236282118, "ENV_Test_Weighted probability to choose the right action:_epoch24": 0.8219198406560965, "ENV_Test_proba_accuracy_epoch24": 0.7872764381651203, "ENV_Test_proba_accuracy_strategy_132_epoch24": 0.8264290184630546, "ENV_Test_proba_accuracy_strategy_23_epoch24": 0.7933113294559471, "ENV_Test_proba_accuracy_strategy_107_epoch24": 0.8519066854641576, "ENV_Test_proba_accuracy_strategy_43_epoch24": 0.7835639527820293, "ENV_Test_proba_accuracy_strategy_17_epoch24": 0.7564675629223802, "ENV_Test_proba_accuracy_strategy_93_epoch24": 0.7834201369288201, "ENV_Test_proba_accuracy_per_mean_strategy_epoch24": 0.7991831143360648, "ENV_Test_proba_accuracy_per_mean_user_epoch24": 0.7969095854428263, "ENV_Test_proba_accuracy_per_mean_user_and_bot_epoch24": 0.8219198406560972, "ENV_Test_accuracy_epoch24": 0.791232, "ENV_Test_accuracy_strategy_132_epoch24": 0.8271954674220963, "ENV_Test_accuracy_strategy_23_epoch24": 0.7967361447729844, "ENV_Test_accuracy_strategy_107_epoch24": 0.8538587848932676, "ENV_Test_accuracy_strategy_43_epoch24": 0.789440203562341, "ENV_Test_accuracy_strategy_17_epoch24": 0.7608892921960072, "ENV_Test_accuracy_strategy_93_epoch24": 0.7920517560073937, "ENV_Test_accuracy_per_mean_strategy_epoch24": 0.8033619414756817, "ENV_Test_accuracy_per_mean_user_epoch24": 0.801002009087657, "ENV_Test_accuracy_per_mean_user_and_bot_epoch24": 0.8265290236282115, "_wandb": {"runtime": 2107}}