{"ENV_Train_TotalLoss": 170.7479000951307, "ENV_Train_TotalLoss_epoch0": 1028.9589480371817, "ENV_Train_Right action": 0.970379792840269, "ENV_Train_Right action_epoch0": 0.786999119484549, "ENV_Train_Probability to choose the right action": 0.9559662632430457, "ENV_Train_Probability to choose the right action_epoch0": 0.7044416901426768, "ENV_Train_Weighted right action": 0.970379792840269, "ENV_Train_Weighted right action_epoch0": 0.786999119484549, "ENV_Train_Weighted probability to choose the right action:": 0.9559662632430457, "ENV_Train_Weighted probability to choose the right action:_epoch0": 0.7044416901426768, "_timestamp": 1720377429.7456965, "_runtime": 1721.8019616603851, "_step": 49, "ENV_Test_TotalLoss": 665.3721562227718, "ENV_Test_TotalLoss_epoch0": 220.5472134767398, "ENV_Test_Right action": 0.782016, "ENV_Test_Right action_epoch0": 0.80352, "ENV_Test_Probability to choose the right action": 0.7773746363155848, "ENV_Test_Probability to choose the right action_epoch0": 0.7327106996132734, "ENV_Test_Weighted right action": 0.8128748853586779, "ENV_Test_Weighted right action_epoch0": 0.8372358413080709, "ENV_Test_Weighted probability to choose the right action:": 0.806658869216033, "ENV_Test_Weighted probability to choose the right action:_epoch0": 0.7579706526078936, "ENV_Test_proba_accuracy": 0.7773746363155851, "ENV_Test_proba_accuracy_epoch0": 0.7327106996132741, "ENV_Test_proba_accuracy_strategy_132": 0.8223912073762905, "ENV_Test_proba_accuracy_strategy_132_epoch0": 0.7746019265072921, "ENV_Test_proba_accuracy_strategy_23": 0.780970751832014, "ENV_Test_proba_accuracy_strategy_23_epoch0": 0.7382201208158841, "ENV_Test_proba_accuracy_strategy_107": 0.823938589056739, "ENV_Test_proba_accuracy_strategy_107_epoch0": 0.768191367414794, "ENV_Test_proba_accuracy_strategy_43": 0.779441111420447, "ENV_Test_proba_accuracy_strategy_43_epoch0": 0.7234128971532814, "ENV_Test_proba_accuracy_strategy_17": 0.7423655550248912, "ENV_Test_proba_accuracy_strategy_17_epoch0": 0.7071955751801448, "ENV_Test_proba_accuracy_strategy_93": 0.7967863529439118, "ENV_Test_proba_accuracy_strategy_93_epoch0": 0.7303477273270641, "ENV_Test_proba_accuracy_per_mean_strategy": 0.7909822612757155, "ENV_Test_proba_accuracy_per_mean_strategy_epoch0": 0.74032826906641, "ENV_Test_proba_accuracy_per_mean_user": 0.7871475417045714, "ENV_Test_proba_accuracy_per_mean_user_epoch0": 0.742295780958047, "ENV_Test_proba_accuracy_per_mean_user_and_bot": 0.8066588692160332, "ENV_Test_proba_accuracy_per_mean_user_and_bot_epoch0": 0.757970652607894, "ENV_Test_accuracy": 0.782016, "ENV_Test_accuracy_epoch0": 0.80352, "ENV_Test_accuracy_strategy_132": 0.8288951841359773, "ENV_Test_accuracy_strategy_132_epoch0": 0.8509915014164305, "ENV_Test_accuracy_strategy_23": 0.7862336403296171, "ENV_Test_accuracy_strategy_23_epoch0": 0.8077233801906608, "ENV_Test_accuracy_strategy_107": 0.8292282430213465, "ENV_Test_accuracy_strategy_107_epoch0": 0.8637110016420362, "ENV_Test_accuracy_strategy_43": 0.7824427480916031, "ENV_Test_accuracy_strategy_43_epoch0": 0.7983460559796438, "ENV_Test_accuracy_strategy_17": 0.7452359346642469, "ENV_Test_accuracy_strategy_17_epoch0": 0.7697368421052632, "ENV_Test_accuracy_strategy_93": 0.8040665434380776, "ENV_Test_accuracy_strategy_93_epoch0": 0.8133086876155268, "ENV_Test_accuracy_per_mean_strategy": 0.7960170489468114, "ENV_Test_accuracy_per_mean_strategy_epoch0": 0.8173029114915936, "ENV_Test_accuracy_per_mean_user": 0.7922354998360822, "ENV_Test_accuracy_per_mean_user_epoch0": 0.815342633617423, "ENV_Test_accuracy_per_mean_user_and_bot": 0.8128748853586785, "ENV_Test_accuracy_per_mean_user_and_bot_epoch0": 0.8372358413080714, "ENV_Train_TotalLoss_epoch1": 887.584212261498, "ENV_Train_Right action_epoch1": 0.8163282418212054, "ENV_Train_Probability to choose the right action_epoch1": 0.7469450124478658, "ENV_Train_Weighted right action_epoch1": 0.8163282418212054, "ENV_Train_Weighted probability to choose the right action:_epoch1": 0.7469450124478658, "ENV_Test_TotalLoss_epoch1": 201.30919387851566, "ENV_Test_Right action_epoch1": 0.810432, "ENV_Test_Probability to choose the right action_epoch1": 0.7536014462490983, "ENV_Test_Weighted right action_epoch1": 0.8442543110720951, "ENV_Test_Weighted probability to choose the right action:_epoch1": 0.7809972994261674, "ENV_Test_proba_accuracy_epoch1": 0.7536014462490976, "ENV_Test_proba_accuracy_strategy_132_epoch1": 0.7955580844055458, "ENV_Test_proba_accuracy_strategy_23_epoch1": 0.7579170553518264, "ENV_Test_proba_accuracy_strategy_107_epoch1": 0.8098979478578594, "ENV_Test_proba_accuracy_strategy_43_epoch1": 0.7439910029829923, "ENV_Test_proba_accuracy_strategy_17_epoch1": 0.7260065331984684, "ENV_Test_proba_accuracy_strategy_93_epoch1": 0.7551713658228818, "ENV_Test_proba_accuracy_per_mean_strategy_epoch1": 0.7647569982699292, "ENV_Test_proba_accuracy_per_mean_user_epoch1": 0.7639894326863326, "ENV_Test_proba_accuracy_per_mean_user_and_bot_epoch1": 0.7809972994261684, "ENV_Test_accuracy_epoch1": 0.810432, "ENV_Test_accuracy_strategy_132_epoch1": 0.860056657223796, "ENV_Test_accuracy_strategy_23_epoch1": 0.8137017288738083, "ENV_Test_accuracy_strategy_107_epoch1": 0.8801313628899836, "ENV_Test_accuracy_strategy_43_epoch1": 0.7989821882951654, "ENV_Test_accuracy_strategy_17_epoch1": 0.7769963702359347, "ENV_Test_accuracy_strategy_93_epoch1": 0.8243992606284658, "ENV_Test_accuracy_per_mean_strategy_epoch1": 0.825711261357859, "ENV_Test_accuracy_per_mean_user_epoch1": 0.8221281992385187, "ENV_Test_accuracy_per_mean_user_and_bot_epoch1": 0.8442543110720963, "ENV_Train_TotalLoss_epoch2": 835.2837132911164, "ENV_Train_Right action_epoch2": 0.8260930336576093, "ENV_Train_Probability to choose the right action_epoch2": 0.7615323579872064, "ENV_Train_Weighted right action_epoch2": 0.8260930336576093, "ENV_Train_Weighted probability to choose the right action:_epoch2": 0.7615323579872064, "ENV_Test_TotalLoss_epoch2": 209.3577418161478, "ENV_Test_Right action_epoch2": 0.81056, "ENV_Test_Probability to choose the right action_epoch2": 0.7669919423474674, "ENV_Test_Weighted right action_epoch2": 0.8420086745689547, "ENV_Test_Weighted probability to choose the right action:_epoch2": 0.800740557550297, "ENV_Test_proba_accuracy_epoch2": 0.7669919423474668, "ENV_Test_proba_accuracy_strategy_132_epoch2": 0.8163977698878002, "ENV_Test_proba_accuracy_strategy_23_epoch2": 0.7701991672844324, "ENV_Test_proba_accuracy_strategy_107_epoch2": 0.833411231180987, "ENV_Test_proba_accuracy_strategy_43_epoch2": 0.7628201471462034, "ENV_Test_proba_accuracy_strategy_17_epoch2": 0.7342386369984284, "ENV_Test_proba_accuracy_strategy_93_epoch2": 0.7701661423398563, "ENV_Test_proba_accuracy_per_mean_strategy_epoch2": 0.7812055158062846, "ENV_Test_proba_accuracy_per_mean_user_epoch2": 0.7797969516476739, "ENV_Test_proba_accuracy_per_mean_user_and_bot_epoch2": 0.8007405575502972, "ENV_Test_accuracy_epoch2": 0.81056, "ENV_Test_accuracy_strategy_132_epoch2": 0.8560906515580736, "ENV_Test_accuracy_strategy_23_epoch2": 0.8179027306511553, "ENV_Test_accuracy_strategy_107_epoch2": 0.8768472906403941, "ENV_Test_accuracy_strategy_43_epoch2": 0.8040712468193384, "ENV_Test_accuracy_strategy_17_epoch2": 0.7742740471869328, "ENV_Test_accuracy_strategy_93_epoch2": 0.8142329020332717, "ENV_Test_accuracy_per_mean_strategy_epoch2": 0.8239031448148609, "ENV_Test_accuracy_per_mean_user_epoch2": 0.8216738880259759, "ENV_Test_accuracy_per_mean_user_and_bot_epoch2": 0.8420086745689543, "ENV_Train_TotalLoss_epoch3": 791.3938921192924, "ENV_Train_Right action_epoch3": 0.8358960022365111, "ENV_Train_Probability to choose the right action_epoch3": 0.7741312489663732, "ENV_Train_Weighted right action_epoch3": 0.8358960022365111, "ENV_Train_Weighted probability to choose the right action:_epoch3": 0.7741312489663732, "ENV_Test_TotalLoss_epoch3": 214.92752058095147, "ENV_Test_Right action_epoch3": 0.80736, "ENV_Test_Probability to choose the right action_epoch3": 0.7659391328954527, "ENV_Test_Weighted right action_epoch3": 0.8408798611748439, "ENV_Test_Weighted probability to choose the right action:_epoch3": 0.8002830121258027, "ENV_Test_proba_accuracy_epoch3": 0.7659391328954535, "ENV_Test_proba_accuracy_strategy_132_epoch3": 0.8115858526645945, "ENV_Test_proba_accuracy_strategy_23_epoch3": 0.7693373005567121, "ENV_Test_proba_accuracy_strategy_107_epoch3": 0.8384647620521102, "ENV_Test_proba_accuracy_strategy_43_epoch3": 0.7637732655979893, "ENV_Test_proba_accuracy_strategy_17_epoch3": 0.7326644397082123, "ENV_Test_proba_accuracy_strategy_93_epoch3": 0.7699259746297464, "ENV_Test_proba_accuracy_per_mean_strategy_epoch3": 0.7809585992015609, "ENV_Test_proba_accuracy_per_mean_user_epoch3": 0.7785853150991883, "ENV_Test_proba_accuracy_per_mean_user_and_bot_epoch3": 0.800283012125803, "ENV_Test_accuracy_epoch3": 0.80736, "ENV_Test_accuracy_strategy_132_epoch3": 0.8413597733711048, "ENV_Test_accuracy_strategy_23_epoch3": 0.8148327678138633, "ENV_Test_accuracy_strategy_107_epoch3": 0.8834154351395731, "ENV_Test_accuracy_strategy_43_epoch3": 0.8008905852417303, "ENV_Test_accuracy_strategy_17_epoch3": 0.7740471869328494, "ENV_Test_accuracy_strategy_93_epoch3": 0.8114602587800369, "ENV_Test_accuracy_per_mean_strategy_epoch3": 0.821001001213193, "ENV_Test_accuracy_per_mean_user_epoch3": 0.8187366711337649, "ENV_Test_accuracy_per_mean_user_and_bot_epoch3": 0.8408798611748441, "ENV_Train_TotalLoss_epoch4": 751.5414349783962, "ENV_Train_Right action_epoch4": 0.8447560072128489, "ENV_Train_Probability to choose the right action_epoch4": 0.7860258071676276, "ENV_Train_Weighted right action_epoch4": 0.8447560072128489, "ENV_Train_Weighted probability to choose the right action:_epoch4": 0.7860258071676276, "ENV_Test_TotalLoss_epoch4": 209.2121541759061, "ENV_Test_Right action_epoch4": 0.812224, "ENV_Test_Probability to choose the right action_epoch4": 0.7663374221768294, "ENV_Test_Weighted right action_epoch4": 0.8464046573160351, "ENV_Test_Weighted probability to choose the right action:_epoch4": 0.800296444358258, "ENV_Test_proba_accuracy_epoch4": 0.7663374221768302, "ENV_Test_proba_accuracy_strategy_132_epoch4": 0.813189124631764, "ENV_Test_proba_accuracy_strategy_23_epoch4": 0.7691580519956468, "ENV_Test_proba_accuracy_strategy_107_epoch4": 0.8285131793514176, "ENV_Test_proba_accuracy_strategy_43_epoch4": 0.7651891967494867, "ENV_Test_proba_accuracy_strategy_17_epoch4": 0.7348094641296211, "ENV_Test_proba_accuracy_strategy_93_epoch4": 0.7688929494808451, "ENV_Test_proba_accuracy_per_mean_strategy_epoch4": 0.7799586610564635, "ENV_Test_proba_accuracy_per_mean_user_epoch4": 0.7789812612889766, "ENV_Test_proba_accuracy_per_mean_user_and_bot_epoch4": 0.8002964443582589, "ENV_Test_accuracy_epoch4": 0.812224, "ENV_Test_accuracy_strategy_132_epoch4": 0.8538243626062323, "ENV_Test_accuracy_strategy_23_epoch4": 0.8201648085312652, "ENV_Test_accuracy_strategy_107_epoch4": 0.8834154351395731, "ENV_Test_accuracy_strategy_43_epoch4": 0.806615776081425, "ENV_Test_accuracy_strategy_17_epoch4": 0.7769963702359347, "ENV_Test_accuracy_strategy_93_epoch4": 0.8105360443622921, "ENV_Test_accuracy_per_mean_strategy_epoch4": 0.825258799492787, "ENV_Test_accuracy_per_mean_user_epoch4": 0.824168729150918, "ENV_Test_accuracy_per_mean_user_and_bot_epoch4": 0.8464046573160354, "ENV_Train_TotalLoss_epoch5": 709.5715669005792, "ENV_Train_Right action_epoch5": 0.8550041934582052, "ENV_Train_Probability to choose the right action_epoch5": 0.7979776445666295, "ENV_Train_Weighted right action_epoch5": 0.8550041934582052, "ENV_Train_Weighted probability to choose the right action:_epoch5": 0.7979776445666295, "ENV_Test_TotalLoss_epoch5": 226.34608837003134, "ENV_Test_Right action_epoch5": 0.813056, "ENV_Test_Probability to choose the right action_epoch5": 0.7804575091227922, "ENV_Test_Weighted right action_epoch5": 0.8431849167694107, "ENV_Test_Weighted probability to choose the right action:_epoch5": 0.8137915847270335, "ENV_Test_proba_accuracy_epoch5": 0.7804575091227919, "ENV_Test_proba_accuracy_strategy_132_epoch5": 0.8231496156202431, "ENV_Test_proba_accuracy_strategy_23_epoch5": 0.7868017119515751, "ENV_Test_proba_accuracy_strategy_107_epoch5": 0.8401836599827184, "ENV_Test_proba_accuracy_strategy_43_epoch5": 0.7794638300477339, "ENV_Test_proba_accuracy_strategy_17_epoch5": 0.7460479323876801, "ENV_Test_proba_accuracy_strategy_93_epoch5": 0.7825373728985109, "ENV_Test_proba_accuracy_per_mean_strategy_epoch5": 0.7930306871480769, "ENV_Test_proba_accuracy_per_mean_user_epoch5": 0.7918776888399195, "ENV_Test_proba_accuracy_per_mean_user_and_bot_epoch5": 0.8137915847270333, "ENV_Test_accuracy_epoch5": 0.813056, "ENV_Test_accuracy_strategy_132_epoch5": 0.851558073654391, "ENV_Test_accuracy_strategy_23_epoch5": 0.8253352722572306, "ENV_Test_accuracy_strategy_107_epoch5": 0.8702791461412152, "ENV_Test_accuracy_strategy_43_epoch5": 0.8097964376590331, "ENV_Test_accuracy_strategy_17_epoch5": 0.7724591651542649, "ENV_Test_accuracy_strategy_93_epoch5": 0.8179297597042514, "ENV_Test_accuracy_per_mean_strategy_epoch5": 0.8245596424283975, "ENV_Test_accuracy_per_mean_user_epoch5": 0.8229646088229805, "ENV_Test_accuracy_per_mean_user_and_bot_epoch5": 0.8431849167694113, "ENV_Train_TotalLoss_epoch6": 666.0221515043503, "ENV_Train_Right action_epoch6": 0.8640612555715463, "ENV_Train_Probability to choose the right action_epoch6": 0.8103764845043266, "ENV_Train_Weighted right action_epoch6": 0.8640612555715463, "ENV_Train_Weighted probability to choose the right action:_epoch6": 0.8103764845043266, "ENV_Test_TotalLoss_epoch6": 239.76163680986514, "ENV_Test_Right action_epoch6": 0.806528, "ENV_Test_Probability to choose the right action_epoch6": 0.7761122673762492, "ENV_Test_Weighted right action_epoch6": 0.8420206257427377, "ENV_Test_Weighted probability to choose the right action:_epoch6": 0.8102837767729825, "ENV_Test_proba_accuracy_epoch6": 0.7761122673762487, "ENV_Test_proba_accuracy_strategy_132_epoch6": 0.8198087627714172, "ENV_Test_proba_accuracy_strategy_23_epoch6": 0.7811191722250914, "ENV_Test_proba_accuracy_strategy_107_epoch6": 0.839800810965194, "ENV_Test_proba_accuracy_strategy_43_epoch6": 0.7797654676122245, "ENV_Test_proba_accuracy_strategy_17_epoch6": 0.7408712265403427, "ENV_Test_proba_accuracy_strategy_93_epoch6": 0.778608853056556, "ENV_Test_proba_accuracy_per_mean_strategy_epoch6": 0.789995715528471, "ENV_Test_proba_accuracy_per_mean_user_epoch6": 0.7886694826217644, "ENV_Test_proba_accuracy_per_mean_user_and_bot_epoch6": 0.810283776772982, "ENV_Test_accuracy_epoch6": 0.806528, "ENV_Test_accuracy_strategy_132_epoch6": 0.8447592067988668, "ENV_Test_accuracy_strategy_23_epoch6": 0.8145096138309905, "ENV_Test_accuracy_strategy_107_epoch6": 0.8817733990147784, "ENV_Test_accuracy_strategy_43_epoch6": 0.8136132315521628, "ENV_Test_accuracy_strategy_17_epoch6": 0.7658802177858439, "ENV_Test_accuracy_strategy_93_epoch6": 0.8114602587800369, "ENV_Test_accuracy_per_mean_strategy_epoch6": 0.8219993212937798, "ENV_Test_accuracy_per_mean_user_epoch6": 0.8176633424562928, "ENV_Test_accuracy_per_mean_user_and_bot_epoch6": 0.8420206257427386, "ENV_Train_TotalLoss_epoch7": 624.73274251838, "ENV_Train_Right action_epoch7": 0.8736511042773274, "ENV_Train_Probability to choose the right action_epoch7": 0.8231180910839575, "ENV_Train_Weighted right action_epoch7": 0.8736511042773274, "ENV_Train_Weighted probability to choose the right action:_epoch7": 0.8231180910839575, "ENV_Test_TotalLoss_epoch7": 260.1689885895578, "ENV_Test_Right action_epoch7": 0.804032, "ENV_Test_Probability to choose the right action_epoch7": 0.7797249133639811, "ENV_Test_Weighted right action_epoch7": 0.8386270352256032, "ENV_Test_Weighted probability to choose the right action:_epoch7": 0.8101399010529616, "ENV_Test_proba_accuracy_epoch7": 0.7797249133639811, "ENV_Test_proba_accuracy_strategy_132_epoch7": 0.823502482364326, "ENV_Test_proba_accuracy_strategy_23_epoch7": 0.7870006682249553, "ENV_Test_proba_accuracy_strategy_107_epoch7": 0.831767747754768, "ENV_Test_proba_accuracy_strategy_43_epoch7": 0.7779250022423432, "ENV_Test_proba_accuracy_strategy_17_epoch7": 0.7448311365560658, "ENV_Test_proba_accuracy_strategy_93_epoch7": 0.7821741612275092, "ENV_Test_proba_accuracy_per_mean_strategy_epoch7": 0.7912001997283279, "ENV_Test_proba_accuracy_per_mean_user_epoch7": 0.7901675752792781, "ENV_Test_proba_accuracy_per_mean_user_and_bot_epoch7": 0.8101399010529614, "ENV_Test_accuracy_epoch7": 0.804032, "ENV_Test_accuracy_strategy_132_epoch7": 0.8436260623229461, "ENV_Test_accuracy_strategy_23_epoch7": 0.8128938439166262, "ENV_Test_accuracy_strategy_107_epoch7": 0.8620689655172413, "ENV_Test_accuracy_strategy_43_epoch7": 0.8008905852417303, "ENV_Test_accuracy_strategy_17_epoch7": 0.7670145190562614, "ENV_Test_accuracy_strategy_93_epoch7": 0.8114602587800369, "ENV_Test_accuracy_per_mean_strategy_epoch7": 0.8163257058058071, "ENV_Test_accuracy_per_mean_user_epoch7": 0.8155729709887991, "ENV_Test_accuracy_per_mean_user_and_bot_epoch7": 0.8386270352256034, "ENV_Train_TotalLoss_epoch8": 579.2678426005675, "ENV_Train_Right action_epoch8": 0.8839127213765533, "ENV_Train_Probability to choose the right action_epoch8": 0.8362295763609586, "ENV_Train_Weighted right action_epoch8": 0.8839127213765533, "ENV_Train_Weighted probability to choose the right action:_epoch8": 0.8362295763609586, "ENV_Test_TotalLoss_epoch8": 300.271599740174, "ENV_Test_Right action_epoch8": 0.804352, "ENV_Test_Probability to choose the right action_epoch8": 0.7840857912486021, "ENV_Test_Weighted right action_epoch8": 0.8359550608983438, "ENV_Test_Weighted probability to choose the right action:_epoch8": 0.8135945273743704, "ENV_Test_proba_accuracy_epoch8": 0.7840857912486023, "ENV_Test_proba_accuracy_strategy_132_epoch8": 0.8245587404813318, "ENV_Test_proba_accuracy_strategy_23_epoch8": 0.7928022979587009, "ENV_Test_proba_accuracy_strategy_107_epoch8": 0.8326483377365528, "ENV_Test_proba_accuracy_strategy_43_epoch8": 0.7823804339312393, "ENV_Test_proba_accuracy_strategy_17_epoch8": 0.7475002641271479, "ENV_Test_proba_accuracy_strategy_93_epoch8": 0.7923981932990036, "ENV_Test_proba_accuracy_per_mean_strategy_epoch8": 0.7953813779223294, "ENV_Test_proba_accuracy_per_mean_user_epoch8": 0.7946816319391815, "ENV_Test_proba_accuracy_per_mean_user_and_bot_epoch8": 0.8135945273743705, "ENV_Test_accuracy_epoch8": 0.804352, "ENV_Test_accuracy_strategy_132_epoch8": 0.8419263456090652, "ENV_Test_accuracy_strategy_23_epoch8": 0.8149943448052998, "ENV_Test_accuracy_strategy_107_epoch8": 0.8571428571428571, "ENV_Test_accuracy_strategy_43_epoch8": 0.8072519083969466, "ENV_Test_accuracy_strategy_17_epoch8": 0.7638384754990926, "ENV_Test_accuracy_strategy_93_epoch8": 0.8133086876155268, "ENV_Test_accuracy_per_mean_strategy_epoch8": 0.8164104365114646, "ENV_Test_accuracy_per_mean_user_epoch8": 0.8147540630120484, "ENV_Test_accuracy_per_mean_user_and_bot_epoch8": 0.8359550608983433, "ENV_Train_TotalLoss_epoch9": 541.5171301955147, "ENV_Train_Right action_epoch9": 0.8908999426966135, "ENV_Train_Probability to choose the right action_epoch9": 0.8473589793031956, "ENV_Train_Weighted right action_epoch9": 0.8908999426966135, "ENV_Train_Weighted probability to choose the right action:_epoch9": 0.8473589793031956, "ENV_Test_TotalLoss_epoch9": 276.9836237747943, "ENV_Test_Right action_epoch9": 0.801472, "ENV_Test_Probability to choose the right action_epoch9": 0.7781882883904536, "ENV_Test_Weighted right action_epoch9": 0.8382554335625463, "ENV_Test_Weighted probability to choose the right action:_epoch9": 0.8096428453063502, "ENV_Test_proba_accuracy_epoch9": 0.7781882883904532, "ENV_Test_proba_accuracy_strategy_132_epoch9": 0.8201534380507238, "ENV_Test_proba_accuracy_strategy_23_epoch9": 0.7854662329578688, "ENV_Test_proba_accuracy_strategy_107_epoch9": 0.8370002755076447, "ENV_Test_proba_accuracy_strategy_43_epoch9": 0.7783541894052881, "ENV_Test_proba_accuracy_strategy_17_epoch9": 0.7406171025607747, "ENV_Test_proba_accuracy_strategy_93_epoch9": 0.787823041171802, "ENV_Test_proba_accuracy_per_mean_strategy_epoch9": 0.7915690466090171, "ENV_Test_proba_accuracy_per_mean_user_epoch9": 0.7893213684586232, "ENV_Test_proba_accuracy_per_mean_user_and_bot_epoch9": 0.8096428453063506, "ENV_Test_accuracy_epoch9": 0.801472, "ENV_Test_accuracy_strategy_132_epoch9": 0.8390934844192635, "ENV_Test_accuracy_strategy_23_epoch9": 0.8085312651478429, "ENV_Test_accuracy_strategy_107_epoch9": 0.8768472906403941, "ENV_Test_accuracy_strategy_43_epoch9": 0.8008905852417303, "ENV_Test_accuracy_strategy_17_epoch9": 0.7636116152450091, "ENV_Test_accuracy_strategy_93_epoch9": 0.8123844731977818, "ENV_Test_accuracy_per_mean_strategy_epoch9": 0.8168931189820036, "ENV_Test_accuracy_per_mean_user_epoch9": 0.8139918557685023, "ENV_Test_accuracy_per_mean_user_and_bot_epoch9": 0.8382554335625471, "ENV_Train_TotalLoss_epoch10": 503.87802753002984, "ENV_Train_Right action_epoch10": 0.900461280402572, "ENV_Train_Probability to choose the right action_epoch10": 0.8585319276742239, "ENV_Train_Weighted right action_epoch10": 0.900461280402572, "ENV_Train_Weighted probability to choose the right action:_epoch10": 0.8585319276742239, "ENV_Test_TotalLoss_epoch10": 325.1049303010311, "ENV_Test_Right action_epoch10": 0.801984, "ENV_Test_Probability to choose the right action_epoch10": 0.7819972179887328, "ENV_Test_Weighted right action_epoch10": 0.8348409860230379, "ENV_Test_Weighted probability to choose the right action:_epoch10": 0.813888351058839, "ENV_Test_proba_accuracy_epoch10": 0.7819972179887325, "ENV_Test_proba_accuracy_strategy_132_epoch10": 0.8301588268758165, "ENV_Test_proba_accuracy_strategy_23_epoch10": 0.7889227431961194, "ENV_Test_proba_accuracy_strategy_107_epoch10": 0.8383271212618146, "ENV_Test_proba_accuracy_strategy_43_epoch10": 0.778618885003027, "ENV_Test_proba_accuracy_strategy_17_epoch10": 0.7447340722764179, "ENV_Test_proba_accuracy_strategy_93_epoch10": 0.7888312840385339, "ENV_Test_proba_accuracy_per_mean_strategy_epoch10": 0.794932155441955, "ENV_Test_proba_accuracy_per_mean_user_epoch10": 0.7932506939465278, "ENV_Test_proba_accuracy_per_mean_user_and_bot_epoch10": 0.813888351058839, "ENV_Test_accuracy_epoch10": 0.801984, "ENV_Test_accuracy_strategy_132_epoch10": 0.8441926345609065, "ENV_Test_accuracy_strategy_23_epoch10": 0.8109549200193893, "ENV_Test_accuracy_strategy_107_epoch10": 0.8686371100164204, "ENV_Test_accuracy_strategy_43_epoch10": 0.7983460559796438, "ENV_Test_accuracy_strategy_17_epoch10": 0.7633847549909256, "ENV_Test_accuracy_strategy_93_epoch10": 0.8068391866913124, "ENV_Test_accuracy_per_mean_strategy_epoch10": 0.8153924437097664, "ENV_Test_accuracy_per_mean_user_epoch10": 0.8134773851858593, "ENV_Test_accuracy_per_mean_user_and_bot_epoch10": 0.8348409860230368, "ENV_Train_TotalLoss_epoch11": 460.03155704957794, "ENV_Train_Right action_epoch11": 0.9091417388873357, "ENV_Train_Probability to choose the right action_epoch11": 0.871460880466856, "ENV_Train_Weighted right action_epoch11": 0.9091417388873357, "ENV_Train_Weighted probability to choose the right action:_epoch11": 0.871460880466856, "ENV_Test_TotalLoss_epoch11": 349.191819480898, "ENV_Test_Right action_epoch11": 0.794112, "ENV_Test_Probability to choose the right action_epoch11": 0.7772866496115663, "ENV_Test_Weighted right action_epoch11": 0.824718664405764, "ENV_Test_Weighted probability to choose the right action:_epoch11": 0.8079130866302411, "ENV_Test_proba_accuracy_epoch11": 0.7772866496115667, "ENV_Test_proba_accuracy_strategy_132_epoch11": 0.8300558131745346, "ENV_Test_proba_accuracy_strategy_23_epoch11": 0.7834628705975772, "ENV_Test_proba_accuracy_strategy_107_epoch11": 0.8318236778851799, "ENV_Test_proba_accuracy_strategy_43_epoch11": 0.7781549993814463, "ENV_Test_proba_accuracy_strategy_17_epoch11": 0.739395577797285, "ENV_Test_proba_accuracy_strategy_93_epoch11": 0.7782880757940195, "ENV_Test_proba_accuracy_per_mean_strategy_epoch11": 0.7901968357716737, "ENV_Test_proba_accuracy_per_mean_user_epoch11": 0.7883346092227955, "ENV_Test_proba_accuracy_per_mean_user_and_bot_epoch11": 0.807913086630241, "ENV_Test_accuracy_epoch11": 0.794112, "ENV_Test_accuracy_strategy_132_epoch11": 0.8464589235127479, "ENV_Test_accuracy_strategy_23_epoch11": 0.8028760704475683, "ENV_Test_accuracy_strategy_107_epoch11": 0.8489326765188834, "ENV_Test_accuracy_strategy_43_epoch11": 0.7951653944020356, "ENV_Test_accuracy_strategy_17_epoch11": 0.7524954627949183, "ENV_Test_accuracy_strategy_93_epoch11": 0.7957486136783734, "ENV_Test_accuracy_per_mean_strategy_epoch11": 0.8069461902257545, "ENV_Test_accuracy_per_mean_user_epoch11": 0.8051970094595503, "ENV_Test_accuracy_per_mean_user_and_bot_epoch11": 0.8247186644057644, "ENV_Train_TotalLoss_epoch12": 427.25914734775904, "ENV_Train_Right action_epoch12": 0.9166818086518974, "ENV_Train_Probability to choose the right action_epoch12": 0.881254866107708, "ENV_Train_Weighted right action_epoch12": 0.9166818086518974, "ENV_Train_Weighted probability to choose the right action:_epoch12": 0.881254866107708, "ENV_Test_TotalLoss_epoch12": 364.5399003079603, "ENV_Test_Right action_epoch12": 0.794304, "ENV_Test_Probability to choose the right action_epoch12": 0.7796159274599055, "ENV_Test_Weighted right action_epoch12": 0.8243757731339348, "ENV_Test_Weighted probability to choose the right action:_epoch12": 0.8086914136538874, "ENV_Test_proba_accuracy_epoch12": 0.7796159274599049, "ENV_Test_proba_accuracy_strategy_132_epoch12": 0.8279751380814954, "ENV_Test_proba_accuracy_strategy_23_epoch12": 0.7865300994673243, "ENV_Test_proba_accuracy_strategy_107_epoch12": 0.832767137835211, "ENV_Test_proba_accuracy_strategy_43_epoch12": 0.7786045624248111, "ENV_Test_proba_accuracy_strategy_17_epoch12": 0.742840502390784, "ENV_Test_proba_accuracy_strategy_93_epoch12": 0.7825558859814056, "ENV_Test_proba_accuracy_per_mean_strategy_epoch12": 0.7918788876968385, "ENV_Test_proba_accuracy_per_mean_user_epoch12": 0.7904778106954217, "ENV_Test_proba_accuracy_per_mean_user_and_bot_epoch12": 0.8086914136538862, "ENV_Test_accuracy_epoch12": 0.794304, "ENV_Test_accuracy_strategy_132_epoch12": 0.8390934844192635, "ENV_Test_accuracy_strategy_23_epoch12": 0.8046534173533689, "ENV_Test_accuracy_strategy_107_epoch12": 0.8538587848932676, "ENV_Test_accuracy_strategy_43_epoch12": 0.7970737913486005, "ENV_Test_accuracy_strategy_17_epoch12": 0.7522686025408348, "ENV_Test_accuracy_strategy_93_epoch12": 0.7957486136783734, "ENV_Test_accuracy_per_mean_strategy_epoch12": 0.8071161157056181, "ENV_Test_accuracy_per_mean_user_epoch12": 0.806008206805767, "ENV_Test_accuracy_per_mean_user_and_bot_epoch12": 0.824375773133935, "ENV_Train_TotalLoss_epoch13": 390.6215963733364, "ENV_Train_Right action_epoch13": 0.9249175378766702, "ENV_Train_Probability to choose the right action_epoch13": 0.8922612945783266, "ENV_Train_Weighted right action_epoch13": 0.9249175378766702, "ENV_Train_Weighted probability to choose the right action:_epoch13": 0.8922612945783266, "ENV_Test_TotalLoss_epoch13": 428.3986958114777, "ENV_Test_Right action_epoch13": 0.796032, "ENV_Test_Probability to choose the right action_epoch13": 0.7836271887288767, "ENV_Test_Weighted right action_epoch13": 0.8245707675981956, "ENV_Test_Weighted probability to choose the right action:_epoch13": 0.8109667798860056, "ENV_Test_proba_accuracy_epoch13": 0.7836271887288776, "ENV_Test_proba_accuracy_strategy_132_epoch13": 0.8298066347905109, "ENV_Test_proba_accuracy_strategy_23_epoch13": 0.7940022605138742, "ENV_Test_proba_accuracy_strategy_107_epoch13": 0.8332974037748437, "ENV_Test_proba_accuracy_strategy_43_epoch13": 0.7821764610766738, "ENV_Test_proba_accuracy_strategy_17_epoch13": 0.7430062350885246, "ENV_Test_proba_accuracy_strategy_93_epoch13": 0.7885906868590256, "ENV_Test_proba_accuracy_per_mean_strategy_epoch13": 0.7951466136839088, "ENV_Test_proba_accuracy_per_mean_user_epoch13": 0.7942100992461167, "ENV_Test_proba_accuracy_per_mean_user_and_bot_epoch13": 0.810966779886006, "ENV_Test_accuracy_epoch13": 0.796032, "ENV_Test_accuracy_strategy_132_epoch13": 0.8430594900849858, "ENV_Test_accuracy_strategy_23_epoch13": 0.8083696881564065, "ENV_Test_accuracy_strategy_107_epoch13": 0.8505747126436781, "ENV_Test_accuracy_strategy_43_epoch13": 0.7919847328244275, "ENV_Test_accuracy_strategy_17_epoch13": 0.7527223230490018, "ENV_Test_accuracy_strategy_93_epoch13": 0.800369685767098, "ENV_Test_accuracy_per_mean_strategy_epoch13": 0.8078467720875997, "ENV_Test_accuracy_per_mean_user_epoch13": 0.8073128616559, "ENV_Test_accuracy_per_mean_user_and_bot_epoch13": 0.8245707675981963, "ENV_Train_TotalLoss_epoch14": 360.24110647479694, "ENV_Train_Right action_epoch14": 0.9309935144805993, "ENV_Train_Probability to choose the right action_epoch14": 0.9006810486210749, "ENV_Train_Weighted right action_epoch14": 0.9309935144805993, "ENV_Train_Weighted probability to choose the right action:_epoch14": 0.9006810486210749, "ENV_Test_TotalLoss_epoch14": 430.5231991465731, "ENV_Test_Right action_epoch14": 0.7936, "ENV_Test_Probability to choose the right action_epoch14": 0.7820498086539718, "ENV_Test_Weighted right action_epoch14": 0.8215226389217172, "ENV_Test_Weighted probability to choose the right action:_epoch14": 0.808824916825998, "ENV_Test_proba_accuracy_epoch14": 0.7820498086539716, "ENV_Test_proba_accuracy_strategy_132_epoch14": 0.8283702131371928, "ENV_Test_proba_accuracy_strategy_23_epoch14": 0.790026497753146, "ENV_Test_proba_accuracy_strategy_107_epoch14": 0.8323535640883397, "ENV_Test_proba_accuracy_strategy_43_epoch14": 0.7768121895395972, "ENV_Test_proba_accuracy_strategy_17_epoch14": 0.7443254176336491, "ENV_Test_proba_accuracy_strategy_93_epoch14": 0.7938468724785293, "ENV_Test_proba_accuracy_per_mean_strategy_epoch14": 0.7942891257717424, "ENV_Test_proba_accuracy_per_mean_user_epoch14": 0.7920000277434672, "ENV_Test_proba_accuracy_per_mean_user_and_bot_epoch14": 0.8088249168259984, "ENV_Test_accuracy_epoch14": 0.7936, "ENV_Test_accuracy_strategy_132_epoch14": 0.8396600566572238, "ENV_Test_accuracy_strategy_23_epoch14": 0.8028760704475683, "ENV_Test_accuracy_strategy_107_epoch14": 0.8423645320197044, "ENV_Test_accuracy_strategy_43_epoch14": 0.7926208651399491, "ENV_Test_accuracy_strategy_17_epoch14": 0.7518148820326679, "ENV_Test_accuracy_strategy_93_epoch14": 0.8096118299445472, "ENV_Test_accuracy_per_mean_strategy_epoch14": 0.8064913727069435, "ENV_Test_accuracy_per_mean_user_epoch14": 0.8038606524619147, "ENV_Test_accuracy_per_mean_user_and_bot_epoch14": 0.8215226389217177, "ENV_Train_TotalLoss_epoch15": 332.11022521708674, "ENV_Train_Right action_epoch15": 0.9383972378702526, "ENV_Train_Probability to choose the right action_epoch15": 0.9098728662051229, "ENV_Train_Weighted right action_epoch15": 0.9383972378702526, "ENV_Train_Weighted probability to choose the right action:_epoch15": 0.9098728662051229, "ENV_Test_TotalLoss_epoch15": 438.5436170106637, "ENV_Test_Right action_epoch15": 0.78944, "ENV_Test_Probability to choose the right action_epoch15": 0.7805705640344994, "ENV_Test_Weighted right action_epoch15": 0.8172800301342267, "ENV_Test_Weighted probability to choose the right action:_epoch15": 0.8077914782211391, "ENV_Test_proba_accuracy_epoch15": 0.7805705640344995, "ENV_Test_proba_accuracy_strategy_132_epoch15": 0.8312701621538255, "ENV_Test_proba_accuracy_strategy_23_epoch15": 0.787615894990634, "ENV_Test_proba_accuracy_strategy_107_epoch15": 0.8358026293077342, "ENV_Test_proba_accuracy_strategy_43_epoch15": 0.7746795389281249, "ENV_Test_proba_accuracy_strategy_17_epoch15": 0.7419188414737479, "ENV_Test_proba_accuracy_strategy_93_epoch15": 0.7925047717937304, "ENV_Test_proba_accuracy_per_mean_strategy_epoch15": 0.7939653064412995, "ENV_Test_proba_accuracy_per_mean_user_epoch15": 0.7903158540253941, "ENV_Test_proba_accuracy_per_mean_user_and_bot_epoch15": 0.8077914782211386, "ENV_Test_accuracy_epoch15": 0.78944, "ENV_Test_accuracy_strategy_132_epoch15": 0.8368271954674221, "ENV_Test_accuracy_strategy_23_epoch15": 0.7977056067216028, "ENV_Test_accuracy_strategy_107_epoch15": 0.8505747126436781, "ENV_Test_accuracy_strategy_43_epoch15": 0.7830788804071247, "ENV_Test_accuracy_strategy_17_epoch15": 0.75, "ENV_Test_accuracy_strategy_93_epoch15": 0.800369685767098, "ENV_Test_accuracy_per_mean_strategy_epoch15": 0.803092680167821, "ENV_Test_accuracy_per_mean_user_epoch15": 0.7991971805896574, "ENV_Test_accuracy_per_mean_user_and_bot_epoch15": 0.8172800301342277, "ENV_Train_TotalLoss_epoch16": 299.9251903293097, "ENV_Train_Right action_epoch16": 0.9432764886776629, "ENV_Train_Probability to choose the right action_epoch16": 0.9181676471431829, "ENV_Train_Weighted right action_epoch16": 0.9432764886776629, "ENV_Train_Weighted probability to choose the right action:_epoch16": 0.9181676471431829, "ENV_Test_TotalLoss_epoch16": 504.1502447279339, "ENV_Test_Right action_epoch16": 0.788608, "ENV_Test_Probability to choose the right action_epoch16": 0.7800692944738101, "ENV_Test_Weighted right action_epoch16": 0.8188893269424493, "ENV_Test_Weighted probability to choose the right action:_epoch16": 0.8106919961486044, "ENV_Test_proba_accuracy_epoch16": 0.7800692944738112, "ENV_Test_proba_accuracy_strategy_132_epoch16": 0.8253369766583705, "ENV_Test_proba_accuracy_strategy_23_epoch16": 0.7811538110104626, "ENV_Test_proba_accuracy_strategy_107_epoch16": 0.8325839452644899, "ENV_Test_proba_accuracy_strategy_43_epoch16": 0.7848844614726813, "ENV_Test_proba_accuracy_strategy_17_epoch16": 0.7462645813982033, "ENV_Test_proba_accuracy_strategy_93_epoch16": 0.8011883134039889, "ENV_Test_proba_accuracy_per_mean_strategy_epoch16": 0.795235348201366, "ENV_Test_proba_accuracy_per_mean_user_epoch16": 0.7903044304389393, "ENV_Test_proba_accuracy_per_mean_user_and_bot_epoch16": 0.810691996148605, "ENV_Test_accuracy_epoch16": 0.788608, "ENV_Test_accuracy_strategy_132_epoch16": 0.8362606232294617, "ENV_Test_accuracy_strategy_23_epoch16": 0.7881725642268541, "ENV_Test_accuracy_strategy_107_epoch16": 0.8440065681444991, "ENV_Test_accuracy_strategy_43_epoch16": 0.7919847328244275, "ENV_Test_accuracy_strategy_17_epoch16": 0.7558983666061706, "ENV_Test_accuracy_strategy_93_epoch16": 0.8105360443622921, "ENV_Test_accuracy_per_mean_strategy_epoch16": 0.8044764832322842, "ENV_Test_accuracy_per_mean_user_epoch16": 0.7984275975034064, "ENV_Test_accuracy_per_mean_user_and_bot_epoch16": 0.8188893269424492, "ENV_Train_TotalLoss_epoch17": 277.934111558144, "ENV_Train_Right action_epoch17": 0.9478900211067779, "ENV_Train_Probability to choose the right action_epoch17": 0.9247897713630968, "ENV_Train_Weighted right action_epoch17": 0.9478900211067779, "ENV_Train_Weighted probability to choose the right action:_epoch17": 0.9247897713630968, "ENV_Test_TotalLoss_epoch17": 511.45135209995794, "ENV_Test_Right action_epoch17": 0.79008, "ENV_Test_Probability to choose the right action_epoch17": 0.7833423092952446, "ENV_Test_Weighted right action_epoch17": 0.8202777608435334, "ENV_Test_Weighted probability to choose the right action:_epoch17": 0.8131614303981856, "ENV_Test_proba_accuracy_epoch17": 0.7833423092952443, "ENV_Test_proba_accuracy_strategy_132_epoch17": 0.8253870303183939, "ENV_Test_proba_accuracy_strategy_23_epoch17": 0.7890086882235001, "ENV_Test_proba_accuracy_strategy_107_epoch17": 0.8449810118300104, "ENV_Test_proba_accuracy_strategy_43_epoch17": 0.784114095047057, "ENV_Test_proba_accuracy_strategy_17_epoch17": 0.7464604894751736, "ENV_Test_proba_accuracy_strategy_93_epoch17": 0.7967856484158683, "ENV_Test_proba_accuracy_per_mean_strategy_epoch17": 0.7977894938850006, "ENV_Test_proba_accuracy_per_mean_user_epoch17": 0.7935512783703175, "ENV_Test_proba_accuracy_per_mean_user_and_bot_epoch17": 0.8131614303981859, "ENV_Test_accuracy_epoch17": 0.79008, "ENV_Test_accuracy_strategy_132_epoch17": 0.8305949008498583, "ENV_Test_accuracy_strategy_23_epoch17": 0.7980287607044757, "ENV_Test_accuracy_strategy_107_epoch17": 0.8587848932676518, "ENV_Test_accuracy_strategy_43_epoch17": 0.7907124681933843, "ENV_Test_accuracy_strategy_17_epoch17": 0.7502268602540835, "ENV_Test_accuracy_strategy_93_epoch17": 0.8012939001848429, "ENV_Test_accuracy_per_mean_strategy_epoch17": 0.8049402972423828, "ENV_Test_accuracy_per_mean_user_epoch17": 0.7999058066509039, "ENV_Test_accuracy_per_mean_user_and_bot_epoch17": 0.820277760843534, "ENV_Train_TotalLoss_epoch18": 255.82814932631632, "ENV_Train_Right action_epoch18": 0.9528494368204813, "ENV_Train_Probability to choose the right action_epoch18": 0.9314363664117564, "ENV_Train_Weighted right action_epoch18": 0.9528494368204813, "ENV_Train_Weighted probability to choose the right action:_epoch18": 0.9314363664117564, "ENV_Test_TotalLoss_epoch18": 657.4351551017799, "ENV_Test_Right action_epoch18": 0.792448, "ENV_Test_Probability to choose the right action_epoch18": 0.7862957534300202, "ENV_Test_Weighted right action_epoch18": 0.8224586186385674, "ENV_Test_Weighted probability to choose the right action:_epoch18": 0.8151635909986856, "ENV_Test_proba_accuracy_epoch18": 0.7862957534300202, "ENV_Test_proba_accuracy_strategy_132_epoch18": 0.8274902181547805, "ENV_Test_proba_accuracy_strategy_23_epoch18": 0.7919613029476033, "ENV_Test_proba_accuracy_strategy_107_epoch18": 0.8455005733691552, "ENV_Test_proba_accuracy_strategy_43_epoch18": 0.7845483227316726, "ENV_Test_proba_accuracy_strategy_17_epoch18": 0.751829176300396, "ENV_Test_proba_accuracy_strategy_93_epoch18": 0.796321244648808, "ENV_Test_proba_accuracy_per_mean_strategy_epoch18": 0.7996084730254026, "ENV_Test_proba_accuracy_per_mean_user_epoch18": 0.7965280326034048, "ENV_Test_proba_accuracy_per_mean_user_and_bot_epoch18": 0.815163590998686, "ENV_Test_accuracy_epoch18": 0.792448, "ENV_Test_accuracy_strategy_132_epoch18": 0.830028328611898, "ENV_Test_accuracy_strategy_23_epoch18": 0.7989982226530942, "ENV_Test_accuracy_strategy_107_epoch18": 0.8472906403940886, "ENV_Test_accuracy_strategy_43_epoch18": 0.7919847328244275, "ENV_Test_accuracy_strategy_17_epoch18": 0.7581669691470054, "ENV_Test_accuracy_strategy_93_epoch18": 0.8031423290203327, "ENV_Test_accuracy_per_mean_strategy_epoch18": 0.804935203775141, "ENV_Test_accuracy_per_mean_user_epoch18": 0.8027469362487261, "ENV_Test_accuracy_per_mean_user_and_bot_epoch18": 0.822458618638568, "ENV_Train_TotalLoss_epoch19": 236.6228843332654, "ENV_Train_Right action_epoch19": 0.9573105954710651, "ENV_Train_Probability to choose the right action_epoch19": 0.9372599639643538, "ENV_Train_Weighted right action_epoch19": 0.9573105954710651, "ENV_Train_Weighted probability to choose the right action:_epoch19": 0.9372599639643538, "ENV_Test_TotalLoss_epoch19": 588.3868843228912, "ENV_Test_Right action_epoch19": 0.790784, "ENV_Test_Probability to choose the right action_epoch19": 0.7847548084901661, "ENV_Test_Weighted right action_epoch19": 0.8212925730396702, "ENV_Test_Weighted probability to choose the right action:_epoch19": 0.8123266699761788, "ENV_Test_proba_accuracy_epoch19": 0.7847548084901662, "ENV_Test_proba_accuracy_strategy_132_epoch19": 0.8261604219760094, "ENV_Test_proba_accuracy_strategy_23_epoch19": 0.7878638251890268, "ENV_Test_proba_accuracy_strategy_107_epoch19": 0.8365707853859663, "ENV_Test_proba_accuracy_strategy_43_epoch19": 0.780373812847771, "ENV_Test_proba_accuracy_strategy_17_epoch19": 0.7542438577913958, "ENV_Test_proba_accuracy_strategy_93_epoch19": 0.8009291650046957, "ENV_Test_proba_accuracy_per_mean_strategy_epoch19": 0.7976903113658108, "ENV_Test_proba_accuracy_per_mean_user_epoch19": 0.7935462342543409, "ENV_Test_proba_accuracy_per_mean_user_and_bot_epoch19": 0.812326669976179, "ENV_Test_accuracy_epoch19": 0.790784, "ENV_Test_accuracy_strategy_132_epoch19": 0.8373937677053824, "ENV_Test_accuracy_strategy_23_epoch19": 0.7915656810470189, "ENV_Test_accuracy_strategy_107_epoch19": 0.8456486042692939, "ENV_Test_accuracy_strategy_43_epoch19": 0.7830788804071247, "ENV_Test_accuracy_strategy_17_epoch19": 0.7622504537205081, "ENV_Test_accuracy_strategy_93_epoch19": 0.8068391866913124, "ENV_Test_accuracy_per_mean_strategy_epoch19": 0.8044627623067734, "ENV_Test_accuracy_per_mean_user_epoch19": 0.8002486084567695, "ENV_Test_accuracy_per_mean_user_and_bot_epoch19": 0.82129257303967, "ENV_Train_TotalLoss_epoch20": 223.43043374923323, "ENV_Train_Right action_epoch20": 0.9595890410958904, "ENV_Train_Probability to choose the right action_epoch20": 0.9408659991124287, "ENV_Train_Weighted right action_epoch20": 0.9595890410958904, "ENV_Train_Weighted probability to choose the right action:_epoch20": 0.9408659991124287, "ENV_Test_TotalLoss_epoch20": 649.1493767489167, "ENV_Test_Right action_epoch20": 0.790848, "ENV_Test_Probability to choose the right action_epoch20": 0.785849908914118, "ENV_Test_Weighted right action_epoch20": 0.8158328787445399, "ENV_Test_Weighted probability to choose the right action:_epoch20": 0.8110778277916696, "ENV_Test_proba_accuracy_epoch20": 0.785849908914119, "ENV_Test_proba_accuracy_strategy_132_epoch20": 0.8198880950043786, "ENV_Test_proba_accuracy_strategy_23_epoch20": 0.7937325295798223, "ENV_Test_proba_accuracy_strategy_107_epoch20": 0.8319390940698609, "ENV_Test_proba_accuracy_strategy_43_epoch20": 0.7820733207416463, "ENV_Test_proba_accuracy_strategy_17_epoch20": 0.7524962878026688, "ENV_Test_proba_accuracy_strategy_93_epoch20": 0.8006635012960097, "ENV_Test_proba_accuracy_per_mean_strategy_epoch20": 0.7967988047490645, "ENV_Test_proba_accuracy_per_mean_user_epoch20": 0.7952195472216756, "ENV_Test_proba_accuracy_per_mean_user_and_bot_epoch20": 0.8110778277916703, "ENV_Test_accuracy_epoch20": 0.790848, "ENV_Test_accuracy_strategy_132_epoch20": 0.8260623229461757, "ENV_Test_accuracy_strategy_23_epoch20": 0.7996445306188399, "ENV_Test_accuracy_strategy_107_epoch20": 0.8374384236453202, "ENV_Test_accuracy_strategy_43_epoch20": 0.7862595419847328, "ENV_Test_accuracy_strategy_17_epoch20": 0.7552177858439202, "ENV_Test_accuracy_strategy_93_epoch20": 0.8086876155268022, "ENV_Test_accuracy_per_mean_strategy_epoch20": 0.8022183700942985, "ENV_Test_accuracy_per_mean_user_epoch20": 0.8004323869782886, "ENV_Test_accuracy_per_mean_user_and_bot_epoch20": 0.8158328787445405, "ENV_Train_TotalLoss_epoch21": 205.7784464272895, "ENV_Train_Right action_epoch21": 0.9636188293173813, "ENV_Train_Probability to choose the right action_epoch21": 0.9461957467428445, "ENV_Train_Weighted right action_epoch21": 0.9636188293173813, "ENV_Train_Weighted probability to choose the right action:_epoch21": 0.9461957467428445, "ENV_Test_TotalLoss_epoch21": 658.372893020315, "ENV_Test_Right action_epoch21": 0.786112, "ENV_Test_Probability to choose the right action_epoch21": 0.7798636098877249, "ENV_Test_Weighted right action_epoch21": 0.8118616500781045, "ENV_Test_Weighted probability to choose the right action:_epoch21": 0.8074673554059291, "ENV_Test_proba_accuracy_epoch21": 0.7798636098877241, "ENV_Test_proba_accuracy_strategy_132_epoch21": 0.8209408018563923, "ENV_Test_proba_accuracy_strategy_23_epoch21": 0.784916796590346, "ENV_Test_proba_accuracy_strategy_107_epoch21": 0.8330199950391242, "ENV_Test_proba_accuracy_strategy_43_epoch21": 0.7719471627940262, "ENV_Test_proba_accuracy_strategy_17_epoch21": 0.7498294998637342, "ENV_Test_proba_accuracy_strategy_93_epoch21": 0.7878925904169402, "ENV_Test_proba_accuracy_per_mean_strategy_epoch21": 0.7914244744267606, "ENV_Test_proba_accuracy_per_mean_user_epoch21": 0.7883598182079896, "ENV_Test_proba_accuracy_per_mean_user_and_bot_epoch21": 0.80746735540593, "ENV_Test_accuracy_epoch21": 0.786112, "ENV_Test_accuracy_strategy_132_epoch21": 0.8249291784702549, "ENV_Test_accuracy_strategy_23_epoch21": 0.792373566004201, "ENV_Test_accuracy_strategy_107_epoch21": 0.8390804597701149, "ENV_Test_accuracy_strategy_43_epoch21": 0.7786259541984732, "ENV_Test_accuracy_strategy_17_epoch21": 0.7558983666061706, "ENV_Test_accuracy_strategy_93_epoch21": 0.7911275415896488, "ENV_Test_accuracy_per_mean_strategy_epoch21": 0.7970058444398106, "ENV_Test_accuracy_per_mean_user_epoch21": 0.7934794430732605, "ENV_Test_accuracy_per_mean_user_and_bot_epoch21": 0.8118616500781047, "ENV_Train_TotalLoss_epoch22": 193.799608336802, "ENV_Train_Right action_epoch22": 0.9664383561643836, "ENV_Train_Probability to choose the right action_epoch22": 0.9499552174125985, "ENV_Train_Weighted right action_epoch22": 0.9664383561643836, "ENV_Train_Weighted probability to choose the right action:_epoch22": 0.9499552174125985, "ENV_Test_TotalLoss_epoch22": 620.432593285724, "ENV_Test_Right action_epoch22": 0.788032, "ENV_Test_Probability to choose the right action_epoch22": 0.7827190321158557, "ENV_Test_Weighted right action_epoch22": 0.8150887754762329, "ENV_Test_Weighted probability to choose the right action:_epoch22": 0.8107715070547691, "ENV_Test_proba_accuracy_epoch22": 0.7827190321158557, "ENV_Test_proba_accuracy_strategy_132_epoch22": 0.8204084645046159, "ENV_Test_proba_accuracy_strategy_23_epoch22": 0.788553062781104, "ENV_Test_proba_accuracy_strategy_107_epoch22": 0.8306131931594045, "ENV_Test_proba_accuracy_strategy_43_epoch22": 0.7762447231913012, "ENV_Test_proba_accuracy_strategy_17_epoch22": 0.7515659977247726, "ENV_Test_proba_accuracy_strategy_93_epoch22": 0.7972328779535549, "ENV_Test_proba_accuracy_per_mean_strategy_epoch22": 0.7941030532191254, "ENV_Test_proba_accuracy_per_mean_user_epoch22": 0.792359335273227, "ENV_Test_proba_accuracy_per_mean_user_and_bot_epoch22": 0.8107715070547702, "ENV_Test_accuracy_epoch22": 0.788032, "ENV_Test_accuracy_strategy_132_epoch22": 0.8243626062322946, "ENV_Test_accuracy_strategy_23_epoch22": 0.7944740668928745, "ENV_Test_accuracy_strategy_107_epoch22": 0.8308702791461412, "ENV_Test_accuracy_strategy_43_epoch22": 0.7824427480916031, "ENV_Test_accuracy_strategy_17_epoch22": 0.7572595281306715, "ENV_Test_accuracy_strategy_93_epoch22": 0.8012939001848429, "ENV_Test_accuracy_per_mean_strategy_epoch22": 0.7984505214464046, "ENV_Test_accuracy_per_mean_user_epoch22": 0.7971244695354155, "ENV_Test_accuracy_per_mean_user_and_bot_epoch22": 0.8150887754762332, "ENV_Train_TotalLoss_epoch23": 185.21710810823922, "ENV_Train_Right action_epoch23": 0.9670272839092028, "ENV_Train_Probability to choose the right action_epoch23": 0.9517304784310019, "ENV_Train_Weighted right action_epoch23": 0.9670272839092028, "ENV_Train_Weighted probability to choose the right action:_epoch23": 0.9517304784310019, "ENV_Test_TotalLoss_epoch23": 702.9070277915127, "ENV_Test_Right action_epoch23": 0.790592, "ENV_Test_Probability to choose the right action_epoch23": 0.7852296396496927, "ENV_Test_Weighted right action_epoch23": 0.8178393591236274, "ENV_Test_Weighted probability to choose the right action:_epoch23": 0.8128053985080734, "ENV_Test_proba_accuracy_epoch23": 0.7852296396496921, "ENV_Test_proba_accuracy_strategy_132_epoch23": 0.828481716484228, "ENV_Test_proba_accuracy_strategy_23_epoch23": 0.7874761814297427, "ENV_Test_proba_accuracy_strategy_107_epoch23": 0.8280221326616332, "ENV_Test_proba_accuracy_strategy_43_epoch23": 0.7767944172921333, "ENV_Test_proba_accuracy_strategy_17_epoch23": 0.7576050035131277, "ENV_Test_proba_accuracy_strategy_93_epoch23": 0.8025357160841619, "ENV_Test_proba_accuracy_per_mean_strategy_epoch23": 0.7968191945775045, "ENV_Test_proba_accuracy_per_mean_user_epoch23": 0.7951307027238416, "ENV_Test_proba_accuracy_per_mean_user_and_bot_epoch23": 0.812805398508074, "ENV_Test_accuracy_epoch23": 0.790592, "ENV_Test_accuracy_strategy_132_epoch23": 0.8305949008498583, "ENV_Test_accuracy_strategy_23_epoch23": 0.7938277589271288, "ENV_Test_accuracy_strategy_107_epoch23": 0.8292282430213465, "ENV_Test_accuracy_strategy_43_epoch23": 0.7811704834605598, "ENV_Test_accuracy_strategy_17_epoch23": 0.7633847549909256, "ENV_Test_accuracy_strategy_93_epoch23": 0.8096118299445472, "ENV_Test_accuracy_per_mean_strategy_epoch23": 0.801302995199061, "ENV_Test_accuracy_per_mean_user_epoch23": 0.8006860611348534, "ENV_Test_accuracy_per_mean_user_and_bot_epoch23": 0.8178393591236292, "ENV_Train_TotalLoss_epoch24": 170.7479000951307, "ENV_Train_Right action_epoch24": 0.970379792840269, "ENV_Train_Probability to choose the right action_epoch24": 0.9559662632430457, "ENV_Train_Weighted right action_epoch24": 0.970379792840269, "ENV_Train_Weighted probability to choose the right action:_epoch24": 0.9559662632430457, "ENV_Test_TotalLoss_epoch24": 665.3721562227718, "ENV_Test_Right action_epoch24": 0.782016, "ENV_Test_Probability to choose the right action_epoch24": 0.7773746363155848, "ENV_Test_Weighted right action_epoch24": 0.8128748853586779, "ENV_Test_Weighted probability to choose the right action:_epoch24": 0.806658869216033, "ENV_Test_proba_accuracy_epoch24": 0.7773746363155851, "ENV_Test_proba_accuracy_strategy_132_epoch24": 0.8223912073762905, "ENV_Test_proba_accuracy_strategy_23_epoch24": 0.780970751832014, "ENV_Test_proba_accuracy_strategy_107_epoch24": 0.823938589056739, "ENV_Test_proba_accuracy_strategy_43_epoch24": 0.779441111420447, "ENV_Test_proba_accuracy_strategy_17_epoch24": 0.7423655550248912, "ENV_Test_proba_accuracy_strategy_93_epoch24": 0.7967863529439118, "ENV_Test_proba_accuracy_per_mean_strategy_epoch24": 0.7909822612757155, "ENV_Test_proba_accuracy_per_mean_user_epoch24": 0.7871475417045714, "ENV_Test_proba_accuracy_per_mean_user_and_bot_epoch24": 0.8066588692160332, "ENV_Test_accuracy_epoch24": 0.782016, "ENV_Test_accuracy_strategy_132_epoch24": 0.8288951841359773, "ENV_Test_accuracy_strategy_23_epoch24": 0.7862336403296171, "ENV_Test_accuracy_strategy_107_epoch24": 0.8292282430213465, "ENV_Test_accuracy_strategy_43_epoch24": 0.7824427480916031, "ENV_Test_accuracy_strategy_17_epoch24": 0.7452359346642469, "ENV_Test_accuracy_strategy_93_epoch24": 0.8040665434380776, "ENV_Test_accuracy_per_mean_strategy_epoch24": 0.7960170489468114, "ENV_Test_accuracy_per_mean_user_epoch24": 0.7922354998360822, "ENV_Test_accuracy_per_mean_user_and_bot_epoch24": 0.8128748853586785, "_wandb": {"runtime": 1720}}