{"ENV_Train_TotalLoss": 171.18344748334007, "ENV_Train_TotalLoss_epoch0": 928.9233438869967, "ENV_Train_Right action": 0.9695025647476484, "ENV_Train_Right action_epoch0": 0.8095124984280904, "ENV_Train_Probability to choose the right action": 0.9550045377007566, "ENV_Train_Probability to choose the right action_epoch0": 0.7341700262135124, "ENV_Train_Weighted right action": 0.9695025647476484, "ENV_Train_Weighted right action_epoch0": 0.8095124984280904, "ENV_Train_Weighted probability to choose the right action:": 0.9550045377007566, "ENV_Train_Weighted probability to choose the right action:_epoch0": 0.7341700262135124, "_timestamp": 1720357168.3941753, "_runtime": 2634.140644311905, "_step": 49, "ENV_Test_TotalLoss": 588.3862805458579, "ENV_Test_TotalLoss_epoch0": 186.77277559261861, "ENV_Test_Right action": 0.831424, "ENV_Test_Right action_epoch0": 0.827392, "ENV_Test_Probability to choose the right action": 0.8280733643128605, "ENV_Test_Probability to choose the right action_epoch0": 0.7749785577717446, "ENV_Test_Weighted right action": 0.8534771946957388, "ENV_Test_Weighted right action_epoch0": 0.8599981452182968, "ENV_Test_Weighted probability to choose the right action:": 0.8491041995280375, "ENV_Test_Weighted probability to choose the right action:_epoch0": 0.8132683860374101, "ENV_Test_proba_accuracy": 0.8280733643128598, "ENV_Test_proba_accuracy_epoch0": 0.7749785577717454, "ENV_Test_proba_accuracy_strategy_132": 0.8531574727016298, "ENV_Test_proba_accuracy_strategy_132_epoch0": 0.8277689785537934, "ENV_Test_proba_accuracy_strategy_23": 0.843166944292192, "ENV_Test_proba_accuracy_strategy_23_epoch0": 0.7762723402697944, "ENV_Test_proba_accuracy_strategy_107": 0.8617414025285389, "ENV_Test_proba_accuracy_strategy_107_epoch0": 0.8475149656075379, "ENV_Test_proba_accuracy_strategy_43": 0.809086446223094, "ENV_Test_proba_accuracy_strategy_43_epoch0": 0.7794282327439543, "ENV_Test_proba_accuracy_strategy_17": 0.8014033814130644, "ENV_Test_proba_accuracy_strategy_17_epoch0": 0.7397368022463278, "ENV_Test_proba_accuracy_strategy_93": 0.8181078068154453, "ENV_Test_proba_accuracy_strategy_93_epoch0": 0.7777454564473366, "ENV_Test_proba_accuracy_per_mean_strategy": 0.8311105756623273, "ENV_Test_proba_accuracy_per_mean_strategy_epoch0": 0.7914111293114575, "ENV_Test_proba_accuracy_per_mean_user": 0.8324784370605588, "ENV_Test_proba_accuracy_per_mean_user_epoch0": 0.7884161627439124, "ENV_Test_proba_accuracy_per_mean_user_and_bot": 0.8491041995280373, "ENV_Test_proba_accuracy_per_mean_user_and_bot_epoch0": 0.813268386037411, "ENV_Test_accuracy": 0.831424, "ENV_Test_accuracy_epoch0": 0.827392, "ENV_Test_accuracy_strategy_132": 0.856657223796034, "ENV_Test_accuracy_strategy_132_epoch0": 0.8645892351274788, "ENV_Test_accuracy_strategy_23": 0.8460171271610922, "ENV_Test_accuracy_strategy_23_epoch0": 0.8380998545807077, "ENV_Test_accuracy_strategy_107": 0.8669950738916257, "ENV_Test_accuracy_strategy_107_epoch0": 0.8883415435139573, "ENV_Test_accuracy_strategy_43": 0.8129770992366412, "ENV_Test_accuracy_strategy_43_epoch0": 0.8301526717557252, "ENV_Test_accuracy_strategy_17": 0.8053539019963702, "ENV_Test_accuracy_strategy_17_epoch0": 0.7858439201451906, "ENV_Test_accuracy_strategy_93": 0.8197781885397413, "ENV_Test_accuracy_strategy_93_epoch0": 0.8364140480591498, "ENV_Test_accuracy_per_mean_strategy": 0.8346297691035841, "ENV_Test_accuracy_per_mean_strategy_epoch0": 0.8405735455303681, "ENV_Test_accuracy_per_mean_user": 0.83530547525305, "ENV_Test_accuracy_per_mean_user_epoch0": 0.8384717476638404, "ENV_Test_accuracy_per_mean_user_and_bot": 0.853477194695739, "ENV_Test_accuracy_per_mean_user_and_bot_epoch0": 0.8599981452182969, "ENV_Train_TotalLoss_epoch1": 829.795944003139, "ENV_Train_Right action_epoch1": 0.8315767402851552, "ENV_Train_Probability to choose the right action_epoch1": 0.7640597884048834, "ENV_Train_Weighted right action_epoch1": 0.8315767402851552, "ENV_Train_Weighted probability to choose the right action:_epoch1": 0.7640597884048834, "ENV_Test_TotalLoss_epoch1": 178.7395863662869, "ENV_Test_Right action_epoch1": 0.840192, "ENV_Test_Probability to choose the right action_epoch1": 0.776436592565027, "ENV_Test_Weighted right action_epoch1": 0.8659171362256454, "ENV_Test_Weighted probability to choose the right action:_epoch1": 0.8035026202339839, "ENV_Test_proba_accuracy_epoch1": 0.7764365925650275, "ENV_Test_proba_accuracy_strategy_132_epoch1": 0.8166242445177193, "ENV_Test_proba_accuracy_strategy_23_epoch1": 0.7838277171384017, "ENV_Test_proba_accuracy_strategy_107_epoch1": 0.8318014373702876, "ENV_Test_proba_accuracy_strategy_43_epoch1": 0.7680134339388749, "ENV_Test_proba_accuracy_strategy_17_epoch1": 0.7452547903747576, "ENV_Test_proba_accuracy_strategy_93_epoch1": 0.7767124920544026, "ENV_Test_proba_accuracy_per_mean_strategy_epoch1": 0.7870390192324073, "ENV_Test_proba_accuracy_per_mean_user_epoch1": 0.7849579759344815, "ENV_Test_proba_accuracy_per_mean_user_and_bot_epoch1": 0.8035026202339826, "ENV_Test_accuracy_epoch1": 0.840192, "ENV_Test_accuracy_strategy_132_epoch1": 0.8742209631728045, "ENV_Test_accuracy_strategy_23_epoch1": 0.8515107448699305, "ENV_Test_accuracy_strategy_107_epoch1": 0.8850574712643678, "ENV_Test_accuracy_strategy_43_epoch1": 0.8326972010178118, "ENV_Test_accuracy_strategy_17_epoch1": 0.8039927404718693, "ENV_Test_accuracy_strategy_93_epoch1": 0.8530499075785583, "ENV_Test_accuracy_per_mean_strategy_epoch1": 0.8500881713958904, "ENV_Test_accuracy_per_mean_user_epoch1": 0.8486721403899292, "ENV_Test_accuracy_per_mean_user_and_bot_epoch1": 0.865917136225646, "ENV_Train_TotalLoss_epoch2": 789.7968560646784, "ENV_Train_Right action_epoch2": 0.8398071144035223, "ENV_Train_Probability to choose the right action_epoch2": 0.7755541971375702, "ENV_Train_Weighted right action_epoch2": 0.8398071144035223, "ENV_Train_Weighted probability to choose the right action:_epoch2": 0.7755541971375702, "ENV_Test_TotalLoss_epoch2": 176.53262040088174, "ENV_Test_Right action_epoch2": 0.842176, "ENV_Test_Probability to choose the right action_epoch2": 0.7844248419298594, "ENV_Test_Weighted right action_epoch2": 0.864246446775744, "ENV_Test_Weighted probability to choose the right action:_epoch2": 0.8103169716616615, "ENV_Test_proba_accuracy_epoch2": 0.7844248419298602, "ENV_Test_proba_accuracy_strategy_132_epoch2": 0.8242656508058251, "ENV_Test_proba_accuracy_strategy_23_epoch2": 0.7926730086969668, "ENV_Test_proba_accuracy_strategy_107_epoch2": 0.8390782785964446, "ENV_Test_proba_accuracy_strategy_43_epoch2": 0.7713943277302604, "ENV_Test_proba_accuracy_strategy_17_epoch2": 0.7545889391655777, "ENV_Test_proba_accuracy_strategy_93_epoch2": 0.7819754454317802, "ENV_Test_proba_accuracy_per_mean_strategy_epoch2": 0.793995941737809, "ENV_Test_proba_accuracy_per_mean_user_epoch2": 0.7931033550841237, "ENV_Test_proba_accuracy_per_mean_user_and_bot_epoch2": 0.810316971661662, "ENV_Test_accuracy_epoch2": 0.842176, "ENV_Test_accuracy_strategy_132_epoch2": 0.8770538243626063, "ENV_Test_accuracy_strategy_23_epoch2": 0.8537728227500404, "ENV_Test_accuracy_strategy_107_epoch2": 0.8866995073891626, "ENV_Test_accuracy_strategy_43_epoch2": 0.8225190839694656, "ENV_Test_accuracy_strategy_17_epoch2": 0.8107985480943739, "ENV_Test_accuracy_strategy_93_epoch2": 0.8502772643253235, "ENV_Test_accuracy_per_mean_strategy_epoch2": 0.850186841815162, "ENV_Test_accuracy_per_mean_user_epoch2": 0.8483473040024068, "ENV_Test_accuracy_per_mean_user_and_bot_epoch2": 0.8642464467757439, "ENV_Train_TotalLoss_epoch3": 754.1742929549039, "ENV_Train_Right action_epoch3": 0.8481630029207485, "ENV_Train_Probability to choose the right action_epoch3": 0.7863152541399444, "ENV_Train_Weighted right action_epoch3": 0.8481630029207485, "ENV_Train_Weighted probability to choose the right action:_epoch3": 0.7863152541399444, "ENV_Test_TotalLoss_epoch3": 179.42412731112313, "ENV_Test_Right action_epoch3": 0.839872, "ENV_Test_Probability to choose the right action_epoch3": 0.7941303946891579, "ENV_Test_Weighted right action_epoch3": 0.8654403483041923, "ENV_Test_Weighted probability to choose the right action:_epoch3": 0.8202487465288051, "ENV_Test_proba_accuracy_epoch3": 0.7941303946891576, "ENV_Test_proba_accuracy_strategy_132_epoch3": 0.8321982477775287, "ENV_Test_proba_accuracy_strategy_23_epoch3": 0.8025912607782406, "ENV_Test_proba_accuracy_strategy_107_epoch3": 0.8489057387025446, "ENV_Test_proba_accuracy_strategy_43_epoch3": 0.7817881929476495, "ENV_Test_proba_accuracy_strategy_17_epoch3": 0.764044851517476, "ENV_Test_proba_accuracy_strategy_93_epoch3": 0.7933048586521537, "ENV_Test_proba_accuracy_per_mean_strategy_epoch3": 0.803805525062599, "ENV_Test_proba_accuracy_per_mean_user_epoch3": 0.8028502805045453, "ENV_Test_proba_accuracy_per_mean_user_and_bot_epoch3": 0.8202487465288056, "ENV_Test_accuracy_epoch3": 0.839872, "ENV_Test_accuracy_strategy_132_epoch3": 0.8759206798866855, "ENV_Test_accuracy_strategy_23_epoch3": 0.8495718209726935, "ENV_Test_accuracy_strategy_107_epoch3": 0.8899835796387521, "ENV_Test_accuracy_strategy_43_epoch3": 0.8256997455470738, "ENV_Test_accuracy_strategy_17_epoch3": 0.809437386569873, "ENV_Test_accuracy_strategy_93_epoch3": 0.8419593345656192, "ENV_Test_accuracy_per_mean_strategy_epoch3": 0.8487620911967828, "ENV_Test_accuracy_per_mean_user_epoch3": 0.8481776626800579, "ENV_Test_accuracy_per_mean_user_and_bot_epoch3": 0.8654403483041918, "ENV_Train_TotalLoss_epoch4": 718.7612506947964, "ENV_Train_Right action_epoch4": 0.856156533892383, "ENV_Train_Probability to choose the right action_epoch4": 0.7965453989038876, "ENV_Train_Weighted right action_epoch4": 0.856156533892383, "ENV_Train_Weighted probability to choose the right action:_epoch4": 0.7965453989038876, "ENV_Test_TotalLoss_epoch4": 176.16781831893195, "ENV_Test_Right action_epoch4": 0.843904, "ENV_Test_Probability to choose the right action_epoch4": 0.7931234477267947, "ENV_Test_Weighted right action_epoch4": 0.8701639567602452, "ENV_Test_Weighted probability to choose the right action:_epoch4": 0.8236439755305579, "ENV_Test_proba_accuracy_epoch4": 0.7931234477267949, "ENV_Test_proba_accuracy_strategy_132_epoch4": 0.8403425934844425, "ENV_Test_proba_accuracy_strategy_23_epoch4": 0.7982688954417652, "ENV_Test_proba_accuracy_strategy_107_epoch4": 0.8525411857717513, "ENV_Test_proba_accuracy_strategy_43_epoch4": 0.7838544053198322, "ENV_Test_proba_accuracy_strategy_17_epoch4": 0.7624857291201057, "ENV_Test_proba_accuracy_strategy_93_epoch4": 0.7915057283575276, "ENV_Test_proba_accuracy_per_mean_strategy_epoch4": 0.8048330895825707, "ENV_Test_proba_accuracy_per_mean_user_epoch4": 0.803060531265141, "ENV_Test_proba_accuracy_per_mean_user_and_bot_epoch4": 0.823643975530559, "ENV_Test_accuracy_epoch4": 0.843904, "ENV_Test_accuracy_strategy_132_epoch4": 0.8844192634560907, "ENV_Test_accuracy_strategy_23_epoch4": 0.8521570528356762, "ENV_Test_accuracy_strategy_107_epoch4": 0.8998357963875205, "ENV_Test_accuracy_strategy_43_epoch4": 0.8320610687022901, "ENV_Test_accuracy_strategy_17_epoch4": 0.8142014519056261, "ENV_Test_accuracy_strategy_93_epoch4": 0.8373382624768947, "ENV_Test_accuracy_per_mean_strategy_epoch4": 0.8533354826273497, "ENV_Test_accuracy_per_mean_user_epoch4": 0.8515849195777135, "ENV_Test_accuracy_per_mean_user_and_bot_epoch4": 0.8701639567602453, "ENV_Train_TotalLoss_epoch5": 685.662364406895, "ENV_Train_Right action_epoch5": 0.8640042494303807, "ENV_Train_Probability to choose the right action_epoch5": 0.8063534243727755, "ENV_Train_Weighted right action_epoch5": 0.8640042494303807, "ENV_Train_Weighted probability to choose the right action:_epoch5": 0.8063534243727755, "ENV_Test_TotalLoss_epoch5": 176.41211694491008, "ENV_Test_Right action_epoch5": 0.846912, "ENV_Test_Probability to choose the right action_epoch5": 0.8051096301911919, "ENV_Test_Weighted right action_epoch5": 0.8711757285006789, "ENV_Test_Weighted probability to choose the right action:_epoch5": 0.8318174147722415, "ENV_Test_proba_accuracy_epoch5": 0.8051096301911914, "ENV_Test_proba_accuracy_strategy_132_epoch5": 0.8505733793951041, "ENV_Test_proba_accuracy_strategy_23_epoch5": 0.8130651106340394, "ENV_Test_proba_accuracy_strategy_107_epoch5": 0.860527544904473, "ENV_Test_proba_accuracy_strategy_43_epoch5": 0.7894772486899051, "ENV_Test_proba_accuracy_strategy_17_epoch5": 0.7744730333992242, "ENV_Test_proba_accuracy_strategy_93_epoch5": 0.8017738875968603, "ENV_Test_proba_accuracy_per_mean_strategy_epoch5": 0.8149817007699345, "ENV_Test_proba_accuracy_per_mean_user_epoch5": 0.8129004608489965, "ENV_Test_proba_accuracy_per_mean_user_and_bot_epoch5": 0.8318174147722411, "ENV_Test_accuracy_epoch5": 0.846912, "ENV_Test_accuracy_strategy_132_epoch5": 0.8929178470254957, "ENV_Test_accuracy_strategy_23_epoch5": 0.8597511714331879, "ENV_Test_accuracy_strategy_107_epoch5": 0.8949096880131363, "ENV_Test_accuracy_strategy_43_epoch5": 0.8250636132315522, "ENV_Test_accuracy_strategy_17_epoch5": 0.8146551724137931, "ENV_Test_accuracy_strategy_93_epoch5": 0.8345656192236599, "ENV_Test_accuracy_per_mean_strategy_epoch5": 0.8536438518901375, "ENV_Test_accuracy_per_mean_user_epoch5": 0.8533169216356343, "ENV_Test_accuracy_per_mean_user_and_bot_epoch5": 0.8711757285006786, "ENV_Train_TotalLoss_epoch6": 652.0620971829989, "ENV_Train_Right action_epoch6": 0.8709014675052411, "ENV_Train_Probability to choose the right action_epoch6": 0.81700803577169, "ENV_Train_Weighted right action_epoch6": 0.8709014675052411, "ENV_Train_Weighted probability to choose the right action:_epoch6": 0.81700803577169, "ENV_Test_TotalLoss_epoch6": 180.22617056501875, "ENV_Test_Right action_epoch6": 0.845504, "ENV_Test_Probability to choose the right action_epoch6": 0.8028753614360554, "ENV_Test_Weighted right action_epoch6": 0.8721175658466747, "ENV_Test_Weighted probability to choose the right action:_epoch6": 0.8339751573669218, "ENV_Test_proba_accuracy_epoch6": 0.8028753614360558, "ENV_Test_proba_accuracy_strategy_132_epoch6": 0.8515485844305615, "ENV_Test_proba_accuracy_strategy_23_epoch6": 0.8088819683304331, "ENV_Test_proba_accuracy_strategy_107_epoch6": 0.8607328802794825, "ENV_Test_proba_accuracy_strategy_43_epoch6": 0.7894930382088239, "ENV_Test_proba_accuracy_strategy_17_epoch6": 0.7729893686921828, "ENV_Test_proba_accuracy_strategy_93_epoch6": 0.7977516188278758, "ENV_Test_proba_accuracy_per_mean_strategy_epoch6": 0.8135662431282267, "ENV_Test_proba_accuracy_per_mean_user_epoch6": 0.8116183548946586, "ENV_Test_proba_accuracy_per_mean_user_and_bot_epoch6": 0.8339751573669218, "ENV_Test_accuracy_epoch6": 0.845504, "ENV_Test_accuracy_strategy_132_epoch6": 0.886685552407932, "ENV_Test_accuracy_strategy_23_epoch6": 0.8568427855873324, "ENV_Test_accuracy_strategy_107_epoch6": 0.8916256157635468, "ENV_Test_accuracy_strategy_43_epoch6": 0.8295165394402035, "ENV_Test_accuracy_strategy_17_epoch6": 0.8146551724137931, "ENV_Test_accuracy_strategy_93_epoch6": 0.8364140480591498, "ENV_Test_accuracy_per_mean_strategy_epoch6": 0.852623285611993, "ENV_Test_accuracy_per_mean_user_epoch6": 0.8511516074671039, "ENV_Test_accuracy_per_mean_user_and_bot_epoch6": 0.8721175658466745, "ENV_Train_TotalLoss_epoch7": 616.1772007772136, "ENV_Train_Right action_epoch7": 0.8791720243752446, "ENV_Train_Probability to choose the right action_epoch7": 0.8272938905070862, "ENV_Train_Weighted right action_epoch7": 0.8791720243752446, "ENV_Train_Weighted probability to choose the right action:_epoch7": 0.8272938905070862, "ENV_Test_TotalLoss_epoch7": 211.05359677735225, "ENV_Test_Right action_epoch7": 0.841664, "ENV_Test_Probability to choose the right action_epoch7": 0.8099856840688437, "ENV_Test_Weighted right action_epoch7": 0.8680447790961224, "ENV_Test_Weighted probability to choose the right action:_epoch7": 0.8405592508369061, "ENV_Test_proba_accuracy_epoch7": 0.8099856840688437, "ENV_Test_proba_accuracy_strategy_132_epoch7": 0.8575607586611642, "ENV_Test_proba_accuracy_strategy_23_epoch7": 0.8150279986452434, "ENV_Test_proba_accuracy_strategy_107_epoch7": 0.8640655824860216, "ENV_Test_proba_accuracy_strategy_43_epoch7": 0.7968156423313889, "ENV_Test_proba_accuracy_strategy_17_epoch7": 0.7814794421907646, "ENV_Test_proba_accuracy_strategy_93_epoch7": 0.8083657858294794, "ENV_Test_proba_accuracy_per_mean_strategy_epoch7": 0.8205525350240105, "ENV_Test_proba_accuracy_per_mean_user_epoch7": 0.8181988384607316, "ENV_Test_proba_accuracy_per_mean_user_and_bot_epoch7": 0.8405592508369071, "ENV_Test_accuracy_epoch7": 0.841664, "ENV_Test_accuracy_strategy_132_epoch7": 0.8810198300283286, "ENV_Test_accuracy_strategy_23_epoch7": 0.8498949749555663, "ENV_Test_accuracy_strategy_107_epoch7": 0.8834154351395731, "ENV_Test_accuracy_strategy_43_epoch7": 0.8225190839694656, "ENV_Test_accuracy_strategy_17_epoch7": 0.815562613430127, "ENV_Test_accuracy_strategy_93_epoch7": 0.8410351201478743, "ENV_Test_accuracy_per_mean_strategy_epoch7": 0.848907842945156, "ENV_Test_accuracy_per_mean_user_epoch7": 0.8488510644374908, "ENV_Test_accuracy_per_mean_user_and_bot_epoch7": 0.868044779096122, "ENV_Train_TotalLoss_epoch8": 579.0837248731431, "ENV_Train_Right action_epoch8": 0.8850577925617409, "ENV_Train_Probability to choose the right action_epoch8": 0.8370660748186018, "ENV_Train_Weighted right action_epoch8": 0.8850577925617409, "ENV_Train_Weighted probability to choose the right action:_epoch8": 0.8370660748186018, "ENV_Test_TotalLoss_epoch8": 209.18454214684792, "ENV_Test_Right action_epoch8": 0.83936, "ENV_Test_Probability to choose the right action_epoch8": 0.8074653836217863, "ENV_Test_Weighted right action_epoch8": 0.8662383186077036, "ENV_Test_Weighted probability to choose the right action:_epoch8": 0.8361712977872418, "ENV_Test_proba_accuracy_epoch8": 0.8074653836217864, "ENV_Test_proba_accuracy_strategy_132_epoch8": 0.8511521138046647, "ENV_Test_proba_accuracy_strategy_23_epoch8": 0.8144328583620393, "ENV_Test_proba_accuracy_strategy_107_epoch8": 0.8625330083158744, "ENV_Test_proba_accuracy_strategy_43_epoch8": 0.7887026335794834, "ENV_Test_proba_accuracy_strategy_17_epoch8": 0.7813859873307113, "ENV_Test_proba_accuracy_strategy_93_epoch8": 0.7988591530660147, "ENV_Test_proba_accuracy_per_mean_strategy_epoch8": 0.8161776257431314, "ENV_Test_proba_accuracy_per_mean_user_epoch8": 0.8163182489780471, "ENV_Test_proba_accuracy_per_mean_user_and_bot_epoch8": 0.8361712977872422, "ENV_Test_accuracy_epoch8": 0.83936, "ENV_Test_accuracy_strategy_132_epoch8": 0.8793201133144476, "ENV_Test_accuracy_strategy_23_epoch8": 0.8498949749555663, "ENV_Test_accuracy_strategy_107_epoch8": 0.8932676518883416, "ENV_Test_accuracy_strategy_43_epoch8": 0.8199745547073791, "ENV_Test_accuracy_strategy_17_epoch8": 0.8117059891107078, "ENV_Test_accuracy_strategy_93_epoch8": 0.8243992606284658, "ENV_Test_accuracy_per_mean_strategy_epoch8": 0.8464270907674846, "ENV_Test_accuracy_per_mean_user_epoch8": 0.8469487641163859, "ENV_Test_accuracy_per_mean_user_and_bot_epoch8": 0.8662383186077031, "ENV_Train_TotalLoss_epoch9": 547.4870216646195, "ENV_Train_Right action_epoch9": 0.8928351783517835, "ENV_Train_Probability to choose the right action_epoch9": 0.8464397274740397, "ENV_Train_Weighted right action_epoch9": 0.8928351783517835, "ENV_Train_Weighted probability to choose the right action:_epoch9": 0.8464397274740397, "ENV_Test_TotalLoss_epoch9": 208.48447344921638, "ENV_Test_Right action_epoch9": 0.846208, "ENV_Test_Probability to choose the right action_epoch9": 0.8150896235974405, "ENV_Test_Weighted right action_epoch9": 0.8666966979364152, "ENV_Test_Weighted probability to choose the right action:_epoch9": 0.8376140584570161, "ENV_Test_proba_accuracy_epoch9": 0.8150896235974416, "ENV_Test_proba_accuracy_strategy_132_epoch9": 0.8545198065410403, "ENV_Test_proba_accuracy_strategy_23_epoch9": 0.8234632098385353, "ENV_Test_proba_accuracy_strategy_107_epoch9": 0.8651996592292795, "ENV_Test_proba_accuracy_strategy_43_epoch9": 0.7939449595827635, "ENV_Test_proba_accuracy_strategy_17_epoch9": 0.7894006182355273, "ENV_Test_proba_accuracy_strategy_93_epoch9": 0.8100444642860005, "ENV_Test_proba_accuracy_per_mean_strategy_epoch9": 0.8227621196188576, "ENV_Test_proba_accuracy_per_mean_user_epoch9": 0.8211443616497355, "ENV_Test_proba_accuracy_per_mean_user_and_bot_epoch9": 0.8376140584570164, "ENV_Test_accuracy_epoch9": 0.846208, "ENV_Test_accuracy_strategy_132_epoch9": 0.8804532577903683, "ENV_Test_accuracy_strategy_23_epoch9": 0.8571659395702051, "ENV_Test_accuracy_strategy_107_epoch9": 0.8899835796387521, "ENV_Test_accuracy_strategy_43_epoch9": 0.8206106870229007, "ENV_Test_accuracy_strategy_17_epoch9": 0.8212341197822142, "ENV_Test_accuracy_strategy_93_epoch9": 0.8419593345656192, "ENV_Test_accuracy_per_mean_strategy_epoch9": 0.8519011530616766, "ENV_Test_accuracy_per_mean_user_epoch9": 0.8510273753873556, "ENV_Test_accuracy_per_mean_user_and_bot_epoch9": 0.866696697936416, "ENV_Train_TotalLoss_epoch10": 510.38968899132396, "ENV_Train_Right action_epoch10": 0.9001621107943429, "ENV_Train_Probability to choose the right action_epoch10": 0.8572482806876782, "ENV_Train_Weighted right action_epoch10": 0.9001621107943429, "ENV_Train_Weighted probability to choose the right action:_epoch10": 0.8572482806876782, "ENV_Test_TotalLoss_epoch10": 247.95513353664703, "ENV_Test_Right action_epoch10": 0.843072, "ENV_Test_Probability to choose the right action_epoch10": 0.8212349374224504, "ENV_Test_Weighted right action_epoch10": 0.8666807318122837, "ENV_Test_Weighted probability to choose the right action:_epoch10": 0.8464713041581958, "ENV_Test_proba_accuracy_epoch10": 0.8212349374224505, "ENV_Test_proba_accuracy_strategy_132_epoch10": 0.8681809535856924, "ENV_Test_proba_accuracy_strategy_23_epoch10": 0.8258315665122145, "ENV_Test_proba_accuracy_strategy_107_epoch10": 0.8670775369423209, "ENV_Test_proba_accuracy_strategy_43_epoch10": 0.8062694798548338, "ENV_Test_proba_accuracy_strategy_17_epoch10": 0.7956816566662911, "ENV_Test_proba_accuracy_strategy_93_epoch10": 0.8184051424105946, "ENV_Test_proba_accuracy_per_mean_strategy_epoch10": 0.8302410559953245, "ENV_Test_proba_accuracy_per_mean_user_epoch10": 0.8287288261783521, "ENV_Test_proba_accuracy_per_mean_user_and_bot_epoch10": 0.8464713041581965, "ENV_Test_accuracy_epoch10": 0.843072, "ENV_Test_accuracy_strategy_132_epoch10": 0.8872521246458923, "ENV_Test_accuracy_strategy_23_epoch10": 0.8497333979641299, "ENV_Test_accuracy_strategy_107_epoch10": 0.8834154351395731, "ENV_Test_accuracy_strategy_43_epoch10": 0.8263358778625954, "ENV_Test_accuracy_strategy_17_epoch10": 0.816470054446461, "ENV_Test_accuracy_strategy_93_epoch10": 0.8428835489833642, "ENV_Test_accuracy_per_mean_strategy_epoch10": 0.8510150731736692, "ENV_Test_accuracy_per_mean_user_epoch10": 0.848538118909201, "ENV_Test_accuracy_per_mean_user_and_bot_epoch10": 0.8666807318122846, "ENV_Train_TotalLoss_epoch11": 489.2058445755827, "ENV_Train_Right action_epoch11": 0.9046374461899703, "ENV_Train_Probability to choose the right action_epoch11": 0.8640137100769456, "ENV_Train_Weighted right action_epoch11": 0.9046374461899703, "ENV_Train_Weighted probability to choose the right action:_epoch11": 0.8640137100769456, "ENV_Test_TotalLoss_epoch11": 257.6208539459623, "ENV_Test_Right action_epoch11": 0.84096, "ENV_Test_Probability to choose the right action_epoch11": 0.82005960228128, "ENV_Test_Weighted right action_epoch11": 0.862674353866278, "ENV_Test_Weighted probability to choose the right action:_epoch11": 0.8444742274116156, "ENV_Test_proba_accuracy_epoch11": 0.8200596022812803, "ENV_Test_proba_accuracy_strategy_132_epoch11": 0.865357803757782, "ENV_Test_proba_accuracy_strategy_23_epoch11": 0.8289865696139272, "ENV_Test_proba_accuracy_strategy_107_epoch11": 0.8665865341955776, "ENV_Test_proba_accuracy_strategy_43_epoch11": 0.798883666455727, "ENV_Test_proba_accuracy_strategy_17_epoch11": 0.7920936520531697, "ENV_Test_proba_accuracy_strategy_93_epoch11": 0.8136152878262854, "ENV_Test_proba_accuracy_per_mean_strategy_epoch11": 0.8275872523170781, "ENV_Test_proba_accuracy_per_mean_user_epoch11": 0.8270400479138917, "ENV_Test_proba_accuracy_per_mean_user_and_bot_epoch11": 0.8444742274116149, "ENV_Test_accuracy_epoch11": 0.84096, "ENV_Test_accuracy_strategy_132_epoch11": 0.8810198300283286, "ENV_Test_accuracy_strategy_23_epoch11": 0.8537728227500404, "ENV_Test_accuracy_strategy_107_epoch11": 0.8702791461412152, "ENV_Test_accuracy_strategy_43_epoch11": 0.816793893129771, "ENV_Test_accuracy_strategy_17_epoch11": 0.8130671506352087, "ENV_Test_accuracy_strategy_93_epoch11": 0.8345656192236599, "ENV_Test_accuracy_per_mean_strategy_epoch11": 0.8449164103180374, "ENV_Test_accuracy_per_mean_user_epoch11": 0.8462374459949301, "ENV_Test_accuracy_per_mean_user_and_bot_epoch11": 0.8626743538662786, "ENV_Train_TotalLoss_epoch12": 452.93525248952096, "ENV_Train_Right action_epoch12": 0.9125038436809885, "ENV_Train_Probability to choose the right action_epoch12": 0.8739697094010643, "ENV_Train_Weighted right action_epoch12": 0.9125038436809885, "ENV_Train_Weighted probability to choose the right action:_epoch12": 0.8739697094010643, "ENV_Test_TotalLoss_epoch12": 253.9143612715787, "ENV_Test_Right action_epoch12": 0.846016, "ENV_Test_Probability to choose the right action_epoch12": 0.8251089357686292, "ENV_Test_Weighted right action_epoch12": 0.8664562361474765, "ENV_Test_Weighted probability to choose the right action:_epoch12": 0.8482169100420529, "ENV_Test_proba_accuracy_epoch12": 0.8251089357686292, "ENV_Test_proba_accuracy_strategy_132_epoch12": 0.8667198372772867, "ENV_Test_proba_accuracy_strategy_23_epoch12": 0.8329427306871816, "ENV_Test_proba_accuracy_strategy_107_epoch12": 0.8668318391009644, "ENV_Test_proba_accuracy_strategy_43_epoch12": 0.806045843179199, "ENV_Test_proba_accuracy_strategy_17_epoch12": 0.7985226444470082, "ENV_Test_proba_accuracy_strategy_93_epoch12": 0.8249460038399731, "ENV_Test_proba_accuracy_per_mean_strategy_epoch12": 0.8326681497552687, "ENV_Test_proba_accuracy_per_mean_user_epoch12": 0.8310015629978155, "ENV_Test_proba_accuracy_per_mean_user_and_bot_epoch12": 0.8482169100420539, "ENV_Test_accuracy_epoch12": 0.846016, "ENV_Test_accuracy_strategy_132_epoch12": 0.8815864022662889, "ENV_Test_accuracy_strategy_23_epoch12": 0.8558733236387138, "ENV_Test_accuracy_strategy_107_epoch12": 0.8834154351395731, "ENV_Test_accuracy_strategy_43_epoch12": 0.8212468193384224, "ENV_Test_accuracy_strategy_17_epoch12": 0.8216878402903811, "ENV_Test_accuracy_strategy_93_epoch12": 0.8456561922365989, "ENV_Test_accuracy_per_mean_strategy_epoch12": 0.8515776688183299, "ENV_Test_accuracy_per_mean_user_epoch12": 0.8499146290940478, "ENV_Test_accuracy_per_mean_user_and_bot_epoch12": 0.8664562361474765, "ENV_Train_TotalLoss_epoch13": 418.1226775493654, "ENV_Train_Right action_epoch13": 0.9190371685374411, "ENV_Train_Probability to choose the right action_epoch13": 0.8843098289567384, "ENV_Train_Weighted right action_epoch13": 0.9190371685374411, "ENV_Train_Weighted probability to choose the right action:_epoch13": 0.8843098289567384, "ENV_Test_TotalLoss_epoch13": 257.4044601462339, "ENV_Test_Right action_epoch13": 0.836544, "ENV_Test_Probability to choose the right action_epoch13": 0.8128431766900941, "ENV_Test_Weighted right action_epoch13": 0.8552247620555412, "ENV_Test_Weighted probability to choose the right action:_epoch13": 0.8371370504170391, "ENV_Test_proba_accuracy_epoch13": 0.8128431766900939, "ENV_Test_proba_accuracy_strategy_132_epoch13": 0.858433696835591, "ENV_Test_proba_accuracy_strategy_23_epoch13": 0.8216214280359665, "ENV_Test_proba_accuracy_strategy_107_epoch13": 0.8553891417653429, "ENV_Test_proba_accuracy_strategy_43_epoch13": 0.7945272637946115, "ENV_Test_proba_accuracy_strategy_17_epoch13": 0.7837329382775254, "ENV_Test_proba_accuracy_strategy_93_epoch13": 0.8095198750515211, "ENV_Test_proba_accuracy_per_mean_strategy_epoch13": 0.8205373906267597, "ENV_Test_proba_accuracy_per_mean_user_epoch13": 0.8199255389767371, "ENV_Test_proba_accuracy_per_mean_user_and_bot_epoch13": 0.8371370504170386, "ENV_Test_accuracy_epoch13": 0.836544, "ENV_Test_accuracy_strategy_132_epoch13": 0.8759206798866855, "ENV_Test_accuracy_strategy_23_epoch13": 0.8490870899983842, "ENV_Test_accuracy_strategy_107_epoch13": 0.8669950738916257, "ENV_Test_accuracy_strategy_43_epoch13": 0.8104325699745547, "ENV_Test_accuracy_strategy_17_epoch13": 0.8098911070780399, "ENV_Test_accuracy_strategy_93_epoch13": 0.8299445471349353, "ENV_Test_accuracy_per_mean_strategy_epoch13": 0.840378511327371, "ENV_Test_accuracy_per_mean_user_epoch13": 0.8417730692044173, "ENV_Test_accuracy_per_mean_user_and_bot_epoch13": 0.8552247620555418, "ENV_Train_TotalLoss_epoch14": 386.9335624989338, "ENV_Train_Right action_epoch14": 0.9256899322294417, "ENV_Train_Probability to choose the right action_epoch14": 0.892872417996311, "ENV_Train_Weighted right action_epoch14": 0.9256899322294417, "ENV_Train_Weighted probability to choose the right action:_epoch14": 0.892872417996311, "ENV_Test_TotalLoss_epoch14": 291.37282100705295, "ENV_Test_Right action_epoch14": 0.834048, "ENV_Test_Probability to choose the right action_epoch14": 0.81652842159969, "ENV_Test_Weighted right action_epoch14": 0.8527237555792597, "ENV_Test_Weighted probability to choose the right action:_epoch14": 0.8385138487264311, "ENV_Test_proba_accuracy_epoch14": 0.8165284215996891, "ENV_Test_proba_accuracy_strategy_132_epoch14": 0.8612703790332613, "ENV_Test_proba_accuracy_strategy_23_epoch14": 0.8235904167179026, "ENV_Test_proba_accuracy_strategy_107_epoch14": 0.8584910544284722, "ENV_Test_proba_accuracy_strategy_43_epoch14": 0.8006609197749706, "ENV_Test_proba_accuracy_strategy_17_epoch14": 0.7898840615683076, "ENV_Test_proba_accuracy_strategy_93_epoch14": 0.8111315323549382, "ENV_Test_proba_accuracy_per_mean_strategy_epoch14": 0.824171393979642, "ENV_Test_proba_accuracy_per_mean_user_epoch14": 0.8232756879124418, "ENV_Test_proba_accuracy_per_mean_user_and_bot_epoch14": 0.8385138487264323, "ENV_Test_accuracy_epoch14": 0.834048, "ENV_Test_accuracy_strategy_132_epoch14": 0.8787535410764873, "ENV_Test_accuracy_strategy_23_epoch14": 0.8416545483923089, "ENV_Test_accuracy_strategy_107_epoch14": 0.8735632183908046, "ENV_Test_accuracy_strategy_43_epoch14": 0.8136132315521628, "ENV_Test_accuracy_strategy_17_epoch14": 0.8092105263157895, "ENV_Test_accuracy_strategy_93_epoch14": 0.8262476894639557, "ENV_Test_accuracy_per_mean_strategy_epoch14": 0.8405071258652516, "ENV_Test_accuracy_per_mean_user_epoch14": 0.8387476731739311, "ENV_Test_accuracy_per_mean_user_and_bot_epoch14": 0.8527237555792594, "ENV_Train_TotalLoss_epoch15": 353.57744113675443, "ENV_Train_Right action_epoch15": 0.9321908329722249, "ENV_Train_Probability to choose the right action_epoch15": 0.9024549192317954, "ENV_Train_Weighted right action_epoch15": 0.9321908329722249, "ENV_Train_Weighted probability to choose the right action:_epoch15": 0.9024549192317954, "ENV_Test_TotalLoss_epoch15": 315.3099437132742, "ENV_Test_Right action_epoch15": 0.832128, "ENV_Test_Probability to choose the right action_epoch15": 0.8181222805545783, "ENV_Test_Weighted right action_epoch15": 0.8602746823408507, "ENV_Test_Weighted probability to choose the right action:_epoch15": 0.8463590956783932, "ENV_Test_proba_accuracy_epoch15": 0.8181222805545788, "ENV_Test_proba_accuracy_strategy_132_epoch15": 0.8635486193687939, "ENV_Test_proba_accuracy_strategy_23_epoch15": 0.8227006874932334, "ENV_Test_proba_accuracy_strategy_107_epoch15": 0.860520009003167, "ENV_Test_proba_accuracy_strategy_43_epoch15": 0.8048300095853572, "ENV_Test_proba_accuracy_strategy_17_epoch15": 0.7940907208818246, "ENV_Test_proba_accuracy_strategy_93_epoch15": 0.8111842951807366, "ENV_Test_proba_accuracy_per_mean_strategy_epoch15": 0.8261457235855189, "ENV_Test_proba_accuracy_per_mean_user_epoch15": 0.8251742983050856, "ENV_Test_proba_accuracy_per_mean_user_and_bot_epoch15": 0.8463590956783938, "ENV_Test_accuracy_epoch15": 0.832128, "ENV_Test_accuracy_strategy_132_epoch15": 0.8691218130311614, "ENV_Test_accuracy_strategy_23_epoch15": 0.8387461625464534, "ENV_Test_accuracy_strategy_107_epoch15": 0.8702791461412152, "ENV_Test_accuracy_strategy_43_epoch15": 0.8148854961832062, "ENV_Test_accuracy_strategy_17_epoch15": 0.8103448275862069, "ENV_Test_accuracy_strategy_93_epoch15": 0.8262476894639557, "ENV_Test_accuracy_per_mean_strategy_epoch15": 0.8382708558253665, "ENV_Test_accuracy_per_mean_user_epoch15": 0.837441783644926, "ENV_Test_accuracy_per_mean_user_and_bot_epoch15": 0.860274682340851, "ENV_Train_TotalLoss_epoch16": 327.942307428374, "ENV_Train_Right action_epoch16": 0.9387344320040256, "ENV_Train_Probability to choose the right action_epoch16": 0.9103232805629375, "ENV_Train_Weighted right action_epoch16": 0.9387344320040256, "ENV_Train_Weighted probability to choose the right action:_epoch16": 0.9103232805629375, "ENV_Test_TotalLoss_epoch16": 365.87729193374355, "ENV_Test_Right action_epoch16": 0.83712, "ENV_Test_Probability to choose the right action_epoch16": 0.8251798311420036, "ENV_Test_Weighted right action_epoch16": 0.8602228010578822, "ENV_Test_Weighted probability to choose the right action:_epoch16": 0.8499071107689435, "ENV_Test_proba_accuracy_epoch16": 0.8251798311420026, "ENV_Test_proba_accuracy_strategy_132_epoch16": 0.8698713250309814, "ENV_Test_proba_accuracy_strategy_23_epoch16": 0.8326323264743508, "ENV_Test_proba_accuracy_strategy_107_epoch16": 0.865811011846874, "ENV_Test_proba_accuracy_strategy_43_epoch16": 0.8096926012851119, "ENV_Test_proba_accuracy_strategy_17_epoch16": 0.7980552634925432, "ENV_Test_proba_accuracy_strategy_93_epoch16": 0.8197848682571887, "ENV_Test_proba_accuracy_per_mean_strategy_epoch16": 0.8326412327311751, "ENV_Test_proba_accuracy_per_mean_user_epoch16": 0.8306614017773979, "ENV_Test_proba_accuracy_per_mean_user_and_bot_epoch16": 0.849907110768944, "ENV_Test_accuracy_epoch16": 0.83712, "ENV_Test_accuracy_strategy_132_epoch16": 0.8804532577903683, "ENV_Test_accuracy_strategy_23_epoch16": 0.8458555501696559, "ENV_Test_accuracy_strategy_107_epoch16": 0.8719211822660099, "ENV_Test_accuracy_strategy_43_epoch16": 0.8206106870229007, "ENV_Test_accuracy_strategy_17_epoch16": 0.8105716878402904, "ENV_Test_accuracy_strategy_93_epoch16": 0.8290203327171903, "ENV_Test_accuracy_per_mean_strategy_epoch16": 0.8430721163010692, "ENV_Test_accuracy_per_mean_user_epoch16": 0.8419607542129072, "ENV_Test_accuracy_per_mean_user_and_bot_epoch16": 0.8602228010578818, "ENV_Train_TotalLoss_epoch17": 295.56557102085276, "ENV_Train_Right action_epoch17": 0.9444079453165406, "ENV_Train_Probability to choose the right action_epoch17": 0.9189898941603908, "ENV_Train_Weighted right action_epoch17": 0.9444079453165406, "ENV_Train_Weighted probability to choose the right action:_epoch17": 0.9189898941603908, "ENV_Test_TotalLoss_epoch17": 373.8233541285482, "ENV_Test_Right action_epoch17": 0.833856, "ENV_Test_Probability to choose the right action_epoch17": 0.8234431665374163, "ENV_Test_Weighted right action_epoch17": 0.8533778054460881, "ENV_Test_Weighted probability to choose the right action:_epoch17": 0.8451116358811619, "ENV_Test_proba_accuracy_epoch17": 0.8234431665374169, "ENV_Test_proba_accuracy_strategy_132_epoch17": 0.8588258333972966, "ENV_Test_proba_accuracy_strategy_23_epoch17": 0.8324234848889279, "ENV_Test_proba_accuracy_strategy_107_epoch17": 0.8666937353222846, "ENV_Test_proba_accuracy_strategy_43_epoch17": 0.8091805003288473, "ENV_Test_proba_accuracy_strategy_17_epoch17": 0.7952780136590557, "ENV_Test_proba_accuracy_strategy_93_epoch17": 0.8254798684713468, "ENV_Test_proba_accuracy_per_mean_strategy_epoch17": 0.8313135726779598, "ENV_Test_proba_accuracy_per_mean_user_epoch17": 0.8286126135908625, "ENV_Test_proba_accuracy_per_mean_user_and_bot_epoch17": 0.8451116358811612, "ENV_Test_accuracy_epoch17": 0.833856, "ENV_Test_accuracy_strategy_132_epoch17": 0.8611898016997167, "ENV_Test_accuracy_strategy_23_epoch17": 0.8450476652124738, "ENV_Test_accuracy_strategy_107_epoch17": 0.8735632183908046, "ENV_Test_accuracy_strategy_43_epoch17": 0.8161577608142494, "ENV_Test_accuracy_strategy_17_epoch17": 0.8071687840290381, "ENV_Test_accuracy_strategy_93_epoch17": 0.8373382624768947, "ENV_Test_accuracy_per_mean_strategy_epoch17": 0.8400775821038629, "ENV_Test_accuracy_per_mean_user_epoch17": 0.8388583825691949, "ENV_Test_accuracy_per_mean_user_and_bot_epoch17": 0.853377805446089, "ENV_Train_TotalLoss_epoch18": 279.4302782836035, "ENV_Train_Right action_epoch18": 0.9482753801431127, "ENV_Train_Probability to choose the right action_epoch18": 0.9239856742060795, "ENV_Train_Weighted right action_epoch18": 0.9482753801431127, "ENV_Train_Weighted probability to choose the right action:_epoch18": 0.9239856742060795, "ENV_Test_TotalLoss_epoch18": 388.3089972336731, "ENV_Test_Right action_epoch18": 0.833984, "ENV_Test_Probability to choose the right action_epoch18": 0.8218540502563971, "ENV_Test_Weighted right action_epoch18": 0.8553678192639391, "ENV_Test_Weighted probability to choose the right action:_epoch18": 0.8457746888376927, "ENV_Test_proba_accuracy_epoch18": 0.8218540502563975, "ENV_Test_proba_accuracy_strategy_132_epoch18": 0.8602707558717412, "ENV_Test_proba_accuracy_strategy_23_epoch18": 0.830053879167322, "ENV_Test_proba_accuracy_strategy_107_epoch18": 0.8650144761511863, "ENV_Test_proba_accuracy_strategy_43_epoch18": 0.8082154405370635, "ENV_Test_proba_accuracy_strategy_17_epoch18": 0.795204114248994, "ENV_Test_proba_accuracy_strategy_93_epoch18": 0.816377050708069, "ENV_Test_proba_accuracy_per_mean_strategy_epoch18": 0.8291892861140626, "ENV_Test_proba_accuracy_per_mean_user_epoch18": 0.8285509503554647, "ENV_Test_proba_accuracy_per_mean_user_and_bot_epoch18": 0.8457746888376936, "ENV_Test_accuracy_epoch18": 0.833984, "ENV_Test_accuracy_strategy_132_epoch18": 0.8696883852691218, "ENV_Test_accuracy_strategy_23_epoch18": 0.8421392793666181, "ENV_Test_accuracy_strategy_107_epoch18": 0.8752052545155994, "ENV_Test_accuracy_strategy_43_epoch18": 0.8174300254452926, "ENV_Test_accuracy_strategy_17_epoch18": 0.8103448275862069, "ENV_Test_accuracy_strategy_93_epoch18": 0.8262476894639557, "ENV_Test_accuracy_per_mean_strategy_epoch18": 0.8401759102744656, "ENV_Test_accuracy_per_mean_user_epoch18": 0.8400261892955605, "ENV_Test_accuracy_per_mean_user_and_bot_epoch18": 0.855367819263939, "ENV_Train_TotalLoss_epoch19": 256.4227661309228, "ENV_Train_Right action_epoch19": 0.9526279004752586, "ENV_Train_Probability to choose the right action_epoch19": 0.9304654823655556, "ENV_Train_Weighted right action_epoch19": 0.9526279004752586, "ENV_Train_Weighted probability to choose the right action:_epoch19": 0.9304654823655556, "ENV_Test_TotalLoss_epoch19": 438.68827807993654, "ENV_Test_Right action_epoch19": 0.833152, "ENV_Test_Probability to choose the right action_epoch19": 0.8244152379586256, "ENV_Test_Weighted right action_epoch19": 0.8526328668728107, "ENV_Test_Weighted probability to choose the right action:_epoch19": 0.8454526933543531, "ENV_Test_proba_accuracy_epoch19": 0.8244152379586255, "ENV_Test_proba_accuracy_strategy_132_epoch19": 0.8578155699015398, "ENV_Test_proba_accuracy_strategy_23_epoch19": 0.833862929182033, "ENV_Test_proba_accuracy_strategy_107_epoch19": 0.8637198656578289, "ENV_Test_proba_accuracy_strategy_43_epoch19": 0.8125776318186954, "ENV_Test_proba_accuracy_strategy_17_epoch19": 0.7985287948505833, "ENV_Test_proba_accuracy_strategy_93_epoch19": 0.8164265992733113, "ENV_Test_proba_accuracy_per_mean_strategy_epoch19": 0.8304885651139986, "ENV_Test_proba_accuracy_per_mean_user_epoch19": 0.8296237252033714, "ENV_Test_proba_accuracy_per_mean_user_and_bot_epoch19": 0.8454526933543539, "ENV_Test_accuracy_epoch19": 0.833152, "ENV_Test_accuracy_strategy_132_epoch19": 0.8651558073654391, "ENV_Test_accuracy_strategy_23_epoch19": 0.8445629342381645, "ENV_Test_accuracy_strategy_107_epoch19": 0.8669950738916257, "ENV_Test_accuracy_strategy_43_epoch19": 0.8161577608142494, "ENV_Test_accuracy_strategy_17_epoch19": 0.808529945553539, "ENV_Test_accuracy_strategy_93_epoch19": 0.821626617375231, "ENV_Test_accuracy_per_mean_strategy_epoch19": 0.8371713565397081, "ENV_Test_accuracy_per_mean_user_epoch19": 0.8373316458121128, "ENV_Test_accuracy_per_mean_user_and_bot_epoch19": 0.8526328668728105, "ENV_Train_TotalLoss_epoch20": 233.57950561899497, "ENV_Train_Right action_epoch20": 0.9569665543892997, "ENV_Train_Probability to choose the right action_epoch20": 0.9368937772885843, "ENV_Train_Weighted right action_epoch20": 0.9569665543892997, "ENV_Train_Weighted probability to choose the right action:_epoch20": 0.9368937772885843, "ENV_Test_TotalLoss_epoch20": 420.639392516111, "ENV_Test_Right action_epoch20": 0.835008, "ENV_Test_Probability to choose the right action_epoch20": 0.8256277638520296, "ENV_Test_Weighted right action_epoch20": 0.854814975442491, "ENV_Test_Weighted probability to choose the right action:_epoch20": 0.8462108230113582, "ENV_Test_proba_accuracy_epoch20": 0.8256277638520293, "ENV_Test_proba_accuracy_strategy_132_epoch20": 0.8587591902275784, "ENV_Test_proba_accuracy_strategy_23_epoch20": 0.8373931563582596, "ENV_Test_proba_accuracy_strategy_107_epoch20": 0.8623922046463762, "ENV_Test_proba_accuracy_strategy_43_epoch20": 0.8083228180327254, "ENV_Test_proba_accuracy_strategy_17_epoch20": 0.7997980420073938, "ENV_Test_proba_accuracy_strategy_93_epoch20": 0.8139625720788655, "ENV_Test_proba_accuracy_per_mean_strategy_epoch20": 0.8301046638918664, "ENV_Test_proba_accuracy_per_mean_user_epoch20": 0.82977566324224, "ENV_Test_proba_accuracy_per_mean_user_and_bot_epoch20": 0.8462108230113584, "ENV_Test_accuracy_epoch20": 0.835008, "ENV_Test_accuracy_strategy_132_epoch20": 0.8645892351274788, "ENV_Test_accuracy_strategy_23_epoch20": 0.8468250121182743, "ENV_Test_accuracy_strategy_107_epoch20": 0.8669950738916257, "ENV_Test_accuracy_strategy_43_epoch20": 0.8142493638676844, "ENV_Test_accuracy_strategy_17_epoch20": 0.8126134301270418, "ENV_Test_accuracy_strategy_93_epoch20": 0.822550831792976, "ENV_Test_accuracy_per_mean_strategy_epoch20": 0.8379704911541802, "ENV_Test_accuracy_per_mean_user_epoch20": 0.8391154979396097, "ENV_Test_accuracy_per_mean_user_and_bot_epoch20": 0.8548149754424904, "ENV_Train_TotalLoss_epoch21": 218.92699684028133, "ENV_Train_Right action_epoch21": 0.9606473070795718, "ENV_Train_Probability to choose the right action_epoch21": 0.9414467334452687, "ENV_Train_Weighted right action_epoch21": 0.9606473070795718, "ENV_Train_Weighted probability to choose the right action:_epoch21": 0.9414467334452687, "ENV_Test_TotalLoss_epoch21": 460.0574419465897, "ENV_Test_Right action_epoch21": 0.83008, "ENV_Test_Probability to choose the right action_epoch21": 0.82188474688928, "ENV_Test_Weighted right action_epoch21": 0.8508562945997137, "ENV_Test_Weighted probability to choose the right action:_epoch21": 0.846026308596078, "ENV_Test_proba_accuracy_epoch21": 0.8218847468892804, "ENV_Test_proba_accuracy_strategy_132_epoch21": 0.8564737923935949, "ENV_Test_proba_accuracy_strategy_23_epoch21": 0.8316001775560316, "ENV_Test_proba_accuracy_strategy_107_epoch21": 0.863557329342928, "ENV_Test_proba_accuracy_strategy_43_epoch21": 0.8140753355998108, "ENV_Test_proba_accuracy_strategy_17_epoch21": 0.7942749560068808, "ENV_Test_proba_accuracy_strategy_93_epoch21": 0.8102611649398861, "ENV_Test_proba_accuracy_per_mean_strategy_epoch21": 0.8283737926398554, "ENV_Test_proba_accuracy_per_mean_user_epoch21": 0.8272069194762255, "ENV_Test_proba_accuracy_per_mean_user_and_bot_epoch21": 0.846026308596079, "ENV_Test_accuracy_epoch21": 0.83008, "ENV_Test_accuracy_strategy_132_epoch21": 0.8623229461756374, "ENV_Test_accuracy_strategy_23_epoch21": 0.843593472289546, "ENV_Test_accuracy_strategy_107_epoch21": 0.8719211822660099, "ENV_Test_accuracy_strategy_43_epoch21": 0.816793893129771, "ENV_Test_accuracy_strategy_17_epoch21": 0.8003629764065335, "ENV_Test_accuracy_strategy_93_epoch21": 0.8170055452865065, "ENV_Test_accuracy_per_mean_strategy_epoch21": 0.8353333359256675, "ENV_Test_accuracy_per_mean_user_epoch21": 0.8336722999135059, "ENV_Test_accuracy_per_mean_user_and_bot_epoch21": 0.850856294599714, "ENV_Train_TotalLoss_epoch22": 200.88432327460845, "ENV_Train_Right action_epoch22": 0.9646496414643352, "ENV_Train_Probability to choose the right action_epoch22": 0.9468443897448948, "ENV_Train_Weighted right action_epoch22": 0.9646496414643352, "ENV_Train_Weighted probability to choose the right action:_epoch22": 0.9468443897448948, "ENV_Test_TotalLoss_epoch22": 451.65849481230697, "ENV_Test_Right action_epoch22": 0.831104, "ENV_Test_Probability to choose the right action_epoch22": 0.8226535568614469, "ENV_Test_Weighted right action_epoch22": 0.8499870006268736, "ENV_Test_Weighted probability to choose the right action:_epoch22": 0.8448857530034354, "ENV_Test_proba_accuracy_epoch22": 0.8226535568614465, "ENV_Test_proba_accuracy_strategy_132_epoch22": 0.8527509092181413, "ENV_Test_proba_accuracy_strategy_23_epoch22": 0.8330379436816608, "ENV_Test_proba_accuracy_strategy_107_epoch22": 0.8686712517676003, "ENV_Test_proba_accuracy_strategy_43_epoch22": 0.8033116504528189, "ENV_Test_proba_accuracy_strategy_17_epoch22": 0.7986235548909982, "ENV_Test_proba_accuracy_strategy_93_epoch22": 0.8142562855327748, "ENV_Test_proba_accuracy_per_mean_strategy_epoch22": 0.8284419325906658, "ENV_Test_proba_accuracy_per_mean_user_epoch22": 0.8264568133692072, "ENV_Test_proba_accuracy_per_mean_user_and_bot_epoch22": 0.8448857530034356, "ENV_Test_accuracy_epoch22": 0.831104, "ENV_Test_accuracy_strategy_132_epoch22": 0.8572237960339943, "ENV_Test_accuracy_strategy_23_epoch22": 0.8432703183066731, "ENV_Test_accuracy_strategy_107_epoch22": 0.8702791461412152, "ENV_Test_accuracy_strategy_43_epoch22": 0.8078880407124682, "ENV_Test_accuracy_strategy_17_epoch22": 0.8087568058076225, "ENV_Test_accuracy_strategy_93_epoch22": 0.821626617375231, "ENV_Test_accuracy_per_mean_strategy_epoch22": 0.8348407873962008, "ENV_Test_accuracy_per_mean_user_epoch22": 0.8333145672350861, "ENV_Test_accuracy_per_mean_user_and_bot_epoch22": 0.8499870006268734, "ENV_Train_TotalLoss_epoch23": 186.46760903892675, "ENV_Train_Right action_epoch23": 0.9664579606440071, "ENV_Train_Probability to choose the right action_epoch23": 0.9506147068582351, "ENV_Train_Weighted right action_epoch23": 0.9664579606440071, "ENV_Train_Weighted probability to choose the right action:_epoch23": 0.9506147068582351, "ENV_Test_TotalLoss_epoch23": 561.4907494814777, "ENV_Test_Right action_epoch23": 0.827328, "ENV_Test_Probability to choose the right action_epoch23": 0.8225046802951279, "ENV_Test_Weighted right action_epoch23": 0.8485257808669042, "ENV_Test_Weighted probability to choose the right action:_epoch23": 0.8438738235141996, "ENV_Test_proba_accuracy_epoch23": 0.8225046802951287, "ENV_Test_proba_accuracy_strategy_132_epoch23": 0.8538592899253472, "ENV_Test_proba_accuracy_strategy_23_epoch23": 0.8331951926974354, "ENV_Test_proba_accuracy_strategy_107_epoch23": 0.8600528006096109, "ENV_Test_proba_accuracy_strategy_43_epoch23": 0.8107229575814858, "ENV_Test_proba_accuracy_strategy_17_epoch23": 0.7968499333568133, "ENV_Test_proba_accuracy_strategy_93_epoch23": 0.8107077487638995, "ENV_Test_proba_accuracy_per_mean_strategy_epoch23": 0.827564653822432, "ENV_Test_proba_accuracy_per_mean_user_epoch23": 0.8281789834590919, "ENV_Test_proba_accuracy_per_mean_user_and_bot_epoch23": 0.8438738235142, "ENV_Test_accuracy_epoch23": 0.827328, "ENV_Test_accuracy_strategy_132_epoch23": 0.8572237960339943, "ENV_Test_accuracy_strategy_23_epoch23": 0.8384230085635805, "ENV_Test_accuracy_strategy_107_epoch23": 0.8620689655172413, "ENV_Test_accuracy_strategy_43_epoch23": 0.8136132315521628, "ENV_Test_accuracy_strategy_17_epoch23": 0.8030852994555354, "ENV_Test_accuracy_strategy_93_epoch23": 0.8142329020332717, "ENV_Test_accuracy_per_mean_strategy_epoch23": 0.8314412005259645, "ENV_Test_accuracy_per_mean_user_epoch23": 0.8333993371284745, "ENV_Test_accuracy_per_mean_user_and_bot_epoch23": 0.8485257808669038, "ENV_Train_TotalLoss_epoch24": 171.18344748334007, "ENV_Train_Right action_epoch24": 0.9695025647476484, "ENV_Train_Probability to choose the right action_epoch24": 0.9550045377007566, "ENV_Train_Weighted right action_epoch24": 0.9695025647476484, "ENV_Train_Weighted probability to choose the right action:_epoch24": 0.9550045377007566, "ENV_Test_TotalLoss_epoch24": 588.3862805458579, "ENV_Test_Right action_epoch24": 0.831424, "ENV_Test_Probability to choose the right action_epoch24": 0.8280733643128605, "ENV_Test_Weighted right action_epoch24": 0.8534771946957388, "ENV_Test_Weighted probability to choose the right action:_epoch24": 0.8491041995280375, "ENV_Test_proba_accuracy_epoch24": 0.8280733643128598, "ENV_Test_proba_accuracy_strategy_132_epoch24": 0.8531574727016298, "ENV_Test_proba_accuracy_strategy_23_epoch24": 0.843166944292192, "ENV_Test_proba_accuracy_strategy_107_epoch24": 0.8617414025285389, "ENV_Test_proba_accuracy_strategy_43_epoch24": 0.809086446223094, "ENV_Test_proba_accuracy_strategy_17_epoch24": 0.8014033814130644, "ENV_Test_proba_accuracy_strategy_93_epoch24": 0.8181078068154453, "ENV_Test_proba_accuracy_per_mean_strategy_epoch24": 0.8311105756623273, "ENV_Test_proba_accuracy_per_mean_user_epoch24": 0.8324784370605588, "ENV_Test_proba_accuracy_per_mean_user_and_bot_epoch24": 0.8491041995280373, "ENV_Test_accuracy_epoch24": 0.831424, "ENV_Test_accuracy_strategy_132_epoch24": 0.856657223796034, "ENV_Test_accuracy_strategy_23_epoch24": 0.8460171271610922, "ENV_Test_accuracy_strategy_107_epoch24": 0.8669950738916257, "ENV_Test_accuracy_strategy_43_epoch24": 0.8129770992366412, "ENV_Test_accuracy_strategy_17_epoch24": 0.8053539019963702, "ENV_Test_accuracy_strategy_93_epoch24": 0.8197781885397413, "ENV_Test_accuracy_per_mean_strategy_epoch24": 0.8346297691035841, "ENV_Test_accuracy_per_mean_user_epoch24": 0.83530547525305, "ENV_Test_accuracy_per_mean_user_and_bot_epoch24": 0.853477194695739, "_wandb": {"runtime": 2633}}