{"ENV_Train_TotalLoss": 390.69256251248595, "ENV_Train_TotalLoss_epoch0": 1025.811754511178, "ENV_Train_Right action": 0.9256712370889066, "ENV_Train_Right action_epoch0": 0.7886794561891322, "ENV_Train_Probability to choose the right action": 0.8941314136927394, "ENV_Train_Probability to choose the right action_epoch0": 0.7070811885853637, "ENV_Train_Weighted right action": 0.9256712370889066, "ENV_Train_Weighted right action_epoch0": 0.7886794561891322, "ENV_Train_Weighted probability to choose the right action:": 0.8941314136927394, "ENV_Train_Weighted probability to choose the right action:_epoch0": 0.7070811885853637, "_timestamp": 1720468568.361673, "_runtime": 2521.134301185608, "_step": 49, "ENV_Test_TotalLoss": 461.50474754703754, "ENV_Test_TotalLoss_epoch0": 219.1929685596707, "ENV_Test_Right action": 0.79616, "ENV_Test_Right action_epoch0": 0.799936, "ENV_Test_Probability to choose the right action": 0.7839458069854169, "ENV_Test_Probability to choose the right action_epoch0": 0.7480892021302222, "ENV_Test_Weighted right action": 0.8231310186348397, "ENV_Test_Weighted right action_epoch0": 0.8389362984799552, "ENV_Test_Weighted probability to choose the right action:": 0.8092933404008974, "ENV_Test_Weighted probability to choose the right action:_epoch0": 0.7862599867221717, "ENV_Test_proba_accuracy": 0.7839458069854176, "ENV_Test_proba_accuracy_epoch0": 0.7480892021302217, "ENV_Test_proba_accuracy_strategy_132": 0.8229875042661571, "ENV_Test_proba_accuracy_strategy_132_epoch0": 0.8028902237188428, "ENV_Test_proba_accuracy_strategy_23": 0.7895463113049512, "ENV_Test_proba_accuracy_strategy_23_epoch0": 0.7462897194598815, "ENV_Test_proba_accuracy_strategy_107": 0.8330218024565114, "ENV_Test_proba_accuracy_strategy_107_epoch0": 0.8103030730457843, "ENV_Test_proba_accuracy_strategy_43": 0.7783756679683768, "ENV_Test_proba_accuracy_strategy_43_epoch0": 0.751984348189229, "ENV_Test_proba_accuracy_strategy_17": 0.7549435421050285, "ENV_Test_proba_accuracy_strategy_17_epoch0": 0.7178375020038765, "ENV_Test_proba_accuracy_strategy_93": 0.786848620249326, "ENV_Test_proba_accuracy_strategy_93_epoch0": 0.7515561820816197, "ENV_Test_proba_accuracy_per_mean_strategy": 0.7942872413917251, "ENV_Test_proba_accuracy_per_mean_strategy_epoch0": 0.7634768414165389, "ENV_Test_proba_accuracy_per_mean_user": 0.7925872654316319, "ENV_Test_proba_accuracy_per_mean_user_epoch0": 0.7620795004755513, "ENV_Test_proba_accuracy_per_mean_user_and_bot": 0.8092933404008977, "ENV_Test_proba_accuracy_per_mean_user_and_bot_epoch0": 0.786259986722172, "ENV_Test_accuracy": 0.79616, "ENV_Test_accuracy_epoch0": 0.799936, "ENV_Test_accuracy_strategy_132": 0.8328611898016998, "ENV_Test_accuracy_strategy_132_epoch0": 0.8526912181303116, "ENV_Test_accuracy_strategy_23": 0.8009371465503312, "ENV_Test_accuracy_strategy_23_epoch0": 0.7999676846017127, "ENV_Test_accuracy_strategy_107": 0.8456486042692939, "ENV_Test_accuracy_strategy_107_epoch0": 0.8653530377668309, "ENV_Test_accuracy_strategy_43": 0.7932569974554707, "ENV_Test_accuracy_strategy_43_epoch0": 0.8053435114503816, "ENV_Test_accuracy_strategy_17": 0.7676950998185118, "ENV_Test_accuracy_strategy_17_epoch0": 0.7670145190562614, "ENV_Test_accuracy_strategy_93": 0.8012939001848429, "ENV_Test_accuracy_strategy_93_epoch0": 0.8031423290203327, "ENV_Test_accuracy_per_mean_strategy": 0.8069488230133585, "ENV_Test_accuracy_per_mean_strategy_epoch0": 0.8155853833376384, "ENV_Test_accuracy_per_mean_user": 0.8045149791520084, "ENV_Test_accuracy_per_mean_user_epoch0": 0.8148902720332222, "ENV_Test_accuracy_per_mean_user_and_bot": 0.823131018634841, "ENV_Test_accuracy_per_mean_user_and_bot_epoch0": 0.838936298479956, "ENV_Train_TotalLoss_epoch1": 906.9216268573548, "ENV_Train_Right action_epoch1": 0.8134749790327089, "ENV_Train_Probability to choose the right action_epoch1": 0.7424114951684737, "ENV_Train_Weighted right action_epoch1": 0.8134749790327089, "ENV_Train_Weighted probability to choose the right action:_epoch1": 0.7424114951684737, "ENV_Test_TotalLoss_epoch1": 206.09736182204568, "ENV_Test_Right action_epoch1": 0.805952, "ENV_Test_Probability to choose the right action_epoch1": 0.7558853493990386, "ENV_Test_Weighted right action_epoch1": 0.8425956879331031, "ENV_Test_Weighted probability to choose the right action:_epoch1": 0.7866472342541154, "ENV_Test_proba_accuracy_epoch1": 0.7558853493990376, "ENV_Test_proba_accuracy_strategy_132_epoch1": 0.800193715422486, "ENV_Test_proba_accuracy_strategy_23_epoch1": 0.7585766233611795, "ENV_Test_proba_accuracy_strategy_107_epoch1": 0.8100736071944955, "ENV_Test_proba_accuracy_strategy_43_epoch1": 0.7518538189118125, "ENV_Test_proba_accuracy_strategy_17_epoch1": 0.7271561885335456, "ENV_Test_proba_accuracy_strategy_93_epoch1": 0.7606122416730593, "ENV_Test_proba_accuracy_per_mean_strategy_epoch1": 0.7680776991827631, "ENV_Test_proba_accuracy_per_mean_user_epoch1": 0.7681470598402368, "ENV_Test_proba_accuracy_per_mean_user_and_bot_epoch1": 0.7866472342541155, "ENV_Test_accuracy_epoch1": 0.805952, "ENV_Test_accuracy_strategy_132_epoch1": 0.8526912181303116, "ENV_Test_accuracy_strategy_23_epoch1": 0.805461302310551, "ENV_Test_accuracy_strategy_107_epoch1": 0.8686371100164204, "ENV_Test_accuracy_strategy_43_epoch1": 0.8059796437659033, "ENV_Test_accuracy_strategy_17_epoch1": 0.7756352087114338, "ENV_Test_accuracy_strategy_93_epoch1": 0.8207024029574861, "ENV_Test_accuracy_per_mean_strategy_epoch1": 0.8215178143153509, "ENV_Test_accuracy_per_mean_user_epoch1": 0.8201385361343412, "ENV_Test_accuracy_per_mean_user_and_bot_epoch1": 0.8425956879331046, "ENV_Train_TotalLoss_epoch2": 860.4638244465893, "ENV_Train_Right action_epoch2": 0.8225452512404781, "ENV_Train_Probability to choose the right action_epoch2": 0.7551196341697834, "ENV_Train_Weighted right action_epoch2": 0.8225452512404781, "ENV_Train_Weighted probability to choose the right action:_epoch2": 0.7551196341697834, "ENV_Test_TotalLoss_epoch2": 203.5591619042656, "ENV_Test_Right action_epoch2": 0.806528, "ENV_Test_Probability to choose the right action_epoch2": 0.7594697112819587, "ENV_Test_Weighted right action_epoch2": 0.8397154762413329, "ENV_Test_Weighted probability to choose the right action:_epoch2": 0.7892050636516351, "ENV_Test_proba_accuracy_epoch2": 0.7594697112819582, "ENV_Test_proba_accuracy_strategy_132_epoch2": 0.8030130727051226, "ENV_Test_proba_accuracy_strategy_23_epoch2": 0.7632764489148852, "ENV_Test_proba_accuracy_strategy_107_epoch2": 0.8124214169477331, "ENV_Test_proba_accuracy_strategy_43_epoch2": 0.7504327505577182, "ENV_Test_proba_accuracy_strategy_17_epoch2": 0.7329861084925365, "ENV_Test_proba_accuracy_strategy_93_epoch2": 0.7578840388991003, "ENV_Test_proba_accuracy_per_mean_strategy_epoch2": 0.7700023060861826, "ENV_Test_proba_accuracy_per_mean_user_epoch2": 0.7712900785439665, "ENV_Test_proba_accuracy_per_mean_user_and_bot_epoch2": 0.7892050636516355, "ENV_Test_accuracy_epoch2": 0.806528, "ENV_Test_accuracy_strategy_132_epoch2": 0.8526912181303116, "ENV_Test_accuracy_strategy_23_epoch2": 0.8114396509936985, "ENV_Test_accuracy_strategy_107_epoch2": 0.8571428571428571, "ENV_Test_accuracy_strategy_43_epoch2": 0.8097964376590331, "ENV_Test_accuracy_strategy_17_epoch2": 0.772005444646098, "ENV_Test_accuracy_strategy_93_epoch2": 0.8105360443622921, "ENV_Test_accuracy_per_mean_strategy_epoch2": 0.8189352754890483, "ENV_Test_accuracy_per_mean_user_epoch2": 0.819371123740483, "ENV_Test_accuracy_per_mean_user_and_bot_epoch2": 0.8397154762413331, "ENV_Train_TotalLoss_epoch3": 825.2072989505083, "ENV_Train_Right action_epoch3": 0.8302192657601632, "ENV_Train_Probability to choose the right action_epoch3": 0.7655485276371211, "ENV_Train_Weighted right action_epoch3": 0.8302192657601632, "ENV_Train_Weighted probability to choose the right action:_epoch3": 0.7655485276371211, "ENV_Test_TotalLoss_epoch3": 216.46903242471572, "ENV_Test_Right action_epoch3": 0.808448, "ENV_Test_Probability to choose the right action_epoch3": 0.7685685180352824, "ENV_Test_Weighted right action_epoch3": 0.8420840752020765, "ENV_Test_Weighted probability to choose the right action:_epoch3": 0.7999837243786416, "ENV_Test_proba_accuracy_epoch3": 0.7685685180352819, "ENV_Test_proba_accuracy_strategy_132_epoch3": 0.8129344274980689, "ENV_Test_proba_accuracy_strategy_23_epoch3": 0.7721060774627992, "ENV_Test_proba_accuracy_strategy_107_epoch3": 0.824326989275543, "ENV_Test_proba_accuracy_strategy_43_epoch3": 0.763116995578042, "ENV_Test_proba_accuracy_strategy_17_epoch3": 0.7404177231003458, "ENV_Test_proba_accuracy_strategy_93_epoch3": 0.7671838626673861, "ENV_Test_proba_accuracy_per_mean_strategy_epoch3": 0.7800143459303642, "ENV_Test_proba_accuracy_per_mean_user_epoch3": 0.7815549000509293, "ENV_Test_proba_accuracy_per_mean_user_and_bot_epoch3": 0.799983724378642, "ENV_Test_accuracy_epoch3": 0.808448, "ENV_Test_accuracy_strategy_132_epoch3": 0.8583569405099151, "ENV_Test_accuracy_strategy_23_epoch3": 0.8099854580707707, "ENV_Test_accuracy_strategy_107_epoch3": 0.8637110016420362, "ENV_Test_accuracy_strategy_43_epoch3": 0.8097964376590331, "ENV_Test_accuracy_strategy_17_epoch3": 0.7763157894736842, "ENV_Test_accuracy_strategy_93_epoch3": 0.8160813308687616, "ENV_Test_accuracy_per_mean_strategy_epoch3": 0.8223744930373668, "ENV_Test_accuracy_per_mean_user_epoch3": 0.8206898218373938, "ENV_Test_accuracy_per_mean_user_and_bot_epoch3": 0.8420840752020771, "ENV_Train_TotalLoss_epoch4": 792.2724867101812, "ENV_Train_Right action_epoch4": 0.8383787561146052, "ENV_Train_Probability to choose the right action_epoch4": 0.775927133975007, "ENV_Train_Weighted right action_epoch4": 0.8383787561146052, "ENV_Train_Weighted probability to choose the right action:_epoch4": 0.775927133975007, "ENV_Test_TotalLoss_epoch4": 219.16752782756552, "ENV_Test_Right action_epoch4": 0.805568, "ENV_Test_Probability to choose the right action_epoch4": 0.7597305630715154, "ENV_Test_Weighted right action_epoch4": 0.840665115292848, "ENV_Test_Weighted probability to choose the right action:_epoch4": 0.7917879590981733, "ENV_Test_proba_accuracy_epoch4": 0.759730563071516, "ENV_Test_proba_accuracy_strategy_132_epoch4": 0.8055925704090903, "ENV_Test_proba_accuracy_strategy_23_epoch4": 0.7626466824782919, "ENV_Test_proba_accuracy_strategy_107_epoch4": 0.8145328635248368, "ENV_Test_proba_accuracy_strategy_43_epoch4": 0.7541136239211657, "ENV_Test_proba_accuracy_strategy_17_epoch4": 0.7315785579359475, "ENV_Test_proba_accuracy_strategy_93_epoch4": 0.7602434651477725, "ENV_Test_proba_accuracy_per_mean_strategy_epoch4": 0.7714512939028507, "ENV_Test_proba_accuracy_per_mean_user_epoch4": 0.773515277473607, "ENV_Test_proba_accuracy_per_mean_user_and_bot_epoch4": 0.7917879590981728, "ENV_Test_accuracy_epoch4": 0.805568, "ENV_Test_accuracy_strategy_132_epoch4": 0.8487252124645892, "ENV_Test_accuracy_strategy_23_epoch4": 0.8096623040878979, "ENV_Test_accuracy_strategy_107_epoch4": 0.8702791461412152, "ENV_Test_accuracy_strategy_43_epoch4": 0.8085241730279898, "ENV_Test_accuracy_strategy_17_epoch4": 0.7699637023593466, "ENV_Test_accuracy_strategy_93_epoch4": 0.8160813308687616, "ENV_Test_accuracy_per_mean_strategy_epoch4": 0.8205393114916334, "ENV_Test_accuracy_per_mean_user_epoch4": 0.8205799556494072, "ENV_Test_accuracy_per_mean_user_and_bot_epoch4": 0.8406651152928485, "ENV_Train_TotalLoss_epoch5": 764.9361692144214, "ENV_Train_Right action_epoch5": 0.8439033254588406, "ENV_Train_Probability to choose the right action_epoch5": 0.7841657263632006, "ENV_Train_Weighted right action_epoch5": 0.8439033254588406, "ENV_Train_Weighted probability to choose the right action:_epoch5": 0.7841657263632006, "ENV_Test_TotalLoss_epoch5": 226.45161338736528, "ENV_Test_Right action_epoch5": 0.806272, "ENV_Test_Probability to choose the right action_epoch5": 0.7633640762328014, "ENV_Test_Weighted right action_epoch5": 0.8388273386728983, "ENV_Test_Weighted probability to choose the right action:_epoch5": 0.7903539816700905, "ENV_Test_proba_accuracy_epoch5": 0.763364076232802, "ENV_Test_proba_accuracy_strategy_132_epoch5": 0.806305375504711, "ENV_Test_proba_accuracy_strategy_23_epoch5": 0.7702704737380162, "ENV_Test_proba_accuracy_strategy_107_epoch5": 0.8128585613046821, "ENV_Test_proba_accuracy_strategy_43_epoch5": 0.7536128709428553, "ENV_Test_proba_accuracy_strategy_17_epoch5": 0.7355849556089185, "ENV_Test_proba_accuracy_strategy_93_epoch5": 0.7532920149041605, "ENV_Test_proba_accuracy_per_mean_strategy_epoch5": 0.7719873753338907, "ENV_Test_proba_accuracy_per_mean_user_epoch5": 0.7746602611846302, "ENV_Test_proba_accuracy_per_mean_user_and_bot_epoch5": 0.7903539816700911, "ENV_Test_accuracy_epoch5": 0.806272, "ENV_Test_accuracy_strategy_132_epoch5": 0.8487252124645892, "ENV_Test_accuracy_strategy_23_epoch5": 0.8116012279851349, "ENV_Test_accuracy_strategy_107_epoch5": 0.8669950738916257, "ENV_Test_accuracy_strategy_43_epoch5": 0.8040712468193384, "ENV_Test_accuracy_strategy_17_epoch5": 0.7749546279491834, "ENV_Test_accuracy_strategy_93_epoch5": 0.8031423290203327, "ENV_Test_accuracy_per_mean_strategy_epoch5": 0.818248286355034, "ENV_Test_accuracy_per_mean_user_epoch5": 0.817946982877771, "ENV_Test_accuracy_per_mean_user_and_bot_epoch5": 0.8388273386728989, "ENV_Train_TotalLoss_epoch6": 729.920713385386, "ENV_Train_Right action_epoch6": 0.8518798043326345, "ENV_Train_Probability to choose the right action_epoch6": 0.7946079998211351, "ENV_Train_Weighted right action_epoch6": 0.8518798043326345, "ENV_Train_Weighted probability to choose the right action:_epoch6": 0.7946079998211351, "ENV_Test_TotalLoss_epoch6": 240.39055976492273, "ENV_Test_Right action_epoch6": 0.806656, "ENV_Test_Probability to choose the right action_epoch6": 0.7743922084415642, "ENV_Test_Weighted right action_epoch6": 0.8373305961638888, "ENV_Test_Weighted probability to choose the right action:_epoch6": 0.8035154940306447, "ENV_Test_proba_accuracy_epoch6": 0.7743922084415641, "ENV_Test_proba_accuracy_strategy_132_epoch6": 0.8127430487048458, "ENV_Test_proba_accuracy_strategy_23_epoch6": 0.7801617217939468, "ENV_Test_proba_accuracy_strategy_107_epoch6": 0.8335592415741077, "ENV_Test_proba_accuracy_strategy_43_epoch6": 0.7687542953325098, "ENV_Test_proba_accuracy_strategy_17_epoch6": 0.745136477007579, "ENV_Test_proba_accuracy_strategy_93_epoch6": 0.772906616193996, "ENV_Test_proba_accuracy_per_mean_strategy_epoch6": 0.7855435667678309, "ENV_Test_proba_accuracy_per_mean_user_epoch6": 0.7856105271516085, "ENV_Test_proba_accuracy_per_mean_user_and_bot_epoch6": 0.8035154940306447, "ENV_Test_accuracy_epoch6": 0.806656, "ENV_Test_accuracy_strategy_132_epoch6": 0.8368271954674221, "ENV_Test_accuracy_strategy_23_epoch6": 0.8169332687025368, "ENV_Test_accuracy_strategy_107_epoch6": 0.8702791461412152, "ENV_Test_accuracy_strategy_43_epoch6": 0.80470737913486, "ENV_Test_accuracy_strategy_17_epoch6": 0.771551724137931, "ENV_Test_accuracy_strategy_93_epoch6": 0.8086876155268022, "ENV_Test_accuracy_per_mean_strategy_epoch6": 0.8181643881851279, "ENV_Test_accuracy_per_mean_user_epoch6": 0.8166513624423346, "ENV_Test_accuracy_per_mean_user_and_bot_epoch6": 0.8373305961638898, "ENV_Train_TotalLoss_epoch7": 703.5067820737326, "ENV_Train_Right action_epoch7": 0.8571169005422933, "ENV_Train_Probability to choose the right action_epoch7": 0.802038018811797, "ENV_Train_Weighted right action_epoch7": 0.8571169005422933, "ENV_Train_Weighted probability to choose the right action:_epoch7": 0.802038018811797, "ENV_Test_TotalLoss_epoch7": 255.52834064961303, "ENV_Test_Right action_epoch7": 0.812672, "ENV_Test_Probability to choose the right action_epoch7": 0.7808743663561678, "ENV_Test_Weighted right action_epoch7": 0.8400153889014659, "ENV_Test_Weighted probability to choose the right action:_epoch7": 0.8087714146629192, "ENV_Test_proba_accuracy_epoch7": 0.7808743663561681, "ENV_Test_proba_accuracy_strategy_132_epoch7": 0.8240526064684969, "ENV_Test_proba_accuracy_strategy_23_epoch7": 0.7866589566466393, "ENV_Test_proba_accuracy_strategy_107_epoch7": 0.8419535610153307, "ENV_Test_proba_accuracy_strategy_43_epoch7": 0.7728085132861305, "ENV_Test_proba_accuracy_strategy_17_epoch7": 0.75114087302077, "ENV_Test_proba_accuracy_strategy_93_epoch7": 0.7758254818784585, "ENV_Test_proba_accuracy_per_mean_strategy_epoch7": 0.7920733320526376, "ENV_Test_proba_accuracy_per_mean_user_epoch7": 0.7921714570170176, "ENV_Test_proba_accuracy_per_mean_user_and_bot_epoch7": 0.8087714146629199, "ENV_Test_accuracy_epoch7": 0.812672, "ENV_Test_accuracy_strategy_132_epoch7": 0.8504249291784702, "ENV_Test_accuracy_strategy_23_epoch7": 0.8198416545483923, "ENV_Test_accuracy_strategy_107_epoch7": 0.8784893267651889, "ENV_Test_accuracy_strategy_43_epoch7": 0.8059796437659033, "ENV_Test_accuracy_strategy_17_epoch7": 0.7815335753176044, "ENV_Test_accuracy_strategy_93_epoch7": 0.8096118299445472, "ENV_Test_accuracy_per_mean_strategy_epoch7": 0.8243134932533511, "ENV_Test_accuracy_per_mean_user_epoch7": 0.8235219740091099, "ENV_Test_accuracy_per_mean_user_and_bot_epoch7": 0.8400153889014645, "ENV_Train_TotalLoss_epoch8": 673.4337876660451, "ENV_Train_Right action_epoch8": 0.8641071154034298, "ENV_Train_Probability to choose the right action_epoch8": 0.8109406544718729, "ENV_Train_Weighted right action_epoch8": 0.8641071154034298, "ENV_Train_Weighted probability to choose the right action:_epoch8": 0.8109406544718729, "ENV_Test_TotalLoss_epoch8": 250.62044169095861, "ENV_Test_Right action_epoch8": 0.807552, "ENV_Test_Probability to choose the right action_epoch8": 0.7765640302242418, "ENV_Test_Weighted right action_epoch8": 0.836298499370101, "ENV_Test_Weighted probability to choose the right action:_epoch8": 0.8040930171453629, "ENV_Test_proba_accuracy_epoch8": 0.7765640302242415, "ENV_Test_proba_accuracy_strategy_132_epoch8": 0.8175694980998193, "ENV_Test_proba_accuracy_strategy_23_epoch8": 0.7840569533580583, "ENV_Test_proba_accuracy_strategy_107_epoch8": 0.8282926247561434, "ENV_Test_proba_accuracy_strategy_43_epoch8": 0.7641443670775323, "ENV_Test_proba_accuracy_strategy_17_epoch8": 0.7477423384805952, "ENV_Test_proba_accuracy_strategy_93_epoch8": 0.7731616841309913, "ENV_Test_proba_accuracy_per_mean_strategy_epoch8": 0.7858279109838566, "ENV_Test_proba_accuracy_per_mean_user_epoch8": 0.7884038681498927, "ENV_Test_proba_accuracy_per_mean_user_and_bot_epoch8": 0.8040930171453626, "ENV_Test_accuracy_epoch8": 0.807552, "ENV_Test_accuracy_strategy_132_epoch8": 0.8498583569405099, "ENV_Test_accuracy_strategy_23_epoch8": 0.8133785748909356, "ENV_Test_accuracy_strategy_107_epoch8": 0.8637110016420362, "ENV_Test_accuracy_strategy_43_epoch8": 0.7989821882951654, "ENV_Test_accuracy_strategy_17_epoch8": 0.7781306715063521, "ENV_Test_accuracy_strategy_93_epoch8": 0.8059149722735675, "ENV_Test_accuracy_per_mean_strategy_epoch8": 0.8183292942580945, "ENV_Test_accuracy_per_mean_user_epoch8": 0.8194493097250419, "ENV_Test_accuracy_per_mean_user_and_bot_epoch8": 0.8362984993701006, "ENV_Train_TotalLoss_epoch9": 647.9779734653267, "ENV_Train_Right action_epoch9": 0.870010063737001, "ENV_Train_Probability to choose the right action_epoch9": 0.8177553675965054, "ENV_Train_Weighted right action_epoch9": 0.870010063737001, "ENV_Train_Weighted probability to choose the right action:_epoch9": 0.8177553675965054, "ENV_Test_TotalLoss_epoch9": 266.35684433837866, "ENV_Test_Right action_epoch9": 0.805888, "ENV_Test_Probability to choose the right action_epoch9": 0.7810354953548109, "ENV_Test_Weighted right action_epoch9": 0.8364686969249111, "ENV_Test_Weighted probability to choose the right action:_epoch9": 0.810456439440381, "ENV_Test_proba_accuracy_epoch9": 0.781035495354811, "ENV_Test_proba_accuracy_strategy_132_epoch9": 0.8216295858513448, "ENV_Test_proba_accuracy_strategy_23_epoch9": 0.788077670416715, "ENV_Test_proba_accuracy_strategy_107_epoch9": 0.8434779823723391, "ENV_Test_proba_accuracy_strategy_43_epoch9": 0.7666215969430913, "ENV_Test_proba_accuracy_strategy_17_epoch9": 0.7530384594767944, "ENV_Test_proba_accuracy_strategy_93_epoch9": 0.7743899469956059, "ENV_Test_proba_accuracy_per_mean_strategy_epoch9": 0.7912058736759816, "ENV_Test_proba_accuracy_per_mean_user_epoch9": 0.7925598922916426, "ENV_Test_proba_accuracy_per_mean_user_and_bot_epoch9": 0.8104564394403813, "ENV_Test_accuracy_epoch9": 0.805888, "ENV_Test_accuracy_strategy_132_epoch9": 0.8430594900849858, "ENV_Test_accuracy_strategy_23_epoch9": 0.8161253837453547, "ENV_Test_accuracy_strategy_107_epoch9": 0.8702791461412152, "ENV_Test_accuracy_strategy_43_epoch9": 0.7900763358778626, "ENV_Test_accuracy_strategy_17_epoch9": 0.7745009074410163, "ENV_Test_accuracy_strategy_93_epoch9": 0.8012939001848429, "ENV_Test_accuracy_per_mean_strategy_epoch9": 0.8158891939125463, "ENV_Test_accuracy_per_mean_user_epoch9": 0.8163964011040905, "ENV_Test_accuracy_per_mean_user_and_bot_epoch9": 0.8364686969249109, "ENV_Train_TotalLoss_epoch10": 626.8024977896132, "ENV_Train_Right action_epoch10": 0.8759852423276874, "ENV_Train_Probability to choose the right action_epoch10": 0.8246752037971418, "ENV_Train_Weighted right action_epoch10": 0.8759852423276874, "ENV_Train_Weighted probability to choose the right action:_epoch10": 0.8246752037971418, "ENV_Test_TotalLoss_epoch10": 285.80869941332514, "ENV_Test_Right action_epoch10": 0.802688, "ENV_Test_Probability to choose the right action_epoch10": 0.7753196608460998, "ENV_Test_Weighted right action_epoch10": 0.8278652098419119, "ENV_Test_Weighted probability to choose the right action:_epoch10": 0.8033312835529696, "ENV_Test_proba_accuracy_epoch10": 0.7753196608460999, "ENV_Test_proba_accuracy_strategy_132_epoch10": 0.8125939620338607, "ENV_Test_proba_accuracy_strategy_23_epoch10": 0.7827538627084987, "ENV_Test_proba_accuracy_strategy_107_epoch10": 0.8413439934389798, "ENV_Test_proba_accuracy_strategy_43_epoch10": 0.7617505742963091, "ENV_Test_proba_accuracy_strategy_17_epoch10": 0.7464881537140304, "ENV_Test_proba_accuracy_strategy_93_epoch10": 0.7720032579094899, "ENV_Test_proba_accuracy_per_mean_strategy_epoch10": 0.7861556340168615, "ENV_Test_proba_accuracy_per_mean_user_epoch10": 0.786183080230813, "ENV_Test_proba_accuracy_per_mean_user_and_bot_epoch10": 0.80333128355297, "ENV_Test_accuracy_epoch10": 0.802688, "ENV_Test_accuracy_strategy_132_epoch10": 0.8362606232294617, "ENV_Test_accuracy_strategy_23_epoch10": 0.8132169978994991, "ENV_Test_accuracy_strategy_107_epoch10": 0.8653530377668309, "ENV_Test_accuracy_strategy_43_epoch10": 0.7830788804071247, "ENV_Test_accuracy_strategy_17_epoch10": 0.7740471869328494, "ENV_Test_accuracy_strategy_93_epoch10": 0.7975970425138632, "ENV_Test_accuracy_per_mean_strategy_epoch10": 0.8115922947916049, "ENV_Test_accuracy_per_mean_user_epoch10": 0.8121831655986033, "ENV_Test_accuracy_per_mean_user_and_bot_epoch10": 0.8278652098419115, "ENV_Train_TotalLoss_epoch11": 607.6933116567916, "ENV_Train_Right action_epoch11": 0.8788505618605691, "ENV_Train_Probability to choose the right action_epoch11": 0.8307008117675563, "ENV_Train_Weighted right action_epoch11": 0.8788505618605691, "ENV_Train_Weighted probability to choose the right action:_epoch11": 0.8307008117675563, "ENV_Test_TotalLoss_epoch11": 273.1629502634178, "ENV_Test_Right action_epoch11": 0.806272, "ENV_Test_Probability to choose the right action_epoch11": 0.7799072813796194, "ENV_Test_Weighted right action_epoch11": 0.8306490300179823, "ENV_Test_Weighted probability to choose the right action:_epoch11": 0.8062172254842639, "ENV_Test_proba_accuracy_epoch11": 0.7799072813796195, "ENV_Test_proba_accuracy_strategy_132_epoch11": 0.8197030750907472, "ENV_Test_proba_accuracy_strategy_23_epoch11": 0.7885367050950302, "ENV_Test_proba_accuracy_strategy_107_epoch11": 0.8423685951700214, "ENV_Test_proba_accuracy_strategy_43_epoch11": 0.764538327398015, "ENV_Test_proba_accuracy_strategy_17_epoch11": 0.749667977550064, "ENV_Test_proba_accuracy_strategy_93_epoch11": 0.7759967708126985, "ENV_Test_proba_accuracy_per_mean_strategy_epoch11": 0.7901352418527626, "ENV_Test_proba_accuracy_per_mean_user_epoch11": 0.789988519814475, "ENV_Test_proba_accuracy_per_mean_user_and_bot_epoch11": 0.806217225484264, "ENV_Test_accuracy_epoch11": 0.806272, "ENV_Test_accuracy_strategy_132_epoch11": 0.8396600566572238, "ENV_Test_accuracy_strategy_23_epoch11": 0.8179027306511553, "ENV_Test_accuracy_strategy_107_epoch11": 0.8686371100164204, "ENV_Test_accuracy_strategy_43_epoch11": 0.7977099236641222, "ENV_Test_accuracy_strategy_17_epoch11": 0.7724591651542649, "ENV_Test_accuracy_strategy_93_epoch11": 0.800369685767098, "ENV_Test_accuracy_per_mean_strategy_epoch11": 0.8161231119850475, "ENV_Test_accuracy_per_mean_user_epoch11": 0.8146256723676568, "ENV_Test_accuracy_per_mean_user_and_bot_epoch11": 0.8306490300179827, "ENV_Train_TotalLoss_epoch12": 572.4526303838682, "ENV_Train_Right action_epoch12": 0.8859195482626562, "ENV_Train_Probability to choose the right action_epoch12": 0.8401420171729365, "ENV_Train_Weighted right action_epoch12": 0.8859195482626562, "ENV_Train_Weighted probability to choose the right action:_epoch12": 0.8401420171729365, "ENV_Test_TotalLoss_epoch12": 325.22750401531306, "ENV_Test_Right action_epoch12": 0.798528, "ENV_Test_Probability to choose the right action_epoch12": 0.7786045208433231, "ENV_Test_Weighted right action_epoch12": 0.822489944942935, "ENV_Test_Weighted probability to choose the right action:_epoch12": 0.8032735608652858, "ENV_Test_proba_accuracy_epoch12": 0.7786045208433238, "ENV_Test_proba_accuracy_strategy_132_epoch12": 0.817211863985235, "ENV_Test_proba_accuracy_strategy_23_epoch12": 0.786072916742708, "ENV_Test_proba_accuracy_strategy_107_epoch12": 0.8300055553177613, "ENV_Test_proba_accuracy_strategy_43_epoch12": 0.7688124028307646, "ENV_Test_proba_accuracy_strategy_17_epoch12": 0.7500640919724876, "ENV_Test_proba_accuracy_strategy_93_epoch12": 0.7744754331508057, "ENV_Test_proba_accuracy_per_mean_strategy_epoch12": 0.787773710666627, "ENV_Test_proba_accuracy_per_mean_user_epoch12": 0.7897012623234954, "ENV_Test_proba_accuracy_per_mean_user_and_bot_epoch12": 0.8032735608652849, "ENV_Test_accuracy_epoch12": 0.798528, "ENV_Test_accuracy_strategy_132_epoch12": 0.8328611898016998, "ENV_Test_accuracy_strategy_23_epoch12": 0.8088544191307158, "ENV_Test_accuracy_strategy_107_epoch12": 0.8472906403940886, "ENV_Test_accuracy_strategy_43_epoch12": 0.7938931297709924, "ENV_Test_accuracy_strategy_17_epoch12": 0.7679219600725953, "ENV_Test_accuracy_strategy_93_epoch12": 0.7874306839186691, "ENV_Test_accuracy_per_mean_strategy_epoch12": 0.8063753371814603, "ENV_Test_accuracy_per_mean_user_epoch12": 0.8087805341870238, "ENV_Test_accuracy_per_mean_user_and_bot_epoch12": 0.822489944942935, "ENV_Train_TotalLoss_epoch13": 553.2523029323057, "ENV_Train_Right action_epoch13": 0.8910943681069067, "ENV_Train_Probability to choose the right action_epoch13": 0.8458252691136932, "ENV_Train_Weighted right action_epoch13": 0.8910943681069067, "ENV_Train_Weighted probability to choose the right action:_epoch13": 0.8458252691136932, "ENV_Test_TotalLoss_epoch13": 301.79872627080783, "ENV_Test_Right action_epoch13": 0.799616, "ENV_Test_Probability to choose the right action_epoch13": 0.7747189314358659, "ENV_Test_Weighted right action_epoch13": 0.8229444342647252, "ENV_Test_Weighted probability to choose the right action:_epoch13": 0.7971402967150862, "ENV_Test_proba_accuracy_epoch13": 0.7747189314358666, "ENV_Test_proba_accuracy_strategy_132_epoch13": 0.8108453384827629, "ENV_Test_proba_accuracy_strategy_23_epoch13": 0.7825204896759234, "ENV_Test_proba_accuracy_strategy_107_epoch13": 0.8231800826936385, "ENV_Test_proba_accuracy_strategy_43_epoch13": 0.7614608159499269, "ENV_Test_proba_accuracy_strategy_17_epoch13": 0.7464043323187204, "ENV_Test_proba_accuracy_strategy_93_epoch13": 0.7785014794495532, "ENV_Test_proba_accuracy_per_mean_strategy_epoch13": 0.7838187564284209, "ENV_Test_proba_accuracy_per_mean_user_epoch13": 0.7850587876933213, "ENV_Test_proba_accuracy_per_mean_user_and_bot_epoch13": 0.7971402967150858, "ENV_Test_accuracy_epoch13": 0.799616, "ENV_Test_accuracy_strategy_132_epoch13": 0.8351274787535411, "ENV_Test_accuracy_strategy_23_epoch13": 0.8074002262077881, "ENV_Test_accuracy_strategy_107_epoch13": 0.8489326765188834, "ENV_Test_accuracy_strategy_43_epoch13": 0.7856234096692112, "ENV_Test_accuracy_strategy_17_epoch13": 0.770644283121597, "ENV_Test_accuracy_strategy_93_epoch13": 0.8077634011090573, "ENV_Test_accuracy_per_mean_strategy_epoch13": 0.8092485792300129, "ENV_Test_accuracy_per_mean_user_epoch13": 0.8100492612375263, "ENV_Test_accuracy_per_mean_user_and_bot_epoch13": 0.822944434264726, "ENV_Train_TotalLoss_epoch14": 530.0161509271325, "ENV_Train_Right action_epoch14": 0.8956053936980367, "ENV_Train_Probability to choose the right action_epoch14": 0.8525425876800456, "ENV_Train_Weighted right action_epoch14": 0.8956053936980367, "ENV_Train_Weighted probability to choose the right action:_epoch14": 0.8525425876800456, "ENV_Test_TotalLoss_epoch14": 341.8733736684879, "ENV_Test_Right action_epoch14": 0.796672, "ENV_Test_Probability to choose the right action_epoch14": 0.7749209968088956, "ENV_Test_Weighted right action_epoch14": 0.8227431067759546, "ENV_Test_Weighted probability to choose the right action:_epoch14": 0.801230808654453, "ENV_Test_proba_accuracy_epoch14": 0.7749209968088963, "ENV_Test_proba_accuracy_strategy_132_epoch14": 0.8117902080815246, "ENV_Test_proba_accuracy_strategy_23_epoch14": 0.7809422907905426, "ENV_Test_proba_accuracy_strategy_107_epoch14": 0.8258355843799485, "ENV_Test_proba_accuracy_strategy_43_epoch14": 0.7614576859429959, "ENV_Test_proba_accuracy_strategy_17_epoch14": 0.7489065704848235, "ENV_Test_proba_accuracy_strategy_93_epoch14": 0.7772213533138321, "ENV_Test_proba_accuracy_per_mean_strategy_epoch14": 0.7843589488322779, "ENV_Test_proba_accuracy_per_mean_user_epoch14": 0.786192679773216, "ENV_Test_proba_accuracy_per_mean_user_and_bot_epoch14": 0.8012308086544535, "ENV_Test_accuracy_epoch14": 0.796672, "ENV_Test_accuracy_strategy_132_epoch14": 0.8254957507082153, "ENV_Test_accuracy_strategy_23_epoch14": 0.8036839554047503, "ENV_Test_accuracy_strategy_107_epoch14": 0.8522167487684729, "ENV_Test_accuracy_strategy_43_epoch14": 0.7830788804071247, "ENV_Test_accuracy_strategy_17_epoch14": 0.772912885662432, "ENV_Test_accuracy_strategy_93_epoch14": 0.7948243992606284, "ENV_Test_accuracy_per_mean_strategy_epoch14": 0.8053687700352707, "ENV_Test_accuracy_per_mean_user_epoch14": 0.8084865403582702, "ENV_Test_accuracy_per_mean_user_and_bot_epoch14": 0.8227431067759546, "ENV_Train_TotalLoss_epoch15": 504.86395458835347, "ENV_Train_Right action_epoch15": 0.9002222563916186, "ENV_Train_Probability to choose the right action_epoch15": 0.8596390176805773, "ENV_Train_Weighted right action_epoch15": 0.9002222563916186, "ENV_Train_Weighted probability to choose the right action:_epoch15": 0.8596390176805773, "ENV_Test_TotalLoss_epoch15": 364.42022890095313, "ENV_Test_Right action_epoch15": 0.797376, "ENV_Test_Probability to choose the right action_epoch15": 0.7771999745043067, "ENV_Test_Weighted right action_epoch15": 0.8194333273126457, "ENV_Test_Weighted probability to choose the right action:_epoch15": 0.8010114285250088, "ENV_Test_proba_accuracy_epoch15": 0.7771999745043062, "ENV_Test_proba_accuracy_strategy_132_epoch15": 0.8105736747634961, "ENV_Test_proba_accuracy_strategy_23_epoch15": 0.7862952450401467, "ENV_Test_proba_accuracy_strategy_107_epoch15": 0.8271021924528389, "ENV_Test_proba_accuracy_strategy_43_epoch15": 0.762066832105751, "ENV_Test_proba_accuracy_strategy_17_epoch15": 0.7479355521218073, "ENV_Test_proba_accuracy_strategy_93_epoch15": 0.7838554390866905, "ENV_Test_proba_accuracy_per_mean_strategy_epoch15": 0.7863048225951217, "ENV_Test_proba_accuracy_per_mean_user_epoch15": 0.7874401296311542, "ENV_Test_proba_accuracy_per_mean_user_and_bot_epoch15": 0.8010114285250088, "ENV_Test_accuracy_epoch15": 0.797376, "ENV_Test_accuracy_strategy_132_epoch15": 0.8237960339943343, "ENV_Test_accuracy_strategy_23_epoch15": 0.8074002262077881, "ENV_Test_accuracy_strategy_107_epoch15": 0.8472906403940886, "ENV_Test_accuracy_strategy_43_epoch15": 0.7818066157760815, "ENV_Test_accuracy_strategy_17_epoch15": 0.7697368421052632, "ENV_Test_accuracy_strategy_93_epoch15": 0.8040665434380776, "ENV_Test_accuracy_per_mean_strategy_epoch15": 0.8056828169859389, "ENV_Test_accuracy_per_mean_user_epoch15": 0.8073161582202784, "ENV_Test_accuracy_per_mean_user_and_bot_epoch15": 0.8194333273126457, "ENV_Train_TotalLoss_epoch16": 490.3417831383206, "ENV_Train_Right action_epoch16": 0.9041947973889098, "ENV_Train_Probability to choose the right action_epoch16": 0.864273629654811, "ENV_Train_Weighted right action_epoch16": 0.9041947973889098, "ENV_Train_Weighted probability to choose the right action:_epoch16": 0.864273629654811, "ENV_Test_TotalLoss_epoch16": 411.03124982621193, "ENV_Test_Right action_epoch16": 0.79872, "ENV_Test_Probability to choose the right action_epoch16": 0.7845419004429328, "ENV_Test_Weighted right action_epoch16": 0.8263814575674768, "ENV_Test_Weighted probability to choose the right action:_epoch16": 0.8119796111890573, "ENV_Test_proba_accuracy_epoch16": 0.7845419004429314, "ENV_Test_proba_accuracy_strategy_132_epoch16": 0.8210762011661158, "ENV_Test_proba_accuracy_strategy_23_epoch16": 0.7904760903432375, "ENV_Test_proba_accuracy_strategy_107_epoch16": 0.8360998528265333, "ENV_Test_proba_accuracy_strategy_43_epoch16": 0.7729498955455877, "ENV_Test_proba_accuracy_strategy_17_epoch16": 0.7578990689069457, "ENV_Test_proba_accuracy_strategy_93_epoch16": 0.7873660206261283, "ENV_Test_proba_accuracy_per_mean_strategy_epoch16": 0.7943111882357581, "ENV_Test_proba_accuracy_per_mean_user_epoch16": 0.7943650694812998, "ENV_Test_proba_accuracy_per_mean_user_and_bot_epoch16": 0.8119796111890587, "ENV_Test_accuracy_epoch16": 0.79872, "ENV_Test_accuracy_strategy_132_epoch16": 0.8305949008498583, "ENV_Test_accuracy_strategy_23_epoch16": 0.8062691872677331, "ENV_Test_accuracy_strategy_107_epoch16": 0.8440065681444991, "ENV_Test_accuracy_strategy_43_epoch16": 0.789440203562341, "ENV_Test_accuracy_strategy_17_epoch16": 0.7724591651542649, "ENV_Test_accuracy_strategy_93_epoch16": 0.7985212569316081, "ENV_Test_accuracy_per_mean_strategy_epoch16": 0.8068818803183841, "ENV_Test_accuracy_per_mean_user_epoch16": 0.8088497550160744, "ENV_Test_accuracy_per_mean_user_and_bot_epoch16": 0.8263814575674768, "ENV_Train_TotalLoss_epoch17": 478.80681894546325, "ENV_Train_Right action_epoch17": 0.9057437202085575, "ENV_Train_Probability to choose the right action_epoch17": 0.8676787560089377, "ENV_Train_Weighted right action_epoch17": 0.9057437202085575, "ENV_Train_Weighted probability to choose the right action:_epoch17": 0.8676787560089377, "ENV_Test_TotalLoss_epoch17": 389.6573734384083, "ENV_Test_Right action_epoch17": 0.7984, "ENV_Test_Probability to choose the right action_epoch17": 0.7807348367136676, "ENV_Test_Weighted right action_epoch17": 0.821571429054002, "ENV_Test_Weighted probability to choose the right action:_epoch17": 0.8012493840065361, "ENV_Test_proba_accuracy_epoch17": 0.7807348367136677, "ENV_Test_proba_accuracy_strategy_132_epoch17": 0.813332209388959, "ENV_Test_proba_accuracy_strategy_23_epoch17": 0.7891171461429991, "ENV_Test_proba_accuracy_strategy_107_epoch17": 0.822852571363997, "ENV_Test_proba_accuracy_strategy_43_epoch17": 0.7683186820216101, "ENV_Test_proba_accuracy_strategy_17_epoch17": 0.7553502891830726, "ENV_Test_proba_accuracy_strategy_93_epoch17": 0.7773624748455576, "ENV_Test_proba_accuracy_per_mean_strategy_epoch17": 0.7877222288243658, "ENV_Test_proba_accuracy_per_mean_user_epoch17": 0.7895255445654692, "ENV_Test_proba_accuracy_per_mean_user_and_bot_epoch17": 0.801249384006537, "ENV_Test_accuracy_epoch17": 0.7984, "ENV_Test_accuracy_strategy_132_epoch17": 0.8288951841359773, "ENV_Test_accuracy_strategy_23_epoch17": 0.8062691872677331, "ENV_Test_accuracy_strategy_107_epoch17": 0.8423645320197044, "ENV_Test_accuracy_strategy_43_epoch17": 0.7970737913486005, "ENV_Test_accuracy_strategy_17_epoch17": 0.7713248638838476, "ENV_Test_accuracy_strategy_93_epoch17": 0.7911275415896488, "ENV_Test_accuracy_per_mean_strategy_epoch17": 0.8061758500409187, "ENV_Test_accuracy_per_mean_user_epoch17": 0.808962806405486, "ENV_Test_accuracy_per_mean_user_and_bot_epoch17": 0.821571429054003, "ENV_Train_TotalLoss_epoch18": 457.006092113936, "ENV_Train_Right action_epoch18": 0.9110576923076923, "ENV_Train_Probability to choose the right action_epoch18": 0.8740501279776509, "ENV_Train_Weighted right action_epoch18": 0.9110576923076923, "ENV_Train_Weighted probability to choose the right action:_epoch18": 0.8740501279776509, "ENV_Test_TotalLoss_epoch18": 339.6981653248208, "ENV_Test_Right action_epoch18": 0.79744, "ENV_Test_Probability to choose the right action_epoch18": 0.7745272548142447, "ENV_Test_Weighted right action_epoch18": 0.8195415804951974, "ENV_Test_Weighted probability to choose the right action:_epoch18": 0.7973468509706542, "ENV_Test_proba_accuracy_epoch18": 0.7745272548142457, "ENV_Test_proba_accuracy_strategy_132_epoch18": 0.8114609174703307, "ENV_Test_proba_accuracy_strategy_23_epoch18": 0.7830275058813728, "ENV_Test_proba_accuracy_strategy_107_epoch18": 0.814374534991733, "ENV_Test_proba_accuracy_strategy_43_epoch18": 0.7595103437282922, "ENV_Test_proba_accuracy_strategy_17_epoch18": 0.7480842547676521, "ENV_Test_proba_accuracy_strategy_93_epoch18": 0.7727752828752198, "ENV_Test_proba_accuracy_per_mean_strategy_epoch18": 0.7815388066191001, "ENV_Test_proba_accuracy_per_mean_user_epoch18": 0.7835681411012073, "ENV_Test_proba_accuracy_per_mean_user_and_bot_epoch18": 0.7973468509706542, "ENV_Test_accuracy_epoch18": 0.79744, "ENV_Test_accuracy_strategy_132_epoch18": 0.8288951841359773, "ENV_Test_accuracy_strategy_23_epoch18": 0.8088544191307158, "ENV_Test_accuracy_strategy_107_epoch18": 0.8325123152709359, "ENV_Test_accuracy_strategy_43_epoch18": 0.7798982188295165, "ENV_Test_accuracy_strategy_17_epoch18": 0.7717785843920145, "ENV_Test_accuracy_strategy_93_epoch18": 0.7911275415896488, "ENV_Test_accuracy_per_mean_strategy_epoch18": 0.8021777105581348, "ENV_Test_accuracy_per_mean_user_epoch18": 0.806030166518401, "ENV_Test_accuracy_per_mean_user_and_bot_epoch18": 0.8195415804951978, "ENV_Train_TotalLoss_epoch19": 442.3851244934932, "ENV_Train_Right action_epoch19": 0.9148168856583729, "ENV_Train_Probability to choose the right action_epoch19": 0.878644505760143, "ENV_Train_Weighted right action_epoch19": 0.9148168856583729, "ENV_Train_Weighted probability to choose the right action:_epoch19": 0.878644505760143, "ENV_Test_TotalLoss_epoch19": 394.3192086038822, "ENV_Test_Right action_epoch19": 0.792064, "ENV_Test_Probability to choose the right action_epoch19": 0.7740185980646384, "ENV_Test_Weighted right action_epoch19": 0.8157607261509248, "ENV_Test_Weighted probability to choose the right action:_epoch19": 0.7980095376031143, "ENV_Test_proba_accuracy_epoch19": 0.774018598064638, "ENV_Test_proba_accuracy_strategy_132_epoch19": 0.8127780658668271, "ENV_Test_proba_accuracy_strategy_23_epoch19": 0.7833315629788439, "ENV_Test_proba_accuracy_strategy_107_epoch19": 0.8270624306186684, "ENV_Test_proba_accuracy_strategy_43_epoch19": 0.7612911557582144, "ENV_Test_proba_accuracy_strategy_17_epoch19": 0.743676195217132, "ENV_Test_proba_accuracy_strategy_93_epoch19": 0.7697716077755583, "ENV_Test_proba_accuracy_per_mean_strategy_epoch19": 0.7829851697025406, "ENV_Test_proba_accuracy_per_mean_user_epoch19": 0.7833585770509661, "ENV_Test_proba_accuracy_per_mean_user_and_bot_epoch19": 0.7980095376031153, "ENV_Test_accuracy_epoch19": 0.792064, "ENV_Test_accuracy_strategy_132_epoch19": 0.8288951841359773, "ENV_Test_accuracy_strategy_23_epoch19": 0.8027144934561319, "ENV_Test_accuracy_strategy_107_epoch19": 0.8374384236453202, "ENV_Test_accuracy_strategy_43_epoch19": 0.7818066157760815, "ENV_Test_accuracy_strategy_17_epoch19": 0.7602087114337568, "ENV_Test_accuracy_strategy_93_epoch19": 0.7902033271719039, "ENV_Test_accuracy_per_mean_strategy_epoch19": 0.8002111259365284, "ENV_Test_accuracy_per_mean_user_epoch19": 0.8017989276204216, "ENV_Test_accuracy_per_mean_user_and_bot_epoch19": 0.8157607261509253, "ENV_Train_TotalLoss_epoch20": 436.4958729546897, "ENV_Train_Right action_epoch20": 0.9151770115585124, "ENV_Train_Probability to choose the right action_epoch20": 0.8801560462396737, "ENV_Train_Weighted right action_epoch20": 0.9151770115585124, "ENV_Train_Weighted probability to choose the right action:_epoch20": 0.8801560462396737, "ENV_Test_TotalLoss_epoch20": 361.67747366866996, "ENV_Test_Right action_epoch20": 0.793408, "ENV_Test_Probability to choose the right action_epoch20": 0.7747015141370324, "ENV_Test_Weighted right action_epoch20": 0.8178589438217873, "ENV_Test_Weighted probability to choose the right action:_epoch20": 0.7978861587187844, "ENV_Test_proba_accuracy_epoch20": 0.7747015141370325, "ENV_Test_proba_accuracy_strategy_132_epoch20": 0.8132942146189681, "ENV_Test_proba_accuracy_strategy_23_epoch20": 0.7809132280492781, "ENV_Test_proba_accuracy_strategy_107_epoch20": 0.8203902800196602, "ENV_Test_proba_accuracy_strategy_43_epoch20": 0.7655400656206817, "ENV_Test_proba_accuracy_strategy_17_epoch20": 0.7482099639815034, "ENV_Test_proba_accuracy_strategy_93_epoch20": 0.7717363366668386, "ENV_Test_proba_accuracy_per_mean_strategy_epoch20": 0.7833473481594883, "ENV_Test_proba_accuracy_per_mean_user_epoch20": 0.7838116737859488, "ENV_Test_proba_accuracy_per_mean_user_and_bot_epoch20": 0.7978861587187848, "ENV_Test_accuracy_epoch20": 0.793408, "ENV_Test_accuracy_strategy_132_epoch20": 0.8260623229461757, "ENV_Test_accuracy_strategy_23_epoch20": 0.802391339473259, "ENV_Test_accuracy_strategy_107_epoch20": 0.8341543513957307, "ENV_Test_accuracy_strategy_43_epoch20": 0.787531806615776, "ENV_Test_accuracy_strategy_17_epoch20": 0.7633847549909256, "ENV_Test_accuracy_strategy_93_epoch20": 0.7966728280961183, "ENV_Test_accuracy_per_mean_strategy_epoch20": 0.8016995672529975, "ENV_Test_accuracy_per_mean_user_epoch20": 0.8028327671573302, "ENV_Test_accuracy_per_mean_user_and_bot_epoch20": 0.8178589438217879, "ENV_Train_TotalLoss_epoch21": 409.38113329808317, "ENV_Train_Right action_epoch21": 0.920721652365913, "ENV_Train_Probability to choose the right action_epoch21": 0.8877825798858671, "ENV_Train_Weighted right action_epoch21": 0.920721652365913, "ENV_Train_Weighted probability to choose the right action:_epoch21": 0.8877825798858671, "ENV_Test_TotalLoss_epoch21": 398.0692083499447, "ENV_Test_Right action_epoch21": 0.793536, "ENV_Test_Probability to choose the right action_epoch21": 0.775830103784349, "ENV_Test_Weighted right action_epoch21": 0.8183750657035834, "ENV_Test_Weighted probability to choose the right action:_epoch21": 0.8005322709306855, "ENV_Test_proba_accuracy_epoch21": 0.7758301037843479, "ENV_Test_proba_accuracy_strategy_132_epoch21": 0.8139059884600517, "ENV_Test_proba_accuracy_strategy_23_epoch21": 0.7818087318280286, "ENV_Test_proba_accuracy_strategy_107_epoch21": 0.8187795040408529, "ENV_Test_proba_accuracy_strategy_43_epoch21": 0.7674252757804693, "ENV_Test_proba_accuracy_strategy_17_epoch21": 0.7491797714859649, "ENV_Test_proba_accuracy_strategy_93_epoch21": 0.7761306622152179, "ENV_Test_proba_accuracy_per_mean_strategy_epoch21": 0.7845383223017642, "ENV_Test_proba_accuracy_per_mean_user_epoch21": 0.785616347076584, "ENV_Test_proba_accuracy_per_mean_user_and_bot_epoch21": 0.8005322709306855, "ENV_Test_accuracy_epoch21": 0.793536, "ENV_Test_accuracy_strategy_132_epoch21": 0.826628895184136, "ENV_Test_accuracy_strategy_23_epoch21": 0.8020681854903862, "ENV_Test_accuracy_strategy_107_epoch21": 0.825944170771757, "ENV_Test_accuracy_strategy_43_epoch21": 0.7862595419847328, "ENV_Test_accuracy_strategy_17_epoch21": 0.7663339382940109, "ENV_Test_accuracy_strategy_93_epoch21": 0.7939001848428835, "ENV_Test_accuracy_per_mean_strategy_epoch21": 0.8001891527613177, "ENV_Test_accuracy_per_mean_user_epoch21": 0.8028531294407382, "ENV_Test_accuracy_per_mean_user_and_bot_epoch21": 0.8183750657035842, "ENV_Train_TotalLoss_epoch22": 396.5682898734708, "ENV_Train_Right action_epoch22": 0.922827469562908, "ENV_Train_Probability to choose the right action_epoch22": 0.8909002209923736, "ENV_Train_Weighted right action_epoch22": 0.922827469562908, "ENV_Train_Weighted probability to choose the right action:_epoch22": 0.8909002209923736, "ENV_Test_TotalLoss_epoch22": 541.8585317815515, "ENV_Test_Right action_epoch22": 0.790208, "ENV_Test_Probability to choose the right action_epoch22": 0.7813413889981076, "ENV_Test_Weighted right action_epoch22": 0.8131837913410634, "ENV_Test_Weighted probability to choose the right action:_epoch22": 0.8030062026065071, "ENV_Test_proba_accuracy_epoch22": 0.7813413889981076, "ENV_Test_proba_accuracy_strategy_132_epoch22": 0.8174827850687572, "ENV_Test_proba_accuracy_strategy_23_epoch22": 0.7904416582619254, "ENV_Test_proba_accuracy_strategy_107_epoch22": 0.8198084588678116, "ENV_Test_proba_accuracy_strategy_43_epoch22": 0.767463339484484, "ENV_Test_proba_accuracy_strategy_17_epoch22": 0.7524627241839356, "ENV_Test_proba_accuracy_strategy_93_epoch22": 0.7864946905204457, "ENV_Test_proba_accuracy_per_mean_strategy_epoch22": 0.7890256093978932, "ENV_Test_proba_accuracy_per_mean_user_epoch22": 0.7883967053716842, "ENV_Test_proba_accuracy_per_mean_user_and_bot_epoch22": 0.8030062026065079, "ENV_Test_accuracy_epoch22": 0.790208, "ENV_Test_accuracy_strategy_132_epoch22": 0.8277620396600567, "ENV_Test_accuracy_strategy_23_epoch22": 0.7998061076102763, "ENV_Test_accuracy_strategy_107_epoch22": 0.8325123152709359, "ENV_Test_accuracy_strategy_43_epoch22": 0.7748091603053435, "ENV_Test_accuracy_strategy_17_epoch22": 0.7590744101633394, "ENV_Test_accuracy_strategy_93_epoch22": 0.7994454713493531, "ENV_Test_accuracy_per_mean_strategy_epoch22": 0.7989015840598842, "ENV_Test_accuracy_per_mean_user_epoch22": 0.7967486955241843, "ENV_Test_accuracy_per_mean_user_and_bot_epoch22": 0.8131837913410651, "ENV_Train_TotalLoss_epoch23": 392.8257803332671, "ENV_Train_Right action_epoch23": 0.9244186046511628, "ENV_Train_Probability to choose the right action_epoch23": 0.8928113563876277, "ENV_Train_Weighted right action_epoch23": 0.9244186046511628, "ENV_Train_Weighted probability to choose the right action:_epoch23": 0.8928113563876277, "ENV_Test_TotalLoss_epoch23": 526.0412079156715, "ENV_Test_Right action_epoch23": 0.792896, "ENV_Test_Probability to choose the right action_epoch23": 0.7797106253848031, "ENV_Test_Weighted right action_epoch23": 0.816261309181002, "ENV_Test_Weighted probability to choose the right action:_epoch23": 0.8034929444024829, "ENV_Test_proba_accuracy_epoch23": 0.7797106253848036, "ENV_Test_proba_accuracy_strategy_132_epoch23": 0.8155030606579494, "ENV_Test_proba_accuracy_strategy_23_epoch23": 0.78707259332029, "ENV_Test_proba_accuracy_strategy_107_epoch23": 0.8197475896023322, "ENV_Test_proba_accuracy_strategy_43_epoch23": 0.7731392240641732, "ENV_Test_proba_accuracy_strategy_17_epoch23": 0.7513354075616328, "ENV_Test_proba_accuracy_strategy_93_epoch23": 0.781825989545862, "ENV_Test_proba_accuracy_per_mean_strategy_epoch23": 0.7881039774587068, "ENV_Test_proba_accuracy_per_mean_user_epoch23": 0.7878477298158212, "ENV_Test_proba_accuracy_per_mean_user_and_bot_epoch23": 0.8034929444024839, "ENV_Test_accuracy_epoch23": 0.792896, "ENV_Test_accuracy_strategy_132_epoch23": 0.8260623229461757, "ENV_Test_accuracy_strategy_23_epoch23": 0.7999676846017127, "ENV_Test_accuracy_strategy_107_epoch23": 0.8325123152709359, "ENV_Test_accuracy_strategy_43_epoch23": 0.7888040712468194, "ENV_Test_accuracy_strategy_17_epoch23": 0.764065335753176, "ENV_Test_accuracy_strategy_93_epoch23": 0.7994454713493531, "ENV_Test_accuracy_per_mean_strategy_epoch23": 0.8018095335280289, "ENV_Test_accuracy_per_mean_user_epoch23": 0.8004455886849935, "ENV_Test_accuracy_per_mean_user_and_bot_epoch23": 0.8162613091810026, "ENV_Train_TotalLoss_epoch24": 390.69256251248595, "ENV_Train_Right action_epoch24": 0.9256712370889066, "ENV_Train_Probability to choose the right action_epoch24": 0.8941314136927394, "ENV_Train_Weighted right action_epoch24": 0.9256712370889066, "ENV_Train_Weighted probability to choose the right action:_epoch24": 0.8941314136927394, "ENV_Test_TotalLoss_epoch24": 461.50474754703754, "ENV_Test_Right action_epoch24": 0.79616, "ENV_Test_Probability to choose the right action_epoch24": 0.7839458069854169, "ENV_Test_Weighted right action_epoch24": 0.8231310186348397, "ENV_Test_Weighted probability to choose the right action:_epoch24": 0.8092933404008974, "ENV_Test_proba_accuracy_epoch24": 0.7839458069854176, "ENV_Test_proba_accuracy_strategy_132_epoch24": 0.8229875042661571, "ENV_Test_proba_accuracy_strategy_23_epoch24": 0.7895463113049512, "ENV_Test_proba_accuracy_strategy_107_epoch24": 0.8330218024565114, "ENV_Test_proba_accuracy_strategy_43_epoch24": 0.7783756679683768, "ENV_Test_proba_accuracy_strategy_17_epoch24": 0.7549435421050285, "ENV_Test_proba_accuracy_strategy_93_epoch24": 0.786848620249326, "ENV_Test_proba_accuracy_per_mean_strategy_epoch24": 0.7942872413917251, "ENV_Test_proba_accuracy_per_mean_user_epoch24": 0.7925872654316319, "ENV_Test_proba_accuracy_per_mean_user_and_bot_epoch24": 0.8092933404008977, "ENV_Test_accuracy_epoch24": 0.79616, "ENV_Test_accuracy_strategy_132_epoch24": 0.8328611898016998, "ENV_Test_accuracy_strategy_23_epoch24": 0.8009371465503312, "ENV_Test_accuracy_strategy_107_epoch24": 0.8456486042692939, "ENV_Test_accuracy_strategy_43_epoch24": 0.7932569974554707, "ENV_Test_accuracy_strategy_17_epoch24": 0.7676950998185118, "ENV_Test_accuracy_strategy_93_epoch24": 0.8012939001848429, "ENV_Test_accuracy_per_mean_strategy_epoch24": 0.8069488230133585, "ENV_Test_accuracy_per_mean_user_epoch24": 0.8045149791520084, "ENV_Test_accuracy_per_mean_user_and_bot_epoch24": 0.823131018634841, "_wandb": {"runtime": 2520}}