{"ENV_Train_TotalLoss": 691.3195990156624, "ENV_Train_TotalLoss_epoch0": 1072.0982696769977, "ENV_Train_Right action": 0.8690511132542245, "ENV_Train_Right action_epoch0": 0.7765792452039291, "ENV_Train_Probability to choose the right action": 0.8114620035800969, "ENV_Train_Probability to choose the right action_epoch0": 0.6910631148477865, "ENV_Train_Weighted right action": 0.8690511132542245, "ENV_Train_Weighted right action_epoch0": 0.7765792452039291, "ENV_Train_Weighted probability to choose the right action:": 0.8114620035800969, "ENV_Train_Weighted probability to choose the right action:_epoch0": 0.6910631148477865, "_timestamp": 1720475144.205656, "_runtime": 1999.4260909557343, "_step": 49, "ENV_Test_TotalLoss": 206.56278970214996, "ENV_Test_TotalLoss_epoch0": 218.96636333810687, "ENV_Test_Right action": 0.83136, "ENV_Test_Right action_epoch0": 0.802688, "ENV_Test_Probability to choose the right action": 0.7934686483678577, "ENV_Test_Probability to choose the right action_epoch0": 0.73526885454069, "ENV_Test_Weighted right action": 0.8619130234795308, "ENV_Test_Weighted right action_epoch0": 0.8357371210274859, "ENV_Test_Weighted probability to choose the right action:": 0.8216595359859049, "ENV_Test_Weighted probability to choose the right action:_epoch0": 0.7658076895968916, "ENV_Test_proba_accuracy": 0.7934686483678579, "ENV_Test_proba_accuracy_epoch0": 0.7352688545406895, "ENV_Test_proba_accuracy_strategy_132": 0.8222938401393557, "ENV_Test_proba_accuracy_strategy_132_epoch0": 0.7694927623182094, "ENV_Test_proba_accuracy_strategy_23": 0.7998538915813629, "ENV_Test_proba_accuracy_strategy_23_epoch0": 0.7381895181345332, "ENV_Test_proba_accuracy_strategy_107": 0.8462395715840144, "ENV_Test_proba_accuracy_strategy_107_epoch0": 0.8015103013518414, "ENV_Test_proba_accuracy_strategy_43": 0.7815671040321944, "ENV_Test_proba_accuracy_strategy_43_epoch0": 0.7351867218646699, "ENV_Test_proba_accuracy_strategy_17": 0.770303454862696, "ENV_Test_proba_accuracy_strategy_17_epoch0": 0.7077903461998081, "ENV_Test_proba_accuracy_strategy_93": 0.7918874789618529, "ENV_Test_proba_accuracy_strategy_93_epoch0": 0.7375166844997428, "ENV_Test_proba_accuracy_per_mean_strategy": 0.8020242235269127, "ENV_Test_proba_accuracy_per_mean_strategy_epoch0": 0.7482810557281342, "ENV_Test_proba_accuracy_per_mean_user": 0.8006141888820143, "ENV_Test_proba_accuracy_per_mean_user_epoch0": 0.7434285600993559, "ENV_Test_proba_accuracy_per_mean_user_and_bot": 0.8216595359859049, "ENV_Test_proba_accuracy_per_mean_user_and_bot_epoch0": 0.765807689596892, "ENV_Test_accuracy": 0.83136, "ENV_Test_accuracy_epoch0": 0.802688, "ENV_Test_accuracy_strategy_132": 0.8526912181303116, "ENV_Test_accuracy_strategy_132_epoch0": 0.8373937677053824, "ENV_Test_accuracy_strategy_23": 0.8398772014865084, "ENV_Test_accuracy_strategy_23_epoch0": 0.803522378413314, "ENV_Test_accuracy_strategy_107": 0.8850574712643678, "ENV_Test_accuracy_strategy_107_epoch0": 0.8702791461412152, "ENV_Test_accuracy_strategy_43": 0.811704834605598, "ENV_Test_accuracy_strategy_43_epoch0": 0.799618320610687, "ENV_Test_accuracy_strategy_17": 0.8117059891107078, "ENV_Test_accuracy_strategy_17_epoch0": 0.7769963702359347, "ENV_Test_accuracy_strategy_93": 0.8262476894639557, "ENV_Test_accuracy_strategy_93_epoch0": 0.8123844731977818, "ENV_Test_accuracy_per_mean_strategy": 0.8378807340102415, "ENV_Test_accuracy_per_mean_strategy_epoch0": 0.8166990760507193, "ENV_Test_accuracy_per_mean_user": 0.8384066295192305, "ENV_Test_accuracy_per_mean_user_epoch0": 0.810586792609392, "ENV_Test_accuracy_per_mean_user_and_bot": 0.8619130234795309, "ENV_Test_accuracy_per_mean_user_and_bot_epoch0": 0.8357371210274859, "ENV_Train_TotalLoss_epoch1": 948.268758667575, "ENV_Train_Right action_epoch1": 0.8097288230360637, "ENV_Train_Probability to choose the right action_epoch1": 0.7332837621846594, "ENV_Train_Weighted right action_epoch1": 0.8097288230360637, "ENV_Train_Weighted probability to choose the right action:_epoch1": 0.7332837621846594, "ENV_Test_TotalLoss_epoch1": 206.2898699354754, "ENV_Test_Right action_epoch1": 0.807488, "ENV_Test_Probability to choose the right action_epoch1": 0.7378839312943636, "ENV_Test_Weighted right action_epoch1": 0.8429000963890912, "ENV_Test_Weighted probability to choose the right action:_epoch1": 0.7685186702452039, "ENV_Test_proba_accuracy_epoch1": 0.7378839312943637, "ENV_Test_proba_accuracy_strategy_132_epoch1": 0.773888977052307, "ENV_Test_proba_accuracy_strategy_23_epoch1": 0.7438185968606404, "ENV_Test_proba_accuracy_strategy_107_epoch1": 0.8053522269643483, "ENV_Test_proba_accuracy_strategy_43_epoch1": 0.7352038412583042, "ENV_Test_proba_accuracy_strategy_17_epoch1": 0.7061719555518139, "ENV_Test_proba_accuracy_strategy_93_epoch1": 0.7403171545793609, "ENV_Test_proba_accuracy_per_mean_strategy_epoch1": 0.7507921253777958, "ENV_Test_proba_accuracy_per_mean_user_epoch1": 0.7461631478215404, "ENV_Test_proba_accuracy_per_mean_user_and_bot_epoch1": 0.7685186702452051, "ENV_Test_accuracy_epoch1": 0.807488, "ENV_Test_accuracy_strategy_132_epoch1": 0.8424929178470255, "ENV_Test_accuracy_strategy_23_epoch1": 0.8133785748909356, "ENV_Test_accuracy_strategy_107_epoch1": 0.8801313628899836, "ENV_Test_accuracy_strategy_43_epoch1": 0.8085241730279898, "ENV_Test_accuracy_strategy_17_epoch1": 0.7724591651542649, "ENV_Test_accuracy_strategy_93_epoch1": 0.8170055452865065, "ENV_Test_accuracy_per_mean_strategy_epoch1": 0.8223319565161177, "ENV_Test_accuracy_per_mean_user_epoch1": 0.816742805879357, "ENV_Test_accuracy_per_mean_user_and_bot_epoch1": 0.842900096389092, "ENV_Train_TotalLoss_epoch2": 906.1750026009731, "ENV_Train_Right action_epoch2": 0.8193025368649102, "ENV_Train_Probability to choose the right action_epoch2": 0.7458564284266396, "ENV_Train_Weighted right action_epoch2": 0.8193025368649102, "ENV_Train_Weighted probability to choose the right action:_epoch2": 0.7458564284266396, "ENV_Test_TotalLoss_epoch2": 203.7847926455411, "ENV_Test_Right action_epoch2": 0.816448, "ENV_Test_Probability to choose the right action_epoch2": 0.7617452120219398, "ENV_Test_Weighted right action_epoch2": 0.8498744496011019, "ENV_Test_Weighted probability to choose the right action:_epoch2": 0.7923553715109133, "ENV_Test_proba_accuracy_epoch2": 0.761745212021939, "ENV_Test_proba_accuracy_strategy_132_epoch2": 0.7992859382866582, "ENV_Test_proba_accuracy_strategy_23_epoch2": 0.7688794316785276, "ENV_Test_proba_accuracy_strategy_107_epoch2": 0.8279635136578606, "ENV_Test_proba_accuracy_strategy_43_epoch2": 0.7589040177640025, "ENV_Test_proba_accuracy_strategy_17_epoch2": 0.728885383237446, "ENV_Test_proba_accuracy_strategy_93_epoch2": 0.7604258678882873, "ENV_Test_proba_accuracy_per_mean_strategy_epoch2": 0.7740573587521303, "ENV_Test_proba_accuracy_per_mean_user_epoch2": 0.7693871313068371, "ENV_Test_proba_accuracy_per_mean_user_and_bot_epoch2": 0.7923553715109141, "ENV_Test_accuracy_epoch2": 0.816448, "ENV_Test_accuracy_strategy_132_epoch2": 0.8475920679886686, "ENV_Test_accuracy_strategy_23_epoch2": 0.8208111164970108, "ENV_Test_accuracy_strategy_107_epoch2": 0.8866995073891626, "ENV_Test_accuracy_strategy_43_epoch2": 0.8155216284987278, "ENV_Test_accuracy_strategy_17_epoch2": 0.7878856624319419, "ENV_Test_accuracy_strategy_93_epoch2": 0.8188539741219963, "ENV_Test_accuracy_per_mean_strategy_epoch2": 0.8295606594879179, "ENV_Test_accuracy_per_mean_user_epoch2": 0.8231673268441941, "ENV_Test_accuracy_per_mean_user_and_bot_epoch2": 0.8498744496011016, "ENV_Train_TotalLoss_epoch3": 878.1490473187181, "ENV_Train_Right action_epoch3": 0.8262084771580698, "ENV_Train_Probability to choose the right action_epoch3": 0.7544124596651502, "ENV_Train_Weighted right action_epoch3": 0.8262084771580698, "ENV_Train_Weighted probability to choose the right action:_epoch3": 0.7544124596651502, "ENV_Test_TotalLoss_epoch3": 202.2351031439959, "ENV_Test_Right action_epoch3": 0.82048, "ENV_Test_Probability to choose the right action_epoch3": 0.7723218177253202, "ENV_Test_Weighted right action_epoch3": 0.8535883715001997, "ENV_Test_Weighted probability to choose the right action:_epoch3": 0.8076959814237209, "ENV_Test_proba_accuracy_epoch3": 0.7723218177253206, "ENV_Test_proba_accuracy_strategy_132_epoch3": 0.8110944989861176, "ENV_Test_proba_accuracy_strategy_23_epoch3": 0.7743371871716365, "ENV_Test_proba_accuracy_strategy_107_epoch3": 0.8449370276442476, "ENV_Test_proba_accuracy_strategy_43_epoch3": 0.774520784111558, "ENV_Test_proba_accuracy_strategy_17_epoch3": 0.7425647043215846, "ENV_Test_proba_accuracy_strategy_93_epoch3": 0.7747090764640628, "ENV_Test_proba_accuracy_per_mean_strategy_epoch3": 0.7870272131165347, "ENV_Test_proba_accuracy_per_mean_user_epoch3": 0.7811676819845607, "ENV_Test_proba_accuracy_per_mean_user_and_bot_epoch3": 0.807695981423721, "ENV_Test_accuracy_epoch3": 0.82048, "ENV_Test_accuracy_strategy_132_epoch3": 0.8492917847025496, "ENV_Test_accuracy_strategy_23_epoch3": 0.8264663111972855, "ENV_Test_accuracy_strategy_107_epoch3": 0.8866995073891626, "ENV_Test_accuracy_strategy_43_epoch3": 0.8174300254452926, "ENV_Test_accuracy_strategy_17_epoch3": 0.7921960072595281, "ENV_Test_accuracy_strategy_93_epoch3": 0.821626617375231, "ENV_Test_accuracy_per_mean_strategy_epoch3": 0.832285042228175, "ENV_Test_accuracy_per_mean_user_epoch3": 0.8278193857553552, "ENV_Test_accuracy_per_mean_user_and_bot_epoch3": 0.853588371500201, "ENV_Train_TotalLoss_epoch4": 857.0025908903629, "ENV_Train_Right action_epoch4": 0.8318238993710692, "ENV_Train_Probability to choose the right action_epoch4": 0.7610892763818035, "ENV_Train_Weighted right action_epoch4": 0.8318238993710692, "ENV_Train_Weighted probability to choose the right action:_epoch4": 0.7610892763818035, "ENV_Test_TotalLoss_epoch4": 197.4494693235987, "ENV_Test_Right action_epoch4": 0.82368, "ENV_Test_Probability to choose the right action_epoch4": 0.7669692588416404, "ENV_Test_Weighted right action_epoch4": 0.8563414219349945, "ENV_Test_Weighted probability to choose the right action:_epoch4": 0.7986773507371604, "ENV_Test_proba_accuracy_epoch4": 0.7669692588416398, "ENV_Test_proba_accuracy_strategy_132_epoch4": 0.8006196940900249, "ENV_Test_proba_accuracy_strategy_23_epoch4": 0.7711711219844979, "ENV_Test_proba_accuracy_strategy_107_epoch4": 0.83576131850192, "ENV_Test_proba_accuracy_strategy_43_epoch4": 0.7673685210616259, "ENV_Test_proba_accuracy_strategy_17_epoch4": 0.7377685235313955, "ENV_Test_proba_accuracy_strategy_93_epoch4": 0.7677053840727655, "ENV_Test_proba_accuracy_per_mean_strategy_epoch4": 0.7800657605403716, "ENV_Test_proba_accuracy_per_mean_user_epoch4": 0.7742764951891794, "ENV_Test_proba_accuracy_per_mean_user_and_bot_epoch4": 0.7986773507371614, "ENV_Test_accuracy_epoch4": 0.82368, "ENV_Test_accuracy_strategy_132_epoch4": 0.8538243626062323, "ENV_Test_accuracy_strategy_23_epoch4": 0.8272741961544676, "ENV_Test_accuracy_strategy_107_epoch4": 0.8883415435139573, "ENV_Test_accuracy_strategy_43_epoch4": 0.8199745547073791, "ENV_Test_accuracy_strategy_17_epoch4": 0.7969600725952813, "ENV_Test_accuracy_strategy_93_epoch4": 0.8317929759704251, "ENV_Test_accuracy_per_mean_strategy_epoch4": 0.8363612842579572, "ENV_Test_accuracy_per_mean_user_epoch4": 0.8312547518596092, "ENV_Test_accuracy_per_mean_user_and_bot_epoch4": 0.8563414219349946, "ENV_Train_TotalLoss_epoch5": 837.6125368577161, "ENV_Train_Right action_epoch5": 0.8357958596010567, "ENV_Train_Probability to choose the right action_epoch5": 0.766761041022438, "ENV_Train_Weighted right action_epoch5": 0.8357958596010567, "ENV_Train_Weighted probability to choose the right action:_epoch5": 0.766761041022438, "ENV_Test_TotalLoss_epoch5": 199.0287314485661, "ENV_Test_Right action_epoch5": 0.82656, "ENV_Test_Probability to choose the right action_epoch5": 0.7771258241128653, "ENV_Test_Weighted right action_epoch5": 0.8552438245741022, "ENV_Test_Weighted probability to choose the right action:_epoch5": 0.806743131632707, "ENV_Test_proba_accuracy_epoch5": 0.7771258241128652, "ENV_Test_proba_accuracy_strategy_132_epoch5": 0.8143757506874402, "ENV_Test_proba_accuracy_strategy_23_epoch5": 0.7809262393976059, "ENV_Test_proba_accuracy_strategy_107_epoch5": 0.8404770396650322, "ENV_Test_proba_accuracy_strategy_43_epoch5": 0.7737233398723864, "ENV_Test_proba_accuracy_strategy_17_epoch5": 0.7491222177600532, "ENV_Test_proba_accuracy_strategy_93_epoch5": 0.7779953445902912, "ENV_Test_proba_accuracy_per_mean_strategy_epoch5": 0.7894366553288016, "ENV_Test_proba_accuracy_per_mean_user_epoch5": 0.7836811764337105, "ENV_Test_proba_accuracy_per_mean_user_and_bot_epoch5": 0.8067431316327066, "ENV_Test_accuracy_epoch5": 0.82656, "ENV_Test_accuracy_strategy_132_epoch5": 0.8645892351274788, "ENV_Test_accuracy_strategy_23_epoch5": 0.8332525448376151, "ENV_Test_accuracy_strategy_107_epoch5": 0.8784893267651889, "ENV_Test_accuracy_strategy_43_epoch5": 0.8161577608142494, "ENV_Test_accuracy_strategy_17_epoch5": 0.8010435571687841, "ENV_Test_accuracy_strategy_93_epoch5": 0.8160813308687616, "ENV_Test_accuracy_per_mean_strategy_epoch5": 0.8349356259303464, "ENV_Test_accuracy_per_mean_user_epoch5": 0.8324064800579639, "ENV_Test_accuracy_per_mean_user_and_bot_epoch5": 0.8552438245741024, "ENV_Train_TotalLoss_epoch6": 818.5130270060213, "ENV_Train_Right action_epoch6": 0.8401816911250873, "ENV_Train_Probability to choose the right action_epoch6": 0.7732935841915454, "ENV_Train_Weighted right action_epoch6": 0.8401816911250873, "ENV_Train_Weighted probability to choose the right action:_epoch6": 0.7732935841915454, "ENV_Test_TotalLoss_epoch6": 199.4125844254511, "ENV_Test_Right action_epoch6": 0.827904, "ENV_Test_Probability to choose the right action_epoch6": 0.7790139598146754, "ENV_Test_Weighted right action_epoch6": 0.859717436974828, "ENV_Test_Weighted probability to choose the right action:_epoch6": 0.8093648041032724, "ENV_Test_proba_accuracy_epoch6": 0.7790139598146755, "ENV_Test_proba_accuracy_strategy_132_epoch6": 0.8136383136209118, "ENV_Test_proba_accuracy_strategy_23_epoch6": 0.7840085996137749, "ENV_Test_proba_accuracy_strategy_107_epoch6": 0.8366205564876893, "ENV_Test_proba_accuracy_strategy_43_epoch6": 0.7749862977256908, "ENV_Test_proba_accuracy_strategy_17_epoch6": 0.751616437639801, "ENV_Test_proba_accuracy_strategy_93_epoch6": 0.7790079847612852, "ENV_Test_proba_accuracy_per_mean_strategy_epoch6": 0.7899796983081923, "ENV_Test_proba_accuracy_per_mean_user_epoch6": 0.7855048474427395, "ENV_Test_proba_accuracy_per_mean_user_and_bot_epoch6": 0.8093648041032725, "ENV_Test_accuracy_epoch6": 0.827904, "ENV_Test_accuracy_strategy_132_epoch6": 0.8628895184135977, "ENV_Test_accuracy_strategy_23_epoch6": 0.8316367749232509, "ENV_Test_accuracy_strategy_107_epoch6": 0.8801313628899836, "ENV_Test_accuracy_strategy_43_epoch6": 0.8193384223918575, "ENV_Test_accuracy_strategy_17_epoch6": 0.8037658802177858, "ENV_Test_accuracy_strategy_93_epoch6": 0.8308687615526802, "ENV_Test_accuracy_per_mean_strategy_epoch6": 0.8381051200648592, "ENV_Test_accuracy_per_mean_user_epoch6": 0.8334012389212692, "ENV_Test_accuracy_per_mean_user_and_bot_epoch6": 0.8597174369748289, "ENV_Train_TotalLoss_epoch7": 800.0936838820417, "ENV_Train_Right action_epoch7": 0.8448454184603343, "ENV_Train_Probability to choose the right action_epoch7": 0.779033783369217, "ENV_Train_Weighted right action_epoch7": 0.8448454184603343, "ENV_Train_Weighted probability to choose the right action:_epoch7": 0.779033783369217, "ENV_Test_TotalLoss_epoch7": 197.9562623617544, "ENV_Test_Right action_epoch7": 0.821696, "ENV_Test_Probability to choose the right action_epoch7": 0.7766232878696862, "ENV_Test_Weighted right action_epoch7": 0.8547820242334558, "ENV_Test_Weighted probability to choose the right action:_epoch7": 0.8099140780350841, "ENV_Test_proba_accuracy_epoch7": 0.776623287869686, "ENV_Test_proba_accuracy_strategy_132_epoch7": 0.8151356064174294, "ENV_Test_proba_accuracy_strategy_23_epoch7": 0.7783907515426974, "ENV_Test_proba_accuracy_strategy_107_epoch7": 0.8459912663463887, "ENV_Test_proba_accuracy_strategy_43_epoch7": 0.776948687444059, "ENV_Test_proba_accuracy_strategy_17_epoch7": 0.7474398898505814, "ENV_Test_proba_accuracy_strategy_93_epoch7": 0.7830657245942253, "ENV_Test_proba_accuracy_per_mean_strategy_epoch7": 0.7911619876992302, "ENV_Test_proba_accuracy_per_mean_user_epoch7": 0.7829840232696436, "ENV_Test_proba_accuracy_per_mean_user_and_bot_epoch7": 0.8099140780350833, "ENV_Test_accuracy_epoch7": 0.821696, "ENV_Test_accuracy_strategy_132_epoch7": 0.854957507082153, "ENV_Test_accuracy_strategy_23_epoch7": 0.8256584262401034, "ENV_Test_accuracy_strategy_107_epoch7": 0.8850574712643678, "ENV_Test_accuracy_strategy_43_epoch7": 0.8231552162849872, "ENV_Test_accuracy_strategy_17_epoch7": 0.7901542649727767, "ENV_Test_accuracy_strategy_93_epoch7": 0.8354898336414048, "ENV_Test_accuracy_per_mean_strategy_epoch7": 0.8357454532476322, "ENV_Test_accuracy_per_mean_user_epoch7": 0.8259877190681443, "ENV_Test_accuracy_per_mean_user_and_bot_epoch7": 0.8547820242334564, "ENV_Train_TotalLoss_epoch8": 788.1871624591232, "ENV_Train_Right action_epoch8": 0.8456721966764036, "ENV_Train_Probability to choose the right action_epoch8": 0.7811439928179957, "ENV_Train_Weighted right action_epoch8": 0.8456721966764036, "ENV_Train_Weighted probability to choose the right action:_epoch8": 0.7811439928179957, "ENV_Test_TotalLoss_epoch8": 195.3697771767555, "ENV_Test_Right action_epoch8": 0.830016, "ENV_Test_Probability to choose the right action_epoch8": 0.781229626796216, "ENV_Test_Weighted right action_epoch8": 0.8615746701341243, "ENV_Test_Weighted probability to choose the right action:_epoch8": 0.8132564707792002, "ENV_Test_proba_accuracy_epoch8": 0.7812296267962159, "ENV_Test_proba_accuracy_strategy_132_epoch8": 0.8151471003207017, "ENV_Test_proba_accuracy_strategy_23_epoch8": 0.7839268875291086, "ENV_Test_proba_accuracy_strategy_107_epoch8": 0.8407877399955316, "ENV_Test_proba_accuracy_strategy_43_epoch8": 0.7805229124865541, "ENV_Test_proba_accuracy_strategy_17_epoch8": 0.754855436212782, "ENV_Test_proba_accuracy_strategy_93_epoch8": 0.7854253833596089, "ENV_Test_proba_accuracy_per_mean_strategy_epoch8": 0.7934442433173813, "ENV_Test_proba_accuracy_per_mean_user_epoch8": 0.7892403387686755, "ENV_Test_proba_accuracy_per_mean_user_and_bot_epoch8": 0.8132564707792006, "ENV_Test_accuracy_epoch8": 0.830016, "ENV_Test_accuracy_strategy_132_epoch8": 0.8583569405099151, "ENV_Test_accuracy_strategy_23_epoch8": 0.8337372758119244, "ENV_Test_accuracy_strategy_107_epoch8": 0.8817733990147784, "ENV_Test_accuracy_strategy_43_epoch8": 0.8225190839694656, "ENV_Test_accuracy_strategy_17_epoch8": 0.8073956442831216, "ENV_Test_accuracy_strategy_93_epoch8": 0.8364140480591498, "ENV_Test_accuracy_per_mean_strategy_epoch8": 0.8400327319413924, "ENV_Test_accuracy_per_mean_user_epoch8": 0.8366812683174709, "ENV_Test_accuracy_per_mean_user_and_bot_epoch8": 0.8615746701341246, "ENV_Train_TotalLoss_epoch9": 776.8111185301632, "ENV_Train_Right action_epoch9": 0.848359051772336, "ENV_Train_Probability to choose the right action_epoch9": 0.7850158184313122, "ENV_Train_Weighted right action_epoch9": 0.848359051772336, "ENV_Train_Weighted probability to choose the right action:_epoch9": 0.7850158184313122, "ENV_Test_TotalLoss_epoch9": 192.03362502277133, "ENV_Test_Right action_epoch9": 0.831808, "ENV_Test_Probability to choose the right action_epoch9": 0.7797642548212078, "ENV_Test_Weighted right action_epoch9": 0.8632162050807565, "ENV_Test_Weighted probability to choose the right action:_epoch9": 0.8104478840016179, "ENV_Test_proba_accuracy_epoch9": 0.7797642548212057, "ENV_Test_proba_accuracy_strategy_132_epoch9": 0.8109837989273002, "ENV_Test_proba_accuracy_strategy_23_epoch9": 0.7836109190417161, "ENV_Test_proba_accuracy_strategy_107_epoch9": 0.8383601213031541, "ENV_Test_proba_accuracy_strategy_43_epoch9": 0.777290023707183, "ENV_Test_proba_accuracy_strategy_17_epoch9": 0.7542276897004745, "ENV_Test_proba_accuracy_strategy_93_epoch9": 0.781483559320213, "ENV_Test_proba_accuracy_per_mean_strategy_epoch9": 0.7909926853333401, "ENV_Test_proba_accuracy_per_mean_user_epoch9": 0.7869899429798005, "ENV_Test_proba_accuracy_per_mean_user_and_bot_epoch9": 0.8104478840016187, "ENV_Test_accuracy_epoch9": 0.831808, "ENV_Test_accuracy_strategy_132_epoch9": 0.8543909348441926, "ENV_Test_accuracy_strategy_23_epoch9": 0.8364840846663435, "ENV_Test_accuracy_strategy_107_epoch9": 0.8866995073891626, "ENV_Test_accuracy_strategy_43_epoch9": 0.8307888040712468, "ENV_Test_accuracy_strategy_17_epoch9": 0.809437386569873, "ENV_Test_accuracy_strategy_93_epoch9": 0.8299445471349353, "ENV_Test_accuracy_per_mean_strategy_epoch9": 0.841290877445959, "ENV_Test_accuracy_per_mean_user_epoch9": 0.8370459100663847, "ENV_Test_accuracy_per_mean_user_and_bot_epoch9": 0.8632162050807562, "ENV_Train_TotalLoss_epoch10": 763.2987318413377, "ENV_Train_Right action_epoch10": 0.8529403544077366, "ENV_Train_Probability to choose the right action_epoch10": 0.7897901354709415, "ENV_Train_Weighted right action_epoch10": 0.8529403544077366, "ENV_Train_Weighted probability to choose the right action:_epoch10": 0.7897901354709415, "ENV_Test_TotalLoss_epoch10": 202.5428984359123, "ENV_Test_Right action_epoch10": 0.823872, "ENV_Test_Probability to choose the right action_epoch10": 0.7708863574737949, "ENV_Test_Weighted right action_epoch10": 0.8562472999187535, "ENV_Test_Weighted probability to choose the right action:_epoch10": 0.8063376145636763, "ENV_Test_proba_accuracy_epoch10": 0.7708863574737946, "ENV_Test_proba_accuracy_strategy_132_epoch10": 0.8076012666275391, "ENV_Test_proba_accuracy_strategy_23_epoch10": 0.7693910693334257, "ENV_Test_proba_accuracy_strategy_107_epoch10": 0.8448329876444773, "ENV_Test_proba_accuracy_strategy_43_epoch10": 0.7726456575779377, "ENV_Test_proba_accuracy_strategy_17_epoch10": 0.7449048449500083, "ENV_Test_proba_accuracy_strategy_93_epoch10": 0.7812189945454916, "ENV_Test_proba_accuracy_per_mean_strategy_epoch10": 0.78676580344648, "ENV_Test_proba_accuracy_per_mean_user_epoch10": 0.7806936192530568, "ENV_Test_proba_accuracy_per_mean_user_and_bot_epoch10": 0.8063376145636767, "ENV_Test_accuracy_epoch10": 0.823872, "ENV_Test_accuracy_strategy_132_epoch10": 0.8487252124645892, "ENV_Test_accuracy_strategy_23_epoch10": 0.8240426563257393, "ENV_Test_accuracy_strategy_107_epoch10": 0.8866995073891626, "ENV_Test_accuracy_strategy_43_epoch10": 0.8206106870229007, "ENV_Test_accuracy_strategy_17_epoch10": 0.8030852994555354, "ENV_Test_accuracy_strategy_93_epoch10": 0.8364140480591498, "ENV_Test_accuracy_per_mean_strategy_epoch10": 0.8365962351195129, "ENV_Test_accuracy_per_mean_user_epoch10": 0.8317545325787533, "ENV_Test_accuracy_per_mean_user_and_bot_epoch10": 0.8562472999187537, "ENV_Train_TotalLoss_epoch11": 756.8372328182728, "ENV_Train_Right action_epoch11": 0.8549784759881478, "ENV_Train_Probability to choose the right action_epoch11": 0.7915289502058135, "ENV_Train_Weighted right action_epoch11": 0.8549784759881478, "ENV_Train_Weighted probability to choose the right action:_epoch11": 0.7915289502058135, "ENV_Test_TotalLoss_epoch11": 201.86411646181585, "ENV_Test_Right action_epoch11": 0.831744, "ENV_Test_Probability to choose the right action_epoch11": 0.7924277071139467, "ENV_Test_Weighted right action_epoch11": 0.8638778656636852, "ENV_Test_Weighted probability to choose the right action:_epoch11": 0.8227420475555717, "ENV_Test_proba_accuracy_epoch11": 0.7924277071139458, "ENV_Test_proba_accuracy_strategy_132_epoch11": 0.8228929769425234, "ENV_Test_proba_accuracy_strategy_23_epoch11": 0.7937699965389517, "ENV_Test_proba_accuracy_strategy_107_epoch11": 0.8506442586579662, "ENV_Test_proba_accuracy_strategy_43_epoch11": 0.7916278972670013, "ENV_Test_proba_accuracy_strategy_17_epoch11": 0.7695973089690801, "ENV_Test_proba_accuracy_strategy_93_epoch11": 0.7964583778282304, "ENV_Test_proba_accuracy_per_mean_strategy_epoch11": 0.8041651360339589, "ENV_Test_proba_accuracy_per_mean_user_epoch11": 0.8011827762848773, "ENV_Test_proba_accuracy_per_mean_user_and_bot_epoch11": 0.8227420475555713, "ENV_Test_accuracy_epoch11": 0.831744, "ENV_Test_accuracy_strategy_132_epoch11": 0.8577903682719547, "ENV_Test_accuracy_strategy_23_epoch11": 0.832444659880433, "ENV_Test_accuracy_strategy_107_epoch11": 0.8883415435139573, "ENV_Test_accuracy_strategy_43_epoch11": 0.8295165394402035, "ENV_Test_accuracy_strategy_17_epoch11": 0.8110254083484574, "ENV_Test_accuracy_strategy_93_epoch11": 0.8410351201478743, "ENV_Test_accuracy_per_mean_strategy_epoch11": 0.8433589399338133, "ENV_Test_accuracy_per_mean_user_epoch11": 0.8398120165819033, "ENV_Test_accuracy_per_mean_user_and_bot_epoch11": 0.8638778656636849, "ENV_Train_TotalLoss_epoch12": 748.0399472450392, "ENV_Train_Right action_epoch12": 0.8564000782713219, "ENV_Train_Probability to choose the right action_epoch12": 0.7946555999419336, "ENV_Train_Weighted right action_epoch12": 0.8564000782713219, "ENV_Train_Weighted probability to choose the right action:_epoch12": 0.7946555999419336, "ENV_Test_TotalLoss_epoch12": 204.6045693560574, "ENV_Test_Right action_epoch12": 0.831616, "ENV_Test_Probability to choose the right action_epoch12": 0.7812921182456136, "ENV_Test_Weighted right action_epoch12": 0.859852692162834, "ENV_Test_Weighted probability to choose the right action:_epoch12": 0.8114964879830393, "ENV_Test_proba_accuracy_epoch12": 0.7812921182456124, "ENV_Test_proba_accuracy_strategy_132_epoch12": 0.8174152905899584, "ENV_Test_proba_accuracy_strategy_23_epoch12": 0.7820320137107813, "ENV_Test_proba_accuracy_strategy_107_epoch12": 0.8376357667067009, "ENV_Test_proba_accuracy_strategy_43_epoch12": 0.7836411374220091, "ENV_Test_proba_accuracy_strategy_17_epoch12": 0.756299688074071, "ENV_Test_proba_accuracy_strategy_93_epoch12": 0.7848263880389157, "ENV_Test_proba_accuracy_per_mean_strategy_epoch12": 0.7936417140904061, "ENV_Test_proba_accuracy_per_mean_user_epoch12": 0.7899537776520311, "ENV_Test_proba_accuracy_per_mean_user_and_bot_epoch12": 0.8114964879830403, "ENV_Test_accuracy_epoch12": 0.831616, "ENV_Test_accuracy_strategy_132_epoch12": 0.8657223796033995, "ENV_Test_accuracy_strategy_23_epoch12": 0.835514622717725, "ENV_Test_accuracy_strategy_107_epoch12": 0.8752052545155994, "ENV_Test_accuracy_strategy_43_epoch12": 0.833969465648855, "ENV_Test_accuracy_strategy_17_epoch12": 0.8058076225045372, "ENV_Test_accuracy_strategy_93_epoch12": 0.8308687615526802, "ENV_Test_accuracy_per_mean_strategy_epoch12": 0.8411813510904659, "ENV_Test_accuracy_per_mean_user_epoch12": 0.8373502071350483, "ENV_Test_accuracy_per_mean_user_and_bot_epoch12": 0.8598526921628338, "ENV_Train_TotalLoss_epoch13": 742.0954721847181, "ENV_Train_Right action_epoch13": 0.8584128936663917, "ENV_Train_Probability to choose the right action_epoch13": 0.7960502545229879, "ENV_Train_Weighted right action_epoch13": 0.8584128936663917, "ENV_Train_Weighted probability to choose the right action:_epoch13": 0.7960502545229879, "ENV_Test_TotalLoss_epoch13": 201.44495464911705, "ENV_Test_Right action_epoch13": 0.83104, "ENV_Test_Probability to choose the right action_epoch13": 0.7867070887127711, "ENV_Test_Weighted right action_epoch13": 0.8561208328104277, "ENV_Test_Weighted probability to choose the right action:_epoch13": 0.8120223592308042, "ENV_Test_proba_accuracy_epoch13": 0.7867070887127714, "ENV_Test_proba_accuracy_strategy_132_epoch13": 0.8178198235521517, "ENV_Test_proba_accuracy_strategy_23_epoch13": 0.790618555716289, "ENV_Test_proba_accuracy_strategy_107_epoch13": 0.83105406022456, "ENV_Test_proba_accuracy_strategy_43_epoch13": 0.7849802284701534, "ENV_Test_proba_accuracy_strategy_17_epoch13": 0.763255075221689, "ENV_Test_proba_accuracy_strategy_93_epoch13": 0.7866717355178834, "ENV_Test_proba_accuracy_per_mean_strategy_epoch13": 0.7957332464504544, "ENV_Test_proba_accuracy_per_mean_user_epoch13": 0.7935384951818826, "ENV_Test_proba_accuracy_per_mean_user_and_bot_epoch13": 0.8120223592308045, "ENV_Test_accuracy_epoch13": 0.83104, "ENV_Test_accuracy_strategy_132_epoch13": 0.8651558073654391, "ENV_Test_accuracy_strategy_23_epoch13": 0.8382614315721442, "ENV_Test_accuracy_strategy_107_epoch13": 0.8735632183908046, "ENV_Test_accuracy_strategy_43_epoch13": 0.8250636132315522, "ENV_Test_accuracy_strategy_17_epoch13": 0.8037658802177858, "ENV_Test_accuracy_strategy_93_epoch13": 0.8299445471349353, "ENV_Test_accuracy_per_mean_strategy_epoch13": 0.8392924163187768, "ENV_Test_accuracy_per_mean_user_epoch13": 0.8356780073412631, "ENV_Test_accuracy_per_mean_user_and_bot_epoch13": 0.8561208328104287, "ENV_Train_TotalLoss_epoch14": 732.2180862750047, "ENV_Train_Right action_epoch14": 0.8589533990078949, "ENV_Train_Probability to choose the right action_epoch14": 0.7988936608641063, "ENV_Train_Weighted right action_epoch14": 0.8589533990078949, "ENV_Train_Weighted probability to choose the right action:_epoch14": 0.7988936608641063, "ENV_Test_TotalLoss_epoch14": 199.14327137363992, "ENV_Test_Right action_epoch14": 0.83328, "ENV_Test_Probability to choose the right action_epoch14": 0.782480468835573, "ENV_Test_Weighted right action_epoch14": 0.8619477403286375, "ENV_Test_Weighted probability to choose the right action:_epoch14": 0.8095759076195475, "ENV_Test_proba_accuracy_epoch14": 0.782480468835573, "ENV_Test_proba_accuracy_strategy_132_epoch14": 0.809852889290696, "ENV_Test_proba_accuracy_strategy_23_epoch14": 0.7875066075914544, "ENV_Test_proba_accuracy_strategy_107_epoch14": 0.8337658391099184, "ENV_Test_proba_accuracy_strategy_43_epoch14": 0.7778381752508977, "ENV_Test_proba_accuracy_strategy_17_epoch14": 0.758430905223126, "ENV_Test_proba_accuracy_strategy_93_epoch14": 0.7849354379282332, "ENV_Test_proba_accuracy_per_mean_strategy_epoch14": 0.7920549757323876, "ENV_Test_proba_accuracy_per_mean_user_epoch14": 0.790354698074941, "ENV_Test_proba_accuracy_per_mean_user_and_bot_epoch14": 0.8095759076195475, "ENV_Test_accuracy_epoch14": 0.83328, "ENV_Test_accuracy_strategy_132_epoch14": 0.8555240793201133, "ENV_Test_accuracy_strategy_23_epoch14": 0.840523509452254, "ENV_Test_accuracy_strategy_107_epoch14": 0.8850574712643678, "ENV_Test_accuracy_strategy_43_epoch14": 0.8307888040712468, "ENV_Test_accuracy_strategy_17_epoch14": 0.8073956442831216, "ENV_Test_accuracy_strategy_93_epoch14": 0.8354898336414048, "ENV_Test_accuracy_per_mean_strategy_epoch14": 0.8424632236720847, "ENV_Test_accuracy_per_mean_user_epoch14": 0.8407074219463221, "ENV_Test_accuracy_per_mean_user_and_bot_epoch14": 0.8619477403286369, "ENV_Train_TotalLoss_epoch15": 725.2137644702734, "ENV_Train_Right action_epoch15": 0.8611526579907463, "ENV_Train_Probability to choose the right action_epoch15": 0.8004581441359182, "ENV_Train_Weighted right action_epoch15": 0.8611526579907463, "ENV_Train_Weighted probability to choose the right action:_epoch15": 0.8004581441359182, "ENV_Test_TotalLoss_epoch15": 199.19654403614655, "ENV_Test_Right action_epoch15": 0.832384, "ENV_Test_Probability to choose the right action_epoch15": 0.7881846369353384, "ENV_Test_Weighted right action_epoch15": 0.8650436518588529, "ENV_Test_Weighted probability to choose the right action:_epoch15": 0.8200761358552441, "ENV_Test_proba_accuracy_epoch15": 0.7881846369353381, "ENV_Test_proba_accuracy_strategy_132_epoch15": 0.8200017864811879, "ENV_Test_proba_accuracy_strategy_23_epoch15": 0.7894450289724145, "ENV_Test_proba_accuracy_strategy_107_epoch15": 0.8512945803040914, "ENV_Test_proba_accuracy_strategy_43_epoch15": 0.7884140618426817, "ENV_Test_proba_accuracy_strategy_17_epoch15": 0.7626158734331251, "ENV_Test_proba_accuracy_strategy_93_epoch15": 0.7973848798059016, "ENV_Test_proba_accuracy_per_mean_strategy_epoch15": 0.8015260351399004, "ENV_Test_proba_accuracy_per_mean_user_epoch15": 0.7968907579189844, "ENV_Test_proba_accuracy_per_mean_user_and_bot_epoch15": 0.8200761358552442, "ENV_Test_accuracy_epoch15": 0.832384, "ENV_Test_accuracy_strategy_132_epoch15": 0.8560906515580736, "ENV_Test_accuracy_strategy_23_epoch15": 0.8345451607691065, "ENV_Test_accuracy_strategy_107_epoch15": 0.9014778325123153, "ENV_Test_accuracy_strategy_43_epoch15": 0.8269720101781171, "ENV_Test_accuracy_strategy_17_epoch15": 0.8101179673321234, "ENV_Test_accuracy_strategy_93_epoch15": 0.8410351201478743, "ENV_Test_accuracy_per_mean_strategy_epoch15": 0.8450397904162683, "ENV_Test_accuracy_per_mean_user_epoch15": 0.8392184246025999, "ENV_Test_accuracy_per_mean_user_and_bot_epoch15": 0.8650436518588523, "ENV_Train_TotalLoss_epoch16": 720.8906706363235, "ENV_Train_Right action_epoch16": 0.8607371996477544, "ENV_Train_Probability to choose the right action_epoch16": 0.8019367870138224, "ENV_Train_Weighted right action_epoch16": 0.8607371996477544, "ENV_Train_Weighted probability to choose the right action:_epoch16": 0.8019367870138224, "ENV_Test_TotalLoss_epoch16": 195.03124653321004, "ENV_Test_Right action_epoch16": 0.836096, "ENV_Test_Probability to choose the right action_epoch16": 0.7903639684898517, "ENV_Test_Weighted right action_epoch16": 0.8662116114105478, "ENV_Test_Weighted probability to choose the right action:_epoch16": 0.8207480186783628, "ENV_Test_proba_accuracy_epoch16": 0.7903639684898521, "ENV_Test_proba_accuracy_strategy_132_epoch16": 0.8245398111275536, "ENV_Test_proba_accuracy_strategy_23_epoch16": 0.7910886871482116, "ENV_Test_proba_accuracy_strategy_107_epoch16": 0.8461972255538515, "ENV_Test_proba_accuracy_strategy_43_epoch16": 0.7849624555582871, "ENV_Test_proba_accuracy_strategy_17_epoch16": 0.7674680448630462, "ENV_Test_proba_accuracy_strategy_93_epoch16": 0.8001683216241188, "ENV_Test_proba_accuracy_per_mean_strategy_epoch16": 0.802404090979178, "ENV_Test_proba_accuracy_per_mean_user_epoch16": 0.7980807300669798, "ENV_Test_proba_accuracy_per_mean_user_and_bot_epoch16": 0.820748018678363, "ENV_Test_accuracy_epoch16": 0.836096, "ENV_Test_accuracy_strategy_132_epoch16": 0.8645892351274788, "ENV_Test_accuracy_strategy_23_epoch16": 0.8377767005978348, "ENV_Test_accuracy_strategy_107_epoch16": 0.8916256157635468, "ENV_Test_accuracy_strategy_43_epoch16": 0.8352417302798982, "ENV_Test_accuracy_strategy_17_epoch16": 0.8121597096188747, "ENV_Test_accuracy_strategy_93_epoch16": 0.8475046210720887, "ENV_Test_accuracy_per_mean_strategy_epoch16": 0.8481496020766204, "ENV_Test_accuracy_per_mean_user_epoch16": 0.841069300247611, "ENV_Test_accuracy_per_mean_user_and_bot_epoch16": 0.8662116114105475, "ENV_Train_TotalLoss_epoch17": 712.4708200111502, "ENV_Train_Right action_epoch17": 0.8631935028446023, "ENV_Train_Probability to choose the right action_epoch17": 0.8041761782954574, "ENV_Train_Weighted right action_epoch17": 0.8631935028446023, "ENV_Train_Weighted probability to choose the right action:_epoch17": 0.8041761782954574, "ENV_Test_TotalLoss_epoch17": 202.80065441522595, "ENV_Test_Right action_epoch17": 0.831872, "ENV_Test_Probability to choose the right action_epoch17": 0.7867214661265869, "ENV_Test_Weighted right action_epoch17": 0.8613213188751117, "ENV_Test_Weighted probability to choose the right action:_epoch17": 0.8114646769610516, "ENV_Test_proba_accuracy_epoch17": 0.786721466126587, "ENV_Test_proba_accuracy_strategy_132_epoch17": 0.8202425246854079, "ENV_Test_proba_accuracy_strategy_23_epoch17": 0.7900151797241708, "ENV_Test_proba_accuracy_strategy_107_epoch17": 0.8347335108364083, "ENV_Test_proba_accuracy_strategy_43_epoch17": 0.7778182863710966, "ENV_Test_proba_accuracy_strategy_17_epoch17": 0.7640667854976106, "ENV_Test_proba_accuracy_strategy_93_epoch17": 0.7914061553577456, "ENV_Test_proba_accuracy_per_mean_strategy_epoch17": 0.79638040707874, "ENV_Test_proba_accuracy_per_mean_user_epoch17": 0.7928312738033699, "ENV_Test_proba_accuracy_per_mean_user_and_bot_epoch17": 0.8114646769610523, "ENV_Test_accuracy_epoch17": 0.831872, "ENV_Test_accuracy_strategy_132_epoch17": 0.8628895184135977, "ENV_Test_accuracy_strategy_23_epoch17": 0.8347067377605429, "ENV_Test_accuracy_strategy_107_epoch17": 0.8916256157635468, "ENV_Test_accuracy_strategy_43_epoch17": 0.8263358778625954, "ENV_Test_accuracy_strategy_17_epoch17": 0.8069419237749547, "ENV_Test_accuracy_strategy_93_epoch17": 0.8410351201478743, "ENV_Test_accuracy_per_mean_strategy_epoch17": 0.8439224656205186, "ENV_Test_accuracy_per_mean_user_epoch17": 0.8362093151102122, "ENV_Test_accuracy_per_mean_user_and_bot_epoch17": 0.8613213188751107, "ENV_Train_TotalLoss_epoch18": 708.6678015150153, "ENV_Train_Right action_epoch18": 0.8645041368515206, "ENV_Train_Probability to choose the right action_epoch18": 0.8056276140656564, "ENV_Train_Weighted right action_epoch18": 0.8645041368515206, "ENV_Train_Weighted probability to choose the right action:_epoch18": 0.8056276140656564, "ENV_Test_TotalLoss_epoch18": 196.43291666654392, "ENV_Test_Right action_epoch18": 0.831552, "ENV_Test_Probability to choose the right action_epoch18": 0.7899492682007704, "ENV_Test_Weighted right action_epoch18": 0.8628322887243045, "ENV_Test_Weighted probability to choose the right action:_epoch18": 0.8186877803135618, "ENV_Test_proba_accuracy_epoch18": 0.7899492682007698, "ENV_Test_proba_accuracy_strategy_132_epoch18": 0.8210212856359506, "ENV_Test_proba_accuracy_strategy_23_epoch18": 0.7951134002101244, "ENV_Test_proba_accuracy_strategy_107_epoch18": 0.847580568495925, "ENV_Test_proba_accuracy_strategy_43_epoch18": 0.7816425268674808, "ENV_Test_proba_accuracy_strategy_17_epoch18": 0.7639051980193072, "ENV_Test_proba_accuracy_strategy_93_epoch18": 0.7954576536694182, "ENV_Test_proba_accuracy_per_mean_strategy_epoch18": 0.800786772149701, "ENV_Test_proba_accuracy_per_mean_user_epoch18": 0.7962519399810019, "ENV_Test_proba_accuracy_per_mean_user_and_bot_epoch18": 0.8186877803135623, "ENV_Test_accuracy_epoch18": 0.831552, "ENV_Test_accuracy_strategy_132_epoch18": 0.8640226628895185, "ENV_Test_accuracy_strategy_23_epoch18": 0.8374535466149621, "ENV_Test_accuracy_strategy_107_epoch18": 0.8916256157635468, "ENV_Test_accuracy_strategy_43_epoch18": 0.8225190839694656, "ENV_Test_accuracy_strategy_17_epoch18": 0.8042196007259528, "ENV_Test_accuracy_strategy_93_epoch18": 0.8354898336414048, "ENV_Test_accuracy_per_mean_strategy_epoch18": 0.8425550572674751, "ENV_Test_accuracy_per_mean_user_epoch18": 0.8371624493114544, "ENV_Test_accuracy_per_mean_user_and_bot_epoch18": 0.8628322887243044, "ENV_Train_TotalLoss_epoch19": 706.1612351001293, "ENV_Train_Right action_epoch19": 0.8657254682694996, "ENV_Train_Probability to choose the right action_epoch19": 0.8066481614891482, "ENV_Train_Weighted right action_epoch19": 0.8657254682694996, "ENV_Train_Weighted probability to choose the right action:_epoch19": 0.8066481614891482, "ENV_Test_TotalLoss_epoch19": 202.42386118141144, "ENV_Test_Right action_epoch19": 0.831872, "ENV_Test_Probability to choose the right action_epoch19": 0.789509038705681, "ENV_Test_Weighted right action_epoch19": 0.8650060539500375, "ENV_Test_Weighted probability to choose the right action:_epoch19": 0.8180920949338695, "ENV_Test_proba_accuracy_epoch19": 0.7895090387056811, "ENV_Test_proba_accuracy_strategy_132_epoch19": 0.8209784419076033, "ENV_Test_proba_accuracy_strategy_23_epoch19": 0.7924335990782698, "ENV_Test_proba_accuracy_strategy_107_epoch19": 0.8466907199288216, "ENV_Test_proba_accuracy_strategy_43_epoch19": 0.7825818877928538, "ENV_Test_proba_accuracy_strategy_17_epoch19": 0.7658340744127289, "ENV_Test_proba_accuracy_strategy_93_epoch19": 0.7957765795338338, "ENV_Test_proba_accuracy_per_mean_strategy_epoch19": 0.8007158837756853, "ENV_Test_proba_accuracy_per_mean_user_epoch19": 0.7964091821006618, "ENV_Test_proba_accuracy_per_mean_user_and_bot_epoch19": 0.8180920949338687, "ENV_Test_accuracy_epoch19": 0.831872, "ENV_Test_accuracy_strategy_132_epoch19": 0.861756373937677, "ENV_Test_accuracy_strategy_23_epoch19": 0.8364840846663435, "ENV_Test_accuracy_strategy_107_epoch19": 0.8981937602627258, "ENV_Test_accuracy_strategy_43_epoch19": 0.8263358778625954, "ENV_Test_accuracy_strategy_17_epoch19": 0.8055807622504537, "ENV_Test_accuracy_strategy_93_epoch19": 0.8345656192236599, "ENV_Test_accuracy_per_mean_strategy_epoch19": 0.8438194130339092, "ENV_Test_accuracy_per_mean_user_epoch19": 0.8381520100922867, "ENV_Test_accuracy_per_mean_user_and_bot_epoch19": 0.8650060539500375, "ENV_Train_TotalLoss_epoch20": 708.5479929080292, "ENV_Train_Right action_epoch20": 0.8658541698695998, "ENV_Train_Probability to choose the right action_epoch20": 0.8060256707115054, "ENV_Train_Weighted right action_epoch20": 0.8658541698695998, "ENV_Train_Weighted probability to choose the right action:_epoch20": 0.8060256707115054, "ENV_Test_TotalLoss_epoch20": 196.2885800675455, "ENV_Test_Right action_epoch20": 0.832576, "ENV_Test_Probability to choose the right action_epoch20": 0.7904154599888344, "ENV_Test_Weighted right action_epoch20": 0.8612357590435128, "ENV_Test_Weighted probability to choose the right action:_epoch20": 0.8181013322851765, "ENV_Test_proba_accuracy_epoch20": 0.7904154599888346, "ENV_Test_proba_accuracy_strategy_132_epoch20": 0.8190373323053466, "ENV_Test_proba_accuracy_strategy_23_epoch20": 0.7961027327138116, "ENV_Test_proba_accuracy_strategy_107_epoch20": 0.8425586789313843, "ENV_Test_proba_accuracy_strategy_43_epoch20": 0.7834845608731628, "ENV_Test_proba_accuracy_strategy_17_epoch20": 0.7666847723846213, "ENV_Test_proba_accuracy_strategy_93_epoch20": 0.788593730321245, "ENV_Test_proba_accuracy_per_mean_strategy_epoch20": 0.7994103012549286, "ENV_Test_proba_accuracy_per_mean_user_epoch20": 0.7969147983594671, "ENV_Test_proba_accuracy_per_mean_user_and_bot_epoch20": 0.8181013322851766, "ENV_Test_accuracy_epoch20": 0.832576, "ENV_Test_accuracy_strategy_132_epoch20": 0.8577903682719547, "ENV_Test_accuracy_strategy_23_epoch20": 0.8397156244950719, "ENV_Test_accuracy_strategy_107_epoch20": 0.8883415435139573, "ENV_Test_accuracy_strategy_43_epoch20": 0.8206106870229007, "ENV_Test_accuracy_strategy_17_epoch20": 0.8105716878402904, "ENV_Test_accuracy_strategy_93_epoch20": 0.8262476894639557, "ENV_Test_accuracy_per_mean_strategy_epoch20": 0.8405462667680218, "ENV_Test_accuracy_per_mean_user_epoch20": 0.8364519148933632, "ENV_Test_accuracy_per_mean_user_and_bot_epoch20": 0.8612357590435128, "ENV_Train_TotalLoss_epoch21": 699.2504638133861, "ENV_Train_Right action_epoch21": 0.8671567120377875, "ENV_Train_Probability to choose the right action_epoch21": 0.8085685508478092, "ENV_Train_Weighted right action_epoch21": 0.8671567120377875, "ENV_Train_Weighted probability to choose the right action:_epoch21": 0.8085685508478092, "ENV_Test_TotalLoss_epoch21": 204.2983762857188, "ENV_Test_Right action_epoch21": 0.833472, "ENV_Test_Probability to choose the right action_epoch21": 0.7959260664681892, "ENV_Test_Weighted right action_epoch21": 0.8643911436447503, "ENV_Test_Weighted probability to choose the right action:_epoch21": 0.8260249740191984, "ENV_Test_proba_accuracy_epoch21": 0.7959260664681906, "ENV_Test_proba_accuracy_strategy_132_epoch21": 0.8303985820292873, "ENV_Test_proba_accuracy_strategy_23_epoch21": 0.7996802224676329, "ENV_Test_proba_accuracy_strategy_107_epoch21": 0.8576756229278166, "ENV_Test_proba_accuracy_strategy_43_epoch21": 0.7901458643140054, "ENV_Test_proba_accuracy_strategy_17_epoch21": 0.7706503870801399, "ENV_Test_proba_accuracy_strategy_93_epoch21": 0.79483339659676, "ENV_Test_proba_accuracy_per_mean_strategy_epoch21": 0.8072306792359405, "ENV_Test_proba_accuracy_per_mean_user_epoch21": 0.8029199418567069, "ENV_Test_proba_accuracy_per_mean_user_and_bot_epoch21": 0.8260249740191994, "ENV_Test_accuracy_epoch21": 0.833472, "ENV_Test_accuracy_strategy_132_epoch21": 0.8606232294617564, "ENV_Test_accuracy_strategy_23_epoch21": 0.8374535466149621, "ENV_Test_accuracy_strategy_107_epoch21": 0.8998357963875205, "ENV_Test_accuracy_strategy_43_epoch21": 0.8244274809160306, "ENV_Test_accuracy_strategy_17_epoch21": 0.8107985480943739, "ENV_Test_accuracy_strategy_93_epoch21": 0.8345656192236599, "ENV_Test_accuracy_per_mean_strategy_epoch21": 0.8446173701163838, "ENV_Test_accuracy_per_mean_user_epoch21": 0.8378551887314761, "ENV_Test_accuracy_per_mean_user_and_bot_epoch21": 0.8643911436447501, "ENV_Train_TotalLoss_epoch22": 703.1870539708212, "ENV_Train_Right action_epoch22": 0.8652940272011853, "ENV_Train_Probability to choose the right action_epoch22": 0.807344439593059, "ENV_Train_Weighted right action_epoch22": 0.8652940272011853, "ENV_Train_Weighted probability to choose the right action:_epoch22": 0.807344439593059, "ENV_Test_TotalLoss_epoch22": 195.75299504794984, "ENV_Test_Right action_epoch22": 0.833984, "ENV_Test_Probability to choose the right action_epoch22": 0.7846845056214603, "ENV_Test_Weighted right action_epoch22": 0.8627545690146944, "ENV_Test_Weighted probability to choose the right action:_epoch22": 0.8111492258691027, "ENV_Test_proba_accuracy_epoch22": 0.7846845056214597, "ENV_Test_proba_accuracy_strategy_132_epoch22": 0.8153753439396252, "ENV_Test_proba_accuracy_strategy_23_epoch22": 0.7910859937828751, "ENV_Test_proba_accuracy_strategy_107_epoch22": 0.8397696969659555, "ENV_Test_proba_accuracy_strategy_43_epoch22": 0.7751164791173213, "ENV_Test_proba_accuracy_strategy_17_epoch22": 0.7605556079781628, "ENV_Test_proba_accuracy_strategy_93_epoch22": 0.7792003069937322, "ENV_Test_proba_accuracy_per_mean_strategy_epoch22": 0.793517238129612, "ENV_Test_proba_accuracy_per_mean_user_epoch22": 0.7911679847480363, "ENV_Test_proba_accuracy_per_mean_user_and_bot_epoch22": 0.8111492258691035, "ENV_Test_accuracy_epoch22": 0.833984, "ENV_Test_accuracy_strategy_132_epoch22": 0.8560906515580736, "ENV_Test_accuracy_strategy_23_epoch22": 0.8429471643238002, "ENV_Test_accuracy_strategy_107_epoch22": 0.8998357963875205, "ENV_Test_accuracy_strategy_43_epoch22": 0.8256997455470738, "ENV_Test_accuracy_strategy_17_epoch22": 0.8087568058076225, "ENV_Test_accuracy_strategy_93_epoch22": 0.8243992606284658, "ENV_Test_accuracy_per_mean_strategy_epoch22": 0.8429549040420928, "ENV_Test_accuracy_per_mean_user_epoch22": 0.8386857613074628, "ENV_Test_accuracy_per_mean_user_and_bot_epoch22": 0.8627545690146949, "ENV_Train_TotalLoss_epoch23": 697.9938774846421, "ENV_Train_Right action_epoch23": 0.8671315966010733, "ENV_Train_Probability to choose the right action_epoch23": 0.809107173511071, "ENV_Train_Weighted right action_epoch23": 0.8671315966010733, "ENV_Train_Weighted probability to choose the right action:_epoch23": 0.809107173511071, "ENV_Test_TotalLoss_epoch23": 201.71958148477802, "ENV_Test_Right action_epoch23": 0.833984, "ENV_Test_Probability to choose the right action_epoch23": 0.7913909024323813, "ENV_Test_Weighted right action_epoch23": 0.8578265235258017, "ENV_Test_Weighted probability to choose the right action:_epoch23": 0.8177254925549308, "ENV_Test_proba_accuracy_epoch23": 0.7913909024323802, "ENV_Test_proba_accuracy_strategy_132_epoch23": 0.8271483741800052, "ENV_Test_proba_accuracy_strategy_23_epoch23": 0.7956654831470309, "ENV_Test_proba_accuracy_strategy_107_epoch23": 0.8449011316725845, "ENV_Test_proba_accuracy_strategy_43_epoch23": 0.7810617261597192, "ENV_Test_proba_accuracy_strategy_17_epoch23": 0.7671307833872881, "ENV_Test_proba_accuracy_strategy_93_epoch23": 0.7923345462092507, "ENV_Test_proba_accuracy_per_mean_strategy_epoch23": 0.8013736741259797, "ENV_Test_proba_accuracy_per_mean_user_epoch23": 0.7979795126940024, "ENV_Test_proba_accuracy_per_mean_user_and_bot_epoch23": 0.817725492554931, "ENV_Test_accuracy_epoch23": 0.833984, "ENV_Test_accuracy_strategy_132_epoch23": 0.8685552407932011, "ENV_Test_accuracy_strategy_23_epoch23": 0.8411698174179997, "ENV_Test_accuracy_strategy_107_epoch23": 0.8834154351395731, "ENV_Test_accuracy_strategy_43_epoch23": 0.8136132315521628, "ENV_Test_accuracy_strategy_17_epoch23": 0.8119328493647913, "ENV_Test_accuracy_strategy_93_epoch23": 0.8280961182994455, "ENV_Test_accuracy_per_mean_strategy_epoch23": 0.8411304487611956, "ENV_Test_accuracy_per_mean_user_epoch23": 0.8381360921570732, "ENV_Test_accuracy_per_mean_user_and_bot_epoch23": 0.8578265235258015, "ENV_Train_TotalLoss_epoch24": 691.3195990156624, "ENV_Train_Right action_epoch24": 0.8690511132542245, "ENV_Train_Probability to choose the right action_epoch24": 0.8114620035800969, "ENV_Train_Weighted right action_epoch24": 0.8690511132542245, "ENV_Train_Weighted probability to choose the right action:_epoch24": 0.8114620035800969, "ENV_Test_TotalLoss_epoch24": 206.56278970214996, "ENV_Test_Right action_epoch24": 0.83136, "ENV_Test_Probability to choose the right action_epoch24": 0.7934686483678577, "ENV_Test_Weighted right action_epoch24": 0.8619130234795308, "ENV_Test_Weighted probability to choose the right action:_epoch24": 0.8216595359859049, "ENV_Test_proba_accuracy_epoch24": 0.7934686483678579, "ENV_Test_proba_accuracy_strategy_132_epoch24": 0.8222938401393557, "ENV_Test_proba_accuracy_strategy_23_epoch24": 0.7998538915813629, "ENV_Test_proba_accuracy_strategy_107_epoch24": 0.8462395715840144, "ENV_Test_proba_accuracy_strategy_43_epoch24": 0.7815671040321944, "ENV_Test_proba_accuracy_strategy_17_epoch24": 0.770303454862696, "ENV_Test_proba_accuracy_strategy_93_epoch24": 0.7918874789618529, "ENV_Test_proba_accuracy_per_mean_strategy_epoch24": 0.8020242235269127, "ENV_Test_proba_accuracy_per_mean_user_epoch24": 0.8006141888820143, "ENV_Test_proba_accuracy_per_mean_user_and_bot_epoch24": 0.8216595359859049, "ENV_Test_accuracy_epoch24": 0.83136, "ENV_Test_accuracy_strategy_132_epoch24": 0.8526912181303116, "ENV_Test_accuracy_strategy_23_epoch24": 0.8398772014865084, "ENV_Test_accuracy_strategy_107_epoch24": 0.8850574712643678, "ENV_Test_accuracy_strategy_43_epoch24": 0.811704834605598, "ENV_Test_accuracy_strategy_17_epoch24": 0.8117059891107078, "ENV_Test_accuracy_strategy_93_epoch24": 0.8262476894639557, "ENV_Test_accuracy_per_mean_strategy_epoch24": 0.8378807340102415, "ENV_Test_accuracy_per_mean_user_epoch24": 0.8384066295192305, "ENV_Test_accuracy_per_mean_user_and_bot_epoch24": 0.8619130234795309, "_wandb": {"runtime": 1998}}