{"ENV_Train_TotalLoss": 684.4494048801063, "ENV_Train_TotalLoss_epoch0": 1188.1705969574416, "ENV_Train_Right action": 0.8684081792388221, "ENV_Train_Right action_epoch0": 0.7449454372703266, "ENV_Train_Probability to choose the right action": 0.8139605636467813, "ENV_Train_Probability to choose the right action_epoch0": 0.6500348347371927, "ENV_Train_Weighted right action": 0.8684081792388221, "ENV_Train_Weighted right action_epoch0": 0.7449454372703266, "ENV_Train_Weighted probability to choose the right action:": 0.8139605636467813, "ENV_Train_Weighted probability to choose the right action:_epoch0": 0.6500348347371927, "_timestamp": 1720410676.0344694, "_runtime": 2002.2061343193054, "_step": 49, "ENV_Test_TotalLoss": 222.60753550629616, "ENV_Test_TotalLoss_epoch0": 238.16612030218565, "ENV_Test_Right action": 0.812928, "ENV_Test_Right action_epoch0": 0.763392, "ENV_Test_Probability to choose the right action": 0.780920539420391, "ENV_Test_Probability to choose the right action_epoch0": 0.7110992319556745, "ENV_Test_Weighted right action": 0.8477475766836309, "ENV_Test_Weighted right action_epoch0": 0.8245472607356205, "ENV_Test_Weighted probability to choose the right action:": 0.8200384832078573, "ENV_Test_Weighted probability to choose the right action:_epoch0": 0.764891439965783, "ENV_Test_proba_accuracy": 0.7809205394203914, "ENV_Test_proba_accuracy_epoch0": 0.7110992319556744, "ENV_Test_proba_accuracy_strategy_132": 0.8200500427826318, "ENV_Test_proba_accuracy_strategy_132_epoch0": 0.7671499672096701, "ENV_Test_proba_accuracy_strategy_23": 0.7819150064163343, "ENV_Test_proba_accuracy_strategy_23_epoch0": 0.7031008214219148, "ENV_Test_proba_accuracy_strategy_107": 0.8469816772187713, "ENV_Test_proba_accuracy_strategy_107_epoch0": 0.798267542753234, "ENV_Test_proba_accuracy_strategy_43": 0.7864523969932713, "ENV_Test_proba_accuracy_strategy_43_epoch0": 0.7329278278125438, "ENV_Test_proba_accuracy_strategy_17": 0.7522577484156725, "ENV_Test_proba_accuracy_strategy_17_epoch0": 0.6758048786987113, "ENV_Test_proba_accuracy_strategy_93": 0.782953755735342, "ENV_Test_proba_accuracy_strategy_93_epoch0": 0.7284283172275007, "ENV_Test_proba_accuracy_per_mean_strategy": 0.7951017712603372, "ENV_Test_proba_accuracy_per_mean_strategy_epoch0": 0.7342798925205959, "ENV_Test_proba_accuracy_per_mean_user": 0.7927298942773565, "ENV_Test_proba_accuracy_per_mean_user_epoch0": 0.7290810274763851, "ENV_Test_proba_accuracy_per_mean_user_and_bot": 0.8200384832078558, "ENV_Test_proba_accuracy_per_mean_user_and_bot_epoch0": 0.7648914399657837, "ENV_Test_accuracy": 0.812928, "ENV_Test_accuracy_epoch0": 0.763392, "ENV_Test_accuracy_strategy_132": 0.8441926345609065, "ENV_Test_accuracy_strategy_132_epoch0": 0.8288951841359773, "ENV_Test_accuracy_strategy_23": 0.8158022297624818, "ENV_Test_accuracy_strategy_23_epoch0": 0.7535950880594603, "ENV_Test_accuracy_strategy_107": 0.8686371100164204, "ENV_Test_accuracy_strategy_107_epoch0": 0.8637110016420362, "ENV_Test_accuracy_strategy_43": 0.8129770992366412, "ENV_Test_accuracy_strategy_43_epoch0": 0.7983460559796438, "ENV_Test_accuracy_strategy_17": 0.787431941923775, "ENV_Test_accuracy_strategy_17_epoch0": 0.72005444646098, "ENV_Test_accuracy_strategy_93": 0.8179297597042514, "ENV_Test_accuracy_strategy_93_epoch0": 0.7818853974121996, "ENV_Test_accuracy_per_mean_strategy": 0.824495129200746, "ENV_Test_accuracy_per_mean_strategy_epoch0": 0.7910811956150495, "ENV_Test_accuracy_per_mean_user": 0.8226621167382133, "ENV_Test_accuracy_per_mean_user_epoch0": 0.7841538249717926, "ENV_Test_accuracy_per_mean_user_and_bot": 0.8477475766836305, "ENV_Test_accuracy_per_mean_user_and_bot_epoch0": 0.8245472607356208, "ENV_Train_TotalLoss_epoch1": 1000.6594429614893, "ENV_Train_Right action_epoch1": 0.7935420743639922, "ENV_Train_Probability to choose the right action_epoch1": 0.7165596548500848, "ENV_Train_Weighted right action_epoch1": 0.7935420743639922, "ENV_Train_Weighted probability to choose the right action:_epoch1": 0.7165596548500848, "ENV_Test_TotalLoss_epoch1": 221.74642611728498, "ENV_Test_Right action_epoch1": 0.783168, "ENV_Test_Probability to choose the right action_epoch1": 0.7257868427206486, "ENV_Test_Weighted right action_epoch1": 0.8399085950200215, "ENV_Test_Weighted probability to choose the right action:_epoch1": 0.7761852930018945, "ENV_Test_proba_accuracy_epoch1": 0.7257868427206493, "ENV_Test_proba_accuracy_strategy_132_epoch1": 0.7750527240749959, "ENV_Test_proba_accuracy_strategy_23_epoch1": 0.7190554583367834, "ENV_Test_proba_accuracy_strategy_107_epoch1": 0.8111073080690993, "ENV_Test_proba_accuracy_strategy_43_epoch1": 0.7445282077324663, "ENV_Test_proba_accuracy_strategy_17_epoch1": 0.6934220342484625, "ENV_Test_proba_accuracy_strategy_93_epoch1": 0.7405269017880619, "ENV_Test_proba_accuracy_per_mean_strategy_epoch1": 0.7472821057083117, "ENV_Test_proba_accuracy_per_mean_user_epoch1": 0.7418913730557914, "ENV_Test_proba_accuracy_per_mean_user_and_bot_epoch1": 0.7761852930018948, "ENV_Test_accuracy_epoch1": 0.783168, "ENV_Test_accuracy_strategy_132_epoch1": 0.8328611898016998, "ENV_Test_accuracy_strategy_23_epoch1": 0.7794474066892875, "ENV_Test_accuracy_strategy_107_epoch1": 0.8883415435139573, "ENV_Test_accuracy_strategy_43_epoch1": 0.8027989821882952, "ENV_Test_accuracy_strategy_17_epoch1": 0.7418330308529946, "ENV_Test_accuracy_strategy_93_epoch1": 0.8040665434380776, "ENV_Test_accuracy_per_mean_strategy_epoch1": 0.8082247827473853, "ENV_Test_accuracy_per_mean_user_epoch1": 0.8005291071244894, "ENV_Test_accuracy_per_mean_user_and_bot_epoch1": 0.8399085950200216, "ENV_Train_TotalLoss_epoch2": 943.9019237282993, "ENV_Train_Right action_epoch2": 0.8075057656020687, "ENV_Train_Probability to choose the right action_epoch2": 0.7336380574632064, "ENV_Train_Weighted right action_epoch2": 0.8075057656020687, "ENV_Train_Weighted probability to choose the right action:_epoch2": 0.7336380574632064, "ENV_Test_TotalLoss_epoch2": 219.7090631102938, "ENV_Test_Right action_epoch2": 0.784704, "ENV_Test_Probability to choose the right action_epoch2": 0.7330843915524017, "ENV_Test_Weighted right action_epoch2": 0.8348791414808923, "ENV_Test_Weighted probability to choose the right action:_epoch2": 0.7812765024620945, "ENV_Test_proba_accuracy_epoch2": 0.7330843915524016, "ENV_Test_proba_accuracy_strategy_132_epoch2": 0.7780895154020088, "ENV_Test_proba_accuracy_strategy_23_epoch2": 0.7304088021795483, "ENV_Test_proba_accuracy_strategy_107_epoch2": 0.8137266818714177, "ENV_Test_proba_accuracy_strategy_43_epoch2": 0.7512611288289529, "ENV_Test_proba_accuracy_strategy_17_epoch2": 0.6982604063374095, "ENV_Test_proba_accuracy_strategy_93_epoch2": 0.7450477187785556, "ENV_Test_proba_accuracy_per_mean_strategy_epoch2": 0.7527990422329821, "ENV_Test_proba_accuracy_per_mean_user_epoch2": 0.7487590725779103, "ENV_Test_proba_accuracy_per_mean_user_and_bot_epoch2": 0.7812765024620949, "ENV_Test_accuracy_epoch2": 0.784704, "ENV_Test_accuracy_strategy_132_epoch2": 0.8260623229461757, "ENV_Test_accuracy_strategy_23_epoch2": 0.7875262562611084, "ENV_Test_accuracy_strategy_107_epoch2": 0.8686371100164204, "ENV_Test_accuracy_strategy_43_epoch2": 0.8027989821882952, "ENV_Test_accuracy_strategy_17_epoch2": 0.7463702359346642, "ENV_Test_accuracy_strategy_93_epoch2": 0.7837338262476895, "ENV_Test_accuracy_per_mean_strategy_epoch2": 0.802521455599059, "ENV_Test_accuracy_per_mean_user_epoch2": 0.802350205561497, "ENV_Test_accuracy_per_mean_user_and_bot_epoch2": 0.8348791414808922, "ENV_Train_TotalLoss_epoch3": 920.0784208865894, "ENV_Train_Right action_epoch3": 0.8145953575471303, "ENV_Train_Probability to choose the right action_epoch3": 0.7417621922586923, "ENV_Train_Weighted right action_epoch3": 0.8145953575471303, "ENV_Train_Weighted probability to choose the right action:_epoch3": 0.7417621922586923, "ENV_Test_TotalLoss_epoch3": 218.60921268256976, "ENV_Test_Right action_epoch3": 0.788992, "ENV_Test_Probability to choose the right action_epoch3": 0.7445576407336109, "ENV_Test_Weighted right action_epoch3": 0.8426018556653541, "ENV_Test_Weighted probability to choose the right action:_epoch3": 0.7975304292850074, "ENV_Test_proba_accuracy_epoch3": 0.7445576407336111, "ENV_Test_proba_accuracy_strategy_132_epoch3": 0.7992496541166958, "ENV_Test_proba_accuracy_strategy_23_epoch3": 0.7403867991708893, "ENV_Test_proba_accuracy_strategy_107_epoch3": 0.8343656679633223, "ENV_Test_proba_accuracy_strategy_43_epoch3": 0.764709498371578, "ENV_Test_proba_accuracy_strategy_17_epoch3": 0.706849493105404, "ENV_Test_proba_accuracy_strategy_93_epoch3": 0.7529935379294508, "ENV_Test_proba_accuracy_per_mean_strategy_epoch3": 0.7664257751095568, "ENV_Test_proba_accuracy_per_mean_user_epoch3": 0.7611009496607587, "ENV_Test_proba_accuracy_per_mean_user_and_bot_epoch3": 0.7975304292850085, "ENV_Test_accuracy_epoch3": 0.788992, "ENV_Test_accuracy_strategy_132_epoch3": 0.8390934844192635, "ENV_Test_accuracy_strategy_23_epoch3": 0.7896267571497819, "ENV_Test_accuracy_strategy_107_epoch3": 0.8834154351395731, "ENV_Test_accuracy_strategy_43_epoch3": 0.8053435114503816, "ENV_Test_accuracy_strategy_17_epoch3": 0.7486388384754991, "ENV_Test_accuracy_strategy_93_epoch3": 0.7911275415896488, "ENV_Test_accuracy_per_mean_strategy_epoch3": 0.8095409280373582, "ENV_Test_accuracy_per_mean_user_epoch3": 0.8058343772628906, "ENV_Test_accuracy_per_mean_user_and_bot_epoch3": 0.8426018556653546, "ENV_Train_TotalLoss_epoch4": 902.1289012107685, "ENV_Train_Right action_epoch4": 0.8185744234800839, "ENV_Train_Probability to choose the right action_epoch4": 0.74704197598834, "ENV_Train_Weighted right action_epoch4": 0.8185744234800839, "ENV_Train_Weighted probability to choose the right action:_epoch4": 0.74704197598834, "ENV_Test_TotalLoss_epoch4": 216.16819045363545, "ENV_Test_Right action_epoch4": 0.793984, "ENV_Test_Probability to choose the right action_epoch4": 0.7458925268315455, "ENV_Test_Weighted right action_epoch4": 0.8429839891663418, "ENV_Test_Weighted probability to choose the right action:_epoch4": 0.7982131510215086, "ENV_Test_proba_accuracy_epoch4": 0.7458925268315447, "ENV_Test_proba_accuracy_strategy_132_epoch4": 0.8019412253720873, "ENV_Test_proba_accuracy_strategy_23_epoch4": 0.7425719929336254, "ENV_Test_proba_accuracy_strategy_107_epoch4": 0.8344608239145914, "ENV_Test_proba_accuracy_strategy_43_epoch4": 0.7629918751716367, "ENV_Test_proba_accuracy_strategy_17_epoch4": 0.7075143631186521, "ENV_Test_proba_accuracy_strategy_93_epoch4": 0.755113884042629, "ENV_Test_proba_accuracy_per_mean_strategy_epoch4": 0.7674323607588703, "ENV_Test_proba_accuracy_per_mean_user_epoch4": 0.7631573558028648, "ENV_Test_proba_accuracy_per_mean_user_and_bot_epoch4": 0.7982131510215095, "ENV_Test_accuracy_epoch4": 0.793984, "ENV_Test_accuracy_strategy_132_epoch4": 0.8447592067988668, "ENV_Test_accuracy_strategy_23_epoch4": 0.7944740668928745, "ENV_Test_accuracy_strategy_107_epoch4": 0.8702791461412152, "ENV_Test_accuracy_strategy_43_epoch4": 0.8078880407124682, "ENV_Test_accuracy_strategy_17_epoch4": 0.7568058076225045, "ENV_Test_accuracy_strategy_93_epoch4": 0.7966728280961183, "ENV_Test_accuracy_per_mean_strategy_epoch4": 0.8118131827106745, "ENV_Test_accuracy_per_mean_user_epoch4": 0.8099535150332362, "ENV_Test_accuracy_per_mean_user_and_bot_epoch4": 0.8429839891663413, "ENV_Train_TotalLoss_epoch5": 879.4755825662768, "ENV_Train_Right action_epoch5": 0.823606704035561, "ENV_Train_Probability to choose the right action_epoch5": 0.7540567463848251, "ENV_Train_Weighted right action_epoch5": 0.823606704035561, "ENV_Train_Weighted probability to choose the right action:_epoch5": 0.7540567463848251, "ENV_Test_TotalLoss_epoch5": 220.15309100886284, "ENV_Test_Right action_epoch5": 0.796352, "ENV_Test_Probability to choose the right action_epoch5": 0.7534929381045701, "ENV_Test_Weighted right action_epoch5": 0.8440407863084253, "ENV_Test_Weighted probability to choose the right action:_epoch5": 0.8033298137262155, "ENV_Test_proba_accuracy_epoch5": 0.7534929381045706, "ENV_Test_proba_accuracy_strategy_132_epoch5": 0.803759220407503, "ENV_Test_proba_accuracy_strategy_23_epoch5": 0.7522930254281088, "ENV_Test_proba_accuracy_strategy_107_epoch5": 0.8383359461998466, "ENV_Test_proba_accuracy_strategy_43_epoch5": 0.7655363967792923, "ENV_Test_proba_accuracy_strategy_17_epoch5": 0.7161651011097389, "ENV_Test_proba_accuracy_strategy_93_epoch5": 0.7651802466040907, "ENV_Test_proba_accuracy_per_mean_strategy_epoch5": 0.77354498942143, "ENV_Test_proba_accuracy_per_mean_user_epoch5": 0.7694340387651865, "ENV_Test_proba_accuracy_per_mean_user_and_bot_epoch5": 0.8033298137262155, "ENV_Test_accuracy_epoch5": 0.796352, "ENV_Test_accuracy_strategy_132_epoch5": 0.8356940509915014, "ENV_Test_accuracy_strategy_23_epoch5": 0.7999676846017127, "ENV_Test_accuracy_strategy_107_epoch5": 0.8784893267651889, "ENV_Test_accuracy_strategy_43_epoch5": 0.8085241730279898, "ENV_Test_accuracy_strategy_17_epoch5": 0.7558983666061706, "ENV_Test_accuracy_strategy_93_epoch5": 0.8123844731977818, "ENV_Test_accuracy_per_mean_strategy_epoch5": 0.8151596791983909, "ENV_Test_accuracy_per_mean_user_epoch5": 0.8107954789014594, "ENV_Test_accuracy_per_mean_user_and_bot_epoch5": 0.8440407863084256, "ENV_Train_TotalLoss_epoch6": 866.0376261400743, "ENV_Train_Right action_epoch6": 0.8280642907058001, "ENV_Train_Probability to choose the right action_epoch6": 0.7586546964109702, "ENV_Train_Weighted right action_epoch6": 0.8280642907058001, "ENV_Train_Weighted probability to choose the right action:_epoch6": 0.7586546964109702, "ENV_Test_TotalLoss_epoch6": 206.61238951128752, "ENV_Test_Right action_epoch6": 0.80608, "ENV_Test_Probability to choose the right action_epoch6": 0.7554872867308476, "ENV_Test_Weighted right action_epoch6": 0.8501612761379318, "ENV_Test_Weighted probability to choose the right action:_epoch6": 0.8041956779550865, "ENV_Test_proba_accuracy_epoch6": 0.755487286730847, "ENV_Test_proba_accuracy_strategy_132_epoch6": 0.8055174835669829, "ENV_Test_proba_accuracy_strategy_23_epoch6": 0.7537194140407406, "ENV_Test_proba_accuracy_strategy_107_epoch6": 0.838922389695029, "ENV_Test_proba_accuracy_strategy_43_epoch6": 0.769299622868978, "ENV_Test_proba_accuracy_strategy_17_epoch6": 0.7197888195542055, "ENV_Test_proba_accuracy_strategy_93_epoch6": 0.7623929612813044, "ENV_Test_proba_accuracy_per_mean_strategy_epoch6": 0.7749401151678734, "ENV_Test_proba_accuracy_per_mean_user_epoch6": 0.7706605953049325, "ENV_Test_proba_accuracy_per_mean_user_and_bot_epoch6": 0.804195677955088, "ENV_Test_accuracy_epoch6": 0.80608, "ENV_Test_accuracy_strategy_132_epoch6": 0.8487252124645892, "ENV_Test_accuracy_strategy_23_epoch6": 0.8072386492163516, "ENV_Test_accuracy_strategy_107_epoch6": 0.8784893267651889, "ENV_Test_accuracy_strategy_43_epoch6": 0.8193384223918575, "ENV_Test_accuracy_strategy_17_epoch6": 0.7710980036297641, "ENV_Test_accuracy_strategy_93_epoch6": 0.8123844731977818, "ENV_Test_accuracy_per_mean_strategy_epoch6": 0.8228790146109222, "ENV_Test_accuracy_per_mean_user_epoch6": 0.8191519240855795, "ENV_Test_accuracy_per_mean_user_and_bot_epoch6": 0.850161276137931, "ENV_Train_TotalLoss_epoch7": 852.5626662754362, "ENV_Train_Right action_epoch7": 0.831064460222508, "ENV_Train_Probability to choose the right action_epoch7": 0.7629105539538913, "ENV_Train_Weighted right action_epoch7": 0.831064460222508, "ENV_Train_Weighted probability to choose the right action:_epoch7": 0.7629105539538913, "ENV_Test_TotalLoss_epoch7": 210.83739938900305, "ENV_Test_Right action_epoch7": 0.80704, "ENV_Test_Probability to choose the right action_epoch7": 0.7630594617354866, "ENV_Test_Weighted right action_epoch7": 0.8530618403453724, "ENV_Test_Weighted probability to choose the right action:_epoch7": 0.8072502210949258, "ENV_Test_proba_accuracy_epoch7": 0.763059461735486, "ENV_Test_proba_accuracy_strategy_132_epoch7": 0.8098897696166805, "ENV_Test_proba_accuracy_strategy_23_epoch7": 0.7639421970604635, "ENV_Test_proba_accuracy_strategy_107_epoch7": 0.8341272072742846, "ENV_Test_proba_accuracy_strategy_43_epoch7": 0.7695790065354193, "ENV_Test_proba_accuracy_strategy_17_epoch7": 0.7288083314174917, "ENV_Test_proba_accuracy_strategy_93_epoch7": 0.7716835455122905, "ENV_Test_proba_accuracy_per_mean_strategy_epoch7": 0.779671676236105, "ENV_Test_proba_accuracy_per_mean_user_epoch7": 0.7770385499515227, "ENV_Test_proba_accuracy_per_mean_user_and_bot_epoch7": 0.8072502210949254, "ENV_Test_accuracy_epoch7": 0.80704, "ENV_Test_accuracy_strategy_132_epoch7": 0.8498583569405099, "ENV_Test_accuracy_strategy_23_epoch7": 0.81047018904508, "ENV_Test_accuracy_strategy_107_epoch7": 0.8817733990147784, "ENV_Test_accuracy_strategy_43_epoch7": 0.8136132315521628, "ENV_Test_accuracy_strategy_17_epoch7": 0.7717785843920145, "ENV_Test_accuracy_strategy_93_epoch7": 0.8096118299445472, "ENV_Test_accuracy_per_mean_strategy_epoch7": 0.8228509318148488, "ENV_Test_accuracy_per_mean_user_epoch7": 0.8205453200568564, "ENV_Test_accuracy_per_mean_user_and_bot_epoch7": 0.8530618403453725, "ENV_Train_TotalLoss_epoch8": 830.9878155056658, "ENV_Train_Right action_epoch8": 0.8364896784022139, "ENV_Train_Probability to choose the right action_epoch8": 0.7689024203082027, "ENV_Train_Weighted right action_epoch8": 0.8364896784022139, "ENV_Train_Weighted probability to choose the right action:_epoch8": 0.7689024203082027, "ENV_Test_TotalLoss_epoch8": 209.12120788500403, "ENV_Test_Right action_epoch8": 0.809344, "ENV_Test_Probability to choose the right action_epoch8": 0.7632454164773128, "ENV_Test_Weighted right action_epoch8": 0.8518944530456957, "ENV_Test_Weighted probability to choose the right action:_epoch8": 0.8131573083225885, "ENV_Test_proba_accuracy_epoch8": 0.7632454164773126, "ENV_Test_proba_accuracy_strategy_132_epoch8": 0.8148794316227645, "ENV_Test_proba_accuracy_strategy_23_epoch8": 0.7612478865249009, "ENV_Test_proba_accuracy_strategy_107_epoch8": 0.8432451816868759, "ENV_Test_proba_accuracy_strategy_43_epoch8": 0.7744996909051728, "ENV_Test_proba_accuracy_strategy_17_epoch8": 0.7283137709719436, "ENV_Test_proba_accuracy_strategy_93_epoch8": 0.7713746152926544, "ENV_Test_proba_accuracy_per_mean_strategy_epoch8": 0.7822600961673852, "ENV_Test_proba_accuracy_per_mean_user_epoch8": 0.7794534958657303, "ENV_Test_proba_accuracy_per_mean_user_and_bot_epoch8": 0.8131573083225893, "ENV_Test_accuracy_epoch8": 0.809344, "ENV_Test_accuracy_strategy_132_epoch8": 0.8481586402266289, "ENV_Test_accuracy_strategy_23_epoch8": 0.8114396509936985, "ENV_Test_accuracy_strategy_107_epoch8": 0.8752052545155994, "ENV_Test_accuracy_strategy_43_epoch8": 0.8142493638676844, "ENV_Test_accuracy_strategy_17_epoch8": 0.7767695099818511, "ENV_Test_accuracy_strategy_93_epoch8": 0.822550831792976, "ENV_Test_accuracy_per_mean_strategy_epoch8": 0.8247288752297397, "ENV_Test_accuracy_per_mean_user_epoch8": 0.8220639047977139, "ENV_Test_accuracy_per_mean_user_and_bot_epoch8": 0.8518944530456958, "ENV_Train_TotalLoss_epoch9": 820.909428278069, "ENV_Train_Right action_epoch9": 0.8387565693838757, "ENV_Train_Probability to choose the right action_epoch9": 0.772277845066529, "ENV_Train_Weighted right action_epoch9": 0.8387565693838757, "ENV_Train_Weighted probability to choose the right action:_epoch9": 0.772277845066529, "ENV_Test_TotalLoss_epoch9": 205.72732470298214, "ENV_Test_Right action_epoch9": 0.811456, "ENV_Test_Probability to choose the right action_epoch9": 0.7619102701753259, "ENV_Test_Weighted right action_epoch9": 0.852025343989094, "ENV_Test_Weighted probability to choose the right action:_epoch9": 0.8053601229171679, "ENV_Test_proba_accuracy_epoch9": 0.7619102701753265, "ENV_Test_proba_accuracy_strategy_132_epoch9": 0.8068955632528805, "ENV_Test_proba_accuracy_strategy_23_epoch9": 0.7619411613965718, "ENV_Test_proba_accuracy_strategy_107_epoch9": 0.835587184751472, "ENV_Test_proba_accuracy_strategy_43_epoch9": 0.770511115210086, "ENV_Test_proba_accuracy_strategy_17_epoch9": 0.728691006879075, "ENV_Test_proba_accuracy_strategy_93_epoch9": 0.7697203581496266, "ENV_Test_proba_accuracy_per_mean_strategy_epoch9": 0.778891064939952, "ENV_Test_proba_accuracy_per_mean_user_epoch9": 0.7754654558338563, "ENV_Test_proba_accuracy_per_mean_user_and_bot_epoch9": 0.8053601229171673, "ENV_Test_accuracy_epoch9": 0.811456, "ENV_Test_accuracy_strategy_132_epoch9": 0.8458923512747876, "ENV_Test_accuracy_strategy_23_epoch9": 0.8149943448052998, "ENV_Test_accuracy_strategy_107_epoch9": 0.8834154351395731, "ENV_Test_accuracy_strategy_43_epoch9": 0.8180661577608143, "ENV_Test_accuracy_strategy_17_epoch9": 0.7781306715063521, "ENV_Test_accuracy_strategy_93_epoch9": 0.8207024029574861, "ENV_Test_accuracy_per_mean_strategy_epoch9": 0.8268668939073857, "ENV_Test_accuracy_per_mean_user_epoch9": 0.8235312285431237, "ENV_Test_accuracy_per_mean_user_and_bot_epoch9": 0.8520253439890937, "ENV_Train_TotalLoss_epoch10": 806.3986324835201, "ENV_Train_Right action_epoch10": 0.8417463245569903, "ENV_Train_Probability to choose the right action_epoch10": 0.7767795648736575, "ENV_Train_Weighted right action_epoch10": 0.8417463245569903, "ENV_Train_Weighted probability to choose the right action:_epoch10": 0.7767795648736575, "ENV_Test_TotalLoss_epoch10": 211.30097361134776, "ENV_Test_Right action_epoch10": 0.810496, "ENV_Test_Probability to choose the right action_epoch10": 0.7640889224069514, "ENV_Test_Weighted right action_epoch10": 0.853116762491916, "ENV_Test_Weighted probability to choose the right action:_epoch10": 0.8131932373789474, "ENV_Test_proba_accuracy_epoch10": 0.7640889224069524, "ENV_Test_proba_accuracy_strategy_132_epoch10": 0.8159314772382182, "ENV_Test_proba_accuracy_strategy_23_epoch10": 0.7616282849679339, "ENV_Test_proba_accuracy_strategy_107_epoch10": 0.8452311072648833, "ENV_Test_proba_accuracy_strategy_43_epoch10": 0.7800434708185237, "ENV_Test_proba_accuracy_strategy_17_epoch10": 0.7285637211889379, "ENV_Test_proba_accuracy_strategy_93_epoch10": 0.7694731387844369, "ENV_Test_proba_accuracy_per_mean_strategy_epoch10": 0.7834785333771558, "ENV_Test_proba_accuracy_per_mean_user_epoch10": 0.7800478996977503, "ENV_Test_proba_accuracy_per_mean_user_and_bot_epoch10": 0.8131932373789483, "ENV_Test_accuracy_epoch10": 0.810496, "ENV_Test_accuracy_strategy_132_epoch10": 0.8475920679886686, "ENV_Test_accuracy_strategy_23_epoch10": 0.812409112942317, "ENV_Test_accuracy_strategy_107_epoch10": 0.8752052545155994, "ENV_Test_accuracy_strategy_43_epoch10": 0.8155216284987278, "ENV_Test_accuracy_strategy_17_epoch10": 0.7824410163339383, "ENV_Test_accuracy_strategy_93_epoch10": 0.8096118299445472, "ENV_Test_accuracy_per_mean_strategy_epoch10": 0.8237968183706329, "ENV_Test_accuracy_per_mean_user_epoch10": 0.8245862203426282, "ENV_Test_accuracy_per_mean_user_and_bot_epoch10": 0.8531167624919165, "ENV_Train_TotalLoss_epoch11": 796.4511068918985, "ENV_Train_Right action_epoch11": 0.8442164700620562, "ENV_Train_Probability to choose the right action_epoch11": 0.7803616972849234, "ENV_Train_Weighted right action_epoch11": 0.8442164700620562, "ENV_Train_Weighted probability to choose the right action:_epoch11": 0.7803616972849234, "ENV_Test_TotalLoss_epoch11": 202.9941615300412, "ENV_Test_Right action_epoch11": 0.808832, "ENV_Test_Probability to choose the right action_epoch11": 0.7624939687940628, "ENV_Test_Weighted right action_epoch11": 0.8514857110318955, "ENV_Test_Weighted probability to choose the right action:_epoch11": 0.8097776536570539, "ENV_Test_proba_accuracy_epoch11": 0.7624939687940626, "ENV_Test_proba_accuracy_strategy_132_epoch11": 0.8084005177679383, "ENV_Test_proba_accuracy_strategy_23_epoch11": 0.7598489061120848, "ENV_Test_proba_accuracy_strategy_107_epoch11": 0.8426332060302523, "ENV_Test_proba_accuracy_strategy_43_epoch11": 0.7741390223978237, "ENV_Test_proba_accuracy_strategy_17_epoch11": 0.7303845453145018, "ENV_Test_proba_accuracy_strategy_93_epoch11": 0.7715260879768927, "ENV_Test_proba_accuracy_per_mean_strategy_epoch11": 0.781155380933249, "ENV_Test_proba_accuracy_per_mean_user_epoch11": 0.7776487985578826, "ENV_Test_proba_accuracy_per_mean_user_and_bot_epoch11": 0.8097776536570545, "ENV_Test_accuracy_epoch11": 0.808832, "ENV_Test_accuracy_strategy_132_epoch11": 0.8430594900849858, "ENV_Test_accuracy_strategy_23_epoch11": 0.8125706899337535, "ENV_Test_accuracy_strategy_107_epoch11": 0.8719211822660099, "ENV_Test_accuracy_strategy_43_epoch11": 0.806615776081425, "ENV_Test_accuracy_strategy_17_epoch11": 0.7788112522686026, "ENV_Test_accuracy_strategy_93_epoch11": 0.821626617375231, "ENV_Test_accuracy_per_mean_strategy_epoch11": 0.822434168001668, "ENV_Test_accuracy_per_mean_user_epoch11": 0.8219475409101412, "ENV_Test_accuracy_per_mean_user_and_bot_epoch11": 0.8514857110318963, "ENV_Train_TotalLoss_epoch12": 783.486876258377, "ENV_Train_Right action_epoch12": 0.8463505996142342, "ENV_Train_Probability to choose the right action_epoch12": 0.7838210679564298, "ENV_Train_Weighted right action_epoch12": 0.8463505996142342, "ENV_Train_Weighted probability to choose the right action:_epoch12": 0.7838210679564298, "ENV_Test_TotalLoss_epoch12": 206.80687855412975, "ENV_Test_Right action_epoch12": 0.812736, "ENV_Test_Probability to choose the right action_epoch12": 0.7618774309540794, "ENV_Test_Weighted right action_epoch12": 0.8540608681997377, "ENV_Test_Weighted probability to choose the right action:_epoch12": 0.8106811072314717, "ENV_Test_proba_accuracy_epoch12": 0.7618774309540796, "ENV_Test_proba_accuracy_strategy_132_epoch12": 0.8105324437567724, "ENV_Test_proba_accuracy_strategy_23_epoch12": 0.760129329920642, "ENV_Test_proba_accuracy_strategy_107_epoch12": 0.8401065618466864, "ENV_Test_proba_accuracy_strategy_43_epoch12": 0.7709094410579276, "ENV_Test_proba_accuracy_strategy_17_epoch12": 0.728943061132715, "ENV_Test_proba_accuracy_strategy_93_epoch12": 0.7695278387867217, "ENV_Test_proba_accuracy_per_mean_strategy_epoch12": 0.780024779416911, "ENV_Test_proba_accuracy_per_mean_user_epoch12": 0.7780773793849551, "ENV_Test_proba_accuracy_per_mean_user_and_bot_epoch12": 0.810681107231471, "ENV_Test_accuracy_epoch12": 0.812736, "ENV_Test_accuracy_strategy_132_epoch12": 0.8475920679886686, "ENV_Test_accuracy_strategy_23_epoch12": 0.8153174987881726, "ENV_Test_accuracy_strategy_107_epoch12": 0.8883415435139573, "ENV_Test_accuracy_strategy_43_epoch12": 0.8161577608142494, "ENV_Test_accuracy_strategy_17_epoch12": 0.7817604355716878, "ENV_Test_accuracy_strategy_93_epoch12": 0.8197781885397413, "ENV_Test_accuracy_per_mean_strategy_epoch12": 0.8281579158694128, "ENV_Test_accuracy_per_mean_user_epoch12": 0.8249017484753252, "ENV_Test_accuracy_per_mean_user_and_bot_epoch12": 0.854060868199737, "ENV_Train_TotalLoss_epoch13": 773.5488665369837, "ENV_Train_Right action_epoch13": 0.8485860859111813, "ENV_Train_Probability to choose the right action_epoch13": 0.7869261307524855, "ENV_Train_Weighted right action_epoch13": 0.8485860859111813, "ENV_Train_Weighted probability to choose the right action:_epoch13": 0.7869261307524855, "ENV_Test_TotalLoss_epoch13": 206.22227330735876, "ENV_Test_Right action_epoch13": 0.814976, "ENV_Test_Probability to choose the right action_epoch13": 0.7692379644970169, "ENV_Test_Weighted right action_epoch13": 0.8516443634343357, "ENV_Test_Weighted probability to choose the right action:_epoch13": 0.8093660100720483, "ENV_Test_proba_accuracy_epoch13": 0.7692379644970161, "ENV_Test_proba_accuracy_strategy_132_epoch13": 0.8103989803642414, "ENV_Test_proba_accuracy_strategy_23_epoch13": 0.7692807844644435, "ENV_Test_proba_accuracy_strategy_107_epoch13": 0.8413209606819826, "ENV_Test_proba_accuracy_strategy_43_epoch13": 0.7717804240128981, "ENV_Test_proba_accuracy_strategy_17_epoch13": 0.7408747014276423, "ENV_Test_proba_accuracy_strategy_93_epoch13": 0.7731342369463002, "ENV_Test_proba_accuracy_per_mean_strategy_epoch13": 0.7844650146495847, "ENV_Test_proba_accuracy_per_mean_user_epoch13": 0.7818951890061103, "ENV_Test_proba_accuracy_per_mean_user_and_bot_epoch13": 0.8093660100720478, "ENV_Test_accuracy_epoch13": 0.814976, "ENV_Test_accuracy_strategy_132_epoch13": 0.8521246458923513, "ENV_Test_accuracy_strategy_23_epoch13": 0.8146711908224269, "ENV_Test_accuracy_strategy_107_epoch13": 0.8883415435139573, "ENV_Test_accuracy_strategy_43_epoch13": 0.8097964376590331, "ENV_Test_accuracy_strategy_17_epoch13": 0.7912885662431942, "ENV_Test_accuracy_strategy_93_epoch13": 0.8188539741219963, "ENV_Test_accuracy_per_mean_strategy_epoch13": 0.8291793930421597, "ENV_Test_accuracy_per_mean_user_epoch13": 0.8252951583077539, "ENV_Test_accuracy_per_mean_user_and_bot_epoch13": 0.8516443634343356, "ENV_Train_TotalLoss_epoch14": 762.382645513571, "ENV_Train_Right action_epoch14": 0.8508768252637462, "ENV_Train_Probability to choose the right action_epoch14": 0.7902473620714443, "ENV_Train_Weighted right action_epoch14": 0.8508768252637462, "ENV_Train_Weighted probability to choose the right action:_epoch14": 0.7902473620714443, "ENV_Test_TotalLoss_epoch14": 211.23184484502403, "ENV_Test_Right action_epoch14": 0.8096, "ENV_Test_Probability to choose the right action_epoch14": 0.7593922239534386, "ENV_Test_Weighted right action_epoch14": 0.8505746561596644, "ENV_Test_Weighted probability to choose the right action:_epoch14": 0.802893571364578, "ENV_Test_proba_accuracy_epoch14": 0.7593922239534384, "ENV_Test_proba_accuracy_strategy_132_epoch14": 0.8056291602137235, "ENV_Test_proba_accuracy_strategy_23_epoch14": 0.7571633308360003, "ENV_Test_proba_accuracy_strategy_107_epoch14": 0.8288120515086603, "ENV_Test_proba_accuracy_strategy_43_epoch14": 0.7632667982504063, "ENV_Test_proba_accuracy_strategy_17_epoch14": 0.7306031652197508, "ENV_Test_proba_accuracy_strategy_93_epoch14": 0.7693008118707707, "ENV_Test_proba_accuracy_per_mean_strategy_epoch14": 0.775795886316552, "ENV_Test_proba_accuracy_per_mean_user_epoch14": 0.7730009593268177, "ENV_Test_proba_accuracy_per_mean_user_and_bot_epoch14": 0.8028935713645791, "ENV_Test_accuracy_epoch14": 0.8096, "ENV_Test_accuracy_strategy_132_epoch14": 0.8453257790368272, "ENV_Test_accuracy_strategy_23_epoch14": 0.8120859589594441, "ENV_Test_accuracy_strategy_107_epoch14": 0.8719211822660099, "ENV_Test_accuracy_strategy_43_epoch14": 0.7970737913486005, "ENV_Test_accuracy_strategy_17_epoch14": 0.7838021778584392, "ENV_Test_accuracy_strategy_93_epoch14": 0.8253234750462107, "ENV_Test_accuracy_per_mean_strategy_epoch14": 0.8225887274192553, "ENV_Test_accuracy_per_mean_user_epoch14": 0.8224283674880253, "ENV_Test_accuracy_per_mean_user_and_bot_epoch14": 0.8505746561596639, "ENV_Train_TotalLoss_epoch15": 749.0857349282194, "ENV_Train_Right action_epoch15": 0.8554774318902976, "ENV_Train_Probability to choose the right action_epoch15": 0.7932178220167989, "ENV_Train_Weighted right action_epoch15": 0.8554774318902976, "ENV_Train_Weighted probability to choose the right action:_epoch15": 0.7932178220167989, "ENV_Test_TotalLoss_epoch15": 206.27058416630615, "ENV_Test_Right action_epoch15": 0.813824, "ENV_Test_Probability to choose the right action_epoch15": 0.7733023206706484, "ENV_Test_Weighted right action_epoch15": 0.8524226801120178, "ENV_Test_Weighted probability to choose the right action:_epoch15": 0.8164617572588025, "ENV_Test_proba_accuracy_epoch15": 0.7733023206706481, "ENV_Test_proba_accuracy_strategy_132_epoch15": 0.8170290663796895, "ENV_Test_proba_accuracy_strategy_23_epoch15": 0.7701901538056592, "ENV_Test_proba_accuracy_strategy_107_epoch15": 0.8493582619894366, "ENV_Test_proba_accuracy_strategy_43_epoch15": 0.7796187051148885, "ENV_Test_proba_accuracy_strategy_17_epoch15": 0.7450698570884031, "ENV_Test_proba_accuracy_strategy_93_epoch15": 0.7828076528444056, "ENV_Test_proba_accuracy_per_mean_strategy_epoch15": 0.7906789495370804, "ENV_Test_proba_accuracy_per_mean_user_epoch15": 0.786780212525258, "ENV_Test_proba_accuracy_per_mean_user_and_bot_epoch15": 0.816461757258803, "ENV_Test_accuracy_epoch15": 0.813824, "ENV_Test_accuracy_strategy_132_epoch15": 0.8464589235127479, "ENV_Test_accuracy_strategy_23_epoch15": 0.811278074002262, "ENV_Test_accuracy_strategy_107_epoch15": 0.8899835796387521, "ENV_Test_accuracy_strategy_43_epoch15": 0.8142493638676844, "ENV_Test_accuracy_strategy_17_epoch15": 0.7908348457350273, "ENV_Test_accuracy_strategy_93_epoch15": 0.8253234750462107, "ENV_Test_accuracy_per_mean_strategy_epoch15": 0.8296880436337809, "ENV_Test_accuracy_per_mean_user_epoch15": 0.824602808549273, "ENV_Test_accuracy_per_mean_user_and_bot_epoch15": 0.8524226801120175, "ENV_Train_TotalLoss_epoch16": 741.5317170746191, "ENV_Train_Right action_epoch16": 0.8550900882011714, "ENV_Train_Probability to choose the right action_epoch16": 0.7960353966806925, "ENV_Train_Weighted right action_epoch16": 0.8550900882011714, "ENV_Train_Weighted probability to choose the right action:_epoch16": 0.7960353966806925, "ENV_Test_TotalLoss_epoch16": 207.08379552313247, "ENV_Test_Right action_epoch16": 0.815104, "ENV_Test_Probability to choose the right action_epoch16": 0.7680811894595865, "ENV_Test_Weighted right action_epoch16": 0.8535329658802869, "ENV_Test_Weighted probability to choose the right action:_epoch16": 0.8100719994738923, "ENV_Test_proba_accuracy_epoch16": 0.7680811894595867, "ENV_Test_proba_accuracy_strategy_132_epoch16": 0.8127403473746528, "ENV_Test_proba_accuracy_strategy_23_epoch16": 0.7687468461808237, "ENV_Test_proba_accuracy_strategy_107_epoch16": 0.8401674026464818, "ENV_Test_proba_accuracy_strategy_43_epoch16": 0.7693826796915965, "ENV_Test_proba_accuracy_strategy_17_epoch16": 0.7380397217216892, "ENV_Test_proba_accuracy_strategy_93_epoch16": 0.771346605490351, "ENV_Test_proba_accuracy_per_mean_strategy_epoch16": 0.7834039338509324, "ENV_Test_proba_accuracy_per_mean_user_epoch16": 0.7812160746593797, "ENV_Test_proba_accuracy_per_mean_user_and_bot_epoch16": 0.8100719994738924, "ENV_Test_accuracy_epoch16": 0.815104, "ENV_Test_accuracy_strategy_132_epoch16": 0.853257790368272, "ENV_Test_accuracy_strategy_23_epoch16": 0.8198416545483923, "ENV_Test_accuracy_strategy_107_epoch16": 0.8850574712643678, "ENV_Test_accuracy_strategy_43_epoch16": 0.80470737913486, "ENV_Test_accuracy_strategy_17_epoch16": 0.786524500907441, "ENV_Test_accuracy_strategy_93_epoch16": 0.8179297597042514, "ENV_Test_accuracy_per_mean_strategy_epoch16": 0.8278864259879309, "ENV_Test_accuracy_per_mean_user_epoch16": 0.8265647890479395, "ENV_Test_accuracy_per_mean_user_and_bot_epoch16": 0.8535329658802869, "ENV_Train_TotalLoss_epoch17": 729.9745346429228, "ENV_Train_Right action_epoch17": 0.8581053690993724, "ENV_Train_Probability to choose the right action_epoch17": 0.7992923518102797, "ENV_Train_Weighted right action_epoch17": 0.8581053690993724, "ENV_Train_Weighted probability to choose the right action:_epoch17": 0.7992923518102797, "ENV_Test_TotalLoss_epoch17": 209.7864676393774, "ENV_Test_Right action_epoch17": 0.819776, "ENV_Test_Probability to choose the right action_epoch17": 0.7783445995485067, "ENV_Test_Weighted right action_epoch17": 0.856024487558396, "ENV_Test_Weighted probability to choose the right action:_epoch17": 0.8194103904248111, "ENV_Test_proba_accuracy_epoch17": 0.7783445995485063, "ENV_Test_proba_accuracy_strategy_132_epoch17": 0.8196947358144606, "ENV_Test_proba_accuracy_strategy_23_epoch17": 0.7776212663647775, "ENV_Test_proba_accuracy_strategy_107_epoch17": 0.8474322312835155, "ENV_Test_proba_accuracy_strategy_43_epoch17": 0.7842890525858848, "ENV_Test_proba_accuracy_strategy_17_epoch17": 0.7507661274911883, "ENV_Test_proba_accuracy_strategy_93_epoch17": 0.779860843071582, "ENV_Test_proba_accuracy_per_mean_strategy_epoch17": 0.7932773761019014, "ENV_Test_proba_accuracy_per_mean_user_epoch17": 0.7910216925608671, "ENV_Test_proba_accuracy_per_mean_user_and_bot_epoch17": 0.8194103904248111, "ENV_Test_accuracy_epoch17": 0.819776, "ENV_Test_accuracy_strategy_132_epoch17": 0.8538243626062323, "ENV_Test_accuracy_strategy_23_epoch17": 0.8221037324285022, "ENV_Test_accuracy_strategy_107_epoch17": 0.8817733990147784, "ENV_Test_accuracy_strategy_43_epoch17": 0.8180661577608143, "ENV_Test_accuracy_strategy_17_epoch17": 0.7971869328493648, "ENV_Test_accuracy_strategy_93_epoch17": 0.8105360443622921, "ENV_Test_accuracy_per_mean_strategy_epoch17": 0.830581771503664, "ENV_Test_accuracy_per_mean_user_epoch17": 0.8308214575560168, "ENV_Test_accuracy_per_mean_user_and_bot_epoch17": 0.8560244875583962, "ENV_Train_TotalLoss_epoch18": 727.3889038690884, "ENV_Train_Right action_epoch18": 0.8580752459749553, "ENV_Train_Probability to choose the right action_epoch18": 0.8006557679788953, "ENV_Train_Weighted right action_epoch18": 0.8580752459749553, "ENV_Train_Weighted probability to choose the right action:_epoch18": 0.8006557679788953, "ENV_Test_TotalLoss_epoch18": 213.16251913206594, "ENV_Test_Right action_epoch18": 0.813376, "ENV_Test_Probability to choose the right action_epoch18": 0.77704132359746, "ENV_Test_Weighted right action_epoch18": 0.8524352065842231, "ENV_Test_Weighted probability to choose the right action:_epoch18": 0.8181904441435321, "ENV_Test_proba_accuracy_epoch18": 0.7770413235974589, "ENV_Test_proba_accuracy_strategy_132_epoch18": 0.8187332105267799, "ENV_Test_proba_accuracy_strategy_23_epoch18": 0.7786514411926375, "ENV_Test_proba_accuracy_strategy_107_epoch18": 0.8451675345407408, "ENV_Test_proba_accuracy_strategy_43_epoch18": 0.7827551430764468, "ENV_Test_proba_accuracy_strategy_17_epoch18": 0.745953157850052, "ENV_Test_proba_accuracy_strategy_93_epoch18": 0.7798273214739195, "ENV_Test_proba_accuracy_per_mean_strategy_epoch18": 0.7918479681100962, "ENV_Test_proba_accuracy_per_mean_user_epoch18": 0.7889450700737488, "ENV_Test_proba_accuracy_per_mean_user_and_bot_epoch18": 0.8181904441435317, "ENV_Test_accuracy_epoch18": 0.813376, "ENV_Test_accuracy_strategy_132_epoch18": 0.8447592067988668, "ENV_Test_accuracy_strategy_23_epoch18": 0.8183874616254645, "ENV_Test_accuracy_strategy_107_epoch18": 0.8784893267651889, "ENV_Test_accuracy_strategy_43_epoch18": 0.8187022900763359, "ENV_Test_accuracy_strategy_17_epoch18": 0.7810798548094374, "ENV_Test_accuracy_strategy_93_epoch18": 0.8207024029574861, "ENV_Test_accuracy_per_mean_strategy_epoch18": 0.8270200905054633, "ENV_Test_accuracy_per_mean_user_epoch18": 0.8235815693888711, "ENV_Test_accuracy_per_mean_user_and_bot_epoch18": 0.8524352065842221, "ENV_Train_TotalLoss_epoch19": 720.5662571380083, "ENV_Train_Right action_epoch19": 0.8623707017053397, "ENV_Train_Probability to choose the right action_epoch19": 0.803562568820945, "ENV_Train_Weighted right action_epoch19": 0.8623707017053397, "ENV_Train_Weighted probability to choose the right action:_epoch19": 0.803562568820945, "ENV_Test_TotalLoss_epoch19": 216.09143059712582, "ENV_Test_Right action_epoch19": 0.814016, "ENV_Test_Probability to choose the right action_epoch19": 0.7742260836365283, "ENV_Test_Weighted right action_epoch19": 0.8504949684902646, "ENV_Test_Weighted probability to choose the right action:_epoch19": 0.8127051325751892, "ENV_Test_proba_accuracy_epoch19": 0.7742260836365286, "ENV_Test_proba_accuracy_strategy_132_epoch19": 0.8146579353085095, "ENV_Test_proba_accuracy_strategy_23_epoch19": 0.7757363551766506, "ENV_Test_proba_accuracy_strategy_107_epoch19": 0.8375339907642643, "ENV_Test_proba_accuracy_strategy_43_epoch19": 0.7760525418299142, "ENV_Test_proba_accuracy_strategy_17_epoch19": 0.74594424655573, "ENV_Test_proba_accuracy_strategy_93_epoch19": 0.7765655858255354, "ENV_Test_proba_accuracy_per_mean_strategy_epoch19": 0.7877484425767673, "ENV_Test_proba_accuracy_per_mean_user_epoch19": 0.7864397626845863, "ENV_Test_proba_accuracy_per_mean_user_and_bot_epoch19": 0.8127051325751895, "ENV_Test_accuracy_epoch19": 0.814016, "ENV_Test_accuracy_strategy_132_epoch19": 0.8453257790368272, "ENV_Test_accuracy_strategy_23_epoch19": 0.8177411536597189, "ENV_Test_accuracy_strategy_107_epoch19": 0.8752052545155994, "ENV_Test_accuracy_strategy_43_epoch19": 0.8155216284987278, "ENV_Test_accuracy_strategy_17_epoch19": 0.7867513611615246, "ENV_Test_accuracy_strategy_93_epoch19": 0.8160813308687616, "ENV_Test_accuracy_per_mean_strategy_epoch19": 0.8261044179568597, "ENV_Test_accuracy_per_mean_user_epoch19": 0.8258106964323532, "ENV_Test_accuracy_per_mean_user_and_bot_epoch19": 0.8504949684902641, "ENV_Train_TotalLoss_epoch20": 711.1775961678146, "ENV_Train_Right action_epoch20": 0.8632126235167508, "ENV_Train_Probability to choose the right action_epoch20": 0.8056144628764998, "ENV_Train_Weighted right action_epoch20": 0.8632126235167508, "ENV_Train_Weighted probability to choose the right action:_epoch20": 0.8056144628764998, "ENV_Test_TotalLoss_epoch20": 214.80935293930273, "ENV_Test_Right action_epoch20": 0.812096, "ENV_Test_Probability to choose the right action_epoch20": 0.7761988646800844, "ENV_Test_Weighted right action_epoch20": 0.8500246366125024, "ENV_Test_Weighted probability to choose the right action:_epoch20": 0.81849128691551, "ENV_Test_proba_accuracy_epoch20": 0.7761988646800844, "ENV_Test_proba_accuracy_strategy_132_epoch20": 0.8185534633355959, "ENV_Test_proba_accuracy_strategy_23_epoch20": 0.7770951245559203, "ENV_Test_proba_accuracy_strategy_107_epoch20": 0.8437635236484942, "ENV_Test_proba_accuracy_strategy_43_epoch20": 0.7810153322164314, "ENV_Test_proba_accuracy_strategy_17_epoch20": 0.745771526813364, "ENV_Test_proba_accuracy_strategy_93_epoch20": 0.780914689115464, "ENV_Test_proba_accuracy_per_mean_strategy_epoch20": 0.7911856099475449, "ENV_Test_proba_accuracy_per_mean_user_epoch20": 0.7897317909003913, "ENV_Test_proba_accuracy_per_mean_user_and_bot_epoch20": 0.8184912869155098, "ENV_Test_accuracy_epoch20": 0.812096, "ENV_Test_accuracy_strategy_132_epoch20": 0.8453257790368272, "ENV_Test_accuracy_strategy_23_epoch20": 0.8172564226854095, "ENV_Test_accuracy_strategy_107_epoch20": 0.8735632183908046, "ENV_Test_accuracy_strategy_43_epoch20": 0.8097964376590331, "ENV_Test_accuracy_strategy_17_epoch20": 0.7838021778584392, "ENV_Test_accuracy_strategy_93_epoch20": 0.8123844731977818, "ENV_Test_accuracy_per_mean_strategy_epoch20": 0.8236880848047159, "ENV_Test_accuracy_per_mean_user_epoch20": 0.824288784386117, "ENV_Test_accuracy_per_mean_user_and_bot_epoch20": 0.8500246366125025, "ENV_Train_TotalLoss_epoch21": 701.872660720091, "ENV_Train_Right action_epoch21": 0.8643058777495178, "ENV_Train_Probability to choose the right action_epoch21": 0.807987747860904, "ENV_Train_Weighted right action_epoch21": 0.8643058777495178, "ENV_Train_Weighted probability to choose the right action:_epoch21": 0.807987747860904, "ENV_Test_TotalLoss_epoch21": 219.18538295677115, "ENV_Test_Right action_epoch21": 0.813056, "ENV_Test_Probability to choose the right action_epoch21": 0.7775664054075121, "ENV_Test_Weighted right action_epoch21": 0.8500783160384928, "ENV_Test_Weighted probability to choose the right action:_epoch21": 0.8183440492654944, "ENV_Test_proba_accuracy_epoch21": 0.7775664054075123, "ENV_Test_proba_accuracy_strategy_132_epoch21": 0.8162497548690745, "ENV_Test_proba_accuracy_strategy_23_epoch21": 0.7799002294437871, "ENV_Test_proba_accuracy_strategy_107_epoch21": 0.8480439631763251, "ENV_Test_proba_accuracy_strategy_43_epoch21": 0.7849109081448407, "ENV_Test_proba_accuracy_strategy_17_epoch21": 0.7457390866811476, "ENV_Test_proba_accuracy_strategy_93_epoch21": 0.7804391237082208, "ENV_Test_proba_accuracy_per_mean_strategy_epoch21": 0.7925471776705658, "ENV_Test_proba_accuracy_per_mean_user_epoch21": 0.7896574908530039, "ENV_Test_proba_accuracy_per_mean_user_and_bot_epoch21": 0.8183440492654945, "ENV_Test_accuracy_epoch21": 0.813056, "ENV_Test_accuracy_strategy_132_epoch21": 0.8413597733711048, "ENV_Test_accuracy_strategy_23_epoch21": 0.8177411536597189, "ENV_Test_accuracy_strategy_107_epoch21": 0.8735632183908046, "ENV_Test_accuracy_strategy_43_epoch21": 0.816793893129771, "ENV_Test_accuracy_strategy_17_epoch21": 0.786070780399274, "ENV_Test_accuracy_strategy_93_epoch21": 0.8105360443622921, "ENV_Test_accuracy_per_mean_strategy_epoch21": 0.8243441438854942, "ENV_Test_accuracy_per_mean_user_epoch21": 0.824719958830477, "ENV_Test_accuracy_per_mean_user_and_bot_epoch21": 0.8500783160384924, "ENV_Train_TotalLoss_epoch22": 696.9801275559545, "ENV_Train_Right action_epoch22": 0.8654477851861171, "ENV_Train_Probability to choose the right action_epoch22": 0.8096290701730741, "ENV_Train_Weighted right action_epoch22": 0.8654477851861171, "ENV_Train_Weighted probability to choose the right action:_epoch22": 0.8096290701730741, "ENV_Test_TotalLoss_epoch22": 216.35981870761063, "ENV_Test_Right action_epoch22": 0.812352, "ENV_Test_Probability to choose the right action_epoch22": 0.7734212123906844, "ENV_Test_Weighted right action_epoch22": 0.847822956824495, "ENV_Test_Weighted probability to choose the right action:_epoch22": 0.8103228799653472, "ENV_Test_proba_accuracy_epoch22": 0.7734212123906847, "ENV_Test_proba_accuracy_strategy_132_epoch22": 0.8147751975921834, "ENV_Test_proba_accuracy_strategy_23_epoch22": 0.7738963466130566, "ENV_Test_proba_accuracy_strategy_107_epoch22": 0.8378431600451672, "ENV_Test_proba_accuracy_strategy_43_epoch22": 0.7743804879505383, "ENV_Test_proba_accuracy_strategy_17_epoch22": 0.7457699593971131, "ENV_Test_proba_accuracy_strategy_93_epoch22": 0.7782413476135033, "ENV_Test_proba_accuracy_per_mean_strategy_epoch22": 0.7874844165352602, "ENV_Test_proba_accuracy_per_mean_user_epoch22": 0.7841687357629318, "ENV_Test_proba_accuracy_per_mean_user_and_bot_epoch22": 0.8103228799653488, "ENV_Test_accuracy_epoch22": 0.812352, "ENV_Test_accuracy_strategy_132_epoch22": 0.8555240793201133, "ENV_Test_accuracy_strategy_23_epoch22": 0.8125706899337535, "ENV_Test_accuracy_strategy_107_epoch22": 0.8735632183908046, "ENV_Test_accuracy_strategy_43_epoch22": 0.8078880407124682, "ENV_Test_accuracy_strategy_17_epoch22": 0.786524500907441, "ENV_Test_accuracy_strategy_93_epoch22": 0.8179297597042514, "ENV_Test_accuracy_per_mean_strategy_epoch22": 0.8256667148281386, "ENV_Test_accuracy_per_mean_user_epoch22": 0.8221452748262851, "ENV_Test_accuracy_per_mean_user_and_bot_epoch22": 0.8478229568244943, "ENV_Train_TotalLoss_epoch23": 690.0848568881377, "ENV_Train_Right action_epoch23": 0.8683614713774598, "ENV_Train_Probability to choose the right action_epoch23": 0.8118641528844069, "ENV_Train_Weighted right action_epoch23": 0.8683614713774598, "ENV_Train_Weighted probability to choose the right action:_epoch23": 0.8118641528844069, "ENV_Test_TotalLoss_epoch23": 218.50702788977205, "ENV_Test_Right action_epoch23": 0.8112, "ENV_Test_Probability to choose the right action_epoch23": 0.7777874483963149, "ENV_Test_Weighted right action_epoch23": 0.8515158657383419, "ENV_Test_Weighted probability to choose the right action:_epoch23": 0.8187306998553565, "ENV_Test_proba_accuracy_epoch23": 0.7777874483963144, "ENV_Test_proba_accuracy_strategy_132_epoch23": 0.8211516172100048, "ENV_Test_proba_accuracy_strategy_23_epoch23": 0.7750582909240793, "ENV_Test_proba_accuracy_strategy_107_epoch23": 0.8486020085815793, "ENV_Test_proba_accuracy_strategy_43_epoch23": 0.7849424916681287, "ENV_Test_proba_accuracy_strategy_17_epoch23": 0.7528151686306886, "ENV_Test_proba_accuracy_strategy_93_epoch23": 0.7741432817329682, "ENV_Test_proba_accuracy_per_mean_strategy_epoch23": 0.7927854764579082, "ENV_Test_proba_accuracy_per_mean_user_epoch23": 0.7907409614347054, "ENV_Test_proba_accuracy_per_mean_user_and_bot_epoch23": 0.8187306998553567, "ENV_Test_accuracy_epoch23": 0.8112, "ENV_Test_accuracy_strategy_132_epoch23": 0.8521246458923513, "ENV_Test_accuracy_strategy_23_epoch23": 0.8082081111649702, "ENV_Test_accuracy_strategy_107_epoch23": 0.8817733990147784, "ENV_Test_accuracy_strategy_43_epoch23": 0.806615776081425, "ENV_Test_accuracy_strategy_17_epoch23": 0.7924228675136116, "ENV_Test_accuracy_strategy_93_epoch23": 0.8049907578558225, "ENV_Test_accuracy_per_mean_strategy_epoch23": 0.8243559262538264, "ENV_Test_accuracy_per_mean_user_epoch23": 0.822803487018744, "ENV_Test_accuracy_per_mean_user_and_bot_epoch23": 0.8515158657383419, "ENV_Train_TotalLoss_epoch24": 684.4494048801063, "ENV_Train_Right action_epoch24": 0.8684081792388221, "ENV_Train_Probability to choose the right action_epoch24": 0.8139605636467813, "ENV_Train_Weighted right action_epoch24": 0.8684081792388221, "ENV_Train_Weighted probability to choose the right action:_epoch24": 0.8139605636467813, "ENV_Test_TotalLoss_epoch24": 222.60753550629616, "ENV_Test_Right action_epoch24": 0.812928, "ENV_Test_Probability to choose the right action_epoch24": 0.780920539420391, "ENV_Test_Weighted right action_epoch24": 0.8477475766836309, "ENV_Test_Weighted probability to choose the right action:_epoch24": 0.8200384832078573, "ENV_Test_proba_accuracy_epoch24": 0.7809205394203914, "ENV_Test_proba_accuracy_strategy_132_epoch24": 0.8200500427826318, "ENV_Test_proba_accuracy_strategy_23_epoch24": 0.7819150064163343, "ENV_Test_proba_accuracy_strategy_107_epoch24": 0.8469816772187713, "ENV_Test_proba_accuracy_strategy_43_epoch24": 0.7864523969932713, "ENV_Test_proba_accuracy_strategy_17_epoch24": 0.7522577484156725, "ENV_Test_proba_accuracy_strategy_93_epoch24": 0.782953755735342, "ENV_Test_proba_accuracy_per_mean_strategy_epoch24": 0.7951017712603372, "ENV_Test_proba_accuracy_per_mean_user_epoch24": 0.7927298942773565, "ENV_Test_proba_accuracy_per_mean_user_and_bot_epoch24": 0.8200384832078558, "ENV_Test_accuracy_epoch24": 0.812928, "ENV_Test_accuracy_strategy_132_epoch24": 0.8441926345609065, "ENV_Test_accuracy_strategy_23_epoch24": 0.8158022297624818, "ENV_Test_accuracy_strategy_107_epoch24": 0.8686371100164204, "ENV_Test_accuracy_strategy_43_epoch24": 0.8129770992366412, "ENV_Test_accuracy_strategy_17_epoch24": 0.787431941923775, "ENV_Test_accuracy_strategy_93_epoch24": 0.8179297597042514, "ENV_Test_accuracy_per_mean_strategy_epoch24": 0.824495129200746, "ENV_Test_accuracy_per_mean_user_epoch24": 0.8226621167382133, "ENV_Test_accuracy_per_mean_user_and_bot_epoch24": 0.8477475766836305, "_wandb": {"runtime": 2001}}